tank_id,forecast_date,t+1,t+2,t+3,t+4,t+5,t+6,t+7,primary_risk,classifier_risk,agreement,prob_drought,prob_normal,prob_overflow,drought_duration_days,overflow_duration_days,confidence,days_gap
1,2025-03-01,23.81,23.82,23.84,23.78,23.81,23.88,23.89,normal,normal,True,0.349,0.392,0.259,0,0,0.29,10
1,2025-03-02,24.73,24.8,24.88,24.85,24.9,24.99,24.98,normal,drought,False,0.465,0.322,0.213,0,0,0.29,10
1,2025-03-03,24.36,24.4,24.47,24.42,24.46,24.53,24.55,normal,drought,False,0.512,0.291,0.198,0,0,0.29,10
1,2025-03-04,24.69,24.74,24.81,24.76,24.8,24.86,24.88,normal,drought,False,0.486,0.308,0.206,0,0,0.29,10
1,2025-03-05,24.74,24.86,24.98,24.97,25.03,25.08,25.11,normal,drought,False,0.506,0.293,0.202,0,0,0.29,10
1,2025-03-06,24.85,24.86,24.91,24.84,24.86,24.89,24.93,normal,drought,False,0.574,0.261,0.165,0,0,0.29,10
1,2025-03-07,24.59,24.6,24.64,24.57,24.59,24.61,24.67,normal,drought,False,0.565,0.267,0.169,0,0,0.29,10
1,2025-03-08,17.33,17.16,17.06,16.94,16.96,17.01,17.12,normal,drought,False,0.547,0.274,0.178,0,0,0.57,6
1,2025-03-09,16.79,16.61,16.52,16.41,16.42,16.47,16.59,normal,drought,False,0.547,0.269,0.184,0,0,0.57,6
1,2025-03-10,18.21,18.17,18.22,18.14,18.2,18.27,18.39,normal,drought,False,0.564,0.247,0.189,0,0,0.29,10
1,2025-03-11,18.28,18.3,18.38,18.34,18.42,18.53,18.61,normal,drought,False,0.584,0.245,0.171,0,0,0.29,10
1,2025-03-12,19.29,19.47,19.68,19.73,19.86,20.03,20.07,normal,drought,False,0.578,0.236,0.186,0,0,0.29,10
1,2025-03-13,17.4,17.32,17.34,17.25,17.29,17.38,17.48,normal,drought,False,0.513,0.27,0.216,0,0,0.29,10
1,2025-03-14,17.46,17.37,17.38,17.28,17.33,17.4,17.5,normal,drought,False,0.534,0.263,0.204,0,0,0.29,10
1,2025-03-15,18.53,18.65,18.81,18.81,18.91,19.01,19.12,normal,drought,False,0.572,0.258,0.17,0,0,0.29,10
1,2025-03-16,19.81,19.99,20.19,20.24,20.36,20.47,20.56,normal,drought,False,0.592,0.242,0.166,0,0,0.29,10
1,2025-03-17,19.11,19.34,19.6,19.67,19.82,19.97,20.05,normal,drought,False,0.56,0.253,0.186,0,0,0.29,10
1,2025-03-18,19.07,19.19,19.39,19.4,19.52,19.64,19.73,normal,drought,False,0.491,0.306,0.203,0,0,0.29,10
1,2025-03-19,17.76,17.69,17.7,17.61,17.66,17.73,17.83,normal,drought,False,0.595,0.247,0.158,0,0,0.29,10
1,2025-03-20,24.68,24.73,24.83,24.77,24.81,24.87,24.89,normal,drought,False,0.613,0.246,0.141,0,0,0.57,6
1,2025-03-21,25.07,25.24,25.41,25.41,25.47,25.53,25.55,normal,drought,False,0.575,0.262,0.162,0,0,0.57,6
1,2025-03-22,24.27,24.25,24.25,24.16,24.16,24.17,24.23,normal,drought,False,0.507,0.307,0.187,0,0,0.29,10
1,2025-03-23,23.97,24.03,24.11,24.06,24.08,24.13,24.16,normal,drought,False,0.623,0.226,0.15,0,0,0.29,10
1,2025-03-24,23.97,23.96,23.97,23.88,23.88,23.89,23.95,normal,drought,False,0.597,0.24,0.163,0,0,0.29,10
1,2025-03-25,23.62,23.58,23.57,23.47,23.47,23.48,23.55,normal,drought,False,0.636,0.223,0.141,0,0,0.29,10
1,2025-03-26,23.68,23.69,23.72,23.65,23.66,23.68,23.74,normal,drought,False,0.628,0.219,0.153,0,0,0.29,10
1,2025-03-27,23.49,23.46,23.46,23.37,23.37,23.39,23.45,normal,drought,False,0.633,0.218,0.148,0,0,0.29,10
1,2025-03-28,23.41,23.39,23.4,23.32,23.32,23.34,23.41,normal,drought,False,0.605,0.228,0.166,0,0,0.29,10
1,2025-03-29,23.32,23.33,23.36,23.29,23.29,23.31,23.37,normal,drought,False,0.632,0.215,0.154,0,0,0.29,10
1,2025-03-30,23.54,23.55,23.58,23.5,23.5,23.5,23.58,normal,drought,False,0.602,0.222,0.176,0,0,0.29,10
1,2025-03-31,23.4,23.41,23.46,23.38,23.38,23.39,23.48,normal,drought,False,0.628,0.217,0.155,0,0,0.29,10
1,2025-04-01,19.5,19.43,19.41,19.31,19.31,19.34,19.44,normal,drought,False,0.602,0.22,0.178,0,0,0.57,6
1,2025-04-02,19.84,19.83,19.85,19.79,19.81,19.88,19.95,normal,drought,False,0.629,0.211,0.161,0,0,0.57,6
1,2025-04-03,20.18,20.21,20.3,20.25,20.3,20.39,20.47,normal,drought,False,0.636,0.201,0.163,0,0,0.29,10
1,2025-04-04,21.18,21.3,21.48,21.49,21.58,21.71,21.76,normal,drought,False,0.625,0.205,0.17,0,0,0.29,10
1,2025-04-05,21.45,21.61,21.83,21.86,21.97,22.11,22.15,normal,drought,False,0.582,0.211,0.208,0,0,0.29,10
1,2025-04-06,21.23,21.25,21.36,21.31,21.38,21.48,21.53,normal,drought,False,0.608,0.217,0.175,0,0,0.29,10
1,2025-04-07,22.34,22.53,22.77,22.82,22.94,23.04,23.09,normal,drought,False,0.586,0.221,0.193,0,0,0.29,10
1,2025-04-08,22.3,22.43,22.6,22.61,22.7,22.78,22.84,normal,drought,False,0.598,0.222,0.18,0,0,0.29,10
1,2025-04-09,21.73,21.71,21.76,21.68,21.74,21.79,21.85,normal,drought,False,0.601,0.221,0.178,0,0,0.29,10
1,2025-04-10,21.24,21.23,21.28,21.21,21.27,21.32,21.4,normal,drought,False,0.644,0.219,0.137,0,0,0.29,10
1,2025-04-11,21.32,21.3,21.3,21.22,21.28,21.34,21.41,normal,drought,False,0.642,0.216,0.142,0,0,0.29,10
1,2025-04-12,20.24,20.15,20.09,19.98,20.01,20.05,20.13,normal,drought,False,0.651,0.215,0.133,0,0,0.29,10
1,2025-04-13,18.41,18.29,18.23,18.12,18.15,18.2,18.31,normal,drought,False,0.641,0.217,0.142,0,0,0.57,6
1,2025-04-14,18.62,18.57,18.57,18.48,18.52,18.58,18.68,normal,drought,False,0.672,0.206,0.121,0,0,0.57,6
1,2025-04-15,19.46,19.51,19.59,19.56,19.63,19.71,19.8,normal,drought,False,0.677,0.207,0.116,0,0,0.29,10
1,2025-04-16,18.78,18.8,18.89,18.84,18.9,18.98,19.08,normal,drought,False,0.669,0.209,0.122,0,0,0.29,10
1,2025-04-17,18.79,18.79,18.86,18.79,18.85,18.92,19.02,normal,drought,False,0.62,0.213,0.168,0,0,0.29,10
1,2025-04-18,18.8,18.81,18.87,18.81,18.86,18.92,19.03,normal,drought,False,0.624,0.224,0.152,0,0,0.29,10
1,2025-04-19,18.71,18.68,18.71,18.63,18.67,18.72,18.83,normal,drought,False,0.619,0.238,0.143,0,0,0.29,10
1,2025-04-20,18.63,18.61,18.66,18.58,18.62,18.68,18.79,normal,drought,False,0.632,0.225,0.143,0,0,0.29,10
1,2025-04-21,18.48,18.45,18.5,18.42,18.45,18.5,18.62,normal,drought,False,0.618,0.226,0.156,0,0,0.29,10
1,2025-04-22,18.81,18.82,18.9,18.84,18.89,18.96,19.07,normal,drought,False,0.628,0.224,0.148,0,0,0.29,10
1,2025-04-23,18.86,18.88,18.97,18.92,18.98,19.06,19.16,normal,drought,False,0.634,0.224,0.142,0,0,0.29,10
1,2025-04-24,18.54,18.53,18.59,18.52,18.56,18.64,18.73,normal,drought,False,0.631,0.216,0.153,0,0,0.29,10
1,2025-04-25,15.15,15.07,15.09,15.01,15.05,15.13,15.25,normal,drought,False,0.626,0.219,0.155,0,0,0.57,6
1,2025-04-26,15.31,15.26,15.29,15.23,15.27,15.37,15.49,normal,drought,False,0.634,0.221,0.145,0,0,0.57,6
1,2025-04-27,16.21,16.25,16.37,16.34,16.43,16.54,16.66,normal,drought,False,0.634,0.219,0.147,0,0,0.29,10
1,2025-04-28,16.54,16.64,16.81,16.81,16.92,17.05,17.16,normal,drought,False,0.63,0.22,0.151,0,0,0.29,10
1,2025-04-29,16.7,16.8,16.98,16.98,17.1,17.23,17.34,normal,drought,False,0.62,0.224,0.155,0,0,0.29,10
1,2025-04-30,17.0,17.09,17.26,17.26,17.39,17.53,17.62,normal,drought,False,0.638,0.224,0.138,0,0,0.29,10
1,2025-05-01,17.46,17.62,17.83,17.88,18.03,18.2,18.28,normal,drought,False,0.639,0.219,0.142,0,0,0.29,10
1,2025-05-02,16.21,16.16,16.21,16.15,16.22,16.32,16.42,normal,drought,False,0.648,0.22,0.132,0,0,0.29,10
1,2025-05-03,16.37,16.33,16.38,16.33,16.41,16.5,16.61,normal,drought,False,0.644,0.223,0.133,0,0,0.29,10
1,2025-05-04,16.66,16.7,16.8,16.78,16.87,16.98,17.09,normal,drought,False,0.66,0.222,0.118,0,0,0.29,10
1,2025-05-05,16.14,16.08,16.1,16.03,16.08,16.17,16.29,normal,drought,False,0.647,0.226,0.127,0,0,0.29,10
1,2025-05-06,17.45,17.61,17.83,17.86,17.99,18.1,18.23,normal,drought,False,0.638,0.23,0.133,0,0,0.29,10
1,2025-05-07,20.17,20.36,20.6,20.63,20.74,20.85,20.95,normal,drought,False,0.649,0.224,0.126,0,0,0.57,6
1,2025-05-08,19.56,19.57,19.64,19.58,19.64,19.72,19.81,normal,drought,False,0.678,0.213,0.108,0,0,0.57,6
1,2025-05-09,18.82,18.8,18.85,18.78,18.83,18.9,19.0,normal,drought,False,0.659,0.217,0.124,0,0,0.29,10
1,2025-05-10,18.94,18.9,18.91,18.83,18.86,18.91,19.01,normal,drought,False,0.649,0.219,0.132,0,0,0.29,10
1,2025-05-11,19.22,19.22,19.27,19.2,19.25,19.3,19.41,normal,drought,False,0.649,0.221,0.13,0,0,0.29,10
1,2025-05-12,18.67,18.66,18.72,18.64,18.68,18.74,18.85,normal,drought,False,0.648,0.224,0.128,0,0,0.29,10
1,2025-05-13,18.48,18.44,18.48,18.4,18.42,18.47,18.58,normal,drought,False,0.611,0.226,0.164,0,0,0.29,10
1,2025-05-14,18.3,18.27,18.31,18.22,18.25,18.31,18.43,normal,drought,False,0.61,0.23,0.159,0,0,0.29,10
1,2025-05-15,18.36,18.32,18.35,18.25,18.28,18.33,18.44,normal,drought,False,0.624,0.224,0.152,0,0,0.29,10
1,2025-05-16,18.44,18.43,18.47,18.4,18.42,18.47,18.59,normal,drought,False,0.633,0.219,0.148,0,0,0.29,10
1,2025-05-17,18.39,18.39,18.46,18.39,18.43,18.49,18.61,normal,drought,False,0.617,0.223,0.159,0,0,0.29,10
1,2025-05-18,19.12,19.22,19.38,19.39,19.48,19.61,19.68,normal,drought,False,0.63,0.224,0.146,0,0,0.29,10
1,2025-05-19,8.93,8.79,8.81,8.8,8.87,9.03,9.21,drought,drought,True,0.623,0.218,0.159,7,0,0.57,6
1,2025-05-20,8.31,8.18,8.19,8.21,8.29,8.46,8.63,drought,drought,True,0.609,0.216,0.175,7,0,0.57,6
1,2025-05-21,10.36,10.31,10.37,10.33,10.4,10.53,10.69,drought,drought,True,0.609,0.222,0.169,7,0,0.29,10
1,2025-05-22,11.0,11.03,11.11,11.11,11.2,11.35,11.48,normal,drought,False,0.615,0.237,0.148,0,0,0.29,10
1,2025-05-23,11.28,11.4,11.56,11.6,11.71,11.86,12.03,normal,drought,False,0.609,0.235,0.156,0,0,0.29,10
1,2025-05-24,11.32,11.39,11.51,11.52,11.62,11.75,11.91,normal,drought,False,0.582,0.238,0.18,0,0,0.29,10
1,2025-05-25,11.17,11.23,11.37,11.38,11.49,11.64,11.79,normal,drought,False,0.617,0.233,0.15,0,0,0.29,10
1,2025-05-26,10.59,10.54,10.57,10.53,10.6,10.74,10.86,drought,drought,True,0.625,0.243,0.132,7,0,0.29,10
1,2025-05-27,10.37,10.26,10.26,10.2,10.24,10.35,10.5,drought,drought,True,0.628,0.232,0.14,7,0,0.29,10
1,2025-05-28,10.58,10.53,10.57,10.54,10.61,10.74,10.88,drought,drought,True,0.608,0.231,0.161,7,0,0.29,10
1,2025-05-29,10.65,10.61,10.66,10.62,10.68,10.78,10.96,drought,drought,True,0.615,0.237,0.148,6,0,0.29,10
1,2025-05-30,10.99,11.03,11.16,11.16,11.24,11.36,11.54,normal,drought,False,0.605,0.242,0.153,0,0,0.29,10
1,2025-05-31,14.34,14.6,14.91,15.0,15.16,15.32,15.48,normal,drought,False,0.633,0.226,0.14,0,0,0.57,6
1,2025-06-01,13.48,13.49,13.6,13.55,13.63,13.76,13.89,normal,drought,False,0.616,0.232,0.152,0,0,0.57,6
1,2025-06-02,12.88,12.85,12.92,12.87,12.93,13.04,13.19,normal,drought,False,0.633,0.22,0.147,0,0,0.29,10
1,2025-06-03,12.99,12.97,13.07,13.03,13.09,13.2,13.36,normal,drought,False,0.62,0.223,0.157,0,0,0.29,10
1,2025-06-04,13.41,13.39,13.46,13.42,13.48,13.59,13.74,normal,drought,False,0.627,0.231,0.142,0,0,0.29,10
1,2025-06-05,13.29,13.32,13.46,13.44,13.53,13.64,13.81,normal,drought,False,0.63,0.227,0.143,0,0,0.29,10
1,2025-06-06,13.0,12.96,13.05,12.99,13.06,13.17,13.32,normal,drought,False,0.605,0.226,0.169,0,0,0.29,10
1,2025-06-07,12.85,12.79,12.86,12.8,12.85,12.95,13.11,normal,drought,False,0.595,0.218,0.188,0,0,0.29,10
1,2025-06-08,12.86,12.79,12.85,12.79,12.84,12.94,13.11,normal,drought,False,0.629,0.222,0.149,0,0,0.29,10
1,2025-06-09,12.91,12.86,12.93,12.87,12.93,13.02,13.19,normal,drought,False,0.632,0.214,0.154,0,0,0.29,10
1,2025-06-10,13.09,13.07,13.18,13.13,13.2,13.3,13.48,normal,drought,False,0.597,0.227,0.176,0,0,0.29,10
1,2025-06-11,13.42,13.47,13.64,13.64,13.74,13.88,14.03,normal,drought,False,0.607,0.212,0.181,0,0,0.29,10
1,2025-06-12,12.44,12.44,12.56,12.55,12.64,12.79,12.93,normal,drought,False,0.635,0.201,0.164,0,0,0.57,6
1,2025-06-13,12.09,12.02,12.1,12.04,12.1,12.22,12.38,normal,drought,False,0.62,0.202,0.179,0,0,0.57,6
1,2025-06-14,12.4,12.37,12.46,12.42,12.5,12.62,12.78,normal,drought,False,0.626,0.204,0.17,0,0,0.29,10
1,2025-06-15,13.49,13.64,13.84,13.89,14.04,14.21,14.33,normal,drought,False,0.638,0.211,0.151,0,0,0.29,10
1,2025-06-16,13.21,13.32,13.5,13.53,13.67,13.84,13.96,normal,drought,False,0.633,0.206,0.161,0,0,0.29,10
1,2025-06-17,12.93,12.99,13.13,13.14,13.27,13.44,13.54,normal,drought,False,0.617,0.207,0.176,0,0,0.29,10
1,2025-06-18,12.61,12.62,12.72,12.71,12.82,12.97,13.08,normal,drought,False,0.625,0.207,0.168,0,0,0.29,10
1,2025-06-19,12.47,12.38,12.38,12.32,12.38,12.49,12.63,normal,drought,False,0.645,0.219,0.136,0,0,0.29,10
1,2025-06-20,13.0,13.03,13.11,13.11,13.2,13.31,13.46,normal,drought,False,0.639,0.218,0.143,0,0,0.29,10
1,2025-06-21,13.55,13.69,13.86,13.9,14.03,14.16,14.31,normal,drought,False,0.616,0.227,0.158,0,0,0.29,10
1,2025-06-22,13.04,13.09,13.22,13.21,13.3,13.43,13.58,normal,drought,False,0.622,0.225,0.152,0,0,0.29,10
1,2025-06-23,12.44,12.39,12.47,12.42,12.48,12.59,12.75,normal,drought,False,0.647,0.216,0.137,0,0,0.29,10
1,2025-06-24,9.77,9.65,9.67,9.61,9.66,9.77,9.95,drought,drought,True,0.638,0.219,0.143,7,0,0.57,6
1,2025-06-25,9.64,9.51,9.52,9.45,9.48,9.58,9.77,drought,drought,True,0.632,0.219,0.149,7,0,0.57,6
1,2025-06-26,10.16,10.1,10.15,10.11,10.16,10.28,10.45,drought,drought,True,0.642,0.22,0.137,7,0,0.29,10
1,2025-06-27,10.24,10.23,10.34,10.32,10.39,10.52,10.7,drought,drought,True,0.61,0.213,0.177,7,0,0.29,10
1,2025-06-28,9.92,9.84,9.89,9.83,9.87,9.98,10.16,drought,drought,True,0.593,0.22,0.187,7,0,0.29,10
1,2025-06-29,10.02,9.97,10.04,10.0,10.06,10.19,10.35,drought,drought,True,0.632,0.209,0.159,7,0,0.29,10
1,2025-06-30,10.06,10.02,10.1,10.05,10.11,10.23,10.41,drought,drought,True,0.624,0.215,0.161,7,0,0.29,10
1,2025-07-01,10.15,10.09,10.15,10.1,10.14,10.25,10.44,drought,drought,True,0.603,0.216,0.181,7,0,0.29,10
1,2025-07-02,10.51,10.53,10.67,10.65,10.72,10.84,11.05,drought,drought,True,0.594,0.214,0.192,6,0,0.29,10
1,2025-07-03,10.49,10.5,10.62,10.59,10.67,10.78,10.98,drought,drought,True,0.597,0.219,0.184,6,0,0.29,10
1,2025-07-04,10.27,10.22,10.31,10.26,10.31,10.42,10.62,drought,drought,True,0.602,0.213,0.185,7,0,0.29,10
1,2025-07-05,10.34,10.31,10.41,10.36,10.42,10.52,10.73,drought,drought,True,0.584,0.21,0.206,7,0,0.29,10
1,2025-07-06,11.07,11.04,11.12,11.07,11.12,11.22,11.42,normal,drought,False,0.581,0.207,0.212,0,0,0.57,6
1,2025-07-07,11.27,11.24,11.34,11.29,11.34,11.45,11.64,normal,drought,False,0.586,0.212,0.202,0,0,0.57,6
1,2025-07-08,11.04,11.01,11.12,11.06,11.12,11.21,11.43,normal,drought,False,0.57,0.211,0.219,0,0,0.29,10
1,2025-07-09,11.06,11.03,11.14,11.09,11.15,11.24,11.45,normal,drought,False,0.545,0.207,0.249,0,0,0.29,10
1,2025-07-10,11.03,11.0,11.11,11.05,11.1,11.2,11.41,normal,drought,False,0.54,0.212,0.248,0,0,0.29,10
1,2025-07-11,11.29,11.3,11.43,11.4,11.47,11.58,11.78,normal,drought,False,0.576,0.207,0.217,0,0,0.29,10
1,2025-07-12,10.94,10.91,11.01,10.95,11.01,11.1,11.31,normal,drought,False,0.54,0.21,0.25,1,0,0.29,10
1,2025-07-13,10.94,10.9,10.98,10.92,10.98,11.07,11.27,normal,drought,False,0.497,0.215,0.288,1,0,0.29,10
1,2025-07-14,10.73,10.67,10.75,10.69,10.73,10.82,11.03,drought,drought,True,0.507,0.215,0.278,6,0,0.29,10
1,2025-07-15,10.93,10.86,10.93,10.88,10.93,11.02,11.22,normal,drought,False,0.513,0.218,0.269,2,0,0.29,10
1,2025-07-16,10.8,10.74,10.84,10.78,10.83,10.93,11.14,drought,drought,True,0.484,0.221,0.295,5,0,0.29,10
1,2025-07-17,10.96,10.93,11.03,10.99,11.07,11.19,11.37,normal,drought,False,0.521,0.216,0.263,0,0,0.29,10
1,2025-07-18,2.38,2.25,2.33,2.41,2.52,2.7,2.9,drought,drought,True,0.532,0.212,0.256,7,0,0.57,6
1,2025-07-19,2.09,1.98,2.06,2.16,2.27,2.45,2.66,drought,drought,True,0.558,0.214,0.228,7,0,0.57,6
1,2025-07-20,1.7,1.65,1.68,1.73,1.82,1.96,2.11,drought,drought,True,0.503,0.217,0.28,7,0,0.29,10
1,2025-07-21,1.81,1.79,1.83,1.9,2.02,2.18,2.31,drought,drought,True,0.572,0.22,0.208,7,0,0.29,10
1,2025-07-22,1.67,1.63,1.66,1.72,1.83,1.99,2.13,drought,drought,True,0.563,0.21,0.227,7,0,0.29,10
1,2025-07-23,1.76,1.73,1.77,1.85,1.97,2.13,2.26,drought,drought,True,0.591,0.213,0.196,7,0,0.29,10
1,2025-07-24,1.72,1.71,1.76,1.85,1.97,2.13,2.26,drought,drought,True,0.566,0.208,0.225,7,0,0.29,10
1,2025-07-25,1.99,2.0,2.05,2.15,2.27,2.43,2.57,drought,drought,True,0.624,0.214,0.162,7,0,0.29,10
1,2025-07-26,1.94,1.95,2.0,2.1,2.22,2.37,2.52,drought,drought,True,0.595,0.212,0.192,7,0,0.29,10
1,2025-07-27,1.93,1.92,1.97,2.06,2.18,2.34,2.48,drought,drought,True,0.623,0.21,0.167,7,0,0.29,10
1,2025-07-28,2.1,2.09,2.13,2.21,2.31,2.45,2.6,drought,drought,True,0.584,0.215,0.2,7,0,0.29,10
1,2025-07-29,2.04,2.01,2.05,2.12,2.22,2.35,2.51,drought,drought,True,0.633,0.208,0.158,7,0,0.29,10
1,2025-07-30,7.14,7.18,7.29,7.3,7.36,7.47,7.67,drought,drought,True,0.61,0.213,0.177,7,0,0.57,6
1,2025-07-31,7.37,7.39,7.48,7.49,7.54,7.66,7.84,drought,drought,True,0.632,0.212,0.156,7,0,0.57,6
1,2025-08-01,6.42,6.32,6.34,6.32,6.34,6.47,6.66,drought,drought,True,0.61,0.207,0.183,7,0,0.29,10
1,2025-08-02,6.55,6.47,6.5,6.49,6.53,6.69,6.85,drought,drought,True,0.628,0.205,0.168,7,0,0.29,10
1,2025-08-03,6.1,5.99,5.99,5.99,6.03,6.2,6.34,drought,drought,True,0.617,0.206,0.177,7,0,0.29,10
1,2025-08-04,5.91,5.8,5.8,5.8,5.85,6.03,6.16,drought,drought,True,0.639,0.204,0.157,7,0,0.29,10
1,2025-08-05,6.3,6.22,6.25,6.27,6.32,6.48,6.65,drought,drought,True,0.593,0.209,0.199,7,0,0.29,10
1,2025-08-06,6.11,6.02,6.03,6.05,6.1,6.25,6.42,drought,drought,True,0.6,0.221,0.179,7,0,0.29,10
1,2025-08-07,6.67,6.68,6.76,6.81,6.88,7.03,7.22,drought,drought,True,0.588,0.225,0.187,7,0,0.29,10
1,2025-08-08,6.84,6.89,7.0,7.08,7.16,7.32,7.51,drought,drought,True,0.605,0.223,0.172,7,0,0.29,10
1,2025-08-09,6.98,6.99,7.08,7.11,7.19,7.34,7.52,drought,drought,True,0.596,0.219,0.186,7,0,0.29,10
1,2025-08-10,6.4,6.35,6.4,6.42,6.48,6.64,6.81,drought,drought,True,0.633,0.22,0.147,7,0,0.29,10
1,2025-08-11,1.15,1.09,1.14,1.22,1.37,1.51,1.72,drought,drought,True,0.623,0.217,0.16,7,0,0.57,6
1,2025-08-12,1.0,0.97,1.02,1.12,1.26,1.4,1.61,drought,drought,True,0.629,0.213,0.158,7,0,0.57,6
1,2025-08-13,0.27,0.28,0.3,0.36,0.43,0.59,0.78,drought,drought,True,0.634,0.209,0.157,7,0,0.29,10
1,2025-08-14,0.25,0.27,0.29,0.36,0.43,0.59,0.78,drought,drought,True,0.654,0.204,0.142,7,0,0.29,10
1,2025-08-15,0.27,0.29,0.31,0.38,0.44,0.59,0.79,drought,drought,True,0.636,0.203,0.161,7,0,0.29,10
1,2025-08-16,0.26,0.27,0.29,0.36,0.42,0.58,0.77,drought,drought,True,0.624,0.207,0.169,7,0,0.29,10
1,2025-08-17,0.29,0.3,0.32,0.38,0.45,0.6,0.78,drought,drought,True,0.634,0.206,0.16,7,0,0.29,10
1,2025-08-18,0.26,0.26,0.28,0.34,0.4,0.56,0.74,drought,drought,True,0.642,0.206,0.153,7,0,0.29,10
1,2025-08-19,0.31,0.31,0.33,0.38,0.44,0.59,0.78,drought,drought,True,0.598,0.207,0.195,7,0,0.29,10
1,2025-08-20,0.41,0.44,0.46,0.52,0.58,0.71,0.91,drought,drought,True,0.571,0.217,0.213,7,0,0.29,10
1,2025-08-21,0.39,0.4,0.42,0.47,0.52,0.66,0.86,drought,drought,True,0.598,0.213,0.189,7,0,0.29,10
1,2025-08-22,0.4,0.41,0.42,0.47,0.52,0.67,0.86,drought,drought,True,0.618,0.213,0.17,7,0,0.29,10
1,2025-08-23,0.33,0.33,0.34,0.39,0.44,0.59,0.78,drought,drought,True,0.574,0.216,0.21,7,0,0.57,6
1,2025-08-24,0.28,0.24,0.24,0.27,0.32,0.47,0.66,drought,drought,True,0.54,0.217,0.243,7,0,0.57,6
1,2025-08-25,0.38,0.35,0.35,0.37,0.42,0.55,0.75,drought,drought,True,0.55,0.212,0.239,7,0,0.29,10
1,2025-08-26,0.35,0.33,0.32,0.35,0.4,0.54,0.73,drought,drought,True,0.595,0.213,0.192,7,0,0.29,10
1,2025-08-27,0.37,0.35,0.36,0.39,0.45,0.59,0.79,drought,drought,True,0.542,0.22,0.238,7,0,0.29,10
1,2025-08-28,0.37,0.37,0.38,0.43,0.49,0.63,0.83,drought,drought,True,0.489,0.229,0.282,7,0,0.29,10
1,2025-08-29,0.34,0.31,0.32,0.36,0.41,0.55,0.75,drought,drought,True,0.528,0.202,0.27,7,0,0.29,10
1,2025-08-30,0.37,0.35,0.36,0.4,0.45,0.59,0.79,drought,drought,True,0.574,0.208,0.218,7,0,0.29,10
1,2025-08-31,0.36,0.35,0.36,0.41,0.47,0.62,0.81,drought,drought,True,0.561,0.206,0.233,7,0,0.29,10
2,2025-03-01,6.37,6.33,6.34,6.38,6.45,6.64,6.78,drought,drought,True,0.405,0.361,0.234,7,0,0.29,10
2,2025-03-02,7.2,7.26,7.35,7.42,7.52,7.73,7.85,drought,drought,True,0.528,0.274,0.198,7,0,0.29,10
2,2025-03-03,6.67,6.66,6.7,6.75,6.83,7.02,7.16,drought,drought,True,0.568,0.248,0.184,7,0,0.29,10
2,2025-03-04,6.88,6.86,6.88,6.93,7.0,7.17,7.32,drought,drought,True,0.557,0.262,0.181,7,0,0.29,10
2,2025-03-05,6.74,6.73,6.77,6.83,6.9,7.06,7.23,drought,drought,True,0.569,0.253,0.178,7,0,0.29,10
2,2025-03-06,6.91,6.86,6.86,6.88,6.93,7.08,7.25,drought,drought,True,0.622,0.231,0.147,7,0,0.29,10
2,2025-03-07,6.66,6.6,6.62,6.65,6.7,6.85,7.03,drought,drought,True,0.62,0.231,0.148,7,0,0.29,10
2,2025-03-08,25.18,25.43,25.57,25.62,25.57,25.64,25.53,normal,drought,False,0.612,0.238,0.15,0,0,0.57,6
2,2025-03-09,26.29,26.46,26.55,26.56,26.49,26.56,26.44,normal,drought,False,0.611,0.235,0.154,0,0,0.57,6
2,2025-03-10,24.73,24.71,24.73,24.65,24.65,24.67,24.74,normal,drought,False,0.631,0.217,0.152,0,0,0.29,10
2,2025-03-11,24.48,24.5,24.53,24.47,24.49,24.56,24.57,normal,drought,False,0.661,0.205,0.134,0,0,0.29,10
2,2025-03-12,25.05,25.14,25.23,25.21,25.26,25.37,25.33,normal,drought,False,0.631,0.209,0.161,0,0,0.29,10
2,2025-03-13,24.09,24.04,24.03,23.93,23.93,23.98,24.02,normal,drought,False,0.588,0.23,0.182,0,0,0.29,10
2,2025-03-14,24.0,23.93,23.88,23.77,23.77,23.79,23.83,normal,drought,False,0.594,0.228,0.178,0,0,0.29,10
2,2025-03-15,24.72,24.79,24.87,24.83,24.85,24.89,24.93,normal,drought,False,0.617,0.228,0.156,0,0,0.29,10
2,2025-03-16,25.78,25.92,26.05,26.05,26.11,26.16,26.18,normal,drought,False,0.615,0.225,0.16,0,0,0.29,10
2,2025-03-17,24.88,25.0,25.13,25.12,25.18,25.27,25.26,normal,drought,False,0.596,0.226,0.178,0,0,0.29,10
2,2025-03-18,25.34,25.42,25.56,25.53,25.57,25.65,25.66,normal,drought,False,0.535,0.267,0.198,0,0,0.29,10
2,2025-03-19,24.19,24.14,24.1,24.0,23.99,24.01,24.06,normal,drought,False,0.622,0.224,0.153,0,0,0.29,10
2,2025-03-20,23.27,23.22,23.19,23.11,23.13,23.17,23.23,normal,drought,False,0.633,0.227,0.14,0,0,0.57,6
2,2025-03-21,22.88,22.87,22.88,22.81,22.84,22.89,22.94,normal,drought,False,0.614,0.236,0.15,0,0,0.57,6
2,2025-03-22,22.98,22.95,22.95,22.86,22.87,22.9,22.97,normal,drought,False,0.552,0.272,0.176,0,0,0.29,10
2,2025-03-23,22.83,22.9,23.01,22.97,23.01,23.07,23.12,normal,drought,False,0.65,0.211,0.139,0,0,0.29,10
2,2025-03-24,22.73,22.72,22.74,22.65,22.65,22.68,22.76,normal,drought,False,0.633,0.216,0.151,0,0,0.29,10
2,2025-03-25,22.33,22.29,22.29,22.2,22.21,22.23,22.31,normal,drought,False,0.657,0.208,0.135,0,0,0.29,10
2,2025-03-26,22.48,22.49,22.53,22.46,22.47,22.52,22.59,normal,drought,False,0.643,0.204,0.154,0,0,0.29,10
2,2025-03-27,22.24,22.21,22.21,22.12,22.13,22.16,22.24,normal,drought,False,0.651,0.207,0.142,0,0,0.29,10
2,2025-03-28,22.17,22.15,22.17,22.08,22.09,22.13,22.22,normal,drought,False,0.625,0.209,0.167,0,0,0.29,10
2,2025-03-29,22.15,22.16,22.2,22.14,22.14,22.18,22.26,normal,drought,False,0.657,0.202,0.141,0,0,0.29,10
2,2025-03-30,22.32,22.31,22.36,22.28,22.29,22.31,22.4,normal,drought,False,0.619,0.206,0.174,0,0,0.29,10
2,2025-03-31,22.2,22.21,22.27,22.19,22.2,22.23,22.32,normal,drought,False,0.641,0.209,0.15,0,0,0.29,10
2,2025-04-01,7.98,7.81,7.83,7.84,7.91,8.07,8.29,drought,drought,True,0.613,0.209,0.177,7,0,0.57,6
2,2025-04-02,7.18,7.03,7.04,7.08,7.17,7.37,7.56,drought,drought,True,0.64,0.204,0.156,7,0,0.57,6
2,2025-04-03,10.54,10.52,10.61,10.57,10.65,10.8,10.96,drought,drought,True,0.644,0.194,0.162,7,0,0.29,10
2,2025-04-04,11.93,12.1,12.38,12.46,12.61,12.81,12.96,drought,drought,True,0.633,0.199,0.168,7,0,0.29,10
2,2025-04-05,12.28,12.49,12.8,12.9,13.07,13.27,13.43,drought,drought,True,0.587,0.203,0.21,7,0,0.29,10
2,2025-04-06,11.5,11.51,11.63,11.63,11.73,11.89,12.02,drought,drought,True,0.615,0.21,0.175,7,0,0.29,10
2,2025-04-07,12.67,12.9,13.2,13.29,13.48,13.66,13.82,drought,drought,True,0.59,0.213,0.197,7,0,0.29,10
2,2025-04-08,12.52,12.64,12.79,12.84,12.96,13.12,13.25,drought,drought,True,0.604,0.214,0.183,7,0,0.29,10
2,2025-04-09,12.07,12.05,12.09,12.06,12.13,12.27,12.39,drought,drought,True,0.606,0.215,0.179,7,0,0.29,10
2,2025-04-10,11.6,11.58,11.65,11.62,11.7,11.84,11.98,drought,drought,True,0.648,0.212,0.139,7,0,0.29,10
2,2025-04-11,11.58,11.51,11.51,11.47,11.54,11.68,11.8,drought,drought,True,0.642,0.21,0.148,7,0,0.29,10
2,2025-04-12,10.71,10.57,10.52,10.45,10.49,10.62,10.75,drought,drought,True,0.653,0.208,0.139,7,0,0.29,10
2,2025-04-13,20.78,20.85,20.89,20.87,20.87,21.0,21.03,normal,drought,False,0.646,0.21,0.144,0,0,0.57,6
2,2025-04-14,21.63,21.85,22.02,22.06,22.12,22.25,22.29,normal,drought,False,0.677,0.2,0.123,0,0,0.57,6
2,2025-04-15,20.47,20.51,20.59,20.54,20.61,20.69,20.77,normal,drought,False,0.685,0.2,0.115,0,0,0.29,10
2,2025-04-16,19.78,19.8,19.87,19.81,19.86,19.94,20.03,drought,drought,True,0.673,0.201,0.125,6,0,0.29,10
2,2025-04-17,19.8,19.8,19.86,19.8,19.84,19.91,20.0,drought,drought,True,0.634,0.205,0.16,7,0,0.29,10
2,2025-04-18,19.76,19.76,19.82,19.75,19.79,19.85,19.95,drought,drought,True,0.641,0.211,0.149,7,0,0.29,10
2,2025-04-19,19.72,19.69,19.72,19.63,19.66,19.71,19.81,drought,drought,True,0.642,0.219,0.139,7,0,0.29,10
2,2025-04-20,19.65,19.64,19.68,19.61,19.64,19.69,19.79,drought,drought,True,0.651,0.21,0.138,7,0,0.29,10
2,2025-04-21,19.5,19.48,19.52,19.44,19.46,19.51,19.62,drought,drought,True,0.637,0.215,0.149,7,0,0.29,10
2,2025-04-22,19.83,19.84,19.92,19.86,19.9,19.97,20.07,drought,drought,True,0.643,0.216,0.141,6,0,0.29,10
2,2025-04-23,19.86,19.88,19.96,19.91,19.95,20.03,20.12,drought,drought,True,0.654,0.213,0.134,5,0,0.29,10
2,2025-04-24,19.55,19.53,19.59,19.52,19.56,19.62,19.71,drought,drought,True,0.648,0.208,0.144,7,0,0.29,10
2,2025-04-25,20.89,20.92,21.0,20.95,20.98,21.05,21.13,normal,drought,False,0.644,0.211,0.146,0,0,0.57,6
2,2025-04-26,21.35,21.4,21.5,21.46,21.5,21.57,21.65,normal,drought,False,0.648,0.215,0.138,0,0,0.57,6
2,2025-04-27,21.23,21.26,21.33,21.28,21.32,21.39,21.46,normal,drought,False,0.647,0.212,0.14,0,0,0.29,10
2,2025-04-28,21.51,21.58,21.7,21.67,21.73,21.82,21.88,normal,drought,False,0.643,0.212,0.145,0,0,0.29,10
2,2025-04-29,21.67,21.75,21.89,21.87,21.93,22.02,22.08,normal,drought,False,0.634,0.217,0.15,0,0,0.29,10
2,2025-04-30,21.94,22.01,22.14,22.12,22.18,22.29,22.33,normal,drought,False,0.651,0.216,0.134,0,0,0.29,10
2,2025-05-01,22.2,22.31,22.45,22.45,22.54,22.66,22.68,normal,drought,False,0.651,0.21,0.139,0,0,0.29,10
2,2025-05-02,21.54,21.52,21.56,21.48,21.53,21.58,21.65,normal,drought,False,0.656,0.214,0.131,0,0,0.29,10
2,2025-05-03,21.66,21.65,21.68,21.61,21.66,21.71,21.78,normal,drought,False,0.654,0.216,0.13,0,0,0.29,10
2,2025-05-04,21.81,21.83,21.89,21.83,21.88,21.93,22.0,normal,drought,False,0.668,0.216,0.116,0,0,0.29,10
2,2025-05-05,21.26,21.2,21.19,21.08,21.1,21.13,21.21,normal,drought,False,0.656,0.22,0.124,0,0,0.29,10
2,2025-05-06,22.21,22.29,22.42,22.39,22.43,22.5,22.58,normal,drought,False,0.647,0.223,0.129,0,0,0.29,10
2,2025-05-07,23.16,23.24,23.36,23.33,23.37,23.43,23.49,normal,drought,False,0.659,0.218,0.123,0,0,0.57,6
2,2025-05-08,22.75,22.74,22.76,22.68,22.7,22.75,22.8,normal,drought,False,0.689,0.206,0.104,0,0,0.57,6
2,2025-05-09,22.4,22.39,22.43,22.35,22.37,22.41,22.48,normal,drought,False,0.67,0.211,0.119,0,0,0.29,10
2,2025-05-10,22.41,22.38,22.36,22.27,22.27,22.3,22.37,normal,drought,False,0.659,0.213,0.128,0,0,0.29,10
2,2025-05-11,22.55,22.54,22.55,22.47,22.48,22.5,22.58,normal,drought,False,0.658,0.214,0.127,0,0,0.29,10
2,2025-05-12,22.17,22.15,22.18,22.09,22.1,22.13,22.22,normal,drought,False,0.664,0.216,0.12,0,0,0.29,10
2,2025-05-13,22.04,22.02,22.04,21.95,21.95,21.97,22.05,normal,drought,False,0.637,0.216,0.147,0,0,0.29,10
2,2025-05-14,21.88,21.87,21.89,21.8,21.8,21.83,21.92,normal,drought,False,0.624,0.222,0.154,0,0,0.29,10
2,2025-05-15,21.93,21.92,21.93,21.84,21.84,21.86,21.96,normal,drought,False,0.637,0.216,0.146,0,0,0.29,10
2,2025-05-16,21.91,21.91,21.94,21.86,21.85,21.87,21.97,normal,drought,False,0.649,0.211,0.141,0,0,0.29,10
2,2025-05-17,21.82,21.82,21.86,21.79,21.79,21.83,21.91,normal,drought,False,0.635,0.215,0.15,0,0,0.29,10
2,2025-05-18,22.25,22.32,22.41,22.38,22.43,22.53,22.55,normal,drought,False,0.646,0.214,0.14,0,0,0.29,10
2,2025-05-19,8.0,7.83,7.82,7.84,7.93,8.12,8.29,drought,drought,True,0.639,0.21,0.151,7,0,0.57,6
2,2025-05-20,7.15,6.98,6.97,7.02,7.12,7.33,7.49,drought,drought,True,0.633,0.206,0.161,7,0,0.57,6
2,2025-05-21,10.45,10.4,10.46,10.42,10.49,10.62,10.78,drought,drought,True,0.63,0.214,0.156,7,0,0.29,10
2,2025-05-22,11.09,11.11,11.19,11.19,11.28,11.43,11.56,drought,drought,True,0.65,0.225,0.125,7,0,0.29,10
2,2025-05-23,11.33,11.44,11.6,11.63,11.74,11.88,12.06,drought,drought,True,0.632,0.225,0.143,7,0,0.29,10
2,2025-05-24,11.36,11.42,11.53,11.54,11.63,11.77,11.93,drought,drought,True,0.616,0.229,0.156,7,0,0.29,10
2,2025-05-25,11.25,11.31,11.45,11.46,11.57,11.72,11.87,drought,drought,True,0.641,0.223,0.137,7,0,0.29,10
2,2025-05-26,10.69,10.64,10.67,10.63,10.7,10.84,10.97,drought,drought,True,0.672,0.226,0.102,7,0,0.29,10
2,2025-05-27,10.48,10.37,10.37,10.31,10.35,10.46,10.61,drought,drought,True,0.657,0.22,0.123,7,0,0.29,10
2,2025-05-28,10.69,10.65,10.69,10.66,10.72,10.86,11.0,drought,drought,True,0.657,0.218,0.125,7,0,0.29,10
2,2025-05-29,10.75,10.7,10.76,10.72,10.77,10.88,11.06,drought,drought,True,0.644,0.226,0.13,7,0,0.29,10
2,2025-05-30,11.07,11.1,11.22,11.22,11.3,11.42,11.6,drought,drought,True,0.642,0.23,0.127,7,0,0.29,10
2,2025-05-31,4.15,4.06,4.14,4.23,4.34,4.56,4.71,drought,drought,True,0.664,0.215,0.121,7,0,0.57,6
2,2025-06-01,3.55,3.43,3.49,3.57,3.67,3.87,4.04,drought,drought,True,0.654,0.22,0.126,7,0,0.57,6
2,2025-06-02,4.29,4.17,4.19,4.22,4.26,4.42,4.56,drought,drought,True,0.658,0.21,0.132,7,0,0.29,10
2,2025-06-03,4.2,4.09,4.11,4.15,4.19,4.34,4.49,drought,drought,True,0.649,0.214,0.137,7,0,0.29,10
2,2025-06-04,4.72,4.63,4.65,4.69,4.72,4.87,5.04,drought,drought,True,0.651,0.221,0.128,7,0,0.29,10
2,2025-06-05,4.4,4.3,4.33,4.38,4.43,4.58,4.73,drought,drought,True,0.656,0.217,0.126,7,0,0.29,10
2,2025-06-06,4.39,4.28,4.3,4.35,4.39,4.55,4.7,drought,drought,True,0.624,0.218,0.158,7,0,0.29,10
2,2025-06-07,4.21,4.09,4.11,4.15,4.19,4.34,4.49,drought,drought,True,0.619,0.209,0.172,7,0,0.29,10
2,2025-06-08,4.3,4.18,4.2,4.23,4.27,4.42,4.58,drought,drought,True,0.646,0.212,0.141,7,0,0.29,10
2,2025-06-09,4.33,4.22,4.25,4.3,4.34,4.48,4.65,drought,drought,True,0.647,0.207,0.145,7,0,0.29,10
2,2025-06-10,4.33,4.22,4.25,4.29,4.33,4.47,4.64,drought,drought,True,0.613,0.219,0.168,7,0,0.29,10
2,2025-06-11,4.45,4.37,4.42,4.48,4.55,4.72,4.86,drought,drought,True,0.618,0.206,0.175,7,0,0.29,10
2,2025-06-12,1.1,1.05,1.09,1.17,1.31,1.49,1.66,drought,drought,True,0.65,0.194,0.156,7,0,0.57,6
2,2025-06-13,0.98,0.92,0.95,1.01,1.12,1.27,1.47,drought,drought,True,0.631,0.196,0.173,7,0,0.57,6
2,2025-06-14,0.57,0.57,0.59,0.65,0.72,0.89,1.06,drought,drought,True,0.641,0.198,0.161,7,0,0.29,10
2,2025-06-15,0.56,0.59,0.61,0.71,0.81,1.01,1.14,drought,drought,True,0.647,0.205,0.148,7,0,0.29,10
2,2025-06-16,0.59,0.64,0.67,0.78,0.89,1.09,1.22,drought,drought,True,0.642,0.2,0.158,7,0,0.29,10
2,2025-06-17,0.51,0.54,0.56,0.66,0.77,0.98,1.1,drought,drought,True,0.624,0.201,0.175,7,0,0.29,10
2,2025-06-18,0.5,0.53,0.54,0.63,0.72,0.92,1.06,drought,drought,True,0.633,0.201,0.165,7,0,0.29,10
2,2025-06-19,0.7,0.74,0.77,0.86,0.95,1.12,1.3,drought,drought,True,0.658,0.214,0.128,7,0,0.29,10
2,2025-06-20,0.74,0.78,0.81,0.9,0.99,1.15,1.33,drought,drought,True,0.653,0.211,0.136,7,0,0.29,10
2,2025-06-21,0.65,0.7,0.72,0.81,0.9,1.07,1.24,drought,drought,True,0.634,0.221,0.146,7,0,0.29,10
2,2025-06-22,0.62,0.65,0.67,0.76,0.85,1.02,1.18,drought,drought,True,0.638,0.22,0.142,7,0,0.29,10
2,2025-06-23,0.55,0.57,0.6,0.68,0.74,0.9,1.09,drought,drought,True,0.671,0.208,0.12,7,0,0.29,10
2,2025-06-24,6.91,7.09,7.31,7.43,7.54,7.69,7.9,drought,drought,True,0.666,0.207,0.126,7,0,0.57,6
2,2025-06-25,7.49,7.61,7.8,7.86,7.94,8.07,8.26,drought,drought,True,0.659,0.212,0.129,7,0,0.57,6
2,2025-06-26,6.1,6.01,6.03,6.04,6.07,6.21,6.39,drought,drought,True,0.664,0.213,0.122,7,0,0.29,10
2,2025-06-27,6.18,6.1,6.14,6.15,6.18,6.34,6.51,drought,drought,True,0.639,0.204,0.157,7,0,0.29,10
2,2025-06-28,6.05,5.96,5.98,5.98,6.01,6.15,6.33,drought,drought,True,0.624,0.209,0.167,7,0,0.29,10
2,2025-06-29,6.02,5.94,5.96,5.96,5.99,6.16,6.32,drought,drought,True,0.658,0.199,0.143,7,0,0.29,10
2,2025-06-30,6.07,5.99,6.01,6.01,6.04,6.18,6.36,drought,drought,True,0.65,0.205,0.145,7,0,0.29,10
2,2025-07-01,6.24,6.18,6.21,6.23,6.25,6.39,6.58,drought,drought,True,0.616,0.21,0.175,7,0,0.29,10
2,2025-07-02,6.29,6.23,6.29,6.31,6.34,6.47,6.68,drought,drought,True,0.609,0.208,0.183,7,0,0.29,10
2,2025-07-03,6.34,6.28,6.33,6.35,6.39,6.52,6.72,drought,drought,True,0.608,0.214,0.178,7,0,0.29,10
2,2025-07-04,6.34,6.28,6.33,6.34,6.37,6.51,6.7,drought,drought,True,0.615,0.207,0.177,7,0,0.29,10
2,2025-07-05,6.3,6.22,6.25,6.25,6.27,6.39,6.6,drought,drought,True,0.595,0.205,0.2,7,0,0.29,10
2,2025-07-06,13.72,13.82,13.9,13.9,13.93,14.06,14.19,drought,drought,True,0.592,0.202,0.206,7,0,0.57,6
2,2025-07-07,14.43,14.56,14.67,14.68,14.72,14.85,14.99,drought,drought,True,0.598,0.207,0.195,7,0,0.57,6
2,2025-07-08,12.75,12.72,12.83,12.77,12.82,12.91,13.11,drought,drought,True,0.58,0.206,0.214,7,0,0.29,10
2,2025-07-09,12.86,12.85,12.96,12.91,12.97,13.06,13.26,drought,drought,True,0.556,0.2,0.244,7,0,0.29,10
2,2025-07-10,12.86,12.85,12.97,12.91,12.97,13.07,13.26,drought,drought,True,0.553,0.206,0.241,7,0,0.29,10
2,2025-07-11,13.04,13.07,13.2,13.16,13.23,13.33,13.52,drought,drought,True,0.585,0.202,0.213,7,0,0.29,10
2,2025-07-12,12.75,12.74,12.85,12.79,12.84,12.93,13.13,drought,drought,True,0.553,0.201,0.246,7,0,0.29,10
2,2025-07-13,12.71,12.68,12.77,12.71,12.76,12.86,13.04,drought,drought,True,0.505,0.205,0.29,7,0,0.29,10
2,2025-07-14,12.52,12.48,12.55,12.49,12.54,12.63,12.82,drought,drought,True,0.518,0.207,0.275,7,0,0.29,10
2,2025-07-15,12.72,12.67,12.75,12.7,12.75,12.85,13.02,drought,drought,True,0.522,0.21,0.267,7,0,0.29,10
2,2025-07-16,12.55,12.51,12.6,12.55,12.6,12.69,12.88,drought,drought,True,0.501,0.208,0.29,7,0,0.29,10
2,2025-07-17,12.78,12.77,12.88,12.84,12.92,13.04,13.2,drought,drought,True,0.533,0.206,0.261,7,0,0.29,10
2,2025-07-18,28.58,28.79,28.95,28.94,28.91,28.98,28.9,normal,drought,False,0.546,0.204,0.25,0,0,0.57,6
2,2025-07-19,30.06,30.25,30.41,30.39,30.36,30.42,30.32,normal,drought,False,0.57,0.207,0.222,0,0,0.57,6
2,2025-07-20,27.87,27.86,27.83,27.73,27.68,27.66,27.68,normal,drought,False,0.514,0.207,0.279,0,0,0.29,10
2,2025-07-21,28.36,28.36,28.35,28.28,28.25,28.25,28.24,normal,drought,False,0.584,0.212,0.204,0,0,0.29,10
2,2025-07-22,28.04,28.04,28.03,27.95,27.92,27.91,27.91,normal,drought,False,0.575,0.203,0.222,0,0,0.29,10
2,2025-07-23,28.29,28.29,28.28,28.2,28.17,28.17,28.16,normal,drought,False,0.601,0.207,0.192,0,0,0.29,10
2,2025-07-24,28.14,28.14,28.14,28.05,28.02,28.03,28.02,normal,drought,False,0.574,0.202,0.224,0,0,0.29,10
2,2025-07-25,28.68,28.67,28.67,28.58,28.55,28.54,28.54,normal,drought,False,0.629,0.209,0.162,0,0,0.29,10
2,2025-07-26,28.66,28.67,28.68,28.61,28.58,28.57,28.57,normal,drought,False,0.599,0.207,0.194,0,0,0.29,10
2,2025-07-27,28.84,28.85,28.86,28.79,28.76,28.76,28.75,normal,drought,False,0.627,0.206,0.166,0,0,0.29,10
2,2025-07-28,28.79,28.79,28.8,28.7,28.66,28.64,28.65,normal,drought,False,0.589,0.21,0.201,0,0,0.29,10
2,2025-07-29,28.91,28.89,28.87,28.76,28.71,28.68,28.69,normal,drought,False,0.64,0.203,0.157,0,0,0.29,10
2,2025-07-30,30.22,30.21,30.21,30.09,30.03,29.98,29.98,normal,drought,False,0.618,0.207,0.175,0,0,0.57,6
2,2025-07-31,30.28,30.27,30.24,30.12,30.05,30.0,30.0,normal,drought,False,0.641,0.205,0.154,0,0,0.57,6
2,2025-08-01,29.8,29.76,29.7,29.58,29.5,29.45,29.46,normal,drought,False,0.617,0.201,0.183,0,0,0.29,10
2,2025-08-02,29.84,29.82,29.77,29.66,29.6,29.57,29.55,normal,drought,False,0.635,0.199,0.167,0,0,0.29,10
2,2025-08-03,29.21,29.16,29.07,28.95,28.88,28.86,28.84,normal,drought,False,0.628,0.195,0.177,0,0,0.29,10
2,2025-08-04,28.9,28.82,28.71,28.59,28.53,28.52,28.49,normal,drought,False,0.651,0.194,0.155,0,0,0.29,10
2,2025-08-05,29.35,29.31,29.26,29.17,29.11,29.11,29.08,normal,drought,False,0.601,0.2,0.198,0,0,0.29,10
2,2025-08-06,29.03,28.98,28.9,28.79,28.74,28.72,28.71,normal,drought,False,0.611,0.213,0.176,0,0,0.29,10
2,2025-08-07,29.69,29.69,29.69,29.59,29.55,29.53,29.52,normal,drought,False,0.597,0.217,0.186,0,0,0.29,10
2,2025-08-08,30.03,30.13,30.19,30.16,30.14,30.14,30.11,normal,drought,False,0.62,0.215,0.164,0,0,0.29,10
2,2025-08-09,30.24,30.25,30.27,30.18,30.15,30.14,30.11,normal,drought,False,0.602,0.213,0.186,0,0,0.29,10
2,2025-08-10,30.01,30.02,30.04,29.95,29.91,29.91,29.87,normal,drought,False,0.646,0.213,0.14,0,0,0.29,10
2,2025-08-11,27.18,27.13,27.04,26.94,26.89,26.87,26.89,normal,drought,False,0.633,0.211,0.156,0,0,0.57,6
2,2025-08-12,27.05,26.98,26.88,26.78,26.73,26.7,26.73,normal,drought,False,0.645,0.205,0.15,0,0,0.57,6
2,2025-08-13,27.41,27.4,27.38,27.3,27.27,27.26,27.29,normal,drought,False,0.641,0.202,0.157,0,0,0.29,10
2,2025-08-14,27.4,27.4,27.4,27.32,27.29,27.29,27.3,normal,drought,False,0.671,0.196,0.133,0,0,0.29,10
2,2025-08-15,27.29,27.29,27.3,27.21,27.18,27.18,27.2,normal,drought,False,0.644,0.197,0.159,0,0,0.29,10
2,2025-08-16,27.38,27.38,27.4,27.31,27.28,27.27,27.3,normal,drought,False,0.638,0.198,0.164,0,0,0.29,10
2,2025-08-17,27.33,27.33,27.33,27.24,27.21,27.2,27.22,normal,drought,False,0.641,0.196,0.164,0,0,0.29,10
2,2025-08-18,27.4,27.4,27.4,27.31,27.28,27.28,27.29,normal,drought,False,0.65,0.197,0.153,0,0,0.29,10
2,2025-08-19,27.5,27.5,27.51,27.42,27.39,27.38,27.41,normal,drought,False,0.606,0.198,0.196,0,0,0.29,10
2,2025-08-20,27.59,27.58,27.59,27.49,27.44,27.41,27.46,normal,drought,False,0.58,0.206,0.213,0,0,0.29,10
2,2025-08-21,27.48,27.48,27.48,27.38,27.33,27.3,27.34,normal,drought,False,0.605,0.203,0.192,0,0,0.29,10
2,2025-08-22,27.39,27.39,27.38,27.28,27.23,27.2,27.23,normal,drought,False,0.621,0.205,0.173,0,0,0.29,10
2,2025-08-23,5.55,5.39,5.46,5.56,5.71,5.93,6.16,drought,drought,True,0.582,0.205,0.213,7,0,0.57,6
2,2025-08-24,4.4,4.27,4.38,4.51,4.7,4.93,5.17,drought,drought,True,0.553,0.203,0.244,7,0,0.57,6
2,2025-08-25,8.27,8.15,8.16,8.09,8.11,8.22,8.43,drought,drought,True,0.557,0.201,0.242,7,0,0.29,10
2,2025-08-26,8.49,8.41,8.44,8.38,8.41,8.54,8.73,drought,drought,True,0.602,0.203,0.195,7,0,0.29,10
2,2025-08-27,8.96,8.92,9.0,8.96,9.01,9.14,9.35,drought,drought,True,0.55,0.208,0.242,7,0,0.29,10
2,2025-08-28,8.75,8.7,8.79,8.75,8.81,8.93,9.14,drought,drought,True,0.509,0.214,0.277,7,0,0.29,10
2,2025-08-29,8.58,8.53,8.61,8.57,8.63,8.76,8.96,drought,drought,True,0.53,0.194,0.275,7,0,0.29,10
2,2025-08-30,8.78,8.74,8.83,8.79,8.84,8.97,9.18,drought,drought,True,0.579,0.202,0.219,7,0,0.29,10
2,2025-08-31,8.79,8.72,8.79,8.74,8.78,8.92,9.12,drought,drought,True,0.557,0.199,0.244,7,0,0.29,10
3,2025-03-01,36.91,36.83,36.71,36.57,36.47,36.42,36.26,normal,drought,False,0.552,0.289,0.158,0,0,0.29,10
3,2025-03-02,37.87,37.84,37.79,37.67,37.6,37.57,37.39,normal,drought,False,0.628,0.246,0.126,0,0,0.29,10
3,2025-03-03,37.3,37.23,37.13,37.0,36.91,36.85,36.7,normal,drought,False,0.693,0.213,0.094,0,0,0.29,10
3,2025-03-04,37.55,37.48,37.39,37.24,37.15,37.07,36.93,normal,drought,False,0.677,0.222,0.101,0,0,0.29,10
3,2025-03-05,37.63,37.6,37.55,37.43,37.34,37.27,37.13,normal,drought,False,0.695,0.21,0.095,0,0,0.29,10
3,2025-03-06,37.94,37.87,37.77,37.63,37.52,37.42,37.3,normal,drought,False,0.696,0.21,0.094,0,0,0.29,10
3,2025-03-07,37.73,37.68,37.6,37.46,37.36,37.26,37.15,normal,drought,False,0.719,0.202,0.079,0,0,0.29,10
3,2025-03-08,37.96,37.89,37.79,37.65,37.54,37.44,37.32,normal,drought,False,0.688,0.217,0.095,0,0,0.57,6
3,2025-03-09,37.88,37.79,37.67,37.51,37.4,37.29,37.17,normal,drought,False,0.719,0.2,0.081,0,0,0.57,6
3,2025-03-10,37.73,37.64,37.5,37.35,37.23,37.12,37.02,normal,drought,False,0.684,0.211,0.105,0,0,0.29,10
3,2025-03-11,37.3,37.23,37.08,36.95,36.84,36.78,36.62,normal,drought,False,0.714,0.203,0.083,0,0,0.29,10
3,2025-03-12,38.41,38.39,38.35,38.24,38.17,38.16,37.94,normal,drought,False,0.663,0.224,0.113,0,0,0.29,10
3,2025-03-13,37.67,37.59,37.5,37.35,37.24,37.18,37.03,normal,drought,False,0.697,0.205,0.098,0,0,0.29,10
3,2025-03-14,37.14,37.01,36.84,36.66,36.53,36.42,36.31,normal,drought,False,0.672,0.209,0.119,0,0,0.29,10
3,2025-03-15,37.16,37.09,36.97,36.82,36.71,36.61,36.49,normal,drought,False,0.721,0.196,0.083,0,0,0.29,10
3,2025-03-16,38.22,38.17,38.06,37.93,37.83,37.75,37.61,normal,drought,False,0.703,0.211,0.087,0,0,0.29,10
3,2025-03-17,37.92,37.9,37.84,37.73,37.65,37.61,37.44,normal,drought,False,0.729,0.194,0.078,0,0,0.29,10
3,2025-03-18,38.53,38.55,38.56,38.46,38.39,38.35,38.18,normal,drought,False,0.663,0.229,0.108,0,0,0.29,10
3,2025-03-19,37.38,37.29,37.17,37.01,36.9,36.8,36.68,normal,drought,False,0.727,0.201,0.072,0,0,0.29,10
3,2025-03-20,35.66,35.55,35.39,35.24,35.14,35.05,34.96,normal,drought,False,0.686,0.221,0.094,0,0,0.57,6
3,2025-03-21,35.44,35.36,35.22,35.08,34.99,34.9,34.8,normal,drought,False,0.717,0.207,0.076,0,0,0.57,6
3,2025-03-22,36.19,36.13,35.99,35.84,35.73,35.63,35.53,normal,drought,False,0.651,0.244,0.105,0,0,0.29,10
3,2025-03-23,35.49,35.47,35.39,35.28,35.18,35.11,34.99,normal,drought,False,0.749,0.194,0.057,0,0,0.29,10
3,2025-03-24,35.8,35.75,35.67,35.54,35.43,35.34,35.24,normal,drought,False,0.704,0.206,0.091,0,0,0.29,10
3,2025-03-25,35.47,35.4,35.29,35.15,35.04,34.95,34.86,normal,drought,False,0.733,0.198,0.069,0,0,0.29,10
3,2025-03-26,35.13,35.05,34.9,34.75,34.63,34.54,34.45,normal,drought,False,0.755,0.188,0.057,0,0,0.29,10
3,2025-03-27,35.2,35.12,34.99,34.84,34.72,34.62,34.53,normal,drought,False,0.77,0.187,0.042,0,0,0.29,10
3,2025-03-28,34.93,34.84,34.69,34.54,34.41,34.32,34.24,normal,drought,False,0.75,0.194,0.056,0,0,0.29,10
3,2025-03-29,34.8,34.72,34.59,34.44,34.31,34.21,34.13,normal,drought,False,0.78,0.18,0.04,0,0,0.29,10
3,2025-03-30,35.25,35.2,35.12,34.98,34.87,34.77,34.69,normal,drought,False,0.746,0.2,0.054,0,0,0.29,10
3,2025-03-31,35.05,34.99,34.9,34.75,34.63,34.53,34.46,normal,drought,False,0.786,0.184,0.03,0,0,0.29,10
3,2025-04-01,37.88,37.81,37.73,37.57,37.43,37.31,37.19,normal,drought,False,0.77,0.193,0.037,0,0,0.57,6
3,2025-04-02,38.41,38.37,38.32,38.18,38.06,37.98,37.82,normal,drought,False,0.792,0.181,0.027,0,0,0.57,6
3,2025-04-03,37.77,37.68,37.53,37.38,37.25,37.17,37.02,normal,drought,False,0.795,0.178,0.027,0,0,0.29,10
3,2025-04-04,39.19,39.16,39.11,38.99,38.88,38.85,38.65,normal,drought,False,0.773,0.195,0.032,0,0,0.29,10
3,2025-04-05,39.28,39.25,39.24,39.12,39.02,38.99,38.79,normal,drought,False,0.738,0.218,0.044,0,0,0.29,10
3,2025-04-06,38.86,38.74,38.63,38.45,38.33,38.24,38.08,normal,drought,False,0.746,0.218,0.037,0,0,0.29,10
3,2025-04-07,39.39,39.32,39.27,39.13,39.02,38.95,38.77,normal,drought,False,0.709,0.236,0.055,0,0,0.29,10
3,2025-04-08,39.24,39.15,39.02,38.86,38.75,38.64,38.49,normal,drought,False,0.725,0.229,0.047,0,0,0.29,10
3,2025-04-09,39.23,39.14,38.97,38.8,38.67,38.54,38.41,normal,drought,False,0.715,0.236,0.049,0,0,0.29,10
3,2025-04-10,38.71,38.64,38.52,38.36,38.25,38.15,38.02,normal,drought,False,0.739,0.219,0.042,0,0,0.29,10
3,2025-04-11,38.75,38.66,38.51,38.36,38.25,38.16,38.01,normal,drought,False,0.709,0.232,0.059,0,0,0.29,10
3,2025-04-12,38.29,38.21,38.05,37.89,37.78,37.68,37.56,normal,drought,False,0.714,0.223,0.063,0,0,0.29,10
3,2025-04-13,40.55,40.47,40.33,40.16,40.03,39.91,39.78,normal,drought,False,0.707,0.226,0.067,0,0,0.57,6
3,2025-04-14,40.5,40.42,40.27,40.1,39.95,39.83,39.68,normal,drought,False,0.742,0.201,0.057,0,0,0.57,6
3,2025-04-15,40.57,40.51,40.36,40.2,40.07,39.97,39.8,normal,drought,False,0.732,0.197,0.071,0,0,0.29,10
3,2025-04-16,40.45,40.38,40.25,40.09,39.94,39.83,39.67,normal,drought,False,0.742,0.194,0.064,0,0,0.29,10
3,2025-04-17,40.53,40.5,40.36,40.23,40.08,39.96,39.79,normal,drought,False,0.694,0.21,0.095,0,0,0.29,10
3,2025-04-18,40.27,40.21,40.08,39.91,39.76,39.63,39.47,normal,drought,False,0.74,0.199,0.061,0,0,0.29,10
3,2025-04-19,40.66,40.58,40.43,40.26,40.09,39.96,39.8,normal,drought,False,0.745,0.2,0.056,0,0,0.29,10
3,2025-04-20,40.33,40.25,40.08,39.91,39.74,39.6,39.45,normal,drought,False,0.778,0.186,0.036,0,0,0.29,10
3,2025-04-21,40.23,40.12,39.94,39.76,39.58,39.42,39.28,normal,drought,False,0.788,0.181,0.031,0,0,0.29,10
3,2025-04-22,40.28,40.19,40.03,39.86,39.7,39.57,39.41,normal,drought,False,0.797,0.18,0.023,0,0,0.29,10
3,2025-04-23,40.07,39.97,39.79,39.61,39.45,39.32,39.16,normal,drought,False,0.79,0.181,0.028,0,0,0.29,10
3,2025-04-24,39.67,39.54,39.34,39.16,38.99,38.86,38.71,normal,drought,False,0.807,0.173,0.02,0,0,0.29,10
3,2025-04-25,35.02,34.95,34.72,34.59,34.44,34.34,34.25,normal,drought,False,0.8,0.179,0.021,0,0,0.57,6
3,2025-04-26,35.01,34.97,34.77,34.66,34.53,34.44,34.35,normal,drought,False,0.807,0.176,0.017,0,0,0.57,6
3,2025-04-27,35.79,35.73,35.63,35.5,35.39,35.32,35.21,normal,drought,False,0.801,0.179,0.02,0,0,0.29,10
3,2025-04-28,36.05,36.02,35.96,35.84,35.75,35.7,35.56,normal,drought,False,0.805,0.176,0.019,0,0,0.29,10
3,2025-04-29,36.21,36.17,36.13,36.01,35.92,35.88,35.73,normal,drought,False,0.8,0.18,0.02,0,0,0.29,10
3,2025-04-30,36.51,36.46,36.4,36.28,36.19,36.15,35.99,normal,drought,False,0.786,0.191,0.023,0,0,0.29,10
3,2025-05-01,36.81,36.77,36.71,36.59,36.51,36.47,36.31,normal,drought,False,0.778,0.196,0.026,0,0,0.29,10
3,2025-05-02,36.79,36.71,36.61,36.46,36.35,36.26,36.13,normal,drought,False,0.77,0.199,0.031,0,0,0.29,10
3,2025-05-03,36.38,36.29,36.15,36.0,35.88,35.78,35.67,normal,drought,False,0.762,0.205,0.032,0,0,0.29,10
3,2025-05-04,36.03,35.94,35.78,35.63,35.51,35.4,35.3,normal,drought,False,0.755,0.207,0.038,0,0,0.29,10
3,2025-05-05,36.61,36.53,36.4,36.25,36.12,36.01,35.91,normal,drought,False,0.748,0.21,0.042,0,0,0.29,10
3,2025-05-06,37.21,37.19,37.13,37.0,36.9,36.82,36.7,normal,drought,False,0.747,0.208,0.044,0,0,0.29,10
3,2025-05-07,40.17,40.15,40.14,40.0,39.89,39.8,39.63,normal,drought,False,0.755,0.203,0.042,0,0,0.57,6
3,2025-05-08,39.96,39.89,39.83,39.67,39.55,39.46,39.29,normal,drought,False,0.766,0.194,0.041,0,0,0.57,6
3,2025-05-09,39.0,38.88,38.69,38.51,38.35,38.23,38.1,normal,drought,False,0.771,0.189,0.04,0,0,0.29,10
3,2025-05-10,38.83,38.7,38.44,38.24,38.07,37.92,37.8,normal,drought,False,0.748,0.206,0.046,0,0,0.29,10
3,2025-05-11,38.86,38.78,38.56,38.4,38.23,38.08,37.96,normal,drought,False,0.762,0.197,0.041,0,0,0.29,10
3,2025-05-12,38.97,38.91,38.76,38.61,38.45,38.31,38.19,normal,drought,False,0.767,0.195,0.038,0,0,0.29,10
3,2025-05-13,38.8,38.73,38.61,38.45,38.3,38.17,38.04,normal,drought,False,0.769,0.194,0.037,0,0,0.29,10
3,2025-05-14,38.62,38.55,38.43,38.26,38.12,38.0,37.88,normal,drought,False,0.781,0.191,0.028,0,0,0.29,10
3,2025-05-15,38.51,38.42,38.28,38.1,37.94,37.81,37.7,normal,drought,False,0.802,0.177,0.021,0,0,0.29,10
3,2025-05-16,38.34,38.23,38.04,37.85,37.68,37.54,37.43,normal,drought,False,0.81,0.169,0.021,0,0,0.29,10
3,2025-05-17,38.32,38.22,38.03,37.86,37.7,37.56,37.44,normal,drought,False,0.821,0.163,0.016,0,0,0.29,10
3,2025-05-18,38.48,38.43,38.28,38.16,38.03,37.97,37.78,normal,drought,False,0.799,0.181,0.02,0,0,0.29,10
3,2025-05-19,27.18,27.13,26.86,26.8,26.71,26.68,26.64,normal,drought,False,0.806,0.175,0.019,0,0,0.57,6
3,2025-05-20,25.12,24.97,24.65,24.55,24.46,24.42,24.38,normal,drought,False,0.811,0.171,0.018,0,0,0.57,6
3,2025-05-21,26.93,26.84,26.74,26.62,26.57,26.54,26.54,normal,drought,False,0.822,0.164,0.014,0,0,0.29,10
3,2025-05-22,27.79,27.75,27.69,27.6,27.57,27.56,27.54,normal,drought,False,0.813,0.173,0.015,0,0,0.29,10
3,2025-05-23,28.01,28.05,28.08,28.02,28.0,27.99,27.98,normal,drought,False,0.817,0.168,0.014,0,0,0.29,10
3,2025-05-24,28.51,28.65,28.75,28.75,28.75,28.75,28.73,normal,drought,False,0.79,0.188,0.023,0,0,0.29,10
3,2025-05-25,28.21,28.28,28.35,28.31,28.3,28.32,28.27,normal,drought,False,0.812,0.171,0.016,0,0,0.29,10
3,2025-05-26,28.09,28.08,28.06,27.97,27.94,27.94,27.9,normal,drought,False,0.811,0.17,0.019,0,0,0.29,10
3,2025-05-27,27.98,27.93,27.87,27.76,27.71,27.67,27.66,normal,drought,False,0.82,0.164,0.016,0,0,0.29,10
3,2025-05-28,27.99,27.94,27.86,27.77,27.72,27.69,27.67,normal,drought,False,0.801,0.173,0.025,0,0,0.29,10
3,2025-05-29,28.21,28.18,28.14,28.05,28.0,27.94,27.95,normal,drought,False,0.81,0.171,0.019,0,0,0.29,10
3,2025-05-30,28.32,28.3,28.29,28.2,28.15,28.11,28.1,normal,drought,False,0.794,0.178,0.028,0,0,0.29,10
3,2025-05-31,29.15,29.16,29.19,29.12,29.09,29.09,29.04,normal,drought,False,0.798,0.18,0.022,0,0,0.57,6
3,2025-06-01,28.91,28.89,28.88,28.78,28.73,28.7,28.67,normal,drought,False,0.799,0.178,0.023,0,0,0.57,6
3,2025-06-02,28.35,28.27,28.18,28.06,27.99,27.95,27.93,normal,drought,False,0.819,0.165,0.016,0,0,0.29,10
3,2025-06-03,28.6,28.55,28.47,28.36,28.29,28.23,28.23,normal,drought,False,0.824,0.16,0.017,0,0,0.29,10
3,2025-06-04,29.15,29.14,29.11,29.01,28.96,28.92,28.9,normal,drought,False,0.815,0.17,0.015,0,0,0.29,10
3,2025-06-05,29.02,29.01,28.99,28.9,28.85,28.82,28.8,normal,drought,False,0.822,0.163,0.015,0,0,0.29,10
3,2025-06-06,28.98,28.97,28.98,28.9,28.85,28.82,28.8,normal,drought,False,0.815,0.168,0.017,0,0,0.29,10
3,2025-06-07,28.82,28.8,28.77,28.67,28.61,28.57,28.55,normal,drought,False,0.818,0.163,0.019,0,0,0.29,10
3,2025-06-08,28.9,28.84,28.79,28.66,28.6,28.54,28.55,normal,drought,False,0.822,0.162,0.016,0,0,0.29,10
3,2025-06-09,28.87,28.82,28.77,28.66,28.59,28.53,28.53,normal,drought,False,0.819,0.164,0.017,0,0,0.29,10
3,2025-06-10,29.02,28.98,28.94,28.84,28.78,28.73,28.73,normal,drought,False,0.804,0.176,0.019,0,0,0.29,10
3,2025-06-11,28.97,28.96,28.95,28.87,28.83,28.82,28.79,normal,drought,False,0.801,0.179,0.02,0,0,0.29,10
3,2025-06-12,20.12,20.02,19.88,19.8,19.78,19.81,19.84,normal,drought,False,0.802,0.174,0.024,0,0,0.57,6
3,2025-06-13,18.65,18.46,18.27,18.15,18.11,18.11,18.18,normal,drought,False,0.809,0.169,0.022,0,0,0.57,6
3,2025-06-14,20.99,20.96,21.0,20.93,20.96,21.0,21.07,normal,drought,False,0.814,0.166,0.02,0,0,0.29,10
3,2025-06-15,22.06,22.19,22.34,22.36,22.45,22.54,22.57,normal,drought,False,0.797,0.181,0.022,0,0,0.29,10
3,2025-06-16,21.82,21.92,22.05,22.04,22.12,22.21,22.24,normal,drought,False,0.793,0.18,0.026,0,0,0.29,10
3,2025-06-17,21.09,21.1,21.17,21.12,21.19,21.29,21.3,normal,drought,False,0.768,0.198,0.034,0,0,0.29,10
3,2025-06-18,20.92,20.91,20.95,20.89,20.95,21.02,21.06,normal,drought,False,0.773,0.193,0.034,0,0,0.29,10
3,2025-06-19,21.13,21.05,21.03,20.92,20.95,20.97,21.04,normal,drought,False,0.773,0.192,0.034,0,0,0.29,10
3,2025-06-20,21.8,21.83,21.9,21.85,21.9,21.92,22.0,normal,drought,False,0.771,0.19,0.039,0,0,0.29,10
3,2025-06-21,22.29,22.46,22.65,22.68,22.75,22.81,22.86,normal,drought,False,0.751,0.204,0.045,0,0,0.29,10
3,2025-06-22,21.83,21.9,22.03,22.0,22.06,22.11,22.17,normal,drought,False,0.764,0.195,0.042,0,0,0.29,10
3,2025-06-23,21.25,21.22,21.26,21.17,21.2,21.22,21.3,normal,drought,False,0.78,0.18,0.04,0,0,0.29,10
3,2025-06-24,20.75,20.7,20.7,20.6,20.62,20.64,20.72,normal,drought,False,0.786,0.176,0.038,0,0,0.57,6
3,2025-06-25,20.74,20.67,20.64,20.54,20.55,20.55,20.65,normal,drought,False,0.787,0.178,0.035,0,0,0.57,6
3,2025-06-26,21.03,21.02,21.06,20.99,21.02,21.05,21.14,normal,drought,False,0.796,0.175,0.029,0,0,0.29,10
3,2025-06-27,21.02,21.05,21.13,21.08,21.11,21.15,21.23,normal,drought,False,0.784,0.18,0.037,0,0,0.29,10
3,2025-06-28,20.52,20.49,20.52,20.43,20.45,20.48,20.56,normal,drought,False,0.785,0.182,0.033,0,0,0.29,10
3,2025-06-29,20.62,20.62,20.66,20.6,20.62,20.66,20.73,normal,drought,False,0.802,0.172,0.026,0,0,0.29,10
3,2025-06-30,20.63,20.61,20.65,20.57,20.59,20.62,20.7,normal,drought,False,0.816,0.165,0.02,0,0,0.29,10
3,2025-07-01,20.61,20.57,20.6,20.5,20.51,20.52,20.63,normal,drought,False,0.8,0.178,0.022,0,0,0.29,10
3,2025-07-02,20.85,20.85,20.94,20.87,20.89,20.91,21.02,normal,drought,False,0.806,0.173,0.02,0,0,0.29,10
3,2025-07-03,20.71,20.7,20.76,20.68,20.7,20.71,20.82,normal,drought,False,0.795,0.182,0.023,0,0,0.29,10
3,2025-07-04,20.59,20.57,20.62,20.54,20.55,20.56,20.67,normal,drought,False,0.809,0.172,0.02,0,0,0.29,10
3,2025-07-05,20.55,20.52,20.58,20.49,20.5,20.5,20.62,normal,drought,False,0.797,0.178,0.025,0,0,0.29,10
3,2025-07-06,20.27,20.25,20.29,20.21,20.22,20.22,20.34,normal,drought,False,0.803,0.173,0.023,0,0,0.57,6
3,2025-07-07,20.36,20.35,20.42,20.34,20.35,20.36,20.49,normal,drought,False,0.789,0.185,0.026,0,0,0.57,6
3,2025-07-08,20.29,20.28,20.35,20.27,20.28,20.29,20.42,normal,drought,False,0.793,0.182,0.026,0,0,0.29,10
3,2025-07-09,20.44,20.45,20.53,20.46,20.47,20.48,20.6,normal,drought,False,0.776,0.189,0.035,0,0,0.29,10
3,2025-07-10,20.36,20.37,20.45,20.38,20.39,20.4,20.52,normal,drought,False,0.786,0.185,0.029,0,0,0.29,10
3,2025-07-11,20.5,20.53,20.61,20.54,20.56,20.57,20.68,normal,drought,False,0.789,0.182,0.029,0,0,0.29,10
3,2025-07-12,20.29,20.29,20.35,20.27,20.28,20.29,20.4,normal,drought,False,0.792,0.179,0.029,0,0,0.29,10
3,2025-07-13,20.34,20.33,20.39,20.31,20.32,20.33,20.44,normal,drought,False,0.769,0.193,0.038,0,0,0.29,10
3,2025-07-14,20.14,20.12,20.16,20.07,20.09,20.09,20.21,normal,drought,False,0.779,0.19,0.031,0,0,0.29,10
3,2025-07-15,20.3,20.28,20.33,20.25,20.26,20.28,20.38,normal,drought,False,0.768,0.198,0.035,0,0,0.29,10
3,2025-07-16,20.05,20.02,20.07,19.99,20.0,20.01,20.12,normal,drought,False,0.784,0.186,0.03,0,0,0.29,10
3,2025-07-17,20.34,20.34,20.41,20.35,20.39,20.43,20.52,normal,drought,False,0.779,0.19,0.031,0,0,0.29,10
3,2025-07-18,21.69,21.72,21.81,21.74,21.75,21.78,21.86,normal,drought,False,0.795,0.18,0.025,0,0,0.57,6
3,2025-07-19,22.08,22.1,22.18,22.11,22.14,22.17,22.24,normal,drought,False,0.787,0.187,0.025,0,0,0.57,6
3,2025-07-20,21.85,21.88,21.95,21.89,21.91,21.93,22.01,normal,drought,False,0.787,0.185,0.028,0,0,0.29,10
3,2025-07-21,22.36,22.4,22.49,22.45,22.49,22.54,22.59,normal,drought,False,0.8,0.178,0.022,0,0,0.29,10
3,2025-07-22,22.02,22.04,22.12,22.07,22.1,22.15,22.21,normal,drought,False,0.805,0.174,0.021,0,0,0.29,10
3,2025-07-23,22.1,22.1,22.16,22.1,22.13,22.18,22.23,normal,drought,False,0.799,0.178,0.024,0,0,0.29,10
3,2025-07-24,22.07,22.08,22.14,22.09,22.12,22.16,22.22,normal,drought,False,0.788,0.185,0.027,0,0,0.29,10
3,2025-07-25,22.38,22.37,22.42,22.35,22.38,22.41,22.48,normal,drought,False,0.789,0.185,0.027,0,0,0.29,10
3,2025-07-26,22.47,22.5,22.58,22.53,22.56,22.6,22.67,normal,drought,False,0.781,0.191,0.028,0,0,0.29,10
3,2025-07-27,22.67,22.72,22.82,22.78,22.82,22.87,22.92,normal,drought,False,0.772,0.195,0.033,0,0,0.29,10
3,2025-07-28,22.42,22.43,22.5,22.42,22.45,22.46,22.54,normal,drought,False,0.769,0.199,0.032,0,0,0.29,10
3,2025-07-29,22.58,22.58,22.64,22.55,22.57,22.58,22.66,normal,drought,False,0.776,0.189,0.035,0,0,0.29,10
3,2025-07-30,22.2,22.2,22.26,22.18,22.18,22.19,22.28,normal,drought,False,0.782,0.187,0.031,0,0,0.57,6
3,2025-07-31,22.06,22.03,22.05,21.96,21.96,21.95,22.04,normal,drought,False,0.781,0.186,0.033,0,0,0.57,6
3,2025-08-01,21.97,21.97,22.02,21.94,21.95,21.96,22.05,normal,drought,False,0.778,0.187,0.035,0,0,0.29,10
3,2025-08-02,22.17,22.2,22.27,22.21,22.23,22.27,22.33,normal,drought,False,0.771,0.189,0.04,0,0,0.29,10
3,2025-08-03,21.76,21.76,21.79,21.72,21.74,21.79,21.84,normal,drought,False,0.778,0.184,0.037,0,0,0.29,10
3,2025-08-04,21.35,21.3,21.3,21.22,21.24,21.29,21.33,normal,drought,False,0.789,0.179,0.032,0,0,0.29,10
3,2025-08-05,21.67,21.66,21.7,21.63,21.66,21.71,21.77,normal,drought,False,0.765,0.196,0.039,0,0,0.29,10
3,2025-08-06,21.23,21.17,21.16,21.06,21.08,21.12,21.18,normal,drought,False,0.759,0.204,0.037,0,0,0.29,10
3,2025-08-07,21.97,21.98,22.05,21.99,22.02,22.06,22.13,normal,drought,False,0.758,0.207,0.036,0,0,0.29,10
3,2025-08-08,22.32,22.46,22.62,22.63,22.69,22.74,22.8,normal,drought,False,0.776,0.193,0.031,0,0,0.29,10
3,2025-08-09,22.51,22.59,22.72,22.69,22.74,22.78,22.84,normal,drought,False,0.763,0.203,0.034,0,0,0.29,10
3,2025-08-10,22.11,22.15,22.25,22.2,22.24,22.28,22.34,normal,drought,False,0.787,0.186,0.027,0,0,0.29,10
3,2025-08-11,24.04,24.05,24.1,24.02,24.03,24.04,24.09,normal,drought,False,0.786,0.187,0.028,0,0,0.57,6
3,2025-08-12,24.31,24.32,24.36,24.29,24.3,24.31,24.36,normal,drought,False,0.797,0.175,0.028,0,0,0.57,6
3,2025-08-13,24.1,24.08,24.09,24.01,24.02,24.03,24.08,normal,drought,False,0.776,0.188,0.035,0,0,0.29,10
3,2025-08-14,24.14,24.15,24.19,24.12,24.13,24.15,24.19,normal,drought,False,0.785,0.18,0.035,0,0,0.29,10
3,2025-08-15,24.06,24.08,24.14,24.08,24.09,24.11,24.16,normal,drought,False,0.761,0.193,0.046,0,0,0.29,10
3,2025-08-16,24.12,24.14,24.2,24.14,24.14,24.16,24.21,normal,drought,False,0.765,0.188,0.047,0,0,0.29,10
3,2025-08-17,24.13,24.14,24.19,24.12,24.12,24.14,24.19,normal,drought,False,0.76,0.193,0.047,0,0,0.29,10
3,2025-08-18,24.22,24.24,24.29,24.22,24.22,24.24,24.28,normal,drought,False,0.771,0.189,0.04,0,0,0.29,10
3,2025-08-19,24.29,24.3,24.36,24.29,24.29,24.3,24.35,normal,drought,False,0.754,0.197,0.05,0,0,0.29,10
3,2025-08-20,24.2,24.18,24.22,24.12,24.11,24.09,24.17,normal,drought,False,0.736,0.203,0.062,0,0,0.29,10
3,2025-08-21,24.11,24.11,24.14,24.05,24.03,24.02,24.09,normal,drought,False,0.751,0.197,0.052,0,0,0.29,10
3,2025-08-22,24.1,24.11,24.14,24.06,24.04,24.03,24.09,normal,drought,False,0.754,0.199,0.047,0,0,0.29,10
3,2025-08-23,23.98,23.99,24.04,23.96,23.95,23.95,24.02,normal,drought,False,0.734,0.203,0.063,0,0,0.57,6
3,2025-08-24,23.54,23.53,23.56,23.48,23.47,23.47,23.54,normal,drought,False,0.731,0.198,0.071,0,0,0.57,6
3,2025-08-25,23.37,23.33,23.33,23.21,23.19,23.16,23.26,normal,drought,False,0.733,0.202,0.065,0,0,0.29,10
3,2025-08-26,23.39,23.37,23.37,23.28,23.26,23.25,23.32,normal,drought,False,0.764,0.194,0.043,0,0,0.29,10
3,2025-08-27,23.85,23.86,23.92,23.84,23.84,23.84,23.91,normal,drought,False,0.724,0.211,0.065,0,0,0.29,10
3,2025-08-28,23.6,23.59,23.64,23.56,23.55,23.55,23.63,normal,drought,False,0.725,0.211,0.063,0,0,0.29,10
3,2025-08-29,23.42,23.42,23.47,23.39,23.38,23.38,23.46,normal,drought,False,0.722,0.209,0.069,0,0,0.29,10
3,2025-08-30,23.36,23.35,23.39,23.31,23.29,23.29,23.37,normal,drought,False,0.765,0.196,0.039,0,0,0.29,10
3,2025-08-31,23.69,23.69,23.73,23.65,23.65,23.65,23.72,normal,drought,False,0.722,0.214,0.064,0,0,0.29,10
4,2025-03-01,0.15,0.16,0.18,0.26,0.35,0.55,0.68,drought,normal,False,0.319,0.358,0.323,7,0,0.29,10
4,2025-03-02,0.21,0.27,0.3,0.41,0.51,0.72,0.85,drought,drought,True,0.406,0.325,0.27,7,0,0.29,10
4,2025-03-03,0.2,0.24,0.27,0.37,0.47,0.66,0.81,drought,drought,True,0.458,0.303,0.24,7,0,0.29,10
4,2025-03-04,0.21,0.26,0.28,0.38,0.47,0.65,0.81,drought,drought,True,0.439,0.312,0.248,7,0,0.29,10
4,2025-03-05,0.23,0.29,0.32,0.42,0.51,0.69,0.86,drought,drought,True,0.464,0.298,0.238,7,0,0.29,10
4,2025-03-06,0.29,0.35,0.38,0.48,0.57,0.73,0.92,drought,drought,True,0.508,0.28,0.211,7,0,0.29,10
4,2025-03-07,0.29,0.34,0.38,0.47,0.56,0.71,0.9,drought,drought,True,0.5,0.283,0.218,7,0,0.29,10
4,2025-03-08,0.3,0.35,0.38,0.48,0.56,0.71,0.91,drought,drought,True,0.479,0.296,0.225,7,0,0.57,6
4,2025-03-09,0.29,0.33,0.37,0.47,0.55,0.7,0.89,drought,drought,True,0.499,0.282,0.22,7,0,0.57,6
4,2025-03-10,0.28,0.31,0.34,0.44,0.51,0.66,0.86,drought,drought,True,0.513,0.265,0.222,7,0,0.29,10
4,2025-03-11,0.1,0.11,0.12,0.2,0.29,0.48,0.63,drought,drought,True,0.529,0.267,0.204,7,0,0.29,10
4,2025-03-12,0.1,0.14,0.16,0.26,0.36,0.59,0.7,drought,drought,True,0.52,0.262,0.218,7,0,0.29,10
4,2025-03-13,0.18,0.18,0.19,0.26,0.32,0.49,0.67,drought,drought,True,0.484,0.277,0.24,7,0,0.29,10
4,2025-03-14,0.19,0.18,0.18,0.25,0.31,0.47,0.65,drought,drought,True,0.48,0.28,0.24,7,0,0.29,10
4,2025-03-15,0.26,0.32,0.35,0.44,0.52,0.69,0.86,drought,drought,True,0.511,0.28,0.209,7,0,0.29,10
4,2025-03-16,0.33,0.41,0.45,0.56,0.65,0.83,1.0,drought,drought,True,0.552,0.258,0.19,7,0,0.29,10
4,2025-03-17,0.11,0.17,0.19,0.29,0.39,0.6,0.73,drought,drought,True,0.535,0.262,0.202,7,0,0.29,10
4,2025-03-18,0.21,0.27,0.31,0.41,0.51,0.69,0.85,drought,drought,True,0.433,0.319,0.248,7,0,0.29,10
4,2025-03-19,0.22,0.24,0.25,0.33,0.4,0.56,0.74,drought,drought,True,0.564,0.255,0.181,7,0,0.29,10
4,2025-03-20,0.29,0.32,0.35,0.44,0.53,0.7,0.87,drought,drought,True,0.537,0.278,0.185,7,0,0.57,6
4,2025-03-21,0.25,0.3,0.32,0.41,0.5,0.67,0.84,drought,drought,True,0.535,0.272,0.193,7,0,0.57,6
4,2025-03-22,0.31,0.36,0.39,0.47,0.54,0.7,0.87,drought,drought,True,0.459,0.315,0.226,7,0,0.29,10
4,2025-03-23,0.15,0.18,0.19,0.27,0.33,0.5,0.67,drought,drought,True,0.608,0.229,0.163,7,0,0.29,10
4,2025-03-24,0.3,0.33,0.34,0.41,0.47,0.63,0.81,drought,drought,True,0.552,0.259,0.189,7,0,0.29,10
4,2025-03-25,0.24,0.26,0.28,0.34,0.4,0.56,0.74,drought,drought,True,0.611,0.234,0.156,7,0,0.29,10
4,2025-03-26,0.22,0.2,0.21,0.26,0.32,0.48,0.65,drought,drought,True,0.624,0.227,0.148,7,0,0.29,10
4,2025-03-27,0.21,0.22,0.23,0.3,0.36,0.51,0.7,drought,drought,True,0.648,0.213,0.139,7,0,0.29,10
4,2025-03-28,0.24,0.25,0.26,0.32,0.37,0.52,0.71,drought,drought,True,0.614,0.229,0.156,7,0,0.29,10
4,2025-03-29,0.21,0.22,0.22,0.28,0.33,0.48,0.67,drought,drought,True,0.64,0.216,0.144,7,0,0.29,10
4,2025-03-30,0.33,0.35,0.37,0.43,0.49,0.63,0.82,drought,drought,True,0.607,0.226,0.167,7,0,0.29,10
4,2025-03-31,0.28,0.29,0.3,0.35,0.41,0.55,0.74,drought,drought,True,0.648,0.215,0.137,7,0,0.29,10
4,2025-04-01,0.28,0.28,0.28,0.33,0.38,0.52,0.71,drought,drought,True,0.627,0.22,0.153,7,0,0.57,6
4,2025-04-02,0.19,0.18,0.19,0.24,0.3,0.48,0.64,drought,drought,True,0.648,0.213,0.139,7,0,0.57,6
4,2025-04-03,0.16,0.15,0.16,0.21,0.29,0.47,0.62,drought,drought,True,0.65,0.209,0.14,7,0,0.29,10
4,2025-04-04,0.2,0.23,0.26,0.36,0.45,0.65,0.79,drought,drought,True,0.636,0.216,0.148,7,0,0.29,10
4,2025-04-05,0.27,0.31,0.36,0.46,0.55,0.75,0.89,drought,drought,True,0.597,0.226,0.177,7,0,0.29,10
4,2025-04-06,0.29,0.32,0.35,0.45,0.54,0.72,0.88,drought,drought,True,0.621,0.231,0.149,7,0,0.29,10
4,2025-04-07,0.36,0.43,0.48,0.6,0.71,0.89,1.05,drought,drought,True,0.599,0.231,0.17,7,0,0.29,10
4,2025-04-08,0.4,0.47,0.52,0.63,0.73,0.91,1.06,drought,drought,True,0.62,0.229,0.151,7,0,0.29,10
4,2025-04-09,0.43,0.49,0.52,0.61,0.7,0.87,1.03,drought,drought,True,0.621,0.231,0.147,7,0,0.29,10
4,2025-04-10,0.33,0.38,0.4,0.49,0.57,0.74,0.91,drought,drought,True,0.656,0.226,0.118,7,0,0.29,10
4,2025-04-11,0.29,0.32,0.34,0.42,0.51,0.69,0.84,drought,drought,True,0.644,0.23,0.126,7,0,0.29,10
4,2025-04-12,0.26,0.27,0.28,0.35,0.43,0.6,0.76,drought,drought,True,0.648,0.228,0.124,7,0,0.29,10
4,2025-04-13,0.27,0.27,0.28,0.35,0.42,0.58,0.76,drought,drought,True,0.641,0.233,0.126,7,0,0.57,6
4,2025-04-14,0.22,0.25,0.26,0.33,0.4,0.56,0.74,drought,drought,True,0.673,0.214,0.113,7,0,0.57,6
4,2025-04-15,0.25,0.29,0.32,0.4,0.48,0.66,0.82,drought,drought,True,0.669,0.217,0.114,7,0,0.29,10
4,2025-04-16,0.27,0.31,0.32,0.4,0.47,0.63,0.81,drought,drought,True,0.666,0.213,0.121,7,0,0.29,10
4,2025-04-17,0.25,0.28,0.3,0.37,0.44,0.6,0.77,drought,drought,True,0.624,0.218,0.158,7,0,0.29,10
4,2025-04-18,0.23,0.25,0.25,0.31,0.37,0.53,0.7,drought,drought,True,0.623,0.227,0.15,7,0,0.29,10
4,2025-04-19,0.27,0.3,0.31,0.37,0.43,0.58,0.77,drought,drought,True,0.609,0.24,0.151,7,0,0.29,10
4,2025-04-20,0.23,0.23,0.24,0.29,0.34,0.5,0.68,drought,drought,True,0.647,0.22,0.133,7,0,0.29,10
4,2025-04-21,0.23,0.24,0.24,0.29,0.34,0.49,0.68,drought,drought,True,0.64,0.219,0.141,7,0,0.29,10
4,2025-04-22,0.2,0.2,0.2,0.25,0.31,0.47,0.65,drought,drought,True,0.646,0.222,0.132,7,0,0.29,10
4,2025-04-23,0.18,0.17,0.18,0.23,0.29,0.46,0.63,drought,drought,True,0.641,0.224,0.135,7,0,0.29,10
4,2025-04-24,0.16,0.16,0.16,0.22,0.27,0.44,0.61,drought,drought,True,0.651,0.218,0.131,7,0,0.29,10
4,2025-04-25,0.17,0.16,0.17,0.22,0.28,0.44,0.61,drought,drought,True,0.644,0.222,0.134,7,0,0.57,6
4,2025-04-26,0.2,0.23,0.24,0.31,0.37,0.54,0.71,drought,drought,True,0.648,0.227,0.125,7,0,0.57,6
4,2025-04-27,0.23,0.26,0.27,0.35,0.42,0.58,0.76,drought,drought,True,0.648,0.224,0.128,7,0,0.29,10
4,2025-04-28,0.19,0.22,0.24,0.32,0.39,0.57,0.73,drought,drought,True,0.644,0.227,0.129,7,0,0.29,10
4,2025-04-29,0.22,0.25,0.28,0.36,0.44,0.62,0.78,drought,drought,True,0.634,0.232,0.135,7,0,0.29,10
4,2025-04-30,0.19,0.22,0.25,0.34,0.43,0.62,0.77,drought,drought,True,0.646,0.231,0.123,7,0,0.29,10
4,2025-05-01,0.17,0.22,0.25,0.35,0.45,0.66,0.79,drought,drought,True,0.644,0.23,0.127,7,0,0.29,10
4,2025-05-02,0.27,0.33,0.35,0.44,0.53,0.7,0.86,drought,drought,True,0.651,0.227,0.122,7,0,0.29,10
4,2025-05-03,0.24,0.29,0.31,0.39,0.47,0.64,0.81,drought,drought,True,0.646,0.23,0.124,7,0,0.29,10
4,2025-05-04,0.26,0.31,0.32,0.41,0.49,0.65,0.83,drought,drought,True,0.66,0.224,0.116,7,0,0.29,10
4,2025-05-05,0.35,0.41,0.43,0.52,0.59,0.75,0.93,drought,drought,True,0.655,0.223,0.122,7,0,0.29,10
4,2025-05-06,0.32,0.37,0.39,0.47,0.54,0.71,0.88,drought,drought,True,0.645,0.227,0.128,7,0,0.29,10
4,2025-05-07,1.03,1.06,1.09,1.18,1.26,1.42,1.57,drought,drought,True,0.655,0.223,0.122,7,0,0.57,6
4,2025-05-08,1.0,1.01,1.03,1.1,1.18,1.34,1.48,drought,drought,True,0.676,0.214,0.111,7,0,0.57,6
4,2025-05-09,1.15,1.12,1.14,1.2,1.28,1.43,1.59,drought,drought,True,0.665,0.215,0.121,7,0,0.29,10
4,2025-05-10,1.12,1.12,1.14,1.2,1.27,1.42,1.57,drought,drought,True,0.651,0.222,0.127,7,0,0.29,10
4,2025-05-11,1.18,1.19,1.23,1.3,1.38,1.53,1.68,drought,drought,True,0.656,0.221,0.124,7,0,0.29,10
4,2025-05-12,1.16,1.17,1.19,1.27,1.34,1.49,1.66,drought,drought,True,0.657,0.222,0.122,7,0,0.29,10
4,2025-05-13,1.01,1.0,1.01,1.07,1.13,1.28,1.45,drought,drought,True,0.629,0.226,0.145,7,0,0.29,10
4,2025-05-14,1.05,1.02,1.03,1.07,1.14,1.27,1.44,drought,drought,True,0.633,0.227,0.139,7,0,0.29,10
4,2025-05-15,1.02,0.99,1.0,1.04,1.1,1.24,1.41,drought,drought,True,0.645,0.224,0.132,7,0,0.29,10
4,2025-05-16,0.97,0.95,0.97,1.02,1.08,1.22,1.39,drought,drought,True,0.654,0.216,0.13,7,0,0.29,10
4,2025-05-17,0.96,0.94,0.96,1.01,1.08,1.23,1.39,drought,drought,True,0.644,0.224,0.133,7,0,0.29,10
4,2025-05-18,0.94,0.95,0.98,1.06,1.17,1.38,1.49,drought,drought,True,0.643,0.228,0.13,7,0,0.29,10
4,2025-05-19,0.35,0.32,0.33,0.38,0.48,0.66,0.82,drought,drought,True,0.639,0.223,0.138,7,0,0.57,6
4,2025-05-20,0.18,0.16,0.16,0.22,0.31,0.5,0.65,drought,drought,True,0.633,0.22,0.148,7,0,0.57,6
4,2025-05-21,0.16,0.15,0.16,0.22,0.28,0.45,0.62,drought,drought,True,0.634,0.225,0.141,7,0,0.29,10
4,2025-05-22,0.15,0.2,0.22,0.32,0.4,0.58,0.75,drought,drought,True,0.64,0.236,0.124,7,0,0.29,10
4,2025-05-23,0.25,0.31,0.33,0.41,0.49,0.66,0.83,drought,drought,True,0.628,0.237,0.135,7,0,0.29,10
4,2025-05-24,0.24,0.31,0.33,0.43,0.51,0.68,0.86,drought,drought,True,0.611,0.239,0.15,7,0,0.29,10
4,2025-05-25,0.15,0.17,0.18,0.25,0.33,0.5,0.66,drought,drought,True,0.629,0.236,0.134,7,0,0.29,10
4,2025-05-26,0.12,0.15,0.16,0.24,0.32,0.51,0.66,drought,drought,True,0.657,0.231,0.112,7,0,0.29,10
4,2025-05-27,0.19,0.2,0.2,0.27,0.33,0.49,0.67,drought,drought,True,0.649,0.226,0.125,7,0,0.29,10
4,2025-05-28,0.12,0.13,0.13,0.2,0.27,0.45,0.61,drought,drought,True,0.65,0.221,0.13,7,0,0.29,10
4,2025-05-29,0.3,0.35,0.36,0.44,0.5,0.65,0.84,drought,drought,True,0.642,0.225,0.133,7,0,0.29,10
4,2025-05-30,0.25,0.29,0.31,0.39,0.45,0.61,0.81,drought,drought,True,0.637,0.227,0.136,7,0,0.29,10
4,2025-05-31,0.14,0.15,0.16,0.22,0.29,0.47,0.63,drought,drought,True,0.653,0.222,0.125,7,0,0.57,6
4,2025-06-01,0.15,0.17,0.17,0.24,0.3,0.47,0.65,drought,drought,True,0.647,0.224,0.129,7,0,0.57,6
4,2025-06-02,0.16,0.15,0.15,0.19,0.24,0.41,0.58,drought,drought,True,0.654,0.218,0.128,7,0,0.29,10
4,2025-06-03,0.2,0.2,0.21,0.26,0.31,0.46,0.65,drought,drought,True,0.653,0.215,0.132,7,0,0.29,10
4,2025-06-04,0.27,0.31,0.32,0.4,0.46,0.61,0.8,drought,drought,True,0.65,0.227,0.123,7,0,0.29,10
4,2025-06-05,0.25,0.26,0.27,0.33,0.39,0.54,0.73,drought,drought,True,0.657,0.222,0.121,7,0,0.29,10
4,2025-06-06,0.2,0.2,0.21,0.26,0.32,0.48,0.66,drought,drought,True,0.629,0.226,0.145,7,0,0.29,10
4,2025-06-07,0.2,0.19,0.19,0.24,0.29,0.44,0.62,drought,drought,True,0.632,0.213,0.154,7,0,0.29,10
4,2025-06-08,0.26,0.25,0.26,0.31,0.36,0.5,0.7,drought,drought,True,0.652,0.22,0.128,7,0,0.29,10
4,2025-06-09,0.28,0.28,0.29,0.34,0.39,0.53,0.73,drought,drought,True,0.655,0.216,0.129,7,0,0.29,10
4,2025-06-10,0.28,0.28,0.29,0.34,0.4,0.54,0.74,drought,drought,True,0.619,0.23,0.151,7,0,0.29,10
4,2025-06-11,0.19,0.19,0.2,0.25,0.33,0.5,0.66,drought,drought,True,0.621,0.227,0.152,7,0,0.29,10
4,2025-06-12,0.12,0.12,0.13,0.19,0.27,0.46,0.61,drought,drought,True,0.65,0.208,0.142,7,0,0.57,6
4,2025-06-13,0.21,0.2,0.21,0.26,0.32,0.48,0.66,drought,drought,True,0.645,0.208,0.147,7,0,0.57,6
4,2025-06-14,0.2,0.19,0.2,0.26,0.32,0.48,0.66,drought,drought,True,0.65,0.21,0.14,7,0,0.29,10
4,2025-06-15,0.15,0.17,0.19,0.27,0.37,0.57,0.71,drought,drought,True,0.648,0.222,0.131,7,0,0.29,10
4,2025-06-16,0.17,0.21,0.24,0.33,0.44,0.63,0.77,drought,drought,True,0.641,0.216,0.142,7,0,0.29,10
4,2025-06-17,0.08,0.1,0.11,0.19,0.29,0.49,0.62,drought,drought,True,0.624,0.221,0.155,7,0,0.29,10
4,2025-06-18,0.08,0.1,0.11,0.19,0.27,0.46,0.61,drought,drought,True,0.635,0.217,0.148,7,0,0.29,10
4,2025-06-19,0.25,0.31,0.33,0.44,0.51,0.68,0.87,drought,drought,True,0.658,0.218,0.124,7,0,0.29,10
4,2025-06-20,0.28,0.34,0.36,0.45,0.53,0.69,0.88,drought,drought,True,0.649,0.218,0.133,7,0,0.29,10
4,2025-06-21,0.22,0.28,0.3,0.39,0.48,0.64,0.82,drought,drought,True,0.633,0.223,0.144,7,0,0.29,10
4,2025-06-22,0.21,0.26,0.28,0.37,0.45,0.61,0.79,drought,drought,True,0.639,0.219,0.142,7,0,0.29,10
4,2025-06-23,0.19,0.21,0.22,0.29,0.35,0.5,0.69,drought,drought,True,0.665,0.208,0.127,7,0,0.29,10
4,2025-06-24,0.18,0.19,0.2,0.26,0.31,0.47,0.65,drought,drought,True,0.653,0.213,0.134,7,0,0.57,6
4,2025-06-25,0.26,0.28,0.3,0.36,0.41,0.55,0.75,drought,drought,True,0.654,0.214,0.132,7,0,0.57,6
4,2025-06-26,0.22,0.23,0.24,0.3,0.36,0.51,0.7,drought,drought,True,0.662,0.214,0.124,7,0,0.29,10
4,2025-06-27,0.16,0.16,0.16,0.21,0.27,0.42,0.61,drought,drought,True,0.629,0.217,0.154,7,0,0.29,10
4,2025-06-28,0.19,0.19,0.19,0.24,0.29,0.44,0.63,drought,drought,True,0.617,0.222,0.161,7,0,0.29,10
4,2025-06-29,0.14,0.13,0.12,0.17,0.22,0.39,0.56,drought,drought,True,0.656,0.211,0.133,7,0,0.29,10
4,2025-06-30,0.2,0.2,0.2,0.25,0.29,0.44,0.63,drought,drought,True,0.659,0.211,0.13,7,0,0.29,10
4,2025-07-01,0.33,0.35,0.37,0.43,0.48,0.62,0.81,drought,drought,True,0.635,0.218,0.147,7,0,0.29,10
4,2025-07-02,0.31,0.32,0.33,0.37,0.43,0.56,0.76,drought,drought,True,0.624,0.219,0.157,7,0,0.29,10
4,2025-07-03,0.33,0.34,0.35,0.4,0.46,0.6,0.79,drought,drought,True,0.623,0.222,0.155,7,0,0.29,10
4,2025-07-04,0.3,0.29,0.3,0.34,0.39,0.53,0.72,drought,drought,True,0.633,0.217,0.15,7,0,0.29,10
4,2025-07-05,0.32,0.3,0.31,0.34,0.38,0.5,0.71,drought,drought,True,0.617,0.214,0.17,7,0,0.29,10
4,2025-07-06,0.31,0.3,0.3,0.33,0.37,0.5,0.7,drought,drought,True,0.614,0.212,0.173,7,0,0.57,6
4,2025-07-07,0.35,0.33,0.33,0.37,0.41,0.54,0.74,drought,drought,True,0.611,0.219,0.17,7,0,0.57,6
4,2025-07-08,0.4,0.39,0.39,0.43,0.47,0.59,0.8,drought,drought,True,0.601,0.218,0.181,7,0,0.29,10
4,2025-07-09,0.37,0.35,0.35,0.37,0.41,0.54,0.74,drought,drought,True,0.579,0.208,0.214,7,0,0.29,10
4,2025-07-10,0.38,0.35,0.35,0.37,0.41,0.54,0.73,drought,drought,True,0.577,0.216,0.207,7,0,0.29,10
4,2025-07-11,0.38,0.36,0.35,0.38,0.42,0.56,0.75,drought,drought,True,0.603,0.211,0.186,7,0,0.29,10
4,2025-07-12,0.36,0.32,0.31,0.32,0.36,0.49,0.69,drought,drought,True,0.578,0.209,0.213,7,0,0.29,10
4,2025-07-13,0.35,0.31,0.3,0.31,0.35,0.49,0.68,drought,drought,True,0.534,0.216,0.251,7,0,0.29,10
4,2025-07-14,0.37,0.33,0.33,0.34,0.39,0.51,0.71,drought,drought,True,0.541,0.221,0.238,7,0,0.29,10
4,2025-07-15,0.35,0.31,0.31,0.33,0.38,0.51,0.71,drought,drought,True,0.545,0.226,0.229,7,0,0.29,10
4,2025-07-16,0.36,0.33,0.33,0.35,0.4,0.52,0.72,drought,drought,True,0.525,0.217,0.258,7,0,0.29,10
4,2025-07-17,0.25,0.22,0.22,0.26,0.33,0.49,0.66,drought,drought,True,0.545,0.225,0.23,7,0,0.29,10
4,2025-07-18,0.3,0.27,0.27,0.3,0.35,0.5,0.69,drought,drought,True,0.559,0.222,0.22,7,0,0.57,6
4,2025-07-19,0.26,0.26,0.26,0.31,0.38,0.54,0.71,drought,drought,True,0.577,0.228,0.195,7,0,0.57,6
4,2025-07-20,0.29,0.27,0.27,0.3,0.36,0.51,0.69,drought,drought,True,0.531,0.225,0.243,7,0,0.29,10
4,2025-07-21,0.24,0.26,0.27,0.34,0.42,0.58,0.76,drought,drought,True,0.591,0.231,0.178,7,0,0.29,10
4,2025-07-22,0.24,0.23,0.24,0.29,0.36,0.52,0.7,drought,drought,True,0.583,0.225,0.193,7,0,0.29,10
4,2025-07-23,0.21,0.21,0.23,0.3,0.37,0.54,0.71,drought,drought,True,0.611,0.222,0.167,7,0,0.29,10
4,2025-07-24,0.23,0.23,0.25,0.31,0.39,0.55,0.72,drought,drought,True,0.584,0.224,0.191,7,0,0.29,10
4,2025-07-25,0.29,0.32,0.35,0.43,0.51,0.67,0.85,drought,drought,True,0.639,0.221,0.14,7,0,0.29,10
4,2025-07-26,0.31,0.34,0.37,0.44,0.52,0.68,0.86,drought,drought,True,0.61,0.227,0.163,7,0,0.29,10
4,2025-07-27,0.24,0.27,0.29,0.37,0.45,0.61,0.79,drought,drought,True,0.636,0.222,0.143,7,0,0.29,10
4,2025-07-28,0.36,0.4,0.42,0.49,0.56,0.7,0.89,drought,drought,True,0.602,0.228,0.17,7,0,0.29,10
4,2025-07-29,0.31,0.34,0.36,0.42,0.47,0.62,0.81,drought,drought,True,0.652,0.21,0.138,7,0,0.29,10
4,2025-07-30,0.34,0.35,0.36,0.41,0.46,0.6,0.79,drought,drought,True,0.636,0.214,0.15,7,0,0.57,6
4,2025-07-31,0.36,0.39,0.4,0.45,0.51,0.64,0.84,drought,drought,True,0.656,0.21,0.135,7,0,0.57,6
4,2025-08-01,0.28,0.26,0.26,0.29,0.33,0.48,0.66,drought,drought,True,0.636,0.209,0.155,7,0,0.29,10
4,2025-08-02,0.19,0.18,0.18,0.22,0.28,0.45,0.61,drought,drought,True,0.645,0.206,0.149,7,0,0.29,10
4,2025-08-03,0.17,0.15,0.14,0.18,0.25,0.43,0.58,drought,drought,True,0.637,0.205,0.158,7,0,0.29,10
4,2025-08-04,0.13,0.1,0.1,0.14,0.21,0.4,0.55,drought,drought,True,0.655,0.205,0.14,7,0,0.29,10
4,2025-08-05,0.2,0.18,0.19,0.25,0.32,0.49,0.66,drought,drought,True,0.617,0.212,0.171,7,0,0.29,10
4,2025-08-06,0.17,0.19,0.2,0.27,0.35,0.51,0.69,drought,drought,True,0.615,0.224,0.161,7,0,0.29,10
4,2025-08-07,0.29,0.34,0.36,0.45,0.52,0.68,0.86,drought,drought,True,0.603,0.23,0.166,7,0,0.29,10
4,2025-08-08,0.28,0.34,0.37,0.47,0.55,0.71,0.89,drought,drought,True,0.623,0.222,0.155,7,0,0.29,10
4,2025-08-09,0.27,0.31,0.33,0.4,0.48,0.64,0.82,drought,drought,True,0.605,0.233,0.162,7,0,0.29,10
4,2025-08-10,0.22,0.25,0.26,0.34,0.42,0.58,0.76,drought,drought,True,0.643,0.225,0.132,7,0,0.29,10
4,2025-08-11,0.84,0.86,0.89,0.97,1.04,1.19,1.35,drought,drought,True,0.634,0.225,0.141,7,0,0.57,6
4,2025-08-12,0.88,0.91,0.95,1.02,1.09,1.24,1.41,drought,drought,True,0.643,0.214,0.143,7,0,0.57,6
4,2025-08-13,1.09,1.07,1.1,1.17,1.26,1.4,1.57,drought,drought,True,0.647,0.213,0.14,7,0,0.29,10
4,2025-08-14,1.01,1.02,1.06,1.15,1.23,1.39,1.55,drought,drought,True,0.674,0.201,0.125,7,0,0.29,10
4,2025-08-15,0.98,0.99,1.03,1.11,1.19,1.33,1.5,drought,drought,True,0.652,0.203,0.145,7,0,0.29,10
4,2025-08-16,0.94,0.95,0.99,1.07,1.14,1.29,1.46,drought,drought,True,0.642,0.202,0.155,7,0,0.29,10
4,2025-08-17,1.04,1.04,1.08,1.15,1.23,1.38,1.54,drought,drought,True,0.657,0.203,0.14,7,0,0.29,10
4,2025-08-18,1.01,1.01,1.04,1.1,1.18,1.33,1.48,drought,drought,True,0.663,0.203,0.134,7,0,0.29,10
4,2025-08-19,1.06,1.05,1.09,1.14,1.22,1.36,1.53,drought,drought,True,0.631,0.203,0.166,7,0,0.29,10
4,2025-08-20,1.21,1.21,1.24,1.31,1.38,1.5,1.68,drought,drought,True,0.606,0.206,0.188,7,0,0.29,10
4,2025-08-21,1.15,1.14,1.17,1.22,1.28,1.41,1.59,drought,drought,True,0.632,0.205,0.164,7,0,0.29,10
4,2025-08-22,1.19,1.18,1.19,1.24,1.31,1.44,1.61,drought,drought,True,0.644,0.208,0.148,7,0,0.29,10
4,2025-08-23,0.46,0.43,0.45,0.49,0.56,0.7,0.89,drought,drought,True,0.613,0.207,0.18,7,0,0.57,6
4,2025-08-24,0.38,0.34,0.34,0.37,0.43,0.58,0.76,drought,drought,True,0.583,0.204,0.213,7,0,0.57,6
4,2025-08-25,0.34,0.31,0.31,0.33,0.37,0.5,0.7,drought,drought,True,0.594,0.203,0.203,7,0,0.29,10
4,2025-08-26,0.31,0.29,0.29,0.32,0.36,0.5,0.69,drought,drought,True,0.628,0.21,0.162,7,0,0.29,10
4,2025-08-27,0.34,0.31,0.32,0.35,0.41,0.54,0.74,drought,drought,True,0.588,0.214,0.198,7,0,0.29,10
4,2025-08-28,0.35,0.34,0.35,0.4,0.46,0.59,0.79,drought,drought,True,0.545,0.217,0.237,7,0,0.29,10
4,2025-08-29,0.3,0.27,0.28,0.31,0.37,0.5,0.7,drought,drought,True,0.569,0.204,0.227,7,0,0.29,10
4,2025-08-30,0.34,0.32,0.33,0.36,0.42,0.55,0.75,drought,drought,True,0.6,0.213,0.188,7,0,0.29,10
4,2025-08-31,0.33,0.32,0.33,0.37,0.43,0.57,0.76,drought,drought,True,0.595,0.214,0.191,7,0,0.29,10
5,2025-03-01,8.33,8.34,8.4,8.41,8.52,8.69,8.82,drought,normal,False,0.27,0.659,0.071,7,0,0.29,10
5,2025-03-02,9.11,9.22,9.36,9.42,9.57,9.75,9.88,drought,normal,False,0.31,0.611,0.078,7,0,0.29,10
5,2025-03-03,8.62,8.65,8.72,8.74,8.86,9.02,9.16,drought,normal,False,0.35,0.564,0.087,7,0,0.29,10
5,2025-03-04,8.71,8.71,8.75,8.76,8.86,9.01,9.16,drought,normal,False,0.308,0.602,0.091,7,0,0.29,10
5,2025-03-05,8.68,8.71,8.79,8.81,8.92,9.06,9.22,drought,normal,False,0.328,0.576,0.096,7,0,0.29,10
5,2025-03-06,8.8,8.78,8.81,8.81,8.89,9.02,9.18,drought,normal,False,0.34,0.561,0.099,7,0,0.29,10
5,2025-03-07,8.66,8.66,8.73,8.73,8.82,8.95,9.13,drought,normal,False,0.34,0.57,0.09,7,0,0.29,10
5,2025-03-08,15.23,15.41,15.57,15.63,15.73,15.86,15.97,normal,normal,True,0.322,0.59,0.088,0,0,0.57,6
5,2025-03-09,15.64,15.8,15.94,15.98,16.07,16.2,16.31,normal,normal,True,0.337,0.574,0.089,0,0,0.57,6
5,2025-03-10,13.87,13.82,13.9,13.84,13.92,14.01,14.17,normal,normal,True,0.324,0.565,0.111,0,0,0.29,10
5,2025-03-11,13.79,13.81,13.91,13.88,13.99,14.12,14.24,normal,normal,True,0.366,0.543,0.091,0,0,0.29,10
5,2025-03-12,15.44,15.7,16.0,16.11,16.3,16.49,16.59,normal,normal,True,0.346,0.525,0.129,0,0,0.29,10
5,2025-03-13,13.73,13.69,13.77,13.72,13.81,13.93,14.06,normal,normal,True,0.328,0.564,0.109,0,0,0.29,10
5,2025-03-14,13.44,13.36,13.4,13.33,13.41,13.5,13.63,normal,normal,True,0.33,0.565,0.104,0,0,0.29,10
5,2025-03-15,14.48,14.62,14.81,14.84,14.98,15.1,15.25,normal,normal,True,0.372,0.546,0.082,0,0,0.29,10
5,2025-03-16,15.4,15.55,15.73,15.78,15.93,16.05,16.18,normal,normal,True,0.395,0.525,0.08,0,0,0.29,10
5,2025-03-17,14.8,14.97,15.18,15.23,15.4,15.56,15.67,normal,normal,True,0.391,0.528,0.082,0,0,0.29,10
5,2025-03-18,14.71,14.82,15.01,15.03,15.18,15.32,15.45,normal,normal,True,0.334,0.588,0.077,0,0,0.29,10
5,2025-03-19,13.64,13.57,13.6,13.54,13.61,13.71,13.84,normal,normal,True,0.387,0.536,0.078,0,0,0.29,10
5,2025-03-20,16.64,16.7,16.81,16.8,16.91,17.02,17.14,normal,normal,True,0.417,0.527,0.056,0,0,0.57,6
5,2025-03-21,16.25,16.36,16.5,16.5,16.63,16.74,16.86,normal,normal,True,0.367,0.568,0.065,0,0,0.57,6
5,2025-03-22,15.65,15.62,15.67,15.6,15.67,15.75,15.88,normal,normal,True,0.31,0.627,0.062,0,0,0.29,10
5,2025-03-23,15.82,15.93,16.1,16.1,16.22,16.33,16.45,normal,normal,True,0.412,0.525,0.064,0,0,0.29,10
5,2025-03-24,15.39,15.34,15.39,15.31,15.38,15.45,15.59,normal,normal,True,0.361,0.554,0.084,0,0,0.29,10
5,2025-03-25,15.04,15.0,15.04,14.97,15.04,15.12,15.26,normal,normal,True,0.427,0.514,0.059,0,0,0.29,10
5,2025-03-26,15.28,15.28,15.37,15.32,15.4,15.49,15.62,normal,normal,True,0.425,0.507,0.068,0,0,0.29,10
5,2025-03-27,14.91,14.87,14.9,14.84,14.9,14.98,15.11,normal,normal,True,0.463,0.485,0.053,0,0,0.29,10
5,2025-03-28,15.1,15.09,15.17,15.12,15.19,15.28,15.42,normal,normal,True,0.401,0.534,0.065,0,0,0.29,10
5,2025-03-29,15.14,15.18,15.29,15.27,15.35,15.43,15.57,normal,normal,True,0.448,0.496,0.056,0,0,0.29,10
5,2025-03-30,15.2,15.2,15.3,15.25,15.32,15.4,15.55,normal,normal,True,0.428,0.511,0.061,0,0,0.29,10
5,2025-03-31,14.99,14.99,15.09,15.03,15.1,15.17,15.33,normal,normal,True,0.474,0.478,0.048,0,0,0.29,10
5,2025-04-01,3.23,3.13,3.23,3.34,3.48,3.67,3.91,drought,normal,False,0.432,0.501,0.067,7,0,0.57,6
5,2025-04-02,2.66,2.56,2.66,2.78,2.94,3.14,3.34,drought,normal,False,0.476,0.477,0.046,7,0,0.57,6
5,2025-04-03,3.03,2.94,2.99,3.04,3.14,3.32,3.43,drought,drought,True,0.506,0.444,0.05,7,0,0.29,10
5,2025-04-04,4.14,4.19,4.36,4.5,4.65,4.85,5.01,drought,drought,True,0.501,0.453,0.046,7,0,0.29,10
5,2025-04-05,4.65,4.77,5.0,5.15,5.33,5.53,5.73,drought,drought,True,0.47,0.463,0.067,7,0,0.29,10
5,2025-04-06,4.34,4.32,4.4,4.47,4.6,4.76,4.9,drought,drought,True,0.512,0.443,0.046,7,0,0.29,10
5,2025-04-07,5.3,5.4,5.58,5.69,5.87,6.03,6.22,drought,drought,True,0.503,0.444,0.053,7,0,0.29,10
5,2025-04-08,5.46,5.5,5.61,5.69,5.8,5.96,6.13,drought,drought,True,0.513,0.446,0.041,7,0,0.29,10
5,2025-04-09,5.32,5.29,5.33,5.38,5.46,5.6,5.77,drought,drought,True,0.522,0.429,0.049,7,0,0.29,10
5,2025-04-10,4.51,4.44,4.46,4.52,4.6,4.74,4.9,drought,drought,True,0.535,0.427,0.038,7,0,0.29,10
5,2025-04-11,4.39,4.28,4.28,4.32,4.4,4.55,4.69,drought,drought,True,0.544,0.417,0.039,7,0,0.29,10
5,2025-04-12,3.9,3.76,3.76,3.79,3.85,4.01,4.15,drought,drought,True,0.544,0.417,0.04,7,0,0.29,10
5,2025-04-13,7.88,7.82,7.79,7.76,7.81,7.93,8.06,drought,drought,True,0.523,0.431,0.046,7,0,0.57,6
5,2025-04-14,8.24,8.26,8.32,8.33,8.39,8.53,8.67,drought,drought,True,0.527,0.427,0.046,7,0,0.57,6
5,2025-04-15,7.95,7.95,8.01,8.01,8.1,8.25,8.41,drought,drought,True,0.503,0.451,0.046,7,0,0.29,10
5,2025-04-16,7.46,7.44,7.49,7.5,7.57,7.7,7.88,drought,drought,True,0.487,0.461,0.051,7,0,0.29,10
5,2025-04-17,7.52,7.51,7.58,7.59,7.67,7.81,7.99,drought,normal,False,0.448,0.473,0.079,7,0,0.29,10
5,2025-04-18,7.41,7.37,7.42,7.41,7.46,7.6,7.78,drought,normal,False,0.422,0.518,0.06,7,0,0.29,10
5,2025-04-19,7.42,7.36,7.38,7.37,7.41,7.54,7.72,drought,normal,False,0.41,0.543,0.047,7,0,0.29,10
5,2025-04-20,7.21,7.16,7.19,7.17,7.22,7.35,7.53,drought,normal,False,0.454,0.503,0.043,7,0,0.29,10
5,2025-04-21,7.19,7.12,7.14,7.12,7.16,7.28,7.47,drought,normal,False,0.436,0.519,0.045,7,0,0.29,10
5,2025-04-22,7.35,7.3,7.35,7.34,7.4,7.53,7.71,drought,normal,False,0.457,0.503,0.04,7,0,0.29,10
5,2025-04-23,7.38,7.34,7.39,7.38,7.45,7.59,7.76,drought,normal,False,0.465,0.497,0.038,7,0,0.29,10
5,2025-04-24,7.3,7.26,7.31,7.3,7.36,7.5,7.67,drought,normal,False,0.456,0.506,0.038,7,0,0.29,10
5,2025-04-25,3.94,3.83,3.86,3.91,3.99,4.16,4.3,drought,normal,False,0.459,0.504,0.036,7,0,0.57,6
5,2025-04-26,4.02,3.94,3.98,4.05,4.14,4.31,4.46,drought,normal,False,0.481,0.488,0.031,7,0,0.57,6
5,2025-04-27,4.43,4.38,4.44,4.5,4.58,4.73,4.88,drought,drought,True,0.491,0.479,0.03,7,0,0.29,10
5,2025-04-28,4.46,4.41,4.47,4.53,4.62,4.78,4.93,drought,drought,True,0.498,0.472,0.03,7,0,0.29,10
5,2025-04-29,4.68,4.65,4.73,4.8,4.9,5.06,5.21,drought,drought,True,0.494,0.476,0.03,7,0,0.29,10
5,2025-04-30,5.06,5.05,5.13,5.2,5.31,5.48,5.62,drought,drought,True,0.511,0.461,0.028,7,0,0.29,10
5,2025-05-01,5.5,5.55,5.68,5.76,5.9,6.08,6.23,drought,drought,True,0.524,0.446,0.03,7,0,0.29,10
5,2025-05-02,5.15,5.13,5.2,5.26,5.35,5.5,5.66,drought,drought,True,0.516,0.457,0.027,7,0,0.29,10
5,2025-05-03,5.19,5.16,5.2,5.26,5.33,5.48,5.64,drought,drought,True,0.525,0.447,0.029,7,0,0.29,10
5,2025-05-04,5.15,5.1,5.13,5.19,5.25,5.4,5.56,drought,drought,True,0.523,0.452,0.025,7,0,0.29,10
5,2025-05-05,5.2,5.14,5.14,5.18,5.23,5.36,5.54,drought,drought,True,0.508,0.459,0.033,7,0,0.29,10
5,2025-05-06,5.42,5.4,5.46,5.51,5.58,5.73,5.9,drought,drought,True,0.487,0.485,0.029,7,0,0.29,10
5,2025-05-07,3.22,3.12,3.15,3.21,3.29,3.45,3.59,drought,drought,True,0.51,0.46,0.031,7,0,0.57,6
5,2025-05-08,2.94,2.82,2.85,2.9,2.98,3.15,3.28,drought,drought,True,0.533,0.443,0.023,7,0,0.57,6
5,2025-05-09,2.98,2.88,2.93,2.98,3.06,3.22,3.35,drought,drought,True,0.501,0.463,0.037,7,0,0.29,10
5,2025-05-10,3.23,3.14,3.18,3.23,3.3,3.45,3.59,drought,drought,True,0.49,0.48,0.03,7,0,0.29,10
5,2025-05-11,3.25,3.18,3.22,3.28,3.36,3.51,3.65,drought,normal,False,0.473,0.489,0.038,7,0,0.29,10
5,2025-05-12,3.02,2.94,2.98,3.04,3.13,3.26,3.42,drought,normal,False,0.482,0.488,0.03,7,0,0.29,10
5,2025-05-13,2.79,2.69,2.72,2.76,2.85,2.98,3.14,drought,normal,False,0.439,0.513,0.048,7,0,0.29,10
5,2025-05-14,2.77,2.65,2.68,2.71,2.78,2.91,3.07,drought,normal,False,0.442,0.524,0.034,7,0,0.29,10
5,2025-05-15,2.72,2.61,2.64,2.67,2.74,2.88,3.03,drought,normal,False,0.451,0.515,0.034,7,0,0.29,10
5,2025-05-16,2.54,2.47,2.51,2.56,2.64,2.77,2.92,drought,normal,False,0.445,0.52,0.035,7,0,0.29,10
5,2025-05-17,2.49,2.42,2.46,2.51,2.61,2.75,2.88,drought,normal,False,0.447,0.519,0.034,7,0,0.29,10
5,2025-05-18,2.53,2.49,2.55,2.65,2.78,2.98,3.07,drought,drought,True,0.496,0.475,0.03,7,0,0.29,10
5,2025-05-19,1.74,1.69,1.74,1.81,1.94,2.11,2.24,drought,drought,True,0.494,0.475,0.031,7,0,0.57,6
5,2025-05-20,1.56,1.52,1.55,1.63,1.76,1.94,2.06,drought,normal,False,0.45,0.51,0.04,7,0,0.57,6
5,2025-05-21,1.49,1.46,1.49,1.55,1.67,1.82,1.96,drought,normal,False,0.445,0.519,0.036,7,0,0.29,10
5,2025-05-22,1.8,1.81,1.84,1.94,2.07,2.24,2.36,drought,normal,False,0.459,0.503,0.038,7,0,0.29,10
5,2025-05-23,1.84,1.87,1.92,2.02,2.14,2.3,2.43,drought,normal,False,0.459,0.509,0.032,7,0,0.29,10
5,2025-05-24,1.85,1.87,1.91,2.01,2.14,2.29,2.43,drought,normal,False,0.431,0.523,0.046,7,0,0.29,10
5,2025-05-25,1.55,1.55,1.59,1.67,1.8,1.96,2.09,drought,normal,False,0.47,0.497,0.033,7,0,0.29,10
5,2025-05-26,1.6,1.58,1.61,1.7,1.82,1.99,2.11,drought,normal,False,0.419,0.528,0.053,7,0,0.29,10
5,2025-05-27,1.57,1.53,1.56,1.62,1.72,1.87,2.02,drought,normal,False,0.45,0.515,0.034,7,0,0.29,10
5,2025-05-28,1.48,1.45,1.48,1.55,1.66,1.82,1.96,drought,normal,False,0.401,0.542,0.056,7,0,0.29,10
5,2025-05-29,1.72,1.72,1.76,1.84,1.94,2.08,2.24,drought,normal,False,0.431,0.534,0.035,7,0,0.29,10
5,2025-05-30,1.66,1.67,1.72,1.81,1.91,2.05,2.22,drought,normal,False,0.384,0.547,0.069,7,0,0.29,10
5,2025-05-31,1.55,1.56,1.61,1.71,1.84,2.01,2.13,drought,normal,False,0.465,0.499,0.036,7,0,0.57,6
5,2025-06-01,1.56,1.56,1.6,1.68,1.79,1.95,2.09,drought,normal,False,0.426,0.525,0.049,7,0,0.57,6
5,2025-06-02,1.56,1.54,1.57,1.64,1.74,1.89,2.03,drought,normal,False,0.438,0.528,0.034,7,0,0.29,10
5,2025-06-03,1.53,1.51,1.55,1.62,1.71,1.85,2.01,drought,normal,False,0.44,0.52,0.04,7,0,0.29,10
5,2025-06-04,1.82,1.81,1.84,1.91,2.02,2.16,2.31,drought,normal,False,0.461,0.508,0.031,7,0,0.29,10
5,2025-06-05,1.63,1.61,1.65,1.72,1.82,1.96,2.11,drought,normal,False,0.465,0.501,0.034,7,0,0.29,10
5,2025-06-06,1.58,1.55,1.58,1.64,1.74,1.89,2.03,drought,normal,False,0.438,0.526,0.036,7,0,0.29,10
5,2025-06-07,1.51,1.48,1.52,1.57,1.67,1.81,1.96,drought,normal,False,0.432,0.525,0.043,7,0,0.29,10
5,2025-06-08,1.66,1.62,1.66,1.72,1.82,1.95,2.11,drought,normal,False,0.464,0.504,0.032,7,0,0.29,10
5,2025-06-09,1.67,1.65,1.69,1.76,1.86,1.99,2.15,drought,normal,False,0.478,0.485,0.037,7,0,0.29,10
5,2025-06-10,1.64,1.62,1.66,1.72,1.82,1.95,2.11,drought,normal,False,0.458,0.505,0.036,7,0,0.29,10
5,2025-06-11,1.6,1.59,1.64,1.72,1.84,2.0,2.13,drought,drought,True,0.503,0.457,0.04,7,0,0.29,10
5,2025-06-12,2.06,2.04,2.1,2.2,2.33,2.5,2.62,drought,drought,True,0.518,0.445,0.037,7,0,0.57,6
5,2025-06-13,2.33,2.3,2.35,2.43,2.55,2.69,2.82,drought,drought,True,0.485,0.47,0.045,7,0,0.57,6
5,2025-06-14,2.31,2.26,2.31,2.39,2.51,2.65,2.79,drought,drought,True,0.5,0.456,0.043,7,0,0.29,10
5,2025-06-15,2.58,2.55,2.6,2.69,2.83,3.02,3.11,drought,drought,True,0.544,0.42,0.036,7,0,0.29,10
5,2025-06-16,2.67,2.65,2.71,2.81,2.97,3.15,3.24,drought,drought,True,0.546,0.412,0.041,7,0,0.29,10
5,2025-06-17,2.44,2.41,2.45,2.54,2.69,2.88,2.96,drought,drought,True,0.524,0.425,0.051,7,0,0.29,10
5,2025-06-18,2.36,2.32,2.35,2.44,2.57,2.75,2.84,drought,drought,True,0.526,0.423,0.051,7,0,0.29,10
5,2025-06-19,2.76,2.71,2.74,2.83,2.94,3.09,3.24,drought,drought,True,0.504,0.451,0.045,7,0,0.29,10
5,2025-06-20,2.82,2.77,2.81,2.89,3.0,3.15,3.3,drought,drought,True,0.477,0.465,0.058,7,0,0.29,10
5,2025-06-21,2.69,2.66,2.69,2.78,2.9,3.05,3.19,drought,drought,True,0.472,0.466,0.061,7,0,0.29,10
5,2025-06-22,2.55,2.51,2.54,2.63,2.75,2.9,3.04,drought,normal,False,0.47,0.474,0.056,7,0,0.29,10
5,2025-06-23,2.35,2.3,2.35,2.44,2.54,2.68,2.83,drought,normal,False,0.446,0.502,0.052,7,0,0.29,10
5,2025-06-24,2.49,2.43,2.48,2.56,2.65,2.79,2.94,drought,normal,False,0.395,0.545,0.061,7,0,0.57,6
5,2025-06-25,2.6,2.54,2.58,2.64,2.73,2.86,3.02,drought,normal,False,0.422,0.519,0.059,7,0,0.57,6
5,2025-06-26,2.53,2.48,2.53,2.6,2.7,2.83,2.98,drought,normal,False,0.456,0.499,0.045,7,0,0.29,10
5,2025-06-27,2.36,2.3,2.34,2.41,2.52,2.66,2.79,drought,normal,False,0.393,0.527,0.08,7,0,0.29,10
5,2025-06-28,2.43,2.36,2.4,2.46,2.56,2.69,2.84,drought,normal,False,0.365,0.555,0.08,7,0,0.29,10
5,2025-06-29,2.37,2.32,2.36,2.43,2.54,2.69,2.82,drought,normal,False,0.461,0.485,0.054,7,0,0.29,10
5,2025-06-30,2.45,2.39,2.43,2.49,2.59,2.72,2.87,drought,normal,False,0.452,0.501,0.047,7,0,0.29,10
5,2025-07-01,2.73,2.67,2.71,2.76,2.86,2.98,3.14,drought,normal,False,0.449,0.505,0.046,7,0,0.29,10
5,2025-07-02,2.56,2.5,2.54,2.59,2.69,2.81,2.97,drought,normal,False,0.448,0.507,0.045,7,0,0.29,10
5,2025-07-03,2.69,2.61,2.64,2.69,2.79,2.91,3.07,drought,normal,False,0.459,0.494,0.047,7,0,0.29,10
5,2025-07-04,2.57,2.5,2.53,2.58,2.68,2.8,2.95,drought,normal,False,0.451,0.503,0.045,7,0,0.29,10
5,2025-07-05,2.52,2.43,2.47,2.5,2.59,2.7,2.86,drought,normal,False,0.422,0.526,0.052,7,0,0.29,10
5,2025-07-06,8.86,8.96,9.12,9.15,9.22,9.33,9.52,drought,normal,False,0.426,0.522,0.051,7,0,0.57,6
5,2025-07-07,9.3,9.41,9.58,9.61,9.69,9.79,9.99,drought,normal,False,0.449,0.502,0.049,7,0,0.57,6
5,2025-07-08,8.46,8.42,8.5,8.46,8.51,8.6,8.82,drought,normal,False,0.425,0.522,0.053,7,0,0.29,10
5,2025-07-09,8.45,8.4,8.47,8.43,8.48,8.57,8.79,drought,normal,False,0.394,0.55,0.056,7,0,0.29,10
5,2025-07-10,8.45,8.4,8.47,8.42,8.47,8.57,8.78,drought,normal,False,0.395,0.552,0.052,7,0,0.29,10
5,2025-07-11,8.65,8.64,8.73,8.7,8.77,8.87,9.08,drought,normal,False,0.414,0.534,0.052,7,0,0.29,10
5,2025-07-12,8.3,8.25,8.31,8.26,8.31,8.41,8.62,drought,normal,False,0.399,0.552,0.049,7,0,0.29,10
5,2025-07-13,8.37,8.31,8.37,8.32,8.37,8.47,8.68,drought,normal,False,0.391,0.551,0.058,7,0,0.29,10
5,2025-07-14,8.2,8.13,8.18,8.13,8.18,8.27,8.48,drought,normal,False,0.398,0.548,0.054,7,0,0.29,10
5,2025-07-15,8.32,8.24,8.29,8.24,8.29,8.39,8.59,drought,normal,False,0.409,0.532,0.059,7,0,0.29,10
5,2025-07-16,8.28,8.22,8.29,8.25,8.3,8.4,8.61,drought,normal,False,0.374,0.576,0.049,7,0,0.29,10
5,2025-07-17,8.36,8.33,8.41,8.39,8.46,8.59,8.77,drought,normal,False,0.442,0.513,0.044,7,0,0.29,10
5,2025-07-18,8.55,8.53,8.62,8.6,8.67,8.79,8.98,drought,normal,False,0.429,0.528,0.043,7,0,0.57,6
5,2025-07-19,8.77,8.77,8.88,8.86,8.94,9.07,9.26,drought,normal,False,0.463,0.497,0.04,7,0,0.57,6
5,2025-07-20,8.54,8.5,8.58,8.55,8.62,8.73,8.93,drought,normal,False,0.413,0.541,0.047,7,0,0.29,10
5,2025-07-21,8.79,8.77,8.85,8.83,8.92,9.05,9.23,drought,drought,True,0.491,0.472,0.037,7,0,0.29,10
5,2025-07-22,8.57,8.54,8.62,8.6,8.68,8.81,8.98,drought,normal,False,0.476,0.484,0.041,7,0,0.29,10
5,2025-07-23,8.88,8.89,9.0,9.0,9.1,9.24,9.41,drought,drought,True,0.498,0.463,0.039,7,0,0.29,10
5,2025-07-24,8.89,8.92,9.05,9.06,9.16,9.3,9.48,drought,normal,False,0.478,0.479,0.043,7,0,0.29,10
5,2025-07-25,9.19,9.24,9.38,9.4,9.51,9.64,9.83,drought,drought,True,0.516,0.443,0.042,7,0,0.29,10
5,2025-07-26,9.26,9.33,9.48,9.5,9.61,9.74,9.94,drought,drought,True,0.511,0.442,0.048,7,0,0.29,10
5,2025-07-27,9.24,9.27,9.39,9.39,9.49,9.63,9.81,drought,drought,True,0.528,0.422,0.05,7,0,0.29,10
5,2025-07-28,9.23,9.23,9.33,9.31,9.39,9.5,9.7,drought,drought,True,0.484,0.455,0.061,7,0,0.29,10
5,2025-07-29,9.17,9.15,9.23,9.21,9.28,9.39,9.58,drought,drought,True,0.486,0.456,0.058,7,0,0.29,10
5,2025-07-30,12.88,12.94,13.03,13.01,13.06,13.17,13.32,normal,normal,True,0.461,0.475,0.064,0,0,0.57,6
5,2025-07-31,12.84,12.87,12.92,12.88,12.93,13.03,13.18,normal,drought,False,0.485,0.46,0.054,0,0,0.57,6
5,2025-08-01,12.04,12.04,12.14,12.1,12.17,12.26,12.45,normal,normal,True,0.455,0.47,0.075,0,0,0.29,10
5,2025-08-02,12.32,12.36,12.49,12.49,12.58,12.7,12.86,normal,drought,False,0.474,0.458,0.068,0,0,0.29,10
5,2025-08-03,11.91,11.92,12.02,11.99,12.08,12.2,12.35,drought,normal,False,0.465,0.468,0.067,2,0,0.29,10
5,2025-08-04,11.84,11.85,11.95,11.93,12.03,12.16,12.29,drought,drought,True,0.5,0.446,0.054,4,0,0.29,10
5,2025-08-05,12.17,12.19,12.32,12.31,12.42,12.55,12.7,normal,normal,True,0.467,0.471,0.061,0,0,0.29,10
5,2025-08-06,11.92,11.89,11.95,11.92,12.01,12.13,12.27,drought,drought,True,0.483,0.467,0.05,4,0,0.29,10
5,2025-08-07,12.58,12.67,12.83,12.84,12.96,13.08,13.24,normal,drought,False,0.477,0.475,0.048,0,0,0.29,10
5,2025-08-08,12.82,12.97,13.16,13.21,13.34,13.47,13.63,normal,drought,False,0.488,0.474,0.038,0,0,0.29,10
5,2025-08-09,12.87,12.96,13.11,13.11,13.24,13.36,13.51,normal,drought,False,0.501,0.462,0.038,0,0,0.29,10
5,2025-08-10,12.17,12.17,12.28,12.25,12.34,12.46,12.61,normal,drought,False,0.51,0.455,0.035,0,0,0.29,10
5,2025-08-11,9.82,9.72,9.75,9.69,9.75,9.85,10.03,drought,drought,True,0.508,0.454,0.038,7,0,0.57,6
5,2025-08-12,9.6,9.5,9.53,9.48,9.54,9.64,9.83,drought,drought,True,0.498,0.461,0.041,7,0,0.57,6
5,2025-08-13,10.2,10.14,10.19,10.15,10.22,10.33,10.51,drought,drought,True,0.516,0.438,0.046,7,0,0.29,10
5,2025-08-14,10.34,10.37,10.51,10.51,10.61,10.74,10.92,drought,drought,True,0.516,0.435,0.049,7,0,0.29,10
5,2025-08-15,10.43,10.47,10.63,10.64,10.75,10.87,11.06,drought,drought,True,0.504,0.435,0.06,7,0,0.29,10
5,2025-08-16,10.48,10.52,10.68,10.67,10.78,10.9,11.1,drought,drought,True,0.46,0.456,0.083,7,0,0.29,10
5,2025-08-17,10.4,10.41,10.54,10.52,10.61,10.73,10.92,drought,drought,True,0.495,0.426,0.078,7,0,0.29,10
5,2025-08-18,10.41,10.41,10.51,10.49,10.58,10.7,10.88,drought,drought,True,0.497,0.414,0.088,7,0,0.29,10
5,2025-08-19,10.34,10.31,10.4,10.36,10.44,10.55,10.74,drought,drought,True,0.445,0.434,0.121,7,0,0.29,10
5,2025-08-20,10.33,10.3,10.38,10.33,10.4,10.49,10.7,drought,normal,False,0.383,0.474,0.143,7,0,0.29,10
5,2025-08-21,10.33,10.31,10.4,10.37,10.43,10.53,10.73,drought,normal,False,0.409,0.451,0.14,7,0,0.29,10
5,2025-08-22,10.29,10.28,10.36,10.32,10.38,10.48,10.68,drought,drought,True,0.452,0.436,0.112,7,0,0.29,10
5,2025-08-23,11.61,11.66,11.8,11.79,11.87,11.99,12.17,drought,normal,False,0.392,0.444,0.164,5,0,0.57,6
5,2025-08-24,11.2,11.21,11.32,11.29,11.37,11.47,11.66,drought,normal,False,0.349,0.486,0.166,7,0,0.57,6
5,2025-08-25,10.77,10.71,10.77,10.71,10.77,10.84,11.05,drought,normal,False,0.359,0.469,0.172,7,0,0.29,10
5,2025-08-26,10.91,10.88,10.96,10.92,10.98,11.08,11.27,drought,normal,False,0.424,0.483,0.093,7,0,0.29,10
5,2025-08-27,11.29,11.27,11.38,11.34,11.42,11.51,11.71,drought,normal,False,0.372,0.469,0.159,7,0,0.29,10
5,2025-08-28,11.12,11.11,11.23,11.19,11.27,11.37,11.57,drought,normal,False,0.353,0.536,0.112,7,0,0.29,10
5,2025-08-29,11.07,11.08,11.22,11.19,11.28,11.38,11.58,drought,normal,False,0.404,0.466,0.13,7,0,0.29,10
5,2025-08-30,11.11,11.11,11.24,11.21,11.29,11.39,11.59,drought,normal,False,0.456,0.488,0.057,7,0,0.29,10
5,2025-08-31,11.32,11.31,11.43,11.4,11.48,11.59,11.78,drought,normal,False,0.427,0.44,0.134,7,0,0.29,10
6,2025-03-01,16.17,16.22,16.33,16.31,16.42,16.55,16.63,drought,normal,False,0.29,0.632,0.078,7,0,0.29,10
6,2025-03-02,17.03,17.18,17.35,17.39,17.54,17.68,17.76,drought,normal,False,0.339,0.58,0.08,7,0,0.29,10
6,2025-03-03,16.29,16.33,16.43,16.42,16.54,16.66,16.75,drought,normal,False,0.38,0.526,0.093,7,0,0.29,10
6,2025-03-04,16.31,16.33,16.42,16.4,16.51,16.62,16.71,drought,normal,False,0.334,0.571,0.094,7,0,0.29,10
6,2025-03-05,16.5,16.6,16.73,16.74,16.87,16.97,17.08,drought,normal,False,0.357,0.544,0.1,7,0,0.29,10
6,2025-03-06,16.48,16.51,16.59,16.56,16.67,16.76,16.88,drought,normal,False,0.37,0.533,0.097,7,0,0.29,10
6,2025-03-07,16.27,16.29,16.39,16.36,16.46,16.55,16.68,drought,normal,False,0.376,0.535,0.089,7,0,0.29,10
6,2025-03-08,20.67,20.79,20.96,20.96,21.05,21.11,21.21,normal,normal,True,0.352,0.561,0.087,0,0,0.57,6
6,2025-03-09,20.92,21.01,21.17,21.14,21.22,21.29,21.39,normal,normal,True,0.365,0.544,0.091,0,0,0.57,6
6,2025-03-10,20.13,20.12,20.18,20.11,20.17,20.21,20.32,normal,normal,True,0.349,0.542,0.109,0,0,0.29,10
6,2025-03-11,20.12,20.18,20.27,20.25,20.33,20.42,20.49,normal,normal,True,0.403,0.508,0.089,0,0,0.29,10
6,2025-03-12,20.84,21.01,21.18,21.23,21.34,21.49,21.5,normal,normal,True,0.372,0.493,0.134,0,0,0.29,10
6,2025-03-13,19.7,19.68,19.72,19.65,19.71,19.78,19.85,drought,normal,False,0.351,0.534,0.115,7,0,0.29,10
6,2025-03-14,19.64,19.59,19.61,19.53,19.58,19.62,19.71,drought,normal,False,0.349,0.539,0.112,7,0,0.29,10
6,2025-03-15,20.46,20.57,20.71,20.71,20.8,20.87,20.95,normal,normal,True,0.397,0.514,0.089,0,0,0.29,10
6,2025-03-16,21.41,21.56,21.73,21.76,21.87,21.94,22.01,normal,normal,True,0.416,0.496,0.089,0,0,0.29,10
6,2025-03-17,20.63,20.8,20.99,21.02,21.14,21.25,21.3,normal,normal,True,0.412,0.492,0.096,0,0,0.29,10
6,2025-03-18,20.9,21.03,21.21,21.22,21.33,21.42,21.49,normal,normal,True,0.354,0.56,0.086,0,0,0.29,10
6,2025-03-19,19.72,19.68,19.69,19.61,19.66,19.71,19.8,drought,normal,False,0.411,0.5,0.089,7,0,0.29,10
6,2025-03-20,18.86,18.85,18.89,18.84,18.91,18.99,19.08,drought,normal,False,0.437,0.501,0.061,7,0,0.57,6
6,2025-03-21,18.06,18.05,18.1,18.04,18.12,18.2,18.29,drought,normal,False,0.392,0.534,0.074,7,0,0.57,6
6,2025-03-22,18.42,18.4,18.44,18.37,18.43,18.48,18.59,drought,normal,False,0.33,0.601,0.07,7,0,0.29,10
6,2025-03-23,18.45,18.54,18.68,18.67,18.76,18.85,18.94,drought,normal,False,0.44,0.489,0.071,7,0,0.29,10
6,2025-03-24,18.04,18.01,18.04,17.96,18.01,18.06,18.17,drought,normal,False,0.383,0.522,0.094,7,0,0.29,10
6,2025-03-25,17.8,17.77,17.81,17.74,17.8,17.86,17.97,drought,normal,False,0.448,0.488,0.064,7,0,0.29,10
6,2025-03-26,18.09,18.12,18.19,18.15,18.22,18.29,18.4,drought,normal,False,0.442,0.47,0.088,7,0,0.29,10
6,2025-03-27,17.64,17.61,17.65,17.57,17.63,17.69,17.8,drought,drought,True,0.486,0.45,0.064,7,0,0.29,10
6,2025-03-28,17.76,17.76,17.83,17.77,17.84,17.9,18.02,drought,normal,False,0.416,0.5,0.084,7,0,0.29,10
6,2025-03-29,17.82,17.85,17.94,17.9,17.97,18.03,18.14,drought,drought,True,0.471,0.464,0.065,7,0,0.29,10
6,2025-03-30,17.88,17.88,17.96,17.89,17.95,18.0,18.12,drought,normal,False,0.443,0.482,0.075,7,0,0.29,10
6,2025-03-31,17.71,17.73,17.82,17.76,17.81,17.87,18.0,drought,drought,True,0.493,0.445,0.062,7,0,0.29,10
6,2025-04-01,19.22,19.26,19.36,19.31,19.36,19.4,19.53,drought,normal,False,0.447,0.465,0.088,7,0,0.57,6
6,2025-04-02,19.75,19.85,19.99,19.98,20.05,20.13,20.22,drought,drought,True,0.499,0.443,0.058,4,0,0.57,6
6,2025-04-03,19.36,19.42,19.53,19.51,19.58,19.67,19.76,drought,drought,True,0.524,0.411,0.065,7,0,0.29,10
6,2025-04-04,20.32,20.47,20.67,20.7,20.81,20.94,21.0,normal,drought,False,0.52,0.423,0.058,0,0,0.29,10
6,2025-04-05,20.66,20.87,21.12,21.18,21.31,21.46,21.51,normal,drought,False,0.485,0.428,0.087,0,0,0.29,10
6,2025-04-06,20.44,20.5,20.63,20.6,20.7,20.79,20.85,normal,drought,False,0.524,0.419,0.057,0,0,0.29,10
6,2025-04-07,21.46,21.66,21.9,21.96,22.09,22.19,22.24,normal,drought,False,0.511,0.42,0.069,0,0,0.29,10
6,2025-04-08,21.24,21.35,21.51,21.52,21.62,21.7,21.76,normal,drought,False,0.525,0.426,0.049,0,0,0.29,10
6,2025-04-09,20.63,20.61,20.65,20.58,20.65,20.69,20.76,normal,drought,False,0.535,0.406,0.059,0,0,0.29,10
6,2025-04-10,20.21,20.21,20.27,20.21,20.28,20.33,20.41,normal,drought,False,0.552,0.404,0.043,0,0,0.29,10
6,2025-04-11,20.39,20.39,20.41,20.36,20.44,20.5,20.57,normal,drought,False,0.558,0.396,0.046,0,0,0.29,10
6,2025-04-12,19.51,19.46,19.44,19.36,19.41,19.46,19.55,drought,drought,True,0.559,0.395,0.047,7,0,0.29,10
6,2025-04-13,21.76,21.77,21.81,21.74,21.79,21.83,21.91,normal,drought,False,0.536,0.412,0.052,0,0,0.57,6
6,2025-04-14,21.97,22.02,22.09,22.05,22.1,22.14,22.22,normal,drought,False,0.546,0.4,0.054,0,0,0.57,6
6,2025-04-15,22.07,22.12,22.18,22.14,22.2,22.25,22.31,normal,drought,False,0.521,0.428,0.052,0,0,0.29,10
6,2025-04-16,21.52,21.55,21.6,21.55,21.59,21.63,21.71,normal,drought,False,0.505,0.435,0.061,0,0,0.29,10
6,2025-04-17,21.57,21.61,21.66,21.62,21.66,21.69,21.76,normal,drought,False,0.469,0.444,0.086,0,0,0.29,10
6,2025-04-18,21.45,21.48,21.54,21.49,21.52,21.56,21.64,normal,normal,True,0.442,0.489,0.069,0,0,0.29,10
6,2025-04-19,21.44,21.44,21.46,21.39,21.41,21.43,21.52,normal,normal,True,0.429,0.518,0.053,0,0,0.29,10
6,2025-04-20,21.26,21.27,21.31,21.24,21.27,21.29,21.37,normal,drought,False,0.476,0.474,0.05,0,0,0.29,10
6,2025-04-21,21.16,21.16,21.2,21.13,21.15,21.16,21.26,normal,normal,True,0.461,0.487,0.052,0,0,0.29,10
6,2025-04-22,21.42,21.46,21.54,21.49,21.52,21.56,21.64,normal,drought,False,0.48,0.476,0.044,0,0,0.29,10
6,2025-04-23,21.4,21.45,21.53,21.49,21.53,21.58,21.65,normal,drought,False,0.487,0.472,0.04,0,0,0.29,10
6,2025-04-24,21.18,21.2,21.25,21.2,21.24,21.28,21.35,normal,drought,False,0.481,0.479,0.04,0,0,0.29,10
6,2025-04-25,17.76,17.72,17.73,17.67,17.71,17.76,17.86,drought,drought,True,0.488,0.475,0.037,7,0,0.57,6
6,2025-04-26,17.89,17.87,17.89,17.83,17.88,17.94,18.04,drought,drought,True,0.505,0.463,0.032,7,0,0.57,6
6,2025-04-27,18.73,18.79,18.91,18.89,18.97,19.05,19.14,drought,drought,True,0.509,0.459,0.032,7,0,0.29,10
6,2025-04-28,18.98,19.09,19.25,19.26,19.37,19.47,19.55,drought,drought,True,0.515,0.453,0.032,7,0,0.29,10
6,2025-04-29,19.15,19.26,19.42,19.43,19.54,19.64,19.72,drought,drought,True,0.513,0.454,0.033,7,0,0.29,10
6,2025-04-30,19.42,19.53,19.69,19.7,19.82,19.93,20.0,drought,drought,True,0.53,0.44,0.03,7,0,0.29,10
6,2025-05-01,19.74,19.9,20.09,20.13,20.26,20.38,20.44,drought,drought,True,0.543,0.423,0.034,2,0,0.29,10
6,2025-05-02,18.98,18.98,19.04,18.99,19.07,19.14,19.22,drought,drought,True,0.532,0.437,0.031,7,0,0.29,10
6,2025-05-03,19.09,19.1,19.16,19.11,19.19,19.26,19.34,drought,drought,True,0.541,0.426,0.033,7,0,0.29,10
6,2025-05-04,19.04,19.06,19.13,19.08,19.16,19.22,19.31,drought,drought,True,0.538,0.434,0.028,7,0,0.29,10
6,2025-05-05,18.53,18.48,18.49,18.4,18.46,18.5,18.6,drought,drought,True,0.525,0.438,0.036,7,0,0.29,10
6,2025-05-06,19.66,19.78,19.94,19.95,20.04,20.11,20.22,drought,drought,True,0.5,0.468,0.032,4,0,0.29,10
6,2025-05-07,26.23,26.4,26.59,26.58,26.63,26.67,26.67,normal,drought,False,0.523,0.443,0.034,0,0,0.57,6
6,2025-05-08,26.28,26.34,26.43,26.36,26.38,26.41,26.4,normal,drought,False,0.547,0.428,0.025,0,0,0.57,6
6,2025-05-09,25.33,25.34,25.34,25.27,25.26,25.27,25.3,normal,drought,False,0.521,0.441,0.039,0,0,0.29,10
6,2025-05-10,25.26,25.23,25.17,25.07,25.05,25.03,25.07,normal,drought,False,0.504,0.463,0.033,0,0,0.29,10
6,2025-05-11,25.47,25.48,25.47,25.4,25.39,25.37,25.41,normal,drought,False,0.491,0.468,0.041,0,0,0.29,10
6,2025-05-12,25.26,25.28,25.3,25.23,25.22,25.2,25.25,normal,drought,False,0.498,0.47,0.032,0,0,0.29,10
6,2025-05-13,25.06,25.07,25.07,25.0,24.98,24.96,25.0,normal,normal,True,0.461,0.487,0.052,0,0,0.29,10
6,2025-05-14,24.86,24.87,24.89,24.8,24.79,24.77,24.84,normal,normal,True,0.466,0.5,0.034,0,0,0.29,10
6,2025-05-15,24.79,24.8,24.79,24.71,24.69,24.66,24.72,normal,normal,True,0.479,0.485,0.036,0,0,0.29,10
6,2025-05-16,24.71,24.72,24.7,24.63,24.6,24.58,24.63,normal,normal,True,0.473,0.492,0.035,0,0,0.29,10
6,2025-05-17,24.61,24.63,24.64,24.57,24.56,24.55,24.6,normal,normal,True,0.476,0.488,0.035,0,0,0.29,10
6,2025-05-18,24.94,25.0,25.04,25.02,25.04,25.1,25.08,normal,drought,False,0.512,0.458,0.03,0,0,0.29,10
6,2025-05-19,21.06,21.03,21.01,20.96,20.98,21.03,21.08,normal,drought,False,0.512,0.456,0.031,0,0,0.57,6
6,2025-05-20,20.32,20.25,20.17,20.1,20.12,20.16,20.2,normal,normal,True,0.471,0.491,0.039,0,0,0.57,6
6,2025-05-21,20.93,20.93,20.95,20.89,20.92,20.96,21.03,normal,normal,True,0.469,0.496,0.035,0,0,0.29,10
6,2025-05-22,21.67,21.71,21.75,21.71,21.77,21.82,21.87,normal,normal,True,0.476,0.488,0.036,0,0,0.29,10
6,2025-05-23,21.89,21.99,22.11,22.1,22.15,22.2,22.27,normal,normal,True,0.481,0.488,0.031,0,0,0.29,10
6,2025-05-24,21.98,22.09,22.22,22.21,22.28,22.32,22.39,normal,normal,True,0.451,0.505,0.045,0,0,0.29,10
6,2025-05-25,21.65,21.72,21.83,21.81,21.86,21.92,21.97,normal,drought,False,0.492,0.476,0.032,0,0,0.29,10
6,2025-05-26,21.42,21.43,21.46,21.4,21.45,21.5,21.54,normal,normal,True,0.44,0.51,0.049,0,0,0.29,10
6,2025-05-27,21.24,21.22,21.21,21.13,21.17,21.19,21.26,normal,normal,True,0.473,0.494,0.033,0,0,0.29,10
6,2025-05-28,21.46,21.47,21.49,21.45,21.49,21.53,21.59,normal,normal,True,0.424,0.523,0.053,0,0,0.29,10
6,2025-05-29,21.37,21.38,21.42,21.35,21.38,21.39,21.48,normal,normal,True,0.451,0.515,0.034,0,0,0.29,10
6,2025-05-30,21.71,21.74,21.82,21.76,21.8,21.82,21.9,normal,normal,True,0.403,0.531,0.065,0,0,0.29,10
6,2025-05-31,34.35,34.51,34.68,34.64,34.63,34.62,34.49,normal,normal,True,0.482,0.483,0.035,0,0,0.57,6
6,2025-06-01,35.3,35.41,35.54,35.45,35.4,35.36,35.23,normal,normal,True,0.449,0.504,0.047,0,0,0.57,6
6,2025-06-02,33.21,33.14,33.0,32.86,32.76,32.67,32.6,normal,normal,True,0.46,0.507,0.033,0,0,0.29,10
6,2025-06-03,33.32,33.26,33.12,32.99,32.88,32.78,32.72,normal,normal,True,0.464,0.497,0.039,0,0,0.29,10
6,2025-06-04,33.92,33.9,33.82,33.71,33.62,33.53,33.46,normal,normal,True,0.478,0.492,0.03,0,0,0.29,10
6,2025-06-05,33.7,33.68,33.61,33.5,33.41,33.33,33.26,normal,drought,False,0.488,0.477,0.035,0,0,0.29,10
6,2025-06-06,33.73,33.72,33.66,33.56,33.48,33.4,33.32,normal,normal,True,0.461,0.503,0.036,0,0,0.29,10
6,2025-06-07,33.57,33.54,33.47,33.36,33.26,33.18,33.12,normal,normal,True,0.456,0.498,0.046,0,0,0.29,10
6,2025-06-08,33.69,33.63,33.53,33.4,33.3,33.2,33.15,normal,drought,False,0.485,0.482,0.032,0,0,0.29,10
6,2025-06-09,33.63,33.58,33.48,33.36,33.25,33.15,33.09,normal,drought,False,0.504,0.454,0.042,0,0,0.29,10
6,2025-06-10,33.77,33.73,33.63,33.51,33.41,33.31,33.25,normal,normal,True,0.479,0.483,0.038,0,0,0.29,10
6,2025-06-11,33.69,33.67,33.59,33.49,33.41,33.36,33.27,normal,drought,False,0.524,0.427,0.049,0,0,0.29,10
6,2025-06-12,25.9,25.87,25.7,25.65,25.59,25.59,25.58,normal,drought,False,0.537,0.421,0.042,0,0,0.57,6
6,2025-06-13,24.7,24.6,24.39,24.29,24.24,24.2,24.22,normal,drought,False,0.506,0.441,0.053,0,0,0.57,6
6,2025-06-14,26.15,26.15,26.13,26.06,26.05,26.04,26.06,normal,drought,False,0.519,0.431,0.05,0,0,0.29,10
6,2025-06-15,26.71,26.77,26.81,26.78,26.8,26.84,26.81,normal,drought,False,0.559,0.396,0.044,0,0,0.29,10
6,2025-06-16,26.72,26.77,26.82,26.79,26.82,26.86,26.83,normal,drought,False,0.56,0.388,0.052,0,0,0.29,10
6,2025-06-17,26.07,26.08,26.08,26.03,26.04,26.09,26.06,normal,drought,False,0.537,0.398,0.064,0,0,0.29,10
6,2025-06-18,26.1,26.12,26.12,26.06,26.06,26.1,26.08,normal,drought,False,0.542,0.394,0.064,0,0,0.29,10
6,2025-06-19,26.7,26.7,26.69,26.62,26.61,26.6,26.62,normal,drought,False,0.526,0.422,0.053,0,0,0.29,10
6,2025-06-20,26.9,26.93,26.94,26.88,26.88,26.86,26.88,normal,drought,False,0.502,0.428,0.07,0,0,0.29,10
6,2025-06-21,27.13,27.24,27.34,27.33,27.34,27.35,27.35,normal,drought,False,0.49,0.44,0.07,0,0,0.29,10
6,2025-06-22,26.9,26.96,27.03,26.98,26.99,27.0,27.0,normal,drought,False,0.487,0.448,0.065,0,0,0.29,10
6,2025-06-23,26.6,26.6,26.6,26.52,26.5,26.47,26.5,normal,drought,False,0.474,0.472,0.054,0,0,0.29,10
6,2025-06-24,23.32,23.27,23.19,23.1,23.09,23.07,23.13,normal,normal,True,0.432,0.507,0.061,0,0,0.57,6
6,2025-06-25,23.19,23.12,23.03,22.94,22.92,22.89,22.97,normal,normal,True,0.453,0.487,0.06,0,0,0.57,6
6,2025-06-26,23.64,23.67,23.7,23.64,23.64,23.65,23.71,normal,drought,False,0.484,0.47,0.047,0,0,0.29,10
6,2025-06-27,23.55,23.6,23.66,23.62,23.63,23.65,23.7,normal,normal,True,0.423,0.492,0.085,0,0,0.29,10
6,2025-06-28,23.31,23.32,23.35,23.28,23.28,23.28,23.35,normal,normal,True,0.396,0.522,0.083,0,0,0.29,10
6,2025-06-29,23.25,23.28,23.31,23.26,23.26,23.28,23.33,normal,drought,False,0.487,0.452,0.06,0,0,0.29,10
6,2025-06-30,23.33,23.36,23.39,23.34,23.34,23.34,23.41,normal,drought,False,0.476,0.473,0.051,0,0,0.29,10
6,2025-07-01,23.58,23.6,23.64,23.57,23.57,23.57,23.65,normal,drought,False,0.474,0.47,0.056,0,0,0.29,10
6,2025-07-02,23.63,23.68,23.76,23.7,23.71,23.71,23.79,normal,drought,False,0.475,0.471,0.054,0,0,0.29,10
6,2025-07-03,23.47,23.49,23.54,23.47,23.48,23.47,23.54,normal,drought,False,0.479,0.462,0.059,0,0,0.29,10
6,2025-07-04,23.29,23.3,23.33,23.26,23.25,23.24,23.32,normal,drought,False,0.477,0.468,0.055,0,0,0.29,10
6,2025-07-05,23.28,23.29,23.32,23.25,23.24,23.22,23.31,normal,normal,True,0.445,0.49,0.065,0,0,0.29,10
6,2025-07-06,30.96,31.0,31.07,30.96,30.91,30.85,30.83,normal,normal,True,0.452,0.485,0.063,0,0,0.57,6
6,2025-07-07,31.62,31.66,31.74,31.63,31.58,31.52,31.49,normal,drought,False,0.47,0.467,0.063,0,0,0.57,6
6,2025-07-08,30.73,30.7,30.64,30.52,30.44,30.34,30.35,normal,normal,True,0.448,0.484,0.068,0,0,0.29,10
6,2025-07-09,30.69,30.67,30.61,30.5,30.41,30.32,30.32,normal,normal,True,0.419,0.51,0.071,0,0,0.29,10
6,2025-07-10,30.59,30.57,30.51,30.4,30.31,30.22,30.22,normal,normal,True,0.418,0.517,0.065,0,0,0.29,10
6,2025-07-11,30.63,30.61,30.55,30.44,30.36,30.28,30.26,normal,normal,True,0.435,0.5,0.065,0,0,0.29,10
6,2025-07-12,30.48,30.46,30.39,30.27,30.19,30.1,30.09,normal,normal,True,0.416,0.524,0.06,0,0,0.29,10
6,2025-07-13,30.59,30.57,30.5,30.39,30.31,30.23,30.22,normal,normal,True,0.402,0.524,0.074,0,0,0.29,10
6,2025-07-14,30.48,30.45,30.39,30.28,30.2,30.11,30.11,normal,normal,True,0.409,0.526,0.065,0,0,0.29,10
6,2025-07-15,30.74,30.72,30.67,30.56,30.49,30.41,30.4,normal,normal,True,0.419,0.51,0.071,0,0,0.29,10
6,2025-07-16,30.5,30.48,30.42,30.31,30.24,30.15,30.15,normal,normal,True,0.392,0.552,0.056,0,0,0.29,10
6,2025-07-17,30.74,30.73,30.68,30.58,30.53,30.48,30.44,normal,normal,True,0.454,0.493,0.052,0,0,0.29,10
6,2025-07-18,34.04,34.03,33.99,33.86,33.77,33.69,33.62,normal,normal,True,0.446,0.505,0.048,0,0,0.57,6
6,2025-07-19,34.48,34.45,34.38,34.25,34.16,34.08,34.0,normal,drought,False,0.481,0.474,0.044,0,0,0.57,6
6,2025-07-20,33.97,33.93,33.83,33.7,33.6,33.51,33.45,normal,normal,True,0.433,0.512,0.055,0,0,0.29,10
6,2025-07-21,34.46,34.44,34.37,34.26,34.18,34.12,34.02,normal,drought,False,0.509,0.448,0.043,0,0,0.29,10
6,2025-07-22,34.03,34.0,33.91,33.8,33.72,33.65,33.56,normal,drought,False,0.495,0.457,0.048,0,0,0.29,10
6,2025-07-23,34.27,34.23,34.14,34.03,33.95,33.89,33.8,normal,drought,False,0.517,0.438,0.045,0,0,0.29,10
6,2025-07-24,34.08,34.05,33.96,33.85,33.77,33.7,33.62,normal,drought,False,0.5,0.446,0.054,0,0,0.29,10
6,2025-07-25,34.71,34.68,34.59,34.47,34.39,34.31,34.23,normal,drought,False,0.532,0.414,0.054,0,0,0.29,10
6,2025-07-26,34.7,34.68,34.62,34.52,34.44,34.37,34.28,normal,drought,False,0.524,0.413,0.063,0,0,0.29,10
6,2025-07-27,34.91,34.9,34.84,34.73,34.66,34.59,34.49,normal,drought,False,0.542,0.392,0.066,0,0,0.29,10
6,2025-07-28,35.01,34.99,34.94,34.82,34.73,34.64,34.56,normal,drought,False,0.498,0.424,0.079,0,0,0.29,10
6,2025-07-29,35.06,35.02,34.94,34.81,34.7,34.6,34.54,normal,drought,False,0.506,0.421,0.073,0,0,0.29,10
6,2025-07-30,34.83,34.79,34.69,34.56,34.45,34.33,34.27,normal,drought,False,0.479,0.44,0.081,0,0,0.57,6
6,2025-07-31,34.79,34.74,34.63,34.5,34.38,34.27,34.21,normal,drought,False,0.509,0.422,0.069,0,0,0.57,6
6,2025-08-01,34.49,34.43,34.31,34.18,34.06,33.95,33.89,normal,drought,False,0.472,0.43,0.098,0,0,0.29,10
6,2025-08-02,34.51,34.47,34.37,34.25,34.15,34.07,33.99,normal,drought,False,0.491,0.422,0.087,0,0,0.29,10
6,2025-08-03,33.75,33.69,33.54,33.42,33.32,33.24,33.16,normal,drought,False,0.479,0.434,0.087,0,0,0.29,10
6,2025-08-04,33.31,33.22,33.04,32.91,32.81,32.74,32.66,normal,drought,False,0.516,0.417,0.067,0,0,0.29,10
6,2025-08-05,33.9,33.86,33.76,33.65,33.57,33.51,33.42,normal,drought,False,0.479,0.442,0.079,0,0,0.29,10
6,2025-08-06,33.64,33.59,33.46,33.34,33.26,33.19,33.12,normal,drought,False,0.494,0.445,0.06,0,0,0.29,10
6,2025-08-07,34.33,34.32,34.27,34.17,34.09,34.02,33.94,normal,drought,False,0.49,0.449,0.06,0,0,0.29,10
6,2025-08-08,34.7,34.79,34.82,34.77,34.72,34.67,34.57,normal,drought,False,0.503,0.454,0.043,0,0,0.29,10
6,2025-08-09,34.88,34.89,34.85,34.75,34.68,34.62,34.52,normal,drought,False,0.517,0.437,0.046,0,0,0.29,10
6,2025-08-10,34.64,34.63,34.59,34.49,34.41,34.35,34.25,normal,drought,False,0.527,0.434,0.039,0,0,0.29,10
6,2025-08-11,38.2,38.15,38.06,37.91,37.8,37.68,37.56,normal,drought,False,0.524,0.429,0.046,0,0,0.57,6
6,2025-08-12,38.55,38.48,38.35,38.2,38.08,37.95,37.82,normal,drought,False,0.518,0.436,0.046,0,0,0.57,6
6,2025-08-13,38.13,38.06,37.9,37.76,37.63,37.51,37.4,normal,drought,False,0.531,0.413,0.055,0,0,0.29,10
6,2025-08-14,38.12,38.07,37.93,37.8,37.68,37.57,37.45,normal,drought,False,0.531,0.41,0.059,0,0,0.29,10
6,2025-08-15,37.97,37.92,37.79,37.66,37.53,37.42,37.3,normal,drought,False,0.52,0.404,0.076,0,0,0.29,10
6,2025-08-16,38.04,37.99,37.88,37.74,37.62,37.51,37.4,normal,drought,False,0.477,0.421,0.102,0,0,0.29,10
6,2025-08-17,37.99,37.94,37.81,37.67,37.54,37.43,37.32,normal,drought,False,0.505,0.393,0.102,0,0,0.29,10
6,2025-08-18,38.03,37.98,37.85,37.71,37.58,37.48,37.35,normal,drought,False,0.509,0.375,0.115,0,0,0.29,10
6,2025-08-19,38.22,38.17,38.06,37.92,37.8,37.68,37.57,normal,drought,False,0.451,0.394,0.154,0,0,0.29,10
6,2025-08-20,38.24,38.18,38.05,37.89,37.75,37.61,37.53,normal,normal,True,0.39,0.429,0.182,0,0,0.29,10
6,2025-08-21,38.13,38.06,37.93,37.77,37.63,37.49,37.39,normal,drought,False,0.426,0.401,0.173,0,0,0.29,10
6,2025-08-22,38.18,38.14,38.02,37.86,37.72,37.59,37.49,normal,drought,False,0.471,0.388,0.141,0,0,0.29,10
6,2025-08-23,34.54,34.51,34.37,34.26,34.14,34.04,33.98,normal,drought,False,0.401,0.397,0.201,0,0,0.57,6
6,2025-08-24,33.79,33.74,33.57,33.45,33.33,33.23,33.18,normal,normal,True,0.358,0.434,0.208,0,0,0.57,6
6,2025-08-25,34.14,34.07,33.95,33.8,33.68,33.56,33.52,normal,normal,True,0.376,0.413,0.211,0,0,0.29,10
6,2025-08-26,34.03,33.97,33.84,33.7,33.58,33.47,33.42,normal,normal,True,0.439,0.442,0.119,0,0,0.29,10
6,2025-08-27,34.42,34.38,34.29,34.16,34.05,33.95,33.9,normal,normal,True,0.38,0.419,0.201,0,0,0.29,10
6,2025-08-28,34.3,34.26,34.19,34.07,33.97,33.87,33.82,normal,normal,True,0.367,0.492,0.141,0,0,0.29,10
6,2025-08-29,33.92,33.87,33.78,33.64,33.54,33.44,33.4,normal,normal,True,0.408,0.424,0.167,0,0,0.29,10
6,2025-08-30,33.98,33.93,33.84,33.71,33.6,33.5,33.45,normal,drought,False,0.472,0.454,0.073,0,0,0.29,10
6,2025-08-31,34.15,34.11,34.01,33.88,33.78,33.69,33.64,normal,drought,False,0.429,0.398,0.173,0,0,0.29,10
7,2025-03-01,21.1,21.11,21.15,21.1,21.16,21.26,21.3,normal,drought,False,0.443,0.389,0.168,0,0,0.29,10
7,2025-03-02,22.19,22.3,22.43,22.44,22.52,22.64,22.67,normal,drought,False,0.541,0.289,0.171,0,0,0.29,10
7,2025-03-03,21.59,21.63,21.7,21.66,21.73,21.83,21.88,normal,drought,False,0.577,0.246,0.177,0,0,0.29,10
7,2025-03-04,21.75,21.78,21.87,21.82,21.9,21.98,22.03,normal,drought,False,0.577,0.264,0.159,0,0,0.29,10
7,2025-03-05,21.92,22.05,22.19,22.19,22.28,22.35,22.42,normal,drought,False,0.58,0.256,0.164,0,0,0.29,10
7,2025-03-06,21.89,21.89,21.94,21.87,21.93,21.98,22.06,normal,drought,False,0.641,0.228,0.131,0,0,0.29,10
7,2025-03-07,21.68,21.69,21.75,21.69,21.75,21.8,21.89,normal,drought,False,0.634,0.232,0.134,0,0,0.29,10
7,2025-03-08,10.41,10.21,10.16,10.1,10.14,10.26,10.45,normal,drought,False,0.618,0.252,0.13,0,0,0.57,6
7,2025-03-09,9.51,9.31,9.28,9.23,9.28,9.4,9.62,normal,drought,False,0.612,0.254,0.135,5,0,0.57,6
7,2025-03-10,11.62,11.54,11.6,11.54,11.61,11.74,11.9,normal,drought,False,0.637,0.237,0.126,0,0,0.29,10
7,2025-03-11,11.36,11.31,11.36,11.32,11.4,11.55,11.68,normal,drought,False,0.66,0.221,0.119,0,0,0.29,10
7,2025-03-12,12.87,13.05,13.3,13.37,13.53,13.75,13.85,normal,drought,False,0.624,0.22,0.156,0,0,0.29,10
7,2025-03-13,11.14,11.05,11.1,11.03,11.1,11.24,11.38,normal,drought,False,0.566,0.256,0.178,0,0,0.29,10
7,2025-03-14,11.06,10.95,10.96,10.89,10.95,11.07,11.22,normal,drought,False,0.577,0.248,0.175,0,0,0.29,10
7,2025-03-15,12.04,12.17,12.34,12.38,12.5,12.65,12.82,normal,drought,False,0.591,0.231,0.178,0,0,0.29,10
7,2025-03-16,13.03,13.17,13.32,13.37,13.5,13.66,13.8,normal,drought,False,0.608,0.226,0.166,0,0,0.29,10
7,2025-03-17,12.44,12.6,12.81,12.87,13.03,13.22,13.36,normal,drought,False,0.571,0.219,0.21,0,0,0.29,10
7,2025-03-18,12.24,12.3,12.46,12.47,12.6,12.76,12.91,normal,drought,False,0.529,0.28,0.191,0,0,0.29,10
7,2025-03-19,11.37,11.28,11.3,11.24,11.3,11.42,11.57,normal,drought,False,0.6,0.219,0.181,0,0,0.29,10
7,2025-03-20,14.4,14.43,14.49,14.48,14.56,14.71,14.83,normal,drought,False,0.627,0.242,0.13,0,0,0.57,6
7,2025-03-21,14.28,14.37,14.49,14.5,14.6,14.74,14.86,normal,drought,False,0.587,0.238,0.175,0,0,0.57,6
7,2025-03-22,13.46,13.42,13.48,13.42,13.48,13.6,13.75,normal,drought,False,0.513,0.312,0.175,0,0,0.29,10
7,2025-03-23,13.59,13.67,13.83,13.82,13.93,14.07,14.21,normal,drought,False,0.62,0.206,0.173,0,0,0.29,10
7,2025-03-24,13.41,13.37,13.43,13.37,13.44,13.55,13.7,normal,drought,False,0.594,0.238,0.168,0,0,0.29,10
7,2025-03-25,12.89,12.82,12.84,12.76,12.81,12.92,13.08,normal,drought,False,0.621,0.213,0.165,0,0,0.29,10
7,2025-03-26,13.29,13.28,13.37,13.32,13.4,13.53,13.69,normal,drought,False,0.593,0.206,0.201,0,0,0.29,10
7,2025-03-27,12.87,12.8,12.85,12.78,12.84,12.96,13.11,normal,drought,False,0.598,0.205,0.197,0,0,0.29,10
7,2025-03-28,12.89,12.84,12.9,12.84,12.91,13.02,13.18,normal,drought,False,0.552,0.219,0.229,0,0,0.29,10
7,2025-03-29,13.03,13.06,13.18,13.15,13.23,13.35,13.52,normal,drought,False,0.604,0.203,0.193,0,0,0.29,10
7,2025-03-30,13.19,13.19,13.3,13.26,13.33,13.44,13.62,normal,drought,False,0.543,0.214,0.243,0,0,0.29,10
7,2025-03-31,12.98,12.97,13.07,13.02,13.08,13.19,13.37,normal,drought,False,0.574,0.206,0.22,0,0,0.29,10
7,2025-04-01,22.72,22.91,23.11,23.11,23.15,23.23,23.29,normal,drought,False,0.528,0.211,0.261,0,0,0.57,6
7,2025-04-02,23.65,23.85,24.05,24.06,24.11,24.22,24.23,normal,drought,False,0.569,0.201,0.229,0,0,0.57,6
7,2025-04-03,22.28,22.31,22.38,22.34,22.37,22.44,22.5,normal,drought,False,0.575,0.193,0.232,0,0,0.29,10
7,2025-04-04,23.3,23.39,23.54,23.53,23.59,23.7,23.71,normal,drought,False,0.564,0.197,0.239,0,0,0.29,10
7,2025-04-05,23.54,23.67,23.85,23.86,23.93,24.06,24.07,normal,drought,False,0.501,0.2,0.299,0,0,0.29,10
7,2025-04-06,23.45,23.48,23.57,23.52,23.57,23.64,23.68,normal,drought,False,0.552,0.204,0.244,0,0,0.29,10
7,2025-04-07,24.29,24.43,24.61,24.63,24.7,24.79,24.8,normal,drought,False,0.541,0.207,0.252,0,0,0.29,10
7,2025-04-08,24.32,24.41,24.54,24.52,24.58,24.64,24.68,normal,drought,False,0.566,0.205,0.229,0,0,0.29,10
7,2025-04-09,23.88,23.88,23.91,23.83,23.86,23.89,23.94,normal,drought,False,0.577,0.206,0.217,0,0,0.29,10
7,2025-04-10,23.47,23.48,23.52,23.45,23.48,23.52,23.58,normal,drought,False,0.627,0.204,0.169,0,0,0.29,10
7,2025-04-11,23.54,23.53,23.54,23.47,23.5,23.55,23.6,normal,drought,False,0.636,0.199,0.165,0,0,0.29,10
7,2025-04-12,22.75,22.69,22.63,22.53,22.56,22.59,22.66,normal,drought,False,0.639,0.2,0.161,0,0,0.29,10
7,2025-04-13,33.55,33.58,33.65,33.53,33.5,33.48,33.4,normal,drought,False,0.632,0.206,0.161,0,0,0.57,6
7,2025-04-14,34.37,34.43,34.51,34.41,34.37,34.34,34.25,normal,drought,False,0.649,0.199,0.152,0,0,0.57,6
7,2025-04-15,33.43,33.42,33.34,33.24,33.17,33.13,33.06,normal,drought,False,0.667,0.201,0.133,0,0,0.29,10
7,2025-04-16,33.2,33.18,33.12,33.01,32.93,32.89,32.83,normal,drought,False,0.646,0.203,0.15,0,0,0.29,10
7,2025-04-17,33.22,33.2,33.13,33.02,32.93,32.89,32.82,normal,drought,False,0.616,0.215,0.169,0,0,0.29,10
7,2025-04-18,33.04,33.02,32.94,32.83,32.74,32.68,32.63,normal,drought,False,0.584,0.215,0.201,0,0,0.29,10
7,2025-04-19,33.21,33.17,33.07,32.95,32.86,32.79,32.74,normal,drought,False,0.591,0.228,0.181,0,0,0.29,10
7,2025-04-20,32.95,32.9,32.8,32.68,32.57,32.5,32.45,normal,drought,False,0.595,0.21,0.196,0,0,0.29,10
7,2025-04-21,32.94,32.9,32.8,32.67,32.56,32.48,32.44,normal,drought,False,0.579,0.212,0.209,0,0,0.29,10
7,2025-04-22,32.98,32.95,32.87,32.75,32.66,32.61,32.55,normal,drought,False,0.587,0.212,0.201,0,0,0.29,10
7,2025-04-23,32.93,32.89,32.81,32.69,32.6,32.55,32.49,normal,drought,False,0.611,0.208,0.18,0,0,0.29,10
7,2025-04-24,32.65,32.59,32.49,32.36,32.27,32.21,32.15,normal,drought,False,0.6,0.204,0.196,0,0,0.29,10
7,2025-04-25,34.86,34.8,34.71,34.57,34.46,34.39,34.31,normal,drought,False,0.591,0.205,0.204,0,0,0.57,6
7,2025-04-26,35.39,35.36,35.28,35.15,35.05,34.99,34.89,normal,drought,False,0.599,0.21,0.19,0,0,0.57,6
7,2025-04-27,35.2,35.16,35.06,34.93,34.83,34.76,34.67,normal,drought,False,0.605,0.21,0.185,0,0,0.29,10
7,2025-04-28,35.42,35.39,35.32,35.21,35.12,35.08,34.97,normal,drought,False,0.599,0.208,0.193,0,0,0.29,10
7,2025-04-29,35.59,35.57,35.52,35.42,35.33,35.3,35.18,normal,drought,False,0.593,0.213,0.194,0,0,0.29,10
7,2025-04-30,35.71,35.68,35.61,35.5,35.42,35.39,35.26,overflow,drought,False,0.617,0.208,0.175,0,2,0.29,10
7,2025-05-01,35.81,35.77,35.7,35.6,35.52,35.5,35.36,overflow,drought,False,0.618,0.202,0.179,0,3,0.29,10
7,2025-05-02,35.96,35.9,35.8,35.66,35.56,35.5,35.39,overflow,drought,False,0.618,0.208,0.174,0,4,0.29,10
7,2025-05-03,35.76,35.69,35.56,35.43,35.32,35.25,35.15,overflow,drought,False,0.619,0.208,0.173,0,2,0.29,10
7,2025-05-04,35.54,35.49,35.36,35.23,35.13,35.04,34.96,normal,drought,False,0.633,0.21,0.157,0,0,0.29,10
7,2025-05-05,35.87,35.83,35.72,35.58,35.48,35.38,35.31,overflow,drought,False,0.62,0.216,0.164,0,3,0.29,10
7,2025-05-06,36.33,36.31,36.25,36.14,36.04,35.98,35.88,overflow,drought,False,0.606,0.218,0.175,0,7,0.29,10
7,2025-05-07,25.87,25.81,25.63,25.56,25.5,25.49,25.51,normal,drought,False,0.626,0.213,0.161,0,0,0.57,6
7,2025-05-08,24.34,24.21,23.97,23.87,23.81,23.8,23.82,normal,drought,False,0.663,0.2,0.137,0,0,0.57,6
7,2025-05-09,25.72,25.72,25.72,25.64,25.62,25.64,25.67,normal,drought,False,0.639,0.204,0.158,0,0,0.29,10
7,2025-05-10,25.73,25.7,25.64,25.55,25.51,25.51,25.54,normal,drought,False,0.611,0.209,0.18,0,0,0.29,10
7,2025-05-11,25.84,25.84,25.82,25.73,25.71,25.7,25.74,normal,drought,False,0.613,0.212,0.175,0,0,0.29,10
7,2025-05-12,25.61,25.62,25.62,25.54,25.52,25.51,25.57,normal,drought,False,0.617,0.214,0.169,0,0,0.29,10
7,2025-05-13,25.45,25.45,25.44,25.36,25.33,25.32,25.36,normal,drought,False,0.587,0.211,0.202,0,0,0.29,10
7,2025-05-14,25.33,25.34,25.35,25.26,25.24,25.24,25.3,normal,drought,False,0.567,0.22,0.213,0,0,0.29,10
7,2025-05-15,25.28,25.29,25.29,25.2,25.17,25.16,25.22,normal,drought,False,0.584,0.214,0.203,0,0,0.29,10
7,2025-05-16,25.2,25.2,25.19,25.11,25.08,25.07,25.12,normal,drought,False,0.591,0.21,0.199,0,0,0.29,10
7,2025-05-17,25.09,25.1,25.1,25.02,25.0,25.0,25.05,normal,drought,False,0.577,0.214,0.209,0,0,0.29,10
7,2025-05-18,25.34,25.38,25.41,25.37,25.38,25.44,25.43,normal,drought,False,0.611,0.211,0.178,0,0,0.29,10
7,2025-05-19,34.96,34.99,35.07,34.96,34.91,34.9,34.77,normal,drought,False,0.598,0.205,0.198,0,0,0.57,6
7,2025-05-20,35.14,35.13,35.14,35.01,34.95,34.93,34.8,normal,drought,False,0.599,0.204,0.197,0,0,0.57,6
7,2025-05-21,33.84,33.76,33.61,33.47,33.36,33.29,33.22,normal,drought,False,0.584,0.211,0.205,0,0,0.29,10
7,2025-05-22,34.64,34.62,34.53,34.42,34.34,34.3,34.2,normal,drought,False,0.635,0.228,0.137,0,0,0.29,10
7,2025-05-23,34.81,34.8,34.74,34.63,34.55,34.49,34.41,normal,drought,False,0.6,0.228,0.172,0,0,0.29,10
7,2025-05-24,35.4,35.46,35.47,35.39,35.32,35.28,35.18,normal,drought,False,0.589,0.232,0.18,0,0,0.29,10
7,2025-05-25,34.83,34.83,34.79,34.69,34.61,34.57,34.46,normal,drought,False,0.616,0.219,0.165,0,0,0.29,10
7,2025-05-26,34.88,34.83,34.71,34.59,34.49,34.44,34.33,normal,drought,False,0.67,0.231,0.099,0,0,0.29,10
7,2025-05-27,34.74,34.67,34.53,34.39,34.27,34.19,34.11,normal,drought,False,0.636,0.221,0.143,0,0,0.29,10
7,2025-05-28,34.74,34.67,34.5,34.38,34.26,34.18,34.09,normal,drought,False,0.654,0.221,0.125,0,0,0.29,10
7,2025-05-29,35.15,35.1,35.0,34.87,34.76,34.66,34.59,normal,drought,False,0.615,0.233,0.152,0,0,0.29,10
7,2025-05-30,35.31,35.27,35.19,35.07,34.96,34.88,34.8,normal,drought,False,0.64,0.24,0.12,0,0,0.29,10
7,2025-05-31,40.75,40.73,40.7,40.56,40.43,40.36,40.17,overflow,drought,False,0.639,0.212,0.149,0,7,0.57,6
7,2025-06-01,41.29,41.26,41.22,41.06,40.92,40.83,40.64,overflow,drought,False,0.64,0.224,0.136,0,7,0.57,6
7,2025-06-02,40.0,39.89,39.67,39.48,39.31,39.18,39.04,overflow,drought,False,0.629,0.211,0.161,0,7,0.29,10
7,2025-06-03,40.12,40.01,39.8,39.61,39.43,39.28,39.16,overflow,drought,False,0.637,0.216,0.147,0,7,0.29,10
7,2025-06-04,40.68,40.62,40.46,40.3,40.14,40.01,39.87,overflow,drought,False,0.618,0.226,0.156,0,7,0.29,10
7,2025-06-05,40.56,40.49,40.33,40.17,40.0,39.88,39.73,overflow,drought,False,0.63,0.221,0.149,0,7,0.29,10
7,2025-06-06,40.56,40.51,40.38,40.23,40.07,39.96,39.8,overflow,drought,False,0.587,0.218,0.195,0,7,0.29,10
7,2025-06-07,40.37,40.3,40.16,39.99,39.83,39.71,39.57,overflow,drought,False,0.58,0.212,0.208,0,7,0.29,10
7,2025-06-08,40.48,40.38,40.19,40.01,39.84,39.7,39.57,overflow,drought,False,0.6,0.213,0.187,0,7,0.29,10
7,2025-06-09,40.38,40.28,40.1,39.92,39.74,39.6,39.48,overflow,drought,False,0.595,0.206,0.199,0,7,0.29,10
7,2025-06-10,40.57,40.49,40.31,40.13,39.96,39.82,39.7,overflow,drought,False,0.561,0.218,0.221,0,7,0.29,10
7,2025-06-11,40.4,40.32,40.16,40.01,39.86,39.76,39.6,overflow,drought,False,0.545,0.199,0.256,0,7,0.29,10
7,2025-06-12,37.88,37.8,37.62,37.48,37.34,37.27,37.13,overflow,drought,False,0.607,0.19,0.203,0,7,0.57,6
7,2025-06-13,37.73,37.64,37.44,37.28,37.13,37.03,36.92,overflow,drought,False,0.558,0.195,0.246,0,7,0.57,6
7,2025-06-14,37.7,37.6,37.42,37.26,37.11,37.02,36.91,overflow,drought,False,0.587,0.197,0.215,0,7,0.29,10
7,2025-06-15,37.86,37.78,37.63,37.5,37.38,37.32,37.17,overflow,drought,False,0.598,0.197,0.205,0,7,0.29,10
7,2025-06-16,38.55,38.53,38.45,38.34,38.24,38.21,38.03,overflow,drought,False,0.597,0.195,0.208,0,7,0.29,10
7,2025-06-17,37.6,37.53,37.39,37.26,37.15,37.11,36.95,overflow,drought,False,0.565,0.194,0.241,0,7,0.29,10
7,2025-06-18,37.6,37.53,37.39,37.25,37.13,37.08,36.93,overflow,drought,False,0.581,0.195,0.224,0,7,0.29,10
7,2025-06-19,38.6,38.58,38.49,38.36,38.25,38.18,38.04,overflow,drought,False,0.617,0.212,0.171,0,7,0.29,10
7,2025-06-20,38.7,38.65,38.52,38.37,38.25,38.14,38.02,overflow,drought,False,0.612,0.211,0.177,0,7,0.29,10
7,2025-06-21,39.06,39.05,39.0,38.88,38.76,38.68,38.54,overflow,drought,False,0.593,0.217,0.19,0,7,0.29,10
7,2025-06-22,39.2,39.2,39.16,39.04,38.93,38.86,38.71,overflow,drought,False,0.599,0.216,0.185,0,7,0.29,10
7,2025-06-23,38.84,38.77,38.61,38.45,38.3,38.19,38.07,overflow,drought,False,0.637,0.207,0.156,0,7,0.29,10
7,2025-06-24,42.51,42.44,42.3,42.13,41.96,41.82,41.65,overflow,drought,False,0.635,0.205,0.16,0,7,0.57,6
7,2025-06-25,42.97,42.89,42.73,42.54,42.36,42.21,42.04,overflow,drought,False,0.625,0.21,0.165,0,7,0.57,6
7,2025-06-26,42.45,42.35,42.12,41.94,41.74,41.58,41.43,overflow,drought,False,0.63,0.211,0.16,0,7,0.29,10
7,2025-06-27,42.15,42.06,41.86,41.68,41.5,41.36,41.2,overflow,drought,False,0.598,0.203,0.199,0,7,0.29,10
7,2025-06-28,42.16,42.07,41.88,41.7,41.52,41.38,41.22,overflow,drought,False,0.581,0.207,0.211,0,7,0.29,10
7,2025-06-29,41.57,41.47,41.24,41.06,40.87,40.74,40.58,overflow,drought,False,0.609,0.196,0.195,0,7,0.29,10
7,2025-06-30,41.83,41.74,41.54,41.35,41.16,41.02,40.87,overflow,drought,False,0.599,0.203,0.198,0,7,0.29,10
7,2025-07-01,42.01,41.92,41.74,41.55,41.37,41.22,41.08,overflow,drought,False,0.528,0.208,0.264,0,7,0.29,10
7,2025-07-02,41.99,41.89,41.71,41.52,41.33,41.17,41.04,overflow,drought,False,0.528,0.208,0.264,0,7,0.29,10
7,2025-07-03,42.28,42.21,42.08,41.91,41.73,41.59,41.44,overflow,drought,False,0.525,0.211,0.264,0,7,0.29,10
7,2025-07-04,42.06,41.98,41.82,41.63,41.45,41.3,41.15,overflow,drought,False,0.536,0.207,0.258,0,7,0.29,10
7,2025-07-05,42.16,42.07,41.88,41.69,41.49,41.33,41.2,overflow,drought,False,0.502,0.209,0.289,0,7,0.29,10
7,2025-07-06,40.87,40.77,40.57,40.39,40.2,40.05,39.93,overflow,drought,False,0.503,0.209,0.288,0,7,0.57,6
7,2025-07-07,40.92,40.81,40.6,40.41,40.22,40.06,39.94,overflow,drought,False,0.512,0.207,0.281,0,7,0.57,6
7,2025-07-08,41.02,40.93,40.75,40.55,40.37,40.2,40.09,overflow,drought,False,0.484,0.213,0.303,0,7,0.29,10
7,2025-07-09,40.88,40.78,40.6,40.4,40.21,40.05,39.94,overflow,drought,False,0.464,0.214,0.322,0,7,0.29,10
7,2025-07-10,40.86,40.77,40.59,40.4,40.22,40.06,39.94,overflow,drought,False,0.456,0.218,0.327,0,7,0.29,10
7,2025-07-11,40.81,40.73,40.55,40.37,40.18,40.04,39.91,overflow,drought,False,0.5,0.211,0.288,0,7,0.29,10
7,2025-07-12,40.64,40.54,40.34,40.14,39.95,39.8,39.68,overflow,drought,False,0.464,0.216,0.32,0,7,0.29,10
7,2025-07-13,40.62,40.52,40.34,40.15,39.97,39.82,39.7,overflow,drought,False,0.437,0.218,0.345,0,7,0.29,10
7,2025-07-14,40.54,40.44,40.26,40.06,39.88,39.73,39.61,overflow,drought,False,0.439,0.218,0.343,0,7,0.29,10
7,2025-07-15,40.73,40.64,40.46,40.28,40.1,39.96,39.84,overflow,drought,False,0.442,0.218,0.34,0,7,0.29,10
7,2025-07-16,40.52,40.44,40.26,40.08,39.9,39.75,39.63,overflow,drought,False,0.433,0.22,0.348,0,7,0.29,10
7,2025-07-17,40.47,40.38,40.2,40.02,39.86,39.74,39.6,overflow,drought,False,0.463,0.21,0.328,0,7,0.29,10
7,2025-07-18,44.63,44.55,44.4,44.2,44.01,43.85,43.66,overflow,drought,False,0.469,0.21,0.321,0,7,0.57,6
7,2025-07-19,45.14,45.05,44.89,44.69,44.5,44.36,44.16,overflow,drought,False,0.496,0.206,0.298,0,7,0.57,6
7,2025-07-20,44.35,44.25,44.03,43.83,43.63,43.47,43.3,overflow,drought,False,0.447,0.212,0.342,0,7,0.29,10
7,2025-07-21,44.94,44.86,44.68,44.5,44.32,44.19,43.98,overflow,drought,False,0.527,0.206,0.267,0,7,0.29,10
7,2025-07-22,44.51,44.42,44.23,44.04,43.85,43.72,43.52,overflow,drought,False,0.501,0.202,0.296,0,7,0.29,10
7,2025-07-23,44.97,44.87,44.68,44.5,44.31,44.18,43.98,overflow,drought,False,0.545,0.205,0.251,0,7,0.29,10
7,2025-07-24,44.68,44.59,44.41,44.22,44.04,43.91,43.71,overflow,drought,False,0.494,0.201,0.305,0,7,0.29,10
7,2025-07-25,45.38,45.29,45.09,44.9,44.71,44.57,44.37,overflow,drought,False,0.565,0.206,0.229,0,7,0.29,10
7,2025-07-26,45.36,45.28,45.12,44.94,44.75,44.61,44.41,overflow,drought,False,0.519,0.203,0.278,0,7,0.29,10
7,2025-07-27,45.5,45.41,45.23,45.04,44.86,44.72,44.51,overflow,drought,False,0.564,0.2,0.236,0,7,0.29,10
7,2025-07-28,45.87,45.79,45.64,45.45,45.26,45.1,44.91,overflow,drought,False,0.502,0.207,0.291,0,7,0.29,10
7,2025-07-29,45.7,45.61,45.41,45.2,44.99,44.83,44.64,overflow,drought,False,0.577,0.203,0.22,0,7,0.29,10
7,2025-07-30,45.31,45.22,45.02,44.81,44.6,44.42,44.24,overflow,drought,False,0.54,0.208,0.252,0,7,0.57,6
7,2025-07-31,45.42,45.33,45.13,44.93,44.72,44.54,44.36,overflow,drought,False,0.575,0.208,0.217,0,7,0.57,6
7,2025-08-01,45.1,44.98,44.74,44.53,44.31,44.13,43.95,overflow,drought,False,0.529,0.202,0.268,0,7,0.29,10
7,2025-08-02,45.03,44.92,44.7,44.51,44.3,44.15,43.95,overflow,drought,False,0.563,0.198,0.239,0,7,0.29,10
7,2025-08-03,44.22,44.08,43.81,43.61,43.4,43.26,43.06,overflow,drought,False,0.55,0.195,0.255,0,7,0.29,10
7,2025-08-04,43.75,43.58,43.26,43.05,42.83,42.69,42.49,overflow,drought,False,0.595,0.191,0.215,0,7,0.29,10
7,2025-08-05,44.41,44.31,44.09,43.91,43.72,43.59,43.39,overflow,drought,False,0.514,0.199,0.286,0,7,0.29,10
7,2025-08-06,44.21,44.1,43.87,43.68,43.49,43.36,43.17,overflow,drought,False,0.549,0.207,0.244,0,7,0.29,10
7,2025-08-07,44.7,44.62,44.47,44.29,44.1,43.97,43.78,overflow,drought,False,0.527,0.21,0.262,0,7,0.29,10
7,2025-08-08,44.93,44.91,44.82,44.65,44.5,44.38,44.18,overflow,drought,False,0.569,0.211,0.22,0,7,0.29,10
7,2025-08-09,45.15,45.08,44.94,44.76,44.58,44.45,44.25,overflow,drought,False,0.539,0.203,0.257,0,7,0.29,10
7,2025-08-10,45.15,45.08,44.94,44.77,44.59,44.46,44.25,overflow,drought,False,0.602,0.206,0.192,0,7,0.29,10
7,2025-08-11,44.6,44.5,44.3,44.11,43.91,43.76,43.58,overflow,drought,False,0.582,0.205,0.213,0,7,0.57,6
7,2025-08-12,44.58,44.49,44.25,44.07,43.87,43.7,43.52,overflow,drought,False,0.606,0.206,0.188,0,7,0.57,6
7,2025-08-13,44.59,44.48,44.26,44.07,43.88,43.72,43.54,overflow,drought,False,0.584,0.203,0.213,0,7,0.29,10
7,2025-08-14,44.61,44.52,44.31,44.13,43.94,43.78,43.6,overflow,drought,False,0.622,0.2,0.178,0,7,0.29,10
7,2025-08-15,44.54,44.45,44.25,44.06,43.86,43.71,43.53,overflow,drought,False,0.58,0.198,0.222,0,7,0.29,10
7,2025-08-16,44.62,44.54,44.35,44.16,43.97,43.83,43.65,overflow,drought,False,0.578,0.198,0.224,0,7,0.29,10
7,2025-08-17,44.52,44.43,44.24,44.05,43.86,43.71,43.52,overflow,drought,False,0.57,0.199,0.231,0,7,0.29,10
7,2025-08-18,44.52,44.43,44.23,44.03,43.84,43.7,43.51,overflow,drought,False,0.583,0.196,0.22,0,7,0.29,10
7,2025-08-19,44.84,44.76,44.58,44.39,44.2,44.05,43.87,overflow,drought,False,0.511,0.198,0.291,0,7,0.29,10
7,2025-08-20,44.9,44.8,44.61,44.4,44.2,44.02,43.86,overflow,drought,False,0.486,0.207,0.307,0,7,0.29,10
7,2025-08-21,44.73,44.63,44.43,44.22,44.01,43.83,43.66,overflow,drought,False,0.516,0.205,0.279,0,7,0.29,10
7,2025-08-22,44.87,44.79,44.61,44.4,44.2,44.03,43.85,overflow,drought,False,0.538,0.207,0.255,0,7,0.29,10
7,2025-08-23,44.31,44.22,44.02,43.82,43.63,43.47,43.3,overflow,drought,False,0.483,0.204,0.313,0,7,0.57,6
7,2025-08-24,43.68,43.56,43.33,43.12,42.92,42.76,42.6,overflow,drought,False,0.462,0.205,0.333,0,7,0.57,6
7,2025-08-25,43.71,43.58,43.35,43.13,42.91,42.73,42.59,overflow,drought,False,0.461,0.208,0.331,0,7,0.29,10
7,2025-08-26,43.37,43.24,42.98,42.76,42.54,42.37,42.22,overflow,drought,False,0.507,0.207,0.286,0,7,0.29,10
7,2025-08-27,43.74,43.63,43.41,43.21,43.0,42.83,42.69,overflow,drought,False,0.45,0.208,0.342,0,7,0.29,10
7,2025-08-28,43.83,43.75,43.58,43.39,43.2,43.05,42.89,overflow,drought,False,0.417,0.217,0.366,0,7,0.29,10
7,2025-08-29,43.37,43.26,43.06,42.85,42.65,42.5,42.35,overflow,drought,False,0.439,0.204,0.357,0,7,0.29,10
7,2025-08-30,43.33,43.23,43.04,42.83,42.63,42.48,42.33,overflow,drought,False,0.489,0.207,0.305,0,7,0.29,10
7,2025-08-31,43.54,43.45,43.26,43.06,42.87,42.73,42.57,overflow,drought,False,0.46,0.201,0.339,0,7,0.29,10
8,2025-03-01,23.32,23.31,23.32,23.25,23.28,23.34,23.36,normal,normal,True,0.326,0.34,0.334,0,0,0.29,10
8,2025-03-02,24.34,24.42,24.51,24.48,24.54,24.62,24.62,normal,drought,False,0.39,0.32,0.29,0,0,0.29,10
8,2025-03-03,24.07,24.13,24.21,24.17,24.23,24.29,24.31,normal,drought,False,0.462,0.293,0.244,0,0,0.29,10
8,2025-03-04,24.41,24.49,24.59,24.56,24.61,24.67,24.69,normal,drought,False,0.426,0.308,0.266,0,0,0.29,10
8,2025-03-05,24.51,24.66,24.81,24.81,24.88,24.93,24.95,normal,drought,False,0.476,0.283,0.241,0,0,0.29,10
8,2025-03-06,24.66,24.68,24.74,24.68,24.71,24.73,24.77,normal,drought,False,0.5,0.276,0.224,0,0,0.29,10
8,2025-03-07,24.35,24.35,24.39,24.32,24.34,24.36,24.41,normal,drought,False,0.515,0.27,0.215,0,0,0.29,10
8,2025-03-08,17.64,17.46,17.35,17.23,17.24,17.28,17.39,normal,drought,False,0.461,0.294,0.245,0,0,0.57,6
8,2025-03-09,17.11,16.92,16.81,16.69,16.7,16.74,16.86,normal,drought,False,0.521,0.265,0.214,0,0,0.57,6
8,2025-03-10,18.36,18.29,18.33,18.24,18.3,18.36,18.47,normal,drought,False,0.496,0.265,0.239,0,0,0.29,10
8,2025-03-11,18.47,18.48,18.56,18.52,18.59,18.7,18.77,normal,drought,False,0.513,0.269,0.217,0,0,0.29,10
8,2025-03-12,19.4,19.57,19.78,19.82,19.95,20.11,20.15,normal,drought,False,0.498,0.267,0.235,0,0,0.29,10
8,2025-03-13,17.47,17.37,17.39,17.28,17.32,17.41,17.5,normal,drought,False,0.493,0.268,0.239,0,0,0.29,10
8,2025-03-14,17.72,17.62,17.63,17.53,17.58,17.64,17.73,normal,drought,False,0.489,0.266,0.246,0,0,0.29,10
8,2025-03-15,18.61,18.71,18.86,18.86,18.95,19.03,19.13,normal,drought,False,0.542,0.259,0.2,0,0,0.29,10
8,2025-03-16,19.99,20.16,20.36,20.4,20.53,20.62,20.71,normal,drought,False,0.572,0.245,0.183,0,0,0.29,10
8,2025-03-17,19.38,19.63,19.9,19.98,20.13,20.28,20.35,normal,drought,False,0.583,0.237,0.18,0,0,0.29,10
8,2025-03-18,19.31,19.42,19.62,19.62,19.74,19.85,19.93,normal,drought,False,0.46,0.296,0.244,0,0,0.29,10
8,2025-03-19,18.01,17.93,17.94,17.84,17.89,17.95,18.05,normal,drought,False,0.59,0.241,0.169,0,0,0.29,10
8,2025-03-20,23.69,23.73,23.83,23.77,23.82,23.87,23.9,normal,drought,False,0.529,0.275,0.195,0,0,0.57,6
8,2025-03-21,24.0,24.15,24.32,24.31,24.38,24.44,24.48,normal,drought,False,0.554,0.26,0.186,0,0,0.57,6
8,2025-03-22,23.17,23.13,23.13,23.03,23.04,23.06,23.11,normal,drought,False,0.454,0.308,0.238,0,0,0.29,10
8,2025-03-23,23.04,23.11,23.21,23.18,23.21,23.26,23.3,normal,drought,False,0.631,0.223,0.146,0,0,0.29,10
8,2025-03-24,22.91,22.89,22.91,22.82,22.82,22.84,22.9,normal,drought,False,0.549,0.255,0.196,0,0,0.29,10
8,2025-03-25,22.47,22.42,22.4,22.29,22.3,22.31,22.39,normal,drought,False,0.625,0.23,0.145,0,0,0.29,10
8,2025-03-26,22.61,22.61,22.64,22.56,22.58,22.61,22.67,normal,drought,False,0.647,0.218,0.136,0,0,0.29,10
8,2025-03-27,22.32,22.28,22.27,22.17,22.18,22.2,22.27,normal,drought,False,0.667,0.213,0.12,0,0,0.29,10
8,2025-03-28,22.28,22.25,22.25,22.16,22.17,22.19,22.27,normal,drought,False,0.63,0.227,0.143,0,0,0.29,10
8,2025-03-29,22.26,22.26,22.31,22.24,22.25,22.27,22.34,normal,drought,False,0.666,0.214,0.12,0,0,0.29,10
8,2025-03-30,22.46,22.45,22.5,22.41,22.42,22.43,22.51,normal,drought,False,0.628,0.228,0.144,0,0,0.29,10
8,2025-03-31,22.28,22.28,22.33,22.25,22.25,22.27,22.36,normal,drought,False,0.674,0.217,0.108,0,0,0.29,10
8,2025-04-01,10.63,10.45,10.43,10.37,10.41,10.5,10.71,drought,drought,True,0.651,0.226,0.123,7,0,0.57,6
8,2025-04-02,10.17,10.01,10.0,9.95,10.01,10.14,10.31,drought,drought,True,0.672,0.221,0.107,7,0,0.57,6
8,2025-04-03,12.38,12.36,12.48,12.44,12.53,12.66,12.8,normal,drought,False,0.673,0.22,0.107,0,0,0.29,10
8,2025-04-04,13.83,14.01,14.29,14.36,14.52,14.7,14.83,normal,drought,False,0.65,0.234,0.116,0,0,0.29,10
8,2025-04-05,14.63,14.93,15.31,15.44,15.64,15.83,15.98,normal,drought,False,0.614,0.246,0.14,0,0,0.29,10
8,2025-04-06,13.57,13.61,13.76,13.76,13.88,14.02,14.14,normal,drought,False,0.627,0.253,0.12,0,0,0.29,10
8,2025-04-07,14.81,15.06,15.39,15.49,15.68,15.85,15.98,normal,drought,False,0.602,0.253,0.144,0,0,0.29,10
8,2025-04-08,14.78,14.96,15.17,15.23,15.39,15.54,15.66,normal,drought,False,0.619,0.256,0.125,0,0,0.29,10
8,2025-04-09,13.94,13.89,13.93,13.87,13.95,14.06,14.17,normal,drought,False,0.621,0.257,0.122,0,0,0.29,10
8,2025-04-10,13.39,13.34,13.39,13.33,13.41,13.53,13.65,normal,drought,False,0.655,0.244,0.101,0,0,0.29,10
8,2025-04-11,13.63,13.58,13.62,13.57,13.66,13.78,13.89,normal,drought,False,0.637,0.247,0.116,0,0,0.29,10
8,2025-04-12,12.45,12.3,12.25,12.15,12.2,12.31,12.43,normal,drought,False,0.647,0.236,0.117,0,0,0.29,10
8,2025-04-13,21.48,21.55,21.63,21.59,21.62,21.71,21.76,normal,drought,False,0.643,0.239,0.118,0,0,0.57,6
8,2025-04-14,22.35,22.56,22.77,22.8,22.88,22.97,23.03,normal,drought,False,0.674,0.216,0.11,0,0,0.57,6
8,2025-04-15,21.54,21.59,21.66,21.62,21.67,21.73,21.8,normal,drought,False,0.669,0.215,0.116,0,0,0.29,10
8,2025-04-16,20.86,20.88,20.95,20.9,20.94,21.0,21.07,normal,drought,False,0.677,0.209,0.113,0,0,0.29,10
8,2025-04-17,20.83,20.82,20.87,20.8,20.84,20.88,20.95,normal,drought,False,0.631,0.216,0.153,0,0,0.29,10
8,2025-04-18,20.75,20.74,20.79,20.71,20.74,20.78,20.86,normal,drought,False,0.646,0.222,0.132,0,0,0.29,10
8,2025-04-19,20.72,20.68,20.68,20.59,20.61,20.64,20.72,normal,drought,False,0.628,0.234,0.137,0,0,0.29,10
8,2025-04-20,20.63,20.61,20.64,20.56,20.58,20.61,20.7,normal,drought,False,0.672,0.218,0.11,0,0,0.29,10
8,2025-04-21,20.45,20.42,20.45,20.36,20.38,20.41,20.5,normal,drought,False,0.671,0.216,0.112,0,0,0.29,10
8,2025-04-22,20.78,20.79,20.86,20.79,20.82,20.87,20.96,normal,drought,False,0.68,0.222,0.098,0,0,0.29,10
8,2025-04-23,20.7,20.71,20.77,20.71,20.74,20.79,20.87,normal,drought,False,0.673,0.221,0.106,0,0,0.29,10
8,2025-04-24,20.42,20.39,20.42,20.34,20.37,20.42,20.49,normal,drought,False,0.684,0.222,0.094,0,0,0.29,10
8,2025-04-25,5.07,4.9,4.96,5.03,5.16,5.36,5.56,drought,drought,True,0.673,0.228,0.1,7,0,0.57,6
8,2025-04-26,4.6,4.46,4.54,4.63,4.78,4.99,5.2,drought,drought,True,0.675,0.237,0.088,7,0,0.57,6
8,2025-04-27,8.63,8.64,8.75,8.76,8.84,8.98,9.15,drought,drought,True,0.67,0.234,0.096,7,0,0.29,10
8,2025-04-28,8.83,8.89,9.03,9.06,9.16,9.32,9.48,drought,drought,True,0.667,0.24,0.093,7,0,0.29,10
8,2025-04-29,8.98,9.04,9.19,9.22,9.33,9.48,9.64,drought,drought,True,0.657,0.244,0.099,7,0,0.29,10
8,2025-04-30,9.19,9.24,9.38,9.41,9.51,9.68,9.82,drought,drought,True,0.663,0.243,0.094,7,0,0.29,10
8,2025-05-01,9.4,9.5,9.67,9.73,9.86,10.04,10.16,drought,drought,True,0.658,0.243,0.099,7,0,0.29,10
8,2025-05-02,8.81,8.76,8.81,8.79,8.85,8.99,9.13,drought,drought,True,0.661,0.237,0.101,7,0,0.29,10
8,2025-05-03,9.0,8.97,9.02,9.01,9.08,9.21,9.36,drought,drought,True,0.654,0.241,0.105,7,0,0.29,10
8,2025-05-04,9.0,8.99,9.04,9.04,9.11,9.24,9.4,drought,drought,True,0.666,0.232,0.102,7,0,0.29,10
8,2025-05-05,8.81,8.75,8.76,8.73,8.77,8.89,9.05,drought,drought,True,0.662,0.231,0.107,7,0,0.29,10
8,2025-05-06,9.58,9.67,9.84,9.87,9.97,10.12,10.29,drought,drought,True,0.655,0.231,0.114,7,0,0.29,10
8,2025-05-07,25.05,25.44,25.67,25.79,25.82,25.95,25.88,normal,drought,False,0.667,0.226,0.107,0,0,0.57,6
8,2025-05-08,25.56,25.72,25.8,25.79,25.76,25.87,25.78,normal,drought,False,0.682,0.216,0.102,0,0,0.57,6
8,2025-05-09,23.3,23.28,23.3,23.21,23.21,23.24,23.29,normal,drought,False,0.676,0.216,0.108,0,0,0.29,10
8,2025-05-10,23.34,23.29,23.26,23.16,23.15,23.15,23.21,normal,drought,False,0.655,0.226,0.118,0,0,0.29,10
8,2025-05-11,23.43,23.4,23.39,23.3,23.29,23.3,23.36,normal,drought,False,0.666,0.222,0.112,0,0,0.29,10
8,2025-05-12,23.06,23.03,23.04,22.95,22.95,22.95,23.03,normal,drought,False,0.67,0.221,0.109,0,0,0.29,10
8,2025-05-13,22.98,22.96,22.97,22.88,22.87,22.87,22.94,normal,drought,False,0.655,0.226,0.119,0,0,0.29,10
8,2025-05-14,22.75,22.72,22.74,22.63,22.63,22.63,22.71,normal,drought,False,0.661,0.23,0.109,0,0,0.29,10
8,2025-05-15,22.82,22.79,22.8,22.7,22.69,22.7,22.78,normal,drought,False,0.679,0.225,0.096,0,0,0.29,10
8,2025-05-16,22.73,22.72,22.73,22.65,22.63,22.64,22.71,normal,drought,False,0.69,0.215,0.096,0,0,0.29,10
8,2025-05-17,22.67,22.66,22.69,22.6,22.6,22.62,22.69,normal,drought,False,0.688,0.224,0.088,0,0,0.29,10
8,2025-05-18,23.28,23.34,23.44,23.41,23.45,23.54,23.54,normal,drought,False,0.674,0.232,0.095,0,0,0.29,10
8,2025-05-19,13.67,13.48,13.4,13.31,13.33,13.42,13.53,normal,drought,False,0.676,0.228,0.096,0,0,0.57,6
8,2025-05-20,12.75,12.53,12.41,12.32,12.34,12.43,12.53,normal,drought,False,0.663,0.233,0.104,0,0,0.57,6
8,2025-05-21,14.54,14.47,14.5,14.43,14.49,14.58,14.69,normal,drought,False,0.676,0.234,0.09,0,0,0.29,10
8,2025-05-22,15.11,15.09,15.13,15.1,15.17,15.28,15.37,normal,drought,False,0.669,0.246,0.085,0,0,0.29,10
8,2025-05-23,15.67,15.79,15.95,15.97,16.08,16.19,16.32,normal,drought,False,0.67,0.243,0.087,0,0,0.29,10
8,2025-05-24,15.83,15.97,16.14,16.17,16.29,16.39,16.52,normal,drought,False,0.636,0.252,0.112,0,0,0.29,10
8,2025-05-25,15.64,15.73,15.88,15.88,15.99,16.11,16.22,normal,drought,False,0.666,0.242,0.092,0,0,0.29,10
8,2025-05-26,15.16,15.13,15.18,15.12,15.2,15.31,15.4,normal,drought,False,0.686,0.228,0.086,0,0,0.29,10
8,2025-05-27,14.63,14.51,14.5,14.42,14.46,14.54,14.66,normal,drought,False,0.685,0.226,0.088,0,0,0.29,10
8,2025-05-28,14.96,14.9,14.92,14.86,14.92,15.01,15.12,normal,drought,False,0.677,0.219,0.104,0,0,0.29,10
8,2025-05-29,14.68,14.59,14.62,14.54,14.58,14.66,14.8,normal,drought,False,0.674,0.227,0.098,0,0,0.29,10
8,2025-05-30,14.92,14.88,14.95,14.89,14.94,15.02,15.16,normal,drought,False,0.67,0.22,0.11,0,0,0.29,10
8,2025-05-31,21.43,21.7,22.0,22.07,22.19,22.31,22.37,normal,drought,False,0.679,0.224,0.097,0,0,0.57,6
8,2025-06-01,21.27,21.4,21.59,21.57,21.63,21.71,21.77,normal,drought,False,0.68,0.221,0.099,0,0,0.57,6
8,2025-06-02,20.08,20.04,20.06,19.97,19.99,20.04,20.12,normal,drought,False,0.688,0.222,0.09,0,0,0.29,10
8,2025-06-03,20.28,20.27,20.32,20.25,20.27,20.3,20.4,normal,drought,False,0.692,0.216,0.092,0,0,0.29,10
8,2025-06-04,20.52,20.49,20.51,20.42,20.44,20.47,20.56,normal,drought,False,0.68,0.234,0.086,0,0,0.29,10
8,2025-06-05,20.65,20.67,20.76,20.7,20.73,20.78,20.87,normal,drought,False,0.694,0.223,0.084,0,0,0.29,10
8,2025-06-06,20.46,20.47,20.56,20.5,20.54,20.59,20.67,normal,drought,False,0.67,0.231,0.1,0,0,0.29,10
8,2025-06-07,20.42,20.42,20.47,20.4,20.43,20.47,20.55,normal,drought,False,0.678,0.218,0.104,0,0,0.29,10
8,2025-06-08,20.3,20.27,20.31,20.22,20.24,20.27,20.38,normal,drought,False,0.691,0.221,0.087,0,0,0.29,10
8,2025-06-09,20.31,20.28,20.31,20.22,20.24,20.26,20.36,normal,drought,False,0.691,0.22,0.088,0,0,0.29,10
8,2025-06-10,20.45,20.43,20.49,20.41,20.43,20.46,20.57,normal,drought,False,0.657,0.239,0.104,0,0,0.29,10
8,2025-06-11,20.78,20.82,20.93,20.89,20.94,21.02,21.1,normal,drought,False,0.655,0.241,0.104,0,0,0.29,10
8,2025-06-12,6.42,6.25,6.29,6.35,6.46,6.67,6.84,drought,drought,True,0.67,0.222,0.108,7,0,0.57,6
8,2025-06-13,5.52,5.34,5.39,5.44,5.56,5.75,5.96,drought,drought,True,0.67,0.225,0.105,7,0,0.57,6
8,2025-06-14,9.23,9.17,9.24,9.2,9.27,9.39,9.56,drought,drought,True,0.676,0.225,0.099,7,0,0.29,10
8,2025-06-15,10.14,10.25,10.43,10.48,10.62,10.79,10.93,drought,drought,True,0.665,0.237,0.098,5,0,0.29,10
8,2025-06-16,9.98,10.06,10.23,10.27,10.4,10.57,10.71,drought,drought,True,0.657,0.233,0.11,7,0,0.29,10
8,2025-06-17,9.87,9.93,10.07,10.1,10.23,10.4,10.52,drought,drought,True,0.637,0.24,0.123,7,0,0.29,10
8,2025-06-18,9.6,9.6,9.7,9.7,9.8,9.96,10.1,drought,drought,True,0.647,0.233,0.12,7,0,0.29,10
8,2025-06-19,9.3,9.2,9.19,9.15,9.2,9.31,9.47,drought,drought,True,0.672,0.226,0.103,7,0,0.29,10
8,2025-06-20,9.82,9.8,9.86,9.85,9.92,10.03,10.2,drought,drought,True,0.664,0.223,0.113,7,0,0.29,10
8,2025-06-21,10.16,10.22,10.34,10.35,10.45,10.59,10.75,drought,drought,True,0.648,0.231,0.122,6,0,0.29,10
8,2025-06-22,9.75,9.74,9.82,9.8,9.88,10.01,10.17,drought,drought,True,0.656,0.223,0.122,7,0,0.29,10
8,2025-06-23,9.26,9.2,9.28,9.23,9.3,9.41,9.59,drought,drought,True,0.683,0.208,0.11,7,0,0.29,10
8,2025-06-24,20.97,21.11,21.19,21.19,21.19,21.3,21.31,normal,drought,False,0.677,0.208,0.115,0,0,0.57,6
8,2025-06-25,21.77,21.88,21.93,21.9,21.88,21.97,21.98,normal,drought,False,0.682,0.21,0.108,0,0,0.57,6
8,2025-06-26,20.42,20.41,20.46,20.38,20.42,20.45,20.55,normal,drought,False,0.691,0.209,0.101,0,0,0.29,10
8,2025-06-27,20.42,20.43,20.52,20.46,20.49,20.55,20.63,normal,drought,False,0.658,0.217,0.125,0,0,0.29,10
8,2025-06-28,19.92,19.89,19.93,19.84,19.86,19.89,19.99,normal,drought,False,0.653,0.222,0.125,0,0,0.29,10
8,2025-06-29,20.03,20.02,20.06,20.0,20.02,20.07,20.15,normal,drought,False,0.689,0.211,0.1,0,0,0.29,10
8,2025-06-30,20.04,20.03,20.07,19.99,20.01,20.04,20.14,normal,drought,False,0.698,0.211,0.091,0,0,0.29,10
8,2025-07-01,20.0,19.96,20.0,19.9,19.92,19.95,20.06,normal,drought,False,0.665,0.232,0.104,0,0,0.29,10
8,2025-07-02,20.25,20.25,20.33,20.26,20.29,20.32,20.43,normal,drought,False,0.665,0.231,0.103,0,0,0.29,10
8,2025-07-03,20.11,20.1,20.17,20.09,20.11,20.14,20.25,normal,drought,False,0.654,0.236,0.11,0,0,0.29,10
8,2025-07-04,20.0,19.98,20.03,19.94,19.96,19.99,20.1,normal,drought,False,0.672,0.228,0.1,0,0,0.29,10
8,2025-07-05,19.95,19.92,19.97,19.88,19.9,19.91,20.04,normal,drought,False,0.653,0.228,0.119,0,0,0.29,10
8,2025-07-06,12.73,12.56,12.53,12.44,12.44,12.49,12.67,normal,drought,False,0.656,0.228,0.116,0,0,0.57,6
8,2025-07-07,12.35,12.2,12.19,12.11,12.12,12.18,12.37,normal,drought,False,0.642,0.235,0.123,0,0,0.57,6
8,2025-07-08,13.65,13.61,13.7,13.63,13.68,13.75,13.94,normal,drought,False,0.643,0.234,0.123,0,0,0.29,10
8,2025-07-09,13.83,13.82,13.93,13.87,13.93,14.0,14.18,normal,drought,False,0.619,0.225,0.156,0,0,0.29,10
8,2025-07-10,13.84,13.83,13.94,13.87,13.93,14.0,14.19,normal,drought,False,0.627,0.231,0.142,0,0,0.29,10
8,2025-07-11,14.07,14.08,14.21,14.17,14.23,14.32,14.48,normal,drought,False,0.64,0.226,0.134,0,0,0.29,10
8,2025-07-12,13.75,13.73,13.83,13.77,13.82,13.9,14.07,normal,drought,False,0.632,0.223,0.146,0,0,0.29,10
8,2025-07-13,13.75,13.72,13.8,13.73,13.79,13.86,14.03,normal,drought,False,0.59,0.231,0.179,0,0,0.29,10
8,2025-07-14,13.49,13.44,13.51,13.44,13.48,13.55,13.72,normal,drought,False,0.604,0.235,0.161,0,0,0.29,10
8,2025-07-15,13.68,13.62,13.69,13.62,13.67,13.74,13.91,normal,drought,False,0.598,0.24,0.162,0,0,0.29,10
8,2025-07-16,13.45,13.4,13.47,13.4,13.45,13.52,13.69,normal,drought,False,0.599,0.234,0.167,0,0,0.29,10
8,2025-07-17,13.73,13.7,13.8,13.75,13.82,13.92,14.07,normal,drought,False,0.601,0.241,0.158,0,0,0.29,10
8,2025-07-18,18.81,18.92,19.13,19.11,19.19,19.28,19.41,normal,drought,False,0.618,0.238,0.143,0,0,0.57,6
8,2025-07-19,19.45,19.58,19.78,19.77,19.85,19.95,20.06,normal,drought,False,0.618,0.247,0.136,0,0,0.57,6
8,2025-07-20,18.65,18.68,18.79,18.74,18.8,18.86,18.98,normal,drought,False,0.597,0.244,0.159,0,0,0.29,10
8,2025-07-21,19.01,19.05,19.16,19.12,19.2,19.29,19.37,normal,drought,False,0.629,0.249,0.121,0,0,0.29,10
8,2025-07-22,18.69,18.71,18.81,18.77,18.84,18.92,19.01,normal,drought,False,0.63,0.244,0.126,0,0,0.29,10
8,2025-07-23,18.67,18.67,18.75,18.69,18.76,18.84,18.92,normal,drought,False,0.641,0.24,0.12,0,0,0.29,10
8,2025-07-24,18.73,18.73,18.81,18.76,18.82,18.9,18.99,normal,drought,False,0.619,0.245,0.136,0,0,0.29,10
8,2025-07-25,18.88,18.86,18.93,18.86,18.92,18.99,19.08,normal,drought,False,0.657,0.235,0.108,0,0,0.29,10
8,2025-07-26,19.09,19.12,19.23,19.19,19.26,19.33,19.44,normal,drought,False,0.631,0.247,0.123,0,0,0.29,10
8,2025-07-27,19.33,19.39,19.53,19.5,19.59,19.67,19.76,normal,drought,False,0.648,0.235,0.117,0,0,0.29,10
8,2025-07-28,18.86,18.84,18.93,18.84,18.89,18.95,19.06,normal,drought,False,0.621,0.248,0.131,0,0,0.29,10
8,2025-07-29,19.08,19.07,19.15,19.07,19.12,19.17,19.28,normal,drought,False,0.665,0.221,0.114,0,0,0.29,10
8,2025-07-30,18.81,18.8,18.88,18.8,18.84,18.88,19.0,normal,drought,False,0.657,0.227,0.116,0,0,0.57,6
8,2025-07-31,18.53,18.49,18.53,18.44,18.46,18.5,18.62,normal,drought,False,0.672,0.218,0.11,0,0,0.57,6
8,2025-08-01,18.63,18.63,18.71,18.64,18.69,18.73,18.86,normal,drought,False,0.659,0.219,0.122,0,0,0.29,10
8,2025-08-02,18.93,18.96,19.07,19.02,19.08,19.16,19.26,normal,drought,False,0.662,0.213,0.124,0,0,0.29,10
8,2025-08-03,18.45,18.43,18.48,18.41,18.46,18.53,18.62,normal,drought,False,0.661,0.213,0.126,0,0,0.29,10
8,2025-08-04,18.04,18.0,18.02,17.95,17.99,18.08,18.15,normal,drought,False,0.674,0.212,0.114,0,0,0.29,10
8,2025-08-05,18.41,18.4,18.47,18.41,18.46,18.54,18.63,normal,drought,False,0.637,0.225,0.138,0,0,0.29,10
8,2025-08-06,17.92,17.85,17.87,17.79,17.84,17.91,18.0,normal,drought,False,0.631,0.237,0.132,0,0,0.29,10
8,2025-08-07,18.71,18.75,18.86,18.82,18.89,18.96,19.06,normal,drought,False,0.619,0.246,0.135,0,0,0.29,10
8,2025-08-08,19.05,19.19,19.37,19.39,19.49,19.57,19.67,normal,drought,False,0.639,0.236,0.125,0,0,0.29,10
8,2025-08-09,19.23,19.31,19.46,19.43,19.52,19.6,19.69,normal,drought,False,0.621,0.248,0.131,0,0,0.29,10
8,2025-08-10,18.71,18.72,18.82,18.77,18.84,18.92,19.01,normal,drought,False,0.662,0.232,0.105,0,0,0.29,10
8,2025-08-11,12.09,11.89,11.84,11.74,11.77,11.84,12.0,normal,drought,False,0.654,0.234,0.111,0,0,0.57,6
8,2025-08-12,11.78,11.58,11.53,11.45,11.48,11.56,11.72,normal,drought,False,0.667,0.22,0.113,0,0,0.57,6
8,2025-08-13,13.26,13.19,13.24,13.18,13.25,13.35,13.5,normal,drought,False,0.662,0.222,0.116,0,0,0.29,10
8,2025-08-14,13.26,13.24,13.35,13.32,13.4,13.52,13.67,normal,drought,False,0.685,0.207,0.109,0,0,0.29,10
8,2025-08-15,13.23,13.23,13.38,13.35,13.43,13.55,13.71,normal,drought,False,0.662,0.211,0.127,0,0,0.29,10
8,2025-08-16,13.39,13.4,13.54,13.51,13.6,13.71,13.88,normal,drought,False,0.661,0.207,0.132,0,0,0.29,10
8,2025-08-17,13.46,13.46,13.58,13.54,13.62,13.74,13.9,normal,drought,False,0.665,0.211,0.123,0,0,0.29,10
8,2025-08-18,13.62,13.63,13.76,13.72,13.81,13.93,14.08,normal,drought,False,0.675,0.211,0.114,0,0,0.29,10
8,2025-08-19,13.43,13.4,13.51,13.45,13.52,13.62,13.79,normal,drought,False,0.645,0.215,0.14,0,0,0.29,10
8,2025-08-20,13.16,13.08,13.16,13.07,13.12,13.2,13.38,normal,drought,False,0.625,0.213,0.162,0,0,0.29,10
8,2025-08-21,13.39,13.36,13.45,13.39,13.45,13.54,13.72,normal,drought,False,0.647,0.213,0.14,0,0,0.29,10
8,2025-08-22,13.51,13.5,13.6,13.55,13.61,13.71,13.88,normal,drought,False,0.657,0.217,0.126,0,0,0.29,10
8,2025-08-23,19.71,19.87,20.1,20.11,20.18,20.28,20.39,normal,drought,False,0.633,0.213,0.155,0,0,0.57,6
8,2025-08-24,19.66,19.77,19.98,19.95,20.03,20.11,20.23,normal,drought,False,0.612,0.206,0.182,0,0,0.57,6
8,2025-08-25,18.29,18.23,18.25,18.15,18.16,18.18,18.32,normal,drought,False,0.617,0.211,0.173,0,0,0.29,10
8,2025-08-26,18.46,18.43,18.47,18.38,18.4,18.43,18.55,normal,drought,False,0.65,0.218,0.132,0,0,0.29,10
8,2025-08-27,19.08,19.08,19.18,19.11,19.15,19.2,19.33,normal,drought,False,0.608,0.224,0.168,0,0,0.29,10
8,2025-08-28,18.58,18.55,18.62,18.54,18.57,18.61,18.74,normal,drought,False,0.583,0.227,0.191,0,0,0.29,10
8,2025-08-29,18.56,18.55,18.65,18.58,18.62,18.67,18.8,normal,drought,False,0.592,0.218,0.189,0,0,0.29,10
8,2025-08-30,18.47,18.44,18.52,18.44,18.47,18.52,18.65,normal,drought,False,0.626,0.229,0.145,0,0,0.29,10
8,2025-08-31,18.93,18.92,18.99,18.92,18.96,19.01,19.13,normal,drought,False,0.609,0.228,0.163,0,0,0.29,10
9,2025-03-01,25.05,25.05,25.05,24.98,25.0,25.05,25.05,normal,normal,True,0.234,0.404,0.362,0,0,0.29,10
9,2025-03-02,25.95,25.99,26.05,26.01,26.04,26.11,26.08,normal,normal,True,0.294,0.376,0.33,0,0,0.29,10
9,2025-03-03,25.62,25.65,25.69,25.64,25.67,25.72,25.72,normal,normal,True,0.34,0.356,0.304,0,0,0.29,10
9,2025-03-04,25.95,25.98,26.04,25.99,26.02,26.06,26.06,normal,normal,True,0.315,0.368,0.317,0,0,0.29,10
9,2025-03-05,26.14,26.27,26.39,26.39,26.43,26.47,26.47,normal,normal,True,0.341,0.352,0.307,0,0,0.29,10
9,2025-03-06,26.31,26.34,26.39,26.33,26.35,26.36,26.38,normal,drought,False,0.372,0.341,0.287,0,0,0.29,10
9,2025-03-07,26.07,26.08,26.12,26.06,26.07,26.07,26.1,normal,drought,False,0.371,0.342,0.287,0,0,0.29,10
9,2025-03-08,23.37,23.31,23.27,23.17,23.19,23.19,23.25,normal,normal,True,0.349,0.353,0.298,0,0,0.57,6
9,2025-03-09,23.1,23.02,22.97,22.87,22.88,22.88,22.95,normal,drought,False,0.376,0.335,0.289,0,0,0.57,6
9,2025-03-10,23.47,23.44,23.46,23.38,23.4,23.41,23.49,normal,drought,False,0.378,0.322,0.3,0,0,0.29,10
9,2025-03-11,23.2,23.23,23.27,23.22,23.26,23.33,23.35,normal,drought,False,0.399,0.327,0.273,0,0,0.29,10
9,2025-03-12,23.77,23.87,23.99,23.98,24.04,24.16,24.13,normal,drought,False,0.397,0.317,0.286,0,0,0.29,10
9,2025-03-13,22.8,22.75,22.76,22.67,22.69,22.74,22.79,normal,drought,False,0.354,0.335,0.311,0,0,0.29,10
9,2025-03-14,22.76,22.69,22.66,22.56,22.58,22.6,22.65,normal,drought,False,0.351,0.338,0.311,0,0,0.29,10
9,2025-03-15,23.47,23.56,23.66,23.63,23.68,23.71,23.77,normal,drought,False,0.392,0.337,0.271,0,0,0.29,10
9,2025-03-16,24.58,24.74,24.89,24.91,24.98,25.04,25.06,normal,drought,False,0.428,0.315,0.257,0,0,0.29,10
9,2025-03-17,23.59,23.72,23.86,23.87,23.94,24.03,24.03,normal,drought,False,0.404,0.324,0.272,0,0,0.29,10
9,2025-03-18,24.13,24.23,24.38,24.37,24.43,24.5,24.52,normal,normal,True,0.326,0.368,0.306,0,0,0.29,10
9,2025-03-19,22.98,22.93,22.92,22.82,22.84,22.86,22.91,normal,drought,False,0.431,0.319,0.251,0,0,0.29,10
9,2025-03-20,23.41,23.39,23.39,23.32,23.35,23.38,23.43,normal,drought,False,0.421,0.335,0.244,0,0,0.57,6
9,2025-03-21,23.21,23.26,23.33,23.29,23.33,23.37,23.42,normal,drought,False,0.385,0.34,0.275,0,0,0.57,6
9,2025-03-22,23.07,23.04,23.05,22.96,22.97,22.99,23.05,normal,normal,True,0.338,0.369,0.294,0,0,0.29,10
9,2025-03-23,22.91,22.98,23.08,23.05,23.08,23.13,23.17,normal,drought,False,0.505,0.274,0.22,0,0,0.29,10
9,2025-03-24,22.77,22.76,22.77,22.69,22.7,22.71,22.78,normal,drought,False,0.427,0.321,0.252,0,0,0.29,10
9,2025-03-25,22.41,22.36,22.35,22.26,22.27,22.28,22.36,normal,drought,False,0.506,0.282,0.213,0,0,0.29,10
9,2025-03-26,22.54,22.54,22.58,22.52,22.53,22.57,22.63,normal,drought,False,0.54,0.265,0.194,0,0,0.29,10
9,2025-03-27,22.25,22.21,22.22,22.12,22.14,22.16,22.23,normal,drought,False,0.585,0.234,0.181,0,0,0.29,10
9,2025-03-28,22.22,22.2,22.22,22.14,22.15,22.17,22.25,normal,drought,False,0.52,0.27,0.21,0,0,0.29,10
9,2025-03-29,22.2,22.22,22.27,22.2,22.21,22.24,22.31,normal,drought,False,0.571,0.237,0.192,0,0,0.29,10
9,2025-03-30,22.42,22.43,22.48,22.4,22.41,22.42,22.51,normal,drought,False,0.533,0.251,0.216,0,0,0.29,10
9,2025-03-31,22.26,22.27,22.33,22.25,22.26,22.28,22.37,normal,drought,False,0.605,0.223,0.172,0,0,0.29,10
9,2025-04-01,24.49,24.52,24.59,24.52,24.51,24.51,24.56,normal,drought,False,0.565,0.234,0.201,0,0,0.57,6
9,2025-04-02,24.95,25.0,25.09,25.03,25.04,25.08,25.09,normal,drought,False,0.605,0.217,0.177,0,0,0.57,6
9,2025-04-03,24.26,24.27,24.29,24.22,24.22,24.26,24.28,normal,drought,False,0.615,0.209,0.176,0,0,0.29,10
9,2025-04-04,25.3,25.35,25.44,25.41,25.43,25.51,25.49,normal,drought,False,0.602,0.216,0.182,0,0,0.29,10
9,2025-04-05,25.7,25.82,25.97,25.97,26.02,26.12,26.09,normal,drought,False,0.565,0.219,0.216,0,0,0.29,10
9,2025-04-06,25.68,25.69,25.77,25.71,25.73,25.78,25.78,normal,drought,False,0.594,0.227,0.179,0,0,0.29,10
9,2025-04-07,26.5,26.63,26.8,26.8,26.85,26.91,26.89,normal,drought,False,0.572,0.229,0.199,0,0,0.29,10
9,2025-04-08,26.34,26.4,26.5,26.45,26.49,26.52,26.52,normal,drought,False,0.584,0.227,0.188,0,0,0.29,10
9,2025-04-09,26.14,26.12,26.12,26.03,26.04,26.03,26.05,normal,drought,False,0.592,0.225,0.182,0,0,0.29,10
9,2025-04-10,25.69,25.68,25.7,25.62,25.63,25.63,25.66,normal,drought,False,0.624,0.226,0.15,0,0,0.29,10
9,2025-04-11,25.79,25.78,25.76,25.68,25.7,25.71,25.73,normal,drought,False,0.61,0.234,0.156,0,0,0.29,10
9,2025-04-12,24.99,24.93,24.86,24.76,24.75,24.76,24.79,normal,drought,False,0.611,0.232,0.157,0,0,0.29,10
9,2025-04-13,16.08,15.83,15.66,15.52,15.52,15.55,15.67,drought,drought,True,0.602,0.236,0.162,7,0,0.57,6
9,2025-04-14,15.6,15.41,15.28,15.17,15.17,15.22,15.34,drought,drought,True,0.622,0.224,0.153,7,0,0.57,6
9,2025-04-15,18.0,18.06,18.16,18.14,18.22,18.31,18.41,normal,drought,False,0.6,0.242,0.158,0,0,0.29,10
9,2025-04-16,17.33,17.36,17.46,17.42,17.5,17.58,17.69,normal,drought,False,0.602,0.236,0.162,0,0,0.29,10
9,2025-04-17,17.27,17.27,17.35,17.29,17.36,17.43,17.54,normal,drought,False,0.553,0.238,0.209,0,0,0.29,10
9,2025-04-18,17.38,17.38,17.46,17.4,17.47,17.54,17.65,normal,drought,False,0.555,0.252,0.193,0,0,0.29,10
9,2025-04-19,17.22,17.18,17.21,17.13,17.18,17.24,17.36,normal,drought,False,0.512,0.287,0.201,3,0,0.29,10
9,2025-04-20,17.11,17.08,17.13,17.06,17.11,17.17,17.28,drought,drought,True,0.581,0.242,0.177,6,0,0.29,10
9,2025-04-21,16.93,16.9,16.95,16.87,16.91,16.97,17.1,drought,drought,True,0.578,0.235,0.186,7,0,0.29,10
9,2025-04-22,17.3,17.3,17.38,17.32,17.38,17.46,17.57,normal,drought,False,0.6,0.231,0.17,0,0,0.29,10
9,2025-04-23,17.28,17.29,17.38,17.33,17.4,17.48,17.59,normal,drought,False,0.581,0.242,0.177,0,0,0.29,10
9,2025-04-24,16.99,16.96,17.03,16.96,17.02,17.09,17.2,drought,drought,True,0.596,0.228,0.176,7,0,0.29,10
9,2025-04-25,20.48,20.55,20.68,20.65,20.7,20.78,20.85,normal,drought,False,0.596,0.228,0.176,0,0,0.57,6
9,2025-04-26,21.09,21.19,21.35,21.33,21.4,21.48,21.55,normal,drought,False,0.608,0.23,0.161,0,0,0.57,6
9,2025-04-27,20.72,20.75,20.84,20.79,20.84,20.9,20.98,normal,drought,False,0.608,0.23,0.163,0,0,0.29,10
9,2025-04-28,21.02,21.11,21.25,21.24,21.31,21.4,21.46,normal,drought,False,0.607,0.23,0.163,0,0,0.29,10
9,2025-04-29,21.1,21.18,21.32,21.3,21.37,21.46,21.51,normal,drought,False,0.595,0.234,0.171,0,0,0.29,10
9,2025-04-30,21.38,21.45,21.58,21.56,21.64,21.73,21.77,normal,drought,False,0.61,0.237,0.154,0,0,0.29,10
9,2025-05-01,21.66,21.77,21.92,21.93,22.02,22.13,22.16,normal,drought,False,0.612,0.233,0.156,0,0,0.29,10
9,2025-05-02,21.0,20.97,21.01,20.93,20.99,21.04,21.1,normal,drought,False,0.619,0.231,0.15,0,0,0.29,10
9,2025-05-03,21.15,21.14,21.18,21.12,21.18,21.23,21.29,normal,drought,False,0.613,0.233,0.154,0,0,0.29,10
9,2025-05-04,21.27,21.29,21.36,21.3,21.36,21.41,21.48,normal,drought,False,0.626,0.23,0.143,0,0,0.29,10
9,2025-05-05,20.67,20.61,20.6,20.5,20.53,20.55,20.63,normal,drought,False,0.608,0.234,0.158,0,0,0.29,10
9,2025-05-06,21.64,21.73,21.86,21.84,21.89,21.95,22.03,normal,drought,False,0.609,0.236,0.155,0,0,0.29,10
9,2025-05-07,21.27,21.32,21.42,21.38,21.44,21.5,21.57,normal,drought,False,0.615,0.23,0.155,0,0,0.57,6
9,2025-05-08,20.62,20.57,20.57,20.48,20.52,20.57,20.64,normal,drought,False,0.637,0.225,0.138,0,0,0.57,6
9,2025-05-09,20.59,20.58,20.62,20.55,20.58,20.63,20.71,normal,drought,False,0.613,0.224,0.163,0,0,0.29,10
9,2025-05-10,20.58,20.55,20.54,20.45,20.48,20.51,20.59,normal,drought,False,0.606,0.232,0.162,0,0,0.29,10
9,2025-05-11,20.82,20.82,20.85,20.78,20.81,20.84,20.93,normal,drought,False,0.596,0.235,0.168,0,0,0.29,10
9,2025-05-12,20.36,20.34,20.39,20.31,20.35,20.37,20.47,normal,drought,False,0.602,0.239,0.158,0,0,0.29,10
9,2025-05-13,20.18,20.15,20.17,20.09,20.1,20.12,20.22,normal,drought,False,0.558,0.243,0.199,0,0,0.29,10
9,2025-05-14,19.98,19.96,19.99,19.9,19.92,19.94,20.05,normal,drought,False,0.587,0.234,0.178,0,0,0.29,10
9,2025-05-15,20.02,19.99,20.0,19.91,19.93,19.95,20.05,normal,drought,False,0.606,0.228,0.166,0,0,0.29,10
9,2025-05-16,20.05,20.04,20.07,19.99,20.01,20.03,20.14,normal,drought,False,0.615,0.222,0.163,0,0,0.29,10
9,2025-05-17,19.99,19.99,20.04,19.98,20.01,20.04,20.14,normal,drought,False,0.601,0.226,0.173,0,0,0.29,10
9,2025-05-18,20.64,20.74,20.87,20.86,20.94,21.05,21.09,normal,drought,False,0.607,0.231,0.162,0,0,0.29,10
9,2025-05-19,11.05,10.89,10.87,10.8,10.86,10.98,11.13,drought,drought,True,0.601,0.225,0.175,7,0,0.57,6
9,2025-05-20,10.39,10.23,10.2,10.15,10.22,10.35,10.49,drought,drought,True,0.587,0.226,0.187,7,0,0.57,6
9,2025-05-21,11.99,11.92,11.98,11.93,12.0,12.11,12.25,drought,drought,True,0.593,0.227,0.181,7,0,0.29,10
9,2025-05-22,12.68,12.69,12.76,12.75,12.84,12.97,13.08,drought,drought,True,0.591,0.243,0.165,7,0,0.29,10
9,2025-05-23,13.06,13.2,13.38,13.42,13.54,13.66,13.82,drought,drought,True,0.59,0.238,0.173,7,0,0.29,10
9,2025-05-24,13.12,13.22,13.37,13.39,13.5,13.62,13.77,drought,drought,True,0.552,0.24,0.207,7,0,0.29,10
9,2025-05-25,12.96,13.04,13.2,13.21,13.32,13.46,13.59,drought,drought,True,0.594,0.238,0.168,7,0,0.29,10
9,2025-05-26,12.43,12.4,12.45,12.41,12.49,12.62,12.73,drought,drought,True,0.597,0.248,0.155,7,0,0.29,10
9,2025-05-27,12.06,11.95,11.95,11.89,11.94,12.03,12.17,drought,drought,True,0.612,0.233,0.156,7,0,0.29,10
9,2025-05-28,12.3,12.24,12.28,12.24,12.31,12.42,12.55,drought,drought,True,0.579,0.233,0.187,7,0,0.29,10
9,2025-05-29,12.26,12.2,12.25,12.2,12.26,12.34,12.51,drought,drought,True,0.599,0.236,0.165,7,0,0.29,10
9,2025-05-30,12.61,12.62,12.74,12.72,12.8,12.9,13.06,drought,drought,True,0.559,0.251,0.19,7,0,0.29,10
9,2025-05-31,6.49,6.43,6.54,6.59,6.69,6.87,7.05,drought,drought,True,0.598,0.238,0.164,7,0,0.57,6
9,2025-06-01,5.65,5.53,5.57,5.62,5.7,5.88,6.06,drought,drought,True,0.58,0.242,0.178,7,0,0.57,6
9,2025-06-02,7.32,7.25,7.29,7.26,7.31,7.45,7.61,drought,drought,True,0.609,0.228,0.163,7,0,0.29,10
9,2025-06-03,7.24,7.17,7.21,7.19,7.23,7.35,7.53,drought,drought,True,0.601,0.228,0.171,7,0,0.29,10
9,2025-06-04,7.67,7.63,7.67,7.66,7.7,7.82,8.0,drought,drought,True,0.608,0.236,0.157,7,0,0.29,10
9,2025-06-05,7.45,7.41,7.47,7.47,7.51,7.64,7.82,drought,drought,True,0.613,0.231,0.156,7,0,0.29,10
9,2025-06-06,7.37,7.31,7.35,7.34,7.39,7.52,7.69,drought,drought,True,0.584,0.231,0.185,7,0,0.29,10
9,2025-06-07,7.18,7.1,7.14,7.12,7.16,7.29,7.47,drought,drought,True,0.576,0.221,0.203,7,0,0.29,10
9,2025-06-08,7.13,7.03,7.04,7.02,7.04,7.16,7.35,drought,drought,True,0.612,0.225,0.163,7,0,0.29,10
9,2025-06-09,7.32,7.26,7.31,7.3,7.34,7.46,7.66,drought,drought,True,0.614,0.22,0.167,7,0,0.29,10
9,2025-06-10,7.38,7.33,7.39,7.38,7.42,7.54,7.73,drought,drought,True,0.575,0.23,0.195,7,0,0.29,10
9,2025-06-11,7.53,7.5,7.58,7.58,7.66,7.81,7.97,drought,drought,True,0.586,0.22,0.193,7,0,0.29,10
9,2025-06-12,4.01,3.89,3.95,4.01,4.1,4.3,4.42,drought,drought,True,0.605,0.212,0.183,7,0,0.57,6
9,2025-06-13,3.7,3.56,3.59,3.63,3.7,3.87,4.02,drought,drought,True,0.602,0.207,0.191,7,0,0.57,6
9,2025-06-14,4.09,3.99,4.03,4.08,4.15,4.3,4.44,drought,drought,True,0.608,0.21,0.182,7,0,0.29,10
9,2025-06-15,4.84,4.82,4.89,4.97,5.08,5.25,5.38,drought,drought,True,0.613,0.222,0.165,7,0,0.29,10
9,2025-06-16,4.85,4.84,4.93,5.02,5.13,5.31,5.44,drought,drought,True,0.605,0.218,0.178,7,0,0.29,10
9,2025-06-17,4.68,4.66,4.73,4.81,4.92,5.11,5.22,drought,drought,True,0.589,0.217,0.195,7,0,0.29,10
9,2025-06-18,4.37,4.3,4.33,4.4,4.48,4.66,4.78,drought,drought,True,0.587,0.22,0.193,7,0,0.29,10
9,2025-06-19,4.59,4.5,4.51,4.57,4.63,4.77,4.95,drought,drought,True,0.603,0.23,0.167,7,0,0.29,10
9,2025-06-20,4.79,4.73,4.75,4.82,4.88,5.02,5.2,drought,drought,True,0.585,0.236,0.179,7,0,0.29,10
9,2025-06-21,4.84,4.8,4.84,4.91,4.98,5.13,5.3,drought,drought,True,0.57,0.234,0.196,7,0,0.29,10
9,2025-06-22,4.57,4.5,4.54,4.61,4.67,4.82,4.98,drought,drought,True,0.57,0.236,0.194,7,0,0.29,10
9,2025-06-23,4.22,4.13,4.17,4.22,4.28,4.43,4.58,drought,drought,True,0.591,0.228,0.18,7,0,0.29,10
9,2025-06-24,8.63,8.65,8.73,8.73,8.78,8.91,9.06,drought,drought,True,0.549,0.249,0.202,7,0,0.57,6
9,2025-06-25,8.87,8.87,8.92,8.9,8.94,9.05,9.21,drought,drought,True,0.577,0.233,0.19,7,0,0.57,6
9,2025-06-26,8.26,8.21,8.26,8.22,8.27,8.39,8.56,drought,drought,True,0.59,0.233,0.177,7,0,0.29,10
9,2025-06-27,8.25,8.21,8.28,8.25,8.31,8.44,8.62,drought,drought,True,0.542,0.237,0.221,7,0,0.29,10
9,2025-06-28,8.02,7.94,7.97,7.93,7.97,8.09,8.27,drought,drought,True,0.53,0.242,0.229,7,0,0.29,10
9,2025-06-29,8.04,7.97,8.01,7.97,8.02,8.16,8.32,drought,drought,True,0.592,0.222,0.186,7,0,0.29,10
9,2025-06-30,8.11,8.05,8.1,8.07,8.11,8.23,8.42,drought,drought,True,0.591,0.225,0.184,7,0,0.29,10
9,2025-07-01,8.3,8.26,8.31,8.29,8.33,8.44,8.64,drought,drought,True,0.588,0.218,0.194,7,0,0.29,10
9,2025-07-02,8.53,8.53,8.64,8.63,8.69,8.8,9.01,drought,drought,True,0.58,0.215,0.205,7,0,0.29,10
9,2025-07-03,8.57,8.55,8.65,8.63,8.69,8.8,9.01,drought,drought,True,0.581,0.221,0.198,7,0,0.29,10
9,2025-07-04,8.41,8.37,8.44,8.4,8.45,8.56,8.76,drought,drought,True,0.588,0.215,0.197,7,0,0.29,10
9,2025-07-05,8.36,8.31,8.39,8.34,8.39,8.49,8.7,drought,drought,True,0.569,0.211,0.219,7,0,0.29,10
9,2025-07-06,8.42,8.35,8.4,8.35,8.38,8.49,8.69,drought,drought,True,0.567,0.208,0.225,7,0,0.57,6
9,2025-07-07,8.52,8.46,8.53,8.48,8.52,8.62,8.83,drought,drought,True,0.568,0.217,0.215,7,0,0.57,6
9,2025-07-08,8.46,8.4,8.47,8.42,8.46,8.55,8.77,drought,drought,True,0.556,0.212,0.231,7,0,0.29,10
9,2025-07-09,8.45,8.38,8.45,8.39,8.43,8.52,8.74,drought,drought,True,0.523,0.211,0.266,7,0,0.29,10
9,2025-07-10,8.49,8.43,8.5,8.45,8.49,8.59,8.8,drought,drought,True,0.518,0.214,0.268,7,0,0.29,10
9,2025-07-11,8.67,8.65,8.74,8.7,8.76,8.87,9.07,drought,drought,True,0.555,0.211,0.234,7,0,0.29,10
9,2025-07-12,8.34,8.27,8.33,8.27,8.31,8.41,8.62,drought,drought,True,0.519,0.212,0.269,7,0,0.29,10
9,2025-07-13,8.42,8.35,8.41,8.35,8.4,8.5,8.7,drought,drought,True,0.461,0.223,0.316,7,0,0.29,10
9,2025-07-14,8.24,8.14,8.19,8.13,8.17,8.27,8.47,drought,drought,True,0.475,0.221,0.305,7,0,0.29,10
9,2025-07-15,8.41,8.32,8.36,8.3,8.34,8.44,8.64,drought,drought,True,0.479,0.222,0.299,7,0,0.29,10
9,2025-07-16,8.28,8.21,8.27,8.22,8.26,8.36,8.57,drought,drought,True,0.452,0.227,0.322,7,0,0.29,10
9,2025-07-17,8.34,8.29,8.35,8.32,8.38,8.51,8.68,drought,drought,True,0.48,0.225,0.296,7,0,0.29,10
9,2025-07-18,14.59,14.74,14.91,14.93,15.01,15.13,15.27,drought,drought,True,0.498,0.218,0.284,7,0,0.57,6
9,2025-07-19,15.28,15.44,15.6,15.63,15.71,15.85,15.96,drought,drought,True,0.524,0.222,0.254,7,0,0.57,6
9,2025-07-20,13.99,14.0,14.14,14.1,14.18,14.28,14.44,drought,drought,True,0.467,0.225,0.309,7,0,0.29,10
9,2025-07-21,14.09,14.11,14.22,14.2,14.29,14.41,14.54,drought,drought,True,0.543,0.229,0.228,7,0,0.29,10
9,2025-07-22,13.85,13.84,13.95,13.92,14.01,14.12,14.26,drought,drought,True,0.534,0.218,0.248,7,0,0.29,10
9,2025-07-23,13.95,13.94,14.05,14.02,14.11,14.23,14.36,drought,drought,True,0.571,0.218,0.211,7,0,0.29,10
9,2025-07-24,14.06,14.05,14.16,14.13,14.22,14.33,14.47,drought,drought,True,0.536,0.218,0.247,7,0,0.29,10
9,2025-07-25,14.31,14.33,14.45,14.43,14.53,14.64,14.78,drought,drought,True,0.602,0.222,0.177,7,0,0.29,10
9,2025-07-26,14.53,14.61,14.78,14.78,14.89,15.01,15.16,drought,drought,True,0.572,0.221,0.207,7,0,0.29,10
9,2025-07-27,14.7,14.78,14.95,14.96,15.08,15.2,15.34,drought,drought,True,0.6,0.219,0.18,7,0,0.29,10
9,2025-07-28,14.25,14.23,14.33,14.28,14.35,14.45,14.6,drought,drought,True,0.563,0.223,0.215,7,0,0.29,10
9,2025-07-29,14.28,14.25,14.33,14.27,14.34,14.43,14.59,drought,drought,True,0.617,0.213,0.17,7,0,0.29,10
9,2025-07-30,14.76,14.75,14.85,14.79,14.86,14.94,15.11,drought,drought,True,0.594,0.217,0.189,7,0,0.57,6
9,2025-07-31,14.5,14.46,14.51,14.44,14.49,14.57,14.73,drought,drought,True,0.614,0.216,0.17,7,0,0.57,6
9,2025-08-01,14.49,14.49,14.6,14.54,14.61,14.69,14.86,drought,drought,True,0.594,0.209,0.197,7,0,0.29,10
9,2025-08-02,14.74,14.79,14.93,14.91,15.0,15.11,15.26,drought,drought,True,0.606,0.211,0.183,7,0,0.29,10
9,2025-08-03,14.25,14.23,14.32,14.27,14.35,14.46,14.58,drought,drought,True,0.591,0.214,0.195,7,0,0.29,10
9,2025-08-04,14.1,14.08,14.16,14.12,14.2,14.31,14.42,drought,drought,True,0.611,0.214,0.175,7,0,0.29,10
9,2025-08-05,14.43,14.43,14.53,14.5,14.58,14.7,14.82,drought,drought,True,0.568,0.216,0.216,7,0,0.29,10
9,2025-08-06,14.07,14.01,14.06,14.01,14.08,14.18,14.3,drought,drought,True,0.573,0.228,0.199,7,0,0.29,10
9,2025-08-07,14.88,14.96,15.12,15.12,15.23,15.33,15.47,drought,drought,True,0.562,0.233,0.205,7,0,0.29,10
9,2025-08-08,15.12,15.26,15.46,15.49,15.62,15.73,15.87,drought,drought,True,0.578,0.228,0.194,7,0,0.29,10
9,2025-08-09,15.27,15.36,15.52,15.51,15.63,15.74,15.87,drought,drought,True,0.569,0.228,0.202,7,0,0.29,10
9,2025-08-10,14.53,14.53,14.63,14.59,14.68,14.78,14.92,drought,drought,True,0.606,0.227,0.167,7,0,0.29,10
9,2025-08-11,6.17,6.0,6.0,6.02,6.08,6.23,6.44,drought,drought,True,0.597,0.225,0.178,7,0,0.57,6
9,2025-08-12,5.53,5.35,5.37,5.39,5.46,5.62,5.83,drought,drought,True,0.602,0.221,0.178,7,0,0.57,6
9,2025-08-13,7.78,7.68,7.7,7.67,7.71,7.84,8.01,drought,drought,True,0.609,0.218,0.173,7,0,0.29,10
9,2025-08-14,7.95,7.93,8.02,8.02,8.09,8.23,8.4,drought,drought,True,0.627,0.211,0.162,7,0,0.29,10
9,2025-08-15,7.97,7.96,8.07,8.06,8.13,8.27,8.46,drought,drought,True,0.603,0.211,0.185,7,0,0.29,10
9,2025-08-16,8.03,8.0,8.1,8.09,8.16,8.29,8.48,drought,drought,True,0.58,0.22,0.201,7,0,0.29,10
9,2025-08-17,8.01,7.98,8.06,8.04,8.1,8.24,8.42,drought,drought,True,0.609,0.217,0.175,7,0,0.29,10
9,2025-08-18,8.0,7.95,8.01,7.98,8.04,8.18,8.35,drought,drought,True,0.619,0.214,0.166,7,0,0.29,10
9,2025-08-19,7.88,7.81,7.86,7.83,7.88,8.0,8.19,drought,drought,True,0.579,0.211,0.21,7,0,0.29,10
9,2025-08-20,7.93,7.87,7.93,7.9,7.94,8.05,8.26,drought,drought,True,0.546,0.223,0.231,7,0,0.29,10
9,2025-08-21,8.03,7.99,8.06,8.03,8.08,8.19,8.4,drought,drought,True,0.582,0.217,0.201,7,0,0.29,10
9,2025-08-22,8.12,8.08,8.15,8.12,8.16,8.28,8.48,drought,drought,True,0.601,0.218,0.181,7,0,0.29,10
9,2025-08-23,6.22,6.16,6.22,6.24,6.29,6.43,6.63,drought,drought,True,0.551,0.222,0.227,7,0,0.57,6
9,2025-08-24,5.25,5.1,5.11,5.12,5.16,5.3,5.47,drought,drought,True,0.5,0.226,0.274,7,0,0.57,6
9,2025-08-25,5.78,5.64,5.65,5.64,5.66,5.77,5.97,drought,drought,True,0.523,0.218,0.26,7,0,0.29,10
9,2025-08-26,5.82,5.72,5.73,5.73,5.75,5.87,6.06,drought,drought,True,0.577,0.216,0.207,7,0,0.29,10
9,2025-08-27,6.11,6.01,6.04,6.04,6.07,6.19,6.4,drought,drought,True,0.516,0.226,0.258,7,0,0.29,10
9,2025-08-28,5.97,5.91,5.97,5.99,6.04,6.16,6.37,drought,drought,True,0.451,0.234,0.315,7,0,0.29,10
9,2025-08-29,5.75,5.66,5.72,5.73,5.77,5.9,6.1,drought,drought,True,0.498,0.208,0.294,7,0,0.29,10
9,2025-08-30,6.03,5.97,6.03,6.05,6.09,6.22,6.43,drought,drought,True,0.552,0.211,0.237,7,0,0.29,10
9,2025-08-31,6.03,5.95,6.01,6.02,6.07,6.2,6.4,drought,drought,True,0.539,0.213,0.248,7,0,0.29,10
10,2025-03-01,61.84,61.66,61.36,61.04,60.74,60.5,60.08,overflow,drought,False,0.507,0.337,0.157,0,7,0.29,10
10,2025-03-02,62.47,62.32,62.06,61.75,61.46,61.24,60.8,overflow,drought,False,0.554,0.298,0.148,0,7,0.29,10
10,2025-03-03,62.2,62.04,61.74,61.43,61.13,60.89,60.47,overflow,drought,False,0.613,0.269,0.118,0,7,0.29,10
10,2025-03-04,62.27,62.1,61.79,61.48,61.16,60.89,60.49,overflow,drought,False,0.603,0.272,0.125,0,7,0.29,10
10,2025-03-05,62.15,62.0,61.72,61.41,61.11,60.84,60.45,overflow,drought,False,0.615,0.263,0.122,0,7,0.29,10
10,2025-03-06,62.18,62.01,61.68,61.36,61.04,60.76,60.38,overflow,drought,False,0.632,0.25,0.117,0,7,0.29,10
10,2025-03-07,62.06,61.89,61.58,61.26,60.94,60.66,60.29,overflow,drought,False,0.656,0.243,0.101,0,7,0.29,10
10,2025-03-08,59.68,59.55,59.22,58.94,58.63,58.37,58.02,overflow,drought,False,0.616,0.259,0.125,0,7,0.57,6
10,2025-03-09,59.39,59.27,58.92,58.65,58.34,58.07,57.73,overflow,drought,False,0.646,0.244,0.11,0,7,0.57,6
10,2025-03-10,59.57,59.4,59.09,58.79,58.49,58.23,57.88,overflow,drought,False,0.624,0.249,0.127,0,7,0.29,10
10,2025-03-11,59.48,59.36,59.05,58.78,58.5,58.28,57.88,overflow,drought,False,0.642,0.248,0.11,0,7,0.29,10
10,2025-03-12,60.51,60.45,60.27,60.02,59.78,59.61,59.15,overflow,drought,False,0.6,0.264,0.136,0,7,0.29,10
10,2025-03-13,60.15,60.05,59.81,59.53,59.25,59.03,58.63,overflow,drought,False,0.618,0.252,0.13,0,7,0.29,10
10,2025-03-14,59.93,59.79,59.51,59.22,58.92,58.65,58.27,overflow,drought,False,0.581,0.265,0.154,0,7,0.29,10
10,2025-03-15,59.41,59.28,58.98,58.7,58.4,58.12,57.76,overflow,drought,False,0.644,0.246,0.11,0,7,0.29,10
10,2025-03-16,60.26,60.13,59.8,59.52,59.22,58.95,58.57,overflow,drought,False,0.647,0.246,0.106,0,7,0.29,10
10,2025-03-17,60.18,60.08,59.83,59.57,59.3,59.08,58.67,overflow,drought,False,0.688,0.225,0.087,0,7,0.29,10
10,2025-03-18,60.28,60.17,59.92,59.64,59.36,59.14,58.75,overflow,drought,False,0.596,0.272,0.132,0,7,0.29,10
10,2025-03-19,59.72,59.55,59.27,58.96,58.66,58.4,58.04,overflow,drought,False,0.671,0.238,0.091,0,7,0.29,10
10,2025-03-20,53.1,52.98,52.63,52.41,52.15,51.93,51.65,overflow,drought,False,0.594,0.272,0.133,0,2,0.57,6
10,2025-03-21,52.29,52.2,51.83,51.61,51.35,51.11,50.84,normal,drought,False,0.661,0.248,0.092,0,0,0.57,6
10,2025-03-22,53.45,53.34,53.07,52.82,52.57,52.33,52.04,overflow,drought,False,0.588,0.288,0.124,0,4,0.29,10
10,2025-03-23,53.1,53.04,52.85,52.63,52.4,52.2,51.89,overflow,drought,False,0.733,0.207,0.06,0,3,0.29,10
10,2025-03-24,53.1,53.01,52.76,52.53,52.28,52.05,51.75,overflow,drought,False,0.649,0.238,0.113,0,2,0.29,10
10,2025-03-25,52.9,52.76,52.52,52.27,52.02,51.8,51.51,overflow,drought,False,0.694,0.225,0.08,0,1,0.29,10
10,2025-03-26,52.63,52.48,52.2,51.95,51.69,51.46,51.18,normal,drought,False,0.763,0.187,0.05,0,0,0.29,10
10,2025-03-27,52.58,52.45,52.16,51.91,51.65,51.4,51.12,normal,drought,False,0.781,0.179,0.04,0,0,0.29,10
10,2025-03-28,52.38,52.23,51.93,51.67,51.41,51.18,50.9,normal,drought,False,0.756,0.193,0.051,0,0,0.29,10
10,2025-03-29,52.13,52.02,51.73,51.5,51.24,51.0,50.72,normal,drought,False,0.783,0.181,0.037,0,0,0.29,10
10,2025-03-30,52.51,52.39,52.15,51.91,51.66,51.43,51.15,normal,drought,False,0.756,0.195,0.049,0,0,0.29,10
10,2025-03-31,52.27,52.14,51.9,51.65,51.4,51.17,50.9,normal,drought,False,0.808,0.166,0.026,0,0,0.29,10
10,2025-04-01,64.11,63.98,63.82,63.49,63.18,62.88,62.45,overflow,drought,False,0.792,0.176,0.032,0,7,0.57,6
10,2025-04-02,65.58,65.48,65.35,65.04,64.74,64.48,64.0,overflow,drought,False,0.821,0.157,0.022,0,7,0.57,6
10,2025-04-03,64.42,64.28,63.97,63.66,63.33,63.06,62.62,overflow,drought,False,0.827,0.153,0.02,0,7,0.29,10
10,2025-04-04,65.31,65.19,64.95,64.65,64.34,64.09,63.61,overflow,drought,False,0.815,0.162,0.023,0,7,0.29,10
10,2025-04-05,66.11,66.01,65.84,65.54,65.25,65.02,64.53,overflow,drought,False,0.786,0.183,0.03,0,7,0.29,10
10,2025-04-06,65.63,65.44,65.14,64.79,64.44,64.16,63.7,overflow,drought,False,0.796,0.18,0.024,0,7,0.29,10
10,2025-04-07,66.37,66.22,65.98,65.64,65.31,65.03,64.57,overflow,drought,False,0.748,0.212,0.04,0,7,0.29,10
10,2025-04-08,65.48,65.31,64.95,64.61,64.25,63.95,63.52,overflow,drought,False,0.765,0.198,0.037,0,7,0.29,10
10,2025-04-09,65.54,65.36,64.92,64.57,64.19,63.84,63.44,overflow,drought,False,0.748,0.21,0.042,0,7,0.29,10
10,2025-04-10,64.85,64.67,64.28,63.93,63.57,63.26,62.87,overflow,drought,False,0.784,0.184,0.032,0,7,0.29,10
10,2025-04-11,64.83,64.63,64.19,63.85,63.49,63.19,62.78,overflow,drought,False,0.728,0.219,0.053,0,7,0.29,10
10,2025-04-12,64.41,64.22,63.83,63.49,63.14,62.86,62.45,overflow,drought,False,0.755,0.195,0.05,0,7,0.29,10
10,2025-04-13,58.84,58.68,58.25,57.95,57.63,57.36,57.04,overflow,drought,False,0.732,0.206,0.062,0,7,0.57,6
10,2025-04-14,58.26,58.18,57.79,57.55,57.24,56.96,56.63,overflow,drought,False,0.763,0.186,0.051,0,7,0.57,6
10,2025-04-15,59.44,59.32,59.05,58.77,58.49,58.25,57.88,overflow,drought,False,0.723,0.201,0.076,0,7,0.29,10
10,2025-04-16,59.21,59.12,58.86,58.6,58.31,58.06,57.69,overflow,drought,False,0.731,0.205,0.065,0,7,0.29,10
10,2025-04-17,59.52,59.47,59.23,59.0,58.72,58.46,58.08,overflow,drought,False,0.661,0.227,0.112,0,7,0.29,10
10,2025-04-18,59.17,59.07,58.81,58.54,58.25,57.98,57.61,overflow,drought,False,0.723,0.214,0.063,0,7,0.29,10
10,2025-04-19,59.38,59.26,58.94,58.67,58.36,58.07,57.71,overflow,drought,False,0.736,0.209,0.055,0,7,0.29,10
10,2025-04-20,59.04,58.91,58.6,58.33,58.01,57.72,57.36,overflow,drought,False,0.795,0.176,0.03,0,7,0.29,10
10,2025-04-21,58.96,58.81,58.46,58.17,57.84,57.54,57.19,overflow,drought,False,0.807,0.168,0.025,0,7,0.29,10
10,2025-04-22,59.3,59.15,58.86,58.57,58.26,58.0,57.63,overflow,drought,False,0.827,0.157,0.016,0,7,0.29,10
10,2025-04-23,59.19,59.03,58.73,58.43,58.13,57.87,57.5,overflow,drought,False,0.811,0.168,0.021,0,7,0.29,10
10,2025-04-24,58.86,58.68,58.36,58.05,57.73,57.46,57.1,overflow,drought,False,0.837,0.149,0.015,0,7,0.29,10
10,2025-04-25,49.9,49.81,49.42,49.23,48.96,48.74,48.49,normal,drought,False,0.829,0.155,0.015,0,0,0.57,6
10,2025-04-26,49.51,49.47,49.09,48.93,48.67,48.45,48.2,normal,drought,False,0.84,0.148,0.012,0,0,0.57,6
10,2025-04-27,50.46,50.34,50.09,49.86,49.62,49.41,49.14,normal,drought,False,0.832,0.154,0.015,0,0,0.29,10
10,2025-04-28,50.76,50.67,50.48,50.27,50.06,49.88,49.58,normal,drought,False,0.836,0.15,0.014,0,0,0.29,10
10,2025-04-29,51.3,51.25,51.11,50.92,50.71,50.55,50.24,normal,drought,False,0.823,0.161,0.016,0,0,0.29,10
10,2025-04-30,51.83,51.75,51.61,51.4,51.2,51.05,50.73,normal,drought,False,0.814,0.168,0.018,0,0,0.29,10
10,2025-05-01,51.86,51.77,51.62,51.4,51.2,51.05,50.71,normal,drought,False,0.811,0.17,0.019,0,0,0.29,10
10,2025-05-02,51.31,51.19,50.95,50.7,50.47,50.25,49.97,normal,drought,False,0.802,0.175,0.023,0,0,0.29,10
10,2025-05-03,51.16,51.03,50.75,50.51,50.27,50.04,49.77,normal,drought,False,0.793,0.182,0.026,0,0,0.29,10
10,2025-05-04,50.73,50.61,50.29,50.06,49.82,49.58,49.32,normal,drought,False,0.776,0.191,0.033,0,0,0.29,10
10,2025-05-05,50.75,50.63,50.32,50.08,49.83,49.58,49.33,normal,drought,False,0.768,0.196,0.036,0,0,0.29,10
10,2025-05-06,51.64,51.57,51.4,51.19,50.97,50.78,50.51,normal,drought,False,0.775,0.19,0.035,0,0,0.29,10
10,2025-05-07,55.29,55.21,55.08,54.84,54.62,54.42,54.08,overflow,drought,False,0.778,0.187,0.035,0,7,0.57,6
10,2025-05-08,55.44,55.32,55.15,54.89,54.65,54.44,54.1,overflow,drought,False,0.785,0.181,0.034,0,7,0.57,6
10,2025-05-09,54.18,54.03,53.75,53.48,53.21,52.97,52.67,overflow,drought,False,0.795,0.174,0.032,0,6,0.29,10
10,2025-05-10,54.38,54.23,53.86,53.59,53.29,53.01,52.72,overflow,drought,False,0.773,0.19,0.037,0,6,0.29,10
10,2025-05-11,54.19,54.09,53.76,53.52,53.23,52.96,52.66,overflow,drought,False,0.785,0.184,0.031,0,6,0.29,10
10,2025-05-12,54.28,54.2,53.91,53.68,53.4,53.14,52.84,overflow,drought,False,0.787,0.184,0.029,0,7,0.29,10
10,2025-05-13,54.03,53.95,53.7,53.48,53.21,52.96,52.65,overflow,drought,False,0.791,0.18,0.029,0,6,0.29,10
10,2025-05-14,53.8,53.66,53.4,53.13,52.86,52.62,52.33,overflow,drought,False,0.82,0.162,0.018,0,5,0.29,10
10,2025-05-15,53.87,53.74,53.48,53.21,52.94,52.7,52.4,overflow,drought,False,0.847,0.142,0.011,0,5,0.29,10
10,2025-05-16,53.76,53.62,53.32,53.05,52.76,52.5,52.21,overflow,drought,False,0.846,0.141,0.013,0,4,0.29,10
10,2025-05-17,53.82,53.7,53.41,53.16,52.88,52.62,52.32,overflow,drought,False,0.863,0.129,0.009,0,5,0.29,10
10,2025-05-18,54.22,54.13,53.9,53.69,53.44,53.26,52.89,overflow,drought,False,0.845,0.145,0.011,0,7,0.29,10
10,2025-05-19,28.51,28.37,27.87,27.78,27.65,27.52,27.52,normal,drought,False,0.854,0.136,0.01,0,0,0.57,6
10,2025-05-20,25.42,25.2,24.71,24.61,24.51,24.43,24.43,normal,drought,False,0.861,0.13,0.009,0,0,0.57,6
10,2025-05-21,29.51,29.43,29.32,29.19,29.12,29.06,29.03,normal,drought,False,0.87,0.122,0.007,0,0,0.29,10
10,2025-05-22,30.48,30.44,30.35,30.25,30.19,30.14,30.09,normal,drought,False,0.861,0.131,0.008,0,0,0.29,10
10,2025-05-23,30.32,30.33,30.3,30.21,30.17,30.12,30.08,normal,drought,False,0.867,0.126,0.007,0,0,0.29,10
10,2025-05-24,31.15,31.23,31.28,31.24,31.21,31.18,31.12,normal,drought,False,0.84,0.148,0.013,0,0,0.29,10
10,2025-05-25,30.9,30.99,31.05,31.01,30.99,30.98,30.9,normal,drought,False,0.861,0.131,0.008,0,0,0.29,10
10,2025-05-26,30.56,30.53,30.47,30.36,30.31,30.27,30.2,normal,drought,False,0.852,0.138,0.01,0,0,0.29,10
10,2025-05-27,30.48,30.41,30.32,30.2,30.13,30.06,30.02,normal,drought,False,0.872,0.121,0.007,0,0,0.29,10
10,2025-05-28,30.49,30.44,30.33,30.23,30.15,30.08,30.04,normal,drought,False,0.844,0.141,0.015,0,0,0.29,10
10,2025-05-29,30.82,30.79,30.71,30.61,30.53,30.43,30.41,normal,drought,False,0.855,0.135,0.009,0,0,0.29,10
10,2025-05-30,30.89,30.86,30.82,30.72,30.65,30.58,30.54,normal,drought,False,0.826,0.157,0.018,0,0,0.29,10
10,2025-05-31,41.72,41.72,41.77,41.62,41.5,41.41,41.2,normal,drought,False,0.855,0.135,0.01,0,0,0.57,6
10,2025-06-01,42.31,42.27,42.27,42.09,41.95,41.82,41.62,normal,drought,False,0.845,0.143,0.012,0,0,0.57,6
10,2025-06-02,40.59,40.47,40.25,40.05,39.87,39.72,39.56,normal,drought,False,0.868,0.125,0.008,0,0,0.29,10
10,2025-06-03,40.52,40.41,40.2,40.01,39.83,39.66,39.52,normal,drought,False,0.875,0.118,0.007,0,0,0.29,10
10,2025-06-04,41.29,41.23,41.07,40.91,40.75,40.6,40.43,normal,drought,False,0.872,0.122,0.006,0,0,0.29,10
10,2025-06-05,41.01,40.95,40.8,40.63,40.47,40.33,40.17,normal,drought,False,0.874,0.119,0.007,0,0,0.29,10
10,2025-06-06,41.05,40.99,40.85,40.69,40.53,40.4,40.22,normal,drought,False,0.87,0.122,0.008,0,0,0.29,10
10,2025-06-07,40.78,40.7,40.55,40.38,40.21,40.07,39.91,normal,drought,False,0.868,0.123,0.009,0,0,0.29,10
10,2025-06-08,40.95,40.83,40.63,40.43,40.25,40.09,39.94,normal,drought,False,0.877,0.117,0.007,0,0,0.29,10
10,2025-06-09,40.86,40.77,40.59,40.42,40.24,40.07,39.93,normal,drought,False,0.868,0.123,0.008,0,0,0.29,10
10,2025-06-10,40.99,40.91,40.73,40.56,40.39,40.23,40.08,normal,drought,False,0.861,0.13,0.009,0,0,0.29,10
10,2025-06-11,40.99,40.93,40.79,40.63,40.48,40.37,40.18,normal,drought,False,0.855,0.135,0.01,0,0,0.29,10
10,2025-06-12,50.88,50.82,50.74,50.53,50.34,50.18,49.86,normal,drought,False,0.864,0.126,0.01,0,0,0.57,6
10,2025-06-13,51.59,51.49,51.38,51.13,50.91,50.71,50.4,normal,drought,False,0.857,0.132,0.012,0,0,0.57,6
10,2025-06-14,50.15,50.02,49.78,49.55,49.31,49.1,48.83,normal,drought,False,0.868,0.123,0.009,0,0,0.29,10
10,2025-06-15,50.86,50.78,50.58,50.39,50.18,50.01,49.69,normal,drought,False,0.843,0.145,0.012,0,0,0.29,10
10,2025-06-16,50.85,50.77,50.57,50.38,50.17,50.01,49.69,normal,drought,False,0.844,0.143,0.014,0,0,0.29,10
10,2025-06-17,50.74,50.67,50.48,50.28,50.08,49.92,49.6,normal,drought,False,0.82,0.161,0.019,0,0,0.29,10
10,2025-06-18,50.07,49.99,49.76,49.56,49.34,49.16,48.86,normal,drought,False,0.821,0.16,0.019,0,0,0.29,10
10,2025-06-19,51.02,50.89,50.66,50.41,50.18,49.96,49.69,normal,drought,False,0.814,0.167,0.019,0,0,0.29,10
10,2025-06-20,51.17,51.07,50.87,50.64,50.41,50.19,49.93,normal,drought,False,0.808,0.169,0.023,0,0,0.29,10
10,2025-06-21,51.01,50.93,50.72,50.5,50.28,50.05,49.78,normal,drought,False,0.791,0.181,0.028,0,0,0.29,10
10,2025-06-22,51.0,50.92,50.74,50.53,50.3,50.1,49.82,normal,drought,False,0.801,0.174,0.025,0,0,0.29,10
10,2025-06-23,50.72,50.59,50.34,50.09,49.85,49.63,49.37,normal,drought,False,0.813,0.163,0.024,0,0,0.29,10
10,2025-06-24,62.72,62.58,62.4,62.08,61.78,61.48,61.07,overflow,drought,False,0.812,0.164,0.024,0,7,0.57,6
10,2025-06-25,63.41,63.27,63.07,62.74,62.43,62.11,61.71,overflow,drought,False,0.817,0.16,0.022,0,7,0.57,6
10,2025-06-26,62.29,62.11,61.75,61.42,61.07,60.76,60.38,overflow,drought,False,0.831,0.153,0.016,0,7,0.29,10
10,2025-06-27,62.28,62.14,61.81,61.51,61.17,60.88,60.48,overflow,drought,False,0.814,0.163,0.024,0,7,0.29,10
10,2025-06-28,62.0,61.85,61.49,61.18,60.83,60.52,60.14,overflow,drought,False,0.82,0.159,0.02,0,7,0.29,10
10,2025-06-29,62.1,61.96,61.62,61.31,60.98,60.69,60.28,overflow,drought,False,0.846,0.14,0.014,0,7,0.29,10
10,2025-06-30,61.85,61.71,61.36,61.05,60.7,60.39,60.0,overflow,drought,False,0.864,0.126,0.009,0,7,0.29,10
10,2025-07-01,62.3,62.13,61.79,61.46,61.11,60.78,60.4,overflow,drought,False,0.847,0.141,0.012,0,7,0.29,10
10,2025-07-02,62.17,62.01,61.7,61.38,61.03,60.71,60.34,overflow,drought,False,0.853,0.136,0.011,0,7,0.29,10
10,2025-07-03,62.09,61.91,61.57,61.24,60.89,60.57,60.19,overflow,drought,False,0.842,0.145,0.013,0,7,0.29,10
10,2025-07-04,61.83,61.66,61.32,60.99,60.63,60.31,59.94,overflow,drought,False,0.858,0.132,0.01,0,7,0.29,10
10,2025-07-05,61.79,61.61,61.24,60.91,60.54,60.21,59.86,overflow,drought,False,0.844,0.142,0.014,0,7,0.29,10
10,2025-07-06,70.05,69.85,69.56,69.16,68.78,68.41,67.95,overflow,drought,False,0.853,0.135,0.013,0,7,0.57,6
10,2025-07-07,70.59,70.39,70.11,69.7,69.32,68.95,68.49,overflow,drought,False,0.839,0.147,0.014,0,7,0.57,6
10,2025-07-08,70.1,69.9,69.49,69.1,68.67,68.28,67.84,overflow,drought,False,0.845,0.142,0.014,0,7,0.29,10
10,2025-07-09,70.07,69.91,69.51,69.14,68.71,68.32,67.88,overflow,drought,False,0.837,0.145,0.017,0,7,0.29,10
10,2025-07-10,70.02,69.84,69.44,69.06,68.64,68.26,67.8,overflow,drought,False,0.845,0.141,0.015,0,7,0.29,10
10,2025-07-11,70.11,69.95,69.55,69.19,68.77,68.4,67.92,overflow,drought,False,0.851,0.135,0.014,0,7,0.29,10
10,2025-07-12,70.01,69.84,69.44,69.07,68.65,68.27,67.81,overflow,drought,False,0.852,0.134,0.014,0,7,0.29,10
10,2025-07-13,70.24,70.06,69.67,69.3,68.88,68.5,68.04,overflow,drought,False,0.841,0.142,0.017,0,7,0.29,10
10,2025-07-14,69.92,69.72,69.3,68.92,68.49,68.11,67.65,overflow,drought,False,0.843,0.142,0.015,0,7,0.29,10
10,2025-07-15,70.05,69.84,69.42,69.03,68.61,68.22,67.76,overflow,drought,False,0.838,0.146,0.016,0,7,0.29,10
10,2025-07-16,69.74,69.56,69.13,68.75,68.32,67.93,67.48,overflow,drought,False,0.851,0.135,0.014,0,7,0.29,10
10,2025-07-17,69.91,69.72,69.28,68.91,68.5,68.14,67.67,overflow,drought,False,0.857,0.131,0.012,0,7,0.29,10
10,2025-07-18,71.16,70.97,70.57,70.18,69.75,69.39,68.91,overflow,drought,False,0.863,0.127,0.01,0,7,0.57,6
10,2025-07-19,71.6,71.4,71.01,70.61,70.2,69.85,69.35,overflow,drought,False,0.863,0.127,0.01,0,7,0.57,6
10,2025-07-20,71.36,71.19,70.81,70.43,70.02,69.66,69.17,overflow,drought,False,0.859,0.129,0.012,0,7,0.29,10
10,2025-07-21,71.73,71.56,71.18,70.8,70.4,70.06,69.55,overflow,drought,False,0.867,0.125,0.009,0,7,0.29,10
10,2025-07-22,71.47,71.31,70.92,70.55,70.14,69.79,69.29,overflow,drought,False,0.866,0.124,0.01,0,7,0.29,10
10,2025-07-23,71.61,71.44,71.03,70.66,70.25,69.89,69.39,overflow,drought,False,0.866,0.124,0.01,0,7,0.29,10
10,2025-07-24,71.65,71.5,71.11,70.75,70.34,69.98,69.49,overflow,drought,False,0.849,0.137,0.013,0,7,0.29,10
10,2025-07-25,71.72,71.55,71.13,70.76,70.34,69.98,69.49,overflow,drought,False,0.843,0.144,0.013,0,7,0.29,10
10,2025-07-26,71.96,71.79,71.42,71.05,70.64,70.28,69.79,overflow,drought,False,0.832,0.152,0.016,0,7,0.29,10
10,2025-07-27,71.93,71.78,71.4,71.04,70.63,70.29,69.79,overflow,drought,False,0.826,0.156,0.018,0,7,0.29,10
10,2025-07-28,72.15,71.99,71.61,71.23,70.82,70.45,69.97,overflow,drought,False,0.819,0.161,0.02,0,7,0.29,10
10,2025-07-29,72.32,72.16,71.79,71.41,70.99,70.63,70.15,overflow,drought,False,0.829,0.152,0.018,0,7,0.29,10
10,2025-07-30,61.77,61.72,61.27,61.01,60.64,60.28,59.96,overflow,drought,False,0.819,0.16,0.021,0,7,0.57,6
10,2025-07-31,61.04,60.98,60.53,60.27,59.9,59.55,59.23,overflow,drought,False,0.824,0.157,0.02,0,7,0.57,6
10,2025-08-01,61.75,61.6,61.29,60.97,60.63,60.32,59.95,overflow,drought,False,0.815,0.161,0.024,0,7,0.29,10
10,2025-08-02,62.01,61.86,61.54,61.24,60.91,60.62,60.22,overflow,drought,False,0.819,0.159,0.023,0,7,0.29,10
10,2025-08-03,61.63,61.46,61.11,60.8,60.46,60.19,59.78,overflow,drought,False,0.816,0.16,0.024,0,7,0.29,10
10,2025-08-04,61.34,61.13,60.74,60.42,60.07,59.8,59.39,overflow,drought,False,0.832,0.151,0.017,0,7,0.29,10
10,2025-08-05,61.97,61.81,61.5,61.2,60.87,60.59,60.18,overflow,drought,False,0.808,0.168,0.024,0,7,0.29,10
10,2025-08-06,61.49,61.29,60.91,60.58,60.23,59.94,59.56,overflow,drought,False,0.815,0.166,0.019,0,7,0.29,10
10,2025-08-07,61.81,61.63,61.3,60.97,60.63,60.33,59.95,overflow,drought,False,0.804,0.176,0.021,0,7,0.29,10
10,2025-08-08,61.64,61.49,61.2,60.89,60.57,60.29,59.91,overflow,drought,False,0.833,0.152,0.015,0,7,0.29,10
10,2025-08-09,61.88,61.74,61.42,61.11,60.78,60.49,60.1,overflow,drought,False,0.817,0.165,0.018,0,7,0.29,10
10,2025-08-10,61.59,61.43,61.14,60.82,60.51,60.24,59.85,overflow,drought,False,0.845,0.143,0.012,0,7,0.29,10
10,2025-08-11,20.12,19.73,19.29,19.2,19.26,19.28,19.42,normal,drought,False,0.837,0.149,0.015,0,0,0.57,6
10,2025-08-12,16.09,15.67,15.31,15.27,15.4,15.49,15.67,normal,drought,False,0.853,0.134,0.013,0,0,0.57,6
10,2025-08-13,26.33,26.32,26.32,26.23,26.22,26.2,26.23,normal,drought,False,0.823,0.157,0.021,0,0,0.29,10
10,2025-08-14,26.34,26.35,26.36,26.3,26.29,26.27,26.29,normal,drought,False,0.83,0.15,0.021,0,0,0.29,10
10,2025-08-15,26.27,26.28,26.3,26.23,26.22,26.2,26.22,normal,drought,False,0.807,0.164,0.029,0,0,0.29,10
10,2025-08-16,26.31,26.32,26.35,26.28,26.26,26.25,26.27,normal,drought,False,0.807,0.163,0.03,0,0,0.29,10
10,2025-08-17,26.26,26.26,26.27,26.19,26.17,26.15,26.17,normal,drought,False,0.792,0.174,0.034,0,0,0.29,10
10,2025-08-18,26.34,26.34,26.35,26.27,26.25,26.23,26.25,normal,drought,False,0.816,0.16,0.024,0,0,0.29,10
10,2025-08-19,26.37,26.37,26.39,26.31,26.29,26.26,26.29,normal,drought,False,0.797,0.169,0.034,0,0,0.29,10
10,2025-08-20,26.34,26.33,26.34,26.24,26.21,26.15,26.21,normal,drought,False,0.783,0.177,0.04,0,0,0.29,10
10,2025-08-21,26.21,26.21,26.22,26.13,26.09,26.05,26.09,normal,drought,False,0.792,0.172,0.035,0,0,0.29,10
10,2025-08-22,26.03,26.03,26.03,25.94,25.9,25.85,25.89,normal,drought,False,0.802,0.17,0.029,0,0,0.29,10
10,2025-08-23,8.45,8.26,8.24,8.25,8.33,8.46,8.67,drought,drought,True,0.77,0.184,0.046,7,0,0.57,6
10,2025-08-24,6.71,6.52,6.54,6.58,6.7,6.85,7.06,drought,drought,True,0.779,0.177,0.045,7,0,0.57,6
10,2025-08-25,10.56,10.46,10.51,10.43,10.47,10.53,10.73,drought,drought,True,0.773,0.181,0.045,7,0,0.29,10
10,2025-08-26,10.76,10.71,10.78,10.73,10.79,10.87,11.05,drought,drought,True,0.811,0.165,0.024,7,0,0.29,10
10,2025-08-27,11.19,11.16,11.26,11.21,11.28,11.37,11.56,drought,drought,True,0.765,0.19,0.045,7,0,0.29,10
10,2025-08-28,11.0,10.97,11.08,11.04,11.12,11.2,11.4,drought,drought,True,0.786,0.178,0.036,7,0,0.29,10
10,2025-08-29,10.94,10.94,11.09,11.06,11.14,11.24,11.43,drought,drought,True,0.783,0.177,0.041,7,0,0.29,10
10,2025-08-30,11.01,11.0,11.13,11.09,11.17,11.26,11.45,drought,drought,True,0.828,0.153,0.019,7,0,0.29,10
10,2025-08-31,11.16,11.13,11.24,11.2,11.27,11.37,11.55,drought,drought,True,0.773,0.186,0.041,7,0,0.29,10
11,2025-03-01,48.65,48.53,48.31,48.1,47.9,47.76,47.48,normal,normal,True,0.231,0.483,0.286,0,0,0.29,10
11,2025-03-02,49.44,49.36,49.2,49.01,48.84,48.71,48.41,normal,normal,True,0.31,0.405,0.285,0,0,0.29,10
11,2025-03-03,49.12,49.02,48.81,48.61,48.42,48.28,48.0,normal,normal,True,0.343,0.383,0.274,0,0,0.29,10
11,2025-03-04,49.24,49.13,48.92,48.71,48.52,48.34,48.09,normal,normal,True,0.328,0.392,0.28,0,0,0.29,10
11,2025-03-05,49.34,49.27,49.12,48.92,48.74,48.58,48.32,normal,normal,True,0.335,0.384,0.28,0,0,0.29,10
11,2025-03-06,49.52,49.42,49.21,49.0,48.8,48.62,48.37,normal,drought,False,0.395,0.351,0.254,0,0,0.29,10
11,2025-03-07,49.42,49.33,49.15,48.94,48.74,48.56,48.32,normal,drought,False,0.386,0.36,0.254,0,0,0.29,10
11,2025-03-08,61.24,61.14,61.02,60.74,60.48,60.23,59.84,overflow,normal,False,0.356,0.375,0.269,0,7,0.57,6
11,2025-03-09,61.92,61.8,61.64,61.34,61.07,60.81,60.41,overflow,normal,False,0.365,0.368,0.267,0,7,0.57,6
11,2025-03-10,60.52,60.35,60.02,59.72,59.41,59.15,58.79,overflow,drought,False,0.375,0.349,0.275,0,7,0.29,10
11,2025-03-11,60.39,60.26,59.93,59.66,59.36,59.14,58.74,overflow,drought,False,0.396,0.355,0.25,0,7,0.29,10
11,2025-03-12,61.28,61.19,60.98,60.72,60.46,60.29,59.83,overflow,drought,False,0.401,0.334,0.265,0,7,0.29,10
11,2025-03-13,61.27,61.16,60.92,60.64,60.35,60.13,59.72,overflow,normal,False,0.336,0.372,0.292,0,7,0.29,10
11,2025-03-14,60.94,60.8,60.51,60.22,59.9,59.64,59.26,overflow,normal,False,0.347,0.373,0.28,0,7,0.29,10
11,2025-03-15,60.43,60.28,59.97,59.67,59.36,59.08,58.71,overflow,drought,False,0.392,0.367,0.241,0,7,0.29,10
11,2025-03-16,61.18,61.03,60.7,60.41,60.09,59.83,59.45,overflow,drought,False,0.446,0.328,0.226,0,7,0.29,10
11,2025-03-17,60.97,60.85,60.55,60.29,60.0,59.77,59.36,overflow,drought,False,0.389,0.36,0.251,0,7,0.29,10
11,2025-03-18,61.49,61.38,61.13,60.85,60.57,60.34,59.95,overflow,normal,False,0.34,0.407,0.252,0,7,0.29,10
11,2025-03-19,60.89,60.74,60.46,60.16,59.86,59.61,59.23,overflow,drought,False,0.431,0.348,0.221,0,7,0.29,10
11,2025-03-20,55.93,55.79,55.44,55.19,54.91,54.69,54.38,overflow,drought,False,0.452,0.351,0.197,0,3,0.57,6
11,2025-03-21,55.25,55.13,54.77,54.52,54.24,54.0,53.7,normal,drought,False,0.393,0.373,0.234,0,0,0.57,6
11,2025-03-22,56.41,56.29,55.99,55.72,55.44,55.2,54.89,overflow,normal,False,0.34,0.413,0.246,0,5,0.29,10
11,2025-03-23,55.83,55.74,55.49,55.24,54.98,54.75,54.43,overflow,drought,False,0.503,0.296,0.2,0,3,0.29,10
11,2025-03-24,55.94,55.82,55.54,55.29,55.01,54.76,54.44,overflow,drought,False,0.436,0.34,0.224,0,3,0.29,10
11,2025-03-25,55.7,55.55,55.28,55.01,54.74,54.5,54.19,overflow,drought,False,0.521,0.292,0.187,0,2,0.29,10
11,2025-03-26,55.38,55.21,54.88,54.61,54.32,54.07,53.77,normal,drought,False,0.533,0.28,0.187,0,0,0.29,10
11,2025-03-27,55.4,55.25,54.94,54.67,54.39,54.13,53.83,normal,drought,False,0.557,0.259,0.184,0,0,0.29,10
11,2025-03-28,55.26,55.1,54.78,54.51,54.23,53.98,53.68,normal,drought,False,0.486,0.302,0.212,0,0,0.29,10
11,2025-03-29,55.07,54.94,54.62,54.36,54.07,53.82,53.52,normal,drought,False,0.556,0.257,0.187,0,0,0.29,10
11,2025-03-30,55.4,55.28,55.02,54.76,54.48,54.24,53.94,normal,drought,False,0.507,0.279,0.214,0,0,0.29,10
11,2025-03-31,55.15,55.02,54.75,54.48,54.2,53.96,53.66,normal,drought,False,0.574,0.245,0.182,0,0,0.29,10
11,2025-04-01,56.24,56.1,55.83,55.55,55.27,55.01,54.7,overflow,drought,False,0.531,0.26,0.209,0,4,0.57,6
11,2025-04-02,56.53,56.41,56.17,55.91,55.64,55.42,55.07,overflow,drought,False,0.573,0.242,0.185,0,6,0.57,6
11,2025-04-03,56.25,56.12,55.83,55.58,55.3,55.08,54.73,overflow,drought,False,0.581,0.235,0.183,0,4,0.29,10
11,2025-04-04,57.2,57.09,56.88,56.64,56.39,56.2,55.81,overflow,drought,False,0.582,0.228,0.191,0,7,0.29,10
11,2025-04-05,57.71,57.61,57.46,57.22,56.98,56.8,56.41,overflow,drought,False,0.537,0.234,0.228,0,7,0.29,10
11,2025-04-06,57.28,57.1,56.83,56.54,56.26,56.04,55.68,overflow,drought,False,0.576,0.237,0.187,0,7,0.29,10
11,2025-04-07,58.27,58.15,57.98,57.72,57.46,57.26,56.88,overflow,drought,False,0.536,0.251,0.213,0,7,0.29,10
11,2025-04-08,57.52,57.37,57.09,56.81,56.53,56.3,55.95,overflow,drought,False,0.559,0.243,0.197,0,7,0.29,10
11,2025-04-09,57.67,57.5,57.16,56.87,56.57,56.3,55.97,overflow,drought,False,0.571,0.238,0.191,0,7,0.29,10
11,2025-04-10,57.07,56.93,56.63,56.35,56.07,55.83,55.51,overflow,drought,False,0.612,0.238,0.15,0,7,0.29,10
11,2025-04-11,57.11,56.95,56.58,56.31,56.02,55.77,55.45,overflow,drought,False,0.612,0.239,0.149,0,7,0.29,10
11,2025-04-12,56.67,56.51,56.19,55.91,55.63,55.4,55.08,overflow,drought,False,0.616,0.237,0.147,0,5,0.29,10
11,2025-04-13,58.27,58.12,57.82,57.54,57.25,57.01,56.69,overflow,drought,False,0.604,0.243,0.153,0,7,0.57,6
11,2025-04-14,58.22,58.08,57.78,57.5,57.21,56.96,56.62,overflow,drought,False,0.615,0.237,0.149,0,7,0.57,6
11,2025-04-15,58.49,58.37,58.1,57.84,57.56,57.34,56.98,overflow,drought,False,0.605,0.253,0.142,0,7,0.29,10
11,2025-04-16,58.37,58.26,58.0,57.74,57.46,57.21,56.86,overflow,drought,False,0.59,0.255,0.155,0,7,0.29,10
11,2025-04-17,58.64,58.58,58.33,58.1,57.82,57.57,57.21,overflow,drought,False,0.518,0.282,0.2,0,7,0.29,10
11,2025-04-18,58.23,58.12,57.85,57.59,57.3,57.04,56.69,overflow,drought,False,0.531,0.282,0.187,0,7,0.29,10
11,2025-04-19,58.48,58.35,58.04,57.77,57.46,57.19,56.84,overflow,drought,False,0.526,0.302,0.172,0,7,0.29,10
11,2025-04-20,58.14,58.01,57.69,57.42,57.11,56.84,56.49,overflow,drought,False,0.554,0.268,0.177,0,7,0.29,10
11,2025-04-21,58.11,57.96,57.61,57.32,57.0,56.72,56.38,overflow,drought,False,0.547,0.264,0.189,0,7,0.29,10
11,2025-04-22,58.3,58.15,57.85,57.57,57.27,57.01,56.66,overflow,drought,False,0.557,0.26,0.183,0,7,0.29,10
11,2025-04-23,58.16,57.99,57.68,57.4,57.09,56.85,56.49,overflow,drought,False,0.562,0.262,0.176,0,7,0.29,10
11,2025-04-24,57.9,57.72,57.39,57.09,56.78,56.52,56.17,overflow,drought,False,0.554,0.257,0.189,0,7,0.29,10
11,2025-04-25,55.23,55.07,54.71,54.45,54.15,53.91,53.59,normal,drought,False,0.56,0.259,0.181,0,0,0.57,6
11,2025-04-26,55.27,55.14,54.8,54.56,54.27,54.03,53.71,normal,drought,False,0.566,0.263,0.171,0,0,0.57,6
11,2025-04-27,55.51,55.36,55.07,54.81,54.53,54.3,53.97,overflow,drought,False,0.574,0.258,0.167,0,1,0.29,10
11,2025-04-28,55.71,55.59,55.34,55.09,54.83,54.62,54.28,overflow,drought,False,0.567,0.263,0.17,0,2,0.29,10
11,2025-04-29,56.32,56.22,56.03,55.79,55.54,55.35,54.99,overflow,drought,False,0.557,0.271,0.172,0,5,0.29,10
11,2025-04-30,56.7,56.59,56.4,56.15,55.91,55.73,55.36,overflow,drought,False,0.575,0.264,0.16,0,6,0.29,10
11,2025-05-01,56.69,56.57,56.36,56.11,55.87,55.68,55.3,overflow,drought,False,0.588,0.255,0.157,0,6,0.29,10
11,2025-05-02,56.48,56.34,56.07,55.79,55.52,55.28,54.94,overflow,drought,False,0.597,0.254,0.149,0,5,0.29,10
11,2025-05-03,56.27,56.12,55.79,55.52,55.23,54.97,54.65,overflow,drought,False,0.598,0.254,0.148,0,4,0.29,10
11,2025-05-04,55.85,55.69,55.34,55.07,54.77,54.51,54.2,overflow,drought,False,0.607,0.252,0.141,0,2,0.29,10
11,2025-05-05,55.98,55.85,55.5,55.23,54.93,54.67,54.36,overflow,drought,False,0.597,0.253,0.15,0,3,0.29,10
11,2025-05-06,56.69,56.59,56.36,56.11,55.84,55.62,55.29,overflow,drought,False,0.575,0.261,0.164,0,6,0.29,10
11,2025-05-07,49.37,49.29,48.98,48.79,48.55,48.36,48.12,normal,drought,False,0.592,0.254,0.154,0,0,0.57,6
11,2025-05-08,48.6,48.49,48.15,47.96,47.72,47.53,47.29,normal,drought,False,0.616,0.243,0.141,0,0,0.57,6
11,2025-05-09,49.07,48.95,48.7,48.47,48.24,48.05,47.81,normal,drought,False,0.601,0.241,0.159,0,0,0.29,10
11,2025-05-10,49.16,49.02,48.72,48.48,48.23,48.01,47.78,normal,drought,False,0.579,0.257,0.164,0,0,0.29,10
11,2025-05-11,48.88,48.79,48.51,48.31,48.06,47.85,47.61,normal,drought,False,0.582,0.257,0.161,0,0,0.29,10
11,2025-05-12,49.02,48.95,48.71,48.52,48.29,48.08,47.84,normal,drought,False,0.579,0.26,0.16,0,0,0.29,10
11,2025-05-13,48.84,48.76,48.53,48.33,48.1,47.89,47.65,normal,drought,False,0.532,0.266,0.202,0,0,0.29,10
11,2025-05-14,48.73,48.61,48.38,48.16,47.93,47.73,47.5,normal,drought,False,0.53,0.285,0.185,0,0,0.29,10
11,2025-05-15,48.71,48.6,48.37,48.14,47.91,47.71,47.47,normal,drought,False,0.545,0.273,0.182,0,0,0.29,10
11,2025-05-16,48.49,48.37,48.1,47.87,47.62,47.41,47.18,normal,drought,False,0.548,0.27,0.182,0,0,0.29,10
11,2025-05-17,48.35,48.22,47.95,47.72,47.48,47.27,47.03,normal,drought,False,0.524,0.283,0.193,0,0,0.29,10
11,2025-05-18,48.46,48.36,48.12,47.93,47.72,47.57,47.28,normal,drought,False,0.551,0.278,0.171,0,0,0.29,10
11,2025-05-19,48.94,48.82,48.57,48.36,48.14,47.97,47.69,normal,drought,False,0.539,0.274,0.186,0,0,0.57,6
11,2025-05-20,48.86,48.72,48.46,48.24,48.02,47.86,47.57,normal,drought,False,0.49,0.293,0.217,0,0,0.57,6
11,2025-05-21,48.23,48.09,47.8,47.58,47.33,47.14,46.9,normal,drought,False,0.491,0.298,0.211,0,0,0.29,10
11,2025-05-22,49.15,49.04,48.8,48.59,48.37,48.18,47.92,normal,drought,False,0.5,0.317,0.183,0,0,0.29,10
11,2025-05-23,48.91,48.84,48.63,48.42,48.21,48.03,47.78,normal,drought,False,0.501,0.309,0.19,0,0,0.29,10
11,2025-05-24,49.7,49.63,49.46,49.26,49.05,48.87,48.61,normal,drought,False,0.472,0.305,0.224,0,0,0.29,10
11,2025-05-25,49.23,49.18,49.02,48.83,48.63,48.49,48.2,normal,drought,False,0.509,0.297,0.194,0,0,0.29,10
11,2025-05-26,49.17,49.06,48.82,48.6,48.37,48.2,47.93,normal,drought,False,0.512,0.317,0.171,0,0,0.29,10
11,2025-05-27,49.26,49.15,48.9,48.68,48.45,48.25,47.99,normal,drought,False,0.506,0.314,0.18,0,0,0.29,10
11,2025-05-28,49.01,48.9,48.6,48.39,48.15,47.94,47.69,normal,drought,False,0.491,0.308,0.2,0,0,0.29,10
11,2025-05-29,49.49,49.4,49.15,48.94,48.69,48.46,48.22,normal,drought,False,0.492,0.312,0.196,0,0,0.29,10
11,2025-05-30,49.64,49.55,49.34,49.12,48.89,48.68,48.43,normal,drought,False,0.486,0.319,0.195,0,0,0.29,10
11,2025-05-31,23.73,23.58,23.21,23.15,23.09,23.05,23.1,normal,drought,False,0.511,0.304,0.185,0,0,0.57,6
11,2025-06-01,20.42,20.16,19.78,19.69,19.65,19.64,19.72,normal,drought,False,0.5,0.302,0.198,0,0,0.57,6
11,2025-06-02,25.66,25.63,25.6,25.51,25.48,25.46,25.49,normal,drought,False,0.494,0.315,0.191,0,0,0.29,10
11,2025-06-03,25.65,25.64,25.61,25.52,25.49,25.47,25.5,normal,drought,False,0.507,0.298,0.195,0,0,0.29,10
11,2025-06-04,26.07,26.08,26.07,26.0,25.97,25.96,25.99,normal,drought,False,0.508,0.312,0.18,0,0,0.29,10
11,2025-06-05,25.93,25.95,25.98,25.91,25.89,25.88,25.92,normal,drought,False,0.518,0.291,0.192,0,0,0.29,10
11,2025-06-06,25.93,25.96,26.0,25.94,25.92,25.92,25.94,normal,drought,False,0.483,0.31,0.207,0,0,0.29,10
11,2025-06-07,25.81,25.82,25.84,25.77,25.74,25.73,25.76,normal,drought,False,0.479,0.302,0.219,0,0,0.29,10
11,2025-06-08,25.9,25.89,25.89,25.8,25.78,25.75,25.8,normal,drought,False,0.52,0.292,0.188,0,0,0.29,10
11,2025-06-09,25.9,25.9,25.9,25.83,25.8,25.77,25.81,normal,drought,False,0.538,0.257,0.205,0,0,0.29,10
11,2025-06-10,26.03,26.03,26.05,25.97,25.94,25.92,25.96,normal,drought,False,0.498,0.29,0.212,0,0,0.29,10
11,2025-06-11,26.09,26.12,26.16,26.1,26.1,26.12,26.13,normal,drought,False,0.531,0.252,0.216,0,0,0.29,10
11,2025-06-12,29.96,29.97,30.01,29.92,29.9,29.9,29.84,normal,drought,False,0.546,0.251,0.203,0,0,0.57,6
11,2025-06-13,30.31,30.3,30.32,30.21,30.16,30.13,30.1,normal,drought,False,0.513,0.259,0.229,0,0,0.57,6
11,2025-06-14,29.65,29.61,29.54,29.43,29.37,29.33,29.32,normal,drought,False,0.541,0.257,0.202,0,0,0.29,10
11,2025-06-15,30.39,30.41,30.4,30.34,30.32,30.33,30.26,normal,drought,False,0.571,0.25,0.179,0,0,0.29,10
11,2025-06-16,30.11,30.12,30.12,30.05,30.03,30.05,29.97,normal,drought,False,0.563,0.245,0.192,0,0,0.29,10
11,2025-06-17,29.58,29.55,29.5,29.41,29.37,29.38,29.31,normal,drought,False,0.545,0.24,0.215,0,0,0.29,10
11,2025-06-18,29.46,29.44,29.37,29.28,29.24,29.24,29.18,normal,drought,False,0.56,0.241,0.2,0,0,0.29,10
11,2025-06-19,30.39,30.37,30.32,30.22,30.18,30.13,30.11,normal,drought,False,0.58,0.255,0.165,0,0,0.29,10
11,2025-06-20,30.44,30.43,30.41,30.32,30.27,30.23,30.21,normal,drought,False,0.568,0.254,0.178,0,0,0.29,10
11,2025-06-21,30.74,30.78,30.82,30.76,30.73,30.69,30.65,normal,drought,False,0.53,0.261,0.208,0,0,0.29,10
11,2025-06-22,30.59,30.62,30.65,30.58,30.54,30.52,30.48,normal,drought,False,0.535,0.265,0.2,0,0,0.29,10
11,2025-06-23,30.32,30.29,30.23,30.12,30.06,30.0,29.98,normal,drought,False,0.567,0.254,0.18,0,0,0.29,10
11,2025-06-24,37.78,37.75,37.72,37.57,37.45,37.35,37.23,normal,drought,False,0.537,0.267,0.196,0,0,0.57,6
11,2025-06-25,38.52,38.48,38.43,38.27,38.14,38.02,37.9,normal,drought,False,0.533,0.264,0.203,0,0,0.57,6
11,2025-06-26,37.66,37.58,37.4,37.25,37.1,36.96,36.86,normal,drought,False,0.544,0.264,0.191,0,0,0.29,10
11,2025-06-27,37.39,37.32,37.18,37.03,36.89,36.78,36.66,normal,drought,False,0.523,0.261,0.216,0,0,0.29,10
11,2025-06-28,37.19,37.12,36.97,36.81,36.67,36.55,36.45,normal,drought,False,0.461,0.286,0.252,0,0,0.29,10
11,2025-06-29,36.79,36.71,36.54,36.39,36.25,36.14,36.03,normal,drought,False,0.527,0.262,0.211,0,0,0.29,10
11,2025-06-30,36.92,36.85,36.69,36.54,36.39,36.27,36.17,normal,drought,False,0.518,0.28,0.202,0,0,0.29,10
11,2025-07-01,37.28,37.21,37.08,36.92,36.78,36.66,36.57,normal,drought,False,0.513,0.264,0.222,0,0,0.29,10
11,2025-07-02,37.3,37.23,37.12,36.96,36.82,36.7,36.61,normal,drought,False,0.496,0.262,0.242,0,0,0.29,10
11,2025-07-03,37.53,37.49,37.4,37.25,37.12,37.0,36.9,normal,drought,False,0.506,0.258,0.237,0,0,0.29,10
11,2025-07-04,37.24,37.17,37.05,36.89,36.75,36.62,36.53,normal,drought,False,0.504,0.262,0.234,0,0,0.29,10
11,2025-07-05,37.29,37.2,37.05,36.88,36.73,36.58,36.5,normal,drought,False,0.494,0.259,0.247,0,0,0.29,10
11,2025-07-06,43.1,43.03,42.92,42.72,42.54,42.37,42.21,normal,drought,False,0.475,0.267,0.258,0,0,0.57,6
11,2025-07-07,43.62,43.54,43.4,43.2,43.01,42.82,42.66,normal,drought,False,0.501,0.253,0.247,0,0,0.57,6
11,2025-07-08,42.83,42.72,42.51,42.3,42.1,41.9,41.77,normal,drought,False,0.474,0.265,0.261,0,0,0.29,10
11,2025-07-09,42.66,42.55,42.35,42.14,41.93,41.74,41.61,normal,drought,False,0.431,0.288,0.281,0,0,0.29,10
11,2025-07-10,42.64,42.54,42.34,42.13,41.93,41.75,41.6,normal,drought,False,0.416,0.302,0.282,0,0,0.29,10
11,2025-07-11,42.48,42.39,42.18,41.98,41.78,41.6,41.45,normal,drought,False,0.459,0.281,0.26,0,0,0.29,10
11,2025-07-12,42.51,42.41,42.2,42.0,41.8,41.61,41.47,normal,drought,False,0.419,0.305,0.277,0,0,0.29,10
11,2025-07-13,42.53,42.43,42.24,42.04,41.84,41.67,41.51,normal,drought,False,0.386,0.311,0.303,0,0,0.29,10
11,2025-07-14,42.48,42.37,42.17,41.96,41.77,41.58,41.44,normal,drought,False,0.401,0.298,0.301,0,0,0.29,10
11,2025-07-15,42.66,42.55,42.37,42.17,41.98,41.81,41.65,normal,drought,False,0.4,0.297,0.304,0,0,0.29,10
11,2025-07-16,42.4,42.29,42.09,41.89,41.69,41.51,41.37,normal,drought,False,0.366,0.336,0.299,0,0,0.29,10
11,2025-07-17,42.37,42.26,42.06,41.87,41.69,41.54,41.37,normal,drought,False,0.403,0.314,0.283,0,0,0.29,10
11,2025-07-18,48.49,48.39,48.23,48.0,47.78,47.58,47.34,normal,drought,False,0.424,0.309,0.267,0,0,0.57,6
11,2025-07-19,49.28,49.18,49.0,48.77,48.55,48.36,48.1,normal,drought,False,0.443,0.301,0.255,0,0,0.57,6
11,2025-07-20,48.26,48.15,47.91,47.69,47.46,47.27,47.04,normal,drought,False,0.389,0.328,0.284,0,0,0.29,10
11,2025-07-21,48.82,48.72,48.51,48.3,48.09,47.91,47.66,normal,drought,False,0.469,0.3,0.231,0,0,0.29,10
11,2025-07-22,48.53,48.43,48.22,48.02,47.8,47.62,47.37,normal,drought,False,0.457,0.292,0.25,0,0,0.29,10
11,2025-07-23,48.89,48.79,48.57,48.36,48.14,47.96,47.71,normal,drought,False,0.492,0.28,0.228,0,0,0.29,10
11,2025-07-24,48.75,48.66,48.46,48.25,48.04,47.85,47.61,normal,drought,False,0.464,0.278,0.258,0,0,0.29,10
11,2025-07-25,49.17,49.06,48.83,48.62,48.39,48.2,47.96,normal,drought,False,0.547,0.25,0.203,0,0,0.29,10
11,2025-07-26,49.34,49.25,49.05,48.84,48.63,48.43,48.19,normal,drought,False,0.517,0.247,0.235,0,0,0.29,10
11,2025-07-27,49.23,49.14,48.92,48.71,48.49,48.3,48.05,normal,drought,False,0.556,0.234,0.209,0,0,0.29,10
11,2025-07-28,49.57,49.47,49.27,49.05,48.81,48.61,48.37,normal,drought,False,0.497,0.253,0.249,0,0,0.29,10
11,2025-07-29,49.67,49.57,49.35,49.12,48.88,48.67,48.44,normal,drought,False,0.559,0.237,0.204,0,0,0.29,10
11,2025-07-30,41.85,41.84,41.56,41.44,41.23,41.04,40.9,normal,drought,False,0.518,0.251,0.231,0,0,0.57,6
11,2025-07-31,41.42,41.42,41.17,41.05,40.85,40.67,40.53,normal,drought,False,0.544,0.251,0.204,0,0,0.57,6
11,2025-08-01,41.91,41.82,41.63,41.44,41.26,41.09,40.94,normal,drought,False,0.527,0.238,0.235,0,0,0.29,10
11,2025-08-02,41.86,41.78,41.6,41.42,41.25,41.11,40.93,normal,drought,False,0.551,0.236,0.213,0,0,0.29,10
11,2025-08-03,41.13,41.01,40.79,40.6,40.43,40.29,40.13,normal,drought,False,0.519,0.243,0.238,0,0,0.29,10
11,2025-08-04,40.6,40.45,40.17,39.98,39.8,39.66,39.5,normal,drought,False,0.542,0.245,0.213,0,0,0.29,10
11,2025-08-05,41.33,41.24,41.06,40.89,40.73,40.62,40.45,normal,drought,False,0.495,0.247,0.258,0,0,0.29,10
11,2025-08-06,41.03,40.93,40.72,40.55,40.39,40.26,40.11,normal,drought,False,0.5,0.263,0.237,0,0,0.29,10
11,2025-08-07,41.64,41.58,41.45,41.28,41.12,40.99,40.83,normal,drought,False,0.487,0.272,0.242,0,0,0.29,10
11,2025-08-08,41.94,41.93,41.88,41.74,41.61,41.51,41.33,normal,drought,False,0.49,0.28,0.229,0,0,0.29,10
11,2025-08-09,42.15,42.11,41.99,41.83,41.68,41.56,41.39,normal,drought,False,0.513,0.266,0.221,0,0,0.29,10
11,2025-08-10,41.94,41.89,41.77,41.61,41.46,41.34,41.17,normal,drought,False,0.541,0.269,0.19,0,0,0.29,10
11,2025-08-11,27.61,27.54,27.22,27.14,27.04,26.95,26.97,normal,drought,False,0.544,0.265,0.191,0,0,0.57,6
11,2025-08-12,26.3,26.2,25.83,25.74,25.64,25.55,25.57,normal,drought,False,0.519,0.284,0.196,0,0,0.57,6
11,2025-08-13,28.71,28.69,28.66,28.57,28.53,28.49,28.5,normal,drought,False,0.555,0.251,0.194,0,0,0.29,10
11,2025-08-14,28.68,28.68,28.66,28.58,28.54,28.51,28.51,normal,drought,False,0.571,0.242,0.186,0,0,0.29,10
11,2025-08-15,28.59,28.59,28.58,28.49,28.45,28.41,28.42,normal,drought,False,0.565,0.237,0.199,0,0,0.29,10
11,2025-08-16,28.66,28.65,28.65,28.55,28.51,28.48,28.49,normal,drought,False,0.539,0.244,0.217,0,0,0.29,10
11,2025-08-17,28.61,28.6,28.57,28.48,28.43,28.4,28.4,normal,drought,False,0.569,0.234,0.197,0,0,0.29,10
11,2025-08-18,28.66,28.66,28.63,28.54,28.5,28.47,28.46,normal,drought,False,0.575,0.232,0.192,0,0,0.29,10
11,2025-08-19,28.74,28.74,28.73,28.64,28.59,28.55,28.56,normal,drought,False,0.514,0.235,0.251,0,0,0.29,10
11,2025-08-20,28.88,28.86,28.86,28.75,28.69,28.63,28.66,normal,drought,False,0.479,0.249,0.271,0,0,0.29,10
11,2025-08-21,28.68,28.67,28.65,28.54,28.48,28.43,28.45,normal,drought,False,0.518,0.24,0.242,0,0,0.29,10
11,2025-08-22,28.44,28.43,28.39,28.28,28.22,28.16,28.17,normal,drought,False,0.548,0.238,0.214,0,0,0.29,10
11,2025-08-23,23.55,23.5,23.43,23.34,23.3,23.29,23.36,normal,drought,False,0.475,0.247,0.278,0,0,0.57,6
11,2025-08-24,22.72,22.65,22.56,22.46,22.43,22.41,22.5,normal,drought,False,0.428,0.26,0.312,0,0,0.57,6
11,2025-08-25,23.22,23.19,23.2,23.1,23.08,23.05,23.15,normal,drought,False,0.449,0.25,0.3,0,0,0.29,10
11,2025-08-26,23.14,23.14,23.16,23.07,23.06,23.06,23.14,normal,drought,False,0.508,0.246,0.246,0,0,0.29,10
11,2025-08-27,23.58,23.6,23.65,23.58,23.58,23.58,23.67,normal,drought,False,0.431,0.255,0.314,0,0,0.29,10
11,2025-08-28,23.39,23.4,23.46,23.38,23.38,23.38,23.47,normal,drought,False,0.363,0.287,0.35,0,0,0.29,10
11,2025-08-29,23.23,23.24,23.3,23.23,23.23,23.23,23.32,normal,drought,False,0.44,0.244,0.316,0,0,0.29,10
11,2025-08-30,23.27,23.28,23.33,23.26,23.26,23.26,23.34,normal,drought,False,0.491,0.255,0.254,0,0,0.29,10
11,2025-08-31,23.51,23.54,23.59,23.52,23.52,23.53,23.6,normal,drought,False,0.47,0.238,0.292,0,0,0.29,10
12,2025-03-01,12.77,12.79,12.89,12.88,12.99,13.14,13.25,normal,normal,True,0.241,0.39,0.369,0,0,0.29,10
12,2025-03-02,13.34,13.42,13.55,13.57,13.7,13.86,13.96,normal,normal,True,0.323,0.355,0.322,0,0,0.29,10
12,2025-03-03,13.14,13.19,13.32,13.32,13.45,13.6,13.72,normal,drought,False,0.355,0.343,0.301,0,0,0.29,10
12,2025-03-04,13.21,13.27,13.39,13.4,13.52,13.65,13.78,normal,drought,False,0.347,0.346,0.307,0,0,0.29,10
12,2025-03-05,13.38,13.47,13.61,13.63,13.76,13.89,14.03,normal,drought,False,0.363,0.337,0.301,0,0,0.29,10
12,2025-03-06,13.44,13.48,13.6,13.59,13.7,13.82,13.96,normal,drought,False,0.406,0.319,0.275,0,0,0.29,10
12,2025-03-07,13.19,13.2,13.3,13.28,13.38,13.49,13.64,normal,drought,False,0.4,0.322,0.278,0,0,0.29,10
12,2025-03-08,14.46,14.45,14.53,14.48,14.57,14.68,14.82,normal,drought,False,0.38,0.331,0.289,0,0,0.57,6
12,2025-03-09,14.46,14.42,14.5,14.43,14.51,14.62,14.76,normal,drought,False,0.404,0.316,0.281,0,0,0.57,6
12,2025-03-10,13.91,13.83,13.88,13.81,13.88,13.98,14.13,normal,drought,False,0.409,0.305,0.287,0,0,0.29,10
12,2025-03-11,14.12,14.12,14.22,14.18,14.28,14.42,14.53,normal,drought,False,0.419,0.313,0.268,0,0,0.29,10
12,2025-03-12,15.82,16.12,16.45,16.57,16.76,16.97,17.06,normal,drought,False,0.407,0.306,0.287,0,0,0.29,10
12,2025-03-13,13.34,13.23,13.27,13.18,13.24,13.36,13.48,normal,drought,False,0.37,0.321,0.309,0,0,0.29,10
12,2025-03-14,13.52,13.41,13.43,13.34,13.41,13.49,13.62,normal,drought,False,0.367,0.326,0.307,0,0,0.29,10
12,2025-03-15,14.46,14.57,14.74,14.76,14.88,15.0,15.15,normal,drought,False,0.394,0.329,0.277,0,0,0.29,10
12,2025-03-16,15.6,15.73,15.89,15.92,16.06,16.19,16.31,normal,drought,False,0.438,0.306,0.255,0,0,0.29,10
12,2025-03-17,15.43,15.71,16.03,16.13,16.33,16.51,16.63,normal,drought,False,0.407,0.319,0.274,0,0,0.29,10
12,2025-03-18,14.69,14.77,14.94,14.94,15.08,15.22,15.34,normal,normal,True,0.331,0.36,0.308,0,0,0.29,10
12,2025-03-19,13.79,13.69,13.71,13.63,13.69,13.78,13.91,normal,drought,False,0.432,0.312,0.256,0,0,0.29,10
12,2025-03-20,20.11,20.27,20.45,20.47,20.57,20.68,20.76,normal,drought,False,0.427,0.326,0.247,0,0,0.57,6
12,2025-03-21,20.18,20.37,20.58,20.61,20.72,20.83,20.91,normal,drought,False,0.412,0.325,0.262,0,0,0.57,6
12,2025-03-22,18.68,18.63,18.66,18.57,18.62,18.68,18.78,normal,normal,True,0.354,0.356,0.29,0,0,0.29,10
12,2025-03-23,18.98,19.08,19.24,19.23,19.32,19.41,19.5,normal,drought,False,0.545,0.254,0.201,0,0,0.29,10
12,2025-03-24,18.52,18.47,18.49,18.4,18.44,18.49,18.59,normal,drought,False,0.452,0.299,0.248,0,0,0.29,10
12,2025-03-25,18.13,18.07,18.09,18.0,18.05,18.11,18.21,normal,drought,False,0.564,0.253,0.184,0,0,0.29,10
12,2025-03-26,18.41,18.41,18.48,18.42,18.48,18.55,18.65,normal,drought,False,0.57,0.251,0.179,0,0,0.29,10
12,2025-03-27,17.97,17.91,17.92,17.83,17.87,17.93,18.04,normal,drought,False,0.615,0.222,0.163,0,0,0.29,10
12,2025-03-28,17.97,17.93,17.98,17.9,17.94,18.01,18.12,normal,drought,False,0.556,0.252,0.192,0,0,0.29,10
12,2025-03-29,18.17,18.18,18.26,18.21,18.27,18.33,18.44,normal,drought,False,0.615,0.222,0.163,0,0,0.29,10
12,2025-03-30,18.2,18.18,18.25,18.17,18.22,18.28,18.39,normal,drought,False,0.576,0.235,0.189,0,0,0.29,10
12,2025-03-31,18.06,18.05,18.14,18.07,18.12,18.18,18.31,normal,drought,False,0.633,0.214,0.153,0,0,0.29,10
12,2025-04-01,3.43,3.34,3.48,3.62,3.8,4.01,4.27,drought,drought,True,0.604,0.224,0.172,7,0,0.57,6
12,2025-04-02,2.77,2.68,2.81,2.95,3.13,3.35,3.57,drought,drought,True,0.64,0.211,0.149,7,0,0.57,6
12,2025-04-03,3.57,3.46,3.5,3.54,3.61,3.79,3.9,drought,drought,True,0.643,0.206,0.151,7,0,0.29,10
12,2025-04-04,4.55,4.57,4.7,4.8,4.93,5.12,5.26,drought,drought,True,0.629,0.21,0.161,7,0,0.29,10
12,2025-04-05,5.53,5.67,5.91,6.05,6.22,6.42,6.6,drought,drought,True,0.594,0.22,0.186,4,0,0.29,10
12,2025-04-06,4.89,4.87,4.96,5.04,5.14,5.3,5.46,drought,drought,True,0.619,0.224,0.157,7,0,0.29,10
12,2025-04-07,6.66,6.89,7.2,7.37,7.58,7.77,7.97,normal,drought,False,0.584,0.232,0.183,0,0,0.29,10
12,2025-04-08,6.0,6.07,6.2,6.28,6.4,6.56,6.73,drought,drought,True,0.601,0.226,0.173,2,0,0.29,10
12,2025-04-09,6.08,6.04,6.06,6.09,6.15,6.29,6.44,drought,drought,True,0.613,0.225,0.162,5,0,0.29,10
12,2025-04-10,5.14,5.08,5.1,5.15,5.21,5.35,5.51,drought,drought,True,0.635,0.222,0.143,7,0,0.29,10
12,2025-04-11,5.13,5.0,4.97,4.99,5.04,5.18,5.32,drought,drought,True,0.622,0.233,0.145,7,0,0.29,10
12,2025-04-12,4.4,4.25,4.23,4.24,4.29,4.44,4.59,drought,drought,True,0.626,0.224,0.15,7,0,0.29,10
12,2025-04-13,22.17,22.3,22.35,22.35,22.29,22.38,22.29,normal,drought,False,0.621,0.233,0.146,0,0,0.57,6
12,2025-04-14,23.87,24.18,24.33,24.42,24.41,24.52,24.43,overflow,drought,False,0.634,0.219,0.147,0,7,0.57,6
12,2025-04-15,22.34,22.39,22.45,22.4,22.44,22.49,22.56,normal,drought,False,0.625,0.229,0.146,0,0,0.29,10
12,2025-04-16,21.85,21.88,21.96,21.91,21.95,22.0,22.06,normal,drought,False,0.613,0.229,0.159,0,0,0.29,10
12,2025-04-17,22.01,22.04,22.12,22.07,22.1,22.15,22.2,normal,drought,False,0.594,0.228,0.178,0,0,0.29,10
12,2025-04-18,21.71,21.72,21.77,21.7,21.73,21.77,21.83,normal,drought,False,0.583,0.242,0.174,0,0,0.29,10
12,2025-04-19,21.86,21.83,21.85,21.77,21.79,21.82,21.89,normal,drought,False,0.578,0.251,0.17,0,0,0.29,10
12,2025-04-20,21.65,21.64,21.67,21.6,21.62,21.65,21.72,normal,drought,False,0.619,0.227,0.153,0,0,0.29,10
12,2025-04-21,21.56,21.54,21.56,21.48,21.49,21.52,21.6,normal,drought,False,0.618,0.224,0.159,0,0,0.29,10
12,2025-04-22,21.95,21.98,22.06,22.01,22.04,22.09,22.16,normal,drought,False,0.628,0.227,0.145,0,0,0.29,10
12,2025-04-23,21.81,21.83,21.9,21.84,21.87,21.92,21.98,normal,drought,False,0.614,0.233,0.153,0,0,0.29,10
12,2025-04-24,21.43,21.41,21.44,21.36,21.39,21.43,21.49,normal,drought,False,0.63,0.223,0.148,0,0,0.29,10
12,2025-04-25,18.44,18.38,18.39,18.3,18.33,18.39,18.47,normal,drought,False,0.625,0.226,0.148,0,0,0.57,6
12,2025-04-26,18.69,18.65,18.66,18.59,18.63,18.69,18.78,normal,drought,False,0.634,0.228,0.138,0,0,0.57,6
12,2025-04-27,19.13,19.14,19.22,19.16,19.23,19.3,19.39,normal,drought,False,0.636,0.224,0.14,0,0,0.29,10
12,2025-04-28,19.38,19.44,19.57,19.55,19.64,19.73,19.81,normal,drought,False,0.632,0.228,0.141,0,0,0.29,10
12,2025-04-29,20.0,20.14,20.33,20.35,20.45,20.55,20.63,normal,drought,False,0.616,0.236,0.148,0,0,0.29,10
12,2025-04-30,20.2,20.31,20.47,20.48,20.59,20.71,20.76,normal,drought,False,0.625,0.236,0.139,0,0,0.29,10
12,2025-05-01,20.4,20.54,20.73,20.75,20.87,20.99,21.04,normal,drought,False,0.633,0.23,0.137,0,0,0.29,10
12,2025-05-02,19.51,19.49,19.54,19.47,19.53,19.6,19.67,normal,drought,False,0.64,0.228,0.132,0,0,0.29,10
12,2025-05-03,19.55,19.51,19.54,19.46,19.53,19.59,19.66,normal,drought,False,0.634,0.231,0.135,0,0,0.29,10
12,2025-05-04,19.71,19.71,19.77,19.71,19.78,19.84,19.92,normal,drought,False,0.643,0.228,0.129,0,0,0.29,10
12,2025-05-05,18.8,18.71,18.69,18.58,18.61,18.65,18.75,normal,drought,False,0.636,0.227,0.137,0,0,0.29,10
12,2025-05-06,19.9,19.96,20.07,20.04,20.11,20.18,20.27,normal,drought,False,0.631,0.229,0.14,0,0,0.29,10
12,2025-05-07,2.53,2.46,2.59,2.77,2.98,3.2,3.45,drought,drought,True,0.638,0.224,0.137,7,0,0.57,6
12,2025-05-08,2.15,2.09,2.21,2.39,2.61,2.82,3.06,drought,drought,True,0.657,0.22,0.123,7,0,0.57,6
12,2025-05-09,1.25,1.24,1.27,1.34,1.43,1.58,1.73,drought,drought,True,0.646,0.218,0.136,7,0,0.29,10
12,2025-05-10,1.28,1.29,1.32,1.39,1.48,1.63,1.77,drought,drought,True,0.628,0.227,0.145,7,0,0.29,10
12,2025-05-11,1.31,1.33,1.36,1.44,1.53,1.68,1.83,drought,drought,True,0.633,0.226,0.141,7,0,0.29,10
12,2025-05-12,1.28,1.29,1.31,1.38,1.47,1.61,1.77,drought,drought,True,0.635,0.229,0.136,7,0,0.29,10
12,2025-05-13,1.09,1.08,1.1,1.15,1.22,1.36,1.53,drought,drought,True,0.596,0.234,0.17,7,0,0.29,10
12,2025-05-14,1.14,1.1,1.11,1.15,1.22,1.36,1.52,drought,drought,True,0.619,0.229,0.152,7,0,0.29,10
12,2025-05-15,1.11,1.08,1.1,1.15,1.22,1.36,1.52,drought,drought,True,0.631,0.225,0.144,7,0,0.29,10
12,2025-05-16,1.06,1.04,1.06,1.11,1.18,1.32,1.48,drought,drought,True,0.638,0.219,0.143,7,0,0.29,10
12,2025-05-17,1.05,1.04,1.06,1.12,1.19,1.34,1.49,drought,drought,True,0.625,0.227,0.148,7,0,0.29,10
12,2025-05-18,1.03,1.05,1.09,1.18,1.29,1.49,1.6,drought,drought,True,0.625,0.233,0.142,7,0,0.29,10
12,2025-05-19,13.0,13.22,13.37,13.45,13.53,13.7,13.75,normal,drought,False,0.624,0.225,0.151,0,0,0.57,6
12,2025-05-20,14.23,14.51,14.7,14.81,14.91,15.09,15.12,normal,drought,False,0.61,0.227,0.162,0,0,0.57,6
12,2025-05-21,11.26,11.19,11.24,11.19,11.26,11.37,11.51,normal,drought,False,0.615,0.227,0.158,0,0,0.29,10
12,2025-05-22,11.97,11.96,12.01,11.99,12.07,12.19,12.32,normal,drought,False,0.619,0.242,0.14,0,0,0.29,10
12,2025-05-23,12.38,12.52,12.71,12.75,12.88,13.0,13.17,normal,drought,False,0.613,0.239,0.148,0,0,0.29,10
12,2025-05-24,12.57,12.67,12.82,12.84,12.95,13.07,13.22,normal,drought,False,0.588,0.241,0.171,0,0,0.29,10
12,2025-05-25,12.42,12.52,12.69,12.71,12.83,12.98,13.12,normal,drought,False,0.607,0.241,0.152,0,0,0.29,10
12,2025-05-26,11.69,11.64,11.69,11.63,11.7,11.83,11.95,normal,drought,False,0.635,0.238,0.127,0,0,0.29,10
12,2025-05-27,11.41,11.29,11.29,11.22,11.26,11.36,11.5,normal,drought,False,0.632,0.23,0.138,0,0,0.29,10
12,2025-05-28,11.6,11.53,11.55,11.51,11.56,11.67,11.81,normal,drought,False,0.622,0.224,0.153,0,0,0.29,10
12,2025-05-29,11.61,11.54,11.59,11.53,11.58,11.66,11.83,normal,drought,False,0.617,0.234,0.15,0,0,0.29,10
12,2025-05-30,11.9,11.91,12.03,12.01,12.09,12.19,12.36,normal,drought,False,0.601,0.239,0.16,0,0,0.29,10
12,2025-05-31,27.9,28.23,28.48,28.56,28.59,28.67,28.58,overflow,drought,False,0.624,0.233,0.144,0,7,0.57,6
12,2025-06-01,28.74,28.96,29.15,29.14,29.12,29.16,29.07,overflow,drought,False,0.612,0.235,0.154,0,7,0.57,6
12,2025-06-02,26.51,26.47,26.42,26.31,26.26,26.24,26.26,overflow,drought,False,0.63,0.224,0.146,0,7,0.29,10
12,2025-06-03,26.55,26.52,26.48,26.39,26.34,26.31,26.33,overflow,drought,False,0.631,0.222,0.147,0,7,0.29,10
12,2025-06-04,26.99,26.98,26.97,26.89,26.85,26.82,26.84,overflow,drought,False,0.628,0.234,0.139,0,7,0.29,10
12,2025-06-05,26.9,26.9,26.91,26.83,26.8,26.79,26.81,overflow,drought,False,0.627,0.229,0.144,0,7,0.29,10
12,2025-06-06,26.91,26.92,26.95,26.88,26.85,26.84,26.85,overflow,drought,False,0.604,0.229,0.167,0,7,0.29,10
12,2025-06-07,26.77,26.77,26.77,26.68,26.65,26.63,26.65,overflow,drought,False,0.608,0.219,0.173,0,7,0.29,10
12,2025-06-08,26.85,26.83,26.81,26.71,26.67,26.64,26.67,overflow,drought,False,0.63,0.225,0.144,0,7,0.29,10
12,2025-06-09,26.8,26.78,26.76,26.67,26.62,26.59,26.62,overflow,drought,False,0.625,0.22,0.155,0,7,0.29,10
12,2025-06-10,26.94,26.93,26.92,26.82,26.78,26.75,26.78,overflow,drought,False,0.588,0.236,0.175,0,7,0.29,10
12,2025-06-11,26.98,26.99,27.01,26.94,26.92,26.94,26.93,overflow,drought,False,0.597,0.229,0.174,0,7,0.29,10
12,2025-06-12,28.54,28.54,28.54,28.46,28.42,28.43,28.39,overflow,drought,False,0.629,0.211,0.16,0,7,0.57,6
12,2025-06-13,28.67,28.64,28.63,28.52,28.47,28.44,28.44,overflow,drought,False,0.612,0.211,0.177,0,7,0.57,6
12,2025-06-14,28.36,28.32,28.26,28.16,28.11,28.08,28.08,overflow,drought,False,0.63,0.213,0.157,0,7,0.29,10
12,2025-06-15,29.14,29.16,29.17,29.12,29.1,29.13,29.07,overflow,drought,False,0.622,0.229,0.148,0,7,0.29,10
12,2025-06-16,28.92,28.93,28.96,28.89,28.88,28.91,28.85,overflow,drought,False,0.621,0.22,0.159,0,7,0.29,10
12,2025-06-17,28.38,28.36,28.32,28.24,28.22,28.24,28.18,overflow,drought,False,0.599,0.223,0.177,0,7,0.29,10
12,2025-06-18,28.24,28.22,28.18,28.09,28.06,28.07,28.02,overflow,drought,False,0.615,0.219,0.166,0,7,0.29,10
12,2025-06-19,29.13,29.11,29.07,28.97,28.93,28.9,28.89,overflow,drought,False,0.632,0.229,0.139,0,7,0.29,10
12,2025-06-20,29.21,29.2,29.19,29.1,29.07,29.03,29.02,overflow,drought,False,0.621,0.225,0.154,0,7,0.29,10
12,2025-06-21,29.56,29.62,29.68,29.63,29.61,29.59,29.56,overflow,drought,False,0.598,0.231,0.171,0,7,0.29,10
12,2025-06-22,29.39,29.43,29.48,29.42,29.39,29.38,29.35,overflow,drought,False,0.607,0.227,0.166,0,7,0.29,10
12,2025-06-23,29.08,29.05,29.01,28.9,28.84,28.79,28.79,overflow,drought,False,0.642,0.217,0.142,0,7,0.29,10
12,2025-06-24,25.95,25.88,25.77,25.66,25.6,25.56,25.59,overflow,drought,False,0.619,0.222,0.159,0,7,0.57,6
12,2025-06-25,25.74,25.65,25.53,25.42,25.35,25.3,25.35,overflow,drought,False,0.62,0.22,0.16,0,7,0.57,6
12,2025-06-26,26.12,26.11,26.1,26.02,25.99,25.97,26.0,overflow,drought,False,0.624,0.225,0.151,0,7,0.29,10
12,2025-06-27,26.02,26.02,26.03,25.96,25.93,25.93,25.95,overflow,drought,False,0.601,0.222,0.177,0,7,0.29,10
12,2025-06-28,25.76,25.75,25.74,25.65,25.62,25.6,25.63,overflow,drought,False,0.574,0.229,0.198,0,7,0.29,10
12,2025-06-29,25.61,25.6,25.58,25.49,25.46,25.46,25.48,overflow,drought,False,0.613,0.218,0.169,0,7,0.29,10
12,2025-06-30,25.61,25.6,25.58,25.49,25.46,25.44,25.47,overflow,drought,False,0.625,0.22,0.155,0,7,0.29,10
12,2025-07-01,25.98,25.97,25.98,25.89,25.85,25.83,25.88,overflow,drought,False,0.608,0.222,0.17,0,7,0.29,10
12,2025-07-02,25.96,25.97,26.0,25.92,25.89,25.86,25.91,overflow,drought,False,0.588,0.221,0.191,0,7,0.29,10
12,2025-07-03,25.97,25.97,26.01,25.92,25.9,25.87,25.91,overflow,drought,False,0.586,0.225,0.189,0,7,0.29,10
12,2025-07-04,25.7,25.69,25.7,25.61,25.57,25.54,25.59,overflow,drought,False,0.599,0.219,0.182,0,7,0.29,10
12,2025-07-05,25.7,25.68,25.68,25.58,25.53,25.49,25.55,overflow,drought,False,0.589,0.215,0.196,0,7,0.29,10
12,2025-07-06,33.04,33.03,33.06,32.92,32.84,32.76,32.71,overflow,drought,False,0.578,0.212,0.21,0,7,0.57,6
12,2025-07-07,33.66,33.64,33.67,33.53,33.44,33.35,33.31,overflow,drought,False,0.578,0.22,0.202,0,7,0.57,6
12,2025-07-08,32.76,32.69,32.6,32.45,32.33,32.21,32.19,overflow,drought,False,0.565,0.218,0.217,0,7,0.29,10
12,2025-07-09,32.68,32.61,32.52,32.38,32.26,32.14,32.12,overflow,drought,False,0.544,0.208,0.248,0,7,0.29,10
12,2025-07-10,32.6,32.54,32.45,32.31,32.19,32.08,32.06,overflow,drought,False,0.536,0.215,0.249,0,7,0.29,10
12,2025-07-11,32.5,32.44,32.34,32.2,32.08,31.98,31.94,overflow,drought,False,0.571,0.21,0.219,0,7,0.29,10
12,2025-07-12,32.51,32.45,32.35,32.2,32.09,31.98,31.95,overflow,drought,False,0.534,0.21,0.256,0,7,0.29,10
12,2025-07-13,32.6,32.54,32.45,32.31,32.2,32.1,32.06,overflow,drought,False,0.477,0.219,0.304,0,7,0.29,10
12,2025-07-14,32.56,32.49,32.4,32.26,32.15,32.04,32.01,overflow,drought,False,0.487,0.222,0.291,0,7,0.29,10
12,2025-07-15,32.81,32.76,32.68,32.55,32.44,32.35,32.31,overflow,drought,False,0.491,0.226,0.283,0,7,0.29,10
12,2025-07-16,32.55,32.48,32.39,32.25,32.14,32.03,32.0,overflow,drought,False,0.462,0.224,0.314,0,7,0.29,10
12,2025-07-17,32.69,32.63,32.55,32.42,32.32,32.25,32.19,overflow,drought,False,0.491,0.229,0.28,0,7,0.29,10
12,2025-07-18,29.04,29.0,28.88,28.77,28.69,28.62,28.62,overflow,drought,False,0.512,0.224,0.265,0,7,0.57,6
12,2025-07-19,28.94,28.88,28.75,28.65,28.56,28.51,28.5,overflow,drought,False,0.534,0.231,0.236,0,7,0.57,6
12,2025-07-20,29.36,29.34,29.3,29.2,29.13,29.09,29.07,overflow,drought,False,0.477,0.229,0.294,0,7,0.29,10
12,2025-07-21,29.75,29.74,29.71,29.62,29.57,29.54,29.51,overflow,drought,False,0.553,0.235,0.212,0,7,0.29,10
12,2025-07-22,29.54,29.52,29.5,29.4,29.35,29.32,29.29,overflow,drought,False,0.546,0.226,0.229,0,7,0.29,10
12,2025-07-23,29.66,29.64,29.61,29.51,29.46,29.43,29.4,overflow,drought,False,0.579,0.221,0.2,0,7,0.29,10
12,2025-07-24,29.62,29.6,29.57,29.48,29.43,29.4,29.38,overflow,drought,False,0.542,0.225,0.233,0,7,0.29,10
12,2025-07-25,30.02,30.0,29.97,29.87,29.82,29.78,29.76,overflow,drought,False,0.608,0.226,0.166,0,7,0.29,10
12,2025-07-26,30.09,30.08,30.07,29.98,29.93,29.9,29.88,overflow,drought,False,0.577,0.226,0.196,0,7,0.29,10
12,2025-07-27,30.11,30.1,30.09,30.0,29.95,29.92,29.89,overflow,drought,False,0.604,0.221,0.175,0,7,0.29,10
12,2025-07-28,30.17,30.15,30.13,30.02,29.96,29.91,29.9,overflow,drought,False,0.569,0.226,0.204,0,7,0.29,10
12,2025-07-29,30.28,30.25,30.21,30.09,30.02,29.96,29.96,overflow,drought,False,0.63,0.211,0.16,0,7,0.29,10
12,2025-07-30,29.68,29.65,29.6,29.49,29.41,29.34,29.34,overflow,drought,False,0.603,0.214,0.183,0,7,0.57,6
12,2025-07-31,29.63,29.6,29.55,29.43,29.36,29.28,29.29,overflow,drought,False,0.621,0.213,0.166,0,7,0.57,6
12,2025-08-01,29.37,29.34,29.29,29.17,29.1,29.04,29.04,overflow,drought,False,0.603,0.208,0.189,0,7,0.29,10
12,2025-08-02,29.48,29.46,29.42,29.31,29.25,29.22,29.19,overflow,drought,False,0.62,0.206,0.174,0,7,0.29,10
12,2025-08-03,28.92,28.88,28.8,28.69,28.62,28.6,28.57,overflow,drought,False,0.602,0.206,0.192,0,7,0.29,10
12,2025-08-04,28.5,28.42,28.31,28.2,28.14,28.12,28.09,overflow,drought,False,0.623,0.21,0.167,0,7,0.29,10
12,2025-08-05,29.24,29.22,29.19,29.1,29.06,29.05,29.02,overflow,drought,False,0.574,0.218,0.209,0,7,0.29,10
12,2025-08-06,28.67,28.61,28.53,28.42,28.37,28.34,28.33,overflow,drought,False,0.579,0.23,0.191,0,7,0.29,10
12,2025-08-07,29.44,29.42,29.42,29.32,29.27,29.24,29.23,overflow,drought,False,0.558,0.237,0.204,0,7,0.29,10
12,2025-08-08,29.77,29.88,29.97,29.95,29.93,29.92,29.89,overflow,drought,False,0.583,0.231,0.186,0,7,0.29,10
12,2025-08-09,29.97,29.98,29.98,29.9,29.86,29.83,29.8,overflow,drought,False,0.569,0.238,0.194,0,7,0.29,10
12,2025-08-10,29.61,29.61,29.61,29.53,29.49,29.47,29.43,overflow,drought,False,0.614,0.232,0.153,0,7,0.29,10
12,2025-08-11,31.97,31.94,31.91,31.79,31.72,31.65,31.61,overflow,drought,False,0.601,0.231,0.168,0,7,0.57,6
12,2025-08-12,32.2,32.15,32.09,31.97,31.89,31.82,31.78,overflow,drought,False,0.613,0.221,0.167,0,7,0.57,6
12,2025-08-13,31.9,31.84,31.75,31.62,31.54,31.47,31.44,overflow,drought,False,0.618,0.219,0.163,0,7,0.29,10
12,2025-08-14,31.89,31.85,31.78,31.68,31.6,31.54,31.49,overflow,drought,False,0.648,0.208,0.144,0,7,0.29,10
12,2025-08-15,31.8,31.76,31.7,31.58,31.5,31.44,31.4,overflow,drought,False,0.625,0.206,0.169,0,7,0.29,10
12,2025-08-16,31.84,31.8,31.75,31.63,31.55,31.49,31.46,overflow,drought,False,0.613,0.207,0.18,0,7,0.29,10
12,2025-08-17,31.82,31.77,31.7,31.58,31.5,31.44,31.4,overflow,drought,False,0.631,0.206,0.164,0,7,0.29,10
12,2025-08-18,31.85,31.81,31.74,31.62,31.53,31.47,31.42,overflow,drought,False,0.641,0.206,0.153,0,7,0.29,10
12,2025-08-19,31.98,31.94,31.89,31.77,31.69,31.62,31.59,overflow,drought,False,0.6,0.202,0.199,0,7,0.29,10
12,2025-08-20,32.06,32.01,31.95,31.81,31.71,31.62,31.61,overflow,drought,False,0.576,0.21,0.214,0,7,0.29,10
12,2025-08-21,31.88,31.82,31.75,31.62,31.52,31.43,31.41,overflow,drought,False,0.605,0.204,0.19,0,7,0.29,10
12,2025-08-22,31.73,31.69,31.61,31.48,31.38,31.29,31.26,overflow,drought,False,0.619,0.209,0.171,0,7,0.29,10
12,2025-08-23,31.9,31.86,31.81,31.68,31.59,31.52,31.49,overflow,drought,False,0.574,0.208,0.218,0,7,0.57,6
12,2025-08-24,31.37,31.31,31.22,31.09,31.0,30.93,30.9,overflow,drought,False,0.551,0.204,0.244,0,7,0.57,6
12,2025-08-25,31.38,31.3,31.2,31.06,30.95,30.86,30.85,overflow,drought,False,0.556,0.205,0.239,0,7,0.29,10
12,2025-08-26,31.22,31.16,31.06,30.92,30.83,30.75,30.73,overflow,drought,False,0.594,0.212,0.194,0,7,0.29,10
12,2025-08-27,31.67,31.62,31.56,31.42,31.34,31.26,31.24,overflow,drought,False,0.541,0.215,0.244,0,7,0.29,10
12,2025-08-28,31.58,31.54,31.49,31.37,31.29,31.22,31.2,overflow,drought,False,0.49,0.221,0.289,0,7,0.29,10
12,2025-08-29,31.21,31.15,31.08,30.95,30.86,30.79,30.77,overflow,drought,False,0.528,0.205,0.267,0,7,0.29,10
12,2025-08-30,31.32,31.27,31.2,31.08,30.99,30.91,30.89,overflow,drought,False,0.568,0.214,0.218,0,7,0.29,10
12,2025-08-31,31.43,31.38,31.3,31.17,31.08,31.02,31.0,overflow,drought,False,0.552,0.214,0.234,0,7,0.29,10
13,2025-03-01,36.23,36.17,36.05,35.94,35.86,35.8,35.66,normal,normal,True,0.172,0.654,0.174,0,0,0.29,10
13,2025-03-02,37.15,37.14,37.09,37.0,36.94,36.9,36.73,normal,normal,True,0.186,0.585,0.229,0,0,0.29,10
13,2025-03-03,37.11,37.09,37.03,36.93,36.87,36.82,36.66,normal,normal,True,0.199,0.537,0.264,0,0,0.29,10
13,2025-03-04,37.24,37.21,37.12,37.01,36.93,36.85,36.71,normal,normal,True,0.182,0.561,0.257,0,0,0.29,10
13,2025-03-05,37.24,37.23,37.18,37.07,37.0,36.92,36.79,normal,normal,True,0.191,0.537,0.272,0,0,0.29,10
13,2025-03-06,37.55,37.51,37.42,37.3,37.21,37.11,36.98,normal,normal,True,0.207,0.53,0.263,0,0,0.29,10
13,2025-03-07,37.47,37.43,37.33,37.21,37.11,37.01,36.89,normal,normal,True,0.192,0.54,0.268,0,0,0.29,10
13,2025-03-08,41.66,41.62,41.55,41.4,41.28,41.15,40.99,normal,normal,True,0.18,0.565,0.254,0,0,0.57,6
13,2025-03-09,41.78,41.72,41.61,41.45,41.32,41.18,41.01,normal,normal,True,0.195,0.55,0.256,0,0,0.57,6
13,2025-03-10,41.1,41.02,40.85,40.68,40.54,40.39,40.25,normal,normal,True,0.219,0.511,0.27,0,0,0.29,10
13,2025-03-11,40.39,40.31,40.11,39.96,39.82,39.72,39.54,normal,normal,True,0.225,0.513,0.263,0,0,0.29,10
13,2025-03-12,41.27,41.25,41.14,41.02,40.91,40.86,40.62,normal,normal,True,0.233,0.488,0.279,0,0,0.29,10
13,2025-03-13,40.93,40.87,40.75,40.59,40.47,40.37,40.19,normal,normal,True,0.226,0.513,0.261,0,0,0.29,10
13,2025-03-14,40.55,40.45,40.26,40.09,39.94,39.8,39.65,normal,normal,True,0.239,0.538,0.223,0,0,0.29,10
13,2025-03-15,40.54,40.49,40.37,40.22,40.09,39.96,39.8,normal,normal,True,0.233,0.565,0.202,0,0,0.29,10
13,2025-03-16,41.79,41.76,41.67,41.54,41.43,41.32,41.14,normal,normal,True,0.27,0.533,0.196,0,0,0.29,10
13,2025-03-17,41.19,41.17,41.08,40.96,40.85,40.78,40.57,normal,normal,True,0.264,0.538,0.198,0,0,0.29,10
13,2025-03-18,41.73,41.7,41.65,41.51,41.4,41.32,41.12,normal,normal,True,0.236,0.585,0.179,0,0,0.29,10
13,2025-03-19,40.96,40.88,40.73,40.57,40.43,40.3,40.14,normal,normal,True,0.257,0.558,0.185,0,0,0.29,10
13,2025-03-20,38.06,37.97,37.75,37.61,37.48,37.37,37.25,normal,normal,True,0.324,0.545,0.132,0,0,0.57,6
13,2025-03-21,37.92,37.88,37.73,37.61,37.5,37.4,37.27,normal,normal,True,0.241,0.593,0.166,0,0,0.57,6
13,2025-03-22,38.33,38.27,38.12,37.98,37.85,37.73,37.61,normal,normal,True,0.231,0.629,0.14,0,0,0.29,10
13,2025-03-23,37.91,37.88,37.77,37.65,37.53,37.43,37.29,normal,normal,True,0.278,0.578,0.144,0,0,0.29,10
13,2025-03-24,38.03,38.0,37.89,37.75,37.63,37.51,37.39,normal,normal,True,0.295,0.569,0.136,0,0,0.29,10
13,2025-03-25,37.62,37.53,37.36,37.2,37.07,36.93,36.83,normal,normal,True,0.275,0.598,0.127,0,0,0.29,10
13,2025-03-26,37.45,37.38,37.22,37.07,36.95,36.82,36.72,normal,normal,True,0.287,0.581,0.132,0,0,0.29,10
13,2025-03-27,37.53,37.48,37.34,37.19,37.07,36.95,36.84,normal,normal,True,0.28,0.591,0.129,0,0,0.29,10
13,2025-03-28,37.17,37.09,36.91,36.76,36.63,36.5,36.4,normal,normal,True,0.292,0.599,0.109,0,0,0.29,10
13,2025-03-29,37.02,36.96,36.81,36.67,36.53,36.41,36.3,normal,normal,True,0.279,0.595,0.126,0,0,0.29,10
13,2025-03-30,37.38,37.34,37.23,37.08,36.96,36.83,36.73,normal,normal,True,0.271,0.619,0.11,0,0,0.29,10
13,2025-03-31,37.27,37.22,37.09,36.94,36.81,36.68,36.59,normal,normal,True,0.274,0.613,0.114,0,0,0.29,10
13,2025-04-01,40.33,40.28,40.19,40.03,39.88,39.74,39.59,normal,normal,True,0.268,0.614,0.119,0,0,0.57,6
13,2025-04-02,40.54,40.5,40.41,40.26,40.12,40.0,39.82,normal,normal,True,0.265,0.618,0.117,0,0,0.57,6
13,2025-04-03,39.63,39.54,39.35,39.19,39.04,38.92,38.76,normal,normal,True,0.308,0.591,0.102,0,0,0.29,10
13,2025-04-04,39.84,39.76,39.59,39.45,39.32,39.23,39.04,normal,normal,True,0.31,0.588,0.103,0,0,0.29,10
13,2025-04-05,40.58,40.53,40.43,40.31,40.2,40.13,39.92,normal,normal,True,0.292,0.6,0.108,0,0,0.29,10
13,2025-04-06,40.21,40.12,39.98,39.82,39.7,39.6,39.43,normal,normal,True,0.321,0.582,0.097,0,0,0.29,10
13,2025-04-07,41.45,41.44,41.4,41.28,41.18,41.1,40.9,normal,normal,True,0.345,0.576,0.079,0,0,0.29,10
13,2025-04-08,41.43,41.42,41.39,41.26,41.16,41.08,40.88,normal,normal,True,0.338,0.584,0.078,0,0,0.29,10
13,2025-04-09,41.77,41.71,41.59,41.43,41.3,41.17,40.99,normal,normal,True,0.378,0.556,0.066,0,0,0.29,10
13,2025-04-10,41.27,41.24,41.13,40.99,40.87,40.75,40.58,normal,normal,True,0.39,0.544,0.066,0,0,0.29,10
13,2025-04-11,41.08,41.0,40.8,40.65,40.52,40.39,40.21,normal,normal,True,0.465,0.491,0.044,0,0,0.29,10
13,2025-04-12,40.65,40.55,40.33,40.16,40.02,39.88,39.72,normal,normal,True,0.425,0.517,0.058,0,0,0.29,10
13,2025-04-13,37.43,37.32,37.07,36.91,36.78,36.65,36.56,normal,normal,True,0.428,0.516,0.056,0,0,0.57,6
13,2025-04-14,37.03,37.0,36.79,36.68,36.56,36.44,36.33,normal,normal,True,0.379,0.546,0.076,0,0,0.57,6
13,2025-04-15,37.69,37.67,37.56,37.44,37.34,37.25,37.12,normal,normal,True,0.417,0.519,0.063,0,0,0.29,10
13,2025-04-16,37.76,37.75,37.67,37.56,37.46,37.37,37.24,normal,normal,True,0.379,0.543,0.078,0,0,0.29,10
13,2025-04-17,37.78,37.76,37.66,37.54,37.43,37.34,37.2,normal,normal,True,0.321,0.567,0.112,0,0,0.29,10
13,2025-04-18,37.45,37.4,37.28,37.14,37.02,36.9,36.78,normal,normal,True,0.295,0.607,0.098,0,0,0.29,10
13,2025-04-19,37.66,37.61,37.47,37.32,37.19,37.07,36.95,normal,normal,True,0.25,0.641,0.109,0,0,0.29,10
13,2025-04-20,37.42,37.36,37.2,37.06,36.93,36.79,36.68,normal,normal,True,0.295,0.61,0.095,0,0,0.29,10
13,2025-04-21,37.43,37.37,37.21,37.06,36.92,36.78,36.68,normal,normal,True,0.246,0.629,0.125,0,0,0.29,10
13,2025-04-22,37.44,37.39,37.27,37.14,37.02,36.91,36.79,normal,normal,True,0.259,0.619,0.122,0,0,0.29,10
13,2025-04-23,37.11,37.04,36.9,36.76,36.63,36.52,36.4,normal,normal,True,0.261,0.615,0.123,0,0,0.29,10
13,2025-04-24,36.99,36.91,36.76,36.61,36.48,36.38,36.26,normal,normal,True,0.262,0.624,0.114,0,0,0.29,10
13,2025-04-25,37.52,37.44,37.28,37.13,37.0,36.89,36.76,normal,normal,True,0.271,0.627,0.102,0,0,0.57,6
13,2025-04-26,38.17,38.12,37.99,37.86,37.74,37.63,37.49,normal,normal,True,0.298,0.616,0.086,0,0,0.57,6
13,2025-04-27,38.01,37.97,37.86,37.73,37.62,37.52,37.38,normal,normal,True,0.317,0.603,0.08,0,0,0.29,10
13,2025-04-28,38.23,38.19,38.09,37.96,37.85,37.76,37.61,normal,normal,True,0.322,0.601,0.077,0,0,0.29,10
13,2025-04-29,37.81,37.75,37.64,37.51,37.4,37.31,37.16,normal,normal,True,0.331,0.594,0.075,0,0,0.29,10
13,2025-04-30,38.63,38.59,38.49,38.37,38.27,38.19,38.02,normal,normal,True,0.366,0.571,0.062,0,0,0.29,10
13,2025-05-01,37.78,37.72,37.57,37.45,37.35,37.27,37.11,normal,normal,True,0.372,0.558,0.07,0,0,0.29,10
13,2025-05-02,38.63,38.57,38.44,38.29,38.17,38.06,37.92,normal,normal,True,0.402,0.544,0.055,0,0,0.29,10
13,2025-05-03,38.21,38.17,38.05,37.93,37.82,37.72,37.58,normal,normal,True,0.352,0.569,0.078,0,0,0.29,10
13,2025-05-04,38.21,38.14,37.97,37.82,37.7,37.57,37.45,normal,normal,True,0.422,0.53,0.048,0,0,0.29,10
13,2025-05-05,38.55,38.52,38.43,38.3,38.18,38.07,37.93,normal,normal,True,0.322,0.595,0.083,0,0,0.29,10
13,2025-05-06,38.85,38.82,38.72,38.59,38.47,38.37,38.23,normal,normal,True,0.369,0.574,0.058,0,0,0.29,10
13,2025-05-07,50.99,50.96,50.94,50.74,50.56,50.39,50.08,normal,normal,True,0.302,0.602,0.095,0,0,0.57,6
13,2025-05-08,51.57,51.52,51.48,51.27,51.08,50.91,50.59,normal,normal,True,0.406,0.54,0.054,0,0,0.57,6
13,2025-05-09,49.77,49.64,49.35,49.12,48.88,48.65,48.4,normal,normal,True,0.279,0.615,0.105,0,0,0.29,10
13,2025-05-10,49.69,49.58,49.26,49.03,48.78,48.54,48.3,normal,normal,True,0.334,0.598,0.067,0,0,0.29,10
13,2025-05-11,49.69,49.58,49.28,49.06,48.81,48.57,48.34,normal,normal,True,0.273,0.625,0.102,0,0,0.29,10
13,2025-05-12,49.89,49.81,49.57,49.36,49.13,48.89,48.65,normal,normal,True,0.323,0.606,0.071,0,0,0.29,10
13,2025-05-13,49.64,49.55,49.33,49.11,48.87,48.64,48.4,normal,normal,True,0.25,0.638,0.112,0,0,0.29,10
13,2025-05-14,49.42,49.31,49.08,48.85,48.61,48.39,48.15,normal,normal,True,0.261,0.652,0.087,0,0,0.29,10
13,2025-05-15,49.32,49.2,48.95,48.71,48.47,48.24,48.0,normal,normal,True,0.272,0.642,0.086,0,0,0.29,10
13,2025-05-16,49.15,49.03,48.74,48.5,48.25,48.01,47.78,normal,normal,True,0.272,0.642,0.086,0,0,0.29,10
13,2025-05-17,48.99,48.88,48.59,48.37,48.13,47.9,47.66,normal,normal,True,0.268,0.643,0.089,0,0,0.29,10
13,2025-05-18,49.18,49.09,48.85,48.67,48.46,48.3,48.0,normal,normal,True,0.306,0.613,0.081,0,0,0.29,10
13,2025-05-19,41.55,41.53,41.2,41.1,40.91,40.76,40.57,normal,normal,True,0.309,0.61,0.081,0,0,0.57,6
13,2025-05-20,40.56,40.5,40.16,40.04,39.85,39.71,39.53,normal,normal,True,0.267,0.631,0.102,0,0,0.57,6
13,2025-05-21,41.4,41.3,41.09,40.91,40.75,40.6,40.43,normal,normal,True,0.256,0.641,0.102,0,0,0.29,10
13,2025-05-22,42.15,42.09,41.92,41.77,41.62,41.5,41.31,normal,normal,True,0.276,0.619,0.105,0,0,0.29,10
13,2025-05-23,42.21,42.18,42.05,41.9,41.75,41.62,41.44,normal,normal,True,0.274,0.637,0.09,0,0,0.29,10
13,2025-05-24,42.92,42.91,42.84,42.69,42.55,42.43,42.23,normal,normal,True,0.245,0.63,0.125,0,0,0.29,10
13,2025-05-25,42.3,42.26,42.15,42.0,41.86,41.74,41.53,normal,normal,True,0.275,0.627,0.099,0,0,0.29,10
13,2025-05-26,42.43,42.35,42.17,42.0,41.85,41.71,41.51,normal,normal,True,0.257,0.608,0.135,0,0,0.29,10
13,2025-05-27,42.32,42.24,42.04,41.87,41.7,41.54,41.36,normal,normal,True,0.263,0.637,0.1,0,0,0.29,10
13,2025-05-28,42.24,42.17,41.93,41.78,41.6,41.44,41.26,normal,normal,True,0.237,0.618,0.145,0,0,0.29,10
13,2025-05-29,42.72,42.66,42.5,42.33,42.16,41.97,41.81,normal,normal,True,0.242,0.652,0.106,0,0,0.29,10
13,2025-05-30,42.78,42.71,42.56,42.39,42.21,42.05,41.88,normal,normal,True,0.254,0.603,0.143,0,0,0.29,10
13,2025-05-31,37.12,37.14,36.96,36.89,36.76,36.66,36.52,normal,normal,True,0.269,0.625,0.106,0,0,0.57,6
13,2025-06-01,36.61,36.59,36.4,36.29,36.16,36.04,35.93,normal,normal,True,0.246,0.621,0.133,0,0,0.57,6
13,2025-06-02,36.85,36.76,36.57,36.42,36.28,36.15,36.04,normal,normal,True,0.245,0.652,0.103,0,0,0.29,10
13,2025-06-03,37.03,36.95,36.78,36.62,36.48,36.34,36.24,normal,normal,True,0.259,0.628,0.113,0,0,0.29,10
13,2025-06-04,37.65,37.61,37.5,37.37,37.25,37.13,37.01,normal,normal,True,0.263,0.64,0.097,0,0,0.29,10
13,2025-06-05,37.51,37.46,37.35,37.22,37.1,36.98,36.86,normal,normal,True,0.273,0.623,0.103,0,0,0.29,10
13,2025-06-06,37.59,37.56,37.48,37.35,37.23,37.12,36.99,normal,normal,True,0.246,0.647,0.107,0,0,0.29,10
13,2025-06-07,37.35,37.3,37.18,37.04,36.91,36.79,36.68,normal,normal,True,0.25,0.636,0.113,0,0,0.29,10
13,2025-06-08,37.51,37.43,37.27,37.11,36.97,36.83,36.73,normal,normal,True,0.274,0.633,0.093,0,0,0.29,10
13,2025-06-09,37.37,37.31,37.16,37.01,36.87,36.73,36.63,normal,normal,True,0.282,0.613,0.105,0,0,0.29,10
13,2025-06-10,37.53,37.46,37.31,37.17,37.03,36.89,36.79,normal,normal,True,0.272,0.631,0.097,0,0,0.29,10
13,2025-06-11,37.41,37.36,37.24,37.12,37.0,36.91,36.78,normal,normal,True,0.297,0.595,0.108,0,0,0.29,10
13,2025-06-12,40.85,40.79,40.67,40.51,40.38,40.27,40.08,normal,normal,True,0.314,0.579,0.107,0,0,0.57,6
13,2025-06-13,41.46,41.39,41.27,41.1,40.95,40.81,40.64,normal,normal,True,0.295,0.599,0.106,0,0,0.57,6
13,2025-06-14,40.54,40.45,40.26,40.1,39.94,39.81,39.66,normal,normal,True,0.314,0.58,0.105,0,0,0.29,10
13,2025-06-15,40.68,40.62,40.45,40.31,40.18,40.09,39.89,normal,normal,True,0.363,0.548,0.089,0,0,0.29,10
13,2025-06-16,41.39,41.36,41.27,41.15,41.04,40.97,40.75,normal,normal,True,0.373,0.527,0.1,0,0,0.29,10
13,2025-06-17,40.42,40.36,40.19,40.05,39.93,39.85,39.65,normal,normal,True,0.325,0.557,0.118,0,0,0.29,10
13,2025-06-18,40.5,40.44,40.27,40.12,39.99,39.88,39.7,normal,normal,True,0.331,0.548,0.121,0,0,0.29,10
13,2025-06-19,41.6,41.57,41.48,41.34,41.21,41.1,40.92,normal,normal,True,0.323,0.564,0.113,0,0,0.29,10
13,2025-06-20,41.62,41.56,41.4,41.24,41.1,40.95,40.79,normal,normal,True,0.307,0.557,0.135,0,0,0.29,10
13,2025-06-21,41.99,41.97,41.9,41.76,41.63,41.51,41.32,normal,normal,True,0.27,0.576,0.153,0,0,0.29,10
13,2025-06-22,42.11,42.1,42.04,41.91,41.78,41.67,41.48,normal,normal,True,0.27,0.585,0.145,0,0,0.29,10
13,2025-06-23,41.75,41.67,41.48,41.31,41.14,40.98,40.82,normal,normal,True,0.246,0.602,0.152,0,0,0.29,10
13,2025-06-24,37.23,37.18,36.95,36.82,36.67,36.53,36.43,normal,normal,True,0.218,0.622,0.16,0,0,0.57,6
13,2025-06-25,37.07,37.04,36.81,36.71,36.56,36.4,36.31,normal,normal,True,0.234,0.612,0.154,0,0,0.57,6
13,2025-06-26,37.53,37.47,37.3,37.16,37.02,36.88,36.78,normal,normal,True,0.259,0.61,0.132,0,0,0.29,10
13,2025-06-27,37.21,37.16,37.03,36.89,36.76,36.64,36.53,normal,normal,True,0.237,0.593,0.171,0,0,0.29,10
13,2025-06-28,37.11,37.05,36.92,36.77,36.64,36.52,36.41,normal,normal,True,0.217,0.608,0.176,0,0,0.29,10
13,2025-06-29,36.7,36.63,36.47,36.33,36.19,36.08,35.97,normal,normal,True,0.269,0.596,0.135,0,0,0.29,10
13,2025-06-30,36.86,36.8,36.65,36.5,36.37,36.24,36.14,normal,normal,True,0.265,0.616,0.119,0,0,0.29,10
13,2025-07-01,37.13,37.07,36.94,36.79,36.66,36.53,36.44,normal,normal,True,0.268,0.62,0.112,0,0,0.29,10
13,2025-07-02,37.15,37.1,36.98,36.84,36.71,36.57,36.48,normal,normal,True,0.263,0.615,0.122,0,0,0.29,10
13,2025-07-03,37.31,37.27,37.18,37.04,36.92,36.79,36.69,normal,normal,True,0.272,0.611,0.117,0,0,0.29,10
13,2025-07-04,37.07,37.01,36.9,36.75,36.62,36.49,36.39,normal,normal,True,0.265,0.615,0.12,0,0,0.29,10
13,2025-07-05,37.07,37.0,36.86,36.7,36.56,36.41,36.33,normal,normal,True,0.258,0.627,0.115,0,0,0.29,10
13,2025-07-06,33.94,33.9,33.75,33.63,33.51,33.38,33.34,normal,normal,True,0.254,0.625,0.121,0,0,0.57,6
13,2025-07-07,33.74,33.68,33.52,33.4,33.28,33.14,33.11,normal,normal,True,0.276,0.618,0.106,0,0,0.57,6
13,2025-07-08,34.07,34.01,33.91,33.77,33.66,33.52,33.48,normal,normal,True,0.263,0.62,0.117,0,0,0.29,10
13,2025-07-09,33.96,33.91,33.81,33.67,33.56,33.43,33.38,normal,normal,True,0.244,0.65,0.106,0,0,0.29,10
13,2025-07-10,33.89,33.84,33.74,33.6,33.49,33.36,33.32,normal,normal,True,0.238,0.652,0.111,0,0,0.29,10
13,2025-07-11,33.72,33.67,33.56,33.42,33.31,33.19,33.13,normal,normal,True,0.254,0.647,0.098,0,0,0.29,10
13,2025-07-12,33.77,33.72,33.61,33.48,33.36,33.23,33.18,normal,normal,True,0.248,0.654,0.098,0,0,0.29,10
13,2025-07-13,33.75,33.7,33.59,33.46,33.35,33.22,33.18,normal,normal,True,0.24,0.661,0.098,0,0,0.29,10
13,2025-07-14,33.76,33.71,33.61,33.48,33.37,33.24,33.2,normal,normal,True,0.248,0.648,0.103,0,0,0.29,10
13,2025-07-15,33.92,33.88,33.8,33.67,33.57,33.45,33.4,normal,normal,True,0.251,0.643,0.106,0,0,0.29,10
13,2025-07-16,33.73,33.68,33.58,33.45,33.34,33.22,33.17,normal,normal,True,0.239,0.669,0.092,0,0,0.29,10
13,2025-07-17,33.92,33.88,33.79,33.68,33.58,33.5,33.42,normal,normal,True,0.27,0.641,0.089,0,0,0.29,10
13,2025-07-18,40.9,40.86,40.79,40.62,40.48,40.33,40.17,normal,normal,True,0.279,0.637,0.084,0,0,0.57,6
13,2025-07-19,41.59,41.53,41.44,41.26,41.11,40.97,40.79,normal,normal,True,0.286,0.628,0.086,0,0,0.57,6
13,2025-07-20,40.51,40.43,40.27,40.1,39.94,39.79,39.65,normal,normal,True,0.266,0.645,0.089,0,0,0.29,10
13,2025-07-21,40.94,40.89,40.75,40.6,40.46,40.34,40.17,normal,normal,True,0.312,0.604,0.085,0,0,0.29,10
13,2025-07-22,40.64,40.57,40.43,40.27,40.12,39.99,39.83,normal,normal,True,0.304,0.607,0.089,0,0,0.29,10
13,2025-07-23,40.82,40.75,40.59,40.44,40.29,40.17,40.0,normal,normal,True,0.315,0.595,0.09,0,0,0.29,10
13,2025-07-24,40.61,40.55,40.39,40.24,40.09,39.97,39.81,normal,normal,True,0.312,0.595,0.093,0,0,0.29,10
13,2025-07-25,41.3,41.23,41.08,40.92,40.77,40.63,40.47,normal,normal,True,0.347,0.562,0.09,0,0,0.29,10
13,2025-07-26,41.26,41.2,41.07,40.92,40.77,40.64,40.48,normal,normal,True,0.33,0.56,0.11,0,0,0.29,10
13,2025-07-27,41.38,41.32,41.18,41.03,40.89,40.76,40.59,normal,normal,True,0.351,0.541,0.108,0,0,0.29,10
13,2025-07-28,41.62,41.56,41.45,41.28,41.13,40.99,40.83,normal,normal,True,0.315,0.558,0.126,0,0,0.29,10
13,2025-07-29,41.6,41.52,41.36,41.18,41.02,40.86,40.72,normal,normal,True,0.319,0.56,0.121,0,0,0.29,10
13,2025-07-30,48.02,47.96,47.83,47.62,47.42,47.22,46.98,normal,normal,True,0.294,0.568,0.137,0,0,0.57,6
13,2025-07-31,48.7,48.64,48.52,48.32,48.11,47.91,47.67,normal,normal,True,0.318,0.566,0.116,0,0,0.57,6
13,2025-08-01,47.52,47.43,47.19,46.98,46.76,46.54,46.32,normal,normal,True,0.295,0.556,0.148,0,0,0.29,10
13,2025-08-02,47.32,47.21,46.96,46.75,46.53,46.34,46.1,normal,normal,True,0.298,0.568,0.134,0,0,0.29,10
13,2025-08-03,46.82,46.7,46.43,46.22,46.0,45.82,45.58,normal,normal,True,0.276,0.578,0.146,0,0,0.29,10
13,2025-08-04,46.35,46.2,45.88,45.67,45.45,45.27,45.03,normal,normal,True,0.316,0.566,0.118,0,0,0.29,10
13,2025-08-05,46.93,46.83,46.6,46.41,46.21,46.04,45.8,normal,normal,True,0.286,0.578,0.136,0,0,0.29,10
13,2025-08-06,46.69,46.58,46.34,46.14,45.94,45.77,45.55,normal,normal,True,0.306,0.582,0.112,0,0,0.29,10
13,2025-08-07,47.19,47.1,46.92,46.72,46.53,46.35,46.12,normal,normal,True,0.303,0.591,0.106,0,0,0.29,10
13,2025-08-08,47.41,47.37,47.25,47.08,46.9,46.75,46.51,normal,normal,True,0.306,0.594,0.1,0,0,0.29,10
13,2025-08-09,47.57,47.5,47.33,47.14,46.95,46.78,46.54,normal,normal,True,0.335,0.582,0.083,0,0,0.29,10
13,2025-08-10,47.46,47.38,47.21,47.01,46.82,46.65,46.41,normal,normal,True,0.339,0.567,0.095,0,0,0.29,10
13,2025-08-11,40.77,40.74,40.48,40.37,40.19,40.02,39.88,normal,normal,True,0.36,0.561,0.079,0,0,0.57,6
13,2025-08-12,40.24,40.21,39.92,39.82,39.64,39.47,39.33,normal,normal,True,0.328,0.569,0.104,0,0,0.57,6
13,2025-08-13,41.1,41.01,40.82,40.65,40.49,40.34,40.19,normal,normal,True,0.373,0.54,0.086,0,0,0.29,10
13,2025-08-14,40.99,40.93,40.75,40.6,40.45,40.31,40.15,normal,normal,True,0.331,0.537,0.132,0,0,0.29,10
13,2025-08-15,40.92,40.85,40.69,40.53,40.38,40.24,40.09,normal,normal,True,0.362,0.525,0.113,0,0,0.29,10
13,2025-08-16,40.98,40.92,40.78,40.61,40.47,40.33,40.18,normal,normal,True,0.314,0.524,0.162,0,0,0.29,10
13,2025-08-17,40.93,40.86,40.7,40.54,40.38,40.25,40.1,normal,normal,True,0.355,0.511,0.134,0,0,0.29,10
13,2025-08-18,40.95,40.89,40.72,40.56,40.4,40.26,40.11,normal,normal,True,0.323,0.51,0.167,0,0,0.29,10
13,2025-08-19,41.29,41.23,41.1,40.94,40.79,40.65,40.5,normal,normal,True,0.307,0.495,0.198,0,0,0.29,10
13,2025-08-20,41.26,41.18,41.03,40.85,40.69,40.51,40.39,normal,normal,True,0.271,0.523,0.205,0,0,0.29,10
13,2025-08-21,41.18,41.1,40.94,40.76,40.59,40.42,40.29,normal,normal,True,0.295,0.502,0.203,0,0,0.29,10
13,2025-08-22,41.23,41.17,41.02,40.85,40.69,40.53,40.38,normal,normal,True,0.302,0.519,0.178,0,0,0.29,10
13,2025-08-23,45.95,45.89,45.77,45.58,45.4,45.22,45.01,normal,normal,True,0.27,0.505,0.225,0,0,0.57,6
13,2025-08-24,45.63,45.54,45.39,45.18,44.99,44.81,44.61,normal,normal,True,0.236,0.536,0.227,0,0,0.57,6
13,2025-08-25,45.15,45.02,44.79,44.57,44.35,44.14,43.97,normal,normal,True,0.252,0.531,0.218,0,0,0.29,10
13,2025-08-26,44.79,44.68,44.43,44.21,44.0,43.8,43.62,normal,normal,True,0.271,0.572,0.157,0,0,0.29,10
13,2025-08-27,45.04,44.92,44.68,44.46,44.25,44.05,43.88,normal,normal,True,0.251,0.549,0.2,0,0,0.29,10
13,2025-08-28,45.26,45.17,45.0,44.81,44.62,44.44,44.25,normal,normal,True,0.223,0.6,0.177,0,0,0.29,10
13,2025-08-29,44.62,44.52,44.3,44.09,43.89,43.7,43.53,normal,normal,True,0.278,0.554,0.169,0,0,0.29,10
13,2025-08-30,44.63,44.51,44.3,44.09,43.88,43.69,43.52,normal,normal,True,0.285,0.601,0.114,0,0,0.29,10
13,2025-08-31,44.76,44.67,44.47,44.27,44.08,43.91,43.73,normal,normal,True,0.307,0.524,0.169,0,0,0.29,10
14,2025-03-01,62.69,62.55,62.23,61.94,61.65,61.4,60.97,overflow,normal,False,0.243,0.734,0.022,0,7,0.29,10
14,2025-03-02,63.33,63.22,62.94,62.66,62.38,62.14,61.69,overflow,normal,False,0.306,0.667,0.027,0,7,0.29,10
14,2025-03-03,63.16,63.05,62.75,62.47,62.18,61.92,61.49,overflow,normal,False,0.324,0.651,0.025,0,7,0.29,10
14,2025-03-04,63.19,63.07,62.76,62.46,62.16,61.88,61.47,overflow,normal,False,0.308,0.665,0.027,0,7,0.29,10
14,2025-03-05,63.03,62.92,62.65,62.36,62.07,61.79,61.39,overflow,normal,False,0.308,0.663,0.029,0,7,0.29,10
14,2025-03-06,63.0,62.86,62.53,62.24,61.93,61.64,61.25,overflow,normal,False,0.338,0.631,0.031,0,7,0.29,10
14,2025-03-07,62.89,62.76,62.44,62.14,61.84,61.55,61.17,overflow,normal,False,0.339,0.632,0.028,0,7,0.29,10
14,2025-03-08,63.82,63.69,63.38,63.07,62.76,62.47,62.08,overflow,normal,False,0.325,0.645,0.03,0,7,0.57,6
14,2025-03-09,63.72,63.58,63.25,62.95,62.64,62.35,61.95,overflow,normal,False,0.339,0.63,0.031,0,7,0.57,6
14,2025-03-10,63.51,63.38,63.04,62.75,62.44,62.15,61.76,overflow,normal,False,0.353,0.615,0.032,0,7,0.29,10
14,2025-03-11,63.91,63.84,63.54,63.28,62.99,62.75,62.3,overflow,normal,False,0.372,0.598,0.03,0,7,0.29,10
14,2025-03-12,64.57,64.55,64.35,64.12,63.86,63.67,63.16,overflow,normal,False,0.324,0.628,0.048,0,7,0.29,10
14,2025-03-13,64.28,64.21,63.95,63.68,63.38,63.12,62.68,overflow,normal,False,0.337,0.633,0.03,0,7,0.29,10
14,2025-03-14,64.4,64.32,64.05,63.77,63.47,63.18,62.74,overflow,normal,False,0.318,0.65,0.032,0,7,0.29,10
14,2025-03-15,63.73,63.64,63.31,63.02,62.7,62.38,61.97,overflow,normal,False,0.34,0.628,0.032,0,7,0.29,10
14,2025-03-16,64.4,64.29,63.92,63.64,63.32,63.01,62.59,overflow,normal,False,0.335,0.626,0.039,0,7,0.29,10
14,2025-03-17,64.24,64.17,63.88,63.63,63.34,63.08,62.63,overflow,normal,False,0.34,0.63,0.03,0,7,0.29,10
14,2025-03-18,64.42,64.33,64.02,63.75,63.44,63.17,62.74,overflow,normal,False,0.281,0.692,0.028,0,7,0.29,10
14,2025-03-19,64.22,64.1,63.82,63.51,63.2,62.92,62.51,overflow,normal,False,0.351,0.618,0.032,0,7,0.29,10
14,2025-03-20,65.37,65.25,64.98,64.68,64.39,64.11,63.68,overflow,normal,False,0.337,0.63,0.033,0,7,0.57,6
14,2025-03-21,65.19,65.03,64.7,64.37,64.04,63.73,63.31,overflow,normal,False,0.334,0.63,0.037,0,7,0.57,6
14,2025-03-22,65.66,65.53,65.19,64.87,64.54,64.23,63.81,overflow,normal,False,0.276,0.695,0.029,0,7,0.29,10
14,2025-03-23,65.17,65.1,64.77,64.5,64.18,63.87,63.44,overflow,normal,False,0.405,0.557,0.037,0,7,0.29,10
14,2025-03-24,65.08,65.01,64.65,64.39,64.05,63.72,63.3,overflow,normal,False,0.333,0.622,0.045,0,7,0.29,10
14,2025-03-25,64.93,64.81,64.48,64.19,63.87,63.56,63.14,overflow,normal,False,0.405,0.542,0.053,0,7,0.29,10
14,2025-03-26,64.63,64.47,64.08,63.76,63.42,63.1,62.69,overflow,normal,False,0.411,0.555,0.034,0,7,0.29,10
14,2025-03-27,64.62,64.47,64.09,63.77,63.43,63.1,62.7,overflow,normal,False,0.476,0.486,0.038,0,7,0.29,10
14,2025-03-28,64.58,64.43,64.06,63.75,63.41,63.1,62.69,overflow,normal,False,0.408,0.553,0.038,0,7,0.29,10
14,2025-03-29,64.34,64.25,63.88,63.6,63.26,62.93,62.52,overflow,normal,False,0.476,0.485,0.038,0,7,0.29,10
14,2025-03-30,64.52,64.41,64.09,63.79,63.46,63.14,62.74,overflow,normal,False,0.448,0.507,0.045,0,7,0.29,10
14,2025-03-31,64.48,64.35,64.03,63.72,63.39,63.08,62.67,overflow,drought,False,0.524,0.441,0.035,0,7,0.29,10
14,2025-04-01,63.8,63.7,63.35,63.06,62.73,62.41,62.01,overflow,drought,False,0.48,0.475,0.045,0,7,0.57,6
14,2025-04-02,63.91,63.82,63.5,63.23,62.92,62.63,62.2,overflow,drought,False,0.535,0.429,0.036,0,7,0.57,6
14,2025-04-03,63.85,63.73,63.41,63.13,62.81,62.53,62.09,overflow,drought,False,0.554,0.412,0.034,0,7,0.29,10
14,2025-04-04,64.73,64.64,64.38,64.12,63.82,63.56,63.09,overflow,drought,False,0.544,0.42,0.035,0,7,0.29,10
14,2025-04-05,65.42,65.35,65.16,64.89,64.61,64.37,63.89,overflow,drought,False,0.497,0.458,0.044,0,7,0.29,10
14,2025-04-06,64.96,64.8,64.5,64.18,63.86,63.58,63.13,overflow,drought,False,0.538,0.428,0.034,0,7,0.29,10
14,2025-04-07,66.16,66.06,65.86,65.57,65.27,65.0,64.53,overflow,normal,False,0.469,0.492,0.04,0,7,0.29,10
14,2025-04-08,65.09,64.95,64.63,64.31,63.98,63.68,63.25,overflow,drought,False,0.484,0.482,0.034,0,7,0.29,10
14,2025-04-09,65.42,65.27,64.88,64.55,64.2,63.86,63.44,overflow,normal,False,0.479,0.484,0.036,0,7,0.29,10
14,2025-04-10,64.59,64.46,64.1,63.79,63.46,63.15,62.75,overflow,drought,False,0.523,0.452,0.025,0,7,0.29,10
14,2025-04-11,64.47,64.31,63.84,63.53,63.19,62.86,62.46,overflow,normal,False,0.483,0.49,0.027,0,7,0.29,10
14,2025-04-12,64.06,63.9,63.51,63.2,62.87,62.57,62.17,overflow,normal,False,0.482,0.491,0.027,0,7,0.29,10
14,2025-04-13,60.88,60.73,60.31,60.02,59.71,59.43,59.08,overflow,normal,False,0.452,0.52,0.029,0,7,0.57,6
14,2025-04-14,60.34,60.28,59.89,59.66,59.35,59.06,58.69,overflow,normal,False,0.484,0.491,0.026,0,7,0.57,6
14,2025-04-15,61.08,60.99,60.71,60.45,60.17,59.91,59.52,overflow,normal,False,0.441,0.531,0.028,0,7,0.29,10
14,2025-04-16,61.08,61.03,60.77,60.53,60.25,59.98,59.59,overflow,normal,False,0.428,0.536,0.037,0,7,0.29,10
14,2025-04-17,61.41,61.4,61.14,60.93,60.64,60.37,59.96,overflow,normal,False,0.402,0.542,0.055,0,7,0.29,10
14,2025-04-18,60.9,60.82,60.54,60.28,59.99,59.7,59.32,overflow,normal,False,0.413,0.539,0.048,0,7,0.29,10
14,2025-04-19,61.23,61.14,60.83,60.58,60.28,59.98,59.59,overflow,normal,False,0.399,0.562,0.04,0,7,0.29,10
14,2025-04-20,60.91,60.83,60.5,60.25,59.94,59.64,59.25,overflow,normal,False,0.465,0.501,0.035,0,7,0.29,10
14,2025-04-21,60.88,60.75,60.38,60.1,59.78,59.46,59.09,overflow,normal,False,0.466,0.501,0.033,0,7,0.29,10
14,2025-04-22,61.01,60.88,60.58,60.3,60.0,59.72,59.33,overflow,drought,False,0.509,0.461,0.029,0,7,0.29,10
14,2025-04-23,60.87,60.73,60.39,60.11,59.8,59.52,59.13,overflow,drought,False,0.495,0.475,0.03,0,7,0.29,10
14,2025-04-24,60.63,60.48,60.14,59.85,59.53,59.25,58.86,overflow,drought,False,0.524,0.448,0.028,0,7,0.29,10
14,2025-04-25,62.04,61.91,61.6,61.3,60.99,60.71,60.31,overflow,drought,False,0.523,0.45,0.027,0,7,0.57,6
14,2025-04-26,62.37,62.24,61.91,61.62,61.31,61.02,60.61,overflow,drought,False,0.533,0.441,0.026,0,7,0.57,6
14,2025-04-27,62.2,62.08,61.75,61.47,61.16,60.87,60.46,overflow,drought,False,0.539,0.438,0.024,0,7,0.29,10
14,2025-04-28,62.39,62.28,61.98,61.71,61.41,61.14,60.73,overflow,drought,False,0.537,0.44,0.024,0,7,0.29,10
14,2025-04-29,62.89,62.81,62.56,62.3,62.01,61.76,61.33,overflow,drought,False,0.521,0.454,0.025,0,7,0.29,10
14,2025-04-30,63.22,63.11,62.87,62.6,62.32,62.08,61.63,overflow,drought,False,0.522,0.454,0.024,0,7,0.29,10
14,2025-05-01,63.14,63.02,62.76,62.48,62.19,61.95,61.5,overflow,drought,False,0.531,0.447,0.023,0,7,0.29,10
14,2025-05-02,63.16,63.04,62.73,62.43,62.12,61.83,61.41,overflow,drought,False,0.51,0.468,0.022,0,7,0.29,10
14,2025-05-03,63.11,62.98,62.64,62.35,62.03,61.72,61.32,overflow,drought,False,0.508,0.47,0.022,0,7,0.29,10
14,2025-05-04,62.48,62.35,61.96,61.67,61.34,61.02,60.63,overflow,drought,False,0.497,0.481,0.023,0,7,0.29,10
14,2025-05-05,62.66,62.54,62.17,61.88,61.55,61.22,60.84,overflow,normal,False,0.472,0.504,0.024,0,7,0.29,10
14,2025-05-06,63.34,63.26,62.98,62.71,62.41,62.12,61.72,overflow,normal,False,0.448,0.526,0.027,0,7,0.29,10
14,2025-05-07,64.16,64.04,63.74,63.44,63.13,62.84,62.42,overflow,drought,False,0.489,0.486,0.024,0,7,0.57,6
14,2025-05-08,64.14,64.0,63.7,63.4,63.09,62.8,62.37,overflow,drought,False,0.496,0.481,0.022,0,7,0.57,6
14,2025-05-09,63.59,63.44,63.09,62.78,62.45,62.15,61.74,overflow,normal,False,0.487,0.488,0.025,0,7,0.29,10
14,2025-05-10,63.75,63.62,63.2,62.89,62.54,62.21,61.81,overflow,normal,False,0.469,0.505,0.026,0,7,0.29,10
14,2025-05-11,63.59,63.5,63.13,62.86,62.52,62.19,61.79,overflow,drought,False,0.496,0.479,0.025,0,7,0.29,10
14,2025-05-12,63.62,63.55,63.2,62.94,62.61,62.28,61.87,overflow,normal,False,0.482,0.491,0.027,0,7,0.29,10
14,2025-05-13,63.35,63.27,62.94,62.67,62.34,62.02,61.61,overflow,normal,False,0.481,0.482,0.037,0,7,0.29,10
14,2025-05-14,63.13,62.99,62.64,62.33,61.99,61.67,61.29,overflow,drought,False,0.486,0.484,0.031,0,7,0.29,10
14,2025-05-15,63.09,62.93,62.57,62.26,61.92,61.6,61.21,overflow,drought,False,0.52,0.452,0.027,0,7,0.29,10
14,2025-05-16,62.89,62.76,62.37,62.07,61.72,61.38,60.99,overflow,drought,False,0.529,0.446,0.025,0,7,0.29,10
14,2025-05-17,62.88,62.74,62.37,62.07,61.73,61.4,61.01,overflow,drought,False,0.547,0.429,0.024,0,7,0.29,10
14,2025-05-18,62.94,62.84,62.51,62.25,61.94,61.68,61.23,overflow,drought,False,0.585,0.393,0.022,0,7,0.29,10
14,2025-05-19,58.96,58.87,58.48,58.26,57.95,57.69,57.3,overflow,drought,False,0.574,0.404,0.022,0,5,0.57,6
14,2025-05-20,58.89,58.79,58.42,58.19,57.89,57.65,57.25,overflow,drought,False,0.556,0.42,0.024,0,5,0.57,6
14,2025-05-21,58.53,58.38,58.02,57.74,57.43,57.14,56.78,overflow,drought,False,0.543,0.433,0.025,0,4,0.29,10
14,2025-05-22,59.61,59.49,59.18,58.91,58.62,58.35,57.96,overflow,drought,False,0.538,0.44,0.022,0,7,0.29,10
14,2025-05-23,59.02,58.93,58.65,58.39,58.11,57.83,57.47,overflow,drought,False,0.534,0.444,0.022,0,6,0.29,10
14,2025-05-24,59.99,59.89,59.63,59.36,59.09,58.81,58.44,overflow,drought,False,0.506,0.472,0.022,0,7,0.29,10
14,2025-05-25,59.45,59.38,59.17,58.92,58.66,58.43,58.03,overflow,drought,False,0.53,0.449,0.021,0,7,0.29,10
14,2025-05-26,59.15,59.01,58.67,58.39,58.09,57.83,57.45,overflow,drought,False,0.518,0.461,0.021,0,6,0.29,10
14,2025-05-27,59.63,59.53,59.23,58.97,58.68,58.4,58.02,overflow,drought,False,0.513,0.465,0.022,0,7,0.29,10
14,2025-05-28,59.44,59.32,58.97,58.71,58.41,58.12,57.76,overflow,drought,False,0.491,0.487,0.022,0,7,0.29,10
14,2025-05-29,59.79,59.69,59.36,59.09,58.78,58.45,58.1,overflow,drought,False,0.501,0.479,0.02,0,7,0.29,10
14,2025-05-30,59.93,59.84,59.58,59.31,59.01,58.72,58.36,overflow,normal,False,0.485,0.49,0.025,0,7,0.29,10
14,2025-05-31,49.32,49.33,48.97,48.85,48.62,48.39,48.14,normal,drought,False,0.516,0.458,0.026,0,0,0.57,6
14,2025-06-01,48.39,48.38,48.01,47.87,47.63,47.39,47.16,normal,drought,False,0.506,0.468,0.026,0,0,0.57,6
14,2025-06-02,49.22,49.12,48.84,48.63,48.4,48.18,47.93,normal,drought,False,0.503,0.47,0.026,0,0,0.29,10
14,2025-06-03,49.02,48.92,48.63,48.41,48.17,47.93,47.69,normal,drought,False,0.534,0.443,0.023,0,0,0.29,10
14,2025-06-04,49.84,49.77,49.56,49.36,49.15,48.93,48.66,normal,drought,False,0.535,0.443,0.022,0,0,0.29,10
14,2025-06-05,49.56,49.49,49.28,49.08,48.87,48.65,48.4,normal,drought,False,0.548,0.428,0.024,0,0,0.29,10
14,2025-06-06,49.55,49.49,49.27,49.07,48.86,48.64,48.37,normal,drought,False,0.528,0.449,0.023,0,0,0.29,10
14,2025-06-07,49.34,49.26,49.05,48.84,48.63,48.41,48.16,normal,drought,False,0.534,0.443,0.024,0,0,0.29,10
14,2025-06-08,49.59,49.48,49.22,49.0,48.77,48.53,48.29,normal,drought,False,0.546,0.43,0.024,0,0,0.29,10
14,2025-06-09,49.44,49.35,49.1,48.89,48.66,48.41,48.18,normal,drought,False,0.561,0.413,0.027,0,0,0.29,10
14,2025-06-10,49.56,49.47,49.23,49.02,48.79,48.56,48.32,normal,drought,False,0.554,0.42,0.026,0,0,0.29,10
14,2025-06-11,49.34,49.27,49.03,48.84,48.63,48.44,48.17,normal,drought,False,0.576,0.398,0.025,0,0,0.29,10
14,2025-06-12,57.32,57.23,57.04,56.79,56.54,56.31,55.93,normal,drought,False,0.589,0.387,0.024,0,0,0.57,6
14,2025-06-13,58.33,58.24,58.05,57.78,57.52,57.25,56.89,overflow,drought,False,0.557,0.415,0.028,0,4,0.57,6
14,2025-06-14,57.21,57.11,56.81,56.56,56.28,56.02,55.68,normal,drought,False,0.578,0.394,0.028,0,0,0.29,10
14,2025-06-15,57.38,57.28,57.01,56.78,56.52,56.29,55.91,normal,drought,False,0.581,0.394,0.025,0,0,0.29,10
14,2025-06-16,57.33,57.22,56.96,56.72,56.47,56.25,55.87,normal,drought,False,0.581,0.393,0.025,0,0,0.29,10
14,2025-06-17,57.31,57.21,56.93,56.69,56.44,56.23,55.85,normal,drought,False,0.557,0.418,0.025,0,0,0.29,10
14,2025-06-18,56.85,56.76,56.46,56.22,55.96,55.72,55.36,normal,drought,False,0.556,0.417,0.027,0,0,0.29,10
14,2025-06-19,58.01,57.92,57.67,57.42,57.16,56.9,56.55,overflow,drought,False,0.511,0.462,0.027,0,2,0.29,10
14,2025-06-20,58.16,58.09,57.87,57.62,57.37,57.1,56.76,overflow,normal,False,0.483,0.487,0.03,0,3,0.29,10
14,2025-06-21,57.91,57.82,57.57,57.32,57.06,56.79,56.44,overflow,normal,False,0.484,0.49,0.026,0,2,0.29,10
14,2025-06-22,57.93,57.85,57.62,57.37,57.11,56.86,56.5,overflow,drought,False,0.487,0.485,0.027,0,2,0.29,10
14,2025-06-23,57.83,57.72,57.41,57.15,56.86,56.58,56.24,overflow,normal,False,0.482,0.492,0.026,0,2,0.29,10
14,2025-06-24,55.74,55.66,55.3,55.07,54.78,54.49,54.18,normal,normal,True,0.434,0.535,0.031,0,0,0.57,6
14,2025-06-25,55.62,55.54,55.22,54.99,54.71,54.42,54.12,normal,drought,False,0.492,0.481,0.027,0,0,0.57,6
14,2025-06-26,55.87,55.77,55.46,55.22,54.95,54.66,54.35,normal,drought,False,0.521,0.453,0.026,0,0,0.29,10
14,2025-06-27,55.5,55.4,55.09,54.85,54.58,54.31,53.99,normal,drought,False,0.508,0.461,0.031,0,0,0.29,10
14,2025-06-28,55.38,55.26,54.95,54.7,54.42,54.15,53.84,normal,normal,True,0.467,0.497,0.036,0,0,0.29,10
14,2025-06-29,55.25,55.16,54.85,54.62,54.35,54.09,53.76,normal,drought,False,0.522,0.447,0.031,0,0,0.29,10
14,2025-06-30,54.99,54.89,54.56,54.32,54.04,53.76,53.45,normal,drought,False,0.54,0.429,0.031,0,0,0.29,10
14,2025-07-01,55.88,55.78,55.52,55.27,55.0,54.73,54.42,normal,drought,False,0.534,0.436,0.03,0,0,0.29,10
14,2025-07-02,55.73,55.64,55.4,55.15,54.89,54.61,54.31,normal,drought,False,0.549,0.421,0.029,0,0,0.29,10
14,2025-07-03,55.82,55.7,55.45,55.19,54.92,54.63,54.33,normal,drought,False,0.54,0.43,0.031,0,0,0.29,10
14,2025-07-04,55.42,55.3,55.04,54.77,54.5,54.22,53.92,normal,drought,False,0.564,0.406,0.031,0,0,0.29,10
14,2025-07-05,55.48,55.35,55.03,54.76,54.46,54.16,53.88,normal,drought,False,0.539,0.429,0.031,0,0,0.29,10
14,2025-07-06,59.01,58.88,58.59,58.3,57.99,57.68,57.34,overflow,drought,False,0.561,0.407,0.032,0,5,0.57,6
14,2025-07-07,59.18,59.05,58.77,58.48,58.17,57.86,57.53,overflow,drought,False,0.555,0.411,0.033,0,6,0.57,6
14,2025-07-08,59.03,58.89,58.58,58.29,57.97,57.65,57.33,overflow,drought,False,0.565,0.4,0.035,0,5,0.29,10
14,2025-07-09,58.9,58.77,58.46,58.16,57.84,57.52,57.2,overflow,drought,False,0.537,0.425,0.038,0,5,0.29,10
14,2025-07-10,58.56,58.41,58.08,57.78,57.46,57.14,56.82,overflow,drought,False,0.542,0.418,0.04,0,4,0.29,10
14,2025-07-11,58.45,58.33,57.99,57.7,57.38,57.07,56.73,overflow,drought,False,0.554,0.404,0.042,0,4,0.29,10
14,2025-07-12,58.51,58.39,58.06,57.78,57.46,57.14,56.81,overflow,drought,False,0.557,0.403,0.04,0,4,0.29,10
14,2025-07-13,58.71,58.59,58.28,58.0,57.69,57.38,57.04,overflow,drought,False,0.524,0.433,0.044,0,4,0.29,10
14,2025-07-14,58.53,58.4,58.09,57.81,57.5,57.19,56.87,overflow,drought,False,0.544,0.412,0.045,0,4,0.29,10
14,2025-07-15,58.72,58.58,58.28,58.0,57.69,57.39,57.05,overflow,drought,False,0.534,0.422,0.044,0,4,0.29,10
14,2025-07-16,58.49,58.35,58.04,57.74,57.43,57.12,56.79,overflow,drought,False,0.53,0.43,0.041,0,4,0.29,10
14,2025-07-17,58.48,58.34,58.0,57.72,57.42,57.14,56.79,overflow,drought,False,0.556,0.409,0.034,0,4,0.29,10
14,2025-07-18,56.98,56.87,56.52,56.26,55.96,55.67,55.34,normal,drought,False,0.575,0.391,0.034,0,0,0.57,6
14,2025-07-19,57.26,57.15,56.8,56.54,56.25,55.97,55.63,normal,drought,False,0.566,0.406,0.028,0,0,0.57,6
14,2025-07-20,57.13,57.02,56.72,56.46,56.18,55.9,55.57,normal,drought,False,0.548,0.419,0.033,0,0,0.29,10
14,2025-07-21,57.61,57.5,57.22,56.97,56.7,56.45,56.09,normal,drought,False,0.569,0.405,0.026,0,0,0.29,10
14,2025-07-22,57.36,57.26,56.99,56.74,56.47,56.21,55.86,normal,drought,False,0.576,0.395,0.029,0,0,0.29,10
14,2025-07-23,57.7,57.59,57.31,57.05,56.78,56.52,56.17,overflow,drought,False,0.559,0.415,0.026,0,1,0.29,10
14,2025-07-24,57.52,57.43,57.16,56.92,56.65,56.38,56.04,normal,drought,False,0.559,0.412,0.029,0,0,0.29,10
14,2025-07-25,57.84,57.73,57.43,57.17,56.89,56.62,56.28,overflow,drought,False,0.562,0.411,0.027,0,2,0.29,10
14,2025-07-26,58.12,58.03,57.77,57.53,57.26,56.99,56.64,overflow,drought,False,0.554,0.414,0.031,0,3,0.29,10
14,2025-07-27,57.96,57.85,57.57,57.32,57.05,56.78,56.44,overflow,drought,False,0.555,0.415,0.03,0,2,0.29,10
14,2025-07-28,58.33,58.24,57.98,57.72,57.44,57.15,56.82,overflow,drought,False,0.53,0.437,0.033,0,4,0.29,10
14,2025-07-29,58.6,58.5,58.25,57.98,57.7,57.42,57.09,overflow,drought,False,0.53,0.436,0.033,0,5,0.29,10
14,2025-07-30,53.8,53.75,53.42,53.22,52.94,52.65,52.38,normal,drought,False,0.52,0.442,0.037,0,0,0.57,6
14,2025-07-31,53.67,53.62,53.31,53.1,52.83,52.55,52.27,normal,drought,False,0.527,0.438,0.035,0,0,0.57,6
14,2025-08-01,53.91,53.82,53.54,53.3,53.04,52.77,52.48,normal,drought,False,0.525,0.434,0.041,0,0,0.29,10
14,2025-08-02,53.73,53.63,53.33,53.1,52.84,52.59,52.28,normal,drought,False,0.535,0.425,0.039,0,0,0.29,10
14,2025-08-03,53.17,53.04,52.73,52.49,52.24,52.0,51.69,normal,drought,False,0.537,0.419,0.044,0,0,0.29,10
14,2025-08-04,52.79,52.64,52.27,52.04,51.78,51.54,51.23,normal,drought,False,0.564,0.398,0.037,0,0,0.29,10
14,2025-08-05,53.5,53.4,53.13,52.9,52.66,52.44,52.12,normal,drought,False,0.532,0.426,0.042,0,0,0.29,10
14,2025-08-06,53.22,53.1,52.81,52.57,52.32,52.1,51.8,normal,drought,False,0.544,0.422,0.034,0,0,0.29,10
14,2025-08-07,53.7,53.61,53.39,53.15,52.92,52.68,52.38,normal,drought,False,0.522,0.442,0.036,0,0,0.29,10
14,2025-08-08,53.86,53.82,53.65,53.43,53.22,53.0,52.69,normal,drought,False,0.539,0.434,0.027,0,0,0.29,10
14,2025-08-09,53.92,53.84,53.62,53.39,53.16,52.92,52.62,normal,drought,False,0.533,0.441,0.027,0,0,0.29,10
14,2025-08-10,53.7,53.62,53.39,53.16,52.93,52.7,52.4,normal,drought,False,0.554,0.421,0.025,0,0,0.29,10
14,2025-08-11,49.36,49.31,49.0,48.83,48.6,48.37,48.13,normal,drought,False,0.544,0.431,0.025,0,0,0.57,6
14,2025-08-12,49.03,48.99,48.66,48.5,48.27,48.03,47.8,normal,drought,False,0.546,0.43,0.024,0,0,0.57,6
14,2025-08-13,49.57,49.47,49.22,49.01,48.8,48.57,48.33,normal,drought,False,0.548,0.426,0.026,0,0,0.29,10
14,2025-08-14,49.43,49.36,49.12,48.92,48.71,48.49,48.24,normal,drought,False,0.556,0.416,0.028,0,0,0.29,10
14,2025-08-15,49.39,49.32,49.08,48.88,48.67,48.44,48.2,normal,drought,False,0.54,0.43,0.03,0,0,0.29,10
14,2025-08-16,49.49,49.41,49.19,48.98,48.77,48.56,48.32,normal,drought,False,0.516,0.447,0.037,0,0,0.29,10
14,2025-08-17,49.33,49.27,49.04,48.85,48.63,48.42,48.17,normal,drought,False,0.522,0.437,0.042,0,0,0.29,10
14,2025-08-18,49.31,49.24,49.0,48.8,48.59,48.38,48.13,normal,drought,False,0.535,0.424,0.041,0,0,0.29,10
14,2025-08-19,49.68,49.6,49.4,49.2,48.99,48.77,48.53,normal,drought,False,0.504,0.45,0.046,0,0,0.29,10
14,2025-08-20,49.96,49.88,49.68,49.46,49.24,49.0,48.78,normal,normal,True,0.465,0.487,0.048,0,0,0.29,10
14,2025-08-21,49.55,49.46,49.24,49.01,48.79,48.54,48.32,normal,drought,False,0.497,0.451,0.051,0,0,0.29,10
14,2025-08-22,49.6,49.53,49.31,49.1,48.87,48.63,48.39,normal,drought,False,0.528,0.423,0.049,0,0,0.29,10
14,2025-08-23,36.03,36.1,35.82,35.79,35.64,35.48,35.42,normal,normal,True,0.472,0.472,0.056,0,0,0.57,6
14,2025-08-24,34.19,34.22,33.88,33.83,33.69,33.52,33.49,normal,normal,True,0.458,0.481,0.061,0,0,0.57,6
14,2025-08-25,35.7,35.65,35.52,35.38,35.26,35.11,35.05,normal,drought,False,0.473,0.466,0.061,0,0,0.29,10
14,2025-08-26,35.52,35.48,35.36,35.23,35.12,34.98,34.9,normal,drought,False,0.535,0.412,0.053,0,0,0.29,10
14,2025-08-27,35.93,35.91,35.81,35.68,35.58,35.45,35.37,normal,drought,False,0.468,0.466,0.066,0,0,0.29,10
14,2025-08-28,35.87,35.85,35.78,35.66,35.56,35.44,35.36,normal,normal,True,0.465,0.477,0.057,0,0,0.29,10
14,2025-08-29,35.49,35.45,35.34,35.22,35.11,34.99,34.91,normal,drought,False,0.516,0.431,0.054,0,0,0.29,10
14,2025-08-30,35.62,35.59,35.49,35.37,35.26,35.13,35.06,normal,drought,False,0.575,0.384,0.041,0,0,0.29,10
14,2025-08-31,35.73,35.7,35.6,35.47,35.38,35.26,35.17,normal,drought,False,0.52,0.424,0.056,0,0,0.29,10
15,2025-03-01,48.39,48.26,48.03,47.82,47.62,47.48,47.21,overflow,normal,False,0.268,0.404,0.328,0,7,0.29,10
15,2025-03-02,49.16,49.07,48.92,48.72,48.54,48.42,48.13,overflow,drought,False,0.364,0.356,0.28,0,7,0.29,10
15,2025-03-03,48.9,48.79,48.59,48.38,48.19,48.05,47.78,overflow,drought,False,0.398,0.34,0.262,0,7,0.29,10
15,2025-03-04,48.98,48.86,48.65,48.44,48.24,48.07,47.82,overflow,drought,False,0.389,0.343,0.268,0,7,0.29,10
15,2025-03-05,49.05,48.97,48.82,48.62,48.44,48.28,48.03,overflow,drought,False,0.404,0.332,0.264,0,7,0.29,10
15,2025-03-06,49.23,49.12,48.92,48.7,48.5,48.32,48.08,overflow,drought,False,0.462,0.306,0.231,0,7,0.29,10
15,2025-03-07,49.13,49.03,48.84,48.63,48.43,48.26,48.02,overflow,drought,False,0.45,0.312,0.238,0,7,0.29,10
15,2025-03-08,40.53,40.5,40.22,40.12,39.94,39.81,39.67,normal,drought,False,0.427,0.322,0.25,0,0,0.57,6
15,2025-03-09,39.83,39.81,39.53,39.44,39.27,39.14,39.01,normal,drought,False,0.442,0.311,0.247,0,0,0.57,6
15,2025-03-10,40.64,40.55,40.39,40.23,40.09,39.97,39.83,normal,drought,False,0.462,0.291,0.247,0,0,0.29,10
15,2025-03-11,40.28,40.2,40.02,39.86,39.73,39.65,39.47,normal,drought,False,0.468,0.301,0.231,0,0,0.29,10
15,2025-03-12,41.28,41.25,41.18,41.06,40.96,40.94,40.69,normal,drought,False,0.467,0.289,0.243,0,0,0.29,10
15,2025-03-13,40.76,40.7,40.59,40.43,40.3,40.22,40.04,normal,drought,False,0.412,0.316,0.273,0,0,0.29,10
15,2025-03-14,40.21,40.08,39.9,39.71,39.55,39.43,39.28,normal,drought,False,0.417,0.315,0.268,0,0,0.29,10
15,2025-03-15,40.13,40.05,39.9,39.74,39.59,39.47,39.33,normal,drought,False,0.444,0.319,0.237,0,0,0.29,10
15,2025-03-16,41.13,41.07,40.93,40.78,40.66,40.55,40.39,normal,drought,False,0.506,0.283,0.212,0,0,0.29,10
15,2025-03-17,40.91,40.88,40.78,40.65,40.54,40.49,40.29,normal,drought,False,0.447,0.311,0.242,0,0,0.29,10
15,2025-03-18,41.25,41.23,41.18,41.05,40.94,40.88,40.69,normal,drought,False,0.38,0.355,0.265,0,0,0.29,10
15,2025-03-19,40.45,40.36,40.22,40.05,39.91,39.8,39.65,normal,drought,False,0.478,0.304,0.218,0,0,0.29,10
15,2025-03-20,32.98,32.89,32.64,32.53,32.42,32.35,32.29,normal,drought,False,0.493,0.303,0.204,0,0,0.57,6
15,2025-03-21,32.25,32.22,32.02,31.95,31.85,31.79,31.73,normal,drought,False,0.451,0.318,0.23,0,0,0.57,6
15,2025-03-22,33.29,33.25,33.14,33.02,32.94,32.87,32.81,normal,drought,False,0.401,0.351,0.248,0,0,0.29,10
15,2025-03-23,32.95,32.94,32.9,32.8,32.73,32.69,32.61,normal,drought,False,0.564,0.25,0.186,0,0,0.29,10
15,2025-03-24,33.07,33.04,32.98,32.86,32.78,32.72,32.66,normal,drought,False,0.498,0.287,0.215,0,0,0.29,10
15,2025-03-25,32.71,32.65,32.55,32.42,32.34,32.27,32.22,normal,drought,False,0.578,0.249,0.173,0,0,0.29,10
15,2025-03-26,32.44,32.38,32.27,32.14,32.06,31.99,31.94,normal,drought,False,0.591,0.246,0.163,0,0,0.29,10
15,2025-03-27,32.6,32.54,32.44,32.32,32.23,32.16,32.11,normal,drought,False,0.603,0.229,0.168,0,0,0.29,10
15,2025-03-28,32.24,32.17,32.05,31.92,31.82,31.75,31.72,normal,drought,False,0.572,0.25,0.178,0,0,0.29,10
15,2025-03-29,32.19,32.14,32.04,31.92,31.83,31.76,31.71,normal,drought,False,0.61,0.223,0.166,0,0,0.29,10
15,2025-03-30,32.45,32.42,32.36,32.24,32.16,32.09,32.05,normal,drought,False,0.579,0.237,0.184,0,0,0.29,10
15,2025-03-31,32.24,32.19,32.12,31.99,31.9,31.83,31.8,normal,drought,False,0.624,0.217,0.159,0,0,0.29,10
15,2025-04-01,33.94,33.89,33.84,33.71,33.61,33.53,33.47,normal,drought,False,0.595,0.229,0.176,0,0,0.57,6
15,2025-04-02,34.15,34.12,34.07,33.95,33.86,33.81,33.72,normal,drought,False,0.632,0.212,0.156,0,0,0.57,6
15,2025-04-03,33.64,33.58,33.47,33.34,33.25,33.2,33.11,normal,drought,False,0.634,0.207,0.159,0,0,0.29,10
15,2025-04-04,34.5,34.47,34.43,34.33,34.26,34.25,34.12,normal,drought,False,0.625,0.207,0.168,0,0,0.29,10
15,2025-04-05,35.05,35.05,35.07,34.99,34.93,34.94,34.8,normal,drought,False,0.592,0.214,0.194,0,0,0.29,10
15,2025-04-06,34.78,34.72,34.67,34.54,34.47,34.43,34.32,normal,drought,False,0.621,0.218,0.161,0,0,0.29,10
15,2025-04-07,36.18,36.22,36.29,36.22,36.17,36.16,36.02,normal,drought,False,0.582,0.228,0.19,0,0,0.29,10
15,2025-04-08,35.43,35.4,35.36,35.25,35.18,35.13,35.02,normal,drought,False,0.602,0.223,0.175,0,0,0.29,10
15,2025-04-09,35.66,35.58,35.47,35.32,35.22,35.13,35.04,normal,drought,False,0.612,0.223,0.165,0,0,0.29,10
15,2025-04-10,34.84,34.78,34.68,34.55,34.47,34.39,34.31,normal,drought,False,0.647,0.217,0.136,0,0,0.29,10
15,2025-04-11,35.02,34.93,34.75,34.62,34.52,34.44,34.35,normal,drought,False,0.635,0.226,0.139,0,0,0.29,10
15,2025-04-12,34.35,34.28,34.13,33.99,33.91,33.83,33.76,normal,drought,False,0.636,0.222,0.142,0,0,0.29,10
15,2025-04-13,38.91,38.84,38.74,38.57,38.46,38.36,38.25,normal,drought,False,0.628,0.229,0.143,0,0,0.57,6
15,2025-04-14,38.96,38.91,38.81,38.65,38.53,38.43,38.3,normal,drought,False,0.644,0.218,0.138,0,0,0.57,6
15,2025-04-15,38.91,38.87,38.76,38.62,38.5,38.42,38.28,normal,drought,False,0.643,0.226,0.132,0,0,0.29,10
15,2025-04-16,38.88,38.84,38.73,38.6,38.47,38.38,38.24,normal,drought,False,0.625,0.227,0.148,0,0,0.29,10
15,2025-04-17,39.02,38.98,38.87,38.73,38.6,38.51,38.36,normal,drought,False,0.598,0.229,0.173,0,0,0.29,10
15,2025-04-18,38.68,38.63,38.51,38.37,38.23,38.13,37.99,normal,drought,False,0.588,0.242,0.169,0,0,0.29,10
15,2025-04-19,39.02,38.94,38.79,38.64,38.49,38.38,38.24,normal,drought,False,0.587,0.252,0.161,0,0,0.29,10
15,2025-04-20,38.64,38.56,38.39,38.22,38.07,37.95,37.82,normal,drought,False,0.61,0.233,0.158,0,0,0.29,10
15,2025-04-21,38.62,38.52,38.35,38.17,38.02,37.89,37.76,normal,drought,False,0.603,0.23,0.166,0,0,0.29,10
15,2025-04-22,38.73,38.66,38.52,38.37,38.23,38.12,37.98,normal,drought,False,0.62,0.228,0.152,0,0,0.29,10
15,2025-04-23,38.43,38.33,38.17,38.01,37.87,37.76,37.63,normal,drought,False,0.609,0.234,0.157,0,0,0.29,10
15,2025-04-24,38.01,37.9,37.72,37.55,37.4,37.29,37.16,normal,drought,False,0.618,0.223,0.158,0,0,0.29,10
15,2025-04-25,39.21,39.12,38.95,38.78,38.63,38.52,38.38,normal,drought,False,0.618,0.226,0.156,0,0,0.57,6
15,2025-04-26,39.71,39.64,39.49,39.33,39.19,39.08,38.93,normal,drought,False,0.628,0.227,0.145,0,0,0.57,6
15,2025-04-27,39.55,39.48,39.34,39.18,39.04,38.94,38.79,normal,drought,False,0.63,0.223,0.147,0,0,0.29,10
15,2025-04-28,39.71,39.65,39.54,39.39,39.26,39.18,39.02,normal,drought,False,0.628,0.225,0.148,0,0,0.29,10
15,2025-04-29,40.33,40.29,40.22,40.09,39.97,39.91,39.72,normal,drought,False,0.612,0.233,0.155,0,0,0.29,10
15,2025-04-30,40.53,40.48,40.4,40.26,40.14,40.09,39.89,normal,drought,False,0.624,0.231,0.145,0,0,0.29,10
15,2025-05-01,40.74,40.69,40.6,40.46,40.34,40.28,40.07,normal,drought,False,0.634,0.224,0.142,0,0,0.29,10
15,2025-05-02,40.86,40.79,40.67,40.5,40.37,40.26,40.08,normal,drought,False,0.641,0.223,0.136,0,0,0.29,10
15,2025-05-03,40.29,40.19,39.99,39.82,39.66,39.53,39.38,normal,drought,False,0.639,0.224,0.137,0,0,0.29,10
15,2025-05-04,40.07,39.96,39.76,39.59,39.43,39.3,39.16,normal,drought,False,0.643,0.225,0.132,0,0,0.29,10
15,2025-05-05,40.33,40.25,40.06,39.89,39.73,39.59,39.46,normal,drought,False,0.63,0.228,0.142,0,0,0.29,10
15,2025-05-06,40.77,40.71,40.58,40.43,40.28,40.17,40.02,normal,drought,False,0.627,0.23,0.143,0,0,0.29,10
15,2025-05-07,26.86,26.79,26.51,26.44,26.36,26.31,26.32,normal,drought,False,0.634,0.225,0.141,0,0,0.57,6
15,2025-05-08,25.19,25.06,24.75,24.66,24.58,24.54,24.54,normal,drought,False,0.649,0.223,0.128,0,0,0.57,6
15,2025-05-09,27.22,27.19,27.16,27.07,27.03,27.02,27.03,normal,drought,False,0.636,0.221,0.143,0,0,0.29,10
15,2025-05-10,27.36,27.33,27.27,27.17,27.13,27.1,27.11,normal,drought,False,0.622,0.228,0.149,0,0,0.29,10
15,2025-05-11,27.33,27.31,27.27,27.18,27.14,27.11,27.13,normal,drought,False,0.622,0.228,0.15,0,0,0.29,10
15,2025-05-12,27.18,27.17,27.15,27.07,27.03,27.0,27.02,normal,drought,False,0.628,0.23,0.142,0,0,0.29,10
15,2025-05-13,27.02,27.01,26.99,26.9,26.86,26.83,26.84,normal,drought,False,0.589,0.233,0.178,0,0,0.29,10
15,2025-05-14,26.91,26.9,26.89,26.78,26.74,26.72,26.75,normal,drought,False,0.608,0.23,0.161,0,0,0.29,10
15,2025-05-15,26.91,26.89,26.88,26.78,26.73,26.71,26.73,normal,drought,False,0.619,0.226,0.156,0,0,0.29,10
15,2025-05-16,26.74,26.72,26.68,26.59,26.54,26.5,26.53,normal,drought,False,0.627,0.22,0.153,0,0,0.29,10
15,2025-05-17,26.69,26.67,26.65,26.55,26.51,26.49,26.51,normal,drought,False,0.613,0.224,0.163,0,0,0.29,10
15,2025-05-18,27.07,27.1,27.12,27.06,27.06,27.1,27.06,normal,drought,False,0.62,0.229,0.151,0,0,0.29,10
15,2025-05-19,32.52,32.51,32.53,32.41,32.35,32.34,32.24,normal,drought,False,0.613,0.224,0.163,0,0,0.57,6
15,2025-05-20,32.67,32.63,32.61,32.48,32.42,32.41,32.3,normal,drought,False,0.599,0.224,0.176,0,0,0.57,6
15,2025-05-21,31.55,31.47,31.34,31.21,31.11,31.05,31.0,normal,drought,False,0.602,0.224,0.173,0,0,0.29,10
15,2025-05-22,32.47,32.42,32.33,32.22,32.14,32.1,32.02,normal,drought,False,0.605,0.238,0.157,0,0,0.29,10
15,2025-05-23,32.41,32.4,32.36,32.26,32.19,32.15,32.09,normal,drought,False,0.604,0.236,0.16,0,0,0.29,10
15,2025-05-24,33.2,33.27,33.3,33.24,33.19,33.15,33.08,normal,drought,False,0.573,0.238,0.189,0,0,0.29,10
15,2025-05-25,32.77,32.79,32.79,32.71,32.66,32.64,32.54,normal,drought,False,0.601,0.237,0.162,0,0,0.29,10
15,2025-05-26,32.56,32.51,32.42,32.3,32.21,32.16,32.08,normal,drought,False,0.615,0.241,0.143,0,0,0.29,10
15,2025-05-27,32.46,32.38,32.26,32.13,32.03,31.95,31.89,normal,drought,False,0.621,0.231,0.148,0,0,0.29,10
15,2025-05-28,32.45,32.38,32.23,32.11,32.02,31.94,31.88,normal,drought,False,0.6,0.229,0.171,0,0,0.29,10
15,2025-05-29,32.88,32.83,32.74,32.62,32.52,32.42,32.38,normal,drought,False,0.601,0.237,0.162,0,0,0.29,10
15,2025-05-30,32.91,32.87,32.81,32.69,32.6,32.52,32.47,normal,drought,False,0.582,0.243,0.175,0,0,0.29,10
15,2025-05-31,45.11,45.09,45.11,44.94,44.79,44.68,44.43,normal,drought,False,0.607,0.235,0.158,0,0,0.57,6
15,2025-06-01,46.05,46.02,46.02,45.82,45.65,45.52,45.26,overflow,drought,False,0.598,0.235,0.167,0,6,0.57,6
15,2025-06-02,44.13,44.0,43.75,43.54,43.32,43.16,42.97,normal,drought,False,0.614,0.225,0.161,0,0,0.29,10
15,2025-06-03,44.02,43.9,43.64,43.43,43.21,43.02,42.84,normal,drought,False,0.614,0.222,0.164,0,0,0.29,10
15,2025-06-04,44.79,44.71,44.52,44.33,44.14,43.97,43.77,normal,drought,False,0.614,0.233,0.154,0,0,0.29,10
15,2025-06-05,44.57,44.49,44.3,44.12,43.92,43.76,43.56,normal,drought,False,0.615,0.227,0.158,0,0,0.29,10
15,2025-06-06,44.6,44.52,44.35,44.16,43.97,43.81,43.6,normal,drought,False,0.589,0.228,0.183,0,0,0.29,10
15,2025-06-07,44.35,44.25,44.07,43.87,43.67,43.51,43.32,normal,drought,False,0.589,0.218,0.193,0,0,0.29,10
15,2025-06-08,44.58,44.45,44.22,44.01,43.79,43.61,43.43,normal,drought,False,0.617,0.224,0.16,0,0,0.29,10
15,2025-06-09,44.45,44.34,44.12,43.91,43.7,43.51,43.34,normal,drought,False,0.612,0.217,0.171,0,0,0.29,10
15,2025-06-10,44.58,44.47,44.25,44.05,43.84,43.66,43.48,normal,drought,False,0.576,0.232,0.192,0,0,0.29,10
15,2025-06-11,44.39,44.3,44.1,43.92,43.73,43.59,43.38,normal,drought,False,0.592,0.221,0.186,0,0,0.29,10
15,2025-06-12,44.18,44.06,43.86,43.66,43.48,43.35,43.13,normal,drought,False,0.619,0.209,0.172,0,0,0.57,6
15,2025-06-13,44.37,44.26,44.05,43.85,43.65,43.49,43.3,normal,drought,False,0.6,0.208,0.193,0,0,0.57,6
15,2025-06-14,43.99,43.87,43.64,43.44,43.24,43.09,42.9,normal,drought,False,0.617,0.21,0.173,0,0,0.29,10
15,2025-06-15,44.6,44.52,44.36,44.19,44.03,43.91,43.68,normal,drought,False,0.62,0.223,0.157,0,0,0.29,10
15,2025-06-16,44.75,44.68,44.54,44.38,44.22,44.13,43.88,normal,drought,False,0.617,0.215,0.168,0,0,0.29,10
15,2025-06-17,44.4,44.31,44.13,43.95,43.79,43.68,43.44,normal,drought,False,0.601,0.214,0.185,0,0,0.29,10
15,2025-06-18,43.93,43.85,43.66,43.48,43.3,43.18,42.96,normal,drought,False,0.608,0.215,0.176,0,0,0.29,10
15,2025-06-19,44.99,44.89,44.72,44.52,44.34,44.18,43.98,normal,drought,False,0.626,0.227,0.147,0,0,0.29,10
15,2025-06-20,45.04,44.95,44.78,44.58,44.4,44.23,44.04,normal,drought,False,0.61,0.228,0.162,0,0,0.29,10
15,2025-06-21,45.25,45.18,45.04,44.85,44.67,44.52,44.31,normal,drought,False,0.586,0.232,0.182,0,0,0.29,10
15,2025-06-22,45.38,45.33,45.22,45.05,44.88,44.74,44.52,normal,drought,False,0.592,0.23,0.178,0,0,0.29,10
15,2025-06-23,45.09,44.99,44.79,44.58,44.38,44.21,44.02,normal,drought,False,0.627,0.22,0.152,0,0,0.29,10
15,2025-06-24,43.39,43.28,43.05,42.85,42.65,42.48,42.3,normal,drought,False,0.6,0.228,0.172,0,0,0.57,6
15,2025-06-25,43.38,43.28,43.03,42.85,42.64,42.45,42.29,normal,drought,False,0.6,0.224,0.176,0,0,0.57,6
15,2025-06-26,43.58,43.47,43.24,43.05,42.85,42.67,42.49,normal,drought,False,0.606,0.228,0.166,0,0,0.29,10
15,2025-06-27,43.2,43.1,42.89,42.7,42.5,42.35,42.16,normal,drought,False,0.591,0.221,0.188,0,0,0.29,10
15,2025-06-28,43.04,42.93,42.71,42.51,42.31,42.15,41.98,normal,drought,False,0.564,0.227,0.209,0,0,0.29,10
15,2025-06-29,42.64,42.53,42.3,42.11,41.92,41.77,41.59,normal,drought,False,0.598,0.217,0.185,0,0,0.29,10
15,2025-06-30,42.65,42.53,42.31,42.1,41.9,41.74,41.57,normal,drought,False,0.602,0.222,0.176,0,0,0.29,10
15,2025-07-01,43.27,43.17,42.99,42.79,42.6,42.44,42.27,normal,drought,False,0.595,0.22,0.186,0,0,0.29,10
15,2025-07-02,43.18,43.09,42.92,42.73,42.54,42.37,42.21,normal,drought,False,0.576,0.217,0.207,0,0,0.29,10
15,2025-07-03,43.54,43.46,43.32,43.12,42.94,42.77,42.6,normal,drought,False,0.576,0.222,0.202,0,0,0.29,10
15,2025-07-04,43.16,43.06,42.89,42.69,42.49,42.33,42.16,normal,drought,False,0.586,0.216,0.198,0,0,0.29,10
15,2025-07-05,43.2,43.07,42.85,42.63,42.42,42.23,42.08,normal,drought,False,0.578,0.212,0.21,0,0,0.29,10
15,2025-07-06,44.55,44.43,44.22,44.0,43.78,43.59,43.42,normal,drought,False,0.567,0.208,0.224,0,0,0.57,6
15,2025-07-07,44.69,44.56,44.34,44.11,43.88,43.68,43.52,normal,drought,False,0.569,0.217,0.214,0,0,0.57,6
15,2025-07-08,44.51,44.39,44.17,43.95,43.72,43.52,43.36,normal,drought,False,0.557,0.213,0.23,0,0,0.29,10
15,2025-07-09,44.27,44.15,43.93,43.7,43.48,43.28,43.13,normal,drought,False,0.534,0.211,0.255,0,0,0.29,10
15,2025-07-10,44.27,44.15,43.94,43.71,43.49,43.3,43.13,normal,drought,False,0.524,0.214,0.262,0,0,0.29,10
15,2025-07-11,44.11,44.0,43.78,43.56,43.34,43.15,42.98,normal,drought,False,0.562,0.209,0.229,0,0,0.29,10
15,2025-07-12,44.13,44.02,43.8,43.58,43.36,43.16,43.0,normal,drought,False,0.521,0.213,0.266,0,0,0.29,10
15,2025-07-13,44.15,44.04,43.83,43.61,43.4,43.21,43.04,normal,drought,False,0.468,0.224,0.308,0,0,0.29,10
15,2025-07-14,44.03,43.9,43.68,43.45,43.24,43.05,42.89,normal,drought,False,0.48,0.221,0.3,0,0,0.29,10
15,2025-07-15,44.21,44.08,43.88,43.66,43.45,43.27,43.1,normal,drought,False,0.482,0.224,0.295,0,0,0.29,10
15,2025-07-16,43.9,43.77,43.55,43.33,43.11,42.92,42.77,normal,drought,False,0.451,0.23,0.32,0,0,0.29,10
15,2025-07-17,43.89,43.77,43.55,43.34,43.14,42.98,42.8,normal,drought,False,0.482,0.226,0.292,0,0,0.29,10
15,2025-07-18,44.4,44.28,44.07,43.85,43.64,43.47,43.29,normal,drought,False,0.504,0.218,0.278,0,0,0.57,6
15,2025-07-19,44.71,44.59,44.36,44.15,43.94,43.78,43.59,normal,drought,False,0.526,0.223,0.25,0,0,0.57,6
15,2025-07-20,44.47,44.36,44.16,43.95,43.75,43.58,43.4,normal,drought,False,0.467,0.226,0.307,0,0,0.29,10
15,2025-07-21,45.06,44.97,44.8,44.61,44.42,44.28,44.07,normal,drought,False,0.543,0.23,0.227,0,0,0.29,10
15,2025-07-22,44.74,44.65,44.47,44.28,44.09,43.94,43.74,normal,drought,False,0.535,0.219,0.246,0,0,0.29,10
15,2025-07-23,45.13,45.03,44.85,44.65,44.46,44.31,44.1,normal,drought,False,0.569,0.219,0.213,0,0,0.29,10
15,2025-07-24,44.96,44.87,44.69,44.51,44.32,44.17,43.96,normal,drought,False,0.532,0.218,0.249,0,0,0.29,10
15,2025-07-25,45.39,45.29,45.09,44.89,44.69,44.53,44.33,normal,drought,False,0.601,0.222,0.176,0,0,0.29,10
15,2025-07-26,45.54,45.46,45.29,45.1,44.91,44.75,44.55,overflow,drought,False,0.573,0.22,0.207,0,1,0.29,10
15,2025-07-27,45.45,45.36,45.17,44.97,44.78,44.63,44.42,normal,drought,False,0.601,0.216,0.184,0,0,0.29,10
15,2025-07-28,45.8,45.71,45.54,45.33,45.13,44.95,44.76,overflow,drought,False,0.564,0.221,0.216,0,3,0.29,10
15,2025-07-29,45.81,45.7,45.51,45.3,45.09,44.91,44.72,overflow,drought,False,0.621,0.21,0.168,0,3,0.29,10
15,2025-07-30,46.83,46.73,46.53,46.31,46.08,45.87,45.68,overflow,drought,False,0.593,0.214,0.193,0,7,0.57,6
15,2025-07-31,47.16,47.07,46.89,46.66,46.44,46.24,46.03,overflow,drought,False,0.61,0.216,0.174,0,7,0.57,6
15,2025-08-01,46.65,46.54,46.31,46.09,45.86,45.66,45.46,overflow,drought,False,0.595,0.207,0.198,0,6,0.29,10
15,2025-08-02,46.61,46.5,46.27,46.05,45.84,45.67,45.43,overflow,drought,False,0.611,0.206,0.183,0,6,0.29,10
15,2025-08-03,46.03,45.9,45.64,45.42,45.2,45.04,44.81,overflow,drought,False,0.589,0.209,0.202,0,3,0.29,10
15,2025-08-04,45.5,45.33,45.01,44.79,44.56,44.39,44.17,normal,drought,False,0.611,0.212,0.177,0,0,0.29,10
15,2025-08-05,46.11,45.99,45.76,45.56,45.35,45.2,44.97,overflow,drought,False,0.565,0.216,0.22,0,4,0.29,10
15,2025-08-06,45.76,45.62,45.37,45.15,44.94,44.78,44.57,overflow,drought,False,0.572,0.228,0.2,0,2,0.29,10
15,2025-08-07,46.27,46.17,45.98,45.77,45.56,45.39,45.19,overflow,drought,False,0.555,0.233,0.212,0,5,0.29,10
15,2025-08-08,46.52,46.47,46.36,46.17,46.0,45.86,45.63,overflow,drought,False,0.574,0.23,0.196,0,7,0.29,10
15,2025-08-09,46.68,46.6,46.44,46.24,46.05,45.89,45.67,overflow,drought,False,0.568,0.23,0.201,0,7,0.29,10
15,2025-08-10,46.51,46.43,46.27,46.07,45.88,45.73,45.5,overflow,drought,False,0.607,0.23,0.164,0,6,0.29,10
15,2025-08-11,45.4,45.3,45.08,44.88,44.68,44.5,44.31,normal,drought,False,0.595,0.227,0.177,0,0,0.57,6
15,2025-08-12,45.35,45.25,45.0,44.81,44.6,44.41,44.22,normal,drought,False,0.601,0.222,0.177,0,0,0.57,6
15,2025-08-13,45.48,45.35,45.13,44.92,44.71,44.54,44.35,normal,drought,False,0.612,0.217,0.171,0,0,0.29,10
15,2025-08-14,45.41,45.32,45.1,44.92,44.71,44.54,44.34,normal,drought,False,0.635,0.209,0.156,0,0,0.29,10
15,2025-08-15,45.36,45.27,45.06,44.87,44.66,44.49,44.3,normal,drought,False,0.617,0.208,0.175,0,0,0.29,10
15,2025-08-16,45.44,45.34,45.14,44.94,44.74,44.58,44.38,normal,drought,False,0.602,0.211,0.187,0,0,0.29,10
15,2025-08-17,45.33,45.23,45.03,44.83,44.63,44.46,44.26,normal,drought,False,0.619,0.211,0.171,0,0,0.29,10
15,2025-08-18,45.36,45.26,45.05,44.85,44.64,44.48,44.28,normal,drought,False,0.629,0.209,0.162,0,0,0.29,10
15,2025-08-19,45.6,45.51,45.32,45.11,44.91,44.74,44.55,overflow,drought,False,0.588,0.205,0.207,0,2,0.29,10
15,2025-08-20,45.85,45.74,45.55,45.32,45.11,44.91,44.74,overflow,drought,False,0.562,0.217,0.222,0,3,0.29,10
15,2025-08-21,45.58,45.47,45.27,45.04,44.82,44.63,44.45,overflow,drought,False,0.591,0.211,0.198,0,1,0.29,10
15,2025-08-22,45.53,45.43,45.22,45.0,44.78,44.59,44.4,overflow,drought,False,0.608,0.213,0.179,0,1,0.29,10
15,2025-08-23,44.63,44.55,44.35,44.16,43.96,43.79,43.61,normal,drought,False,0.558,0.215,0.226,0,0,0.57,6
15,2025-08-24,43.79,43.67,43.42,43.21,43.0,42.82,42.65,normal,drought,False,0.527,0.215,0.258,0,0,0.57,6
15,2025-08-25,44.04,43.89,43.66,43.43,43.21,43.01,42.86,normal,drought,False,0.538,0.211,0.251,0,0,0.29,10
15,2025-08-26,43.6,43.47,43.23,43.0,42.79,42.61,42.44,normal,drought,False,0.583,0.213,0.204,0,0,0.29,10
15,2025-08-27,43.95,43.81,43.57,43.35,43.14,42.95,42.8,normal,drought,False,0.524,0.221,0.255,0,0,0.29,10
15,2025-08-28,44.09,43.99,43.82,43.62,43.43,43.26,43.1,normal,drought,False,0.469,0.228,0.303,0,0,0.29,10
15,2025-08-29,43.52,43.4,43.19,42.98,42.77,42.61,42.45,normal,drought,False,0.519,0.204,0.277,0,0,0.29,10
15,2025-08-30,43.59,43.47,43.28,43.06,42.86,42.69,42.53,normal,drought,False,0.56,0.212,0.228,0,0,0.29,10
15,2025-08-31,43.74,43.64,43.45,43.25,43.06,42.91,42.74,normal,drought,False,0.55,0.21,0.24,0,0,0.29,10
16,2025-03-01,38.64,38.58,38.44,38.31,38.21,38.15,37.98,normal,normal,True,0.348,0.483,0.168,0,0,0.29,10
16,2025-03-02,39.51,39.49,39.42,39.31,39.22,39.18,38.99,normal,drought,False,0.449,0.364,0.187,0,0,0.29,10
16,2025-03-03,39.26,39.22,39.12,39.0,38.91,38.85,38.68,normal,drought,False,0.489,0.32,0.191,0,0,0.29,10
16,2025-03-04,39.41,39.36,39.25,39.12,39.01,38.93,38.77,normal,drought,False,0.477,0.333,0.19,0,0,0.29,10
16,2025-03-05,39.49,39.47,39.39,39.27,39.17,39.08,38.93,normal,drought,False,0.487,0.323,0.19,0,0,0.29,10
16,2025-03-06,39.73,39.67,39.55,39.41,39.3,39.19,39.05,normal,drought,False,0.574,0.273,0.153,0,0,0.29,10
16,2025-03-07,39.73,39.68,39.57,39.44,39.33,39.22,39.09,normal,drought,False,0.562,0.282,0.156,0,0,0.29,10
16,2025-03-08,46.23,46.19,46.11,45.93,45.78,45.64,45.42,normal,drought,False,0.532,0.311,0.157,0,0,0.57,6
16,2025-03-09,46.62,46.55,46.44,46.26,46.1,45.94,45.72,normal,drought,False,0.535,0.31,0.155,0,0,0.57,6
16,2025-03-10,45.6,45.49,45.29,45.1,44.92,44.76,44.57,normal,drought,False,0.547,0.29,0.164,0,0,0.29,10
16,2025-03-11,45.18,45.08,44.85,44.67,44.5,44.38,44.15,normal,drought,False,0.565,0.291,0.144,0,0,0.29,10
16,2025-03-12,45.98,45.93,45.8,45.64,45.5,45.43,45.14,normal,drought,False,0.524,0.275,0.201,0,0,0.29,10
16,2025-03-13,45.78,45.71,45.56,45.37,45.21,45.09,44.86,normal,drought,False,0.449,0.339,0.212,0,0,0.29,10
16,2025-03-14,45.24,45.11,44.89,44.68,44.49,44.34,44.14,normal,drought,False,0.473,0.327,0.199,0,0,0.29,10
16,2025-03-15,45.18,45.09,44.91,44.72,44.54,44.39,44.19,normal,drought,False,0.519,0.299,0.183,0,0,0.29,10
16,2025-03-16,46.09,46.02,45.85,45.68,45.51,45.37,45.15,normal,drought,False,0.556,0.271,0.173,0,0,0.29,10
16,2025-03-17,45.75,45.69,45.53,45.37,45.22,45.12,44.87,normal,drought,False,0.499,0.29,0.211,0,0,0.29,10
16,2025-03-18,46.14,46.1,45.99,45.83,45.68,45.58,45.34,normal,drought,False,0.445,0.372,0.184,0,0,0.29,10
16,2025-03-19,45.41,45.32,45.13,44.94,44.76,44.61,44.41,normal,drought,False,0.54,0.278,0.182,0,0,0.29,10
16,2025-03-20,42.93,42.83,42.61,42.44,42.27,42.15,41.98,normal,drought,False,0.561,0.311,0.128,0,0,0.57,6
16,2025-03-21,42.54,42.46,42.26,42.1,41.94,41.81,41.64,normal,drought,False,0.515,0.311,0.174,0,0,0.57,6
16,2025-03-22,43.34,43.27,43.08,42.9,42.74,42.59,42.42,normal,drought,False,0.432,0.401,0.168,0,0,0.29,10
16,2025-03-23,42.71,42.66,42.52,42.36,42.21,42.09,41.9,normal,drought,False,0.584,0.247,0.169,0,0,0.29,10
16,2025-03-24,42.92,42.84,42.67,42.5,42.33,42.19,42.02,normal,drought,False,0.515,0.299,0.186,0,0,0.29,10
16,2025-03-25,42.57,42.47,42.28,42.11,41.94,41.8,41.63,normal,drought,False,0.595,0.244,0.16,0,0,0.29,10
16,2025-03-26,42.21,42.11,41.89,41.7,41.53,41.38,41.23,normal,drought,False,0.572,0.234,0.194,0,0,0.29,10
16,2025-03-27,42.46,42.38,42.18,42.01,41.84,41.69,41.53,normal,drought,False,0.587,0.229,0.184,0,0,0.29,10
16,2025-03-28,42.01,41.91,41.69,41.51,41.33,41.19,41.04,normal,drought,False,0.519,0.256,0.225,0,0,0.29,10
16,2025-03-29,41.93,41.84,41.64,41.46,41.28,41.14,40.98,normal,drought,False,0.601,0.223,0.176,0,0,0.29,10
16,2025-03-30,42.33,42.27,42.13,41.96,41.8,41.66,41.5,normal,drought,False,0.53,0.242,0.228,0,0,0.29,10
16,2025-03-31,42.07,41.99,41.81,41.63,41.46,41.31,41.17,normal,drought,False,0.585,0.217,0.199,0,0,0.29,10
16,2025-04-01,41.17,41.09,40.92,40.75,40.57,40.43,40.29,normal,drought,False,0.53,0.229,0.241,0,0,0.57,6
16,2025-04-02,41.09,41.03,40.86,40.71,40.55,40.45,40.27,normal,drought,False,0.587,0.214,0.199,0,0,0.57,6
16,2025-04-03,40.9,40.81,40.62,40.45,40.3,40.19,40.02,normal,drought,False,0.592,0.207,0.2,0,0,0.29,10
16,2025-04-04,41.78,41.72,41.61,41.47,41.34,41.27,41.06,normal,drought,False,0.581,0.209,0.21,0,0,0.29,10
16,2025-04-05,42.28,42.25,42.19,42.06,41.94,41.89,41.66,normal,drought,False,0.524,0.215,0.26,0,0,0.29,10
16,2025-04-06,42.06,41.97,41.84,41.67,41.53,41.44,41.24,normal,drought,False,0.575,0.217,0.208,0,0,0.29,10
16,2025-04-07,43.5,43.49,43.49,43.36,43.25,43.18,42.95,normal,drought,False,0.536,0.228,0.236,0,0,0.29,10
16,2025-04-08,42.75,42.69,42.58,42.42,42.29,42.18,41.99,normal,drought,False,0.56,0.221,0.219,0,0,0.29,10
16,2025-04-09,43.07,42.96,42.79,42.6,42.44,42.29,42.12,normal,drought,False,0.572,0.222,0.206,0,0,0.29,10
16,2025-04-10,42.24,42.17,42.01,41.84,41.69,41.56,41.4,normal,drought,False,0.622,0.219,0.159,0,0,0.29,10
16,2025-04-11,42.23,42.1,41.83,41.65,41.48,41.34,41.17,normal,drought,False,0.621,0.217,0.162,0,0,0.29,10
16,2025-04-12,41.68,41.58,41.36,41.18,41.03,40.9,40.74,normal,drought,False,0.623,0.214,0.163,0,0,0.29,10
16,2025-04-13,45.08,44.99,44.81,44.61,44.45,44.3,44.12,normal,drought,False,0.609,0.228,0.162,0,0,0.57,6
16,2025-04-14,44.97,44.9,44.72,44.53,44.36,44.21,44.01,normal,drought,False,0.64,0.213,0.147,0,0,0.57,6
16,2025-04-15,44.95,44.89,44.73,44.56,44.4,44.28,44.07,normal,drought,False,0.635,0.23,0.135,0,0,0.29,10
16,2025-04-16,45.01,44.96,44.81,44.64,44.47,44.34,44.13,normal,drought,False,0.61,0.23,0.16,0,0,0.29,10
16,2025-04-17,45.14,45.1,44.93,44.77,44.59,44.45,44.24,normal,drought,False,0.564,0.269,0.168,0,0,0.29,10
16,2025-04-18,44.75,44.67,44.49,44.31,44.12,43.97,43.77,normal,drought,False,0.565,0.251,0.184,0,0,0.29,10
16,2025-04-19,45.09,45.0,44.8,44.62,44.42,44.26,44.06,normal,drought,False,0.568,0.26,0.172,0,0,0.29,10
16,2025-04-20,44.72,44.64,44.41,44.23,44.02,43.85,43.66,normal,drought,False,0.591,0.235,0.174,0,0,0.29,10
16,2025-04-21,44.71,44.6,44.36,44.16,43.95,43.77,43.58,normal,drought,False,0.575,0.236,0.189,0,0,0.29,10
16,2025-04-22,44.81,44.72,44.53,44.34,44.15,44.0,43.8,normal,drought,False,0.593,0.24,0.167,0,0,0.29,10
16,2025-04-23,44.62,44.51,44.3,44.11,43.91,43.77,43.56,normal,drought,False,0.604,0.235,0.161,0,0,0.29,10
16,2025-04-24,44.32,44.2,43.97,43.77,43.58,43.43,43.23,normal,drought,False,0.599,0.237,0.164,0,0,0.29,10
16,2025-04-25,42.53,42.42,42.18,41.99,41.8,41.67,41.49,normal,drought,False,0.593,0.236,0.17,0,0,0.57,6
16,2025-04-26,42.72,42.64,42.42,42.25,42.08,41.94,41.76,normal,drought,False,0.612,0.244,0.144,0,0,0.57,6
16,2025-04-27,42.9,42.82,42.64,42.46,42.3,42.17,41.99,normal,drought,False,0.617,0.237,0.145,0,0,0.29,10
16,2025-04-28,43.03,42.96,42.8,42.64,42.49,42.38,42.18,normal,drought,False,0.613,0.24,0.147,0,0,0.29,10
16,2025-04-29,43.72,43.68,43.59,43.44,43.3,43.2,42.98,normal,drought,False,0.606,0.249,0.145,0,0,0.29,10
16,2025-04-30,43.77,43.71,43.59,43.44,43.3,43.21,42.99,normal,drought,False,0.621,0.242,0.137,0,0,0.29,10
16,2025-05-01,43.93,43.86,43.73,43.58,43.43,43.34,43.11,normal,drought,False,0.629,0.231,0.14,0,0,0.29,10
16,2025-05-02,44.14,44.07,43.92,43.75,43.59,43.46,43.25,normal,drought,False,0.629,0.232,0.139,0,0,0.29,10
16,2025-05-03,43.64,43.53,43.31,43.12,42.94,42.79,42.6,normal,drought,False,0.631,0.234,0.135,0,0,0.29,10
16,2025-05-04,43.41,43.31,43.08,42.89,42.71,42.56,42.38,normal,drought,False,0.637,0.234,0.129,0,0,0.29,10
16,2025-05-05,43.66,43.57,43.37,43.18,43.0,42.84,42.67,normal,drought,False,0.622,0.236,0.142,0,0,0.29,10
16,2025-05-06,44.11,44.05,43.88,43.71,43.54,43.41,43.22,normal,drought,False,0.608,0.241,0.15,0,0,0.29,10
16,2025-05-07,43.18,43.12,42.98,42.81,42.65,42.53,42.35,normal,drought,False,0.623,0.235,0.142,0,0,0.57,6
16,2025-05-08,42.84,42.74,42.56,42.38,42.22,42.1,41.91,normal,drought,False,0.656,0.224,0.12,0,0,0.57,6
16,2025-05-09,42.62,42.52,42.31,42.12,41.95,41.81,41.64,normal,drought,False,0.636,0.224,0.14,0,0,0.29,10
16,2025-05-10,42.59,42.48,42.24,42.04,41.85,41.69,41.53,normal,drought,False,0.607,0.24,0.153,0,0,0.29,10
16,2025-05-11,42.5,42.41,42.19,42.01,41.82,41.66,41.5,normal,drought,False,0.61,0.239,0.151,0,0,0.29,10
16,2025-05-12,42.62,42.56,42.37,42.21,42.03,41.88,41.71,normal,drought,False,0.613,0.243,0.143,0,0,0.29,10
16,2025-05-13,42.4,42.33,42.15,41.98,41.8,41.65,41.49,normal,drought,False,0.57,0.251,0.179,0,0,0.29,10
16,2025-05-14,42.39,42.32,42.15,41.97,41.8,41.65,41.49,normal,drought,False,0.58,0.266,0.154,0,0,0.29,10
16,2025-05-15,42.35,42.27,42.1,41.92,41.74,41.59,41.43,normal,drought,False,0.59,0.249,0.161,0,0,0.29,10
16,2025-05-16,42.11,42.01,41.79,41.59,41.4,41.24,41.08,normal,drought,False,0.597,0.245,0.158,0,0,0.29,10
16,2025-05-17,41.99,41.88,41.67,41.47,41.29,41.13,40.97,normal,drought,False,0.584,0.26,0.156,0,0,0.29,10
16,2025-05-18,41.71,41.62,41.41,41.26,41.09,40.99,40.79,normal,drought,False,0.622,0.261,0.118,0,0,0.29,10
16,2025-05-19,45.48,45.37,45.17,44.98,44.78,44.65,44.41,normal,drought,False,0.613,0.253,0.134,0,0,0.57,6
16,2025-05-20,45.56,45.45,45.26,45.07,44.88,44.76,44.51,normal,drought,False,0.593,0.278,0.129,0,0,0.57,6
16,2025-05-21,44.79,44.66,44.41,44.2,43.99,43.83,43.63,normal,drought,False,0.584,0.281,0.135,0,0,0.29,10
16,2025-05-22,45.73,45.64,45.46,45.27,45.09,44.95,44.72,normal,drought,False,0.615,0.299,0.086,0,0,0.29,10
16,2025-05-23,45.51,45.45,45.29,45.1,44.92,44.77,44.56,normal,drought,False,0.602,0.296,0.102,0,0,0.29,10
16,2025-05-24,46.44,46.4,46.28,46.1,45.93,45.79,45.56,normal,drought,False,0.579,0.306,0.115,0,0,0.29,10
16,2025-05-25,45.72,45.67,45.53,45.36,45.18,45.06,44.82,normal,drought,False,0.605,0.288,0.106,0,0,0.29,10
16,2025-05-26,45.83,45.72,45.49,45.3,45.1,44.94,44.71,normal,drought,False,0.632,0.293,0.074,0,0,0.29,10
16,2025-05-27,45.81,45.71,45.49,45.29,45.09,44.92,44.7,normal,drought,False,0.619,0.296,0.085,0,0,0.29,10
16,2025-05-28,45.58,45.47,45.19,45.0,44.78,44.6,44.39,normal,drought,False,0.599,0.304,0.096,0,0,0.29,10
16,2025-05-29,46.27,46.19,45.99,45.8,45.59,45.39,45.19,normal,drought,False,0.59,0.309,0.1,0,0,0.29,10
16,2025-05-30,46.24,46.16,45.98,45.78,45.58,45.4,45.19,normal,drought,False,0.573,0.32,0.107,0,0,0.29,10
16,2025-05-31,37.66,37.68,37.45,37.39,37.23,37.13,36.99,normal,drought,False,0.608,0.292,0.099,0,0,0.57,6
16,2025-06-01,36.81,36.81,36.57,36.49,36.32,36.21,36.1,normal,drought,False,0.596,0.297,0.107,0,0,0.57,6
16,2025-06-02,37.41,37.31,37.11,36.94,36.79,36.68,36.57,normal,drought,False,0.6,0.296,0.103,0,0,0.29,10
16,2025-06-03,37.47,37.38,37.19,37.03,36.87,36.74,36.64,normal,drought,False,0.603,0.288,0.11,0,0,0.29,10
16,2025-06-04,37.96,37.9,37.76,37.62,37.48,37.36,37.25,normal,drought,False,0.604,0.292,0.104,0,0,0.29,10
16,2025-06-05,37.82,37.76,37.62,37.48,37.35,37.23,37.12,normal,drought,False,0.599,0.282,0.119,0,0,0.29,10
16,2025-06-06,37.83,37.79,37.69,37.55,37.42,37.32,37.2,normal,drought,False,0.577,0.289,0.134,0,0,0.29,10
16,2025-06-07,37.69,37.63,37.51,37.36,37.22,37.12,37.0,normal,drought,False,0.556,0.287,0.157,0,0,0.29,10
16,2025-06-08,37.81,37.72,37.56,37.4,37.26,37.13,37.03,normal,drought,False,0.596,0.272,0.132,0,0,0.29,10
16,2025-06-09,37.73,37.65,37.5,37.34,37.19,37.06,36.96,normal,drought,False,0.578,0.242,0.18,0,0,0.29,10
16,2025-06-10,37.96,37.89,37.74,37.59,37.45,37.32,37.22,normal,drought,False,0.565,0.276,0.16,0,0,0.29,10
16,2025-06-11,37.8,37.74,37.61,37.47,37.35,37.27,37.13,normal,drought,False,0.566,0.236,0.198,0,0,0.29,10
16,2025-06-12,43.46,43.39,43.28,43.11,42.95,42.84,42.62,normal,drought,False,0.609,0.231,0.16,0,0,0.57,6
16,2025-06-13,44.3,44.23,44.13,43.94,43.77,43.63,43.43,normal,drought,False,0.557,0.238,0.206,0,0,0.57,6
16,2025-06-14,42.97,42.86,42.63,42.44,42.25,42.1,41.93,normal,drought,False,0.594,0.243,0.163,0,0,0.29,10
16,2025-06-15,43.41,43.32,43.15,42.99,42.83,42.72,42.51,normal,drought,False,0.608,0.229,0.163,0,0,0.29,10
16,2025-06-16,43.67,43.61,43.48,43.33,43.19,43.1,42.87,normal,drought,False,0.609,0.22,0.171,0,0,0.29,10
16,2025-06-17,43.17,43.08,42.89,42.72,42.56,42.47,42.25,normal,drought,False,0.571,0.215,0.215,0,0,0.29,10
16,2025-06-18,42.87,42.79,42.6,42.43,42.27,42.16,41.95,normal,drought,False,0.587,0.217,0.196,0,0,0.29,10
16,2025-06-19,43.97,43.9,43.75,43.58,43.42,43.28,43.09,normal,drought,False,0.612,0.236,0.152,0,0,0.29,10
16,2025-06-20,43.9,43.83,43.65,43.47,43.3,43.15,42.97,normal,drought,False,0.601,0.229,0.17,0,0,0.29,10
16,2025-06-21,44.26,44.21,44.09,43.92,43.76,43.62,43.42,normal,drought,False,0.572,0.24,0.187,0,0,0.29,10
16,2025-06-22,44.46,44.43,44.34,44.19,44.03,43.91,43.69,normal,drought,False,0.58,0.242,0.179,0,0,0.29,10
16,2025-06-23,44.18,44.09,43.89,43.7,43.51,43.35,43.16,normal,drought,False,0.623,0.231,0.146,0,0,0.29,10
16,2025-06-24,35.7,35.67,35.4,35.3,35.14,35.01,34.94,normal,drought,False,0.61,0.232,0.158,0,0,0.57,6
16,2025-06-25,35.14,35.12,34.84,34.76,34.6,34.46,34.4,normal,drought,False,0.599,0.241,0.16,0,0,0.57,6
16,2025-06-26,35.91,35.83,35.68,35.53,35.4,35.28,35.2,normal,drought,False,0.607,0.242,0.151,0,0,0.29,10
16,2025-06-27,35.71,35.65,35.53,35.4,35.28,35.19,35.09,normal,drought,False,0.576,0.24,0.183,0,0,0.29,10
16,2025-06-28,35.55,35.49,35.37,35.23,35.1,35.0,34.92,normal,drought,False,0.537,0.257,0.206,0,0,0.29,10
16,2025-06-29,35.23,35.16,35.02,34.88,34.76,34.67,34.58,normal,drought,False,0.573,0.241,0.186,0,0,0.29,10
16,2025-06-30,35.33,35.27,35.14,35.0,34.87,34.77,34.69,normal,drought,False,0.577,0.258,0.165,0,0,0.29,10
16,2025-07-01,35.62,35.55,35.44,35.29,35.16,35.05,34.99,normal,drought,False,0.54,0.241,0.219,0,0,0.29,10
16,2025-07-02,35.6,35.55,35.44,35.3,35.17,35.06,35.0,normal,drought,False,0.529,0.247,0.223,0,0,0.29,10
16,2025-07-03,35.82,35.78,35.71,35.57,35.45,35.35,35.27,normal,drought,False,0.521,0.239,0.24,0,0,0.29,10
16,2025-07-04,35.55,35.49,35.38,35.24,35.11,35.0,34.93,normal,drought,False,0.54,0.247,0.213,0,0,0.29,10
16,2025-07-05,35.61,35.54,35.41,35.26,35.12,34.99,34.94,normal,drought,False,0.512,0.239,0.249,0,0,0.29,10
16,2025-07-06,33.26,33.2,33.06,32.93,32.81,32.7,32.67,normal,drought,False,0.513,0.245,0.242,0,0,0.57,6
16,2025-07-07,33.13,33.05,32.9,32.76,32.63,32.51,32.49,normal,drought,False,0.512,0.236,0.253,0,0,0.57,6
16,2025-07-08,33.31,33.25,33.16,33.01,32.89,32.77,32.76,normal,drought,False,0.501,0.245,0.254,0,0,0.29,10
16,2025-07-09,33.2,33.15,33.05,32.9,32.78,32.67,32.65,normal,drought,False,0.479,0.249,0.273,0,0,0.29,10
16,2025-07-10,33.11,33.06,32.96,32.81,32.7,32.59,32.56,normal,drought,False,0.473,0.26,0.267,0,0,0.29,10
16,2025-07-11,32.94,32.9,32.79,32.65,32.53,32.43,32.39,normal,drought,False,0.505,0.243,0.252,0,0,0.29,10
16,2025-07-12,32.97,32.91,32.8,32.66,32.54,32.43,32.41,normal,drought,False,0.479,0.259,0.262,0,0,0.29,10
16,2025-07-13,33.02,32.97,32.87,32.74,32.63,32.53,32.49,normal,drought,False,0.44,0.257,0.303,0,0,0.29,10
16,2025-07-14,33.02,32.97,32.87,32.73,32.63,32.52,32.49,normal,drought,False,0.447,0.251,0.302,0,0,0.29,10
16,2025-07-15,33.28,33.24,33.16,33.03,32.93,32.84,32.8,normal,drought,False,0.451,0.256,0.293,0,0,0.29,10
16,2025-07-16,33.08,33.03,32.95,32.81,32.7,32.6,32.57,normal,drought,False,0.434,0.28,0.285,0,0,0.29,10
16,2025-07-17,33.21,33.17,33.08,32.96,32.87,32.8,32.73,normal,drought,False,0.477,0.269,0.254,0,0,0.29,10
16,2025-07-18,31.92,31.87,31.76,31.64,31.54,31.46,31.43,normal,drought,False,0.493,0.259,0.248,0,0,0.57,6
16,2025-07-19,31.97,31.91,31.78,31.65,31.56,31.49,31.45,normal,drought,False,0.525,0.268,0.206,0,0,0.57,6
16,2025-07-20,32.0,31.96,31.87,31.76,31.67,31.59,31.56,normal,drought,False,0.458,0.272,0.271,0,0,0.29,10
16,2025-07-21,32.41,32.39,32.32,32.22,32.14,32.1,32.04,normal,drought,False,0.553,0.269,0.178,0,0,0.29,10
16,2025-07-22,32.23,32.2,32.14,32.04,31.96,31.91,31.86,normal,drought,False,0.522,0.258,0.22,0,0,0.29,10
16,2025-07-23,32.41,32.38,32.32,32.22,32.14,32.09,32.04,normal,drought,False,0.56,0.26,0.18,0,0,0.29,10
16,2025-07-24,32.36,32.34,32.28,32.18,32.11,32.06,32.01,normal,drought,False,0.507,0.243,0.25,0,0,0.29,10
16,2025-07-25,32.8,32.78,32.72,32.61,32.54,32.48,32.43,normal,drought,False,0.569,0.232,0.2,0,0,0.29,10
16,2025-07-26,32.86,32.84,32.8,32.69,32.62,32.56,32.51,normal,drought,False,0.525,0.224,0.251,0,0,0.29,10
16,2025-07-27,32.89,32.88,32.82,32.72,32.65,32.6,32.54,normal,drought,False,0.558,0.216,0.226,0,0,0.29,10
16,2025-07-28,32.96,32.93,32.88,32.76,32.67,32.6,32.56,normal,drought,False,0.505,0.229,0.267,0,0,0.29,10
16,2025-07-29,33.05,33.01,32.94,32.81,32.71,32.63,32.59,normal,drought,False,0.565,0.22,0.215,0,0,0.29,10
16,2025-07-30,35.87,35.84,35.78,35.63,35.52,35.4,35.34,normal,drought,False,0.521,0.229,0.25,0,0,0.57,6
16,2025-07-31,36.06,36.02,35.96,35.8,35.68,35.57,35.5,normal,drought,False,0.556,0.227,0.218,0,0,0.57,6
16,2025-08-01,35.43,35.36,35.23,35.08,34.95,34.84,34.77,normal,drought,False,0.509,0.222,0.269,0,0,0.29,10
16,2025-08-02,35.36,35.31,35.19,35.05,34.94,34.86,34.76,normal,drought,False,0.54,0.214,0.245,0,0,0.29,10
16,2025-08-03,34.72,34.64,34.48,34.33,34.22,34.13,34.05,normal,drought,False,0.514,0.214,0.271,0,0,0.29,10
16,2025-08-04,34.23,34.12,33.93,33.78,33.66,33.59,33.5,normal,drought,False,0.568,0.218,0.214,0,0,0.29,10
16,2025-08-05,35.04,35.0,34.89,34.78,34.68,34.62,34.52,normal,drought,False,0.493,0.224,0.283,0,0,0.29,10
16,2025-08-06,34.61,34.54,34.41,34.28,34.18,34.1,34.03,normal,drought,False,0.535,0.242,0.223,0,0,0.29,10
16,2025-08-07,35.39,35.36,35.3,35.18,35.09,35.01,34.93,normal,drought,False,0.503,0.24,0.257,0,0,0.29,10
16,2025-08-08,35.8,35.88,35.9,35.84,35.78,35.73,35.62,normal,drought,False,0.555,0.258,0.186,0,0,0.29,10
16,2025-08-09,36.01,36.0,35.94,35.83,35.74,35.66,35.56,normal,drought,False,0.538,0.241,0.22,0,0,0.29,10
16,2025-08-10,35.7,35.68,35.62,35.51,35.41,35.34,35.24,normal,drought,False,0.598,0.254,0.148,0,0,0.29,10
16,2025-08-11,34.09,34.03,33.89,33.76,33.65,33.55,33.49,normal,drought,False,0.574,0.242,0.183,0,0,0.57,6
16,2025-08-12,33.97,33.9,33.73,33.61,33.5,33.39,33.34,normal,drought,False,0.596,0.256,0.147,0,0,0.57,6
16,2025-08-13,34.17,34.11,33.99,33.86,33.76,33.67,33.62,normal,drought,False,0.58,0.229,0.192,0,0,0.29,10
16,2025-08-14,34.15,34.11,34.01,33.9,33.8,33.73,33.66,normal,drought,False,0.613,0.225,0.163,0,0,0.29,10
16,2025-08-15,34.04,34.0,33.91,33.79,33.69,33.61,33.55,normal,drought,False,0.573,0.216,0.211,0,0,0.29,10
16,2025-08-16,34.11,34.08,34.0,33.88,33.78,33.71,33.65,normal,drought,False,0.562,0.218,0.22,0,0,0.29,10
16,2025-08-17,34.07,34.03,33.94,33.81,33.71,33.63,33.57,normal,drought,False,0.554,0.212,0.234,0,0,0.29,10
16,2025-08-18,34.1,34.06,33.96,33.83,33.73,33.66,33.59,normal,drought,False,0.569,0.21,0.221,0,0,0.29,10
16,2025-08-19,34.22,34.18,34.1,33.97,33.87,33.78,33.73,normal,drought,False,0.492,0.213,0.295,0,0,0.29,10
16,2025-08-20,34.34,34.29,34.2,34.06,33.94,33.83,33.8,normal,drought,False,0.468,0.226,0.307,0,0,0.29,10
16,2025-08-21,34.15,34.1,34.0,33.86,33.75,33.64,33.6,normal,drought,False,0.493,0.22,0.287,0,0,0.29,10
16,2025-08-22,33.98,33.94,33.83,33.69,33.57,33.47,33.42,normal,drought,False,0.529,0.22,0.252,0,0,0.29,10
16,2025-08-23,30.32,30.29,30.17,30.07,29.98,29.91,29.9,normal,drought,False,0.457,0.223,0.32,0,0,0.57,6
16,2025-08-24,29.57,29.52,29.38,29.27,29.18,29.11,29.12,normal,drought,False,0.44,0.229,0.33,0,0,0.57,6
16,2025-08-25,30.05,30.0,29.93,29.8,29.72,29.64,29.65,normal,drought,False,0.439,0.226,0.335,0,0,0.29,10
16,2025-08-26,29.89,29.86,29.79,29.67,29.59,29.54,29.54,normal,drought,False,0.499,0.227,0.274,0,0,0.29,10
16,2025-08-27,30.27,30.25,30.21,30.1,30.03,29.97,29.98,normal,drought,False,0.42,0.229,0.35,0,0,0.29,10
16,2025-08-28,30.16,30.15,30.12,30.01,29.95,29.89,29.9,normal,drought,False,0.402,0.247,0.351,0,0,0.29,10
16,2025-08-29,29.91,29.88,29.83,29.72,29.65,29.59,29.6,normal,drought,False,0.436,0.221,0.342,0,0,0.29,10
16,2025-08-30,29.97,29.94,29.9,29.79,29.71,29.65,29.66,normal,drought,False,0.505,0.237,0.258,0,0,0.29,10
16,2025-08-31,30.12,30.1,30.04,29.93,29.87,29.82,29.81,normal,drought,False,0.446,0.22,0.335,0,0,0.29,10
17,2025-03-01,66.58,66.44,66.11,65.8,65.48,65.2,64.72,normal,normal,True,0.113,0.773,0.113,0,0,0.29,10
17,2025-03-02,67.26,67.14,66.86,66.55,66.24,65.97,65.48,normal,normal,True,0.115,0.701,0.184,0,0,0.29,10
17,2025-03-03,67.1,66.99,66.68,66.37,66.04,65.76,65.29,normal,normal,True,0.123,0.7,0.177,0,0,0.29,10
17,2025-03-04,67.08,66.95,66.62,66.3,65.96,65.65,65.19,normal,normal,True,0.109,0.681,0.211,0,0,0.29,10
17,2025-03-05,66.87,66.75,66.44,66.12,65.79,65.48,65.04,normal,normal,True,0.113,0.677,0.21,0,0,0.29,10
17,2025-03-06,66.73,66.57,66.2,65.88,65.53,65.2,64.78,normal,normal,True,0.104,0.649,0.247,0,0,0.29,10
17,2025-03-07,66.54,66.38,66.02,65.69,65.35,65.02,64.61,normal,normal,True,0.112,0.659,0.229,0,0,0.29,10
17,2025-03-08,64.79,64.67,64.3,64.0,63.66,63.36,62.96,normal,normal,True,0.107,0.657,0.236,0,0,0.57,6
17,2025-03-09,64.44,64.33,63.95,63.67,63.34,63.03,62.63,normal,normal,True,0.125,0.667,0.208,0,0,0.57,6
17,2025-03-10,64.51,64.38,64.04,63.73,63.41,63.12,62.71,normal,normal,True,0.129,0.637,0.233,0,0,0.29,10
17,2025-03-11,64.93,64.85,64.56,64.29,63.99,63.75,63.28,normal,normal,True,0.135,0.635,0.23,0,0,0.29,10
17,2025-03-12,65.73,65.72,65.53,65.3,65.03,64.83,64.31,normal,normal,True,0.122,0.605,0.272,0,0,0.29,10
17,2025-03-13,65.33,65.27,65.01,64.73,64.43,64.16,63.7,normal,normal,True,0.137,0.655,0.208,0,0,0.29,10
17,2025-03-14,65.46,65.38,65.11,64.83,64.51,64.21,63.77,normal,normal,True,0.158,0.688,0.154,0,0,0.29,10
17,2025-03-15,64.78,64.68,64.35,64.06,63.73,63.4,62.98,normal,normal,True,0.129,0.692,0.178,0,0,0.29,10
17,2025-03-16,65.44,65.32,64.95,64.66,64.32,64.0,63.57,normal,normal,True,0.148,0.679,0.174,0,0,0.29,10
17,2025-03-17,65.4,65.35,65.06,64.8,64.5,64.24,63.77,normal,normal,True,0.127,0.704,0.169,0,0,0.29,10
17,2025-03-18,65.43,65.34,65.03,64.75,64.43,64.15,63.71,normal,normal,True,0.141,0.741,0.118,0,0,0.29,10
17,2025-03-19,65.2,65.06,64.76,64.44,64.12,63.82,63.4,normal,normal,True,0.126,0.716,0.158,0,0,0.29,10
17,2025-03-20,63.66,63.52,63.21,62.91,62.61,62.34,61.93,normal,normal,True,0.164,0.71,0.126,0,0,0.57,6
17,2025-03-21,63.14,63.0,62.62,62.32,61.99,61.68,61.28,normal,normal,True,0.121,0.711,0.168,0,0,0.57,6
17,2025-03-22,63.94,63.82,63.5,63.19,62.87,62.57,62.17,normal,normal,True,0.127,0.755,0.118,0,0,0.29,10
17,2025-03-23,63.46,63.4,63.1,62.84,62.53,62.24,61.82,normal,normal,True,0.159,0.701,0.14,0,0,0.29,10
17,2025-03-24,63.41,63.34,63.0,62.74,62.41,62.09,61.68,normal,normal,True,0.156,0.703,0.142,0,0,0.29,10
17,2025-03-25,63.31,63.2,62.9,62.62,62.31,62.01,61.61,normal,normal,True,0.186,0.694,0.12,0,0,0.29,10
17,2025-03-26,63.02,62.88,62.51,62.21,61.88,61.56,61.17,normal,normal,True,0.174,0.71,0.116,0,0,0.29,10
17,2025-03-27,62.96,62.82,62.45,62.14,61.81,61.49,61.1,normal,normal,True,0.222,0.684,0.094,0,0,0.29,10
17,2025-03-28,62.93,62.79,62.44,62.14,61.81,61.51,61.11,normal,normal,True,0.185,0.723,0.092,0,0,0.29,10
17,2025-03-29,62.68,62.6,62.25,61.99,61.65,61.33,60.93,normal,normal,True,0.23,0.674,0.096,0,0,0.29,10
17,2025-03-30,62.88,62.77,62.46,62.18,61.86,61.54,61.16,normal,normal,True,0.228,0.687,0.085,0,0,0.29,10
17,2025-03-31,62.83,62.7,62.4,62.1,61.78,61.48,61.09,normal,normal,True,0.286,0.641,0.073,0,0,0.29,10
17,2025-04-01,56.67,56.62,56.24,56.04,55.74,55.44,55.12,normal,normal,True,0.244,0.675,0.082,0,0,0.57,6
17,2025-04-02,56.38,56.36,56.02,55.84,55.57,55.32,54.96,normal,normal,True,0.291,0.635,0.074,0,0,0.57,6
17,2025-04-03,56.89,56.78,56.49,56.25,55.99,55.75,55.39,normal,normal,True,0.315,0.617,0.068,0,0,0.29,10
17,2025-04-04,57.96,57.89,57.68,57.46,57.22,57.0,56.6,normal,normal,True,0.315,0.618,0.067,0,0,0.29,10
17,2025-04-05,58.55,58.49,58.35,58.13,57.9,57.71,57.3,normal,normal,True,0.28,0.644,0.076,0,0,0.29,10
17,2025-04-06,57.92,57.78,57.52,57.24,56.98,56.73,56.36,normal,normal,True,0.334,0.603,0.063,0,0,0.29,10
17,2025-04-07,59.06,58.97,58.82,58.56,58.31,58.09,57.7,normal,normal,True,0.287,0.65,0.062,0,0,0.29,10
17,2025-04-08,58.11,58.0,57.72,57.45,57.19,56.93,56.57,normal,normal,True,0.289,0.652,0.06,0,0,0.29,10
17,2025-04-09,58.5,58.38,58.06,57.78,57.49,57.2,56.85,normal,normal,True,0.323,0.625,0.052,0,0,0.29,10
17,2025-04-10,57.74,57.64,57.36,57.09,56.83,56.57,56.23,normal,normal,True,0.338,0.613,0.049,0,0,0.29,10
17,2025-04-11,57.72,57.59,57.21,56.96,56.68,56.41,56.07,normal,normal,True,0.318,0.637,0.045,0,0,0.29,10
17,2025-04-12,57.19,57.06,56.73,56.47,56.2,55.95,55.61,normal,normal,True,0.271,0.672,0.057,0,0,0.29,10
17,2025-04-13,53.69,53.56,53.19,52.95,52.68,52.45,52.17,normal,normal,True,0.288,0.66,0.053,0,0,0.57,6
17,2025-04-14,53.08,53.04,52.71,52.52,52.27,52.03,51.73,normal,normal,True,0.255,0.684,0.061,0,0,0.57,6
17,2025-04-15,53.94,53.88,53.65,53.43,53.21,53.0,52.68,normal,normal,True,0.239,0.698,0.063,0,0,0.29,10
17,2025-04-16,53.85,53.82,53.61,53.41,53.19,52.96,52.64,normal,normal,True,0.226,0.702,0.073,0,0,0.29,10
17,2025-04-17,54.27,54.28,54.09,53.92,53.7,53.47,53.13,normal,normal,True,0.208,0.668,0.123,0,0,0.29,10
17,2025-04-18,53.72,53.67,53.45,53.25,53.01,52.77,52.45,normal,normal,True,0.217,0.691,0.093,0,0,0.29,10
17,2025-04-19,54.07,54.0,53.75,53.54,53.29,53.04,52.72,normal,normal,True,0.192,0.723,0.086,0,0,0.29,10
17,2025-04-20,53.72,53.66,53.4,53.19,52.95,52.68,52.37,normal,normal,True,0.233,0.683,0.084,0,0,0.29,10
17,2025-04-21,53.66,53.56,53.26,53.02,52.77,52.49,52.19,normal,normal,True,0.224,0.687,0.088,0,0,0.29,10
17,2025-04-22,53.95,53.86,53.62,53.4,53.16,52.92,52.6,normal,normal,True,0.269,0.648,0.083,0,0,0.29,10
17,2025-04-23,53.73,53.61,53.35,53.11,52.87,52.63,52.32,normal,normal,True,0.259,0.658,0.083,0,0,0.29,10
17,2025-04-24,53.42,53.3,53.01,52.77,52.52,52.27,51.96,normal,normal,True,0.294,0.629,0.077,0,0,0.29,10
17,2025-04-25,52.33,52.2,51.91,51.67,51.43,51.2,50.91,normal,normal,True,0.316,0.619,0.065,0,0,0.57,6
17,2025-04-26,52.5,52.42,52.13,51.92,51.68,51.44,51.14,normal,normal,True,0.342,0.599,0.058,0,0,0.57,6
17,2025-04-27,52.66,52.57,52.32,52.1,51.87,51.64,51.34,normal,normal,True,0.367,0.585,0.048,0,0,0.29,10
17,2025-04-28,52.89,52.82,52.61,52.4,52.19,51.98,51.66,normal,normal,True,0.354,0.594,0.052,0,0,0.29,10
17,2025-04-29,53.4,53.35,53.18,52.99,52.78,52.59,52.25,normal,normal,True,0.351,0.599,0.05,0,0,0.29,10
17,2025-04-30,53.65,53.58,53.4,53.2,52.99,52.82,52.47,normal,normal,True,0.355,0.598,0.047,0,0,0.29,10
17,2025-05-01,53.47,53.38,53.17,52.95,52.74,52.56,52.21,normal,normal,True,0.362,0.594,0.044,0,0,0.29,10
17,2025-05-02,53.43,53.33,53.08,52.84,52.61,52.37,52.06,normal,normal,True,0.338,0.616,0.046,0,0,0.29,10
17,2025-05-03,53.41,53.32,53.05,52.82,52.59,52.34,52.04,normal,normal,True,0.335,0.62,0.045,0,0,0.29,10
17,2025-05-04,52.88,52.79,52.49,52.27,52.03,51.77,51.48,normal,normal,True,0.325,0.628,0.047,0,0,0.29,10
17,2025-05-05,53.12,53.04,52.77,52.54,52.3,52.04,51.76,normal,normal,True,0.29,0.657,0.052,0,0,0.29,10
17,2025-05-06,53.83,53.79,53.61,53.4,53.18,52.97,52.66,normal,normal,True,0.256,0.68,0.064,0,0,0.29,10
17,2025-05-07,58.95,58.87,58.7,58.44,58.2,57.95,57.57,normal,normal,True,0.298,0.647,0.056,0,0,0.57,6
17,2025-05-08,59.3,59.2,59.02,58.76,58.5,58.26,57.86,normal,normal,True,0.317,0.633,0.05,0,0,0.57,6
17,2025-05-09,57.94,57.8,57.48,57.21,56.92,56.65,56.31,normal,normal,True,0.287,0.651,0.062,0,0,0.29,10
17,2025-05-10,58.19,58.06,57.69,57.42,57.11,56.8,56.46,normal,normal,True,0.277,0.661,0.061,0,0,0.29,10
17,2025-05-11,57.96,57.88,57.55,57.31,57.02,56.72,56.38,normal,normal,True,0.306,0.637,0.057,0,0,0.29,10
17,2025-05-12,58.19,58.14,57.85,57.63,57.34,57.04,56.69,normal,normal,True,0.317,0.627,0.055,0,0,0.29,10
17,2025-05-13,57.97,57.93,57.67,57.44,57.17,56.88,56.52,normal,normal,True,0.287,0.628,0.084,0,0,0.29,10
17,2025-05-14,57.65,57.53,57.24,56.96,56.68,56.4,56.06,normal,normal,True,0.314,0.625,0.061,0,0,0.29,10
17,2025-05-15,57.63,57.51,57.21,56.93,56.65,56.36,56.02,normal,normal,True,0.313,0.622,0.064,0,0,0.29,10
17,2025-05-16,57.51,57.38,57.04,56.77,56.47,56.17,55.84,normal,normal,True,0.34,0.603,0.057,0,0,0.29,10
17,2025-05-17,57.53,57.42,57.09,56.82,56.53,56.23,55.89,normal,normal,True,0.35,0.592,0.058,0,0,0.29,10
17,2025-05-18,57.63,57.55,57.27,57.05,56.79,56.56,56.16,normal,normal,True,0.441,0.515,0.044,0,0,0.29,10
17,2025-05-19,53.2,53.14,52.79,52.62,52.36,52.13,51.79,normal,normal,True,0.413,0.539,0.048,0,0,0.57,6
17,2025-05-20,53.07,52.99,52.66,52.47,52.22,52.01,51.67,normal,normal,True,0.362,0.577,0.061,0,0,0.57,6
17,2025-05-21,52.68,52.54,52.22,51.97,51.71,51.46,51.16,normal,normal,True,0.361,0.576,0.063,0,0,0.29,10
17,2025-05-22,53.82,53.73,53.47,53.24,53.0,52.76,52.43,normal,normal,True,0.392,0.554,0.054,0,0,0.29,10
17,2025-05-23,53.24,53.18,52.95,52.73,52.5,52.26,51.95,normal,normal,True,0.385,0.562,0.053,0,0,0.29,10
17,2025-05-24,54.29,54.22,54.01,53.78,53.55,53.32,53.0,normal,normal,True,0.326,0.612,0.062,0,0,0.29,10
17,2025-05-25,53.92,53.89,53.73,53.54,53.33,53.13,52.78,normal,normal,True,0.359,0.58,0.061,0,0,0.29,10
17,2025-05-26,53.56,53.44,53.17,52.93,52.69,52.46,52.13,normal,normal,True,0.33,0.594,0.077,0,0,0.29,10
17,2025-05-27,53.88,53.79,53.53,53.31,53.06,52.81,52.49,normal,normal,True,0.325,0.603,0.072,0,0,0.29,10
17,2025-05-28,53.68,53.58,53.28,53.05,52.8,52.55,52.24,normal,normal,True,0.281,0.634,0.085,0,0,0.29,10
17,2025-05-29,54.03,53.95,53.66,53.43,53.16,52.86,52.57,normal,normal,True,0.295,0.63,0.076,0,0,0.29,10
17,2025-05-30,54.36,54.28,54.06,53.83,53.58,53.33,53.02,normal,normal,True,0.282,0.612,0.106,0,0,0.29,10
17,2025-05-31,49.94,49.92,49.65,49.51,49.29,49.07,48.78,normal,normal,True,0.32,0.598,0.082,0,0,0.57,6
17,2025-06-01,49.38,49.32,49.02,48.84,48.6,48.37,48.1,normal,normal,True,0.292,0.614,0.094,0,0,0.57,6
17,2025-06-02,49.74,49.63,49.35,49.13,48.9,48.67,48.41,normal,normal,True,0.319,0.608,0.073,0,0,0.29,10
17,2025-06-03,49.42,49.32,49.01,48.79,48.54,48.29,48.05,normal,normal,True,0.335,0.592,0.073,0,0,0.29,10
17,2025-06-04,50.29,50.22,49.99,49.79,49.57,49.34,49.07,normal,normal,True,0.36,0.579,0.061,0,0,0.29,10
17,2025-06-05,49.92,49.85,49.64,49.43,49.22,49.0,48.74,normal,normal,True,0.363,0.572,0.065,0,0,0.29,10
17,2025-06-06,49.93,49.86,49.64,49.44,49.22,49.0,48.72,normal,normal,True,0.337,0.601,0.062,0,0,0.29,10
17,2025-06-07,49.72,49.65,49.44,49.23,49.01,48.79,48.52,normal,normal,True,0.344,0.595,0.061,0,0,0.29,10
17,2025-06-08,49.99,49.88,49.62,49.4,49.17,48.92,48.68,normal,normal,True,0.374,0.571,0.055,0,0,0.29,10
17,2025-06-09,49.9,49.81,49.57,49.36,49.13,48.88,48.63,normal,normal,True,0.386,0.558,0.056,0,0,0.29,10
17,2025-06-10,49.95,49.86,49.62,49.4,49.17,48.93,48.69,normal,normal,True,0.388,0.56,0.052,0,0,0.29,10
17,2025-06-11,49.91,49.83,49.61,49.41,49.2,49.0,48.72,normal,normal,True,0.403,0.548,0.049,0,0,0.29,10
17,2025-06-12,61.67,61.58,61.43,61.16,60.9,60.65,60.21,normal,normal,True,0.402,0.544,0.054,0,0,0.57,6
17,2025-06-13,62.83,62.73,62.57,62.27,61.99,61.71,61.28,normal,normal,True,0.364,0.581,0.055,0,0,0.57,6
17,2025-06-14,61.71,61.6,61.28,61.0,60.69,60.39,60.0,normal,normal,True,0.402,0.546,0.052,0,0,0.29,10
17,2025-06-15,61.96,61.86,61.57,61.31,61.02,60.76,60.32,normal,normal,True,0.41,0.545,0.045,0,0,0.29,10
17,2025-06-16,61.95,61.85,61.56,61.29,61.01,60.76,60.32,normal,normal,True,0.4,0.554,0.046,0,0,0.29,10
17,2025-06-17,62.05,61.96,61.67,61.4,61.12,60.87,60.43,normal,normal,True,0.354,0.596,0.05,0,0,0.29,10
17,2025-06-18,61.45,61.36,61.03,60.76,60.46,60.18,59.77,normal,normal,True,0.342,0.602,0.055,0,0,0.29,10
17,2025-06-19,62.53,62.41,62.13,61.83,61.53,61.23,60.83,normal,normal,True,0.32,0.622,0.058,0,0,0.29,10
17,2025-06-20,62.66,62.57,62.32,62.03,61.74,61.44,61.04,normal,normal,True,0.264,0.665,0.071,0,0,0.29,10
17,2025-06-21,62.47,62.37,62.09,61.8,61.5,61.19,60.79,normal,normal,True,0.264,0.664,0.072,0,0,0.29,10
17,2025-06-22,62.28,62.18,61.91,61.63,61.33,61.04,60.64,normal,normal,True,0.246,0.673,0.081,0,0,0.29,10
17,2025-06-23,62.09,61.96,61.6,61.3,60.97,60.65,60.27,normal,normal,True,0.243,0.673,0.084,0,0,0.29,10
17,2025-06-24,56.41,56.36,55.94,55.74,55.43,55.12,54.81,normal,normal,True,0.19,0.701,0.109,0,0,0.57,6
17,2025-06-25,55.95,55.89,55.5,55.3,55.0,54.69,54.39,normal,normal,True,0.25,0.663,0.087,0,0,0.57,6
17,2025-06-26,56.69,56.58,56.28,56.03,55.75,55.46,55.13,normal,normal,True,0.272,0.639,0.089,0,0,0.29,10
17,2025-06-27,56.34,56.24,55.94,55.7,55.42,55.15,54.81,normal,normal,True,0.264,0.635,0.102,0,0,0.29,10
17,2025-06-28,56.14,56.01,55.7,55.44,55.15,54.87,54.55,normal,normal,True,0.236,0.651,0.113,0,0,0.29,10
17,2025-06-29,56.13,56.05,55.74,55.51,55.23,54.97,54.62,normal,normal,True,0.305,0.613,0.082,0,0,0.29,10
17,2025-06-30,55.78,55.68,55.35,55.11,54.82,54.53,54.21,normal,normal,True,0.339,0.586,0.075,0,0,0.29,10
17,2025-07-01,56.77,56.67,56.41,56.15,55.87,55.58,55.26,normal,normal,True,0.333,0.607,0.061,0,0,0.29,10
17,2025-07-02,56.59,56.5,56.27,56.01,55.74,55.45,55.14,normal,normal,True,0.34,0.597,0.063,0,0,0.29,10
17,2025-07-03,56.62,56.5,56.23,55.96,55.68,55.39,55.07,normal,normal,True,0.34,0.602,0.057,0,0,0.29,10
17,2025-07-04,56.2,56.08,55.81,55.54,55.25,54.97,54.65,normal,normal,True,0.358,0.582,0.06,0,0,0.29,10
17,2025-07-05,56.29,56.16,55.83,55.55,55.25,54.94,54.64,normal,normal,True,0.349,0.596,0.055,0,0,0.29,10
17,2025-07-06,49.32,49.28,48.91,48.74,48.47,48.19,47.97,normal,normal,True,0.366,0.58,0.054,0,0,0.57,6
17,2025-07-07,48.72,48.67,48.3,48.13,47.87,47.59,47.39,normal,normal,True,0.391,0.561,0.048,0,0,0.57,6
17,2025-07-08,49.61,49.51,49.27,49.04,48.8,48.53,48.31,normal,normal,True,0.388,0.561,0.05,0,0,0.29,10
17,2025-07-09,49.35,49.25,49.01,48.77,48.54,48.28,48.06,normal,normal,True,0.36,0.589,0.051,0,0,0.29,10
17,2025-07-10,49.37,49.27,49.03,48.8,48.56,48.3,48.08,normal,normal,True,0.373,0.579,0.049,0,0,0.29,10
17,2025-07-11,49.25,49.17,48.92,48.7,48.47,48.22,47.97,normal,normal,True,0.407,0.547,0.046,0,0,0.29,10
17,2025-07-12,49.3,49.22,48.97,48.75,48.51,48.25,48.02,normal,normal,True,0.409,0.547,0.044,0,0,0.29,10
17,2025-07-13,49.42,49.34,49.11,48.89,48.66,48.41,48.16,normal,normal,True,0.406,0.551,0.043,0,0,0.29,10
17,2025-07-14,49.2,49.09,48.84,48.61,48.38,48.12,47.89,normal,normal,True,0.429,0.527,0.044,0,0,0.29,10
17,2025-07-15,49.47,49.36,49.13,48.9,48.67,48.42,48.18,normal,normal,True,0.427,0.528,0.045,0,0,0.29,10
17,2025-07-16,49.07,48.96,48.71,48.48,48.24,47.98,47.76,normal,normal,True,0.413,0.543,0.044,0,0,0.29,10
17,2025-07-17,49.12,49.02,48.77,48.55,48.33,48.1,47.85,normal,normal,True,0.451,0.508,0.04,0,0,0.29,10
17,2025-07-18,43.11,43.08,42.8,42.66,42.46,42.26,42.08,normal,normal,True,0.475,0.485,0.04,0,0,0.57,6
17,2025-07-19,42.84,42.8,42.5,42.36,42.17,41.98,41.81,normal,normal,True,0.469,0.493,0.038,0,0,0.57,6
17,2025-07-20,43.53,43.47,43.29,43.12,42.94,42.76,42.58,normal,normal,True,0.441,0.517,0.042,0,0,0.29,10
17,2025-07-21,44.01,43.96,43.8,43.64,43.49,43.33,43.12,normal,normal,True,0.456,0.504,0.04,0,0,0.29,10
17,2025-07-22,43.66,43.62,43.45,43.3,43.14,42.97,42.77,normal,normal,True,0.462,0.498,0.04,0,0,0.29,10
17,2025-07-23,43.94,43.88,43.71,43.55,43.39,43.22,43.02,normal,normal,True,0.429,0.528,0.043,0,0,0.29,10
17,2025-07-24,43.81,43.77,43.61,43.46,43.3,43.13,42.93,normal,normal,True,0.425,0.535,0.04,0,0,0.29,10
17,2025-07-25,44.25,44.19,44.01,43.85,43.68,43.5,43.31,normal,normal,True,0.412,0.541,0.046,0,0,0.29,10
17,2025-07-26,44.4,44.36,44.22,44.06,43.9,43.73,43.53,normal,normal,True,0.412,0.545,0.043,0,0,0.29,10
17,2025-07-27,44.25,44.2,44.04,43.88,43.72,43.55,43.35,normal,normal,True,0.378,0.57,0.052,0,0,0.29,10
17,2025-07-28,44.61,44.56,44.41,44.24,44.06,43.87,43.68,normal,normal,True,0.355,0.596,0.05,0,0,0.29,10
17,2025-07-29,44.6,44.53,44.36,44.18,44.0,43.81,43.62,normal,normal,True,0.309,0.624,0.067,0,0,0.29,10
17,2025-07-30,2.54,2.72,2.97,3.31,3.92,4.14,4.51,drought,normal,False,0.316,0.626,0.058,7,0,0.57,6
17,2025-07-31,2.3,2.61,2.91,3.34,3.96,4.19,4.58,drought,normal,False,0.306,0.632,0.062,7,0,0.57,6
17,2025-08-01,0.32,0.3,0.31,0.33,0.4,0.51,0.7,drought,normal,False,0.323,0.618,0.059,7,0,0.29,10
17,2025-08-02,0.19,0.17,0.17,0.2,0.29,0.44,0.6,drought,normal,False,0.318,0.616,0.067,7,0,0.29,10
17,2025-08-03,0.17,0.15,0.15,0.18,0.27,0.42,0.58,drought,normal,False,0.345,0.594,0.061,7,0,0.29,10
17,2025-08-04,0.1,0.08,0.09,0.13,0.22,0.39,0.54,drought,normal,False,0.366,0.571,0.062,7,0,0.29,10
17,2025-08-05,0.2,0.2,0.22,0.28,0.37,0.52,0.69,drought,normal,False,0.37,0.573,0.056,7,0,0.29,10
17,2025-08-06,0.15,0.18,0.21,0.28,0.38,0.52,0.7,drought,normal,False,0.38,0.565,0.054,7,0,0.29,10
17,2025-08-07,0.3,0.35,0.38,0.46,0.56,0.7,0.88,drought,normal,False,0.389,0.565,0.046,7,0,0.29,10
17,2025-08-08,0.29,0.36,0.41,0.5,0.61,0.75,0.93,drought,normal,False,0.378,0.571,0.051,7,0,0.29,10
17,2025-08-09,0.29,0.33,0.36,0.43,0.53,0.67,0.85,drought,normal,False,0.4,0.561,0.039,7,0,0.29,10
17,2025-08-10,0.21,0.25,0.27,0.34,0.44,0.58,0.76,drought,normal,False,0.398,0.553,0.05,7,0,0.29,10
17,2025-08-11,0.71,0.72,0.75,0.81,0.9,1.02,1.19,drought,normal,False,0.392,0.566,0.042,7,0,0.57,6
17,2025-08-12,0.71,0.73,0.77,0.83,0.92,1.04,1.21,drought,normal,False,0.347,0.597,0.056,7,0,0.57,6
17,2025-08-13,0.88,0.88,0.92,0.97,1.08,1.2,1.37,drought,normal,False,0.37,0.584,0.047,7,0,0.29,10
17,2025-08-14,0.8,0.82,0.86,0.93,1.03,1.16,1.33,drought,normal,False,0.322,0.606,0.072,7,0,0.29,10
17,2025-08-15,0.85,0.87,0.91,0.98,1.08,1.2,1.38,drought,normal,False,0.34,0.604,0.057,7,0,0.29,10
17,2025-08-16,0.78,0.81,0.85,0.92,1.02,1.14,1.31,drought,normal,False,0.277,0.641,0.083,7,0,0.29,10
17,2025-08-17,0.92,0.93,0.98,1.04,1.14,1.27,1.44,drought,normal,False,0.335,0.6,0.065,7,0,0.29,10
17,2025-08-18,0.86,0.86,0.9,0.96,1.05,1.18,1.35,drought,normal,False,0.31,0.613,0.077,7,0,0.29,10
17,2025-08-19,0.9,0.9,0.93,0.98,1.07,1.19,1.37,drought,normal,False,0.291,0.624,0.085,7,0,0.29,10
17,2025-08-20,1.05,1.06,1.1,1.15,1.24,1.33,1.53,drought,normal,False,0.259,0.657,0.084,7,0,0.29,10
17,2025-08-21,1.01,1.01,1.04,1.08,1.17,1.28,1.46,drought,normal,False,0.282,0.625,0.093,7,0,0.29,10
17,2025-08-22,1.02,1.02,1.04,1.08,1.17,1.28,1.45,drought,normal,False,0.31,0.606,0.085,7,0,0.29,10
17,2025-08-23,0.48,0.47,0.49,0.53,0.62,0.73,0.92,drought,normal,False,0.274,0.636,0.09,7,0,0.57,6
17,2025-08-24,0.38,0.34,0.35,0.37,0.45,0.58,0.76,drought,normal,False,0.267,0.639,0.094,7,0,0.57,6
17,2025-08-25,0.37,0.34,0.35,0.37,0.43,0.53,0.74,drought,normal,False,0.289,0.619,0.092,7,0,0.29,10
17,2025-08-26,0.34,0.32,0.33,0.35,0.42,0.54,0.73,drought,normal,False,0.344,0.578,0.078,7,0,0.29,10
17,2025-08-27,0.36,0.34,0.36,0.39,0.47,0.58,0.78,drought,normal,False,0.306,0.619,0.076,7,0,0.29,10
17,2025-08-28,0.34,0.34,0.36,0.41,0.49,0.6,0.8,drought,normal,False,0.296,0.627,0.076,7,0,0.29,10
17,2025-08-29,0.33,0.31,0.33,0.37,0.45,0.56,0.76,drought,normal,False,0.37,0.571,0.059,7,0,0.29,10
17,2025-08-30,0.35,0.35,0.36,0.4,0.48,0.59,0.79,drought,normal,False,0.427,0.522,0.051,7,0,0.29,10
17,2025-08-31,0.35,0.35,0.38,0.42,0.51,0.63,0.81,drought,normal,False,0.395,0.551,0.054,7,0,0.29,10
18,2025-03-01,26.54,26.55,26.54,26.48,26.5,26.53,26.51,normal,normal,True,0.221,0.677,0.102,0,0,0.29,10
18,2025-03-02,27.28,27.31,27.35,27.3,27.33,27.37,27.33,normal,normal,True,0.245,0.617,0.138,0,0,0.29,10
18,2025-03-03,27.12,27.15,27.19,27.14,27.17,27.21,27.18,normal,normal,True,0.27,0.579,0.151,0,0,0.29,10
18,2025-03-04,27.3,27.33,27.37,27.31,27.33,27.35,27.34,normal,normal,True,0.23,0.586,0.184,0,0,0.29,10
18,2025-03-05,27.44,27.51,27.59,27.55,27.58,27.59,27.59,normal,normal,True,0.247,0.574,0.179,0,0,0.29,10
18,2025-03-06,27.54,27.57,27.6,27.54,27.55,27.54,27.55,normal,normal,True,0.251,0.551,0.198,0,0,0.29,10
18,2025-03-07,27.44,27.46,27.49,27.42,27.43,27.42,27.43,normal,normal,True,0.253,0.569,0.178,0,0,0.29,10
18,2025-03-08,25.21,25.2,25.17,25.1,25.11,25.1,25.14,normal,normal,True,0.23,0.587,0.184,0,0,0.57,6
18,2025-03-09,25.07,25.05,25.02,24.95,24.96,24.95,25.0,normal,normal,True,0.255,0.579,0.166,0,0,0.57,6
18,2025-03-10,25.22,25.24,25.27,25.21,25.22,25.23,25.27,normal,normal,True,0.257,0.546,0.196,0,0,0.29,10
18,2025-03-11,24.88,24.91,24.93,24.88,24.91,24.96,24.95,normal,normal,True,0.288,0.557,0.155,0,0,0.29,10
18,2025-03-12,25.57,25.66,25.75,25.75,25.8,25.9,25.84,normal,normal,True,0.261,0.518,0.221,0,0,0.29,10
18,2025-03-13,24.82,24.82,24.83,24.76,24.77,24.8,24.82,normal,normal,True,0.261,0.58,0.159,0,0,0.29,10
18,2025-03-14,24.82,24.79,24.77,24.68,24.68,24.68,24.72,normal,normal,True,0.287,0.575,0.138,0,0,0.29,10
18,2025-03-15,25.16,25.22,25.3,25.26,25.29,25.31,25.34,normal,normal,True,0.292,0.596,0.112,0,0,0.29,10
18,2025-03-16,26.12,26.24,26.35,26.35,26.4,26.42,26.43,normal,normal,True,0.336,0.543,0.121,0,0,0.29,10
18,2025-03-17,25.42,25.54,25.65,25.66,25.72,25.78,25.76,normal,normal,True,0.306,0.579,0.115,0,0,0.29,10
18,2025-03-18,25.66,25.73,25.84,25.8,25.84,25.89,25.89,normal,normal,True,0.291,0.605,0.103,0,0,0.29,10
18,2025-03-19,24.88,24.85,24.84,24.75,24.75,24.76,24.79,normal,normal,True,0.306,0.586,0.108,0,0,0.29,10
18,2025-03-20,20.88,20.82,20.78,20.71,20.76,20.8,20.87,normal,normal,True,0.377,0.542,0.081,0,0,0.57,6
18,2025-03-21,19.79,19.72,19.67,19.59,19.63,19.67,19.74,normal,normal,True,0.292,0.61,0.098,0,0,0.57,6
18,2025-03-22,20.64,20.63,20.65,20.57,20.62,20.65,20.73,normal,normal,True,0.28,0.637,0.083,0,0,0.29,10
18,2025-03-23,20.68,20.77,20.89,20.88,20.95,21.01,21.08,normal,normal,True,0.343,0.551,0.106,0,0,0.29,10
18,2025-03-24,20.39,20.37,20.38,20.3,20.34,20.37,20.46,normal,normal,True,0.334,0.549,0.117,0,0,0.29,10
18,2025-03-25,20.1,20.08,20.1,20.03,20.08,20.11,20.21,normal,normal,True,0.399,0.517,0.084,0,0,0.29,10
18,2025-03-26,20.26,20.28,20.34,20.3,20.35,20.4,20.49,normal,normal,True,0.396,0.509,0.095,0,0,0.29,10
18,2025-03-27,19.99,19.97,19.99,19.91,19.96,19.99,20.09,normal,normal,True,0.41,0.503,0.087,0,0,0.29,10
18,2025-03-28,19.95,19.95,20.0,19.94,19.99,20.03,20.13,normal,normal,True,0.372,0.536,0.092,0,0,0.29,10
18,2025-03-29,20.1,20.14,20.22,20.18,20.23,20.27,20.36,normal,normal,True,0.425,0.491,0.084,0,0,0.29,10
18,2025-03-30,20.17,20.19,20.27,20.21,20.26,20.29,20.39,normal,normal,True,0.403,0.51,0.087,0,0,0.29,10
18,2025-03-31,20.05,20.07,20.15,20.09,20.13,20.17,20.28,normal,normal,True,0.45,0.47,0.08,0,0,0.29,10
18,2025-04-01,11.0,10.85,10.84,10.78,10.82,10.9,11.09,drought,normal,False,0.398,0.494,0.107,7,0,0.57,6
18,2025-04-02,10.62,10.49,10.48,10.43,10.49,10.6,10.76,drought,normal,False,0.451,0.466,0.083,7,0,0.57,6
18,2025-04-03,12.38,12.42,12.55,12.54,12.65,12.79,12.93,normal,drought,False,0.466,0.442,0.092,0,0,0.29,10
18,2025-04-04,13.46,13.66,13.93,14.01,14.18,14.35,14.49,normal,drought,False,0.473,0.444,0.084,0,0,0.29,10
18,2025-04-05,14.37,14.69,15.07,15.21,15.43,15.61,15.77,normal,normal,True,0.423,0.457,0.12,0,0,0.29,10
18,2025-04-06,13.2,13.25,13.39,13.4,13.53,13.66,13.79,normal,drought,False,0.482,0.436,0.082,0,0,0.29,10
18,2025-04-07,15.3,15.66,16.06,16.21,16.45,16.63,16.78,normal,normal,True,0.445,0.455,0.1,0,0,0.29,10
18,2025-04-08,14.32,14.5,14.72,14.78,14.94,15.08,15.21,normal,drought,False,0.475,0.455,0.07,0,0,0.29,10
18,2025-04-09,13.86,13.83,13.87,13.82,13.91,14.01,14.13,normal,drought,False,0.492,0.43,0.078,0,0,0.29,10
18,2025-04-10,13.28,13.3,13.4,13.37,13.48,13.59,13.73,normal,drought,False,0.521,0.428,0.051,0,0,0.29,10
18,2025-04-11,13.45,13.4,13.4,13.36,13.44,13.55,13.66,normal,drought,False,0.522,0.423,0.056,0,0,0.29,10
18,2025-04-12,12.41,12.31,12.29,12.23,12.29,12.4,12.53,normal,drought,False,0.52,0.431,0.049,0,0,0.29,10
18,2025-04-13,14.81,14.77,14.79,14.73,14.79,14.89,15.02,normal,drought,False,0.501,0.441,0.058,0,0,0.57,6
18,2025-04-14,15.34,15.42,15.55,15.55,15.66,15.77,15.9,normal,drought,False,0.506,0.438,0.056,0,0,0.57,6
18,2025-04-15,15.08,15.13,15.23,15.21,15.31,15.42,15.54,normal,drought,False,0.493,0.451,0.056,0,0,0.29,10
18,2025-04-16,14.52,14.55,14.67,14.65,14.75,14.85,14.99,normal,normal,True,0.466,0.473,0.061,0,0,0.29,10
18,2025-04-17,14.73,14.78,14.9,14.88,14.98,15.08,15.21,normal,normal,True,0.407,0.498,0.096,0,0,0.29,10
18,2025-04-18,14.6,14.62,14.72,14.68,14.77,14.87,15.0,normal,normal,True,0.396,0.529,0.075,0,0,0.29,10
18,2025-04-19,14.58,14.56,14.62,14.57,14.64,14.73,14.86,normal,normal,True,0.403,0.538,0.06,0,0,0.29,10
18,2025-04-20,14.43,14.42,14.5,14.46,14.53,14.63,14.77,normal,normal,True,0.426,0.519,0.056,0,0,0.29,10
18,2025-04-21,14.42,14.41,14.48,14.43,14.5,14.58,14.73,normal,normal,True,0.382,0.542,0.076,0,0,0.29,10
18,2025-04-22,14.89,14.94,15.08,15.06,15.15,15.26,15.4,normal,normal,True,0.404,0.533,0.063,0,0,0.29,10
18,2025-04-23,14.65,14.67,14.78,14.75,14.84,14.95,15.08,normal,normal,True,0.427,0.514,0.059,0,0,0.29,10
18,2025-04-24,14.35,14.33,14.41,14.37,14.44,14.54,14.67,normal,normal,True,0.42,0.523,0.057,0,0,0.29,10
18,2025-04-25,8.85,8.75,8.78,8.75,8.82,8.94,9.11,drought,normal,False,0.434,0.516,0.05,7,0,0.57,6
18,2025-04-26,8.8,8.72,8.76,8.74,8.82,8.94,9.12,drought,normal,False,0.462,0.496,0.042,7,0,0.57,6
18,2025-04-27,9.91,9.92,10.03,10.03,10.12,10.25,10.42,drought,drought,True,0.488,0.475,0.037,7,0,0.29,10
18,2025-04-28,10.05,10.09,10.21,10.22,10.33,10.47,10.62,drought,drought,True,0.492,0.47,0.037,7,0,0.29,10
18,2025-04-29,10.6,10.72,10.91,10.96,11.09,11.25,11.41,drought,drought,True,0.482,0.48,0.038,7,0,0.29,10
18,2025-04-30,10.8,10.92,11.09,11.14,11.28,11.45,11.59,drought,drought,True,0.505,0.46,0.035,7,0,0.29,10
18,2025-05-01,10.86,10.99,11.18,11.24,11.39,11.56,11.68,drought,drought,True,0.521,0.444,0.035,7,0,0.29,10
18,2025-05-02,10.29,10.29,10.37,10.36,10.45,10.58,10.72,drought,drought,True,0.516,0.451,0.033,7,0,0.29,10
18,2025-05-03,10.31,10.29,10.34,10.32,10.4,10.52,10.66,drought,drought,True,0.519,0.446,0.035,7,0,0.29,10
18,2025-05-04,10.32,10.32,10.37,10.36,10.44,10.56,10.71,drought,drought,True,0.521,0.447,0.032,7,0,0.29,10
18,2025-05-05,10.01,9.95,9.96,9.91,9.97,10.08,10.24,drought,drought,True,0.501,0.46,0.039,7,0,0.29,10
18,2025-05-06,10.48,10.54,10.65,10.66,10.76,10.89,11.06,drought,normal,False,0.476,0.485,0.039,7,0,0.29,10
18,2025-05-07,7.39,7.28,7.3,7.28,7.33,7.47,7.65,drought,drought,True,0.496,0.465,0.039,7,0,0.57,6
18,2025-05-08,6.97,6.84,6.83,6.81,6.86,7.0,7.17,drought,drought,True,0.522,0.445,0.033,7,0,0.57,6
18,2025-05-09,7.44,7.39,7.42,7.4,7.46,7.59,7.75,drought,drought,True,0.477,0.474,0.048,7,0,0.29,10
18,2025-05-10,7.92,7.91,7.95,7.94,8.01,8.14,8.3,drought,normal,False,0.472,0.488,0.041,7,0,0.29,10
18,2025-05-11,7.81,7.81,7.88,7.88,7.95,8.08,8.26,drought,normal,False,0.458,0.496,0.046,7,0,0.29,10
18,2025-05-12,7.43,7.38,7.42,7.42,7.47,7.59,7.78,drought,normal,False,0.464,0.493,0.043,7,0,0.29,10
18,2025-05-13,7.19,7.11,7.13,7.11,7.15,7.27,7.45,drought,normal,False,0.391,0.534,0.075,7,0,0.29,10
18,2025-05-14,7.12,7.01,6.99,6.96,6.98,7.1,7.28,drought,normal,False,0.402,0.553,0.046,7,0,0.29,10
18,2025-05-15,7.3,7.23,7.26,7.23,7.27,7.39,7.58,drought,normal,False,0.394,0.553,0.053,7,0,0.29,10
18,2025-05-16,7.14,7.09,7.13,7.1,7.15,7.27,7.46,drought,normal,False,0.398,0.551,0.051,7,0,0.29,10
18,2025-05-17,7.16,7.11,7.16,7.14,7.19,7.32,7.5,drought,normal,False,0.382,0.564,0.054,7,0,0.29,10
18,2025-05-18,7.44,7.45,7.54,7.56,7.66,7.83,7.97,drought,normal,False,0.439,0.517,0.045,7,0,0.29,10
18,2025-05-19,3.11,2.98,3.03,3.09,3.19,3.39,3.52,drought,normal,False,0.43,0.523,0.047,7,0,0.57,6
18,2025-05-20,2.93,2.81,2.86,2.93,3.04,3.24,3.36,drought,normal,False,0.366,0.565,0.068,7,0,0.57,6
18,2025-05-21,2.86,2.75,2.78,2.83,2.92,3.07,3.2,drought,normal,False,0.358,0.579,0.063,7,0,0.29,10
18,2025-05-22,3.6,3.55,3.59,3.68,3.78,3.94,4.08,drought,normal,False,0.382,0.556,0.062,7,0,0.29,10
18,2025-05-23,3.55,3.53,3.6,3.69,3.79,3.95,4.08,drought,normal,False,0.382,0.565,0.054,7,0,0.29,10
18,2025-05-24,3.75,3.71,3.76,3.84,3.94,4.09,4.24,drought,normal,False,0.343,0.577,0.08,7,0,0.29,10
18,2025-05-25,3.09,3.03,3.06,3.13,3.25,3.41,3.53,drought,normal,False,0.382,0.561,0.058,7,0,0.29,10
18,2025-05-26,3.13,3.03,3.06,3.1,3.18,3.35,3.47,drought,normal,False,0.351,0.57,0.079,7,0,0.29,10
18,2025-05-27,3.03,2.91,2.94,2.98,3.05,3.19,3.34,drought,normal,False,0.366,0.576,0.058,7,0,0.29,10
18,2025-05-28,2.93,2.81,2.84,2.89,2.96,3.12,3.26,drought,normal,False,0.329,0.582,0.089,7,0,0.29,10
18,2025-05-29,3.31,3.24,3.27,3.33,3.42,3.54,3.7,drought,normal,False,0.345,0.595,0.06,7,0,0.29,10
18,2025-05-30,3.22,3.16,3.21,3.29,3.38,3.51,3.68,drought,normal,False,0.335,0.574,0.091,7,0,0.29,10
18,2025-05-31,1.04,1.01,1.05,1.13,1.26,1.42,1.59,drought,normal,False,0.37,0.566,0.063,7,0,0.57,6
18,2025-06-01,0.95,0.93,0.97,1.05,1.16,1.31,1.49,drought,normal,False,0.354,0.571,0.075,7,0,0.57,6
18,2025-06-02,0.67,0.67,0.69,0.73,0.8,0.96,1.12,drought,normal,False,0.35,0.593,0.057,7,0,0.29,10
18,2025-06-03,0.69,0.68,0.7,0.76,0.83,0.97,1.14,drought,normal,False,0.361,0.576,0.063,7,0,0.29,10
18,2025-06-04,0.78,0.81,0.84,0.91,1.0,1.14,1.31,drought,normal,False,0.383,0.565,0.052,7,0,0.29,10
18,2025-06-05,0.76,0.77,0.79,0.85,0.94,1.08,1.25,drought,normal,False,0.375,0.565,0.06,7,0,0.29,10
18,2025-06-06,0.68,0.68,0.7,0.76,0.84,0.99,1.15,drought,normal,False,0.356,0.585,0.059,7,0,0.29,10
18,2025-06-07,0.69,0.68,0.7,0.75,0.83,0.97,1.14,drought,normal,False,0.356,0.576,0.067,7,0,0.29,10
18,2025-06-08,0.79,0.78,0.81,0.86,0.94,1.07,1.26,drought,normal,False,0.386,0.562,0.052,7,0,0.29,10
18,2025-06-09,0.8,0.8,0.83,0.89,0.96,1.1,1.28,drought,normal,False,0.39,0.547,0.063,7,0,0.29,10
18,2025-06-10,0.81,0.81,0.84,0.9,0.98,1.12,1.29,drought,normal,False,0.387,0.558,0.055,7,0,0.29,10
18,2025-06-11,0.74,0.74,0.78,0.84,0.94,1.11,1.25,drought,normal,False,0.43,0.505,0.065,7,0,0.29,10
18,2025-06-12,0.47,0.47,0.5,0.57,0.67,0.85,1.0,drought,normal,False,0.446,0.495,0.059,7,0,0.57,6
18,2025-06-13,0.57,0.56,0.58,0.64,0.72,0.86,1.04,drought,normal,False,0.41,0.521,0.069,7,0,0.57,6
18,2025-06-14,0.52,0.52,0.55,0.61,0.69,0.84,1.02,drought,normal,False,0.438,0.497,0.065,7,0,0.29,10
18,2025-06-15,0.52,0.57,0.61,0.71,0.82,1.01,1.14,drought,drought,True,0.507,0.443,0.05,7,0,0.29,10
18,2025-06-16,0.5,0.55,0.59,0.69,0.81,1.0,1.13,drought,drought,True,0.512,0.43,0.058,7,0,0.29,10
18,2025-06-17,0.44,0.47,0.5,0.59,0.7,0.89,1.02,drought,drought,True,0.47,0.46,0.07,7,0,0.29,10
18,2025-06-18,0.42,0.46,0.48,0.56,0.66,0.85,0.99,drought,drought,True,0.465,0.457,0.078,7,0,0.29,10
18,2025-06-19,0.64,0.69,0.72,0.81,0.9,1.06,1.23,drought,drought,True,0.476,0.47,0.054,7,0,0.29,10
18,2025-06-20,0.67,0.72,0.75,0.84,0.94,1.09,1.27,drought,normal,False,0.44,0.481,0.079,7,0,0.29,10
18,2025-06-21,0.61,0.65,0.68,0.76,0.86,1.01,1.19,drought,normal,False,0.428,0.498,0.074,7,0,0.29,10
18,2025-06-22,0.54,0.58,0.6,0.67,0.77,0.92,1.09,drought,normal,False,0.398,0.516,0.086,7,0,0.29,10
18,2025-06-23,0.51,0.52,0.55,0.61,0.68,0.83,1.01,drought,normal,False,0.409,0.525,0.065,7,0,0.29,10
18,2025-06-24,0.64,0.65,0.68,0.74,0.81,0.96,1.13,drought,normal,False,0.338,0.573,0.089,7,0,0.57,6
18,2025-06-25,0.76,0.78,0.81,0.87,0.94,1.07,1.25,drought,normal,False,0.365,0.561,0.075,7,0,0.57,6
18,2025-06-26,0.75,0.76,0.79,0.86,0.94,1.08,1.25,drought,normal,False,0.364,0.558,0.078,7,0,0.29,10
18,2025-06-27,0.64,0.64,0.66,0.71,0.79,0.94,1.1,drought,normal,False,0.372,0.539,0.088,7,0,0.29,10
18,2025-06-28,0.67,0.66,0.68,0.73,0.8,0.94,1.12,drought,normal,False,0.306,0.582,0.112,7,0,0.29,10
18,2025-06-29,0.62,0.61,0.63,0.68,0.76,0.91,1.07,drought,normal,False,0.387,0.533,0.079,7,0,0.29,10
18,2025-06-30,0.69,0.69,0.71,0.76,0.83,0.97,1.14,drought,normal,False,0.368,0.559,0.073,7,0,0.29,10
18,2025-07-01,0.91,0.93,0.96,1.02,1.1,1.22,1.4,drought,normal,False,0.389,0.544,0.067,7,0,0.29,10
18,2025-07-02,0.87,0.86,0.89,0.94,1.01,1.14,1.32,drought,normal,False,0.355,0.567,0.078,7,0,0.29,10
18,2025-07-03,0.91,0.91,0.93,0.98,1.07,1.19,1.37,drought,normal,False,0.378,0.547,0.076,7,0,0.29,10
18,2025-07-04,0.84,0.83,0.85,0.89,0.96,1.09,1.27,drought,normal,False,0.359,0.566,0.075,7,0,0.29,10
18,2025-07-05,0.88,0.85,0.87,0.9,0.97,1.08,1.27,drought,normal,False,0.361,0.567,0.072,7,0,0.29,10
18,2025-07-06,6.58,6.69,6.89,6.95,7.06,7.16,7.4,drought,normal,False,0.345,0.578,0.078,7,0,0.57,6
18,2025-07-07,7.08,7.19,7.39,7.43,7.53,7.62,7.84,drought,normal,False,0.378,0.552,0.07,7,0,0.57,6
18,2025-07-08,6.11,6.04,6.09,6.08,6.12,6.21,6.44,drought,normal,False,0.347,0.575,0.077,7,0,0.29,10
18,2025-07-09,6.12,6.03,6.08,6.07,6.11,6.21,6.43,drought,normal,False,0.336,0.592,0.072,7,0,0.29,10
18,2025-07-10,6.13,6.05,6.09,6.07,6.11,6.21,6.42,drought,normal,False,0.322,0.607,0.07,7,0,0.29,10
18,2025-07-11,6.24,6.18,6.23,6.22,6.27,6.38,6.58,drought,normal,False,0.356,0.578,0.065,7,0,0.29,10
18,2025-07-12,5.99,5.89,5.92,5.9,5.94,6.03,6.24,drought,normal,False,0.333,0.603,0.064,7,0,0.29,10
18,2025-07-13,6.0,5.9,5.92,5.91,5.94,6.05,6.25,drought,normal,False,0.33,0.6,0.071,7,0,0.29,10
18,2025-07-14,5.85,5.74,5.76,5.75,5.78,5.88,6.09,drought,normal,False,0.334,0.594,0.072,7,0,0.29,10
18,2025-07-15,5.91,5.8,5.82,5.81,5.85,5.95,6.16,drought,normal,False,0.348,0.578,0.074,7,0,0.29,10
18,2025-07-16,5.9,5.81,5.86,5.85,5.9,6.0,6.21,drought,normal,False,0.311,0.625,0.064,7,0,0.29,10
18,2025-07-17,5.94,5.86,5.92,5.93,5.99,6.12,6.3,drought,normal,False,0.374,0.569,0.057,7,0,0.29,10
18,2025-07-18,9.44,9.51,9.66,9.67,9.75,9.87,10.05,drought,normal,False,0.371,0.574,0.055,7,0,0.57,6
18,2025-07-19,9.83,9.92,10.07,10.09,10.18,10.31,10.48,drought,normal,False,0.393,0.554,0.054,7,0,0.57,6
18,2025-07-20,9.11,9.08,9.17,9.14,9.21,9.32,9.52,drought,normal,False,0.354,0.587,0.059,7,0,0.29,10
18,2025-07-21,9.24,9.21,9.28,9.26,9.34,9.46,9.64,drought,normal,False,0.421,0.529,0.05,7,0,0.29,10
18,2025-07-22,9.15,9.11,9.2,9.18,9.26,9.38,9.56,drought,normal,False,0.41,0.537,0.053,7,0,0.29,10
18,2025-07-23,9.28,9.26,9.37,9.35,9.44,9.56,9.75,drought,normal,False,0.422,0.521,0.057,7,0,0.29,10
18,2025-07-24,9.48,9.52,9.66,9.67,9.77,9.9,10.09,drought,normal,False,0.417,0.525,0.058,7,0,0.29,10
18,2025-07-25,9.73,9.79,9.95,9.96,10.07,10.2,10.39,drought,normal,False,0.465,0.477,0.058,7,0,0.29,10
18,2025-07-26,9.81,9.87,10.03,10.04,10.15,10.28,10.47,drought,normal,False,0.452,0.478,0.07,7,0,0.29,10
18,2025-07-27,9.64,9.66,9.79,9.78,9.88,10.01,10.19,drought,drought,True,0.477,0.446,0.077,7,0,0.29,10
18,2025-07-28,9.63,9.61,9.7,9.67,9.74,9.84,10.04,drought,normal,False,0.419,0.49,0.091,7,0,0.29,10
18,2025-07-29,9.55,9.52,9.6,9.56,9.62,9.72,9.92,drought,normal,False,0.426,0.481,0.093,7,0,0.29,10
18,2025-07-30,3.83,3.69,3.73,3.77,3.84,3.98,4.19,drought,normal,False,0.398,0.5,0.102,7,0,0.57,6
18,2025-07-31,3.55,3.43,3.48,3.54,3.62,3.77,3.96,drought,normal,False,0.409,0.498,0.093,7,0,0.57,6
18,2025-08-01,3.6,3.47,3.49,3.5,3.55,3.67,3.83,drought,normal,False,0.39,0.496,0.115,7,0,0.29,10
18,2025-08-02,3.71,3.59,3.63,3.66,3.73,3.89,4.01,drought,normal,False,0.405,0.493,0.103,7,0,0.29,10
18,2025-08-03,3.43,3.3,3.33,3.36,3.43,3.6,3.71,drought,normal,False,0.388,0.51,0.102,7,0,0.29,10
18,2025-08-04,3.23,3.09,3.12,3.15,3.22,3.4,3.51,drought,normal,False,0.417,0.495,0.088,7,0,0.29,10
18,2025-08-05,3.78,3.7,3.75,3.81,3.9,4.06,4.19,drought,normal,False,0.397,0.514,0.089,7,0,0.29,10
18,2025-08-06,3.53,3.43,3.46,3.52,3.61,3.76,3.9,drought,normal,False,0.415,0.513,0.072,7,0,0.29,10
18,2025-08-07,4.21,4.18,4.25,4.32,4.41,4.55,4.71,drought,normal,False,0.416,0.52,0.064,7,0,0.29,10
18,2025-08-08,4.13,4.13,4.22,4.32,4.42,4.57,4.74,drought,normal,False,0.408,0.536,0.057,7,0,0.29,10
18,2025-08-09,4.25,4.19,4.25,4.31,4.39,4.53,4.69,drought,normal,False,0.458,0.495,0.046,7,0,0.29,10
18,2025-08-10,3.64,3.57,3.61,3.68,3.76,3.91,4.06,drought,normal,False,0.461,0.489,0.05,7,0,0.29,10
18,2025-08-11,3.79,3.66,3.68,3.71,3.77,3.9,4.06,drought,drought,True,0.476,0.476,0.048,7,0,0.57,6
18,2025-08-12,3.59,3.46,3.49,3.53,3.6,3.73,3.89,drought,normal,False,0.441,0.498,0.061,7,0,0.57,6
18,2025-08-13,3.79,3.67,3.7,3.75,3.81,3.95,4.11,drought,drought,True,0.488,0.453,0.058,7,0,0.29,10
18,2025-08-14,3.86,3.78,3.84,3.9,3.98,4.12,4.27,drought,normal,False,0.454,0.466,0.08,7,0,0.29,10
18,2025-08-15,3.91,3.83,3.89,3.96,4.03,4.17,4.33,drought,drought,True,0.472,0.447,0.08,7,0,0.29,10
18,2025-08-16,3.91,3.84,3.89,3.96,4.04,4.18,4.34,drought,normal,False,0.413,0.467,0.12,7,0,0.29,10
18,2025-08-17,4.01,3.94,3.99,4.05,4.11,4.26,4.42,drought,drought,True,0.473,0.426,0.101,7,0,0.29,10
18,2025-08-18,3.94,3.86,3.9,3.95,4.02,4.16,4.31,drought,drought,True,0.442,0.434,0.123,7,0,0.29,10
18,2025-08-19,3.9,3.79,3.83,3.87,3.93,4.06,4.23,drought,normal,False,0.385,0.438,0.176,7,0,0.29,10
18,2025-08-20,4.16,4.07,4.12,4.17,4.21,4.32,4.52,drought,normal,False,0.352,0.469,0.179,7,0,0.29,10
18,2025-08-21,3.98,3.88,3.91,3.95,3.99,4.12,4.29,drought,normal,False,0.369,0.441,0.19,7,0,0.29,10
18,2025-08-22,4.06,3.96,3.98,4.01,4.05,4.18,4.35,drought,normal,False,0.402,0.457,0.141,7,0,0.29,10
18,2025-08-23,6.34,6.34,6.43,6.44,6.5,6.63,6.82,drought,normal,False,0.345,0.438,0.217,7,0,0.57,6
18,2025-08-24,5.73,5.64,5.67,5.66,5.71,5.82,6.01,drought,normal,False,0.313,0.487,0.2,7,0,0.57,6
18,2025-08-25,5.55,5.43,5.45,5.44,5.47,5.57,5.78,drought,normal,False,0.325,0.466,0.209,7,0,0.29,10
18,2025-08-26,5.56,5.46,5.47,5.48,5.51,5.63,5.82,drought,normal,False,0.363,0.514,0.124,7,0,0.29,10
18,2025-08-27,5.76,5.66,5.68,5.68,5.72,5.83,6.04,drought,normal,False,0.328,0.481,0.191,7,0,0.29,10
18,2025-08-28,5.69,5.62,5.68,5.71,5.77,5.88,6.09,drought,normal,False,0.306,0.56,0.134,7,0,0.29,10
18,2025-08-29,5.51,5.44,5.5,5.52,5.57,5.69,5.89,drought,normal,False,0.371,0.483,0.146,7,0,0.29,10
18,2025-08-30,5.78,5.73,5.81,5.83,5.89,6.01,6.22,drought,normal,False,0.388,0.532,0.08,7,0,0.29,10
18,2025-08-31,5.87,5.83,5.9,5.93,5.99,6.12,6.32,drought,normal,False,0.396,0.451,0.153,7,0,0.29,10
19,2025-03-01,89.92,89.95,89.56,89.11,88.61,88.18,87.54,overflow,drought,False,0.986,0.013,0.0,0,7,0.29,10
19,2025-03-02,90.01,90.06,89.72,89.29,88.8,88.39,87.73,overflow,drought,False,0.984,0.016,0.0,0,7,0.29,10
19,2025-03-03,90.18,90.24,89.91,89.46,88.97,88.55,87.91,overflow,drought,False,0.981,0.018,0.0,0,7,0.29,10
19,2025-03-04,90.28,90.33,89.98,89.53,89.02,88.58,87.96,overflow,drought,False,0.979,0.021,0.0,0,7,0.29,10
19,2025-03-05,90.26,90.31,89.98,89.52,89.02,88.57,87.95,overflow,drought,False,0.978,0.022,0.0,0,7,0.29,10
19,2025-03-06,90.15,90.2,89.85,89.39,88.89,88.43,87.82,overflow,drought,False,0.976,0.024,0.0,0,7,0.29,10
19,2025-03-07,90.13,90.17,89.8,89.34,88.84,88.37,87.77,overflow,drought,False,0.976,0.024,0.0,0,7,0.29,10
19,2025-03-08,91.11,91.15,90.78,90.31,89.8,89.34,88.72,overflow,drought,False,0.976,0.024,0.0,0,7,0.57,6
19,2025-03-09,91.19,91.24,90.87,90.41,89.91,89.45,88.83,overflow,drought,False,0.978,0.021,0.0,0,7,0.57,6
19,2025-03-10,91.19,91.24,90.87,90.41,89.91,89.46,88.84,overflow,drought,False,0.978,0.021,0.0,0,7,0.29,10
19,2025-03-11,90.24,90.3,89.88,89.44,88.94,88.52,87.88,overflow,drought,False,0.983,0.017,0.0,0,7,0.29,10
19,2025-03-12,90.6,90.68,90.29,89.89,89.4,89.02,88.34,overflow,drought,False,0.981,0.019,0.0,0,7,0.29,10
19,2025-03-13,92.02,92.12,91.81,91.37,90.88,90.48,89.81,overflow,drought,False,0.981,0.019,0.0,0,7,0.29,10
19,2025-03-14,91.93,92.01,91.7,91.24,90.74,90.3,89.66,overflow,drought,False,0.981,0.019,0.0,0,7,0.29,10
19,2025-03-15,91.36,91.41,91.09,90.62,90.12,89.66,89.03,overflow,drought,False,0.979,0.021,0.0,0,7,0.29,10
19,2025-03-16,91.59,91.62,91.29,90.82,90.32,89.87,89.23,overflow,drought,False,0.977,0.023,0.0,0,7,0.29,10
19,2025-03-17,90.93,90.97,90.52,90.07,89.55,89.09,88.46,overflow,drought,False,0.974,0.026,0.0,0,7,0.29,10
19,2025-03-18,91.86,91.91,91.51,91.05,90.54,90.09,89.44,overflow,drought,False,0.975,0.025,0.0,0,7,0.29,10
19,2025-03-19,91.48,91.56,91.2,90.75,90.24,89.79,89.15,overflow,drought,False,0.972,0.028,0.0,0,7,0.29,10
19,2025-03-20,92.2,92.25,91.88,91.42,90.91,90.46,89.81,overflow,drought,False,0.97,0.03,0.0,0,7,0.57,6
19,2025-03-21,92.02,92.03,91.69,91.2,90.69,90.25,89.62,overflow,drought,False,0.964,0.035,0.0,0,7,0.57,6
19,2025-03-22,92.44,92.47,92.06,91.57,91.04,90.57,89.95,overflow,drought,False,0.963,0.037,0.0,0,7,0.29,10
19,2025-03-23,91.86,91.9,91.48,91.01,90.48,90.0,89.38,overflow,drought,False,0.956,0.044,0.0,0,7,0.29,10
19,2025-03-24,91.88,91.9,91.47,90.98,90.44,89.95,89.34,overflow,drought,False,0.954,0.046,0.0,0,7,0.29,10
19,2025-03-25,91.47,91.51,91.09,90.63,90.1,89.61,89.0,overflow,drought,False,0.949,0.051,0.0,0,7,0.29,10
19,2025-03-26,91.2,91.21,90.76,90.28,89.74,89.26,88.66,overflow,drought,False,0.951,0.049,0.0,0,7,0.29,10
19,2025-03-27,91.21,91.22,90.79,90.3,89.77,89.3,88.69,overflow,drought,False,0.947,0.053,0.0,0,7,0.29,10
19,2025-03-28,91.04,91.06,90.64,90.15,89.62,89.15,88.55,overflow,drought,False,0.95,0.05,0.0,0,7,0.29,10
19,2025-03-29,90.88,90.9,90.49,90.01,89.48,89.0,88.4,overflow,drought,False,0.949,0.051,0.0,0,7,0.29,10
19,2025-03-30,91.01,91.05,90.67,90.2,89.68,89.2,88.6,overflow,drought,False,0.952,0.048,0.0,0,7,0.29,10
19,2025-03-31,90.56,90.58,90.16,89.68,89.15,88.66,88.07,overflow,drought,False,0.948,0.051,0.0,0,7,0.29,10
19,2025-04-01,91.88,91.88,91.46,90.95,90.41,89.92,89.3,overflow,drought,False,0.945,0.054,0.0,0,7,0.57,6
19,2025-04-02,91.95,91.97,91.56,91.09,90.56,90.11,89.46,overflow,drought,False,0.943,0.056,0.0,0,7,0.57,6
19,2025-04-03,92.16,92.2,91.79,91.34,90.81,90.37,89.72,overflow,drought,False,0.945,0.054,0.0,0,7,0.29,10
19,2025-04-04,93.12,93.19,92.88,92.44,91.95,91.56,90.85,overflow,drought,False,0.932,0.067,0.001,0,7,0.29,10
19,2025-04-05,94.06,94.16,93.94,93.51,93.03,92.66,91.93,overflow,drought,False,0.919,0.081,0.001,0,7,0.29,10
19,2025-04-06,94.11,94.16,93.88,93.4,92.89,92.48,91.78,overflow,drought,False,0.912,0.087,0.001,0,7,0.29,10
19,2025-04-07,94.76,94.81,94.55,94.07,93.56,93.14,92.43,overflow,drought,False,0.89,0.109,0.001,0,7,0.29,10
19,2025-04-08,94.27,94.31,93.94,93.45,92.91,92.44,91.78,overflow,drought,False,0.904,0.095,0.001,0,7,0.29,10
19,2025-04-09,94.27,94.28,93.81,93.31,92.74,92.22,91.59,overflow,drought,False,0.888,0.111,0.001,0,7,0.29,10
19,2025-04-10,93.49,93.53,93.07,92.59,92.03,91.52,90.91,overflow,drought,False,0.903,0.096,0.001,0,7,0.29,10
19,2025-04-11,93.01,93.04,92.54,92.07,91.52,91.01,90.41,overflow,drought,False,0.888,0.11,0.001,0,7,0.29,10
19,2025-04-12,93.09,93.14,92.69,92.22,91.68,91.2,90.58,overflow,drought,False,0.912,0.087,0.001,0,7,0.29,10
19,2025-04-13,90.09,90.18,89.76,89.32,88.81,88.35,87.79,overflow,drought,False,0.906,0.093,0.001,0,7,0.57,6
19,2025-04-14,89.59,89.7,89.31,88.89,88.39,87.93,87.36,overflow,drought,False,0.913,0.086,0.001,0,7,0.57,6
19,2025-04-15,89.76,89.82,89.49,89.04,88.55,88.12,87.51,overflow,drought,False,0.901,0.098,0.001,0,7,0.29,10
19,2025-04-16,89.74,89.81,89.46,89.02,88.52,88.07,87.47,overflow,drought,False,0.922,0.077,0.0,0,7,0.29,10
19,2025-04-17,89.84,89.92,89.55,89.12,88.62,88.16,87.56,overflow,drought,False,0.927,0.073,0.0,0,7,0.29,10
19,2025-04-18,89.24,89.29,88.88,88.43,87.92,87.44,86.85,overflow,drought,False,0.935,0.064,0.0,0,7,0.29,10
19,2025-04-19,89.25,89.28,88.86,88.4,87.88,87.4,86.81,overflow,drought,False,0.934,0.066,0.0,0,7,0.29,10
19,2025-04-20,88.85,88.88,88.45,87.99,87.47,86.99,86.41,overflow,drought,False,0.933,0.067,0.0,0,7,0.29,10
19,2025-04-21,88.64,88.64,88.2,87.72,87.19,86.71,86.13,overflow,drought,False,0.928,0.072,0.0,0,7,0.29,10
19,2025-04-22,88.73,88.74,88.35,87.88,87.37,86.92,86.32,overflow,drought,False,0.919,0.081,0.001,0,7,0.29,10
19,2025-04-23,88.84,88.85,88.47,88.01,87.5,87.07,86.46,overflow,drought,False,0.914,0.085,0.001,0,7,0.29,10
19,2025-04-24,88.81,88.83,88.46,88.0,87.49,87.05,86.44,overflow,drought,False,0.916,0.084,0.001,0,7,0.29,10
19,2025-04-25,85.02,85.1,84.72,84.31,83.83,83.41,82.85,overflow,drought,False,0.91,0.089,0.001,0,7,0.57,6
19,2025-04-26,85.04,85.13,84.77,84.37,83.9,83.47,82.91,overflow,drought,False,0.905,0.094,0.001,0,7,0.57,6
19,2025-04-27,85.1,85.16,84.83,84.42,83.95,83.53,82.94,overflow,drought,False,0.906,0.093,0.001,0,7,0.29,10
19,2025-04-28,85.28,85.36,85.04,84.64,84.18,83.77,83.17,overflow,drought,False,0.91,0.089,0.001,0,7,0.29,10
19,2025-04-29,86.07,86.17,85.9,85.51,85.06,84.67,84.05,overflow,drought,False,0.901,0.098,0.001,0,7,0.29,10
19,2025-04-30,86.14,86.22,85.93,85.54,85.08,84.71,84.07,overflow,drought,False,0.897,0.102,0.001,0,7,0.29,10
19,2025-05-01,86.17,86.23,85.92,85.51,85.05,84.66,84.03,overflow,drought,False,0.896,0.103,0.001,0,7,0.29,10
19,2025-05-02,86.26,86.31,85.97,85.53,85.05,84.62,84.02,overflow,drought,False,0.903,0.096,0.001,0,7,0.29,10
19,2025-05-03,86.05,86.09,85.7,85.26,84.77,84.31,83.74,overflow,drought,False,0.907,0.092,0.001,0,7,0.29,10
19,2025-05-04,85.42,85.45,85.03,84.59,84.09,83.61,83.07,overflow,drought,False,0.902,0.097,0.001,0,7,0.29,10
19,2025-05-05,85.33,85.36,84.94,84.49,83.98,83.51,82.97,overflow,drought,False,0.903,0.096,0.001,0,7,0.29,10
19,2025-05-06,85.71,85.77,85.39,84.97,84.48,84.04,83.48,overflow,drought,False,0.901,0.098,0.001,0,7,0.29,10
19,2025-05-07,92.21,92.11,91.75,91.2,90.67,90.24,89.59,overflow,drought,False,0.906,0.093,0.001,0,7,0.57,6
19,2025-05-08,92.67,92.58,92.22,91.68,91.14,90.73,90.05,overflow,drought,False,0.903,0.096,0.001,0,7,0.57,6
19,2025-05-09,92.53,92.57,92.17,91.69,91.15,90.68,90.06,overflow,drought,False,0.898,0.1,0.001,0,7,0.29,10
19,2025-05-10,92.74,92.78,92.34,91.85,91.3,90.81,90.2,overflow,drought,False,0.892,0.107,0.001,0,7,0.29,10
19,2025-05-11,92.46,92.51,92.1,91.63,91.09,90.59,89.99,overflow,drought,False,0.903,0.096,0.001,0,7,0.29,10
19,2025-05-12,92.19,92.22,91.8,91.31,90.77,90.26,89.67,overflow,drought,False,0.907,0.092,0.001,0,7,0.29,10
19,2025-05-13,91.68,91.7,91.25,90.76,90.21,89.7,89.11,overflow,drought,False,0.916,0.084,0.001,0,7,0.29,10
19,2025-05-14,91.26,91.25,90.78,90.27,89.71,89.21,88.63,overflow,drought,False,0.904,0.095,0.001,0,7,0.29,10
19,2025-05-15,91.11,91.1,90.63,90.13,89.57,89.08,88.49,overflow,drought,False,0.898,0.101,0.001,0,7,0.29,10
19,2025-05-16,90.95,90.96,90.51,90.01,89.46,88.96,88.37,overflow,drought,False,0.89,0.109,0.001,0,7,0.29,10
19,2025-05-17,90.78,90.79,90.36,89.88,89.33,88.86,88.26,overflow,drought,False,0.882,0.117,0.001,0,7,0.29,10
19,2025-05-18,90.28,90.31,89.91,89.47,88.95,88.54,87.9,overflow,drought,False,0.857,0.141,0.002,0,7,0.29,10
19,2025-05-19,85.42,85.55,85.18,84.81,84.34,83.94,83.37,overflow,drought,False,0.865,0.133,0.002,0,7,0.57,6
19,2025-05-20,85.41,85.56,85.24,84.89,84.44,84.06,83.47,overflow,drought,False,0.871,0.127,0.002,0,7,0.57,6
19,2025-05-21,85.66,85.75,85.48,85.07,84.61,84.21,83.6,overflow,drought,False,0.882,0.117,0.001,0,7,0.29,10
19,2025-05-22,85.76,85.84,85.59,85.18,84.72,84.33,83.71,overflow,drought,False,0.871,0.127,0.002,0,7,0.29,10
19,2025-05-23,85.64,85.71,85.37,84.95,84.47,84.02,83.43,overflow,drought,False,0.874,0.124,0.002,0,7,0.29,10
19,2025-05-24,85.73,85.76,85.38,84.94,84.44,83.97,83.41,overflow,drought,False,0.866,0.132,0.002,0,7,0.29,10
19,2025-05-25,85.08,85.12,84.69,84.28,83.78,83.32,82.75,overflow,drought,False,0.875,0.123,0.002,0,7,0.29,10
19,2025-05-26,84.88,84.91,84.46,84.04,83.54,83.09,82.52,overflow,drought,False,0.876,0.121,0.002,0,7,0.29,10
19,2025-05-27,85.52,85.57,85.19,84.77,84.27,83.84,83.26,overflow,drought,False,0.888,0.11,0.002,0,7,0.29,10
19,2025-05-28,85.25,85.31,84.95,84.53,84.05,83.63,83.06,overflow,drought,False,0.892,0.106,0.002,0,7,0.29,10
19,2025-05-29,85.38,85.4,85.06,84.6,84.11,83.65,83.1,overflow,drought,False,0.905,0.094,0.001,0,7,0.29,10
19,2025-05-30,84.99,85.0,84.64,84.18,83.69,83.24,82.7,overflow,drought,False,0.901,0.098,0.001,0,7,0.29,10
19,2025-05-31,80.57,80.61,80.16,79.77,79.3,78.86,78.36,overflow,drought,False,0.909,0.09,0.001,0,7,0.57,6
19,2025-06-01,80.35,80.4,79.97,79.57,79.09,78.65,78.16,overflow,drought,False,0.9,0.098,0.001,0,7,0.57,6
19,2025-06-02,80.57,80.63,80.27,79.88,79.42,79.01,78.47,overflow,drought,False,0.903,0.096,0.001,0,7,0.29,10
19,2025-06-03,80.3,80.35,80.01,79.61,79.15,78.73,78.21,overflow,drought,False,0.896,0.103,0.001,0,7,0.29,10
19,2025-06-04,80.42,80.46,80.15,79.74,79.29,78.89,78.34,overflow,drought,False,0.893,0.106,0.001,0,7,0.29,10
19,2025-06-05,80.03,80.06,79.72,79.31,78.85,78.44,77.91,overflow,drought,False,0.892,0.107,0.001,0,7,0.29,10
19,2025-06-06,80.07,80.08,79.7,79.28,78.81,78.39,77.86,overflow,drought,False,0.886,0.113,0.001,0,7,0.29,10
19,2025-06-07,80.03,80.06,79.7,79.29,78.83,78.41,77.89,overflow,drought,False,0.901,0.098,0.001,0,7,0.29,10
19,2025-06-08,80.02,80.05,79.69,79.28,78.82,78.39,77.87,overflow,drought,False,0.896,0.103,0.001,0,7,0.29,10
19,2025-06-09,79.84,79.88,79.53,79.12,78.67,78.24,77.72,overflow,drought,False,0.904,0.095,0.001,0,7,0.29,10
19,2025-06-10,79.68,79.7,79.35,78.95,78.49,78.07,77.56,overflow,drought,False,0.898,0.101,0.001,0,7,0.29,10
19,2025-06-11,79.74,79.77,79.41,79.02,78.57,78.19,77.64,overflow,drought,False,0.903,0.096,0.001,0,7,0.29,10
19,2025-06-12,79.48,79.55,79.22,78.85,78.42,78.06,77.5,overflow,drought,False,0.909,0.09,0.001,0,7,0.57,6
19,2025-06-13,80.26,80.36,80.09,79.72,79.3,78.92,78.36,overflow,drought,False,0.924,0.075,0.001,0,7,0.57,6
19,2025-06-14,80.33,80.43,80.19,79.82,79.4,79.03,78.47,overflow,drought,False,0.922,0.077,0.001,0,7,0.29,10
19,2025-06-15,80.46,80.55,80.3,79.95,79.54,79.2,78.6,overflow,drought,False,0.925,0.074,0.001,0,7,0.29,10
19,2025-06-16,80.9,80.98,80.71,80.35,79.94,79.59,78.98,overflow,drought,False,0.936,0.064,0.001,0,7,0.29,10
19,2025-06-17,81.11,81.22,80.91,80.56,80.13,79.78,79.18,overflow,drought,False,0.937,0.063,0.001,0,7,0.29,10
19,2025-06-18,81.28,81.4,81.09,80.73,80.3,79.92,79.33,overflow,drought,False,0.941,0.058,0.0,0,7,0.29,10
19,2025-06-19,81.7,81.78,81.49,81.1,80.65,80.24,79.68,overflow,drought,False,0.936,0.063,0.0,0,7,0.29,10
19,2025-06-20,81.4,81.45,81.14,80.73,80.28,79.84,79.31,overflow,drought,False,0.943,0.057,0.0,0,7,0.29,10
19,2025-06-21,80.84,80.85,80.48,80.06,79.59,79.14,78.62,overflow,drought,False,0.938,0.062,0.0,0,7,0.29,10
19,2025-06-22,80.43,80.43,80.01,79.59,79.11,78.67,78.15,overflow,drought,False,0.938,0.061,0.0,0,7,0.29,10
19,2025-06-23,80.1,80.1,79.65,79.23,78.74,78.29,77.79,overflow,drought,False,0.939,0.061,0.0,0,7,0.29,10
19,2025-06-24,69.01,69.11,68.64,68.35,67.95,67.51,67.2,overflow,drought,False,0.941,0.059,0.0,0,7,0.57,6
19,2025-06-25,67.97,68.09,67.68,67.4,67.03,66.61,66.29,overflow,drought,False,0.944,0.056,0.0,0,7,0.57,6
19,2025-06-26,67.54,67.53,67.23,66.89,66.52,66.17,65.75,overflow,drought,False,0.936,0.063,0.0,0,7,0.29,10
19,2025-06-27,67.38,67.4,67.11,66.78,66.42,66.09,65.65,overflow,drought,False,0.94,0.06,0.0,0,7,0.29,10
19,2025-06-28,67.31,67.34,67.05,66.73,66.36,66.01,65.58,overflow,drought,False,0.936,0.063,0.0,0,7,0.29,10
19,2025-06-29,67.36,67.41,67.11,66.8,66.44,66.11,65.66,overflow,drought,False,0.938,0.062,0.0,0,7,0.29,10
19,2025-06-30,67.32,67.37,67.1,66.79,66.42,66.08,65.64,overflow,drought,False,0.924,0.075,0.001,0,7,0.29,10
19,2025-07-01,67.81,67.87,67.64,67.32,66.96,66.62,66.18,overflow,drought,False,0.922,0.077,0.001,0,7,0.29,10
19,2025-07-02,67.4,67.43,67.18,66.86,66.49,66.13,65.71,overflow,drought,False,0.915,0.084,0.001,0,7,0.29,10
19,2025-07-03,67.2,67.19,66.9,66.56,66.19,65.82,65.39,overflow,drought,False,0.91,0.089,0.001,0,7,0.29,10
19,2025-07-04,66.84,66.83,66.52,66.18,65.79,65.42,65.0,overflow,drought,False,0.907,0.092,0.001,0,7,0.29,10
19,2025-07-05,66.89,66.89,66.55,66.21,65.82,65.43,65.03,overflow,drought,False,0.901,0.098,0.001,0,7,0.29,10
19,2025-07-06,62.52,62.55,62.21,61.92,61.56,61.19,60.83,normal,drought,False,0.899,0.1,0.001,0,0,0.57,6
19,2025-07-07,62.02,62.05,61.73,61.44,61.09,60.73,60.38,normal,drought,False,0.892,0.107,0.001,0,0,0.57,6
19,2025-07-08,61.98,61.97,61.72,61.4,61.05,60.71,60.33,normal,drought,False,0.886,0.113,0.001,0,0,0.29,10
19,2025-07-09,61.85,61.85,61.59,61.28,60.94,60.6,60.22,normal,drought,False,0.873,0.126,0.001,0,0,0.29,10
19,2025-07-10,61.64,61.63,61.36,61.04,60.7,60.35,59.97,normal,drought,False,0.864,0.134,0.001,0,0,0.29,10
19,2025-07-11,61.5,61.49,61.21,60.9,60.55,60.21,59.82,normal,drought,False,0.839,0.159,0.002,0,0,0.29,10
19,2025-07-12,61.6,61.6,61.32,61.02,60.67,60.33,59.94,normal,drought,False,0.82,0.179,0.001,0,0,0.29,10
19,2025-07-13,61.61,61.6,61.33,61.02,60.68,60.34,59.95,normal,drought,False,0.776,0.222,0.002,0,0,0.29,10
19,2025-07-14,61.49,61.47,61.2,60.88,60.54,60.2,59.82,normal,drought,False,0.75,0.248,0.002,0,0,0.29,10
19,2025-07-15,61.61,61.59,61.33,61.01,60.67,60.35,59.95,normal,drought,False,0.724,0.273,0.003,0,0,0.29,10
19,2025-07-16,61.5,61.49,61.22,60.91,60.56,60.23,59.84,normal,drought,False,0.711,0.286,0.002,0,0,0.29,10
19,2025-07-17,61.54,61.54,61.26,60.96,60.62,60.32,59.91,normal,drought,False,0.69,0.307,0.003,0,0,0.29,10
19,2025-07-18,57.75,57.78,57.49,57.22,56.91,56.59,56.24,normal,drought,False,0.697,0.3,0.003,0,0,0.57,6
19,2025-07-19,57.78,57.83,57.55,57.29,56.98,56.69,56.33,normal,drought,False,0.698,0.298,0.004,0,0,0.57,6
19,2025-07-20,57.76,57.78,57.56,57.29,56.99,56.7,56.33,normal,drought,False,0.711,0.286,0.003,0,0,0.29,10
19,2025-07-21,58.22,58.25,58.05,57.78,57.5,57.24,56.84,normal,drought,False,0.721,0.275,0.004,0,0,0.29,10
19,2025-07-22,58.1,58.14,57.94,57.68,57.39,57.13,56.74,normal,drought,False,0.771,0.226,0.003,0,0,0.29,10
19,2025-07-23,58.54,58.59,58.4,58.13,57.84,57.57,57.19,normal,drought,False,0.817,0.181,0.002,0,0,0.29,10
19,2025-07-24,58.65,58.71,58.53,58.28,58.0,57.73,57.34,normal,drought,False,0.856,0.142,0.002,0,0,0.29,10
19,2025-07-25,59.0,59.05,58.87,58.6,58.32,58.03,57.66,normal,drought,False,0.889,0.109,0.001,0,0,0.29,10
19,2025-07-26,59.09,59.15,58.97,58.71,58.42,58.14,57.76,normal,drought,False,0.909,0.09,0.001,0,0,0.29,10
19,2025-07-27,59.03,59.08,58.87,58.62,58.33,58.05,57.67,normal,drought,False,0.916,0.083,0.001,0,0,0.29,10
19,2025-07-28,59.14,59.17,58.96,58.68,58.38,58.07,57.71,normal,drought,False,0.926,0.074,0.001,0,0,0.29,10
19,2025-07-29,59.29,59.32,59.12,58.83,58.53,58.22,57.86,normal,drought,False,0.927,0.072,0.001,0,0,0.29,10
19,2025-07-30,62.78,62.78,62.56,62.24,61.9,61.56,61.16,normal,drought,False,0.937,0.063,0.0,0,0,0.57,6
19,2025-07-31,62.94,62.91,62.68,62.34,62.0,61.67,61.26,normal,drought,False,0.926,0.073,0.001,0,0,0.57,6
19,2025-08-01,62.53,62.51,62.2,61.89,61.54,61.18,60.79,normal,drought,False,0.922,0.077,0.001,0,0,0.29,10
19,2025-08-02,62.42,62.41,62.07,61.77,61.42,61.1,60.68,normal,drought,False,0.903,0.096,0.001,0,0,0.29,10
19,2025-08-03,62.32,62.33,62.01,61.73,61.39,61.09,60.67,normal,drought,False,0.9,0.099,0.001,0,0,0.29,10
19,2025-08-04,62.54,62.58,62.29,62.02,61.69,61.42,60.98,normal,drought,False,0.89,0.109,0.001,0,0,0.29,10
19,2025-08-05,63.92,64.02,63.87,63.61,63.32,63.07,62.62,overflow,drought,False,0.88,0.119,0.001,0,6,0.29,10
19,2025-08-06,63.83,63.92,63.78,63.51,63.21,62.95,62.52,overflow,drought,False,0.886,0.113,0.001,0,5,0.29,10
19,2025-08-07,64.09,64.16,64.01,63.71,63.41,63.11,62.68,overflow,drought,False,0.884,0.115,0.001,0,6,0.29,10
19,2025-08-08,63.79,63.87,63.7,63.41,63.1,62.79,62.38,overflow,drought,False,0.886,0.112,0.001,0,5,0.29,10
19,2025-08-09,63.73,63.77,63.47,63.18,62.83,62.48,62.08,overflow,drought,False,0.878,0.121,0.001,0,4,0.29,10
19,2025-08-10,63.32,63.34,63.03,62.74,62.39,62.05,61.65,overflow,drought,False,0.88,0.119,0.001,0,3,0.29,10
19,2025-08-11,51.58,51.67,51.31,51.13,50.86,50.53,50.33,normal,drought,False,0.884,0.115,0.001,0,0,0.57,6
19,2025-08-12,50.55,50.65,50.32,50.15,49.9,49.59,49.39,normal,drought,False,0.914,0.085,0.001,0,0,0.57,6
19,2025-08-13,50.84,50.85,50.67,50.43,50.2,49.95,49.67,normal,drought,False,0.921,0.078,0.001,0,0,0.29,10
19,2025-08-14,50.77,50.83,50.68,50.46,50.24,50.0,49.71,normal,drought,False,0.94,0.06,0.0,0,0,0.29,10
19,2025-08-15,50.8,50.88,50.74,50.53,50.31,50.07,49.78,normal,drought,False,0.946,0.054,0.0,0,0,0.29,10
19,2025-08-16,50.83,50.9,50.76,50.56,50.33,50.09,49.8,normal,drought,False,0.951,0.049,0.0,0,0,0.29,10
19,2025-08-17,50.7,50.79,50.63,50.44,50.21,49.96,49.66,normal,drought,False,0.95,0.049,0.0,0,0,0.29,10
19,2025-08-18,50.63,50.71,50.54,50.34,50.11,49.86,49.56,normal,drought,False,0.948,0.052,0.0,0,0,0.29,10
19,2025-08-19,50.71,50.77,50.62,50.41,50.18,49.92,49.64,normal,drought,False,0.951,0.048,0.0,0,0,0.29,10
19,2025-08-20,50.8,50.84,50.71,50.47,50.23,49.95,49.69,normal,drought,False,0.948,0.051,0.0,0,0,0.29,10
19,2025-08-21,50.5,50.53,50.37,50.14,49.9,49.63,49.35,normal,drought,False,0.948,0.051,0.0,0,0,0.29,10
19,2025-08-22,50.17,50.2,50.01,49.78,49.53,49.26,48.97,normal,drought,False,0.937,0.062,0.0,0,0,0.29,10
19,2025-08-23,55.66,55.63,55.49,55.19,54.93,54.66,54.31,normal,drought,False,0.933,0.067,0.0,0,0,0.57,6
19,2025-08-24,55.7,55.66,55.48,55.17,54.9,54.63,54.28,normal,drought,False,0.926,0.073,0.0,0,0,0.57,6
19,2025-08-25,55.82,55.83,55.6,55.33,55.03,54.73,54.4,normal,drought,False,0.92,0.08,0.0,0,0,0.29,10
19,2025-08-26,55.46,55.48,55.25,54.99,54.71,54.42,54.08,normal,drought,False,0.912,0.087,0.001,0,0,0.29,10
19,2025-08-27,55.64,55.65,55.43,55.17,54.88,54.58,54.25,normal,drought,False,0.905,0.094,0.001,0,0,0.29,10
19,2025-08-28,55.68,55.71,55.52,55.26,54.98,54.7,54.36,normal,drought,False,0.91,0.089,0.001,0,0,0.29,10
19,2025-08-29,55.58,55.61,55.41,55.15,54.87,54.59,54.25,normal,drought,False,0.913,0.087,0.001,0,0,0.29,10
19,2025-08-30,55.49,55.52,55.32,55.05,54.77,54.48,54.15,normal,drought,False,0.908,0.091,0.001,0,0,0.29,10
19,2025-08-31,55.67,55.7,55.5,55.25,54.97,54.7,54.35,normal,drought,False,0.898,0.101,0.001,0,0,0.29,10
20,2025-03-01,72.68,72.55,72.25,71.96,71.62,71.35,70.83,normal,overflow,False,0.156,0.384,0.46,0,0,0.29,10
20,2025-03-02,73.08,72.97,72.69,72.4,72.06,71.79,71.26,normal,normal,True,0.234,0.406,0.36,0,0,0.29,10
20,2025-03-03,73.05,72.93,72.62,72.32,71.96,71.68,71.16,normal,normal,True,0.247,0.418,0.335,0,0,0.29,10
20,2025-03-04,72.92,72.77,72.42,72.1,71.73,71.41,70.92,normal,normal,True,0.252,0.43,0.318,0,0,0.29,10
20,2025-03-05,72.61,72.47,72.1,71.78,71.4,71.08,70.6,normal,normal,True,0.274,0.43,0.295,0,0,0.29,10
20,2025-03-06,72.4,72.23,71.82,71.5,71.1,70.77,70.31,normal,normal,True,0.38,0.415,0.206,0,0,0.29,10
20,2025-03-07,72.17,71.99,71.58,71.25,70.86,70.53,70.08,normal,normal,True,0.332,0.43,0.238,0,0,0.29,10
20,2025-03-08,54.72,54.74,54.26,54.14,53.86,53.6,53.42,normal,normal,True,0.357,0.432,0.211,0,0,0.57,6
20,2025-03-09,53.04,53.05,52.58,52.46,52.2,51.95,51.79,normal,normal,True,0.348,0.435,0.217,0,0,0.57,6
20,2025-03-10,54.33,54.2,53.95,53.73,53.5,53.31,53.05,normal,normal,True,0.385,0.428,0.186,0,0,0.29,10
20,2025-03-11,54.23,54.11,53.88,53.68,53.47,53.32,53.02,normal,normal,True,0.381,0.398,0.221,0,0,0.29,10
20,2025-03-12,55.37,55.33,55.2,55.05,54.87,54.78,54.41,normal,drought,False,0.401,0.395,0.204,0,0,0.29,10
20,2025-03-13,55.23,55.16,55.01,54.81,54.61,54.46,54.14,normal,normal,True,0.353,0.422,0.225,0,0,0.29,10
20,2025-03-14,55.11,55.0,54.8,54.59,54.37,54.17,53.88,normal,normal,True,0.315,0.441,0.244,0,0,0.29,10
20,2025-03-15,54.65,54.55,54.33,54.12,53.9,53.69,53.41,normal,normal,True,0.386,0.441,0.173,0,0,0.29,10
20,2025-03-16,55.47,55.38,55.14,54.94,54.72,54.52,54.22,normal,normal,True,0.392,0.412,0.196,0,0,0.29,10
20,2025-03-17,54.87,54.79,54.56,54.38,54.18,54.01,53.69,normal,normal,True,0.389,0.453,0.159,0,0,0.29,10
20,2025-03-18,55.4,55.32,55.13,54.94,54.74,54.57,54.26,normal,normal,True,0.241,0.481,0.279,0,0,0.29,10
20,2025-03-19,54.6,54.48,54.25,54.03,53.81,53.61,53.34,normal,drought,False,0.446,0.437,0.117,0,0,0.29,10
20,2025-03-20,52.26,52.12,51.83,51.63,51.42,51.24,51.0,normal,drought,False,0.403,0.389,0.209,0,0,0.57,6
20,2025-03-21,51.87,51.76,51.51,51.31,51.11,50.94,50.7,normal,drought,False,0.473,0.409,0.118,0,0,0.57,6
20,2025-03-22,52.3,52.19,51.94,51.73,51.51,51.32,51.09,normal,normal,True,0.341,0.454,0.205,0,0,0.29,10
20,2025-03-23,51.78,51.68,51.47,51.27,51.07,50.9,50.64,normal,drought,False,0.529,0.403,0.068,0,0,0.29,10
20,2025-03-24,51.78,51.7,51.47,51.28,51.07,50.88,50.64,normal,drought,False,0.461,0.395,0.144,0,0,0.29,10
20,2025-03-25,51.57,51.45,51.2,51.0,50.79,50.6,50.36,normal,drought,False,0.534,0.394,0.072,0,0,0.29,10
20,2025-03-26,51.31,51.19,50.94,50.73,50.52,50.34,50.11,normal,drought,False,0.496,0.443,0.061,0,0,0.29,10
20,2025-03-27,51.36,51.24,51.0,50.8,50.59,50.4,50.17,normal,drought,False,0.516,0.45,0.034,0,0,0.29,10
20,2025-03-28,51.07,50.94,50.68,50.47,50.26,50.08,49.84,normal,drought,False,0.49,0.462,0.048,0,0,0.29,10
20,2025-03-29,50.85,50.74,50.48,50.28,50.05,49.86,49.63,normal,drought,False,0.523,0.445,0.032,0,0,0.29,10
20,2025-03-30,51.11,51.02,50.79,50.6,50.38,50.19,49.96,normal,normal,True,0.47,0.494,0.036,0,0,0.29,10
20,2025-03-31,51.01,50.9,50.67,50.46,50.24,50.05,49.82,normal,drought,False,0.501,0.484,0.015,0,0,0.29,10
20,2025-04-01,54.48,54.37,54.17,53.94,53.71,53.5,53.22,normal,normal,True,0.473,0.511,0.016,0,0,0.57,6
20,2025-04-02,54.95,54.85,54.68,54.47,54.24,54.07,53.75,normal,normal,True,0.484,0.503,0.012,0,0,0.57,6
20,2025-04-03,54.25,54.14,53.88,53.68,53.45,53.27,52.97,normal,normal,True,0.476,0.513,0.011,0,0,0.29,10
20,2025-04-04,55.5,55.42,55.25,55.08,54.87,54.73,54.38,normal,normal,True,0.466,0.515,0.018,0,0,0.29,10
20,2025-04-05,56.08,56.03,55.91,55.75,55.55,55.42,55.07,normal,normal,True,0.432,0.548,0.02,0,0,0.29,10
20,2025-04-06,55.73,55.6,55.4,55.18,54.95,54.77,54.45,normal,drought,False,0.499,0.486,0.015,0,0,0.29,10
20,2025-04-07,57.27,57.21,57.13,56.95,56.75,56.6,56.24,normal,normal,True,0.457,0.511,0.031,0,0,0.29,10
20,2025-04-08,56.23,56.14,55.93,55.73,55.5,55.31,55.0,normal,drought,False,0.509,0.461,0.03,0,0,0.29,10
20,2025-04-09,56.54,56.41,56.13,55.9,55.65,55.41,55.12,normal,drought,False,0.508,0.46,0.032,0,0,0.29,10
20,2025-04-10,55.58,55.47,55.21,54.99,54.76,54.55,54.27,normal,drought,False,0.557,0.418,0.025,0,0,0.29,10
20,2025-04-11,55.82,55.69,55.35,55.14,54.9,54.67,54.38,normal,drought,False,0.507,0.432,0.061,0,0,0.29,10
20,2025-04-12,55.11,54.97,54.67,54.44,54.21,54.01,53.73,normal,drought,False,0.558,0.391,0.051,0,0,0.29,10
20,2025-04-13,53.01,52.87,52.54,52.33,52.1,51.9,51.67,normal,drought,False,0.529,0.41,0.061,0,0,0.57,6
20,2025-04-14,52.51,52.42,52.13,51.95,51.73,51.54,51.28,normal,drought,False,0.57,0.378,0.052,0,0,0.57,6
20,2025-04-15,53.04,52.96,52.75,52.56,52.37,52.2,51.94,normal,drought,False,0.523,0.369,0.107,0,0,0.29,10
20,2025-04-16,53.04,52.95,52.75,52.56,52.36,52.19,51.92,normal,drought,False,0.551,0.377,0.072,0,0,0.29,10
20,2025-04-17,53.15,53.11,52.9,52.74,52.52,52.34,52.07,normal,drought,False,0.514,0.379,0.107,0,0,0.29,10
20,2025-04-18,52.74,52.65,52.42,52.23,52.0,51.81,51.55,normal,drought,False,0.546,0.407,0.047,0,0,0.29,10
20,2025-04-19,52.92,52.82,52.57,52.38,52.15,51.96,51.69,normal,drought,False,0.52,0.414,0.067,0,0,0.29,10
20,2025-04-20,52.61,52.51,52.25,52.06,51.83,51.62,51.36,normal,drought,False,0.537,0.43,0.033,0,0,0.29,10
20,2025-04-21,52.57,52.45,52.18,51.97,51.73,51.52,51.27,normal,drought,False,0.52,0.458,0.022,0,0,0.29,10
20,2025-04-22,52.41,52.29,52.04,51.83,51.6,51.41,51.15,normal,drought,False,0.528,0.457,0.015,0,0,0.29,10
20,2025-04-23,52.55,52.42,52.18,51.97,51.75,51.57,51.3,normal,drought,False,0.516,0.46,0.024,0,0,0.29,10
20,2025-04-24,52.22,52.09,51.84,51.63,51.4,51.22,50.96,normal,drought,False,0.512,0.472,0.016,0,0,0.29,10
20,2025-04-25,68.74,68.62,68.52,68.21,67.91,67.65,67.16,normal,drought,False,0.509,0.48,0.011,0,0,0.57,6
20,2025-04-26,70.51,70.4,70.31,70.01,69.71,69.45,68.93,normal,drought,False,0.516,0.474,0.01,0,0,0.57,6
20,2025-04-27,68.72,68.57,68.22,67.92,67.57,67.27,66.82,normal,drought,False,0.52,0.467,0.012,0,0,0.29,10
20,2025-04-28,69.44,69.33,69.06,68.78,68.44,68.17,67.7,normal,drought,False,0.507,0.482,0.012,0,0,0.29,10
20,2025-04-29,69.27,69.17,68.89,68.62,68.28,68.02,67.54,normal,drought,False,0.523,0.467,0.01,0,0,0.29,10
20,2025-04-30,70.11,69.99,69.73,69.44,69.11,68.85,68.36,normal,drought,False,0.528,0.457,0.015,0,0,0.29,10
20,2025-05-01,69.97,69.84,69.58,69.29,68.97,68.72,68.23,normal,drought,False,0.535,0.446,0.019,0,0,0.29,10
20,2025-05-02,69.78,69.63,69.27,68.96,68.59,68.27,67.82,normal,drought,False,0.562,0.422,0.015,0,0,0.29,10
20,2025-05-03,69.51,69.37,69.01,68.7,68.34,68.03,67.58,normal,drought,False,0.582,0.402,0.017,0,0,0.29,10
20,2025-05-04,69.08,68.91,68.48,68.17,67.79,67.46,67.03,normal,drought,False,0.588,0.39,0.022,0,0,0.29,10
20,2025-05-05,69.02,68.87,68.44,68.14,67.75,67.41,66.99,normal,drought,False,0.582,0.39,0.028,0,0,0.29,10
20,2025-05-06,69.59,69.47,69.15,68.85,68.5,68.21,67.77,normal,drought,False,0.568,0.41,0.022,0,0,0.29,10
20,2025-05-07,44.91,44.92,44.42,44.35,44.15,43.94,43.88,normal,drought,False,0.565,0.407,0.028,0,0,0.57,6
20,2025-05-08,42.25,42.21,41.67,41.58,41.39,41.2,41.16,normal,drought,False,0.577,0.397,0.026,0,0,0.57,6
20,2025-05-09,44.26,44.15,43.94,43.77,43.61,43.48,43.32,normal,drought,False,0.555,0.419,0.025,0,0,0.29,10
20,2025-05-10,44.36,44.27,44.02,43.86,43.69,43.53,43.38,normal,drought,False,0.564,0.42,0.016,0,0,0.29,10
20,2025-05-11,44.3,44.21,43.99,43.84,43.67,43.52,43.37,normal,drought,False,0.548,0.431,0.021,0,0,0.29,10
20,2025-05-12,44.34,44.27,44.09,43.94,43.78,43.63,43.48,normal,drought,False,0.54,0.439,0.021,0,0,0.29,10
20,2025-05-13,44.15,44.1,43.94,43.8,43.64,43.49,43.33,normal,drought,False,0.517,0.466,0.017,0,0,0.29,10
20,2025-05-14,44.04,43.96,43.79,43.64,43.48,43.33,43.19,normal,drought,False,0.502,0.49,0.009,0,0,0.29,10
20,2025-05-15,43.99,43.91,43.73,43.56,43.4,43.25,43.11,normal,normal,True,0.488,0.504,0.008,0,0,0.29,10
20,2025-05-16,43.77,43.68,43.46,43.3,43.13,42.97,42.83,normal,normal,True,0.491,0.5,0.008,0,0,0.29,10
20,2025-05-17,43.75,43.66,43.45,43.3,43.14,42.98,42.83,normal,normal,True,0.473,0.522,0.005,0,0,0.29,10
20,2025-05-18,44.1,44.04,43.88,43.77,43.64,43.55,43.34,normal,drought,False,0.505,0.488,0.007,0,0,0.29,10
20,2025-05-19,37.32,37.31,37.08,37.04,36.93,36.85,36.74,normal,normal,True,0.491,0.503,0.007,0,0,0.57,6
20,2025-05-20,36.82,36.78,36.56,36.5,36.4,36.34,36.23,normal,normal,True,0.491,0.5,0.01,0,0,0.57,6
20,2025-05-21,37.13,37.06,36.9,36.79,36.69,36.61,36.52,normal,normal,True,0.469,0.525,0.006,0,0,0.29,10
20,2025-05-22,38.49,38.45,38.35,38.26,38.18,38.11,37.99,normal,drought,False,0.544,0.448,0.008,0,0,0.29,10
20,2025-05-23,38.35,38.36,38.33,38.25,38.18,38.12,38.02,normal,drought,False,0.512,0.482,0.006,0,0,0.29,10
20,2025-05-24,38.76,38.75,38.7,38.61,38.54,38.46,38.36,normal,drought,False,0.534,0.457,0.009,0,0,0.29,10
20,2025-05-25,38.56,38.56,38.54,38.47,38.4,38.36,38.22,normal,drought,False,0.512,0.482,0.006,0,0,0.29,10
20,2025-05-26,38.04,37.97,37.83,37.71,37.62,37.54,37.44,normal,drought,False,0.575,0.413,0.012,0,0,0.29,10
20,2025-05-27,37.96,37.87,37.7,37.58,37.47,37.36,37.28,normal,drought,False,0.53,0.461,0.008,0,0,0.29,10
20,2025-05-28,38.04,37.98,37.82,37.72,37.62,37.53,37.43,normal,drought,False,0.546,0.439,0.015,0,0,0.29,10
20,2025-05-29,38.14,38.11,37.96,37.87,37.76,37.64,37.56,normal,drought,False,0.502,0.488,0.01,0,0,0.29,10
20,2025-05-30,38.29,38.25,38.14,38.04,37.93,37.84,37.75,normal,drought,False,0.54,0.441,0.019,0,0,0.29,10
20,2025-05-31,46.92,46.9,46.91,46.78,46.65,46.56,46.32,normal,drought,False,0.536,0.45,0.015,0,0,0.57,6
20,2025-06-01,47.2,47.15,47.08,46.91,46.75,46.61,46.39,normal,drought,False,0.517,0.468,0.014,0,0,0.57,6
20,2025-06-02,46.18,46.05,45.82,45.64,45.45,45.29,45.11,normal,normal,True,0.496,0.496,0.008,0,0,0.29,10
20,2025-06-03,45.82,45.72,45.47,45.3,45.1,44.93,44.76,normal,normal,True,0.483,0.509,0.008,0,0,0.29,10
20,2025-06-04,46.63,46.55,46.34,46.18,46.01,45.84,45.65,normal,drought,False,0.507,0.485,0.008,0,0,0.29,10
20,2025-06-05,46.21,46.13,45.94,45.79,45.62,45.46,45.28,normal,normal,True,0.466,0.528,0.007,0,0,0.29,10
20,2025-06-06,46.25,46.16,45.98,45.82,45.64,45.5,45.3,normal,normal,True,0.483,0.51,0.007,0,0,0.29,10
20,2025-06-07,45.96,45.87,45.69,45.52,45.35,45.19,45.01,normal,normal,True,0.453,0.541,0.006,0,0,0.29,10
20,2025-06-08,46.17,46.04,45.82,45.64,45.45,45.28,45.12,normal,normal,True,0.49,0.503,0.006,0,0,0.29,10
20,2025-06-09,46.12,46.03,45.83,45.66,45.48,45.3,45.14,normal,normal,True,0.449,0.546,0.006,0,0,0.29,10
20,2025-06-10,46.19,46.11,45.91,45.74,45.56,45.39,45.23,normal,normal,True,0.464,0.531,0.005,0,0,0.29,10
20,2025-06-11,46.04,45.96,45.77,45.62,45.46,45.33,45.13,normal,normal,True,0.446,0.549,0.005,0,0,0.29,10
20,2025-06-12,49.36,49.26,49.1,48.93,48.75,48.62,48.37,normal,normal,True,0.478,0.512,0.01,0,0,0.57,6
20,2025-06-13,49.77,49.67,49.49,49.3,49.11,48.94,48.71,normal,normal,True,0.434,0.56,0.006,0,0,0.57,6
20,2025-06-14,49.37,49.27,49.04,48.86,48.66,48.5,48.28,normal,normal,True,0.469,0.524,0.006,0,0,0.29,10
20,2025-06-15,49.82,49.76,49.59,49.45,49.28,49.16,48.88,normal,normal,True,0.486,0.505,0.01,0,0,0.29,10
20,2025-06-16,50.14,50.08,49.93,49.79,49.63,49.52,49.24,normal,normal,True,0.482,0.504,0.014,0,0,0.29,10
20,2025-06-17,49.67,49.59,49.4,49.24,49.06,48.94,48.67,normal,normal,True,0.491,0.499,0.011,0,0,0.29,10
20,2025-06-18,49.47,49.39,49.19,49.03,48.85,48.7,48.45,normal,drought,False,0.528,0.46,0.012,0,0,0.29,10
20,2025-06-19,50.45,50.38,50.2,50.04,49.85,49.68,49.45,normal,drought,False,0.553,0.429,0.018,0,0,0.29,10
20,2025-06-20,50.55,50.47,50.28,50.1,49.91,49.73,49.51,normal,drought,False,0.55,0.427,0.023,0,0,0.29,10
20,2025-06-21,50.68,50.62,50.46,50.29,50.11,49.93,49.69,normal,drought,False,0.538,0.445,0.018,0,0,0.29,10
20,2025-06-22,50.52,50.45,50.3,50.13,49.95,49.79,49.54,normal,drought,False,0.537,0.444,0.02,0,0,0.29,10
20,2025-06-23,50.03,49.9,49.64,49.44,49.22,49.02,48.81,normal,drought,False,0.55,0.424,0.026,0,0,0.29,10
20,2025-06-24,65.94,65.82,65.67,65.37,65.07,64.8,64.37,normal,drought,False,0.539,0.429,0.032,0,0,0.57,6
20,2025-06-25,67.07,66.95,66.8,66.49,66.19,65.9,65.46,normal,drought,False,0.523,0.459,0.018,0,0,0.57,6
20,2025-06-26,65.53,65.37,65.0,64.7,64.35,64.06,63.67,normal,drought,False,0.53,0.453,0.017,0,0,0.29,10
20,2025-06-27,65.36,65.22,64.89,64.6,64.27,63.99,63.58,normal,normal,True,0.486,0.494,0.021,0,0,0.29,10
20,2025-06-28,65.2,65.06,64.71,64.43,64.09,63.8,63.4,normal,normal,True,0.475,0.506,0.019,0,0,0.29,10
20,2025-06-29,65.14,65.01,64.67,64.4,64.06,63.78,63.37,normal,drought,False,0.499,0.489,0.013,0,0,0.29,10
20,2025-06-30,64.95,64.83,64.47,64.19,63.85,63.55,63.15,normal,drought,False,0.496,0.494,0.01,0,0,0.29,10
20,2025-07-01,65.46,65.33,65.0,64.71,64.37,64.07,63.68,normal,normal,True,0.44,0.554,0.006,0,0,0.29,10
20,2025-07-02,65.37,65.24,64.93,64.64,64.3,64.0,63.61,normal,normal,True,0.425,0.57,0.005,0,0,0.29,10
20,2025-07-03,65.35,65.2,64.87,64.58,64.24,63.94,63.55,normal,normal,True,0.432,0.563,0.006,0,0,0.29,10
20,2025-07-04,65.13,64.99,64.66,64.36,64.02,63.72,63.33,normal,normal,True,0.431,0.563,0.005,0,0,0.29,10
20,2025-07-05,65.01,64.86,64.48,64.18,63.82,63.51,63.14,normal,normal,True,0.409,0.585,0.005,0,0,0.29,10
20,2025-07-06,47.15,47.16,46.67,46.56,46.31,46.06,45.97,normal,normal,True,0.397,0.599,0.005,0,0,0.57,6
20,2025-07-07,45.41,45.39,44.89,44.78,44.54,44.29,44.23,normal,normal,True,0.411,0.584,0.005,0,0,0.57,6
20,2025-07-08,47.18,47.07,46.85,46.66,46.45,46.25,46.09,normal,normal,True,0.394,0.602,0.004,0,0,0.29,10
20,2025-07-09,47.08,46.99,46.79,46.6,46.39,46.21,46.04,normal,normal,True,0.364,0.631,0.005,0,0,0.29,10
20,2025-07-10,47.04,46.95,46.74,46.55,46.35,46.17,46.0,normal,normal,True,0.359,0.637,0.004,0,0,0.29,10
20,2025-07-11,46.92,46.83,46.61,46.43,46.23,46.05,45.87,normal,normal,True,0.381,0.615,0.004,0,0,0.29,10
20,2025-07-12,46.87,46.78,46.55,46.37,46.17,45.98,45.81,normal,normal,True,0.359,0.638,0.004,0,0,0.29,10
20,2025-07-13,46.95,46.86,46.65,46.47,46.27,46.08,45.9,normal,normal,True,0.333,0.664,0.003,0,0,0.29,10
20,2025-07-14,46.97,46.87,46.66,46.48,46.28,46.09,45.92,normal,normal,True,0.346,0.651,0.003,0,0,0.29,10
20,2025-07-15,47.13,47.03,46.83,46.65,46.46,46.28,46.1,normal,normal,True,0.347,0.65,0.003,0,0,0.29,10
20,2025-07-16,46.7,46.6,46.38,46.19,45.99,45.8,45.64,normal,normal,True,0.327,0.67,0.003,0,0,0.29,10
20,2025-07-17,46.85,46.74,46.53,46.35,46.17,46.01,45.82,normal,normal,True,0.373,0.624,0.003,0,0,0.29,10
20,2025-07-18,52.28,52.17,52.0,51.79,51.57,51.38,51.11,normal,normal,True,0.386,0.611,0.003,0,0,0.57,6
20,2025-07-19,52.86,52.74,52.55,52.33,52.11,51.92,51.65,normal,normal,True,0.415,0.583,0.003,0,0,0.57,6
20,2025-07-20,52.29,52.19,51.96,51.77,51.54,51.35,51.09,normal,normal,True,0.358,0.639,0.003,0,0,0.29,10
20,2025-07-21,52.64,52.54,52.33,52.14,51.93,51.76,51.48,normal,normal,True,0.432,0.564,0.004,0,0,0.29,10
20,2025-07-22,52.64,52.55,52.33,52.15,51.93,51.74,51.48,normal,normal,True,0.405,0.592,0.003,0,0,0.29,10
20,2025-07-23,52.74,52.65,52.42,52.23,52.01,51.83,51.56,normal,normal,True,0.454,0.542,0.004,0,0,0.29,10
20,2025-07-24,52.78,52.7,52.48,52.3,52.08,51.89,51.63,normal,normal,True,0.415,0.581,0.004,0,0,0.29,10
20,2025-07-25,53.01,52.91,52.68,52.48,52.26,52.07,51.81,normal,normal,True,0.483,0.51,0.007,0,0,0.29,10
20,2025-07-26,53.17,53.07,52.85,52.66,52.43,52.24,51.98,normal,normal,True,0.438,0.557,0.006,0,0,0.29,10
20,2025-07-27,53.13,53.04,52.82,52.63,52.41,52.23,51.96,normal,normal,True,0.478,0.513,0.009,0,0,0.29,10
20,2025-07-28,53.24,53.15,52.92,52.72,52.49,52.28,52.03,normal,normal,True,0.436,0.558,0.006,0,0,0.29,10
20,2025-07-29,53.21,53.1,52.85,52.63,52.39,52.18,51.94,normal,normal,True,0.486,0.503,0.011,0,0,0.29,10
20,2025-07-30,52.72,52.64,52.39,52.18,51.94,51.72,51.48,normal,normal,True,0.428,0.564,0.008,0,0,0.57,6
20,2025-07-31,52.78,52.7,52.45,52.25,52.01,51.79,51.55,normal,normal,True,0.464,0.525,0.011,0,0,0.57,6
20,2025-08-01,52.6,52.49,52.24,52.04,51.8,51.58,51.34,normal,normal,True,0.427,0.566,0.008,0,0,0.29,10
20,2025-08-02,52.68,52.58,52.34,52.14,51.92,51.74,51.46,normal,normal,True,0.464,0.525,0.011,0,0,0.29,10
20,2025-08-03,52.14,52.02,51.75,51.55,51.32,51.14,50.87,normal,normal,True,0.417,0.574,0.009,0,0,0.29,10
20,2025-08-04,52.15,52.0,51.71,51.5,51.28,51.11,50.83,normal,normal,True,0.464,0.524,0.011,0,0,0.29,10
20,2025-08-05,52.71,52.62,52.41,52.23,52.02,51.85,51.57,normal,normal,True,0.417,0.573,0.009,0,0,0.29,10
20,2025-08-06,52.43,52.3,52.05,51.84,51.63,51.44,51.18,normal,normal,True,0.471,0.519,0.01,0,0,0.29,10
20,2025-08-07,52.83,52.73,52.52,52.32,52.1,51.91,51.64,normal,normal,True,0.456,0.537,0.007,0,0,0.29,10
20,2025-08-08,52.76,52.67,52.48,52.28,52.07,51.89,51.63,normal,drought,False,0.509,0.481,0.01,0,0,0.29,10
20,2025-08-09,53.06,52.97,52.75,52.56,52.34,52.15,51.89,normal,normal,True,0.477,0.515,0.008,0,0,0.29,10
20,2025-08-10,52.64,52.53,52.31,52.1,51.89,51.71,51.45,normal,drought,False,0.528,0.463,0.009,0,0,0.29,10
20,2025-08-11,46.77,46.72,46.44,46.31,46.12,45.94,45.77,normal,drought,False,0.502,0.491,0.007,0,0,0.57,6
20,2025-08-12,46.29,46.24,45.94,45.82,45.63,45.46,45.29,normal,drought,False,0.517,0.471,0.012,0,0,0.57,6
20,2025-08-13,47.07,46.96,46.74,46.57,46.4,46.24,46.05,normal,drought,False,0.496,0.491,0.013,0,0,0.29,10
20,2025-08-14,46.93,46.86,46.67,46.52,46.34,46.19,46.0,normal,drought,False,0.511,0.47,0.019,0,0,0.29,10
20,2025-08-15,46.88,46.81,46.62,46.46,46.28,46.13,45.94,normal,normal,True,0.483,0.503,0.014,0,0,0.29,10
20,2025-08-16,47.01,46.91,46.73,46.56,46.39,46.24,46.05,normal,normal,True,0.462,0.516,0.022,0,0,0.29,10
20,2025-08-17,46.86,46.79,46.59,46.43,46.25,46.1,45.91,normal,normal,True,0.477,0.505,0.018,0,0,0.29,10
20,2025-08-18,46.89,46.81,46.61,46.45,46.27,46.11,45.93,normal,normal,True,0.471,0.515,0.014,0,0,0.29,10
20,2025-08-19,47.08,47.0,46.82,46.66,46.49,46.33,46.15,normal,normal,True,0.4,0.589,0.012,0,0,0.29,10
20,2025-08-20,47.08,46.98,46.78,46.59,46.4,46.22,46.06,normal,normal,True,0.37,0.617,0.013,0,0,0.29,10
20,2025-08-21,47.02,46.93,46.73,46.55,46.36,46.18,46.01,normal,normal,True,0.408,0.581,0.011,0,0,0.29,10
20,2025-08-22,46.84,46.76,46.56,46.39,46.2,46.03,45.85,normal,normal,True,0.435,0.556,0.009,0,0,0.29,10
20,2025-08-23,38.22,38.25,38.05,38.0,37.88,37.77,37.7,normal,normal,True,0.361,0.628,0.011,0,0,0.57,6
20,2025-08-24,36.74,36.74,36.48,36.43,36.31,36.2,36.14,normal,normal,True,0.337,0.651,0.012,0,0,0.57,6
20,2025-08-25,37.85,37.77,37.63,37.49,37.38,37.25,37.2,normal,normal,True,0.36,0.632,0.009,0,0,0.29,10
20,2025-08-26,37.84,37.78,37.64,37.52,37.41,37.31,37.24,normal,normal,True,0.413,0.581,0.006,0,0,0.29,10
20,2025-08-27,38.14,38.09,37.97,37.86,37.76,37.65,37.58,normal,normal,True,0.333,0.658,0.008,0,0,0.29,10
20,2025-08-28,38.0,37.96,37.87,37.76,37.67,37.57,37.5,normal,normal,True,0.309,0.682,0.009,0,0,0.29,10
20,2025-08-29,37.55,37.49,37.38,37.26,37.17,37.07,37.01,normal,normal,True,0.341,0.653,0.006,0,0,0.29,10
20,2025-08-30,37.59,37.53,37.41,37.29,37.19,37.09,37.03,normal,normal,True,0.413,0.583,0.004,0,0,0.29,10
20,2025-08-31,37.85,37.8,37.7,37.58,37.49,37.41,37.34,normal,normal,True,0.36,0.633,0.007,0,0,0.29,10
21,2025-03-01,33.11,33.06,32.97,32.87,32.81,32.79,32.69,normal,normal,True,0.2,0.428,0.372,0,0,0.29,10
21,2025-03-02,33.98,33.98,33.95,33.87,33.83,33.82,33.69,normal,normal,True,0.261,0.394,0.345,0,0,0.29,10
21,2025-03-03,33.81,33.79,33.75,33.66,33.61,33.59,33.48,normal,normal,True,0.29,0.381,0.329,0,0,0.29,10
21,2025-03-04,34.01,33.99,33.95,33.84,33.79,33.75,33.65,normal,normal,True,0.279,0.384,0.337,0,0,0.29,10
21,2025-03-05,34.12,34.12,34.11,34.01,33.96,33.92,33.82,normal,normal,True,0.293,0.373,0.334,0,0,0.29,10
21,2025-03-06,34.3,34.26,34.2,34.09,34.02,33.95,33.88,normal,normal,True,0.329,0.359,0.312,0,0,0.29,10
21,2025-03-07,34.28,34.24,34.19,34.08,34.01,33.95,33.87,normal,normal,True,0.323,0.364,0.312,0,0,0.29,10
21,2025-03-08,29.76,29.71,29.6,29.51,29.46,29.41,29.39,normal,normal,True,0.306,0.367,0.327,0,0,0.57,6
21,2025-03-09,29.32,29.27,29.15,29.06,29.01,28.96,28.95,normal,normal,True,0.324,0.358,0.318,0,0,0.57,6
21,2025-03-10,29.65,29.61,29.57,29.46,29.43,29.39,29.38,normal,normal,True,0.322,0.349,0.329,0,0,0.29,10
21,2025-03-11,29.07,29.03,28.96,28.86,28.83,28.83,28.78,normal,normal,True,0.339,0.359,0.302,0,0,0.29,10
21,2025-03-12,29.91,29.93,29.95,29.89,29.89,29.95,29.84,normal,normal,True,0.33,0.347,0.323,0,0,0.29,10
21,2025-03-13,29.24,29.2,29.16,29.06,29.03,29.03,28.99,normal,normal,True,0.297,0.362,0.341,0,0,0.29,10
21,2025-03-14,29.06,28.99,28.91,28.79,28.74,28.71,28.69,normal,normal,True,0.297,0.369,0.335,0,0,0.29,10
21,2025-03-15,29.22,29.22,29.23,29.15,29.12,29.1,29.08,normal,normal,True,0.322,0.371,0.308,0,0,0.29,10
21,2025-03-16,30.46,30.55,30.6,30.57,30.57,30.57,30.52,normal,drought,False,0.37,0.343,0.287,0,0,0.29,10
21,2025-03-17,29.7,29.76,29.8,29.76,29.76,29.79,29.72,normal,normal,True,0.327,0.363,0.311,0,0,0.29,10
21,2025-03-18,30.21,30.25,30.32,30.26,30.26,30.28,30.22,normal,normal,True,0.274,0.399,0.327,0,0,0.29,10
21,2025-03-19,29.29,29.24,29.19,29.09,29.05,29.02,29.0,normal,normal,True,0.349,0.355,0.295,0,0,0.29,10
21,2025-03-20,36.69,36.67,36.67,36.54,36.48,36.41,36.29,normal,drought,False,0.367,0.365,0.269,0,0,0.57,6
21,2025-03-21,37.15,37.16,37.19,37.07,37.01,36.95,36.81,normal,normal,True,0.329,0.367,0.305,0,0,0.57,6
21,2025-03-22,36.56,36.51,36.38,36.24,36.13,36.03,35.93,normal,normal,True,0.289,0.395,0.316,0,0,0.29,10
21,2025-03-23,36.09,36.08,36.0,35.89,35.79,35.72,35.6,normal,drought,False,0.449,0.301,0.25,0,0,0.29,10
21,2025-03-24,36.33,36.29,36.2,36.06,35.96,35.87,35.76,normal,drought,False,0.372,0.347,0.28,0,0,0.29,10
21,2025-03-25,35.91,35.84,35.71,35.57,35.46,35.36,35.27,normal,drought,False,0.48,0.295,0.225,0,0,0.29,10
21,2025-03-26,35.51,35.43,35.28,35.13,35.01,34.91,34.83,normal,drought,False,0.491,0.294,0.215,0,0,0.29,10
21,2025-03-27,35.78,35.71,35.58,35.44,35.33,35.22,35.13,normal,drought,False,0.55,0.251,0.199,0,0,0.29,10
21,2025-03-28,35.29,35.2,35.04,34.89,34.77,34.67,34.6,normal,drought,False,0.461,0.3,0.239,0,0,0.29,10
21,2025-03-29,35.22,35.15,35.02,34.88,34.76,34.66,34.57,normal,drought,False,0.555,0.246,0.199,0,0,0.29,10
21,2025-03-30,35.59,35.55,35.47,35.34,35.24,35.15,35.06,normal,drought,False,0.503,0.269,0.228,0,0,0.29,10
21,2025-03-31,35.36,35.3,35.19,35.05,34.94,34.84,34.76,normal,drought,False,0.585,0.23,0.184,0,0,0.29,10
21,2025-04-01,40.04,39.99,39.93,39.76,39.62,39.5,39.35,normal,drought,False,0.539,0.249,0.212,0,0,0.57,6
21,2025-04-02,40.43,40.4,40.33,40.19,40.06,39.97,39.78,normal,drought,False,0.593,0.225,0.183,0,0,0.57,6
21,2025-04-03,39.67,39.58,39.41,39.25,39.11,39.01,38.84,normal,drought,False,0.602,0.218,0.181,0,0,0.29,10
21,2025-04-04,40.67,40.63,40.54,40.41,40.29,40.23,40.03,normal,drought,False,0.595,0.216,0.189,0,0,0.29,10
21,2025-04-05,41.12,41.09,41.06,40.93,40.83,40.78,40.56,normal,drought,False,0.557,0.223,0.22,0,0,0.29,10
21,2025-04-06,40.72,40.63,40.51,40.34,40.21,40.12,39.93,normal,drought,False,0.59,0.226,0.185,0,0,0.29,10
21,2025-04-07,42.07,42.05,42.04,41.9,41.8,41.72,41.51,normal,drought,False,0.549,0.24,0.211,0,0,0.29,10
21,2025-04-08,41.34,41.27,41.15,40.99,40.87,40.75,40.58,normal,drought,False,0.562,0.234,0.204,0,0,0.29,10
21,2025-04-09,41.7,41.6,41.44,41.25,41.1,40.96,40.8,normal,drought,False,0.578,0.232,0.19,0,0,0.29,10
21,2025-04-10,40.92,40.86,40.72,40.56,40.43,40.31,40.15,normal,drought,False,0.604,0.233,0.163,0,0,0.29,10
21,2025-04-11,40.92,40.8,40.56,40.39,40.25,40.11,39.95,normal,drought,False,0.597,0.242,0.161,0,0,0.29,10
21,2025-04-12,40.31,40.21,40.02,39.85,39.71,39.59,39.45,normal,drought,False,0.584,0.24,0.176,0,0,0.29,10
21,2025-04-13,42.74,42.65,42.47,42.29,42.14,42.0,41.85,normal,drought,False,0.58,0.247,0.173,0,0,0.57,6
21,2025-04-14,42.56,42.48,42.3,42.12,41.97,41.82,41.65,normal,drought,False,0.583,0.241,0.176,0,0,0.57,6
21,2025-04-15,42.7,42.65,42.51,42.35,42.2,42.09,41.9,normal,drought,False,0.568,0.258,0.174,0,0,0.29,10
21,2025-04-16,42.66,42.61,42.47,42.32,42.16,42.04,41.85,normal,drought,False,0.549,0.26,0.191,0,0,0.29,10
21,2025-04-17,42.84,42.81,42.67,42.52,42.35,42.23,42.03,normal,drought,False,0.505,0.271,0.224,0,0,0.29,10
21,2025-04-18,42.47,42.4,42.25,42.08,41.91,41.77,41.59,normal,drought,False,0.518,0.272,0.21,0,0,0.29,10
21,2025-04-19,42.84,42.77,42.59,42.41,42.24,42.09,41.91,normal,drought,False,0.491,0.3,0.209,0,0,0.29,10
21,2025-04-20,42.47,42.39,42.19,42.02,41.84,41.68,41.51,normal,drought,False,0.554,0.254,0.192,0,0,0.29,10
21,2025-04-21,42.44,42.34,42.13,41.94,41.75,41.59,41.42,normal,drought,False,0.551,0.249,0.2,0,0,0.29,10
21,2025-04-22,42.55,42.46,42.3,42.12,41.95,41.81,41.63,normal,drought,False,0.58,0.24,0.18,0,0,0.29,10
21,2025-04-23,42.27,42.17,41.97,41.79,41.61,41.48,41.3,normal,drought,False,0.559,0.254,0.187,0,0,0.29,10
21,2025-04-24,41.93,41.81,41.6,41.4,41.23,41.08,40.91,normal,drought,False,0.578,0.235,0.186,0,0,0.29,10
21,2025-04-25,31.33,31.28,30.98,30.9,30.77,30.69,30.64,normal,drought,False,0.583,0.236,0.181,0,0,0.57,6
21,2025-04-26,30.95,30.94,30.68,30.63,30.52,30.45,30.4,normal,drought,False,0.596,0.236,0.168,0,0,0.57,6
21,2025-04-27,32.29,32.25,32.18,32.07,32.0,31.95,31.89,normal,drought,False,0.599,0.233,0.168,0,0,0.29,10
21,2025-04-28,32.37,32.35,32.31,32.22,32.16,32.13,32.05,normal,drought,False,0.599,0.234,0.167,0,0,0.29,10
21,2025-04-29,33.05,33.06,33.07,33.0,32.95,32.94,32.84,normal,drought,False,0.584,0.242,0.174,0,0,0.29,10
21,2025-04-30,33.05,33.03,33.01,32.92,32.87,32.87,32.76,normal,drought,False,0.595,0.242,0.163,0,0,0.29,10
21,2025-05-01,33.11,33.08,33.05,32.95,32.9,32.89,32.77,normal,drought,False,0.603,0.236,0.161,0,0,0.29,10
21,2025-05-02,33.37,33.35,33.31,33.2,33.14,33.09,33.0,normal,drought,False,0.605,0.236,0.159,0,0,0.29,10
21,2025-05-03,32.92,32.86,32.74,32.62,32.54,32.47,32.4,normal,drought,False,0.602,0.238,0.16,0,0,0.29,10
21,2025-05-04,32.73,32.67,32.57,32.44,32.37,32.29,32.24,normal,drought,False,0.603,0.239,0.158,0,0,0.29,10
21,2025-05-05,32.85,32.81,32.72,32.6,32.52,32.44,32.39,normal,drought,False,0.583,0.246,0.171,0,0,0.29,10
21,2025-05-06,33.28,33.26,33.2,33.09,33.02,32.96,32.9,normal,drought,False,0.576,0.246,0.178,0,0,0.29,10
21,2025-05-07,40.25,40.26,40.29,40.16,40.06,39.98,39.81,normal,drought,False,0.588,0.239,0.173,0,0,0.57,6
21,2025-05-08,40.5,40.47,40.46,40.3,40.2,40.11,39.93,normal,drought,False,0.608,0.236,0.157,0,0,0.57,6
21,2025-05-09,39.26,39.16,38.98,38.81,38.66,38.54,38.4,normal,drought,False,0.585,0.237,0.178,0,0,0.29,10
21,2025-05-10,39.3,39.2,38.98,38.8,38.64,38.5,38.38,normal,drought,False,0.575,0.244,0.181,0,0,0.29,10
21,2025-05-11,39.24,39.17,38.98,38.83,38.67,38.53,38.4,normal,drought,False,0.578,0.244,0.178,0,0,0.29,10
21,2025-05-12,39.37,39.32,39.17,39.03,38.88,38.75,38.61,normal,drought,False,0.585,0.246,0.169,0,0,0.29,10
21,2025-05-13,39.19,39.13,39.0,38.84,38.69,38.56,38.43,normal,drought,False,0.542,0.246,0.211,0,0,0.29,10
21,2025-05-14,39.12,39.05,38.91,38.75,38.6,38.47,38.35,normal,drought,False,0.571,0.242,0.187,0,0,0.29,10
21,2025-05-15,39.07,38.99,38.85,38.68,38.52,38.39,38.26,normal,drought,False,0.588,0.235,0.176,0,0,0.29,10
21,2025-05-16,38.81,38.71,38.52,38.34,38.17,38.03,37.91,normal,drought,False,0.596,0.23,0.175,0,0,0.29,10
21,2025-05-17,38.71,38.61,38.42,38.24,38.08,37.94,37.82,normal,drought,False,0.582,0.234,0.184,0,0,0.29,10
21,2025-05-18,38.72,38.66,38.5,38.36,38.23,38.16,37.98,normal,drought,False,0.592,0.239,0.17,0,0,0.29,10
21,2025-05-19,22.05,21.89,21.54,21.47,21.38,21.35,21.36,normal,drought,False,0.584,0.233,0.183,0,0,0.57,6
21,2025-05-20,20.15,19.93,19.56,19.47,19.4,19.39,19.4,normal,drought,False,0.556,0.237,0.207,0,0,0.57,6
21,2025-05-21,23.29,23.24,23.19,23.1,23.09,23.1,23.14,normal,drought,False,0.569,0.234,0.197,0,0,0.29,10
21,2025-05-22,24.38,24.37,24.37,24.3,24.31,24.33,24.35,normal,drought,False,0.562,0.256,0.181,0,0,0.29,10
21,2025-05-23,24.43,24.53,24.62,24.6,24.63,24.66,24.69,normal,drought,False,0.57,0.248,0.181,0,0,0.29,10
21,2025-05-24,24.79,24.92,25.04,25.04,25.07,25.1,25.13,normal,drought,False,0.522,0.254,0.223,0,0,0.29,10
21,2025-05-25,24.44,24.53,24.64,24.62,24.65,24.7,24.7,normal,drought,False,0.568,0.247,0.185,0,0,0.29,10
21,2025-05-26,24.21,24.21,24.21,24.13,24.14,24.16,24.18,normal,drought,False,0.558,0.266,0.175,0,0,0.29,10
21,2025-05-27,24.11,24.06,24.02,23.93,23.91,23.91,23.95,normal,drought,False,0.58,0.246,0.174,0,0,0.29,10
21,2025-05-28,24.25,24.24,24.21,24.15,24.14,24.14,24.18,normal,drought,False,0.539,0.251,0.21,0,0,0.29,10
21,2025-05-29,24.3,24.28,24.28,24.19,24.18,24.15,24.22,normal,drought,False,0.558,0.253,0.189,0,0,0.29,10
21,2025-05-30,24.48,24.49,24.53,24.46,24.45,24.45,24.5,normal,drought,False,0.523,0.269,0.208,0,0,0.29,10
21,2025-05-31,20.77,20.78,20.81,20.77,20.8,20.86,20.92,normal,drought,False,0.562,0.251,0.186,0,0,0.57,6
21,2025-06-01,19.65,19.55,19.49,19.38,19.38,19.41,19.48,normal,drought,False,0.546,0.253,0.201,0,0,0.57,6
21,2025-06-02,20.47,20.45,20.49,20.41,20.43,20.47,20.55,normal,drought,False,0.575,0.242,0.183,0,0,0.29,10
21,2025-06-03,20.56,20.57,20.61,20.54,20.56,20.59,20.69,normal,drought,False,0.578,0.236,0.186,0,0,0.29,10
21,2025-06-04,20.82,20.81,20.85,20.77,20.8,20.82,20.91,normal,drought,False,0.578,0.249,0.173,0,0,0.29,10
21,2025-06-05,20.86,20.9,20.99,20.94,20.98,21.02,21.11,normal,drought,False,0.581,0.239,0.18,0,0,0.29,10
21,2025-06-06,20.75,20.77,20.85,20.8,20.83,20.88,20.95,normal,drought,False,0.556,0.241,0.203,0,0,0.29,10
21,2025-06-07,20.66,20.66,20.72,20.65,20.68,20.71,20.8,normal,drought,False,0.555,0.231,0.214,0,0,0.29,10
21,2025-06-08,20.63,20.61,20.65,20.57,20.6,20.62,20.72,normal,drought,False,0.589,0.235,0.176,0,0,0.29,10
21,2025-06-09,20.69,20.68,20.73,20.66,20.68,20.69,20.79,normal,drought,False,0.583,0.225,0.192,0,0,0.29,10
21,2025-06-10,20.81,20.81,20.87,20.8,20.83,20.86,20.96,normal,drought,False,0.548,0.242,0.21,0,0,0.29,10
21,2025-06-11,21.07,21.13,21.24,21.21,21.26,21.33,21.41,normal,drought,False,0.565,0.226,0.209,0,0,0.29,10
21,2025-06-12,6.41,6.24,6.27,6.33,6.45,6.65,6.83,drought,drought,True,0.585,0.218,0.197,7,0,0.57,6
21,2025-06-13,5.56,5.39,5.43,5.49,5.6,5.78,6.0,drought,drought,True,0.57,0.215,0.214,7,0,0.57,6
21,2025-06-14,9.26,9.23,9.32,9.29,9.37,9.49,9.67,drought,drought,True,0.587,0.22,0.193,7,0,0.29,10
21,2025-06-15,10.31,10.44,10.64,10.71,10.85,11.02,11.17,drought,drought,True,0.592,0.231,0.176,7,0,0.29,10
21,2025-06-16,9.91,9.99,10.14,10.18,10.31,10.48,10.62,drought,drought,True,0.587,0.225,0.187,7,0,0.29,10
21,2025-06-17,9.87,9.92,10.06,10.08,10.21,10.38,10.5,drought,drought,True,0.566,0.222,0.212,7,0,0.29,10
21,2025-06-18,9.52,9.53,9.62,9.61,9.72,9.87,10.01,drought,drought,True,0.57,0.227,0.203,7,0,0.29,10
21,2025-06-19,9.5,9.4,9.39,9.35,9.4,9.51,9.66,drought,drought,True,0.585,0.242,0.174,7,0,0.29,10
21,2025-06-20,9.72,9.71,9.76,9.75,9.82,9.93,10.11,drought,drought,True,0.564,0.245,0.191,7,0,0.29,10
21,2025-06-21,9.93,9.96,10.04,10.04,10.12,10.25,10.42,drought,drought,True,0.534,0.247,0.219,7,0,0.29,10
21,2025-06-22,9.6,9.59,9.67,9.65,9.72,9.85,10.01,drought,drought,True,0.536,0.251,0.213,7,0,0.29,10
21,2025-06-23,9.15,9.09,9.15,9.1,9.16,9.26,9.45,drought,drought,True,0.572,0.238,0.19,7,0,0.29,10
21,2025-06-24,7.3,7.19,7.21,7.18,7.22,7.34,7.53,drought,drought,True,0.524,0.26,0.217,7,0,0.57,6
21,2025-06-25,7.08,6.95,6.95,6.91,6.93,7.04,7.24,drought,drought,True,0.543,0.244,0.213,7,0,0.57,6
21,2025-06-26,7.68,7.63,7.67,7.65,7.69,7.81,7.99,drought,drought,True,0.557,0.244,0.198,7,0,0.29,10
21,2025-06-27,7.8,7.77,7.85,7.84,7.91,8.04,8.22,drought,drought,True,0.527,0.242,0.231,7,0,0.29,10
21,2025-06-28,7.54,7.47,7.52,7.49,7.53,7.66,7.84,drought,drought,True,0.482,0.258,0.261,7,0,0.29,10
21,2025-06-29,7.61,7.56,7.61,7.59,7.64,7.78,7.95,drought,drought,True,0.552,0.232,0.215,7,0,0.29,10
21,2025-06-30,7.54,7.47,7.51,7.48,7.52,7.65,7.83,drought,drought,True,0.565,0.234,0.201,7,0,0.29,10
21,2025-07-01,7.75,7.7,7.75,7.73,7.76,7.87,8.07,drought,drought,True,0.562,0.227,0.211,7,0,0.29,10
21,2025-07-02,7.86,7.83,7.91,7.9,7.95,8.05,8.26,drought,drought,True,0.548,0.222,0.23,7,0,0.29,10
21,2025-07-03,7.92,7.89,7.96,7.94,7.99,8.1,8.31,drought,drought,True,0.544,0.227,0.229,7,0,0.29,10
21,2025-07-04,7.78,7.73,7.79,7.77,7.81,7.92,8.12,drought,drought,True,0.557,0.222,0.221,7,0,0.29,10
21,2025-07-05,7.77,7.71,7.77,7.73,7.77,7.87,8.08,drought,drought,True,0.543,0.219,0.238,7,0,0.29,10
21,2025-07-06,10.62,10.64,10.74,10.71,10.75,10.85,11.03,drought,drought,True,0.53,0.218,0.252,7,0,0.57,6
21,2025-07-07,10.87,10.89,11.0,10.97,11.01,11.11,11.3,drought,drought,True,0.536,0.222,0.242,7,0,0.57,6
21,2025-07-08,10.28,10.24,10.34,10.28,10.33,10.41,10.63,drought,drought,True,0.521,0.223,0.256,7,0,0.29,10
21,2025-07-09,10.29,10.25,10.35,10.3,10.36,10.44,10.65,drought,drought,True,0.491,0.228,0.28,7,0,0.29,10
21,2025-07-10,10.26,10.22,10.31,10.25,10.3,10.39,10.6,drought,drought,True,0.48,0.234,0.286,7,0,0.29,10
21,2025-07-11,10.4,10.4,10.52,10.49,10.55,10.65,10.85,drought,drought,True,0.524,0.224,0.252,7,0,0.29,10
21,2025-07-12,10.17,10.13,10.22,10.17,10.22,10.3,10.51,drought,drought,True,0.484,0.233,0.283,7,0,0.29,10
21,2025-07-13,10.24,10.2,10.29,10.23,10.29,10.37,10.57,drought,drought,True,0.433,0.246,0.321,7,0,0.29,10
21,2025-07-14,10.05,9.99,10.07,10.01,10.06,10.14,10.34,drought,drought,True,0.442,0.241,0.316,7,0,0.29,10
21,2025-07-15,10.18,10.11,10.18,10.13,10.18,10.27,10.46,drought,drought,True,0.442,0.242,0.316,7,0,0.29,10
21,2025-07-16,10.06,10.0,10.08,10.02,10.07,10.16,10.37,drought,drought,True,0.422,0.25,0.328,7,0,0.29,10
21,2025-07-17,10.24,10.21,10.3,10.26,10.34,10.45,10.63,drought,drought,True,0.445,0.244,0.311,7,0,0.29,10
21,2025-07-18,8.71,8.64,8.72,8.67,8.73,8.84,9.04,drought,drought,True,0.471,0.235,0.294,7,0,0.57,6
21,2025-07-19,8.72,8.66,8.72,8.68,8.75,8.87,9.05,drought,drought,True,0.494,0.236,0.27,7,0,0.57,6
21,2025-07-20,8.96,8.92,9.01,8.97,9.04,9.15,9.34,drought,drought,True,0.432,0.247,0.32,7,0,0.29,10
21,2025-07-21,9.14,9.11,9.19,9.16,9.24,9.37,9.54,drought,drought,True,0.515,0.243,0.242,7,0,0.29,10
21,2025-07-22,9.0,8.95,9.04,9.01,9.08,9.2,9.39,drought,drought,True,0.504,0.232,0.265,7,0,0.29,10
21,2025-07-23,9.11,9.08,9.18,9.16,9.24,9.36,9.54,drought,drought,True,0.536,0.229,0.235,7,0,0.29,10
21,2025-07-24,9.36,9.38,9.52,9.52,9.62,9.75,9.93,drought,drought,True,0.496,0.23,0.274,7,0,0.29,10
21,2025-07-25,9.57,9.61,9.76,9.77,9.86,9.99,10.18,drought,drought,True,0.571,0.229,0.2,7,0,0.29,10
21,2025-07-26,9.7,9.74,9.9,9.91,10.01,10.14,10.33,drought,drought,True,0.538,0.226,0.236,7,0,0.29,10
21,2025-07-27,9.59,9.61,9.75,9.75,9.85,9.98,10.16,drought,drought,True,0.572,0.22,0.208,7,0,0.29,10
21,2025-07-28,9.45,9.4,9.47,9.43,9.49,9.59,9.79,drought,drought,True,0.526,0.228,0.246,7,0,0.29,10
21,2025-07-29,9.41,9.35,9.42,9.38,9.43,9.53,9.73,drought,drought,True,0.589,0.217,0.194,7,0,0.29,10
21,2025-07-30,7.45,7.36,7.4,7.37,7.4,7.5,7.72,drought,drought,True,0.555,0.223,0.222,7,0,0.57,6
21,2025-07-31,7.29,7.22,7.26,7.24,7.28,7.38,7.6,drought,drought,True,0.577,0.226,0.197,7,0,0.57,6
21,2025-08-01,7.53,7.46,7.5,7.46,7.5,7.61,7.81,drought,drought,True,0.557,0.216,0.227,7,0,0.29,10
21,2025-08-02,7.65,7.6,7.66,7.64,7.7,7.85,8.01,drought,drought,True,0.575,0.217,0.208,7,0,0.29,10
21,2025-08-03,7.26,7.17,7.2,7.17,7.22,7.36,7.52,drought,drought,True,0.548,0.221,0.23,7,0,0.29,10
21,2025-08-04,7.09,7.0,7.01,6.99,7.05,7.2,7.34,drought,drought,True,0.581,0.223,0.196,7,0,0.29,10
21,2025-08-05,7.63,7.59,7.67,7.66,7.74,7.89,8.05,drought,drought,True,0.524,0.225,0.251,7,0,0.29,10
21,2025-08-06,7.18,7.11,7.13,7.13,7.18,7.32,7.49,drought,drought,True,0.534,0.238,0.228,7,0,0.29,10
21,2025-08-07,8.0,8.03,8.14,8.16,8.24,8.37,8.56,drought,drought,True,0.513,0.244,0.243,7,0,0.29,10
21,2025-08-08,8.28,8.37,8.53,8.58,8.69,8.83,9.02,drought,drought,True,0.536,0.241,0.222,7,0,0.29,10
21,2025-08-09,8.49,8.53,8.64,8.65,8.74,8.87,9.05,drought,drought,True,0.532,0.24,0.228,7,0,0.29,10
21,2025-08-10,7.61,7.56,7.62,7.61,7.67,7.81,7.98,drought,drought,True,0.574,0.242,0.184,7,0,0.29,10
21,2025-08-11,5.35,5.19,5.18,5.19,5.23,5.36,5.55,drought,drought,True,0.565,0.24,0.195,7,0,0.57,6
21,2025-08-12,4.9,4.74,4.74,4.76,4.8,4.93,5.12,drought,drought,True,0.563,0.238,0.199,7,0,0.57,6
21,2025-08-13,5.43,5.31,5.31,5.32,5.36,5.49,5.66,drought,drought,True,0.581,0.228,0.191,7,0,0.29,10
21,2025-08-14,5.59,5.53,5.59,5.64,5.69,5.83,6.01,drought,drought,True,0.594,0.222,0.184,7,0,0.29,10
21,2025-08-15,5.72,5.67,5.76,5.8,5.86,5.99,6.18,drought,drought,True,0.579,0.218,0.203,7,0,0.29,10
21,2025-08-16,5.75,5.71,5.79,5.83,5.89,6.03,6.22,drought,drought,True,0.549,0.228,0.223,7,0,0.29,10
21,2025-08-17,5.77,5.72,5.78,5.81,5.87,6.01,6.2,drought,drought,True,0.581,0.222,0.197,7,0,0.29,10
21,2025-08-18,5.78,5.72,5.77,5.79,5.84,5.98,6.17,drought,drought,True,0.593,0.221,0.187,7,0,0.29,10
21,2025-08-19,5.63,5.55,5.59,5.61,5.65,5.77,5.97,drought,drought,True,0.542,0.216,0.242,7,0,0.29,10
21,2025-08-20,5.91,5.85,5.91,5.93,5.97,6.07,6.29,drought,drought,True,0.509,0.232,0.259,7,0,0.29,10
21,2025-08-21,5.83,5.77,5.82,5.84,5.88,5.99,6.2,drought,drought,True,0.546,0.223,0.231,7,0,0.29,10
21,2025-08-22,5.88,5.81,5.85,5.85,5.89,6.01,6.2,drought,drought,True,0.571,0.222,0.206,7,0,0.29,10
21,2025-08-23,3.24,3.13,3.18,3.23,3.3,3.44,3.59,drought,drought,True,0.5,0.231,0.269,7,0,0.57,6
21,2025-08-24,2.66,2.52,2.57,2.6,2.66,2.8,2.95,drought,drought,True,0.461,0.235,0.304,7,0,0.57,6
21,2025-08-25,2.83,2.69,2.72,2.72,2.79,2.9,3.06,drought,drought,True,0.48,0.228,0.292,7,0,0.29,10
21,2025-08-26,2.8,2.68,2.71,2.73,2.8,2.92,3.07,drought,drought,True,0.543,0.223,0.235,7,0,0.29,10
21,2025-08-27,2.88,2.74,2.77,2.8,2.86,2.98,3.15,drought,drought,True,0.463,0.236,0.301,7,0,0.29,10
21,2025-08-28,2.85,2.75,2.78,2.82,2.91,3.03,3.18,drought,drought,True,0.405,0.247,0.348,7,0,0.29,10
21,2025-08-29,2.67,2.58,2.62,2.66,2.75,2.87,3.02,drought,drought,True,0.463,0.221,0.316,7,0,0.29,10
21,2025-08-30,2.84,2.76,2.8,2.85,2.94,3.07,3.22,drought,drought,True,0.519,0.22,0.261,7,0,0.29,10
21,2025-08-31,2.91,2.83,2.89,2.93,3.03,3.16,3.3,drought,drought,True,0.497,0.221,0.282,7,0,0.29,10
22,2025-03-01,68.21,68.02,67.67,67.31,66.96,66.68,66.19,normal,normal,True,0.177,0.417,0.406,0,0,0.29,10
22,2025-03-02,68.71,68.55,68.24,67.9,67.55,67.29,66.78,normal,overflow,False,0.212,0.392,0.395,0,0,0.29,10
22,2025-03-03,68.57,68.4,68.07,67.72,67.36,67.08,66.59,normal,overflow,False,0.227,0.386,0.388,0,0,0.29,10
22,2025-03-04,68.67,68.5,68.15,67.8,67.43,67.13,66.66,normal,overflow,False,0.222,0.388,0.39,0,0,0.29,10
22,2025-03-05,68.44,68.27,67.93,67.58,67.21,66.91,66.45,normal,overflow,False,0.237,0.375,0.388,0,0,0.29,10
22,2025-03-06,68.3,68.11,67.72,67.36,66.98,66.65,66.22,normal,overflow,False,0.257,0.37,0.373,0,0,0.29,10
22,2025-03-07,68.05,67.86,67.47,67.12,66.74,66.41,65.98,normal,overflow,False,0.252,0.374,0.374,0,0,0.29,10
22,2025-03-08,66.65,66.48,66.08,65.74,65.37,65.06,64.64,normal,overflow,False,0.24,0.38,0.38,0,0,0.57,6
22,2025-03-09,66.3,66.15,65.74,65.42,65.05,64.74,64.33,normal,overflow,False,0.258,0.368,0.374,0,0,0.57,6
22,2025-03-10,66.38,66.2,65.83,65.49,65.13,64.84,64.41,normal,overflow,False,0.256,0.363,0.38,0,0,0.29,10
22,2025-03-11,66.4,66.26,65.92,65.61,65.28,65.02,64.55,normal,normal,True,0.261,0.373,0.366,0,0,0.29,10
22,2025-03-12,67.55,67.48,67.26,66.98,66.68,66.48,65.95,normal,overflow,False,0.239,0.361,0.4,0,0,0.29,10
22,2025-03-13,67.49,67.39,67.13,66.82,66.49,66.23,65.75,normal,overflow,False,0.241,0.366,0.393,0,0,0.29,10
22,2025-03-14,67.21,67.08,66.77,66.45,66.09,65.78,65.33,normal,overflow,False,0.239,0.377,0.384,0,0,0.29,10
22,2025-03-15,66.85,66.72,66.39,66.06,65.7,65.38,64.93,normal,normal,True,0.254,0.378,0.368,0,0,0.29,10
22,2025-03-16,67.32,67.17,66.77,66.45,66.07,65.75,65.3,normal,normal,True,0.277,0.366,0.357,0,0,0.29,10
22,2025-03-17,67.21,67.08,66.74,66.43,66.09,65.81,65.33,normal,normal,True,0.264,0.37,0.366,0,0,0.29,10
22,2025-03-18,67.54,67.42,67.11,66.8,66.46,66.18,65.72,normal,normal,True,0.214,0.401,0.384,0,0,0.29,10
22,2025-03-19,67.0,66.82,66.47,66.11,65.75,65.44,65.01,normal,normal,True,0.27,0.366,0.364,0,0,0.29,10
22,2025-03-20,65.84,65.66,65.32,64.99,64.65,64.37,63.94,normal,normal,True,0.263,0.383,0.354,0,0,0.57,6
22,2025-03-21,65.36,65.16,64.77,64.42,64.06,63.76,63.35,normal,normal,True,0.262,0.372,0.366,0,0,0.57,6
22,2025-03-22,66.01,65.84,65.46,65.11,64.75,64.43,64.02,normal,normal,True,0.224,0.4,0.375,0,0,0.29,10
22,2025-03-23,65.62,65.51,65.19,64.88,64.54,64.25,63.81,normal,drought,False,0.377,0.315,0.308,0,0,0.29,10
22,2025-03-24,65.52,65.41,65.04,64.74,64.38,64.06,63.63,normal,normal,True,0.283,0.36,0.357,0,0,0.29,10
22,2025-03-25,65.39,65.23,64.89,64.57,64.22,63.91,63.49,normal,drought,False,0.408,0.311,0.281,0,0,0.29,10
22,2025-03-26,65.16,64.97,64.59,64.24,63.88,63.58,63.16,normal,drought,False,0.399,0.313,0.288,0,0,0.29,10
22,2025-03-27,65.13,64.94,64.55,64.21,63.84,63.52,63.11,normal,drought,False,0.559,0.24,0.201,0,0,0.29,10
22,2025-03-28,65.02,64.83,64.45,64.11,63.75,63.44,63.03,normal,drought,False,0.385,0.314,0.301,0,0,0.29,10
22,2025-03-29,64.78,64.64,64.25,63.94,63.57,63.25,62.84,normal,drought,False,0.545,0.247,0.208,0,0,0.29,10
22,2025-03-30,64.98,64.83,64.49,64.16,63.8,63.48,63.08,normal,drought,False,0.457,0.282,0.262,0,0,0.29,10
22,2025-03-31,64.89,64.71,64.36,64.02,63.66,63.35,62.95,normal,drought,False,0.604,0.224,0.172,0,0,0.29,10
22,2025-04-01,58.32,58.23,57.83,57.59,57.26,56.96,56.63,normal,drought,False,0.54,0.246,0.214,0,0,0.57,6
22,2025-04-02,58.12,58.07,57.72,57.51,57.2,56.95,56.58,normal,drought,False,0.61,0.222,0.169,0,0,0.57,6
22,2025-04-03,58.79,58.66,58.39,58.11,57.83,57.6,57.22,normal,drought,False,0.623,0.215,0.162,0,0,0.29,10
22,2025-04-04,59.68,59.57,59.36,59.1,58.84,58.63,58.21,normal,drought,False,0.607,0.219,0.174,0,0,0.29,10
22,2025-04-05,60.31,60.21,60.06,59.79,59.54,59.34,58.92,normal,drought,False,0.569,0.228,0.202,0,0,0.29,10
22,2025-04-06,59.71,59.52,59.24,58.92,58.62,58.37,57.99,normal,drought,False,0.597,0.234,0.169,0,0,0.29,10
22,2025-04-07,60.59,60.44,60.23,59.93,59.65,59.41,59.02,normal,drought,False,0.554,0.244,0.202,0,0,0.29,10
22,2025-04-08,59.77,59.62,59.3,59.0,58.7,58.44,58.07,normal,drought,False,0.565,0.237,0.198,0,0,0.29,10
22,2025-04-09,59.98,59.81,59.44,59.13,58.8,58.5,58.15,normal,drought,False,0.565,0.241,0.194,0,0,0.29,10
22,2025-04-10,59.33,59.17,58.85,58.55,58.25,57.99,57.65,normal,drought,False,0.591,0.238,0.171,0,0,0.29,10
22,2025-04-11,59.35,59.18,58.79,58.5,58.19,57.93,57.58,normal,drought,False,0.558,0.256,0.186,0,0,0.29,10
22,2025-04-12,58.89,58.73,58.4,58.1,57.81,57.56,57.21,normal,drought,False,0.562,0.244,0.194,0,0,0.29,10
22,2025-04-13,51.9,51.77,51.36,51.12,50.84,50.61,50.37,normal,drought,False,0.536,0.261,0.204,0,0,0.57,6
22,2025-04-14,51.1,51.05,50.69,50.51,50.25,50.01,49.76,normal,drought,False,0.545,0.25,0.205,0,0,0.57,6
22,2025-04-15,52.35,52.25,52.02,51.8,51.57,51.37,51.08,normal,drought,False,0.475,0.289,0.236,0,0,0.29,10
22,2025-04-16,52.19,52.11,51.9,51.69,51.46,51.25,50.96,normal,drought,False,0.496,0.276,0.228,0,0,0.29,10
22,2025-04-17,52.51,52.48,52.28,52.09,51.86,51.66,51.35,normal,drought,False,0.457,0.277,0.266,0,0,0.29,10
22,2025-04-18,52.03,51.95,51.73,51.5,51.26,51.05,50.76,normal,drought,False,0.486,0.282,0.232,0,0,0.29,10
22,2025-04-19,52.34,52.23,51.97,51.74,51.49,51.26,50.97,normal,drought,False,0.443,0.309,0.248,0,0,0.29,10
22,2025-04-20,51.99,51.9,51.63,51.41,51.16,50.92,50.64,normal,drought,False,0.567,0.248,0.185,0,0,0.29,10
22,2025-04-21,51.93,51.8,51.51,51.27,51.0,50.76,50.48,normal,drought,False,0.579,0.237,0.184,0,0,0.29,10
22,2025-04-22,52.27,52.16,51.93,51.69,51.44,51.23,50.94,normal,drought,False,0.602,0.24,0.159,0,0,0.29,10
22,2025-04-23,52.15,52.02,51.78,51.54,51.29,51.09,50.79,normal,drought,False,0.571,0.252,0.178,0,0,0.29,10
22,2025-04-24,51.72,51.57,51.29,51.03,50.78,50.56,50.27,normal,drought,False,0.595,0.238,0.167,0,0,0.29,10
22,2025-04-25,35.18,35.15,34.75,34.66,34.49,34.35,34.3,normal,drought,False,0.6,0.238,0.162,0,0,0.57,6
22,2025-04-26,34.24,34.24,33.86,33.8,33.65,33.52,33.48,normal,drought,False,0.615,0.241,0.144,0,0,0.57,6
22,2025-04-27,36.09,36.04,35.93,35.8,35.7,35.62,35.5,normal,drought,False,0.614,0.238,0.149,0,0,0.29,10
22,2025-04-28,36.17,36.13,36.05,35.94,35.85,35.78,35.65,normal,drought,False,0.614,0.24,0.146,0,0,0.29,10
22,2025-04-29,36.79,36.78,36.74,36.63,36.55,36.5,36.35,normal,drought,False,0.594,0.249,0.157,0,0,0.29,10
22,2025-04-30,37.01,36.98,36.93,36.81,36.73,36.69,36.53,normal,drought,False,0.607,0.248,0.145,0,0,0.29,10
22,2025-05-01,37.21,37.18,37.12,37.0,36.92,36.88,36.7,normal,drought,False,0.613,0.244,0.143,0,0,0.29,10
22,2025-05-02,37.38,37.34,37.26,37.12,37.02,36.94,36.79,normal,drought,False,0.615,0.24,0.145,0,0,0.29,10
22,2025-05-03,36.8,36.71,36.55,36.4,36.29,36.18,36.06,normal,drought,False,0.608,0.244,0.148,0,0,0.29,10
22,2025-05-04,36.6,36.51,36.34,36.19,36.08,35.96,35.85,normal,drought,False,0.608,0.24,0.152,0,0,0.29,10
22,2025-05-05,36.79,36.72,36.58,36.43,36.31,36.19,36.09,normal,drought,False,0.595,0.241,0.164,0,0,0.29,10
22,2025-05-06,37.22,37.18,37.08,36.95,36.84,36.74,36.63,normal,drought,False,0.596,0.24,0.163,0,0,0.29,10
22,2025-05-07,37.29,37.26,37.19,37.06,36.96,36.88,36.75,normal,drought,False,0.606,0.236,0.158,0,0,0.57,6
22,2025-05-08,36.92,36.85,36.74,36.6,36.49,36.41,36.28,normal,drought,False,0.614,0.234,0.152,0,0,0.57,6
22,2025-05-09,36.55,36.46,36.31,36.15,36.03,35.92,35.81,normal,drought,False,0.596,0.234,0.17,0,0,0.29,10
22,2025-05-10,36.64,36.55,36.37,36.2,36.07,35.95,35.85,normal,drought,False,0.579,0.243,0.178,0,0,0.29,10
22,2025-05-11,36.62,36.57,36.4,36.26,36.13,36.01,35.91,normal,drought,False,0.585,0.244,0.172,0,0,0.29,10
22,2025-05-12,36.7,36.66,36.54,36.42,36.29,36.18,36.07,normal,drought,False,0.59,0.248,0.162,0,0,0.29,10
22,2025-05-13,36.49,36.43,36.33,36.19,36.06,35.95,35.84,normal,drought,False,0.544,0.251,0.205,0,0,0.29,10
22,2025-05-14,36.4,36.34,36.23,36.08,35.95,35.84,35.74,normal,drought,False,0.6,0.238,0.162,0,0,0.29,10
22,2025-05-15,36.34,36.28,36.15,36.0,35.87,35.75,35.65,normal,drought,False,0.62,0.235,0.145,0,0,0.29,10
22,2025-05-16,36.11,36.03,35.87,35.71,35.57,35.44,35.35,normal,drought,False,0.63,0.227,0.143,0,0,0.29,10
22,2025-05-17,36.05,35.97,35.82,35.66,35.53,35.41,35.31,normal,drought,False,0.624,0.234,0.143,0,0,0.29,10
22,2025-05-18,36.22,36.17,36.06,35.94,35.84,35.79,35.63,normal,drought,False,0.626,0.239,0.135,0,0,0.29,10
22,2025-05-19,27.8,27.76,27.53,27.47,27.38,27.34,27.31,normal,drought,False,0.624,0.233,0.143,0,0,0.57,6
22,2025-05-20,26.62,26.51,26.26,26.17,26.1,26.07,26.03,normal,drought,False,0.614,0.237,0.149,0,0,0.57,6
22,2025-05-21,27.49,27.42,27.32,27.21,27.16,27.12,27.12,normal,drought,False,0.624,0.237,0.14,0,0,0.29,10
22,2025-05-22,28.56,28.54,28.49,28.41,28.38,28.35,28.33,normal,drought,False,0.625,0.251,0.124,0,0,0.29,10
22,2025-05-23,28.42,28.46,28.48,28.42,28.4,28.38,28.36,normal,drought,False,0.629,0.245,0.127,0,0,0.29,10
22,2025-05-24,29.11,29.22,29.3,29.28,29.27,29.26,29.23,normal,drought,False,0.575,0.253,0.172,0,0,0.29,10
22,2025-05-25,28.8,28.88,28.94,28.91,28.9,28.91,28.86,normal,drought,False,0.618,0.246,0.136,0,0,0.29,10
22,2025-05-26,28.49,28.47,28.43,28.33,28.3,28.27,28.24,normal,drought,False,0.621,0.252,0.127,0,0,0.29,10
22,2025-05-27,28.44,28.4,28.33,28.22,28.17,28.12,28.1,normal,drought,False,0.638,0.238,0.123,0,0,0.29,10
22,2025-05-28,28.48,28.44,28.35,28.27,28.22,28.17,28.15,normal,drought,False,0.596,0.239,0.165,0,0,0.29,10
22,2025-05-29,28.77,28.76,28.71,28.62,28.57,28.5,28.5,normal,drought,False,0.613,0.247,0.141,0,0,0.29,10
22,2025-05-30,28.82,28.81,28.8,28.71,28.66,28.61,28.61,normal,drought,False,0.573,0.254,0.173,0,0,0.29,10
22,2025-05-31,18.48,18.4,18.31,18.26,18.26,18.29,18.36,drought,drought,True,0.606,0.248,0.145,7,0,0.57,6
22,2025-06-01,16.79,16.61,16.44,16.33,16.3,16.32,16.4,drought,drought,True,0.581,0.253,0.166,7,0,0.57,6
22,2025-06-02,19.12,19.11,19.16,19.09,19.13,19.17,19.27,drought,drought,True,0.627,0.239,0.133,7,0,0.29,10
22,2025-06-03,19.27,19.28,19.34,19.28,19.32,19.35,19.46,drought,drought,True,0.639,0.234,0.127,7,0,0.29,10
22,2025-06-04,19.48,19.48,19.52,19.45,19.49,19.53,19.62,drought,drought,True,0.638,0.242,0.12,7,0,0.29,10
22,2025-06-05,19.55,19.59,19.7,19.65,19.71,19.75,19.86,drought,drought,True,0.639,0.236,0.125,7,0,0.29,10
22,2025-06-06,19.42,19.44,19.53,19.48,19.54,19.59,19.67,drought,drought,True,0.616,0.238,0.146,7,0,0.29,10
22,2025-06-07,19.26,19.25,19.31,19.24,19.29,19.32,19.42,drought,drought,True,0.614,0.23,0.156,7,0,0.29,10
22,2025-06-08,19.22,19.19,19.24,19.16,19.2,19.22,19.34,drought,drought,True,0.64,0.234,0.126,7,0,0.29,10
22,2025-06-09,19.25,19.23,19.28,19.21,19.24,19.26,19.37,drought,drought,True,0.622,0.231,0.148,7,0,0.29,10
22,2025-06-10,19.34,19.33,19.39,19.32,19.36,19.39,19.5,drought,drought,True,0.596,0.244,0.16,7,0,0.29,10
22,2025-06-11,19.75,19.81,19.94,19.91,19.98,20.06,20.15,drought,drought,True,0.598,0.237,0.165,5,0,0.29,10
22,2025-06-12,20.26,20.31,20.43,20.4,20.47,20.55,20.61,normal,drought,False,0.623,0.222,0.155,0,0,0.57,6
22,2025-06-13,19.79,19.77,19.82,19.75,19.79,19.82,19.91,drought,drought,True,0.599,0.223,0.178,7,0,0.57,6
22,2025-06-14,19.94,19.94,19.99,19.94,19.98,20.03,20.11,drought,drought,True,0.625,0.225,0.15,5,0,0.29,10
22,2025-06-15,21.12,21.29,21.48,21.52,21.62,21.72,21.77,normal,drought,False,0.612,0.241,0.147,0,0,0.29,10
22,2025-06-16,20.62,20.7,20.83,20.82,20.91,21.0,21.05,normal,drought,False,0.612,0.229,0.158,0,0,0.29,10
22,2025-06-17,20.09,20.11,20.19,20.15,20.22,20.32,20.35,normal,drought,False,0.584,0.232,0.184,0,0,0.29,10
22,2025-06-18,19.99,20.01,20.07,20.02,20.1,20.18,20.22,drought,drought,True,0.594,0.228,0.178,1,0,0.29,10
22,2025-06-19,20.11,20.05,20.04,19.95,19.99,20.02,20.1,normal,drought,False,0.598,0.243,0.159,2,0,0.29,10
22,2025-06-20,20.51,20.53,20.6,20.55,20.61,20.64,20.73,normal,drought,False,0.582,0.238,0.18,0,0,0.29,10
22,2025-06-21,20.89,21.01,21.16,21.17,21.25,21.3,21.37,normal,drought,False,0.556,0.242,0.202,0,0,0.29,10
22,2025-06-22,20.41,20.45,20.54,20.49,20.56,20.6,20.68,normal,drought,False,0.568,0.238,0.194,0,0,0.29,10
22,2025-06-23,20.02,20.0,20.04,19.95,19.99,20.02,20.11,normal,drought,False,0.597,0.23,0.173,3,0,0.29,10
22,2025-06-24,21.82,21.83,21.88,21.81,21.83,21.85,21.93,normal,drought,False,0.547,0.248,0.204,0,0,0.57,6
22,2025-06-25,21.99,21.98,22.01,21.93,21.94,21.94,22.03,normal,drought,False,0.567,0.236,0.196,0,0,0.57,6
22,2025-06-26,21.78,21.77,21.81,21.73,21.75,21.76,21.85,normal,drought,False,0.589,0.237,0.173,0,0,0.29,10
22,2025-06-27,21.81,21.85,21.92,21.88,21.9,21.93,22.0,normal,drought,False,0.533,0.245,0.223,0,0,0.29,10
22,2025-06-28,21.35,21.33,21.36,21.28,21.29,21.3,21.38,normal,drought,False,0.494,0.259,0.247,0,0,0.29,10
22,2025-06-29,21.5,21.52,21.56,21.5,21.52,21.56,21.62,normal,drought,False,0.577,0.233,0.19,0,0,0.29,10
22,2025-06-30,21.4,21.4,21.44,21.37,21.38,21.4,21.48,normal,drought,False,0.61,0.232,0.158,0,0,0.29,10
22,2025-07-01,21.72,21.71,21.75,21.67,21.68,21.68,21.78,normal,drought,False,0.594,0.232,0.174,0,0,0.29,10
22,2025-07-02,21.83,21.86,21.96,21.91,21.93,21.93,22.03,normal,drought,False,0.587,0.229,0.184,0,0,0.29,10
22,2025-07-03,21.72,21.73,21.8,21.72,21.74,21.74,21.83,normal,drought,False,0.576,0.234,0.19,0,0,0.29,10
22,2025-07-04,21.5,21.5,21.56,21.48,21.49,21.48,21.58,normal,drought,False,0.598,0.228,0.174,0,0,0.29,10
22,2025-07-05,21.49,21.48,21.52,21.43,21.43,21.42,21.53,normal,drought,False,0.575,0.225,0.2,0,0,0.29,10
22,2025-07-06,20.73,20.71,20.73,20.66,20.66,20.65,20.77,normal,drought,False,0.575,0.223,0.202,0,0,0.57,6
22,2025-07-07,20.71,20.7,20.74,20.66,20.67,20.66,20.79,normal,drought,False,0.566,0.231,0.203,0,0,0.57,6
22,2025-07-08,20.82,20.83,20.91,20.84,20.85,20.84,20.97,normal,drought,False,0.565,0.228,0.207,0,0,0.29,10
22,2025-07-09,20.86,20.89,20.97,20.91,20.92,20.91,21.03,normal,drought,False,0.539,0.223,0.238,0,0,0.29,10
22,2025-07-10,20.8,20.82,20.89,20.82,20.83,20.83,20.95,normal,drought,False,0.542,0.227,0.231,0,0,0.29,10
22,2025-07-11,20.76,20.79,20.85,20.79,20.8,20.8,20.9,normal,drought,False,0.577,0.22,0.203,0,0,0.29,10
22,2025-07-12,20.68,20.69,20.75,20.67,20.68,20.67,20.78,normal,drought,False,0.558,0.222,0.22,0,0,0.29,10
22,2025-07-13,20.72,20.72,20.77,20.7,20.71,20.71,20.82,normal,drought,False,0.523,0.229,0.248,0,0,0.29,10
22,2025-07-14,20.6,20.59,20.63,20.55,20.57,20.56,20.68,normal,drought,False,0.532,0.231,0.237,0,0,0.29,10
22,2025-07-15,20.68,20.67,20.72,20.65,20.66,20.67,20.77,normal,drought,False,0.527,0.232,0.241,0,0,0.29,10
22,2025-07-16,20.48,20.48,20.52,20.44,20.46,20.45,20.57,normal,drought,False,0.54,0.231,0.229,0,0,0.29,10
22,2025-07-17,20.76,20.78,20.85,20.79,20.83,20.86,20.94,normal,drought,False,0.546,0.235,0.219,0,0,0.29,10
22,2025-07-18,23.12,23.15,23.24,23.17,23.18,23.19,23.25,normal,drought,False,0.568,0.231,0.201,0,0,0.57,6
22,2025-07-19,23.61,23.64,23.72,23.65,23.67,23.68,23.73,normal,drought,False,0.573,0.237,0.19,0,0,0.57,6
22,2025-07-20,23.27,23.3,23.35,23.29,23.29,23.3,23.36,normal,drought,False,0.547,0.235,0.218,0,0,0.29,10
22,2025-07-21,23.7,23.74,23.8,23.76,23.78,23.8,23.84,normal,drought,False,0.587,0.241,0.171,0,0,0.29,10
22,2025-07-22,23.54,23.58,23.65,23.6,23.62,23.64,23.68,normal,drought,False,0.577,0.233,0.189,0,0,0.29,10
22,2025-07-23,23.68,23.7,23.75,23.7,23.71,23.73,23.78,normal,drought,False,0.591,0.229,0.18,0,0,0.29,10
22,2025-07-24,23.7,23.74,23.8,23.75,23.77,23.79,23.83,normal,drought,False,0.545,0.234,0.221,0,0,0.29,10
22,2025-07-25,23.95,23.97,24.02,23.96,23.97,23.98,24.03,normal,drought,False,0.596,0.236,0.169,0,0,0.29,10
22,2025-07-26,24.02,24.05,24.12,24.06,24.08,24.09,24.14,normal,drought,False,0.566,0.237,0.198,0,0,0.29,10
22,2025-07-27,24.08,24.12,24.19,24.14,24.16,24.18,24.22,normal,drought,False,0.589,0.228,0.184,0,0,0.29,10
22,2025-07-28,23.99,24.0,24.05,23.98,23.98,23.97,24.04,normal,drought,False,0.555,0.234,0.211,0,0,0.29,10
22,2025-07-29,24.2,24.22,24.27,24.2,24.2,24.19,24.25,normal,drought,False,0.612,0.218,0.17,0,0,0.29,10
22,2025-07-30,2.33,2.37,2.56,2.8,3.09,3.28,3.59,drought,drought,True,0.583,0.222,0.195,7,0,0.57,6
22,2025-07-31,2.1,2.18,2.36,2.6,2.9,3.07,3.37,drought,drought,True,0.604,0.222,0.174,7,0,0.57,6
22,2025-08-01,0.29,0.27,0.26,0.28,0.33,0.46,0.65,drought,drought,True,0.58,0.216,0.204,7,0,0.29,10
22,2025-08-02,0.18,0.15,0.15,0.18,0.25,0.41,0.57,drought,drought,True,0.6,0.213,0.187,7,0,0.29,10
22,2025-08-03,0.17,0.14,0.14,0.16,0.23,0.4,0.55,drought,drought,True,0.582,0.215,0.203,7,0,0.29,10
22,2025-08-04,0.11,0.08,0.08,0.12,0.2,0.38,0.53,drought,drought,True,0.617,0.217,0.166,7,0,0.29,10
22,2025-08-05,0.2,0.19,0.2,0.26,0.33,0.5,0.66,drought,drought,True,0.549,0.228,0.223,7,0,0.29,10
22,2025-08-06,0.16,0.17,0.19,0.26,0.35,0.5,0.68,drought,drought,True,0.563,0.241,0.196,7,0,0.29,10
22,2025-08-07,0.3,0.35,0.37,0.45,0.54,0.68,0.86,drought,drought,True,0.53,0.253,0.217,7,0,0.29,10
22,2025-08-08,0.29,0.36,0.4,0.49,0.58,0.73,0.91,drought,drought,True,0.573,0.243,0.184,7,0,0.29,10
22,2025-08-09,0.28,0.32,0.34,0.41,0.49,0.64,0.81,drought,drought,True,0.552,0.25,0.198,7,0,0.29,10
22,2025-08-10,0.2,0.23,0.25,0.32,0.4,0.55,0.72,drought,drought,True,0.604,0.245,0.151,7,0,0.29,10
22,2025-08-11,20.0,20.24,20.39,20.45,20.42,20.48,20.4,drought,drought,True,0.591,0.243,0.166,1,0,0.57,6
22,2025-08-12,21.42,21.64,21.76,21.8,21.75,21.82,21.72,normal,drought,False,0.611,0.229,0.161,0,0,0.57,6
22,2025-08-13,19.45,19.42,19.47,19.39,19.44,19.48,19.59,drought,drought,True,0.6,0.228,0.172,7,0,0.29,10
22,2025-08-14,19.49,19.5,19.58,19.53,19.59,19.64,19.74,drought,drought,True,0.618,0.219,0.163,7,0,0.29,10
22,2025-08-15,19.52,19.54,19.65,19.59,19.65,19.7,19.8,drought,drought,True,0.6,0.214,0.186,7,0,0.29,10
22,2025-08-16,19.57,19.59,19.7,19.65,19.7,19.75,19.86,drought,drought,True,0.571,0.218,0.21,7,0,0.29,10
22,2025-08-17,19.56,19.58,19.67,19.61,19.67,19.71,19.82,drought,drought,True,0.596,0.215,0.189,7,0,0.29,10
22,2025-08-18,19.67,19.7,19.79,19.74,19.79,19.84,19.93,drought,drought,True,0.612,0.216,0.173,7,0,0.29,10
22,2025-08-19,19.63,19.64,19.73,19.67,19.72,19.75,19.87,drought,drought,True,0.573,0.206,0.221,7,0,0.29,10
22,2025-08-20,19.28,19.25,19.3,19.21,19.24,19.24,19.38,drought,drought,True,0.545,0.214,0.241,7,0,0.29,10
22,2025-08-21,19.43,19.43,19.5,19.43,19.46,19.48,19.6,drought,drought,True,0.575,0.211,0.214,7,0,0.29,10
22,2025-08-22,19.38,19.4,19.46,19.39,19.42,19.44,19.56,drought,drought,True,0.592,0.217,0.191,7,0,0.29,10
22,2025-08-23,3.95,3.85,3.97,4.08,4.24,4.44,4.68,drought,drought,True,0.535,0.214,0.251,7,0,0.57,6
22,2025-08-24,3.16,3.06,3.19,3.32,3.49,3.69,3.93,drought,drought,True,0.506,0.215,0.279,7,0,0.57,6
22,2025-08-25,4.47,4.32,4.32,4.32,4.35,4.46,4.64,drought,drought,True,0.511,0.215,0.273,7,0,0.29,10
22,2025-08-26,4.49,4.37,4.38,4.39,4.43,4.54,4.71,drought,drought,True,0.571,0.22,0.209,7,0,0.29,10
22,2025-08-27,4.64,4.5,4.51,4.52,4.56,4.67,4.85,drought,drought,True,0.493,0.225,0.282,7,0,0.29,10
22,2025-08-28,4.63,4.53,4.57,4.61,4.66,4.77,4.96,drought,drought,True,0.45,0.232,0.318,7,0,0.29,10
22,2025-08-29,4.37,4.26,4.3,4.34,4.39,4.51,4.68,drought,drought,True,0.489,0.215,0.296,7,0,0.29,10
22,2025-08-30,4.76,4.68,4.74,4.78,4.83,4.95,5.14,drought,drought,True,0.547,0.225,0.227,7,0,0.29,10
22,2025-08-31,4.73,4.65,4.71,4.75,4.8,4.93,5.11,drought,drought,True,0.509,0.223,0.268,7,0,0.29,10
23,2025-03-01,65.5,65.33,64.99,64.66,64.34,64.08,63.62,normal,normal,True,0.25,0.72,0.03,0,0,0.29,10
23,2025-03-02,66.09,65.94,65.64,65.33,65.02,64.77,64.29,normal,normal,True,0.321,0.643,0.036,0,0,0.29,10
23,2025-03-03,65.98,65.83,65.51,65.2,64.87,64.6,64.15,normal,normal,True,0.339,0.628,0.034,0,0,0.29,10
23,2025-03-04,66.14,65.99,65.66,65.34,65.01,64.72,64.28,normal,normal,True,0.326,0.638,0.036,0,0,0.29,10
23,2025-03-05,65.84,65.7,65.39,65.07,64.74,64.45,64.02,normal,normal,True,0.333,0.629,0.038,0,0,0.29,10
23,2025-03-06,65.7,65.53,65.16,64.83,64.49,64.18,63.77,normal,normal,True,0.371,0.588,0.041,0,0,0.29,10
23,2025-03-07,65.52,65.35,64.98,64.65,64.31,64.0,63.6,normal,normal,True,0.356,0.606,0.039,0,0,0.29,10
23,2025-03-08,66.19,66.02,65.65,65.31,64.96,64.66,64.25,normal,normal,True,0.341,0.62,0.039,0,0,0.57,6
23,2025-03-09,66.03,65.88,65.52,65.2,64.86,64.55,64.14,normal,normal,True,0.352,0.61,0.038,0,0,0.57,6
23,2025-03-10,65.89,65.73,65.37,65.05,64.72,64.42,64.01,normal,normal,True,0.351,0.602,0.047,0,0,0.29,10
23,2025-03-11,66.11,66.0,65.67,65.38,65.07,64.82,64.34,normal,normal,True,0.372,0.587,0.041,0,0,0.29,10
23,2025-03-12,67.0,66.95,66.73,66.46,66.18,65.98,65.45,normal,normal,True,0.324,0.61,0.067,0,0,0.29,10
23,2025-03-13,66.94,66.85,66.58,66.29,65.97,65.71,65.24,normal,normal,True,0.333,0.624,0.043,0,0,0.29,10
23,2025-03-14,66.79,66.68,66.38,66.08,65.74,65.44,64.98,normal,normal,True,0.322,0.632,0.045,0,0,0.29,10
23,2025-03-15,66.25,66.13,65.78,65.47,65.12,64.79,64.36,normal,normal,True,0.356,0.604,0.04,0,0,0.29,10
23,2025-03-16,66.79,66.65,66.25,65.95,65.59,65.27,64.83,normal,normal,True,0.369,0.586,0.045,0,0,0.29,10
23,2025-03-17,66.56,66.45,66.1,65.82,65.49,65.21,64.74,normal,normal,True,0.375,0.588,0.037,0,0,0.29,10
23,2025-03-18,67.05,66.94,66.63,66.33,66.0,65.73,65.27,normal,normal,True,0.305,0.659,0.036,0,0,0.29,10
23,2025-03-19,66.65,66.5,66.18,65.85,65.51,65.22,64.79,normal,normal,True,0.376,0.586,0.038,0,0,0.29,10
23,2025-03-20,67.5,67.36,67.06,66.74,66.41,66.12,65.67,normal,normal,True,0.366,0.596,0.038,0,0,0.57,6
23,2025-03-21,67.32,67.15,66.8,66.46,66.11,65.8,65.36,normal,normal,True,0.353,0.607,0.041,0,0,0.57,6
23,2025-03-22,67.81,67.65,67.28,66.93,66.56,66.24,65.81,normal,normal,True,0.293,0.668,0.039,0,0,0.29,10
23,2025-03-23,67.28,67.18,66.83,66.52,66.17,65.86,65.41,normal,normal,True,0.416,0.541,0.042,0,0,0.29,10
23,2025-03-24,67.22,67.12,66.73,66.44,66.07,65.74,65.29,normal,normal,True,0.351,0.593,0.056,0,0,0.29,10
23,2025-03-25,67.08,66.94,66.58,66.27,65.91,65.59,65.15,normal,normal,True,0.429,0.524,0.047,0,0,0.29,10
23,2025-03-26,66.76,66.57,66.16,65.81,65.45,65.12,64.7,normal,normal,True,0.412,0.546,0.042,0,0,0.29,10
23,2025-03-27,66.76,66.58,66.17,65.83,65.46,65.13,64.71,normal,normal,True,0.451,0.514,0.035,0,0,0.29,10
23,2025-03-28,66.71,66.54,66.14,65.81,65.44,65.12,64.7,normal,normal,True,0.389,0.57,0.042,0,0,0.29,10
23,2025-03-29,66.43,66.3,65.89,65.59,65.22,64.88,64.45,normal,normal,True,0.453,0.512,0.035,0,0,0.29,10
23,2025-03-30,66.65,66.51,66.16,65.84,65.48,65.16,64.73,normal,normal,True,0.416,0.541,0.042,0,0,0.29,10
23,2025-03-31,66.57,66.41,66.05,65.72,65.36,65.04,64.61,normal,normal,True,0.465,0.504,0.03,0,0,0.29,10
23,2025-04-01,61.47,61.38,60.97,60.72,60.37,60.06,59.69,normal,normal,True,0.422,0.539,0.039,0,0,0.57,6
23,2025-04-02,61.17,61.1,60.72,60.49,60.17,59.9,59.5,normal,normal,True,0.473,0.497,0.03,0,0,0.57,6
23,2025-04-03,61.54,61.4,61.08,60.8,60.49,60.23,59.82,normal,drought,False,0.494,0.477,0.029,0,0,0.29,10
23,2025-04-04,62.35,62.24,61.98,61.71,61.43,61.19,60.75,normal,drought,False,0.492,0.477,0.03,0,0,0.29,10
23,2025-04-05,62.99,62.88,62.69,62.42,62.15,61.93,61.49,normal,normal,True,0.45,0.51,0.04,0,0,0.29,10
23,2025-04-06,62.7,62.53,62.24,61.93,61.62,61.36,60.94,normal,drought,False,0.504,0.465,0.03,0,0,0.29,10
23,2025-04-07,63.82,63.71,63.52,63.23,62.95,62.71,62.26,normal,normal,True,0.472,0.493,0.035,0,0,0.29,10
23,2025-04-08,62.91,62.77,62.46,62.16,61.84,61.57,61.16,normal,drought,False,0.491,0.477,0.032,0,0,0.29,10
23,2025-04-09,63.12,62.95,62.57,62.25,61.91,61.6,61.21,normal,drought,False,0.502,0.465,0.033,0,0,0.29,10
23,2025-04-10,62.44,62.29,61.94,61.63,61.31,61.02,60.65,normal,drought,False,0.523,0.45,0.027,0,0,0.29,10
23,2025-04-11,62.32,62.14,61.7,61.4,61.06,60.77,60.39,normal,drought,False,0.525,0.447,0.028,0,0,0.29,10
23,2025-04-12,62.02,61.86,61.49,61.18,60.86,60.59,60.21,normal,drought,False,0.512,0.46,0.028,0,0,0.29,10
23,2025-04-13,56.13,56.0,55.57,55.32,55.02,54.77,54.48,normal,drought,False,0.498,0.471,0.03,0,0,0.57,6
23,2025-04-14,55.3,55.25,54.85,54.65,54.37,54.11,53.81,normal,drought,False,0.497,0.474,0.029,0,0,0.57,6
23,2025-04-15,56.4,56.31,56.05,55.81,55.56,55.34,55.01,normal,drought,False,0.485,0.483,0.031,0,0,0.29,10
23,2025-04-16,56.38,56.31,56.06,55.84,55.59,55.35,55.02,normal,normal,True,0.46,0.506,0.033,0,0,0.29,10
23,2025-04-17,56.66,56.64,56.41,56.21,55.95,55.72,55.37,normal,normal,True,0.429,0.522,0.049,0,0,0.29,10
23,2025-04-18,56.14,56.06,55.8,55.57,55.31,55.06,54.73,normal,normal,True,0.422,0.534,0.043,0,0,0.29,10
23,2025-04-19,56.46,56.35,56.07,55.83,55.56,55.3,54.96,normal,normal,True,0.423,0.54,0.037,0,0,0.29,10
23,2025-04-20,56.16,56.06,55.76,55.52,55.25,54.98,54.65,normal,normal,True,0.452,0.517,0.03,0,0,0.29,10
23,2025-04-21,56.14,56.01,55.68,55.42,55.13,54.85,54.54,normal,normal,True,0.441,0.527,0.032,0,0,0.29,10
23,2025-04-22,56.3,56.18,55.9,55.65,55.38,55.13,54.8,normal,normal,True,0.457,0.515,0.028,0,0,0.29,10
23,2025-04-23,56.12,55.99,55.69,55.44,55.16,54.92,54.58,normal,normal,True,0.464,0.507,0.029,0,0,0.29,10
23,2025-04-24,55.86,55.71,55.39,55.12,54.84,54.59,54.26,normal,normal,True,0.467,0.506,0.028,0,0,0.29,10
23,2025-04-25,47.24,47.19,46.81,46.65,46.41,46.21,45.99,normal,normal,True,0.469,0.504,0.027,0,0,0.57,6
23,2025-04-26,46.88,46.86,46.51,46.39,46.16,45.97,45.74,normal,normal,True,0.484,0.491,0.025,0,0,0.57,6
23,2025-04-27,47.75,47.66,47.44,47.25,47.05,46.88,46.63,normal,drought,False,0.498,0.479,0.023,0,0,0.29,10
23,2025-04-28,47.87,47.8,47.61,47.43,47.24,47.08,46.83,normal,drought,False,0.502,0.474,0.023,0,0,0.29,10
23,2025-04-29,48.54,48.5,48.37,48.2,48.02,47.88,47.6,normal,drought,False,0.493,0.483,0.024,0,0,0.29,10
23,2025-04-30,48.66,48.6,48.45,48.28,48.11,47.97,47.69,normal,drought,False,0.509,0.468,0.023,0,0,0.29,10
23,2025-05-01,48.69,48.61,48.45,48.26,48.09,47.95,47.66,normal,drought,False,0.523,0.455,0.023,0,0,0.29,10
23,2025-05-02,48.79,48.71,48.51,48.3,48.11,47.93,47.67,normal,drought,False,0.514,0.465,0.021,0,0,0.29,10
23,2025-05-03,48.46,48.36,48.1,47.89,47.69,47.48,47.24,normal,drought,False,0.518,0.461,0.022,0,0,0.29,10
23,2025-05-04,48.11,48.0,47.74,47.53,47.33,47.12,46.89,normal,drought,False,0.514,0.464,0.022,0,0,0.29,10
23,2025-05-05,48.42,48.34,48.1,47.9,47.69,47.48,47.25,normal,drought,False,0.498,0.477,0.025,0,0,0.29,10
23,2025-05-06,48.91,48.86,48.67,48.48,48.29,48.11,47.86,normal,normal,True,0.477,0.498,0.025,0,0,0.29,10
23,2025-05-07,47.44,47.37,47.17,46.99,46.8,46.63,46.4,normal,drought,False,0.508,0.469,0.023,0,0,0.57,6
23,2025-05-08,47.14,47.04,46.82,46.63,46.43,46.27,46.03,normal,drought,False,0.515,0.463,0.021,0,0,0.57,6
23,2025-05-09,46.96,46.85,46.61,46.41,46.21,46.02,45.8,normal,drought,False,0.489,0.484,0.027,0,0,0.29,10
23,2025-05-10,47.01,46.9,46.61,46.39,46.18,45.97,45.76,normal,normal,True,0.472,0.502,0.026,0,0,0.29,10
23,2025-05-11,46.79,46.72,46.46,46.28,46.07,45.86,45.65,normal,normal,True,0.481,0.493,0.026,0,0,0.29,10
23,2025-05-12,46.98,46.92,46.71,46.53,46.33,46.13,45.91,normal,normal,True,0.473,0.499,0.027,0,0,0.29,10
23,2025-05-13,46.75,46.69,46.48,46.3,46.1,45.9,45.68,normal,normal,True,0.435,0.523,0.042,0,0,0.29,10
23,2025-05-14,46.71,46.63,46.43,46.23,46.03,45.84,45.63,normal,normal,True,0.447,0.523,0.03,0,0,0.29,10
23,2025-05-15,46.68,46.6,46.39,46.19,45.99,45.8,45.58,normal,normal,True,0.446,0.525,0.028,0,0,0.29,10
23,2025-05-16,46.41,46.3,46.05,45.83,45.62,45.41,45.2,normal,normal,True,0.455,0.518,0.027,0,0,0.29,10
23,2025-05-17,46.27,46.16,45.91,45.7,45.49,45.28,45.07,normal,normal,True,0.457,0.516,0.027,0,0,0.29,10
23,2025-05-18,46.0,45.92,45.68,45.51,45.32,45.18,44.92,normal,drought,False,0.514,0.463,0.024,0,0,0.29,10
23,2025-05-19,45.16,45.07,44.81,44.64,44.45,44.29,44.05,normal,drought,False,0.502,0.474,0.024,0,0,0.57,6
23,2025-05-20,45.03,44.93,44.68,44.5,44.32,44.18,43.94,normal,normal,True,0.48,0.492,0.027,0,0,0.57,6
23,2025-05-21,44.8,44.7,44.46,44.27,44.07,43.9,43.7,normal,normal,True,0.462,0.511,0.027,0,0,0.29,10
23,2025-05-22,45.86,45.8,45.63,45.45,45.28,45.13,44.9,normal,normal,True,0.486,0.489,0.025,0,0,0.29,10
23,2025-05-23,45.63,45.6,45.45,45.28,45.11,44.96,44.74,normal,normal,True,0.478,0.498,0.024,0,0,0.29,10
23,2025-05-24,46.54,46.51,46.39,46.22,46.06,45.9,45.67,normal,normal,True,0.465,0.508,0.027,0,0,0.29,10
23,2025-05-25,45.89,45.85,45.72,45.57,45.4,45.27,45.01,normal,normal,True,0.479,0.497,0.024,0,0,0.29,10
23,2025-05-26,45.88,45.79,45.56,45.37,45.18,45.01,44.78,normal,normal,True,0.466,0.506,0.028,0,0,0.29,10
23,2025-05-27,45.87,45.8,45.57,45.39,45.19,45.0,44.78,normal,normal,True,0.462,0.513,0.025,0,0,0.29,10
23,2025-05-28,45.69,45.6,45.33,45.15,44.95,44.76,44.54,normal,normal,True,0.448,0.523,0.029,0,0,0.29,10
23,2025-05-29,46.3,46.24,46.03,45.86,45.65,45.44,45.24,normal,normal,True,0.439,0.536,0.025,0,0,0.29,10
23,2025-05-30,46.26,46.19,46.0,45.82,45.62,45.44,45.22,normal,normal,True,0.426,0.538,0.036,0,0,0.29,10
23,2025-05-31,49.17,49.09,48.91,48.71,48.5,48.32,48.04,normal,normal,True,0.46,0.511,0.029,0,0,0.57,6
23,2025-06-01,49.41,49.33,49.16,48.95,48.74,48.54,48.27,normal,normal,True,0.448,0.52,0.031,0,0,0.57,6
23,2025-06-02,48.7,48.59,48.3,48.09,47.86,47.65,47.4,normal,normal,True,0.436,0.535,0.029,0,0,0.29,10
23,2025-06-03,48.6,48.49,48.2,47.98,47.74,47.5,47.28,normal,normal,True,0.452,0.521,0.027,0,0,0.29,10
23,2025-06-04,49.31,49.24,49.02,48.82,48.61,48.4,48.14,normal,normal,True,0.469,0.507,0.024,0,0,0.29,10
23,2025-06-05,49.08,49.0,48.78,48.58,48.36,48.15,47.91,normal,normal,True,0.466,0.508,0.026,0,0,0.29,10
23,2025-06-06,49.09,49.01,48.8,48.59,48.38,48.18,47.92,normal,normal,True,0.451,0.523,0.026,0,0,0.29,10
23,2025-06-07,48.9,48.81,48.6,48.39,48.16,47.96,47.71,normal,normal,True,0.441,0.53,0.028,0,0,0.29,10
23,2025-06-08,49.16,49.05,48.79,48.57,48.34,48.11,47.88,normal,normal,True,0.465,0.509,0.026,0,0,0.29,10
23,2025-06-09,49.01,48.91,48.66,48.44,48.21,47.98,47.75,normal,normal,True,0.464,0.509,0.027,0,0,0.29,10
23,2025-06-10,49.13,49.03,48.78,48.56,48.33,48.11,47.88,normal,normal,True,0.457,0.516,0.027,0,0,0.29,10
23,2025-06-11,48.87,48.77,48.53,48.34,48.12,47.94,47.67,normal,normal,True,0.479,0.494,0.027,0,0,0.29,10
23,2025-06-12,47.94,47.83,47.57,47.37,47.16,46.99,46.73,normal,drought,False,0.504,0.471,0.025,0,0,0.57,6
23,2025-06-13,48.23,48.14,47.9,47.69,47.48,47.28,47.05,normal,normal,True,0.457,0.514,0.028,0,0,0.57,6
23,2025-06-14,47.98,47.88,47.63,47.42,47.21,47.01,46.79,normal,normal,True,0.485,0.488,0.027,0,0,0.29,10
23,2025-06-15,48.33,48.26,48.05,47.88,47.69,47.54,47.26,normal,drought,False,0.518,0.458,0.024,0,0,0.29,10
23,2025-06-16,48.48,48.42,48.24,48.06,47.89,47.76,47.47,normal,drought,False,0.528,0.448,0.023,0,0,0.29,10
23,2025-06-17,48.17,48.09,47.87,47.69,47.5,47.36,47.08,normal,drought,False,0.508,0.467,0.025,0,0,0.29,10
23,2025-06-18,47.67,47.6,47.37,47.18,46.99,46.83,46.56,normal,drought,False,0.513,0.463,0.024,0,0,0.29,10
23,2025-06-19,49.05,48.99,48.8,48.61,48.42,48.23,47.98,normal,drought,False,0.498,0.478,0.024,0,0,0.29,10
23,2025-06-20,49.08,49.02,48.83,48.64,48.45,48.25,48.01,normal,normal,True,0.481,0.492,0.027,0,0,0.29,10
23,2025-06-21,49.13,49.07,48.89,48.7,48.5,48.31,48.06,normal,normal,True,0.477,0.496,0.027,0,0,0.29,10
23,2025-06-22,49.33,49.29,49.15,48.97,48.79,48.61,48.34,normal,normal,True,0.472,0.501,0.027,0,0,0.29,10
23,2025-06-23,49.05,48.96,48.71,48.5,48.28,48.07,47.83,normal,normal,True,0.476,0.498,0.026,0,0,0.29,10
23,2025-06-24,49.57,49.45,49.18,48.96,48.72,48.49,48.25,normal,normal,True,0.435,0.535,0.03,0,0,0.57,6
23,2025-06-25,49.76,49.66,49.41,49.19,48.95,48.72,48.48,normal,normal,True,0.447,0.524,0.028,0,0,0.57,6
23,2025-06-26,49.58,49.49,49.21,49.0,48.77,48.53,48.29,normal,normal,True,0.459,0.514,0.027,0,0,0.29,10
23,2025-06-27,49.16,49.05,48.78,48.56,48.33,48.12,47.87,normal,normal,True,0.435,0.531,0.035,0,0,0.29,10
23,2025-06-28,49.11,49.0,48.74,48.52,48.29,48.07,47.83,normal,normal,True,0.385,0.571,0.044,0,0,0.29,10
23,2025-06-29,48.72,48.63,48.35,48.14,47.91,47.71,47.45,normal,normal,True,0.428,0.537,0.036,0,0,0.29,10
23,2025-06-30,48.72,48.61,48.34,48.12,47.88,47.66,47.42,normal,normal,True,0.434,0.532,0.034,0,0,0.29,10
23,2025-07-01,49.29,49.2,48.98,48.76,48.54,48.32,48.09,normal,normal,True,0.436,0.534,0.029,0,0,0.29,10
23,2025-07-02,49.18,49.09,48.86,48.65,48.42,48.19,47.97,normal,normal,True,0.434,0.536,0.03,0,0,0.29,10
23,2025-07-03,49.53,49.45,49.26,49.05,48.82,48.6,48.37,normal,normal,True,0.436,0.535,0.029,0,0,0.29,10
23,2025-07-04,49.22,49.13,48.92,48.69,48.46,48.24,48.01,normal,normal,True,0.44,0.53,0.031,0,0,0.29,10
23,2025-07-05,49.23,49.11,48.85,48.61,48.36,48.12,47.9,normal,normal,True,0.419,0.551,0.031,0,0,0.29,10
23,2025-07-06,43.78,43.74,43.45,43.3,43.08,42.87,42.71,normal,normal,True,0.422,0.547,0.031,0,0,0.57,6
23,2025-07-07,43.45,43.39,43.09,42.93,42.71,42.49,42.35,normal,normal,True,0.426,0.543,0.031,0,0,0.57,6
23,2025-07-08,43.98,43.88,43.67,43.47,43.27,43.05,42.91,normal,normal,True,0.421,0.547,0.032,0,0,0.29,10
23,2025-07-09,43.8,43.71,43.51,43.31,43.11,42.9,42.75,normal,normal,True,0.389,0.578,0.033,0,0,0.29,10
23,2025-07-10,43.84,43.77,43.57,43.38,43.18,42.98,42.82,normal,normal,True,0.394,0.573,0.033,0,0,0.29,10
23,2025-07-11,43.71,43.63,43.43,43.23,43.04,42.85,42.68,normal,normal,True,0.415,0.552,0.032,0,0,0.29,10
23,2025-07-12,43.68,43.6,43.39,43.19,42.99,42.79,42.63,normal,normal,True,0.409,0.558,0.032,0,0,0.29,10
23,2025-07-13,43.7,43.62,43.42,43.22,43.03,42.83,42.67,normal,normal,True,0.386,0.579,0.034,0,0,0.29,10
23,2025-07-14,43.65,43.56,43.35,43.15,42.95,42.75,42.6,normal,normal,True,0.408,0.557,0.035,0,0,0.29,10
23,2025-07-15,43.88,43.79,43.6,43.41,43.22,43.03,42.86,normal,normal,True,0.409,0.556,0.035,0,0,0.29,10
23,2025-07-16,43.59,43.5,43.3,43.1,42.9,42.71,42.55,normal,normal,True,0.39,0.576,0.034,0,0,0.29,10
23,2025-07-17,43.62,43.54,43.34,43.16,42.98,42.81,42.63,normal,normal,True,0.433,0.537,0.03,0,0,0.29,10
23,2025-07-18,40.21,40.16,39.94,39.79,39.62,39.46,39.33,normal,normal,True,0.446,0.523,0.031,0,0,0.57,6
23,2025-07-19,40.07,40.0,39.76,39.61,39.45,39.3,39.16,normal,normal,True,0.455,0.517,0.028,0,0,0.57,6
23,2025-07-20,40.47,40.4,40.24,40.08,39.92,39.77,39.63,normal,normal,True,0.413,0.555,0.033,0,0,0.29,10
23,2025-07-21,40.95,40.9,40.76,40.61,40.48,40.36,40.19,normal,normal,True,0.478,0.497,0.026,0,0,0.29,10
23,2025-07-22,40.66,40.6,40.46,40.31,40.17,40.04,39.88,normal,normal,True,0.466,0.506,0.028,0,0,0.29,10
23,2025-07-23,40.91,40.85,40.71,40.56,40.42,40.29,40.13,normal,normal,True,0.469,0.504,0.027,0,0,0.29,10
23,2025-07-24,40.77,40.72,40.57,40.42,40.28,40.15,40.0,normal,normal,True,0.452,0.52,0.028,0,0,0.29,10
23,2025-07-25,41.27,41.21,41.05,40.9,40.75,40.61,40.46,normal,drought,False,0.492,0.483,0.025,0,0,0.29,10
23,2025-07-26,41.29,41.24,41.1,40.95,40.81,40.67,40.52,normal,normal,True,0.474,0.498,0.028,0,0,0.29,10
23,2025-07-27,41.29,41.24,41.09,40.95,40.8,40.67,40.51,normal,drought,False,0.491,0.482,0.027,0,0,0.29,10
23,2025-07-28,41.49,41.44,41.3,41.14,40.99,40.83,40.69,normal,normal,True,0.439,0.53,0.031,0,0,0.29,10
23,2025-07-29,41.4,41.33,41.17,40.99,40.83,40.67,40.53,normal,normal,True,0.45,0.519,0.031,0,0,0.29,10
23,2025-07-30,38.02,38.0,37.83,37.7,37.56,37.4,37.31,normal,normal,True,0.425,0.542,0.033,0,0,0.57,6
23,2025-07-31,37.75,37.73,37.56,37.44,37.3,37.14,37.05,normal,normal,True,0.442,0.527,0.031,0,0,0.57,6
23,2025-08-01,37.9,37.84,37.7,37.55,37.41,37.26,37.16,normal,normal,True,0.423,0.541,0.036,0,0,0.29,10
23,2025-08-02,37.82,37.78,37.64,37.5,37.38,37.27,37.14,normal,normal,True,0.449,0.518,0.034,0,0,0.29,10
23,2025-08-03,37.14,37.06,36.88,36.73,36.61,36.49,36.37,normal,normal,True,0.434,0.53,0.036,0,0,0.29,10
23,2025-08-04,36.61,36.5,36.28,36.14,36.01,35.9,35.78,normal,normal,True,0.477,0.492,0.032,0,0,0.29,10
23,2025-08-05,37.59,37.55,37.44,37.32,37.21,37.13,36.99,normal,normal,True,0.441,0.524,0.035,0,0,0.29,10
23,2025-08-06,37.21,37.15,37.01,36.88,36.77,36.67,36.56,normal,normal,True,0.468,0.502,0.029,0,0,0.29,10
23,2025-08-07,37.95,37.93,37.86,37.73,37.63,37.52,37.4,normal,normal,True,0.451,0.519,0.03,0,0,0.29,10
23,2025-08-08,38.27,38.33,38.34,38.26,38.18,38.1,37.96,normal,normal,True,0.478,0.497,0.024,0,0,0.29,10
23,2025-08-09,38.5,38.48,38.4,38.28,38.18,38.07,37.93,normal,normal,True,0.478,0.496,0.025,0,0,0.29,10
23,2025-08-10,38.16,38.13,38.05,37.92,37.81,37.71,37.57,normal,drought,False,0.5,0.476,0.023,0,0,0.29,10
23,2025-08-11,34.56,34.52,34.35,34.25,34.14,34.02,33.95,normal,normal,True,0.484,0.491,0.025,0,0,0.57,6
23,2025-08-12,34.3,34.27,34.08,33.99,33.88,33.76,33.7,normal,normal,True,0.482,0.494,0.024,0,0,0.57,6
23,2025-08-13,34.78,34.73,34.61,34.49,34.4,34.29,34.23,normal,drought,False,0.491,0.484,0.025,0,0,0.29,10
23,2025-08-14,34.73,34.7,34.6,34.5,34.4,34.31,34.23,normal,drought,False,0.487,0.486,0.027,0,0,0.29,10
23,2025-08-15,34.65,34.62,34.54,34.43,34.34,34.24,34.17,normal,normal,True,0.474,0.497,0.029,0,0,0.29,10
23,2025-08-16,34.71,34.69,34.61,34.5,34.41,34.32,34.25,normal,normal,True,0.448,0.518,0.034,0,0,0.29,10
23,2025-08-17,34.67,34.65,34.56,34.44,34.35,34.25,34.18,normal,normal,True,0.463,0.502,0.035,0,0,0.29,10
23,2025-08-18,34.71,34.68,34.59,34.47,34.38,34.29,34.21,normal,normal,True,0.466,0.5,0.035,0,0,0.29,10
23,2025-08-19,34.84,34.81,34.74,34.62,34.53,34.42,34.35,normal,normal,True,0.423,0.534,0.043,0,0,0.29,10
23,2025-08-20,34.95,34.92,34.83,34.7,34.59,34.46,34.42,normal,normal,True,0.379,0.576,0.045,0,0,0.29,10
23,2025-08-21,34.74,34.7,34.61,34.47,34.37,34.24,34.19,normal,normal,True,0.398,0.555,0.047,0,0,0.29,10
23,2025-08-22,34.55,34.52,34.42,34.29,34.17,34.05,33.99,normal,normal,True,0.43,0.529,0.04,0,0,0.29,10
23,2025-08-23,23.28,23.24,23.03,22.97,22.92,22.87,22.92,normal,normal,True,0.381,0.565,0.054,0,0,0.57,6
23,2025-08-24,21.88,21.8,21.58,21.52,21.46,21.41,21.48,normal,normal,True,0.354,0.59,0.056,0,0,0.57,6
23,2025-08-25,23.46,23.45,23.45,23.37,23.35,23.32,23.41,normal,normal,True,0.362,0.581,0.057,0,0,0.29,10
23,2025-08-26,23.4,23.43,23.45,23.38,23.38,23.36,23.44,normal,normal,True,0.416,0.541,0.043,0,0,0.29,10
23,2025-08-27,23.77,23.81,23.86,23.81,23.81,23.8,23.88,normal,normal,True,0.364,0.579,0.057,0,0,0.29,10
23,2025-08-28,23.65,23.69,23.75,23.7,23.71,23.69,23.77,normal,normal,True,0.35,0.602,0.048,0,0,0.29,10
23,2025-08-29,23.48,23.52,23.58,23.52,23.53,23.53,23.61,normal,normal,True,0.401,0.554,0.044,0,0,0.29,10
23,2025-08-30,23.54,23.58,23.63,23.58,23.58,23.57,23.65,normal,normal,True,0.446,0.521,0.033,0,0,0.29,10
23,2025-08-31,23.76,23.8,23.85,23.8,23.81,23.81,23.87,normal,normal,True,0.413,0.54,0.047,0,0,0.29,10
24,2025-03-01,85.49,85.35,84.96,84.58,84.13,83.77,83.12,overflow,overflow,True,0.155,0.383,0.461,0,7,0.29,10
24,2025-03-02,85.88,85.75,85.38,85.0,84.54,84.18,83.52,overflow,normal,False,0.233,0.405,0.362,0,7,0.29,10
24,2025-03-03,85.87,85.72,85.33,84.95,84.48,84.1,83.45,overflow,normal,False,0.246,0.417,0.337,0,7,0.29,10
24,2025-03-04,85.71,85.56,85.1,84.71,84.22,83.81,83.19,overflow,normal,False,0.252,0.428,0.32,0,7,0.29,10
24,2025-03-05,85.38,85.22,84.76,84.36,83.86,83.45,82.84,overflow,normal,False,0.274,0.429,0.297,0,7,0.29,10
24,2025-03-06,85.02,84.84,84.34,83.94,83.43,83.0,82.42,overflow,normal,False,0.379,0.414,0.207,0,7,0.29,10
24,2025-03-07,84.74,84.55,84.04,83.63,83.13,82.7,82.13,overflow,normal,False,0.331,0.429,0.239,0,7,0.29,10
24,2025-03-08,84.53,84.34,83.85,83.43,82.93,82.52,81.95,overflow,normal,False,0.356,0.431,0.213,0,7,0.57,6
24,2025-03-09,84.27,84.09,83.6,83.2,82.71,82.3,81.73,overflow,normal,False,0.347,0.434,0.218,0,7,0.57,6
24,2025-03-10,84.18,84.02,83.56,83.17,82.69,82.3,81.72,overflow,normal,False,0.384,0.428,0.188,0,7,0.29,10
24,2025-03-11,84.65,84.55,84.15,83.81,83.35,83.02,82.37,overflow,normal,False,0.38,0.398,0.222,0,7,0.29,10
24,2025-03-12,85.67,85.64,85.35,85.04,84.62,84.33,83.63,overflow,drought,False,0.4,0.395,0.205,0,7,0.29,10
24,2025-03-13,85.88,85.82,85.51,85.17,84.72,84.37,83.71,overflow,normal,False,0.352,0.421,0.227,0,7,0.29,10
24,2025-03-14,85.71,85.62,85.27,84.91,84.44,84.05,83.4,overflow,normal,False,0.315,0.44,0.245,0,7,0.29,10
24,2025-03-15,84.98,84.85,84.4,84.02,83.52,83.09,82.48,overflow,normal,False,0.385,0.441,0.175,0,7,0.29,10
24,2025-03-16,85.57,85.43,84.94,84.57,84.06,83.62,83.01,overflow,normal,False,0.391,0.412,0.197,0,7,0.29,10
24,2025-03-17,85.27,85.16,84.69,84.34,83.86,83.48,82.83,overflow,normal,False,0.388,0.453,0.159,0,7,0.29,10
24,2025-03-18,85.94,85.85,85.43,85.08,84.6,84.23,83.59,overflow,normal,False,0.241,0.48,0.28,0,7,0.29,10
24,2025-03-19,85.05,84.88,84.44,84.04,83.55,83.16,82.55,overflow,drought,False,0.445,0.437,0.118,0,7,0.29,10
24,2025-03-20,83.24,83.05,82.6,82.2,81.73,81.36,80.77,overflow,drought,False,0.402,0.388,0.21,0,7,0.57,6
24,2025-03-21,82.58,82.4,81.92,81.52,81.04,80.65,80.08,overflow,drought,False,0.472,0.409,0.119,0,7,0.57,6
24,2025-03-22,83.02,82.83,82.33,81.91,81.41,81.0,80.44,overflow,normal,False,0.341,0.453,0.206,0,7,0.29,10
24,2025-03-23,82.37,82.26,81.81,81.46,80.98,80.59,80.01,overflow,drought,False,0.528,0.403,0.068,0,7,0.29,10
24,2025-03-24,82.38,82.29,81.82,81.48,80.99,80.58,80.01,overflow,drought,False,0.46,0.395,0.145,0,7,0.29,10
24,2025-03-25,82.12,81.98,81.53,81.17,80.69,80.3,79.72,overflow,drought,False,0.533,0.394,0.072,0,7,0.29,10
24,2025-03-26,81.93,81.74,81.26,80.87,80.39,80.0,79.43,overflow,drought,False,0.496,0.443,0.062,0,7,0.29,10
24,2025-03-27,81.94,81.78,81.31,80.93,80.45,80.06,79.48,overflow,drought,False,0.516,0.45,0.034,0,7,0.29,10
24,2025-03-28,81.76,81.6,81.13,80.75,80.27,79.89,79.31,overflow,drought,False,0.49,0.462,0.048,0,7,0.29,10
24,2025-03-29,81.54,81.42,80.95,80.6,80.11,79.71,79.14,overflow,drought,False,0.523,0.445,0.032,0,7,0.29,10
24,2025-03-30,81.83,81.72,81.28,80.93,80.45,80.05,79.47,overflow,normal,False,0.47,0.495,0.036,0,7,0.29,10
24,2025-03-31,81.63,81.47,81.02,80.64,80.16,79.77,79.2,overflow,drought,False,0.501,0.484,0.015,0,7,0.29,10
24,2025-04-01,75.5,75.41,74.91,74.61,74.16,73.78,73.3,overflow,normal,False,0.473,0.51,0.016,0,7,0.57,6
24,2025-04-02,75.3,75.23,74.77,74.49,74.07,73.72,73.21,overflow,normal,False,0.484,0.504,0.012,0,7,0.57,6
24,2025-04-03,75.71,75.57,75.17,74.84,74.43,74.11,73.57,overflow,normal,False,0.476,0.513,0.011,0,7,0.29,10
24,2025-04-04,77.04,76.94,76.65,76.35,75.97,75.68,75.09,overflow,normal,False,0.466,0.515,0.018,0,7,0.29,10
24,2025-04-05,77.82,77.73,77.53,77.23,76.87,76.6,76.0,overflow,normal,False,0.432,0.548,0.02,0,7,0.29,10
24,2025-04-06,77.54,77.37,77.05,76.7,76.29,75.96,75.4,overflow,drought,False,0.499,0.486,0.015,0,7,0.29,10
24,2025-04-07,78.6,78.48,78.25,77.92,77.53,77.22,76.64,overflow,normal,False,0.457,0.511,0.031,0,7,0.29,10
24,2025-04-08,77.69,77.55,77.16,76.82,76.39,76.03,75.49,overflow,drought,False,0.509,0.461,0.03,0,7,0.29,10
24,2025-04-09,77.68,77.52,77.04,76.68,76.22,75.82,75.3,overflow,drought,False,0.508,0.46,0.032,0,7,0.29,10
24,2025-04-10,76.62,76.46,76.0,75.65,75.2,74.83,74.33,overflow,drought,False,0.557,0.418,0.025,0,7,0.29,10
24,2025-04-11,76.9,76.73,76.21,75.87,75.43,75.07,74.55,overflow,drought,False,0.506,0.432,0.061,0,7,0.29,10
24,2025-04-12,76.41,76.23,75.77,75.42,74.99,74.66,74.14,overflow,drought,False,0.558,0.391,0.051,0,7,0.29,10
24,2025-04-13,72.24,72.08,71.6,71.28,70.87,70.56,70.12,overflow,drought,False,0.529,0.41,0.061,0,7,0.57,6
24,2025-04-14,71.51,71.43,71.0,70.73,70.34,70.02,69.56,overflow,drought,False,0.57,0.378,0.052,0,7,0.57,6
24,2025-04-15,72.21,72.05,71.7,71.38,71.01,70.71,70.23,overflow,drought,False,0.523,0.369,0.108,0,7,0.29,10
24,2025-04-16,72.19,72.1,71.77,71.48,71.12,70.81,70.33,overflow,drought,False,0.551,0.377,0.072,0,7,0.29,10
24,2025-04-17,72.33,72.28,71.94,71.68,71.31,71.0,70.5,overflow,drought,False,0.513,0.379,0.107,0,7,0.29,10
24,2025-04-18,71.86,71.75,71.39,71.09,70.71,70.38,69.9,overflow,drought,False,0.545,0.408,0.047,0,7,0.29,10
24,2025-04-19,72.02,71.9,71.52,71.22,70.84,70.5,70.02,overflow,drought,False,0.519,0.413,0.067,0,7,0.29,10
24,2025-04-20,71.74,71.62,71.22,70.93,70.53,70.19,69.72,overflow,drought,False,0.537,0.43,0.033,0,7,0.29,10
24,2025-04-21,71.67,71.52,71.1,70.77,70.37,70.03,69.56,overflow,drought,False,0.52,0.458,0.022,0,7,0.29,10
24,2025-04-22,71.61,71.45,71.07,70.74,70.36,70.04,69.56,overflow,drought,False,0.528,0.457,0.015,0,7,0.29,10
24,2025-04-23,71.83,71.67,71.3,70.99,70.61,70.3,69.81,overflow,drought,False,0.515,0.46,0.024,0,7,0.29,10
24,2025-04-24,71.53,71.37,70.98,70.66,70.28,69.96,69.48,overflow,drought,False,0.512,0.472,0.016,0,7,0.29,10
24,2025-04-25,64.79,64.69,64.23,63.99,63.63,63.35,62.95,overflow,drought,False,0.509,0.481,0.011,0,7,0.57,6
24,2025-04-26,64.64,64.58,64.17,63.96,63.62,63.35,62.94,overflow,drought,False,0.516,0.474,0.01,0,7,0.57,6
24,2025-04-27,65.15,65.01,64.68,64.4,64.08,63.81,63.4,overflow,drought,False,0.52,0.467,0.012,0,7,0.29,10
24,2025-04-28,65.92,65.82,65.57,65.31,65.01,64.76,64.33,overflow,drought,False,0.507,0.482,0.012,0,7,0.29,10
24,2025-04-29,65.73,65.64,65.39,65.14,64.84,64.6,64.16,overflow,drought,False,0.523,0.467,0.01,0,7,0.29,10
24,2025-04-30,66.59,66.48,66.23,65.97,65.67,65.43,64.98,overflow,drought,False,0.528,0.457,0.015,0,7,0.29,10
24,2025-05-01,66.39,66.27,66.03,65.77,65.47,65.25,64.79,overflow,drought,False,0.535,0.446,0.019,0,7,0.29,10
24,2025-05-02,66.25,66.11,65.77,65.48,65.15,64.85,64.44,overflow,drought,False,0.562,0.423,0.015,0,7,0.29,10
24,2025-05-03,66.0,65.86,65.53,65.25,64.92,64.62,64.21,overflow,drought,False,0.582,0.402,0.017,0,7,0.29,10
24,2025-05-04,65.55,65.39,64.99,64.7,64.35,64.05,63.66,overflow,drought,False,0.588,0.39,0.022,0,7,0.29,10
24,2025-05-05,65.53,65.4,65.0,64.71,64.36,64.05,63.66,overflow,drought,False,0.582,0.39,0.028,0,7,0.29,10
24,2025-05-06,66.06,65.94,65.64,65.36,65.04,64.78,64.37,overflow,drought,False,0.568,0.411,0.022,0,7,0.29,10
24,2025-05-07,69.23,69.09,68.84,68.53,68.2,67.93,67.48,overflow,drought,False,0.565,0.407,0.028,0,7,0.57,6
24,2025-05-08,69.23,69.06,68.79,68.47,68.13,67.86,67.4,overflow,drought,False,0.577,0.397,0.026,0,7,0.57,6
24,2025-05-09,68.32,68.13,67.75,67.43,67.06,66.77,66.34,overflow,drought,False,0.555,0.42,0.025,0,7,0.29,10
24,2025-05-10,68.34,68.19,67.75,67.45,67.06,66.73,66.31,overflow,drought,False,0.563,0.42,0.016,0,7,0.29,10
24,2025-05-11,68.19,68.06,67.64,67.35,66.97,66.63,66.22,overflow,drought,False,0.548,0.431,0.021,0,7,0.29,10
24,2025-05-12,68.19,68.07,67.68,67.39,67.02,66.69,66.27,overflow,drought,False,0.539,0.439,0.021,0,7,0.29,10
24,2025-05-13,67.91,67.81,67.45,67.18,66.81,66.49,66.06,overflow,drought,False,0.517,0.466,0.017,0,7,0.29,10
24,2025-05-14,67.65,67.48,67.11,66.79,66.42,66.12,65.7,overflow,drought,False,0.501,0.49,0.009,0,7,0.29,10
24,2025-05-15,67.67,67.49,67.12,66.79,66.42,66.12,65.7,overflow,normal,False,0.488,0.504,0.008,0,7,0.29,10
24,2025-05-16,67.52,67.37,66.98,66.67,66.3,65.98,65.56,overflow,normal,False,0.491,0.5,0.008,0,7,0.29,10
24,2025-05-17,67.54,67.39,67.01,66.71,66.35,66.04,65.61,overflow,normal,False,0.473,0.522,0.005,0,7,0.29,10
24,2025-05-18,68.03,67.92,67.62,67.36,67.04,66.79,66.3,overflow,drought,False,0.505,0.488,0.007,0,7,0.29,10
24,2025-05-19,57.6,57.57,57.15,57.01,56.72,56.49,56.17,normal,normal,True,0.49,0.503,0.007,0,0,0.57,6
24,2025-05-20,56.72,56.66,56.24,56.09,55.8,55.59,55.27,normal,normal,True,0.49,0.5,0.01,0,0,0.57,6
24,2025-05-21,57.3,57.18,56.89,56.66,56.39,56.16,55.84,normal,normal,True,0.469,0.525,0.006,0,0,0.29,10
24,2025-05-22,57.79,57.67,57.38,57.15,56.88,56.65,56.32,normal,drought,False,0.544,0.448,0.008,0,0,0.29,10
24,2025-05-23,57.74,57.66,57.4,57.18,56.92,56.69,56.37,normal,drought,False,0.512,0.482,0.006,0,0,0.29,10
24,2025-05-24,58.08,57.99,57.75,57.53,57.27,57.05,56.73,normal,drought,False,0.535,0.457,0.009,0,0,0.29,10
24,2025-05-25,58.0,57.92,57.7,57.49,57.24,57.04,56.69,normal,drought,False,0.512,0.482,0.006,0,0,0.29,10
24,2025-05-26,57.65,57.52,57.24,57.01,56.75,56.54,56.2,normal,drought,False,0.575,0.412,0.012,0,0,0.29,10
24,2025-05-27,57.77,57.64,57.35,57.12,56.84,56.61,56.28,normal,drought,False,0.531,0.461,0.008,0,0,0.29,10
24,2025-05-28,57.64,57.52,57.21,56.99,56.72,56.48,56.16,normal,drought,False,0.546,0.439,0.015,0,0,0.29,10
24,2025-05-29,57.81,57.69,57.39,57.14,56.86,56.59,56.29,normal,drought,False,0.502,0.488,0.01,0,0,0.29,10
24,2025-05-30,57.88,57.75,57.48,57.23,56.96,56.71,56.4,normal,drought,False,0.54,0.441,0.019,0,0,0.29,10
24,2025-05-31,48.89,48.87,48.55,48.45,48.24,48.08,47.85,normal,drought,False,0.536,0.45,0.015,0,0,0.57,6
24,2025-06-01,47.68,47.65,47.29,47.17,46.94,46.76,46.56,normal,drought,False,0.517,0.469,0.014,0,0,0.57,6
24,2025-06-02,48.59,48.46,48.2,48.01,47.8,47.63,47.41,normal,drought,False,0.496,0.496,0.008,0,0,0.29,10
24,2025-06-03,48.19,48.06,47.8,47.61,47.39,47.2,47.01,normal,normal,True,0.484,0.508,0.008,0,0,0.29,10
24,2025-06-04,48.88,48.79,48.55,48.38,48.18,47.99,47.78,normal,drought,False,0.507,0.485,0.008,0,0,0.29,10
24,2025-06-05,48.55,48.46,48.25,48.07,47.88,47.7,47.5,normal,normal,True,0.466,0.528,0.007,0,0,0.29,10
24,2025-06-06,48.62,48.52,48.32,48.14,47.94,47.78,47.56,normal,normal,True,0.483,0.51,0.007,0,0,0.29,10
24,2025-06-07,48.37,48.28,48.08,47.9,47.7,47.53,47.32,normal,normal,True,0.453,0.541,0.006,0,0,0.29,10
24,2025-06-08,48.54,48.41,48.17,47.97,47.76,47.57,47.38,normal,normal,True,0.491,0.503,0.006,0,0,0.29,10
24,2025-06-09,48.49,48.39,48.17,47.98,47.77,47.58,47.39,normal,normal,True,0.449,0.546,0.006,0,0,0.29,10
24,2025-06-10,48.55,48.46,48.23,48.05,47.85,47.66,47.47,normal,normal,True,0.464,0.532,0.005,0,0,0.29,10
24,2025-06-11,48.43,48.33,48.12,47.95,47.76,47.61,47.39,normal,normal,True,0.446,0.549,0.005,0,0,0.29,10
24,2025-06-12,45.53,45.46,45.23,45.09,44.92,44.8,44.6,normal,normal,True,0.478,0.512,0.01,0,0,0.57,6
24,2025-06-13,45.36,45.27,45.03,44.88,44.71,44.56,44.39,normal,normal,True,0.434,0.56,0.006,0,0,0.57,6
24,2025-06-14,45.8,45.71,45.51,45.36,45.19,45.05,44.87,normal,normal,True,0.469,0.524,0.006,0,0,0.29,10
24,2025-06-15,46.23,46.18,46.04,45.92,45.79,45.7,45.46,normal,normal,True,0.486,0.505,0.01,0,0,0.29,10
24,2025-06-16,46.6,46.55,46.44,46.33,46.2,46.12,45.87,normal,normal,True,0.482,0.503,0.014,0,0,0.29,10
24,2025-06-17,46.07,46.0,45.85,45.72,45.58,45.48,45.25,normal,normal,True,0.491,0.499,0.011,0,0,0.29,10
24,2025-06-18,45.84,45.77,45.59,45.46,45.31,45.19,44.98,normal,drought,False,0.528,0.46,0.012,0,0,0.29,10
24,2025-06-19,46.83,46.77,46.62,46.48,46.33,46.18,45.99,normal,drought,False,0.553,0.429,0.018,0,0,0.29,10
24,2025-06-20,47.11,47.05,46.89,46.75,46.59,46.44,46.25,normal,drought,False,0.549,0.427,0.023,0,0,0.29,10
24,2025-06-21,47.32,47.28,47.17,47.03,46.88,46.74,46.53,normal,drought,False,0.537,0.445,0.018,0,0,0.29,10
24,2025-06-22,47.12,47.08,46.96,46.82,46.67,46.54,46.33,normal,drought,False,0.536,0.444,0.02,0,0,0.29,10
24,2025-06-23,46.58,46.47,46.24,46.06,45.87,45.7,45.53,normal,drought,False,0.55,0.424,0.026,0,0,0.29,10
24,2025-06-24,45.93,45.8,45.54,45.36,45.17,44.99,44.83,normal,drought,False,0.539,0.429,0.032,0,0,0.57,6
24,2025-06-25,45.83,45.73,45.47,45.31,45.12,44.93,44.77,normal,drought,False,0.522,0.459,0.018,0,0,0.57,6
24,2025-06-26,46.02,45.92,45.69,45.53,45.35,45.17,45.0,normal,drought,False,0.53,0.453,0.017,0,0,0.29,10
24,2025-06-27,45.61,45.52,45.33,45.16,44.99,44.85,44.67,normal,normal,True,0.485,0.494,0.021,0,0,0.29,10
24,2025-06-28,45.44,45.34,45.14,44.97,44.79,44.64,44.47,normal,normal,True,0.475,0.506,0.019,0,0,0.29,10
24,2025-06-29,45.26,45.15,44.95,44.78,44.6,44.47,44.29,normal,drought,False,0.498,0.489,0.013,0,0,0.29,10
24,2025-06-30,45.22,45.12,44.9,44.74,44.56,44.4,44.23,normal,drought,False,0.496,0.494,0.01,0,0,0.29,10
24,2025-07-01,45.66,45.58,45.39,45.22,45.05,44.88,44.72,normal,normal,True,0.44,0.554,0.006,0,0,0.29,10
24,2025-07-02,45.66,45.59,45.42,45.26,45.09,44.92,44.76,normal,normal,True,0.425,0.57,0.005,0,0,0.29,10
24,2025-07-03,45.88,45.8,45.65,45.49,45.32,45.15,44.98,normal,normal,True,0.432,0.563,0.006,0,0,0.29,10
24,2025-07-04,45.58,45.49,45.32,45.15,44.97,44.81,44.65,normal,normal,True,0.431,0.563,0.005,0,0,0.29,10
24,2025-07-05,45.45,45.34,45.13,44.95,44.76,44.58,44.43,normal,normal,True,0.409,0.585,0.005,0,0,0.29,10
24,2025-07-06,41.73,41.68,41.45,41.34,41.18,41.01,40.91,normal,normal,True,0.396,0.599,0.005,0,0,0.57,6
24,2025-07-07,41.42,41.37,41.13,41.01,40.85,40.69,40.59,normal,normal,True,0.411,0.584,0.005,0,0,0.57,6
24,2025-07-08,41.88,41.8,41.62,41.47,41.31,41.15,41.05,normal,normal,True,0.393,0.603,0.004,0,0,0.29,10
24,2025-07-09,41.81,41.74,41.58,41.43,41.28,41.13,41.02,normal,normal,True,0.364,0.631,0.005,0,0,0.29,10
24,2025-07-10,41.79,41.72,41.57,41.42,41.27,41.12,41.01,normal,normal,True,0.359,0.637,0.004,0,0,0.29,10
24,2025-07-11,41.7,41.64,41.48,41.33,41.18,41.04,40.92,normal,normal,True,0.381,0.615,0.004,0,0,0.29,10
24,2025-07-12,41.64,41.58,41.41,41.26,41.11,40.96,40.85,normal,normal,True,0.358,0.638,0.004,0,0,0.29,10
24,2025-07-13,41.7,41.64,41.47,41.33,41.18,41.03,40.91,normal,normal,True,0.332,0.665,0.003,0,0,0.29,10
24,2025-07-14,41.73,41.65,41.49,41.34,41.2,41.05,40.94,normal,normal,True,0.345,0.652,0.003,0,0,0.29,10
24,2025-07-15,41.88,41.81,41.66,41.52,41.37,41.23,41.11,normal,normal,True,0.346,0.651,0.003,0,0,0.29,10
24,2025-07-16,41.51,41.44,41.27,41.13,40.98,40.82,40.72,normal,normal,True,0.326,0.67,0.003,0,0,0.29,10
24,2025-07-17,41.76,41.69,41.54,41.41,41.27,41.16,41.02,normal,normal,True,0.373,0.624,0.003,0,0,0.29,10
24,2025-07-18,39.12,39.07,38.89,38.79,38.66,38.55,38.45,normal,normal,True,0.385,0.612,0.003,0,0,0.57,6
24,2025-07-19,39.17,39.1,38.91,38.79,38.67,38.56,38.46,normal,normal,True,0.414,0.583,0.003,0,0,0.57,6
24,2025-07-20,39.41,39.36,39.24,39.13,39.02,38.92,38.82,normal,normal,True,0.357,0.64,0.003,0,0,0.29,10
24,2025-07-21,39.94,39.89,39.78,39.68,39.58,39.5,39.37,normal,normal,True,0.432,0.564,0.004,0,0,0.29,10
24,2025-07-22,39.62,39.57,39.47,39.36,39.26,39.17,39.05,normal,normal,True,0.404,0.592,0.003,0,0,0.29,10
24,2025-07-23,39.71,39.65,39.52,39.41,39.31,39.21,39.1,normal,normal,True,0.454,0.542,0.004,0,0,0.29,10
24,2025-07-24,39.69,39.66,39.55,39.45,39.35,39.27,39.15,normal,normal,True,0.414,0.582,0.004,0,0,0.29,10
24,2025-07-25,40.03,39.97,39.84,39.73,39.62,39.53,39.42,normal,normal,True,0.483,0.51,0.007,0,0,0.29,10
24,2025-07-26,40.05,40.01,39.91,39.8,39.7,39.61,39.51,normal,normal,True,0.438,0.557,0.006,0,0,0.29,10
24,2025-07-27,40.16,40.12,40.02,39.92,39.82,39.74,39.62,normal,normal,True,0.478,0.513,0.009,0,0,0.29,10
24,2025-07-28,40.13,40.08,39.97,39.85,39.74,39.64,39.54,normal,normal,True,0.435,0.558,0.006,0,0,0.29,10
24,2025-07-29,40.21,40.15,40.01,39.88,39.76,39.64,39.54,normal,normal,True,0.486,0.503,0.011,0,0,0.29,10
24,2025-07-30,36.71,36.72,36.59,36.51,36.42,36.31,36.26,normal,normal,True,0.428,0.564,0.008,0,0,0.57,6
24,2025-07-31,36.57,36.58,36.45,36.38,36.28,36.17,36.12,normal,normal,True,0.464,0.525,0.01,0,0,0.57,6
24,2025-08-01,36.86,36.84,36.77,36.67,36.59,36.5,36.44,normal,normal,True,0.426,0.566,0.008,0,0,0.29,10
24,2025-08-02,36.87,36.84,36.76,36.68,36.61,36.55,36.45,normal,normal,True,0.463,0.526,0.011,0,0,0.29,10
24,2025-08-03,36.04,35.98,35.84,35.74,35.66,35.59,35.51,normal,normal,True,0.417,0.574,0.009,0,0,0.29,10
24,2025-08-04,36.06,35.97,35.82,35.72,35.64,35.59,35.5,normal,normal,True,0.464,0.524,0.011,0,0,0.29,10
24,2025-08-05,36.41,36.38,36.3,36.23,36.16,36.12,36.03,normal,normal,True,0.417,0.574,0.009,0,0,0.29,10
24,2025-08-06,36.38,36.32,36.21,36.12,36.05,35.99,35.92,normal,normal,True,0.471,0.519,0.01,0,0,0.29,10
24,2025-08-07,36.79,36.78,36.76,36.68,36.62,36.57,36.5,normal,normal,True,0.456,0.538,0.007,0,0,0.29,10
24,2025-08-08,37.23,37.26,37.27,37.21,37.17,37.12,37.03,normal,drought,False,0.509,0.481,0.01,0,0,0.29,10
24,2025-08-09,37.47,37.48,37.45,37.38,37.33,37.27,37.18,normal,normal,True,0.477,0.515,0.008,0,0,0.29,10
24,2025-08-10,36.91,36.89,36.83,36.74,36.67,36.61,36.53,normal,drought,False,0.527,0.464,0.009,0,0,0.29,10
24,2025-08-11,30.08,30.03,29.83,29.78,29.73,29.67,29.68,normal,drought,False,0.502,0.491,0.007,0,0,0.57,6
24,2025-08-12,29.53,29.46,29.25,29.19,29.15,29.09,29.12,normal,drought,False,0.517,0.471,0.012,0,0,0.57,6
24,2025-08-13,30.73,30.73,30.71,30.65,30.65,30.61,30.64,normal,drought,False,0.496,0.491,0.013,0,0,0.29,10
24,2025-08-14,30.71,30.74,30.74,30.71,30.71,30.69,30.69,normal,drought,False,0.511,0.47,0.019,0,0,0.29,10
24,2025-08-15,30.66,30.69,30.71,30.67,30.67,30.65,30.66,normal,normal,True,0.483,0.503,0.014,0,0,0.29,10
24,2025-08-16,30.75,30.78,30.8,30.76,30.76,30.74,30.75,normal,normal,True,0.461,0.517,0.022,0,0,0.29,10
24,2025-08-17,30.67,30.69,30.7,30.65,30.64,30.62,30.63,normal,normal,True,0.477,0.505,0.018,0,0,0.29,10
24,2025-08-18,30.87,30.9,30.9,30.86,30.85,30.83,30.83,normal,normal,True,0.471,0.515,0.014,0,0,0.29,10
24,2025-08-19,30.82,30.85,30.86,30.81,30.81,30.78,30.79,normal,normal,True,0.399,0.589,0.012,0,0,0.29,10
24,2025-08-20,30.76,30.76,30.76,30.69,30.67,30.61,30.66,normal,normal,True,0.37,0.617,0.013,0,0,0.29,10
24,2025-08-21,30.97,31.0,31.01,30.96,30.95,30.91,30.93,normal,normal,True,0.408,0.581,0.011,0,0,0.29,10
24,2025-08-22,30.8,30.83,30.83,30.77,30.75,30.72,30.74,normal,normal,True,0.434,0.556,0.009,0,0,0.29,10
24,2025-08-23,27.31,27.33,27.31,27.28,27.28,27.28,27.34,normal,normal,True,0.361,0.628,0.011,0,0,0.57,6
24,2025-08-24,26.37,26.36,26.31,26.26,26.27,26.27,26.33,normal,normal,True,0.337,0.651,0.012,0,0,0.57,6
24,2025-08-25,26.59,26.55,26.52,26.44,26.43,26.4,26.49,normal,normal,True,0.36,0.632,0.009,0,0,0.29,10
24,2025-08-26,26.78,26.8,26.8,26.75,26.76,26.75,26.82,normal,normal,True,0.413,0.581,0.006,0,0,0.29,10
24,2025-08-27,27.18,27.24,27.29,27.26,27.29,27.29,27.36,normal,normal,True,0.333,0.659,0.008,0,0,0.29,10
24,2025-08-28,26.85,26.88,26.93,26.89,26.92,26.91,26.99,normal,normal,True,0.308,0.683,0.009,0,0,0.29,10
24,2025-08-29,26.62,26.67,26.73,26.71,26.73,26.74,26.81,normal,normal,True,0.34,0.653,0.006,0,0,0.29,10
24,2025-08-30,26.69,26.73,26.78,26.74,26.76,26.76,26.84,normal,normal,True,0.413,0.583,0.004,0,0,0.29,10
24,2025-08-31,27.02,27.06,27.11,27.07,27.1,27.11,27.17,normal,normal,True,0.36,0.634,0.007,0,0,0.29,10
25,2025-03-01,93.83,93.84,93.44,93.02,92.51,92.07,91.34,overflow,overflow,True,0.0,0.076,0.924,0,7,0.29,10
25,2025-03-02,94.1,94.11,93.73,93.31,92.8,92.37,91.63,overflow,overflow,True,0.0,0.075,0.925,0,7,0.29,10
25,2025-03-03,94.23,94.24,93.86,93.44,92.92,92.48,91.75,overflow,overflow,True,0.0,0.074,0.926,0,7,0.29,10
25,2025-03-04,94.07,94.08,93.67,93.23,92.7,92.23,91.53,overflow,overflow,True,0.0,0.076,0.924,0,7,0.29,10
25,2025-03-05,93.81,93.81,93.41,92.96,92.44,91.96,91.27,overflow,overflow,True,0.0,0.078,0.922,0,7,0.29,10
25,2025-03-06,93.64,93.63,93.22,92.77,92.24,91.75,91.08,overflow,overflow,True,0.0,0.076,0.924,0,7,0.29,10
25,2025-03-07,93.58,93.57,93.15,92.7,92.18,91.68,91.02,overflow,overflow,True,0.0,0.076,0.924,0,7,0.29,10
25,2025-03-08,94.19,94.19,93.78,93.33,92.81,92.32,91.65,overflow,overflow,True,0.0,0.076,0.924,0,7,0.57,6
25,2025-03-09,94.2,94.21,93.81,93.37,92.85,92.38,91.7,overflow,overflow,True,0.0,0.078,0.922,0,7,0.57,6
25,2025-03-10,94.15,94.17,93.78,93.34,92.84,92.37,91.69,overflow,overflow,True,0.0,0.078,0.922,0,7,0.29,10
25,2025-03-11,93.89,93.93,93.52,93.12,92.61,92.18,91.46,overflow,overflow,True,0.0,0.079,0.921,0,7,0.29,10
25,2025-03-12,94.23,94.3,93.93,93.56,93.07,92.67,91.91,overflow,overflow,True,0.0,0.077,0.923,0,7,0.29,10
25,2025-03-13,95.23,95.29,94.96,94.55,94.05,93.62,92.88,overflow,overflow,True,0.0,0.082,0.918,0,7,0.29,10
25,2025-03-14,94.91,94.95,94.6,94.17,93.66,93.19,92.48,overflow,overflow,True,0.0,0.086,0.914,0,7,0.29,10
25,2025-03-15,94.52,94.53,94.16,93.71,93.19,92.7,92.0,overflow,overflow,True,0.0,0.086,0.913,0,7,0.29,10
25,2025-03-16,94.83,94.84,94.45,94.02,93.49,93.02,92.32,overflow,overflow,True,0.0,0.078,0.922,0,7,0.29,10
25,2025-03-17,94.55,94.57,94.12,93.7,93.17,92.71,91.99,overflow,overflow,True,0.0,0.076,0.924,0,7,0.29,10
25,2025-03-18,95.23,95.26,94.86,94.43,93.91,93.45,92.73,overflow,overflow,True,0.0,0.076,0.924,0,7,0.29,10
25,2025-03-19,94.56,94.57,94.17,93.72,93.19,92.72,92.02,overflow,overflow,True,0.0,0.083,0.917,0,7,0.29,10
25,2025-03-20,90.86,90.91,90.5,90.11,89.62,89.15,88.51,overflow,overflow,True,0.0,0.077,0.923,0,7,0.57,6
25,2025-03-21,90.03,90.06,89.65,89.25,88.75,88.28,87.65,overflow,overflow,True,0.0,0.08,0.92,0,7,0.57,6
25,2025-03-22,90.47,90.47,90.06,89.62,89.11,88.65,88.0,overflow,overflow,True,0.0,0.079,0.921,0,7,0.29,10
25,2025-03-23,89.99,90.02,89.64,89.23,88.73,88.28,87.62,overflow,overflow,True,0.0,0.086,0.914,0,7,0.29,10
25,2025-03-24,89.98,89.99,89.57,89.15,88.64,88.16,87.52,overflow,overflow,True,0.0,0.086,0.914,0,7,0.29,10
25,2025-03-25,89.71,89.72,89.31,88.9,88.4,87.93,87.29,overflow,overflow,True,0.0,0.085,0.915,0,7,0.29,10
25,2025-03-26,89.59,89.59,89.16,88.74,88.23,87.77,87.13,overflow,overflow,True,0.0,0.079,0.921,0,7,0.29,10
25,2025-03-27,89.5,89.5,89.08,88.66,88.15,87.68,87.05,overflow,overflow,True,0.0,0.083,0.917,0,7,0.29,10
25,2025-03-28,89.46,89.46,89.06,88.63,88.13,87.68,87.04,overflow,overflow,True,0.0,0.083,0.917,0,7,0.29,10
25,2025-03-29,89.28,89.3,88.9,88.49,87.99,87.52,86.89,overflow,overflow,True,0.0,0.086,0.914,0,7,0.29,10
25,2025-03-30,89.43,89.45,89.08,88.66,88.17,87.7,87.07,overflow,overflow,True,0.0,0.083,0.917,0,7,0.29,10
25,2025-03-31,89.26,89.27,88.89,88.46,87.97,87.5,86.87,overflow,overflow,True,0.0,0.082,0.918,0,7,0.29,10
25,2025-04-01,79.99,80.1,79.67,79.36,78.93,78.46,77.98,overflow,overflow,True,0.0,0.083,0.917,0,7,0.57,6
25,2025-04-02,79.36,79.48,79.07,78.8,78.38,77.96,77.45,overflow,overflow,True,0.0,0.079,0.921,0,7,0.57,6
25,2025-04-03,79.52,79.57,79.25,78.94,78.54,78.17,77.57,overflow,overflow,True,0.0,0.077,0.923,0,7,0.29,10
25,2025-04-04,80.69,80.76,80.52,80.22,79.83,79.5,78.86,overflow,overflow,True,0.0,0.074,0.926,0,7,0.29,10
25,2025-04-05,81.43,81.52,81.33,81.02,80.66,80.34,79.68,overflow,overflow,True,0.0,0.072,0.928,0,7,0.29,10
25,2025-04-06,80.8,80.8,80.51,80.15,79.74,79.36,78.75,overflow,overflow,True,0.0,0.072,0.928,0,7,0.29,10
25,2025-04-07,81.69,81.71,81.47,81.11,80.71,80.34,79.71,overflow,overflow,True,0.0,0.071,0.929,0,7,0.29,10
25,2025-04-08,80.79,80.8,80.45,80.09,79.66,79.24,78.66,overflow,overflow,True,0.0,0.072,0.927,0,7,0.29,10
25,2025-04-09,80.96,80.94,80.53,80.15,79.69,79.24,78.68,overflow,overflow,True,0.0,0.076,0.924,0,7,0.29,10
25,2025-04-10,79.99,80.02,79.65,79.3,78.86,78.44,77.9,overflow,overflow,True,0.0,0.077,0.923,0,7,0.29,10
25,2025-04-11,79.99,80.0,79.58,79.24,78.8,78.38,77.82,overflow,overflow,True,0.0,0.071,0.929,0,7,0.29,10
25,2025-04-12,79.51,79.51,79.12,78.75,78.32,77.93,77.37,overflow,overflow,True,0.0,0.076,0.924,0,7,0.29,10
25,2025-04-13,72.13,72.19,71.77,71.48,71.11,70.72,70.3,normal,overflow,False,0.0,0.079,0.921,0,0,0.57,6
25,2025-04-14,71.38,71.49,71.12,70.87,70.51,70.13,69.69,normal,overflow,False,0.0,0.087,0.913,0,0,0.57,6
25,2025-04-15,72.03,72.08,71.82,71.53,71.19,70.86,70.35,normal,overflow,False,0.0,0.083,0.917,0,0,0.29,10
25,2025-04-16,71.89,71.96,71.7,71.43,71.09,70.74,70.23,normal,overflow,False,0.0,0.087,0.912,0,0,0.29,10
25,2025-04-17,72.24,72.34,72.09,71.83,71.49,71.13,70.62,normal,overflow,False,0.0,0.085,0.914,0,0,0.29,10
25,2025-04-18,71.82,71.88,71.6,71.32,70.97,70.6,70.1,normal,overflow,False,0.0,0.092,0.908,0,0,0.29,10
25,2025-04-19,72.03,72.08,71.77,71.49,71.13,70.76,70.25,normal,overflow,False,0.0,0.09,0.91,0,0,0.29,10
25,2025-04-20,71.73,71.78,71.47,71.19,70.83,70.46,69.96,normal,overflow,False,0.0,0.098,0.902,0,0,0.29,10
25,2025-04-21,71.68,71.7,71.37,71.07,70.69,70.31,69.82,normal,overflow,False,0.0,0.103,0.897,0,0,0.29,10
25,2025-04-22,71.9,71.94,71.66,71.37,71.01,70.66,70.15,normal,overflow,False,0.0,0.105,0.895,0,0,0.29,10
25,2025-04-23,71.92,71.95,71.66,71.37,71.01,70.67,70.16,normal,overflow,False,0.0,0.103,0.897,0,0,0.29,10
25,2025-04-24,71.71,71.73,71.43,71.14,70.77,70.42,69.91,normal,overflow,False,0.0,0.105,0.895,0,0,0.29,10
25,2025-04-25,42.93,42.98,42.42,42.32,42.14,41.85,41.83,normal,overflow,False,0.0,0.105,0.895,0,0,0.57,6
25,2025-04-26,40.48,40.52,39.96,39.87,39.71,39.44,39.43,normal,overflow,False,0.0,0.106,0.894,0,0,0.57,6
25,2025-04-27,42.4,42.45,42.35,42.22,42.11,41.94,41.74,normal,overflow,False,0.0,0.104,0.896,0,0,0.29,10
25,2025-04-28,42.62,42.68,42.6,42.49,42.4,42.24,42.02,normal,overflow,False,0.0,0.099,0.901,0,0,0.29,10
25,2025-04-29,43.03,43.12,43.09,42.98,42.9,42.76,42.53,normal,overflow,False,0.0,0.098,0.902,0,0,0.29,10
25,2025-04-30,43.5,43.58,43.55,43.44,43.36,43.25,42.99,normal,overflow,False,0.0,0.094,0.906,0,0,0.29,10
25,2025-05-01,43.56,43.62,43.58,43.45,43.37,43.26,42.99,normal,overflow,False,0.0,0.092,0.908,0,0,0.29,10
25,2025-05-02,43.04,43.06,42.95,42.79,42.68,42.51,42.3,normal,overflow,False,0.0,0.098,0.902,0,0,0.29,10
25,2025-05-03,43.0,43.02,42.9,42.74,42.63,42.44,42.24,normal,overflow,False,0.0,0.099,0.901,0,0,0.29,10
25,2025-05-04,42.45,42.48,42.32,42.18,42.06,41.85,41.67,normal,overflow,False,0.0,0.099,0.901,0,0,0.29,10
25,2025-05-05,42.55,42.58,42.42,42.28,42.15,41.94,41.76,normal,overflow,False,0.0,0.103,0.897,0,0,0.29,10
25,2025-05-06,43.07,43.14,43.09,42.96,42.87,42.71,42.51,normal,overflow,False,0.0,0.105,0.895,0,0,0.29,10
25,2025-05-07,67.7,67.73,67.81,67.49,67.26,67.0,66.46,normal,overflow,False,0.0,0.108,0.892,0,0,0.57,6
25,2025-05-08,69.66,69.66,69.75,69.41,69.16,68.9,68.33,normal,overflow,False,0.0,0.106,0.894,0,0,0.57,6
25,2025-05-09,67.82,67.84,67.54,67.25,66.91,66.58,66.12,normal,overflow,False,0.0,0.108,0.892,0,0,0.29,10
25,2025-05-10,68.08,68.11,67.77,67.49,67.13,66.77,66.32,normal,overflow,False,0.0,0.113,0.887,0,0,0.29,10
25,2025-05-11,67.87,67.93,67.62,67.37,67.03,66.66,66.22,normal,overflow,False,0.0,0.117,0.883,0,0,0.29,10
25,2025-05-12,67.85,67.91,67.61,67.36,67.02,66.65,66.22,normal,overflow,False,0.0,0.122,0.878,0,0,0.29,10
25,2025-05-13,67.66,67.72,67.46,67.2,66.87,66.52,66.07,normal,overflow,False,0.0,0.124,0.876,0,0,0.29,10
25,2025-05-14,67.49,67.52,67.23,66.95,66.6,66.26,65.82,normal,overflow,False,0.0,0.123,0.877,0,0,0.29,10
25,2025-05-15,67.61,67.64,67.36,67.07,66.73,66.39,65.94,normal,overflow,False,0.0,0.125,0.875,0,0,0.29,10
25,2025-05-16,67.52,67.56,67.28,67.0,66.66,66.31,65.87,normal,overflow,False,0.0,0.13,0.87,0,0,0.29,10
25,2025-05-17,67.6,67.65,67.37,67.1,66.77,66.42,65.97,normal,overflow,False,0.0,0.134,0.866,0,0,0.29,10
25,2025-05-18,67.42,67.48,67.2,66.97,66.66,66.36,65.86,normal,overflow,False,0.0,0.125,0.875,0,0,0.29,10
25,2025-05-19,56.69,56.8,56.43,56.29,56.03,55.75,55.43,normal,overflow,False,0.0,0.126,0.874,0,0,0.57,6
25,2025-05-20,56.19,56.29,55.95,55.81,55.57,55.31,54.98,normal,overflow,False,0.0,0.126,0.874,0,0,0.57,6
25,2025-05-21,56.05,56.1,55.87,55.67,55.43,55.16,54.81,normal,overflow,False,0.0,0.136,0.864,0,0,0.29,10
25,2025-05-22,56.5,56.52,56.28,56.07,55.82,55.55,55.19,normal,overflow,False,0.0,0.137,0.863,0,0,0.29,10
25,2025-05-23,56.2,56.26,56.06,55.86,55.62,55.35,55.0,normal,overflow,False,0.0,0.143,0.857,0,0,0.29,10
25,2025-05-24,56.66,56.7,56.49,56.28,56.03,55.75,55.41,normal,overflow,False,0.0,0.137,0.863,0,0,0.29,10
25,2025-05-25,56.65,56.73,56.59,56.39,56.18,55.94,55.57,normal,overflow,False,0.0,0.141,0.859,0,0,0.29,10
25,2025-05-26,56.18,56.19,55.95,55.73,55.49,55.24,54.88,normal,overflow,False,0.0,0.147,0.853,0,0,0.29,10
25,2025-05-27,56.39,56.41,56.19,55.97,55.73,55.45,55.1,normal,overflow,False,0.0,0.154,0.846,0,0,0.29,10
25,2025-05-28,56.23,56.24,56.0,55.77,55.53,55.26,54.93,normal,overflow,False,0.0,0.152,0.848,0,0,0.29,10
25,2025-05-29,56.41,56.43,56.2,55.97,55.71,55.4,55.08,normal,overflow,False,0.0,0.162,0.838,0,0,0.29,10
25,2025-05-30,56.51,56.56,56.38,56.17,55.93,55.65,55.32,normal,overflow,False,0.0,0.165,0.835,0,0,0.29,10
25,2025-05-31,52.59,52.7,52.48,52.36,52.15,51.91,51.59,normal,overflow,False,0.0,0.144,0.856,0,0,0.57,6
25,2025-06-01,52.02,52.1,51.86,51.71,51.49,51.24,50.95,normal,overflow,False,0.0,0.145,0.855,0,0,0.57,6
25,2025-06-02,52.43,52.47,52.3,52.11,51.91,51.67,51.37,normal,overflow,False,0.0,0.142,0.858,0,0,0.29,10
25,2025-06-03,52.09,52.14,51.94,51.76,51.54,51.27,51.0,normal,overflow,False,0.0,0.148,0.851,0,0,0.29,10
25,2025-06-04,52.55,52.6,52.42,52.23,52.02,51.75,51.46,normal,overflow,False,0.0,0.146,0.854,0,0,0.29,10
25,2025-06-05,52.31,52.35,52.2,52.01,51.8,51.55,51.26,normal,overflow,False,0.0,0.142,0.858,0,0,0.29,10
25,2025-06-06,52.31,52.38,52.21,52.03,51.82,51.57,51.27,normal,overflow,False,0.0,0.141,0.859,0,0,0.29,10
25,2025-06-07,52.25,52.33,52.18,52.01,51.8,51.56,51.26,normal,overflow,False,0.0,0.138,0.862,0,0,0.29,10
25,2025-06-08,52.27,52.29,52.11,51.9,51.69,51.43,51.16,normal,overflow,False,0.0,0.13,0.87,0,0,0.29,10
25,2025-06-09,52.28,52.34,52.18,51.99,51.78,51.51,51.23,normal,overflow,False,0.0,0.123,0.876,0,0,0.29,10
25,2025-06-10,52.18,52.21,52.04,51.84,51.63,51.37,51.09,normal,overflow,False,0.0,0.116,0.884,0,0,0.29,10
25,2025-06-11,52.48,52.54,52.39,52.21,52.01,51.79,51.47,normal,overflow,False,0.0,0.105,0.895,0,0,0.29,10
25,2025-06-12,44.7,44.82,44.59,44.51,44.36,44.18,43.95,normal,overflow,False,0.0,0.103,0.897,0,0,0.57,6
25,2025-06-13,44.41,44.51,44.3,44.2,44.05,43.84,43.64,normal,overflow,False,0.0,0.104,0.896,0,0,0.57,6
25,2025-06-14,44.98,45.05,44.97,44.84,44.71,44.53,44.3,normal,overflow,False,0.0,0.101,0.899,0,0,0.29,10
25,2025-06-15,45.27,45.37,45.28,45.17,45.07,44.91,44.63,normal,overflow,False,0.0,0.088,0.912,0,0,0.29,10
25,2025-06-16,45.2,45.28,45.18,45.06,44.95,44.8,44.52,normal,overflow,False,0.0,0.082,0.918,0,0,0.29,10
25,2025-06-17,45.31,45.4,45.28,45.16,45.05,44.9,44.63,normal,overflow,False,0.0,0.084,0.916,0,0,0.29,10
25,2025-06-18,44.71,44.8,44.66,44.53,44.42,44.24,43.99,normal,overflow,False,0.0,0.089,0.911,0,0,0.29,10
25,2025-06-19,45.21,45.23,45.1,44.94,44.8,44.59,44.37,normal,overflow,False,0.0,0.095,0.905,0,0,0.29,10
25,2025-06-20,45.32,45.34,45.25,45.08,44.95,44.74,44.53,normal,overflow,False,0.0,0.096,0.904,0,0,0.29,10
25,2025-06-21,45.27,45.31,45.21,45.05,44.92,44.71,44.49,normal,overflow,False,0.0,0.101,0.899,0,0,0.29,10
25,2025-06-22,45.15,45.19,45.1,44.94,44.81,44.62,44.4,normal,overflow,False,0.0,0.103,0.897,0,0,0.29,10
25,2025-06-23,44.96,44.98,44.86,44.69,44.54,44.34,44.14,normal,overflow,False,0.0,0.113,0.887,0,0,0.29,10
25,2025-06-24,43.62,43.67,43.52,43.39,43.24,43.03,42.84,normal,overflow,False,0.0,0.118,0.882,0,0,0.57,6
25,2025-06-25,43.56,43.59,43.45,43.3,43.15,42.94,42.76,normal,overflow,False,0.0,0.118,0.882,0,0,0.57,6
25,2025-06-26,43.55,43.56,43.44,43.29,43.15,42.94,42.75,normal,overflow,False,0.0,0.118,0.882,0,0,0.29,10
25,2025-06-27,43.57,43.65,43.56,43.44,43.31,43.12,42.91,normal,overflow,False,0.0,0.116,0.884,0,0,0.29,10
25,2025-06-28,43.37,43.43,43.33,43.2,43.06,42.87,42.67,normal,overflow,False,0.0,0.121,0.879,0,0,0.29,10
25,2025-06-29,43.53,43.62,43.52,43.41,43.29,43.11,42.88,normal,overflow,False,0.0,0.116,0.884,0,0,0.29,10
25,2025-06-30,43.27,43.37,43.27,43.16,43.02,42.82,42.62,normal,overflow,False,0.0,0.122,0.878,0,0,0.29,10
25,2025-07-01,43.86,43.91,43.83,43.68,43.54,43.33,43.14,normal,overflow,False,0.0,0.11,0.89,0,0,0.29,10
25,2025-07-02,43.68,43.74,43.68,43.53,43.39,43.18,43.0,normal,overflow,False,0.0,0.113,0.887,0,0,0.29,10
25,2025-07-03,43.49,43.53,43.44,43.29,43.14,42.92,42.74,normal,overflow,False,0.0,0.11,0.89,0,0,0.29,10
25,2025-07-04,43.22,43.26,43.16,43.01,42.86,42.64,42.45,normal,overflow,False,0.0,0.115,0.885,0,0,0.29,10
25,2025-07-05,43.14,43.17,43.05,42.9,42.74,42.51,42.34,normal,overflow,False,0.0,0.111,0.889,0,0,0.29,10
25,2025-07-06,39.42,39.51,39.37,39.28,39.15,38.94,38.8,normal,overflow,False,0.0,0.115,0.885,0,0,0.57,6
25,2025-07-07,39.06,39.13,39.01,38.91,38.78,38.58,38.46,normal,overflow,False,0.0,0.11,0.89,0,0,0.57,6
25,2025-07-08,39.52,39.57,39.52,39.39,39.26,39.06,38.93,normal,overflow,False,0.0,0.115,0.885,0,0,0.29,10
25,2025-07-09,39.47,39.54,39.5,39.38,39.26,39.06,38.92,normal,overflow,False,0.0,0.115,0.885,0,0,0.29,10
25,2025-07-10,39.34,39.39,39.33,39.21,39.08,38.88,38.74,normal,overflow,False,0.0,0.118,0.882,0,0,0.29,10
25,2025-07-11,39.2,39.28,39.2,39.09,38.97,38.77,38.62,normal,overflow,False,0.0,0.122,0.878,0,0,0.29,10
25,2025-07-12,39.17,39.23,39.16,39.04,38.92,38.71,38.57,normal,overflow,False,0.0,0.123,0.877,0,0,0.29,10
25,2025-07-13,39.17,39.23,39.14,39.02,38.9,38.7,38.55,normal,overflow,False,0.0,0.123,0.877,0,0,0.29,10
25,2025-07-14,39.1,39.15,39.08,38.95,38.83,38.63,38.49,normal,overflow,False,0.0,0.122,0.878,0,0,0.29,10
25,2025-07-15,39.24,39.28,39.22,39.1,38.98,38.79,38.64,normal,overflow,False,0.0,0.121,0.879,0,0,0.29,10
25,2025-07-16,39.05,39.11,39.04,38.92,38.8,38.61,38.47,normal,overflow,False,0.0,0.124,0.876,0,0,0.29,10
25,2025-07-17,39.14,39.2,39.12,39.02,38.92,38.75,38.58,normal,overflow,False,0.0,0.114,0.886,0,0,0.29,10
25,2025-07-18,40.3,40.36,40.29,40.16,40.05,39.87,39.69,normal,overflow,False,0.0,0.118,0.882,0,0,0.57,6
25,2025-07-19,40.72,40.76,40.69,40.55,40.44,40.28,40.09,normal,overflow,False,0.0,0.114,0.886,0,0,0.57,6
25,2025-07-20,40.65,40.74,40.68,40.58,40.47,40.3,40.12,normal,overflow,False,0.0,0.114,0.886,0,0,0.29,10
25,2025-07-21,41.02,41.11,41.06,40.95,40.86,40.71,40.51,normal,overflow,False,0.0,0.109,0.891,0,0,0.29,10
25,2025-07-22,41.09,41.19,41.16,41.06,40.97,40.81,40.61,normal,overflow,False,0.0,0.109,0.891,0,0,0.29,10
25,2025-07-23,41.22,41.3,41.25,41.15,41.06,40.9,40.71,normal,overflow,False,0.0,0.103,0.897,0,0,0.29,10
25,2025-07-24,41.39,41.5,41.45,41.35,41.26,41.09,40.9,normal,overflow,False,0.0,0.096,0.904,0,0,0.29,10
25,2025-07-25,41.41,41.48,41.42,41.3,41.2,41.03,40.85,normal,overflow,False,0.0,0.089,0.911,0,0,0.29,10
25,2025-07-26,41.7,41.78,41.73,41.62,41.52,41.34,41.16,normal,overflow,False,0.0,0.086,0.914,0,0,0.29,10
25,2025-07-27,41.52,41.6,41.54,41.43,41.34,41.17,40.98,normal,overflow,False,0.0,0.08,0.92,0,0,0.29,10
25,2025-07-28,41.51,41.56,41.49,41.35,41.23,41.03,40.87,normal,overflow,False,0.0,0.085,0.915,0,0,0.29,10
25,2025-07-29,41.59,41.64,41.57,41.43,41.31,41.12,40.96,normal,overflow,False,0.0,0.088,0.912,0,0,0.29,10
25,2025-07-30,41.01,41.07,40.98,40.85,40.73,40.51,40.37,normal,overflow,False,0.0,0.091,0.909,0,0,0.57,6
25,2025-07-31,40.92,40.97,40.87,40.74,40.61,40.4,40.24,normal,overflow,False,0.0,0.093,0.907,0,0,0.57,6
25,2025-08-01,40.73,40.78,40.69,40.56,40.43,40.23,40.07,normal,overflow,False,0.0,0.094,0.906,0,0,0.29,10
25,2025-08-02,40.63,40.69,40.57,40.45,40.34,40.17,39.97,normal,overflow,False,0.0,0.093,0.907,0,0,0.29,10
25,2025-08-03,40.55,40.58,40.47,40.34,40.23,40.07,39.87,normal,overflow,False,0.0,0.093,0.907,0,0,0.29,10
25,2025-08-04,40.43,40.45,40.32,40.19,40.1,39.96,39.75,normal,overflow,False,0.0,0.093,0.907,0,0,0.29,10
25,2025-08-05,41.25,41.33,41.28,41.18,41.1,40.95,40.74,normal,overflow,False,0.0,0.094,0.906,0,0,0.29,10
25,2025-08-06,40.7,40.73,40.65,40.51,40.41,40.26,40.08,normal,overflow,False,0.0,0.098,0.902,0,0,0.29,10
25,2025-08-07,41.17,41.21,41.15,41.01,40.91,40.73,40.56,normal,overflow,False,0.0,0.101,0.899,0,0,0.29,10
25,2025-08-08,40.99,41.07,41.04,40.92,40.83,40.67,40.49,normal,overflow,False,0.0,0.103,0.897,0,0,0.29,10
25,2025-08-09,41.28,41.35,41.28,41.16,41.06,40.88,40.7,normal,overflow,False,0.0,0.1,0.9,0,0,0.29,10
25,2025-08-10,40.89,40.95,40.88,40.76,40.67,40.5,40.32,normal,overflow,False,0.0,0.101,0.899,0,0,0.29,10
25,2025-08-11,38.32,38.39,38.29,38.19,38.11,37.93,37.8,normal,overflow,False,0.0,0.1,0.9,0,0,0.57,6
25,2025-08-12,38.23,38.31,38.22,38.14,38.06,37.89,37.76,normal,overflow,False,0.0,0.098,0.902,0,0,0.57,6
25,2025-08-13,38.61,38.64,38.58,38.45,38.37,38.22,38.08,normal,overflow,False,0.0,0.093,0.907,0,0,0.29,10
25,2025-08-14,38.48,38.56,38.51,38.42,38.34,38.19,38.04,normal,overflow,False,0.0,0.091,0.909,0,0,0.29,10
25,2025-08-15,38.58,38.66,38.63,38.53,38.45,38.29,38.15,normal,overflow,False,0.0,0.086,0.914,0,0,0.29,10
25,2025-08-16,38.64,38.72,38.68,38.58,38.5,38.34,38.2,normal,overflow,False,0.0,0.082,0.918,0,0,0.29,10
25,2025-08-17,38.47,38.55,38.5,38.41,38.32,38.16,38.01,normal,overflow,False,0.0,0.077,0.923,0,0,0.29,10
25,2025-08-18,38.4,38.48,38.42,38.32,38.23,38.07,37.92,normal,overflow,False,0.0,0.074,0.926,0,0,0.29,10
25,2025-08-19,38.71,38.77,38.74,38.63,38.54,38.38,38.24,normal,overflow,False,0.0,0.072,0.928,0,0,0.29,10
25,2025-08-20,38.74,38.78,38.74,38.61,38.5,38.32,38.21,normal,overflow,False,0.0,0.076,0.924,0,0,0.29,10
25,2025-08-21,38.52,38.58,38.54,38.42,38.31,38.13,38.0,normal,overflow,False,0.0,0.078,0.922,0,0,0.29,10
25,2025-08-22,38.16,38.22,38.16,38.05,37.95,37.76,37.62,normal,overflow,False,0.0,0.082,0.918,0,0,0.29,10
25,2025-08-23,39.34,39.39,39.34,39.22,39.11,38.93,38.78,normal,overflow,False,0.0,0.077,0.923,0,0,0.57,6
25,2025-08-24,38.93,38.96,38.88,38.75,38.65,38.47,38.32,normal,overflow,False,0.0,0.08,0.92,0,0,0.57,6
25,2025-08-25,38.86,38.87,38.79,38.65,38.52,38.33,38.2,normal,overflow,False,0.0,0.084,0.916,0,0,0.29,10
25,2025-08-26,38.62,38.65,38.57,38.44,38.33,38.15,38.0,normal,overflow,False,0.0,0.089,0.911,0,0,0.29,10
25,2025-08-27,38.98,39.02,38.96,38.83,38.73,38.54,38.41,normal,overflow,False,0.0,0.084,0.916,0,0,0.29,10
25,2025-08-28,38.95,38.99,38.95,38.83,38.73,38.56,38.42,normal,overflow,False,0.0,0.086,0.914,0,0,0.29,10
25,2025-08-29,38.76,38.82,38.78,38.66,38.56,38.39,38.25,normal,overflow,False,0.0,0.085,0.915,0,0,0.29,10
25,2025-08-30,38.59,38.65,38.6,38.49,38.38,38.2,38.07,normal,overflow,False,0.0,0.09,0.91,0,0,0.29,10
25,2025-08-31,38.92,38.98,38.93,38.81,38.71,38.54,38.4,normal,overflow,False,0.0,0.08,0.92,0,0,0.29,10
26,2025-03-01,69.46,69.48,69.21,68.94,68.62,68.32,67.8,normal,overflow,False,0.0,0.122,0.877,0,0,0.29,10
26,2025-03-02,69.71,69.72,69.44,69.17,68.84,68.53,68.0,normal,overflow,False,0.0,0.121,0.879,0,0,0.29,10
26,2025-03-03,69.75,69.77,69.51,69.24,68.91,68.6,68.09,normal,overflow,False,0.0,0.119,0.881,0,0,0.29,10
26,2025-03-04,69.64,69.65,69.37,69.09,68.75,68.41,67.92,normal,overflow,False,0.0,0.122,0.878,0,0,0.29,10
26,2025-03-05,69.56,69.57,69.3,69.02,68.68,68.33,67.85,normal,overflow,False,0.0,0.124,0.876,0,0,0.29,10
26,2025-03-06,69.32,69.3,69.0,68.7,68.36,68.01,67.55,normal,overflow,False,0.0,0.121,0.879,0,0,0.29,10
26,2025-03-07,69.23,69.21,68.9,68.6,68.26,67.9,67.45,normal,overflow,False,0.0,0.122,0.878,0,0,0.29,10
26,2025-03-08,71.36,71.3,71.01,70.66,70.31,69.95,69.47,normal,overflow,False,0.0,0.12,0.88,0,0,0.57,6
26,2025-03-09,71.41,71.36,71.07,70.74,70.38,70.03,69.55,normal,overflow,False,0.0,0.122,0.878,0,0,0.57,6
26,2025-03-10,71.18,71.18,70.88,70.58,70.23,69.87,69.4,normal,overflow,False,0.0,0.121,0.879,0,0,0.29,10
26,2025-03-11,71.6,71.66,71.39,71.14,70.81,70.5,69.96,normal,overflow,False,0.0,0.121,0.879,0,0,0.29,10
26,2025-03-12,72.39,72.51,72.31,72.09,71.79,71.53,70.93,normal,overflow,False,0.0,0.115,0.885,0,0,0.29,10
26,2025-03-13,72.27,72.33,72.11,71.84,71.51,71.2,70.66,normal,overflow,False,0.0,0.12,0.88,0,0,0.29,10
26,2025-03-14,72.24,72.27,72.04,71.75,71.41,71.06,70.54,normal,overflow,False,0.0,0.123,0.877,0,0,0.29,10
26,2025-03-15,71.68,71.7,71.39,71.1,70.74,70.36,69.86,normal,overflow,False,0.0,0.123,0.877,0,0,0.29,10
26,2025-03-16,72.38,72.4,72.08,71.81,71.44,71.07,70.55,normal,overflow,False,0.0,0.111,0.889,0,0,0.29,10
26,2025-03-17,72.01,72.08,71.77,71.53,71.19,70.86,70.31,normal,overflow,False,0.0,0.108,0.892,0,0,0.29,10
26,2025-03-18,72.42,72.49,72.21,71.95,71.6,71.27,70.74,normal,overflow,False,0.0,0.105,0.895,0,0,0.29,10
26,2025-03-19,71.67,71.65,71.35,71.02,70.66,70.31,69.81,normal,overflow,False,0.0,0.115,0.885,0,0,0.29,10
26,2025-03-20,72.27,72.21,71.91,71.58,71.22,70.88,70.37,normal,overflow,False,0.0,0.107,0.893,0,0,0.57,6
26,2025-03-21,71.67,71.63,71.3,70.98,70.61,70.25,69.75,normal,overflow,False,0.0,0.113,0.887,0,0,0.57,6
26,2025-03-22,72.15,72.13,71.79,71.45,71.08,70.7,70.21,normal,overflow,False,0.0,0.111,0.889,0,0,0.29,10
26,2025-03-23,71.67,71.72,71.44,71.17,70.82,70.47,69.96,normal,overflow,False,0.0,0.12,0.88,0,0,0.29,10
26,2025-03-24,71.52,71.54,71.2,70.92,70.55,70.16,69.68,normal,overflow,False,0.0,0.118,0.882,0,0,0.29,10
26,2025-03-25,71.35,71.36,71.04,70.75,70.39,70.02,69.53,normal,overflow,False,0.0,0.117,0.883,0,0,0.29,10
26,2025-03-26,71.15,71.14,70.79,70.49,70.11,69.75,69.26,normal,overflow,False,0.0,0.109,0.891,0,0,0.29,10
26,2025-03-27,71.13,71.13,70.78,70.48,70.1,69.73,69.24,normal,overflow,False,0.0,0.113,0.887,0,0,0.29,10
26,2025-03-28,71.1,71.1,70.78,70.48,70.12,69.76,69.27,normal,overflow,False,0.0,0.111,0.889,0,0,0.29,10
26,2025-03-29,70.86,70.89,70.56,70.28,69.91,69.54,69.06,normal,overflow,False,0.0,0.119,0.88,0,0,0.29,10
26,2025-03-30,71.07,71.09,70.79,70.5,70.14,69.76,69.29,normal,overflow,False,0.0,0.112,0.888,0,0,0.29,10
26,2025-03-31,70.94,70.94,70.64,70.34,69.97,69.6,69.13,normal,overflow,False,0.0,0.111,0.889,0,0,0.29,10
26,2025-04-01,68.12,68.15,67.82,67.56,67.2,66.83,66.39,normal,overflow,False,0.0,0.111,0.889,0,0,0.57,6
26,2025-04-02,68.04,68.1,67.79,67.55,67.22,66.89,66.41,normal,overflow,False,0.0,0.108,0.892,0,0,0.57,6
26,2025-04-03,68.04,68.08,67.8,67.55,67.22,66.9,66.41,normal,overflow,False,0.0,0.105,0.895,0,0,0.29,10
26,2025-04-04,69.16,69.23,69.02,68.79,68.49,68.2,67.67,normal,overflow,False,0.0,0.1,0.9,0,0,0.29,10
26,2025-04-05,69.7,69.78,69.62,69.39,69.11,68.83,68.29,normal,overflow,False,0.0,0.098,0.902,0,0,0.29,10
26,2025-04-06,69.08,69.07,68.8,68.51,68.18,67.85,67.35,normal,overflow,False,0.0,0.099,0.901,0,0,0.29,10
26,2025-04-07,70.09,70.13,69.96,69.68,69.37,69.06,68.54,normal,overflow,False,0.0,0.098,0.902,0,0,0.29,10
26,2025-04-08,69.22,69.23,68.93,68.66,68.31,67.97,67.49,normal,overflow,False,0.0,0.099,0.901,0,0,0.29,10
26,2025-04-09,69.5,69.5,69.15,68.85,68.49,68.11,67.64,normal,overflow,False,0.0,0.104,0.896,0,0,0.29,10
26,2025-04-10,68.56,68.58,68.28,68.0,67.66,67.31,66.85,normal,overflow,False,0.0,0.104,0.896,0,0,0.29,10
26,2025-04-11,68.82,68.82,68.46,68.19,67.84,67.5,67.02,normal,overflow,False,0.0,0.099,0.901,0,0,0.29,10
26,2025-04-12,68.25,68.22,67.88,67.58,67.24,66.91,66.44,normal,overflow,False,0.0,0.104,0.896,0,0,0.29,10
26,2025-04-13,73.44,73.36,73.09,72.7,72.34,72.0,71.5,normal,overflow,False,0.0,0.11,0.89,0,0,0.57,6
26,2025-04-14,73.69,73.67,73.42,73.08,72.72,72.37,71.84,normal,overflow,False,0.0,0.119,0.881,0,0,0.57,6
26,2025-04-15,73.74,73.75,73.45,73.14,72.77,72.42,71.89,normal,overflow,False,0.0,0.117,0.883,0,0,0.29,10
26,2025-04-16,73.55,73.59,73.3,73.01,72.64,72.28,71.75,normal,overflow,False,0.0,0.122,0.878,0,0,0.29,10
26,2025-04-17,73.83,73.89,73.6,73.32,72.95,72.58,72.06,normal,overflow,False,0.0,0.118,0.882,0,0,0.29,10
26,2025-04-18,73.38,73.4,73.08,72.78,72.4,72.02,71.5,normal,overflow,False,0.0,0.124,0.876,0,0,0.29,10
26,2025-04-19,73.63,73.65,73.31,73.01,72.63,72.24,71.72,normal,overflow,False,0.0,0.121,0.879,0,0,0.29,10
26,2025-04-20,73.37,73.39,73.06,72.76,72.38,71.99,71.48,normal,overflow,False,0.0,0.125,0.875,0,0,0.29,10
26,2025-04-21,73.4,73.4,73.05,72.74,72.35,71.95,71.45,normal,overflow,False,0.0,0.128,0.872,0,0,0.29,10
26,2025-04-22,73.23,73.22,72.89,72.58,72.2,71.83,71.31,normal,overflow,False,0.0,0.128,0.872,0,0,0.29,10
26,2025-04-23,73.48,73.48,73.16,72.85,72.47,72.11,71.58,normal,overflow,False,0.0,0.124,0.876,0,0,0.29,10
26,2025-04-24,73.32,73.32,72.99,72.69,72.31,71.95,71.42,normal,overflow,False,0.0,0.122,0.878,0,0,0.29,10
26,2025-04-25,74.35,74.33,74.0,73.68,73.29,72.92,72.38,normal,overflow,False,0.0,0.121,0.879,0,0,0.57,6
26,2025-04-26,74.75,74.77,74.47,74.16,73.79,73.42,72.87,normal,overflow,False,0.0,0.122,0.878,0,0,0.57,6
26,2025-04-27,74.48,74.48,74.14,73.83,73.45,73.07,72.53,normal,overflow,False,0.0,0.119,0.881,0,0,0.29,10
26,2025-04-28,75.14,75.17,74.88,74.58,74.21,73.85,73.29,overflow,overflow,True,0.0,0.115,0.885,0,2,0.29,10
26,2025-04-29,74.94,74.97,74.69,74.39,74.02,73.67,73.11,normal,overflow,False,0.0,0.115,0.885,0,0,0.29,10
26,2025-04-30,75.61,75.64,75.36,75.06,74.69,74.34,73.77,overflow,overflow,True,0.0,0.113,0.887,0,4,0.29,10
26,2025-05-01,75.25,75.27,74.99,74.69,74.32,73.99,73.41,overflow,overflow,True,0.0,0.111,0.889,0,2,0.29,10
26,2025-05-02,75.21,75.2,74.84,74.51,74.1,73.71,73.17,overflow,overflow,True,0.0,0.118,0.882,0,2,0.29,10
26,2025-05-03,74.97,74.97,74.63,74.31,73.91,73.52,72.99,normal,overflow,False,0.0,0.119,0.881,0,0,0.29,10
26,2025-05-04,74.64,74.64,74.25,73.93,73.52,73.11,72.6,normal,overflow,False,0.0,0.121,0.879,0,0,0.29,10
26,2025-05-05,74.67,74.68,74.31,73.99,73.58,73.16,72.66,normal,overflow,False,0.0,0.127,0.873,0,0,0.29,10
26,2025-05-06,75.12,75.15,74.85,74.54,74.16,73.79,73.26,overflow,overflow,True,0.0,0.127,0.873,0,2,0.29,10
26,2025-05-07,73.61,73.65,73.34,73.04,72.67,72.31,71.79,normal,overflow,False,0.0,0.129,0.871,0,0,0.57,6
26,2025-05-08,73.42,73.43,73.11,72.8,72.43,72.08,71.55,normal,overflow,False,0.0,0.125,0.875,0,0,0.57,6
26,2025-05-09,72.95,72.93,72.58,72.26,71.87,71.5,70.99,normal,overflow,False,0.0,0.128,0.872,0,0,0.29,10
26,2025-05-10,73.1,73.11,72.72,72.41,72.01,71.61,71.11,normal,overflow,False,0.0,0.131,0.869,0,0,0.29,10
26,2025-05-11,72.92,72.93,72.57,72.27,71.88,71.47,70.99,normal,overflow,False,0.0,0.135,0.865,0,0,0.29,10
26,2025-05-12,72.93,72.94,72.6,72.29,71.9,71.5,71.01,normal,overflow,False,0.0,0.138,0.862,0,0,0.29,10
26,2025-05-13,72.73,72.75,72.44,72.13,71.75,71.36,70.87,normal,overflow,False,0.0,0.141,0.859,0,0,0.29,10
26,2025-05-14,72.51,72.5,72.16,71.83,71.44,71.06,70.57,normal,overflow,False,0.0,0.139,0.861,0,0,0.29,10
26,2025-05-15,72.59,72.57,72.23,71.91,71.51,71.14,70.64,normal,overflow,False,0.0,0.138,0.861,0,0,0.29,10
26,2025-05-16,72.55,72.55,72.21,71.9,71.51,71.12,70.63,normal,overflow,False,0.0,0.142,0.858,0,0,0.29,10
26,2025-05-17,72.58,72.58,72.24,71.93,71.54,71.16,70.65,normal,overflow,False,0.0,0.144,0.856,0,0,0.29,10
26,2025-05-18,72.37,72.38,72.04,71.77,71.4,71.07,70.51,normal,overflow,False,0.0,0.137,0.862,0,0,0.29,10
26,2025-05-19,64.78,64.84,64.43,64.23,63.9,63.57,63.15,normal,overflow,False,0.0,0.139,0.861,0,0,0.57,6
26,2025-05-20,64.26,64.3,63.9,63.69,63.37,63.06,62.63,normal,overflow,False,0.0,0.141,0.859,0,0,0.57,6
26,2025-05-21,64.29,64.29,63.98,63.72,63.39,63.06,62.63,normal,overflow,False,0.0,0.149,0.851,0,0,0.29,10
26,2025-05-22,64.61,64.61,64.3,64.05,63.73,63.41,62.96,normal,overflow,False,0.0,0.151,0.848,0,0,0.29,10
26,2025-05-23,64.64,64.68,64.43,64.18,63.88,63.55,63.11,normal,overflow,False,0.0,0.158,0.842,0,0,0.29,10
26,2025-05-24,65.0,65.03,64.79,64.52,64.22,63.89,63.47,normal,overflow,False,0.0,0.156,0.844,0,0,0.29,10
26,2025-05-25,64.91,64.95,64.73,64.48,64.19,63.9,63.44,normal,overflow,False,0.0,0.157,0.842,0,0,0.29,10
26,2025-05-26,64.52,64.53,64.23,63.96,63.65,63.34,62.89,normal,overflow,False,0.0,0.169,0.831,0,0,0.29,10
26,2025-05-27,64.72,64.71,64.41,64.15,63.82,63.49,63.05,normal,overflow,False,0.0,0.173,0.827,0,0,0.29,10
26,2025-05-28,64.66,64.67,64.37,64.11,63.8,63.46,63.03,normal,overflow,False,0.0,0.173,0.827,0,0,0.29,10
26,2025-05-29,64.95,64.95,64.66,64.39,64.06,63.7,63.29,normal,overflow,False,0.0,0.179,0.821,0,0,0.29,10
26,2025-05-30,64.98,64.99,64.74,64.47,64.15,63.81,63.4,normal,overflow,False,0.0,0.182,0.818,0,0,0.29,10
26,2025-05-31,71.49,71.46,71.25,70.92,70.59,70.26,69.73,normal,overflow,False,0.0,0.157,0.843,0,0,0.57,6
26,2025-06-01,71.85,71.79,71.54,71.18,70.82,70.48,69.96,normal,overflow,False,0.0,0.162,0.837,0,0,0.57,6
26,2025-06-02,71.89,71.9,71.59,71.29,70.92,70.56,70.05,normal,overflow,False,0.0,0.157,0.843,0,0,0.29,10
26,2025-06-03,71.31,71.32,70.98,70.68,70.3,69.91,69.43,normal,overflow,False,0.0,0.162,0.838,0,0,0.29,10
26,2025-06-04,71.92,71.92,71.59,71.28,70.91,70.52,70.02,normal,overflow,False,0.0,0.159,0.841,0,0,0.29,10
26,2025-06-05,71.44,71.45,71.14,70.84,70.47,70.1,69.61,normal,overflow,False,0.0,0.153,0.847,0,0,0.29,10
26,2025-06-06,71.64,71.65,71.3,71.0,70.62,70.24,69.75,normal,overflow,False,0.0,0.152,0.848,0,0,0.29,10
26,2025-06-07,71.4,71.42,71.11,70.81,70.44,70.06,69.58,normal,overflow,False,0.0,0.149,0.851,0,0,0.29,10
26,2025-06-08,71.52,71.5,71.16,70.85,70.46,70.08,69.61,normal,overflow,False,0.0,0.141,0.859,0,0,0.29,10
26,2025-06-09,71.43,71.43,71.11,70.81,70.43,70.04,69.57,normal,overflow,False,0.0,0.133,0.867,0,0,0.29,10
26,2025-06-10,71.42,71.42,71.09,70.78,70.4,70.02,69.54,normal,overflow,False,0.0,0.127,0.873,0,0,0.29,10
26,2025-06-11,71.56,71.59,71.28,71.0,70.64,70.3,69.78,normal,overflow,False,0.0,0.116,0.884,0,0,0.29,10
26,2025-06-12,71.48,71.53,71.23,70.96,70.61,70.29,69.76,normal,overflow,False,0.0,0.115,0.885,0,0,0.57,6
26,2025-06-13,71.69,71.72,71.42,71.13,70.77,70.41,69.91,normal,overflow,False,0.0,0.115,0.885,0,0,0.57,6
26,2025-06-14,71.58,71.61,71.31,71.02,70.66,70.31,69.81,normal,overflow,False,0.0,0.114,0.886,0,0,0.29,10
26,2025-06-15,71.77,71.81,71.51,71.25,70.9,70.57,70.03,normal,overflow,False,0.0,0.101,0.899,0,0,0.29,10
26,2025-06-16,72.07,72.11,71.82,71.56,71.22,70.91,70.35,normal,overflow,False,0.0,0.098,0.902,0,0,0.29,10
26,2025-06-17,71.92,71.97,71.66,71.4,71.04,70.72,70.17,normal,overflow,False,0.0,0.104,0.896,0,0,0.29,10
26,2025-06-18,71.78,71.83,71.52,71.25,70.89,70.55,70.02,normal,overflow,False,0.0,0.113,0.887,0,0,0.29,10
26,2025-06-19,71.95,71.96,71.66,71.36,70.99,70.61,70.11,normal,overflow,False,0.0,0.12,0.88,0,0,0.29,10
26,2025-06-20,72.15,72.14,71.84,71.52,71.15,70.76,70.27,normal,overflow,False,0.0,0.124,0.876,0,0,0.29,10
26,2025-06-21,71.99,72.0,71.7,71.4,71.03,70.65,70.16,normal,overflow,False,0.0,0.129,0.871,0,0,0.29,10
26,2025-06-22,71.91,71.93,71.62,71.32,70.95,70.59,70.09,normal,overflow,False,0.0,0.132,0.868,0,0,0.29,10
26,2025-06-23,71.67,71.67,71.33,71.02,70.64,70.26,69.78,normal,overflow,False,0.0,0.141,0.859,0,0,0.29,10
26,2025-06-24,75.98,75.93,75.62,75.25,74.85,74.46,73.92,overflow,overflow,True,0.0,0.145,0.855,0,4,0.57,6
26,2025-06-25,76.14,76.09,75.78,75.41,75.01,74.61,74.08,overflow,overflow,True,0.0,0.14,0.86,0,5,0.57,6
26,2025-06-26,76.11,76.09,75.73,75.39,74.98,74.57,74.05,overflow,overflow,True,0.0,0.138,0.862,0,4,0.29,10
26,2025-06-27,75.93,75.93,75.58,75.26,74.86,74.47,73.93,overflow,overflow,True,0.0,0.137,0.863,0,4,0.29,10
26,2025-06-28,75.92,75.92,75.56,75.23,74.82,74.43,73.9,overflow,overflow,True,0.0,0.135,0.865,0,4,0.29,10
26,2025-06-29,76.05,76.06,75.73,75.41,75.01,74.64,74.08,overflow,overflow,True,0.0,0.131,0.869,0,5,0.29,10
26,2025-06-30,75.81,75.82,75.46,75.13,74.73,74.33,73.79,overflow,overflow,True,0.0,0.129,0.87,0,4,0.29,10
26,2025-07-01,76.16,76.15,75.82,75.48,75.06,74.65,74.13,overflow,overflow,True,0.0,0.119,0.881,0,5,0.29,10
26,2025-07-02,75.97,75.96,75.64,75.29,74.88,74.47,73.96,overflow,overflow,True,0.0,0.12,0.88,0,4,0.29,10
26,2025-07-03,75.94,75.92,75.56,75.21,74.79,74.37,73.86,overflow,overflow,True,0.0,0.118,0.882,0,4,0.29,10
26,2025-07-04,75.78,75.76,75.41,75.06,74.65,74.24,73.72,overflow,overflow,True,0.0,0.118,0.882,0,4,0.29,10
26,2025-07-05,75.77,75.76,75.4,75.05,74.63,74.21,73.71,overflow,overflow,True,0.0,0.116,0.884,0,4,0.29,10
26,2025-07-06,80.33,80.28,79.96,79.56,79.12,78.7,78.13,overflow,overflow,True,0.0,0.118,0.882,0,7,0.57,6
26,2025-07-07,80.51,80.44,80.11,79.69,79.26,78.83,78.28,overflow,overflow,True,0.0,0.115,0.885,0,7,0.57,6
26,2025-07-08,80.54,80.51,80.13,79.74,79.29,78.84,78.3,overflow,overflow,True,0.0,0.117,0.883,0,7,0.29,10
26,2025-07-09,80.41,80.39,80.02,79.63,79.18,78.73,78.19,overflow,overflow,True,0.0,0.116,0.884,0,7,0.29,10
26,2025-07-10,80.26,80.24,79.83,79.45,78.99,78.54,77.99,overflow,overflow,True,0.0,0.117,0.883,0,7,0.29,10
26,2025-07-11,80.43,80.42,80.03,79.66,79.21,78.78,78.21,overflow,overflow,True,0.0,0.119,0.881,0,7,0.29,10
26,2025-07-12,80.42,80.41,80.02,79.65,79.2,78.76,78.21,overflow,overflow,True,0.0,0.119,0.881,0,7,0.29,10
26,2025-07-13,80.6,80.58,80.21,79.83,79.38,78.94,78.38,overflow,overflow,True,0.0,0.12,0.88,0,7,0.29,10
26,2025-07-14,80.27,80.23,79.86,79.47,79.02,78.58,78.03,overflow,overflow,True,0.0,0.119,0.881,0,7,0.29,10
26,2025-07-15,80.44,80.4,80.0,79.62,79.16,78.72,78.16,overflow,overflow,True,0.0,0.12,0.88,0,7,0.29,10
26,2025-07-16,80.25,80.22,79.83,79.44,78.99,78.54,78.0,overflow,overflow,True,0.0,0.121,0.879,0,7,0.29,10
26,2025-07-17,80.34,80.32,79.92,79.56,79.11,78.69,78.12,overflow,overflow,True,0.0,0.116,0.884,0,7,0.29,10
26,2025-07-18,82.51,82.49,82.12,81.73,81.28,80.85,80.25,overflow,overflow,True,0.0,0.121,0.879,0,7,0.57,6
26,2025-07-19,83.01,82.98,82.62,82.22,81.77,81.35,80.74,overflow,overflow,True,0.0,0.12,0.88,0,7,0.57,6
26,2025-07-20,82.85,82.84,82.48,82.1,81.64,81.21,80.62,overflow,overflow,True,0.0,0.119,0.881,0,7,0.29,10
26,2025-07-21,83.1,83.08,82.72,82.35,81.9,81.49,80.87,overflow,overflow,True,0.0,0.115,0.885,0,7,0.29,10
26,2025-07-22,83.11,83.11,82.74,82.37,81.92,81.5,80.89,overflow,overflow,True,0.0,0.117,0.883,0,7,0.29,10
26,2025-07-23,83.25,83.25,82.88,82.51,82.05,81.62,81.02,overflow,overflow,True,0.0,0.115,0.885,0,7,0.29,10
26,2025-07-24,83.21,83.22,82.86,82.49,82.04,81.61,81.01,overflow,overflow,True,0.0,0.11,0.89,0,7,0.29,10
26,2025-07-25,83.44,83.44,83.08,82.7,82.25,81.82,81.22,overflow,overflow,True,0.0,0.104,0.896,0,7,0.29,10
26,2025-07-26,83.49,83.49,83.13,82.75,82.3,81.87,81.27,overflow,overflow,True,0.0,0.102,0.898,0,7,0.29,10
26,2025-07-27,83.46,83.46,83.1,82.73,82.28,81.86,81.25,overflow,overflow,True,0.0,0.099,0.901,0,7,0.29,10
26,2025-07-28,83.49,83.48,83.11,82.72,82.26,81.82,81.23,overflow,overflow,True,0.0,0.104,0.896,0,7,0.29,10
26,2025-07-29,83.69,83.68,83.31,82.92,82.45,82.01,81.42,overflow,overflow,True,0.0,0.108,0.892,0,7,0.29,10
26,2025-07-30,85.52,85.5,85.12,84.71,84.23,83.77,83.16,overflow,overflow,True,0.0,0.11,0.89,0,7,0.57,6
26,2025-07-31,85.76,85.73,85.35,84.93,84.45,83.99,83.38,overflow,overflow,True,0.0,0.112,0.888,0,7,0.57,6
26,2025-08-01,85.53,85.5,85.09,84.68,84.2,83.74,83.13,overflow,overflow,True,0.0,0.11,0.89,0,7,0.29,10
26,2025-08-02,85.64,85.61,85.18,84.79,84.31,83.88,83.24,overflow,overflow,True,0.0,0.11,0.89,0,7,0.29,10
26,2025-08-03,85.36,85.33,84.89,84.51,84.02,83.59,82.95,overflow,overflow,True,0.0,0.111,0.889,0,7,0.29,10
26,2025-08-04,85.36,85.33,84.89,84.5,84.02,83.6,82.95,overflow,overflow,True,0.0,0.11,0.89,0,7,0.29,10
26,2025-08-05,85.81,85.81,85.43,85.06,84.59,84.17,83.52,overflow,overflow,True,0.0,0.11,0.89,0,7,0.29,10
26,2025-08-06,85.59,85.56,85.17,84.77,84.29,83.86,83.23,overflow,overflow,True,0.0,0.113,0.887,0,7,0.29,10
26,2025-08-07,85.71,85.68,85.31,84.9,84.42,83.97,83.36,overflow,overflow,True,0.0,0.117,0.883,0,7,0.29,10
26,2025-08-08,85.53,85.52,85.16,84.76,84.28,83.84,83.23,overflow,overflow,True,0.0,0.119,0.881,0,7,0.29,10
26,2025-08-09,85.67,85.65,85.26,84.86,84.38,83.93,83.31,overflow,overflow,True,0.0,0.116,0.884,0,7,0.29,10
26,2025-08-10,85.38,85.37,84.98,84.59,84.11,83.67,83.06,overflow,overflow,True,0.0,0.12,0.88,0,7,0.29,10
26,2025-08-11,81.46,81.49,81.07,80.72,80.27,79.82,79.27,overflow,overflow,True,0.0,0.122,0.878,0,7,0.57,6
26,2025-08-12,81.04,81.07,80.66,80.32,79.88,79.43,78.89,overflow,overflow,True,0.0,0.121,0.879,0,7,0.57,6
26,2025-08-13,81.1,81.08,80.71,80.35,79.91,79.49,78.92,overflow,overflow,True,0.0,0.116,0.884,0,7,0.29,10
26,2025-08-14,81.24,81.25,80.9,80.55,80.12,79.71,79.12,overflow,overflow,True,0.0,0.116,0.884,0,7,0.29,10
26,2025-08-15,81.22,81.24,80.88,80.53,80.09,79.67,79.1,overflow,overflow,True,0.0,0.11,0.89,0,7,0.29,10
26,2025-08-16,81.28,81.29,80.94,80.58,80.14,79.73,79.15,overflow,overflow,True,0.0,0.105,0.895,0,7,0.29,10
26,2025-08-17,81.27,81.29,80.94,80.58,80.15,79.73,79.15,overflow,overflow,True,0.0,0.099,0.901,0,7,0.29,10
26,2025-08-18,81.36,81.37,81.0,80.65,80.21,79.79,79.2,overflow,overflow,True,0.0,0.097,0.903,0,7,0.29,10
26,2025-08-19,81.28,81.28,80.92,80.55,80.11,79.68,79.12,overflow,overflow,True,0.0,0.094,0.906,0,7,0.29,10
26,2025-08-20,81.29,81.26,80.89,80.51,80.06,79.6,79.06,overflow,overflow,True,0.0,0.098,0.902,0,7,0.29,10
26,2025-08-21,81.29,81.27,80.9,80.52,80.07,79.63,79.06,overflow,overflow,True,0.0,0.098,0.902,0,7,0.29,10
26,2025-08-22,81.0,80.98,80.59,80.21,79.75,79.31,78.74,overflow,overflow,True,0.0,0.102,0.898,0,7,0.29,10
26,2025-08-23,83.8,83.78,83.45,83.06,82.61,82.19,81.57,overflow,overflow,True,0.0,0.096,0.904,0,7,0.57,6
26,2025-08-24,83.64,83.61,83.26,82.87,82.42,82.0,81.38,overflow,overflow,True,0.0,0.096,0.904,0,7,0.57,6
26,2025-08-25,83.52,83.46,83.05,82.64,82.16,81.7,81.12,overflow,overflow,True,0.0,0.098,0.902,0,7,0.29,10
26,2025-08-26,83.32,83.28,82.87,82.47,82.0,81.55,80.96,overflow,overflow,True,0.0,0.103,0.897,0,7,0.29,10
26,2025-08-27,83.17,83.13,82.69,82.29,81.82,81.35,80.78,overflow,overflow,True,0.0,0.095,0.905,0,7,0.29,10
26,2025-08-28,83.29,83.25,82.85,82.45,81.98,81.52,80.95,overflow,overflow,True,0.0,0.096,0.904,0,7,0.29,10
26,2025-08-29,83.14,83.13,82.74,82.36,81.9,81.46,80.89,overflow,overflow,True,0.0,0.095,0.905,0,7,0.29,10
26,2025-08-30,82.98,82.96,82.57,82.18,81.71,81.27,80.69,overflow,overflow,True,0.0,0.099,0.901,0,7,0.29,10
26,2025-08-31,83.34,83.33,82.98,82.6,82.15,81.74,81.14,overflow,overflow,True,0.0,0.091,0.909,0,7,0.29,10
27,2025-03-01,63.01,62.89,62.58,62.3,62.01,61.76,61.32,normal,normal,True,0.368,0.611,0.021,0,0,0.29,10
27,2025-03-02,63.69,63.59,63.33,63.05,62.77,62.53,62.07,normal,normal,True,0.434,0.543,0.023,0,0,0.29,10
27,2025-03-03,63.39,63.29,63.0,62.72,62.43,62.17,61.74,normal,normal,True,0.439,0.538,0.022,0,0,0.29,10
27,2025-03-04,63.43,63.32,63.0,62.72,62.42,62.13,61.71,normal,normal,True,0.401,0.574,0.025,0,0,0.29,10
27,2025-03-05,63.26,63.16,62.89,62.6,62.32,62.03,61.62,normal,normal,True,0.396,0.576,0.028,0,0,0.29,10
27,2025-03-06,63.26,63.13,62.81,62.51,62.21,61.91,61.52,normal,normal,True,0.436,0.536,0.028,0,0,0.29,10
27,2025-03-07,63.16,63.04,62.73,62.44,62.14,61.85,61.46,normal,normal,True,0.427,0.546,0.027,0,0,0.29,10
27,2025-03-08,62.7,62.59,62.27,61.98,61.68,61.39,61.01,normal,normal,True,0.407,0.564,0.029,0,0,0.57,6
27,2025-03-09,62.49,62.39,62.07,61.79,61.49,61.2,60.82,normal,normal,True,0.427,0.543,0.03,0,0,0.57,6
27,2025-03-10,62.46,62.35,62.03,61.75,61.46,61.17,60.79,normal,normal,True,0.448,0.523,0.028,0,0,0.29,10
27,2025-03-11,62.84,62.79,62.5,62.26,61.99,61.75,61.3,normal,drought,False,0.495,0.48,0.026,0,0,0.29,10
27,2025-03-12,63.53,63.54,63.36,63.14,62.9,62.71,62.21,normal,normal,True,0.446,0.514,0.04,0,0,0.29,10
27,2025-03-13,63.06,63.01,62.75,62.5,62.21,61.96,61.52,normal,normal,True,0.433,0.537,0.03,0,0,0.29,10
27,2025-03-14,63.36,63.31,63.06,62.81,62.51,62.23,61.8,normal,normal,True,0.419,0.551,0.029,0,0,0.29,10
27,2025-03-15,62.54,62.46,62.14,61.88,61.57,61.26,60.86,normal,normal,True,0.443,0.525,0.032,0,0,0.29,10
27,2025-03-16,63.33,63.24,62.9,62.63,62.32,62.01,61.6,normal,normal,True,0.44,0.524,0.036,0,0,0.29,10
27,2025-03-17,63.18,63.15,62.89,62.66,62.38,62.14,61.69,normal,normal,True,0.453,0.518,0.028,0,0,0.29,10
27,2025-03-18,63.14,63.07,62.75,62.49,62.2,61.92,61.51,normal,normal,True,0.38,0.594,0.025,0,0,0.29,10
27,2025-03-19,63.06,62.96,62.69,62.4,62.11,61.83,61.43,normal,normal,True,0.465,0.504,0.031,0,0,0.29,10
27,2025-03-20,62.82,62.72,62.44,62.16,61.88,61.61,61.21,normal,normal,True,0.429,0.541,0.03,0,0,0.57,6
27,2025-03-21,62.51,62.37,62.03,61.73,61.42,61.12,60.72,normal,normal,True,0.428,0.536,0.036,0,0,0.57,6
27,2025-03-22,63.13,63.03,62.74,62.44,62.14,61.85,61.45,normal,normal,True,0.357,0.614,0.029,0,0,0.29,10
27,2025-03-23,62.67,62.63,62.34,62.1,61.8,61.51,61.1,normal,drought,False,0.514,0.447,0.039,0,0,0.29,10
27,2025-03-24,62.59,62.54,62.21,61.96,61.66,61.34,60.94,normal,normal,True,0.418,0.538,0.045,0,0,0.29,10
27,2025-03-25,62.51,62.41,62.12,61.85,61.55,61.26,60.87,normal,drought,False,0.524,0.416,0.06,0,0,0.29,10
27,2025-03-26,62.19,62.06,61.69,61.41,61.1,60.79,60.4,normal,drought,False,0.51,0.453,0.037,0,0,0.29,10
27,2025-03-27,62.14,62.01,61.66,61.36,61.04,60.73,60.35,normal,drought,False,0.564,0.383,0.053,0,0,0.29,10
27,2025-03-28,62.16,62.04,61.7,61.41,61.1,60.8,60.42,normal,drought,False,0.496,0.46,0.044,0,0,0.29,10
27,2025-03-29,61.82,61.76,61.41,61.17,60.85,60.53,60.14,normal,drought,False,0.56,0.385,0.054,0,0,0.29,10
27,2025-03-30,62.11,62.02,61.73,61.46,61.15,60.85,60.47,normal,drought,False,0.533,0.408,0.058,0,0,0.29,10
27,2025-03-31,62.05,61.95,61.66,61.38,61.07,60.77,60.4,normal,drought,False,0.598,0.342,0.059,0,0,0.29,10
27,2025-04-01,59.58,59.51,59.17,58.93,58.62,58.31,57.96,normal,drought,False,0.55,0.388,0.062,0,0,0.57,6
27,2025-04-02,59.55,59.5,59.2,58.98,58.7,58.43,58.04,normal,drought,False,0.605,0.34,0.055,0,0,0.57,6
27,2025-04-03,59.58,59.49,59.18,58.93,58.66,58.4,58.0,normal,drought,False,0.625,0.326,0.049,0,0,0.29,10
27,2025-04-04,60.58,60.52,60.28,60.05,59.79,59.55,59.13,normal,drought,False,0.622,0.326,0.052,0,0,0.29,10
27,2025-04-05,61.15,61.1,60.93,60.7,60.45,60.24,59.81,normal,drought,False,0.579,0.358,0.063,0,0,0.29,10
27,2025-04-06,60.58,60.45,60.17,59.88,59.6,59.34,58.94,normal,drought,False,0.617,0.33,0.053,0,0,0.29,10
27,2025-04-07,61.76,61.68,61.51,61.24,60.98,60.75,60.32,normal,drought,False,0.515,0.422,0.063,0,0,0.29,10
27,2025-04-08,60.76,60.64,60.35,60.07,59.78,59.51,59.12,normal,drought,False,0.551,0.399,0.051,0,0,0.29,10
27,2025-04-09,61.15,61.04,60.7,60.41,60.1,59.79,59.41,normal,drought,False,0.54,0.41,0.05,0,0,0.29,10
27,2025-04-10,60.35,60.25,59.95,59.68,59.4,59.12,58.75,normal,drought,False,0.595,0.369,0.035,0,0,0.29,10
27,2025-04-11,60.31,60.19,59.78,59.51,59.21,58.92,58.55,normal,drought,False,0.54,0.422,0.037,0,0,0.29,10
27,2025-04-12,59.81,59.68,59.33,59.06,58.77,58.5,58.14,normal,drought,False,0.566,0.405,0.029,0,0,0.29,10
27,2025-04-13,56.76,56.64,56.26,56.0,55.72,55.46,55.15,normal,drought,False,0.531,0.437,0.032,0,0,0.57,6
27,2025-04-14,56.2,56.17,55.82,55.62,55.36,55.09,54.76,normal,drought,False,0.569,0.401,0.03,0,0,0.57,6
27,2025-04-15,56.92,56.86,56.61,56.38,56.14,55.91,55.56,normal,drought,False,0.509,0.458,0.033,0,0,0.29,10
27,2025-04-16,56.94,56.91,56.69,56.49,56.25,56.0,55.65,normal,drought,False,0.517,0.439,0.045,0,0,0.29,10
27,2025-04-17,57.35,57.37,57.16,56.98,56.74,56.49,56.12,normal,drought,False,0.481,0.45,0.069,0,0,0.29,10
27,2025-04-18,56.81,56.76,56.51,56.3,56.05,55.78,55.43,normal,drought,False,0.518,0.413,0.069,0,0,0.29,10
27,2025-04-19,57.17,57.12,56.84,56.63,56.37,56.09,55.74,normal,drought,False,0.494,0.455,0.05,0,0,0.29,10
27,2025-04-20,56.81,56.76,56.47,56.25,55.99,55.7,55.36,normal,drought,False,0.551,0.392,0.058,0,0,0.29,10
27,2025-04-21,56.77,56.67,56.34,56.09,55.81,55.51,55.19,normal,drought,False,0.561,0.389,0.05,0,0,0.29,10
27,2025-04-22,56.92,56.83,56.56,56.32,56.06,55.8,55.45,normal,drought,False,0.608,0.345,0.047,0,0,0.29,10
27,2025-04-23,56.72,56.61,56.31,56.07,55.8,55.54,55.19,normal,drought,False,0.58,0.368,0.052,0,0,0.29,10
27,2025-04-24,56.44,56.32,56.0,55.75,55.48,55.21,54.87,normal,drought,False,0.62,0.333,0.047,0,0,0.29,10
27,2025-04-25,59.44,59.33,59.07,58.79,58.52,58.25,57.87,normal,drought,False,0.625,0.331,0.044,0,0,0.57,6
27,2025-04-26,59.88,59.77,59.49,59.22,58.94,58.66,58.28,normal,drought,False,0.643,0.315,0.041,0,0,0.57,6
27,2025-04-27,59.57,59.47,59.17,58.91,58.62,58.35,57.97,normal,drought,False,0.634,0.327,0.039,0,0,0.29,10
27,2025-04-28,59.75,59.67,59.41,59.16,58.89,58.64,58.25,normal,drought,False,0.637,0.325,0.038,0,0,0.29,10
27,2025-04-29,60.15,60.09,59.87,59.63,59.37,59.13,58.73,normal,drought,False,0.627,0.335,0.038,0,0,0.29,10
27,2025-04-30,60.46,60.38,60.16,59.91,59.65,59.43,59.01,normal,drought,False,0.621,0.343,0.036,0,0,0.29,10
27,2025-05-01,60.38,60.29,60.05,59.79,59.53,59.3,58.88,normal,drought,False,0.624,0.342,0.034,0,0,0.29,10
27,2025-05-02,60.41,60.31,60.02,59.74,59.46,59.18,58.8,normal,drought,False,0.601,0.366,0.033,0,0,0.29,10
27,2025-05-03,60.54,60.45,60.16,59.89,59.61,59.32,58.94,normal,drought,False,0.595,0.373,0.032,0,0,0.29,10
27,2025-05-04,59.82,59.72,59.37,59.11,58.82,58.52,58.15,normal,drought,False,0.588,0.379,0.032,0,0,0.29,10
27,2025-05-05,60.02,59.93,59.59,59.32,59.02,58.71,58.35,normal,drought,False,0.565,0.403,0.031,0,0,0.29,10
27,2025-05-06,60.77,60.72,60.48,60.23,59.97,59.7,59.32,normal,drought,False,0.546,0.42,0.035,0,0,0.29,10
27,2025-05-07,40.69,40.76,40.38,40.33,40.17,39.97,39.89,normal,drought,False,0.574,0.392,0.034,0,0,0.57,6
27,2025-05-08,38.6,38.62,38.22,38.15,38.0,37.82,37.75,normal,drought,False,0.588,0.382,0.031,0,0,0.57,6
27,2025-05-09,40.29,40.23,40.04,39.89,39.75,39.6,39.44,normal,drought,False,0.585,0.382,0.033,0,0,0.29,10
27,2025-05-10,40.31,40.24,40.03,39.87,39.73,39.56,39.42,normal,drought,False,0.572,0.392,0.036,0,0,0.29,10
27,2025-05-11,40.26,40.22,40.03,39.9,39.76,39.59,39.45,normal,drought,False,0.58,0.382,0.038,0,0,0.29,10
27,2025-05-12,40.35,40.34,40.19,40.07,39.94,39.78,39.63,normal,drought,False,0.573,0.389,0.038,0,0,0.29,10
27,2025-05-13,40.11,40.11,39.98,39.85,39.72,39.56,39.41,normal,drought,False,0.58,0.371,0.049,0,0,0.29,10
27,2025-05-14,40.09,40.06,39.92,39.78,39.65,39.49,39.35,normal,drought,False,0.588,0.369,0.043,0,0,0.29,10
27,2025-05-15,40.04,40.01,39.87,39.72,39.59,39.43,39.29,normal,drought,False,0.618,0.339,0.042,0,0,0.29,10
27,2025-05-16,39.81,39.76,39.59,39.43,39.29,39.12,38.98,normal,drought,False,0.628,0.334,0.038,0,0,0.29,10
27,2025-05-17,39.78,39.73,39.56,39.41,39.27,39.11,38.96,normal,drought,False,0.65,0.313,0.037,0,0,0.29,10
27,2025-05-18,39.7,39.69,39.54,39.44,39.33,39.22,39.02,normal,drought,False,0.683,0.286,0.031,0,0,0.29,10
27,2025-05-19,53.85,53.81,53.72,53.52,53.32,53.12,52.75,normal,drought,False,0.666,0.302,0.032,0,0,0.57,6
27,2025-05-20,55.29,55.25,55.19,54.98,54.79,54.6,54.2,normal,drought,False,0.645,0.322,0.033,0,0,0.57,6
27,2025-05-21,52.56,52.45,52.14,51.9,51.65,51.4,51.11,normal,drought,False,0.648,0.315,0.037,0,0,0.29,10
27,2025-05-22,53.72,53.64,53.4,53.18,52.95,52.72,52.4,normal,drought,False,0.639,0.33,0.03,0,0,0.29,10
27,2025-05-23,53.21,53.17,52.96,52.75,52.53,52.3,51.99,normal,drought,False,0.643,0.327,0.03,0,0,0.29,10
27,2025-05-24,54.27,54.21,54.02,53.8,53.58,53.35,53.03,normal,drought,False,0.587,0.383,0.029,0,0,0.29,10
27,2025-05-25,53.72,53.69,53.52,53.33,53.12,52.93,52.58,normal,drought,False,0.632,0.339,0.03,0,0,0.29,10
27,2025-05-26,53.36,53.25,52.96,52.73,52.49,52.25,51.93,normal,drought,False,0.6,0.373,0.027,0,0,0.29,10
27,2025-05-27,53.83,53.76,53.5,53.29,53.05,52.79,52.48,normal,drought,False,0.599,0.373,0.028,0,0,0.29,10
27,2025-05-28,53.6,53.52,53.22,53.0,52.76,52.5,52.19,normal,drought,False,0.572,0.402,0.026,0,0,0.29,10
27,2025-05-29,54.03,53.96,53.68,53.46,53.2,52.91,52.62,normal,drought,False,0.588,0.386,0.027,0,0,0.29,10
27,2025-05-30,54.29,54.23,54.02,53.8,53.56,53.31,53.0,normal,drought,False,0.579,0.392,0.029,0,0,0.29,10
27,2025-05-31,64.31,64.21,64.01,63.72,63.43,63.14,62.68,normal,drought,False,0.605,0.363,0.032,0,0,0.57,6
27,2025-06-01,64.76,64.64,64.41,64.09,63.78,63.47,63.02,normal,drought,False,0.6,0.366,0.034,0,0,0.57,6
27,2025-06-02,64.11,63.99,63.63,63.33,62.99,62.67,62.25,normal,drought,False,0.602,0.365,0.034,0,0,0.29,10
27,2025-06-03,63.82,63.71,63.33,63.03,62.68,62.34,61.94,normal,drought,False,0.634,0.335,0.032,0,0,0.29,10
27,2025-06-04,64.27,64.17,63.83,63.53,63.19,62.86,62.44,normal,drought,False,0.627,0.343,0.03,0,0,0.29,10
27,2025-06-05,63.96,63.85,63.54,63.24,62.92,62.6,62.19,normal,drought,False,0.645,0.321,0.034,0,0,0.29,10
27,2025-06-06,63.99,63.9,63.55,63.27,62.93,62.61,62.19,normal,drought,False,0.619,0.351,0.031,0,0,0.29,10
27,2025-06-07,63.83,63.74,63.41,63.13,62.8,62.47,62.06,normal,drought,False,0.636,0.329,0.035,0,0,0.29,10
27,2025-06-08,63.9,63.77,63.41,63.1,62.75,62.42,62.03,normal,drought,False,0.643,0.323,0.034,0,0,0.29,10
27,2025-06-09,63.95,63.86,63.52,63.23,62.89,62.55,62.15,normal,drought,False,0.67,0.287,0.043,0,0,0.29,10
27,2025-06-10,63.93,63.81,63.48,63.18,62.84,62.51,62.11,normal,drought,False,0.649,0.314,0.038,0,0,0.29,10
27,2025-06-11,64.13,64.02,63.71,63.42,63.11,62.81,62.38,normal,drought,False,0.68,0.277,0.043,0,0,0.29,10
27,2025-06-12,69.45,69.32,69.05,68.71,68.38,68.08,67.56,normal,drought,False,0.677,0.284,0.039,0,0,0.57,6
27,2025-06-13,70.28,70.15,69.88,69.52,69.17,68.84,68.34,normal,drought,False,0.653,0.301,0.046,0,0,0.57,6
27,2025-06-14,69.95,69.86,69.52,69.21,68.84,68.5,68.01,normal,drought,False,0.684,0.274,0.042,0,0,0.29,10
27,2025-06-15,70.33,70.25,69.93,69.64,69.3,68.98,68.45,normal,drought,False,0.682,0.272,0.046,0,0,0.29,10
27,2025-06-16,70.39,70.32,70.0,69.71,69.36,69.07,68.53,normal,drought,False,0.679,0.283,0.038,0,0,0.29,10
27,2025-06-17,70.89,70.83,70.53,70.24,69.9,69.61,69.06,normal,drought,False,0.648,0.31,0.041,0,0,0.29,10
27,2025-06-18,70.5,70.45,70.11,69.82,69.46,69.14,68.61,normal,drought,False,0.648,0.315,0.037,0,0,0.29,10
27,2025-06-19,70.86,70.74,70.39,70.05,69.67,69.3,68.82,normal,drought,False,0.607,0.35,0.043,0,0,0.29,10
27,2025-06-20,70.95,70.84,70.51,70.17,69.8,69.43,68.96,normal,drought,False,0.563,0.396,0.041,0,0,0.29,10
27,2025-06-21,70.84,70.74,70.36,70.03,69.65,69.27,68.79,normal,drought,False,0.563,0.399,0.039,0,0,0.29,10
27,2025-06-22,70.52,70.4,70.02,69.68,69.3,68.94,68.47,normal,drought,False,0.575,0.389,0.036,0,0,0.29,10
27,2025-06-23,70.21,70.07,69.66,69.32,68.92,68.55,68.09,normal,drought,False,0.57,0.397,0.033,0,0,0.29,10
27,2025-06-24,71.9,71.76,71.36,71.0,70.6,70.22,69.73,normal,drought,False,0.536,0.425,0.039,0,0,0.57,6
27,2025-06-25,71.86,71.7,71.31,70.94,70.53,70.15,69.68,normal,drought,False,0.58,0.386,0.034,0,0,0.57,6
27,2025-06-26,71.74,71.59,71.18,70.82,70.42,70.04,69.57,normal,drought,False,0.61,0.356,0.035,0,0,0.29,10
27,2025-06-27,71.64,71.55,71.16,70.84,70.45,70.09,69.59,normal,drought,False,0.594,0.365,0.041,0,0,0.29,10
27,2025-06-28,71.48,71.38,70.98,70.65,70.24,69.88,69.39,normal,drought,False,0.568,0.384,0.048,0,0,0.29,10
27,2025-06-29,71.55,71.47,71.08,70.77,70.37,70.01,69.5,normal,drought,False,0.612,0.341,0.047,0,0,0.29,10
27,2025-06-30,71.37,71.3,70.91,70.59,70.19,69.82,69.32,normal,drought,False,0.638,0.315,0.047,0,0,0.29,10
27,2025-07-01,71.87,71.77,71.4,71.06,70.66,70.28,69.79,normal,drought,False,0.626,0.32,0.053,0,0,0.29,10
27,2025-07-02,71.64,71.53,71.18,70.83,70.43,70.04,69.58,normal,drought,False,0.652,0.294,0.054,0,0,0.29,10
27,2025-07-03,71.56,71.43,71.05,70.69,70.29,69.9,69.42,normal,drought,False,0.64,0.304,0.056,0,0,0.29,10
27,2025-07-04,71.34,71.22,70.82,70.47,70.06,69.68,69.2,normal,drought,False,0.666,0.278,0.056,0,0,0.29,10
27,2025-07-05,71.27,71.14,70.72,70.36,69.94,69.54,69.09,normal,drought,False,0.642,0.302,0.056,0,0,0.29,10
27,2025-07-06,72.92,72.79,72.4,72.03,71.61,71.21,70.73,normal,drought,False,0.667,0.277,0.057,0,0,0.57,6
27,2025-07-07,72.88,72.72,72.33,71.94,71.52,71.13,70.66,normal,drought,False,0.656,0.286,0.058,0,0,0.57,6
27,2025-07-08,72.84,72.7,72.29,71.91,71.48,71.08,70.61,normal,drought,False,0.673,0.267,0.06,0,0,0.29,10
27,2025-07-09,72.85,72.74,72.35,71.99,71.57,71.17,70.69,normal,drought,False,0.636,0.305,0.06,0,0,0.29,10
27,2025-07-10,72.76,72.64,72.23,71.87,71.44,71.04,70.56,normal,drought,False,0.652,0.284,0.064,0,0,0.29,10
27,2025-07-11,72.76,72.66,72.25,71.91,71.48,71.09,70.59,normal,drought,False,0.67,0.265,0.065,0,0,0.29,10
27,2025-07-12,72.65,72.55,72.14,71.8,71.37,70.97,70.49,normal,drought,False,0.671,0.265,0.064,0,0,0.29,10
27,2025-07-13,72.89,72.78,72.38,72.03,71.61,71.21,70.72,normal,drought,False,0.648,0.282,0.069,0,0,0.29,10
27,2025-07-14,72.56,72.42,72.01,71.64,71.22,70.82,70.34,normal,drought,False,0.664,0.263,0.073,0,0,0.29,10
27,2025-07-15,72.76,72.61,72.2,71.84,71.41,71.02,70.53,normal,drought,False,0.66,0.267,0.073,0,0,0.29,10
27,2025-07-16,72.53,72.41,71.99,71.63,71.2,70.8,70.32,normal,drought,False,0.656,0.274,0.07,0,0,0.29,10
27,2025-07-17,72.69,72.56,72.14,71.79,71.38,71.0,70.49,normal,drought,False,0.677,0.262,0.06,0,0,0.29,10
27,2025-07-18,73.02,72.91,72.51,72.16,71.74,71.37,70.86,normal,drought,False,0.693,0.245,0.062,0,0,0.57,6
27,2025-07-19,73.47,73.34,72.96,72.59,72.19,71.82,71.3,normal,drought,False,0.686,0.265,0.049,0,0,0.57,6
27,2025-07-20,73.36,73.26,72.9,72.55,72.15,71.77,71.26,normal,drought,False,0.665,0.274,0.061,0,0,0.29,10
27,2025-07-21,73.66,73.54,73.17,72.83,72.43,72.07,71.54,normal,drought,False,0.682,0.272,0.046,0,0,0.29,10
27,2025-07-22,73.55,73.45,73.09,72.75,72.36,71.99,71.46,normal,drought,False,0.69,0.255,0.054,0,0,0.29,10
27,2025-07-23,73.7,73.61,73.22,72.88,72.48,72.11,71.58,normal,drought,False,0.673,0.283,0.044,0,0,0.29,10
27,2025-07-24,73.89,73.81,73.45,73.12,72.72,72.35,71.83,normal,drought,False,0.671,0.275,0.054,0,0,0.29,10
27,2025-07-25,73.92,73.83,73.44,73.1,72.69,72.32,71.8,normal,drought,False,0.668,0.284,0.048,0,0,0.29,10
27,2025-07-26,74.17,74.07,73.72,73.37,72.97,72.59,72.08,normal,drought,False,0.664,0.28,0.055,0,0,0.29,10
27,2025-07-27,74.1,74.01,73.65,73.31,72.91,72.55,72.03,normal,drought,False,0.653,0.301,0.046,0,0,0.29,10
27,2025-07-28,74.13,74.02,73.63,73.27,72.85,72.46,71.96,normal,drought,False,0.635,0.313,0.052,0,0,0.29,10
27,2025-07-29,74.41,74.31,73.94,73.58,73.17,72.78,72.28,normal,drought,False,0.623,0.332,0.045,0,0,0.29,10
27,2025-07-30,68.36,68.34,67.92,67.65,67.26,66.88,66.46,normal,drought,False,0.621,0.327,0.051,0,0,0.57,6
27,2025-07-31,67.86,67.82,67.4,67.12,66.73,66.34,65.92,normal,drought,False,0.622,0.332,0.047,0,0,0.57,6
27,2025-08-01,67.86,67.75,67.39,67.07,66.7,66.34,65.9,normal,drought,False,0.619,0.321,0.06,0,0,0.29,10
27,2025-08-02,68.02,67.91,67.53,67.23,66.86,66.52,66.05,normal,drought,False,0.624,0.316,0.061,0,0,0.29,10
27,2025-08-03,67.6,67.48,67.08,66.77,66.4,66.07,65.6,normal,drought,False,0.622,0.309,0.069,0,0,0.29,10
27,2025-08-04,67.32,67.16,66.72,66.4,66.03,65.7,65.23,normal,drought,False,0.66,0.283,0.058,0,0,0.29,10
27,2025-08-05,68.03,67.93,67.58,67.28,66.93,66.61,66.13,normal,drought,False,0.638,0.293,0.07,0,0,0.29,10
27,2025-08-06,67.68,67.53,67.14,66.81,66.45,66.12,65.66,normal,drought,False,0.644,0.297,0.059,0,0,0.29,10
27,2025-08-07,68.2,68.07,67.75,67.41,67.06,66.72,66.27,normal,drought,False,0.627,0.31,0.062,0,0,0.29,10
27,2025-08-08,67.93,67.83,67.54,67.22,66.88,66.56,66.1,normal,drought,False,0.642,0.311,0.047,0,0,0.29,10
27,2025-08-09,68.13,68.03,67.68,67.37,67.01,66.67,66.22,normal,drought,False,0.637,0.311,0.051,0,0,0.29,10
27,2025-08-10,67.74,67.63,67.29,66.97,66.62,66.29,65.84,normal,drought,False,0.661,0.301,0.038,0,0,0.29,10
27,2025-08-11,61.66,61.61,61.19,60.96,60.63,60.3,59.94,normal,drought,False,0.647,0.314,0.039,0,0,0.57,6
27,2025-08-12,61.25,61.22,60.81,60.59,60.26,59.93,59.58,normal,drought,False,0.64,0.327,0.033,0,0,0.57,6
27,2025-08-13,61.88,61.76,61.43,61.15,60.84,60.53,60.16,normal,drought,False,0.625,0.338,0.038,0,0,0.29,10
27,2025-08-14,61.79,61.71,61.39,61.13,60.82,60.52,60.13,normal,drought,False,0.64,0.323,0.037,0,0,0.29,10
27,2025-08-15,61.83,61.75,61.45,61.18,60.88,60.57,60.19,normal,drought,False,0.62,0.339,0.041,0,0,0.29,10
27,2025-08-16,61.88,61.79,61.5,61.22,60.92,60.62,60.24,normal,drought,False,0.597,0.355,0.047,0,0,0.29,10
27,2025-08-17,61.87,61.8,61.5,61.25,60.94,60.63,60.25,normal,drought,False,0.609,0.338,0.053,0,0,0.29,10
27,2025-08-18,61.84,61.76,61.45,61.18,60.87,60.57,60.18,normal,drought,False,0.628,0.321,0.051,0,0,0.29,10
27,2025-08-19,62.0,61.91,61.63,61.34,61.04,60.73,60.35,normal,drought,False,0.616,0.334,0.05,0,0,0.29,10
27,2025-08-20,62.28,62.16,61.88,61.58,61.26,60.93,60.58,normal,drought,False,0.567,0.379,0.054,0,0,0.29,10
27,2025-08-21,62.27,62.17,61.88,61.59,61.27,60.94,60.57,normal,drought,False,0.601,0.342,0.057,0,0,0.29,10
27,2025-08-22,61.67,61.57,61.23,60.94,60.61,60.28,59.9,normal,drought,False,0.63,0.311,0.059,0,0,0.29,10
27,2025-08-23,47.82,47.85,47.46,47.35,47.12,46.86,46.68,normal,drought,False,0.572,0.361,0.067,0,0,0.57,6
27,2025-08-24,46.01,46.02,45.59,45.47,45.23,44.97,44.82,normal,drought,False,0.55,0.375,0.075,0,0,0.57,6
27,2025-08-25,47.4,47.3,47.07,46.86,46.64,46.4,46.2,normal,drought,False,0.575,0.345,0.08,0,0,0.29,10
27,2025-08-26,47.03,46.94,46.7,46.49,46.28,46.05,45.84,normal,drought,False,0.642,0.281,0.076,0,0,0.29,10
27,2025-08-27,47.37,47.28,47.05,46.84,46.63,46.4,46.19,normal,drought,False,0.554,0.351,0.095,0,0,0.29,10
27,2025-08-28,47.59,47.53,47.35,47.15,46.96,46.75,46.53,normal,drought,False,0.556,0.354,0.09,0,0,0.29,10
27,2025-08-29,46.94,46.86,46.63,46.43,46.23,46.01,45.8,normal,drought,False,0.626,0.297,0.077,0,0,0.29,10
27,2025-08-30,46.96,46.87,46.66,46.45,46.24,46.02,45.81,normal,drought,False,0.684,0.249,0.067,0,0,0.29,10
27,2025-08-31,47.05,46.98,46.77,46.57,46.38,46.18,45.97,normal,drought,False,0.627,0.296,0.076,0,0,0.29,10
28,2025-03-01,0.13,0.17,0.2,0.29,0.42,0.58,0.71,drought,drought,True,0.876,0.108,0.017,7,0,0.29,10
28,2025-03-02,0.16,0.24,0.29,0.4,0.55,0.71,0.84,drought,drought,True,0.876,0.105,0.019,7,0,0.29,10
28,2025-03-03,0.17,0.24,0.29,0.39,0.53,0.68,0.83,drought,drought,True,0.877,0.105,0.018,7,0,0.29,10
28,2025-03-04,0.2,0.27,0.32,0.42,0.55,0.69,0.85,drought,drought,True,0.866,0.114,0.02,7,0,0.29,10
28,2025-03-05,0.24,0.33,0.38,0.49,0.62,0.75,0.92,drought,drought,True,0.858,0.121,0.021,7,0,0.29,10
28,2025-03-06,0.29,0.37,0.43,0.53,0.66,0.78,0.96,drought,drought,True,0.856,0.123,0.021,7,0,0.29,10
28,2025-03-07,0.29,0.36,0.42,0.51,0.64,0.75,0.93,drought,drought,True,0.862,0.118,0.02,7,0,0.29,10
28,2025-03-08,0.26,0.32,0.36,0.45,0.57,0.68,0.86,drought,drought,True,0.857,0.122,0.021,7,0,0.57,6
28,2025-03-09,0.28,0.33,0.38,0.46,0.58,0.68,0.87,drought,drought,True,0.869,0.112,0.019,7,0,0.57,6
28,2025-03-10,0.26,0.29,0.34,0.42,0.53,0.64,0.83,drought,drought,True,0.875,0.107,0.018,7,0,0.29,10
28,2025-03-11,0.07,0.09,0.12,0.19,0.31,0.46,0.6,drought,drought,True,0.891,0.095,0.014,7,0,0.29,10
28,2025-03-12,0.16,0.25,0.31,0.43,0.58,0.77,0.87,drought,drought,True,0.861,0.116,0.023,7,0,0.29,10
28,2025-03-13,0.18,0.21,0.24,0.31,0.43,0.56,0.72,drought,drought,True,0.869,0.111,0.021,7,0,0.29,10
28,2025-03-14,0.21,0.22,0.24,0.31,0.41,0.53,0.71,drought,drought,True,0.853,0.124,0.023,7,0,0.29,10
28,2025-03-15,0.27,0.35,0.4,0.5,0.62,0.74,0.92,drought,drought,True,0.853,0.124,0.024,7,0,0.29,10
28,2025-03-16,0.33,0.4,0.45,0.55,0.68,0.81,0.98,drought,drought,True,0.833,0.137,0.031,7,0,0.29,10
28,2025-03-17,0.09,0.15,0.18,0.28,0.41,0.57,0.71,drought,drought,True,0.848,0.124,0.028,7,0,0.29,10
28,2025-03-18,0.2,0.26,0.31,0.41,0.55,0.68,0.84,drought,drought,True,0.841,0.132,0.027,7,0,0.29,10
28,2025-03-19,0.19,0.23,0.26,0.33,0.44,0.56,0.74,drought,drought,True,0.84,0.132,0.027,7,0,0.29,10
28,2025-03-20,25.06,25.52,25.79,25.96,25.98,26.03,25.82,normal,drought,False,0.835,0.14,0.025,0,0,0.57,6
28,2025-03-21,26.81,27.26,27.51,27.67,27.66,27.68,27.47,normal,drought,False,0.816,0.154,0.029,0,0,0.57,6
28,2025-03-22,23.98,24.03,24.08,24.05,24.09,24.06,24.09,normal,drought,False,0.821,0.152,0.027,0,0,0.29,10
28,2025-03-23,23.81,23.91,24.0,23.99,24.05,24.04,24.05,normal,drought,False,0.82,0.149,0.031,0,0,0.29,10
28,2025-03-24,23.76,23.82,23.86,23.82,23.86,23.82,23.85,normal,drought,False,0.802,0.165,0.033,0,0,0.29,10
28,2025-03-25,23.43,23.46,23.48,23.44,23.48,23.44,23.49,normal,drought,False,0.794,0.172,0.034,0,0,0.29,10
28,2025-03-26,23.34,23.4,23.44,23.41,23.46,23.43,23.46,normal,drought,False,0.808,0.156,0.036,0,0,0.29,10
28,2025-03-27,23.2,23.22,23.24,23.19,23.23,23.18,23.23,normal,drought,False,0.805,0.162,0.034,0,0,0.29,10
28,2025-03-28,23.16,23.2,23.24,23.2,23.24,23.21,23.26,normal,drought,False,0.801,0.165,0.034,0,0,0.29,10
28,2025-03-29,23.07,23.14,23.2,23.18,23.22,23.19,23.23,normal,drought,False,0.794,0.174,0.032,0,0,0.29,10
28,2025-03-30,23.22,23.28,23.35,23.32,23.36,23.32,23.37,normal,drought,False,0.794,0.171,0.035,0,0,0.29,10
28,2025-03-31,22.91,22.96,23.02,22.98,23.02,22.98,23.04,normal,drought,False,0.802,0.166,0.032,0,0,0.29,10
28,2025-04-01,17.09,17.04,16.99,16.94,16.98,16.96,17.06,drought,drought,True,0.78,0.185,0.036,7,0,0.57,6
28,2025-04-02,17.22,17.23,17.24,17.23,17.29,17.3,17.38,drought,drought,True,0.804,0.168,0.028,7,0,0.57,6
28,2025-04-03,18.07,18.18,18.32,18.34,18.45,18.5,18.58,drought,drought,True,0.824,0.149,0.026,7,0,0.29,10
28,2025-04-04,19.04,19.26,19.51,19.59,19.75,19.83,19.88,drought,drought,True,0.824,0.151,0.025,7,0,0.29,10
28,2025-04-05,19.81,20.12,20.44,20.57,20.76,20.86,20.9,drought,drought,True,0.801,0.169,0.03,1,0,0.29,10
28,2025-04-06,19.69,19.84,20.05,20.09,20.23,20.29,20.33,drought,drought,True,0.825,0.15,0.025,2,0,0.29,10
28,2025-04-07,21.01,21.31,21.63,21.74,21.91,21.99,22.02,normal,drought,False,0.78,0.183,0.037,0,0,0.29,10
28,2025-04-08,19.88,19.98,20.14,20.14,20.26,20.29,20.35,drought,drought,True,0.804,0.166,0.03,2,0,0.29,10
28,2025-04-09,19.55,19.54,19.57,19.5,19.59,19.58,19.65,drought,drought,True,0.808,0.164,0.028,7,0,0.29,10
28,2025-04-10,18.87,18.89,18.94,18.9,19.0,19.0,19.08,drought,drought,True,0.845,0.133,0.021,7,0,0.29,10
28,2025-04-11,18.99,18.98,18.97,18.92,19.02,19.02,19.09,drought,drought,True,0.829,0.144,0.027,7,0,0.29,10
28,2025-04-12,18.26,18.25,18.27,18.21,18.3,18.31,18.39,drought,drought,True,0.846,0.131,0.023,7,0,0.29,10
28,2025-04-13,31.72,31.85,31.97,31.91,31.93,31.88,31.77,normal,drought,False,0.829,0.146,0.025,0,0,0.57,6
28,2025-04-14,32.83,33.03,33.2,33.18,33.21,33.15,33.03,normal,drought,False,0.846,0.13,0.024,0,0,0.57,6
28,2025-04-15,31.67,31.75,31.76,31.71,31.71,31.64,31.56,normal,drought,False,0.809,0.16,0.031,0,0,0.29,10
28,2025-04-16,31.4,31.44,31.43,31.38,31.36,31.27,31.2,normal,drought,False,0.798,0.169,0.033,0,0,0.29,10
28,2025-04-17,31.62,31.69,31.68,31.65,31.62,31.54,31.44,normal,drought,False,0.741,0.201,0.058,0,0,0.29,10
28,2025-04-18,31.35,31.37,31.35,31.28,31.25,31.15,31.08,normal,drought,False,0.768,0.195,0.037,0,0,0.29,10
28,2025-04-19,31.6,31.6,31.54,31.46,31.42,31.31,31.24,normal,drought,False,0.767,0.195,0.038,0,0,0.29,10
28,2025-04-20,31.22,31.23,31.17,31.11,31.07,30.95,30.88,normal,drought,False,0.776,0.193,0.03,0,0,0.29,10
28,2025-04-21,31.16,31.16,31.09,31.01,30.96,30.84,30.78,normal,drought,False,0.781,0.19,0.029,0,0,0.29,10
28,2025-04-22,31.44,31.46,31.43,31.36,31.33,31.24,31.16,normal,drought,False,0.797,0.182,0.021,0,0,0.29,10
28,2025-04-23,31.24,31.24,31.21,31.14,31.11,31.02,30.94,normal,drought,False,0.781,0.194,0.025,0,0,0.29,10
28,2025-04-24,30.88,30.87,30.81,30.73,30.69,30.59,30.52,normal,drought,False,0.794,0.188,0.018,0,0,0.29,10
28,2025-04-25,33.23,33.23,33.19,33.09,33.04,32.94,32.83,normal,drought,False,0.787,0.196,0.017,0,0,0.57,6
28,2025-04-26,33.81,33.82,33.78,33.69,33.65,33.55,33.43,normal,drought,False,0.82,0.167,0.013,0,0,0.57,6
28,2025-04-27,33.47,33.47,33.41,33.33,33.29,33.18,33.08,normal,drought,False,0.811,0.175,0.014,0,0,0.29,10
28,2025-04-28,33.66,33.68,33.66,33.59,33.56,33.48,33.35,normal,drought,False,0.818,0.169,0.013,0,0,0.29,10
28,2025-04-29,34.3,34.35,34.38,34.32,34.3,34.23,34.09,normal,drought,False,0.806,0.18,0.014,0,0,0.29,10
28,2025-04-30,34.38,34.41,34.4,34.33,34.31,34.25,34.1,normal,drought,False,0.813,0.172,0.014,0,0,0.29,10
28,2025-05-01,34.24,34.25,34.22,34.14,34.11,34.05,33.89,normal,drought,False,0.817,0.168,0.015,0,0,0.29,10
28,2025-05-02,34.38,34.38,34.32,34.23,34.18,34.07,33.95,normal,drought,False,0.814,0.171,0.015,0,0,0.29,10
28,2025-05-03,34.34,34.33,34.24,34.15,34.1,33.98,33.87,normal,drought,False,0.811,0.174,0.015,0,0,0.29,10
28,2025-05-04,33.9,33.89,33.78,33.69,33.63,33.5,33.4,normal,drought,False,0.795,0.187,0.018,0,0,0.29,10
28,2025-05-05,33.83,33.83,33.73,33.64,33.58,33.44,33.35,normal,drought,False,0.77,0.21,0.021,0,0,0.29,10
28,2025-05-06,34.4,34.43,34.39,34.31,34.27,34.16,34.06,normal,drought,False,0.758,0.218,0.024,0,0,0.29,10
28,2025-05-07,29.74,29.75,29.67,29.61,29.59,29.5,29.46,normal,drought,False,0.776,0.203,0.021,0,0,0.57,6
28,2025-05-08,29.01,29.0,28.89,28.83,28.8,28.72,28.67,normal,drought,False,0.773,0.206,0.021,0,0,0.57,6
28,2025-05-09,29.23,29.22,29.17,29.09,29.07,28.99,28.94,normal,drought,False,0.762,0.217,0.021,0,0,0.29,10
28,2025-05-10,29.47,29.47,29.39,29.31,29.28,29.18,29.14,normal,drought,False,0.751,0.227,0.022,0,0,0.29,10
28,2025-05-11,29.5,29.52,29.47,29.41,29.38,29.29,29.25,normal,drought,False,0.752,0.228,0.021,0,0,0.29,10
28,2025-05-12,29.38,29.41,29.39,29.34,29.32,29.22,29.18,normal,drought,False,0.735,0.245,0.021,0,0,0.29,10
28,2025-05-13,29.08,29.12,29.1,29.05,29.02,28.92,28.88,normal,drought,False,0.743,0.238,0.019,0,0,0.29,10
28,2025-05-14,28.91,28.91,28.88,28.8,28.77,28.66,28.65,normal,drought,False,0.759,0.224,0.017,0,0,0.29,10
28,2025-05-15,28.87,28.88,28.83,28.76,28.73,28.62,28.6,normal,drought,False,0.793,0.191,0.015,0,0,0.29,10
28,2025-05-16,28.7,28.71,28.66,28.58,28.55,28.43,28.41,normal,drought,False,0.799,0.187,0.014,0,0,0.29,10
28,2025-05-17,28.75,28.77,28.73,28.66,28.64,28.54,28.51,normal,drought,False,0.821,0.169,0.01,0,0,0.29,10
28,2025-05-18,29.08,29.14,29.15,29.12,29.13,29.1,29.01,normal,drought,False,0.814,0.176,0.01,0,0,0.29,10
28,2025-05-19,35.88,35.91,35.92,35.82,35.78,35.69,35.52,normal,drought,False,0.809,0.18,0.01,0,0,0.57,6
28,2025-05-20,36.6,36.61,36.62,36.52,36.47,36.39,36.2,normal,drought,False,0.805,0.185,0.011,0,0,0.57,6
28,2025-05-21,35.0,34.98,34.86,34.75,34.67,34.54,34.42,normal,drought,False,0.819,0.172,0.009,0,0,0.29,10
28,2025-05-22,36.09,36.09,36.01,35.92,35.85,35.73,35.59,normal,drought,False,0.812,0.179,0.008,0,0,0.29,10
28,2025-05-23,35.55,35.58,35.52,35.43,35.37,35.24,35.12,normal,drought,False,0.82,0.172,0.008,0,0,0.29,10
28,2025-05-24,36.22,36.25,36.2,36.1,36.04,35.9,35.77,normal,drought,False,0.781,0.209,0.01,0,0,0.29,10
28,2025-05-25,35.89,35.94,35.91,35.84,35.79,35.69,35.54,normal,drought,False,0.811,0.181,0.008,0,0,0.29,10
28,2025-05-26,35.45,35.41,35.26,35.14,35.06,34.93,34.8,normal,drought,False,0.795,0.197,0.008,0,0,0.29,10
28,2025-05-27,35.54,35.52,35.4,35.29,35.21,35.06,34.94,normal,drought,False,0.81,0.182,0.008,0,0,0.29,10
28,2025-05-28,35.53,35.52,35.39,35.3,35.22,35.08,34.96,normal,drought,False,0.796,0.196,0.009,0,0,0.29,10
28,2025-05-29,35.92,35.92,35.83,35.73,35.64,35.46,35.36,normal,drought,False,0.811,0.181,0.008,0,0,0.29,10
28,2025-05-30,36.04,36.05,36.0,35.9,35.82,35.68,35.56,normal,drought,False,0.786,0.204,0.01,0,0,0.29,10
28,2025-05-31,42.65,42.65,42.61,42.46,42.35,42.2,41.96,normal,drought,False,0.777,0.211,0.012,0,0,0.57,6
28,2025-06-01,43.02,42.99,42.92,42.75,42.61,42.43,42.21,normal,drought,False,0.782,0.207,0.012,0,0,0.57,6
28,2025-06-02,41.92,41.87,41.68,41.52,41.37,41.18,41.0,normal,drought,False,0.796,0.193,0.011,0,0,0.29,10
28,2025-06-03,41.58,41.54,41.33,41.18,41.02,40.8,40.64,normal,drought,False,0.825,0.166,0.009,0,0,0.29,10
28,2025-06-04,42.55,42.54,42.41,42.28,42.14,41.95,41.76,normal,drought,False,0.826,0.166,0.008,0,0,0.29,10
28,2025-06-05,42.1,42.09,41.97,41.83,41.69,41.51,41.33,normal,drought,False,0.83,0.162,0.008,0,0,0.29,10
28,2025-06-06,42.14,42.13,42.0,41.87,41.73,41.55,41.35,normal,drought,False,0.819,0.173,0.008,0,0,0.29,10
28,2025-06-07,41.89,41.87,41.75,41.61,41.47,41.29,41.1,normal,drought,False,0.824,0.167,0.009,0,0,0.29,10
28,2025-06-08,42.2,42.15,41.98,41.82,41.67,41.46,41.29,normal,drought,False,0.829,0.161,0.01,0,0,0.29,10
28,2025-06-09,42.13,42.12,41.97,41.84,41.69,41.48,41.3,normal,drought,False,0.835,0.155,0.01,0,0,0.29,10
28,2025-06-10,42.15,42.12,41.98,41.83,41.69,41.49,41.31,normal,drought,False,0.827,0.164,0.009,0,0,0.29,10
28,2025-06-11,42.13,42.12,42.0,41.87,41.74,41.58,41.37,normal,drought,False,0.837,0.153,0.01,0,0,0.29,10
28,2025-06-12,41.65,41.62,41.47,41.33,41.21,41.05,40.85,normal,drought,False,0.85,0.14,0.01,0,0,0.57,6
28,2025-06-13,42.15,42.13,41.98,41.83,41.69,41.52,41.32,normal,drought,False,0.834,0.155,0.011,0,0,0.57,6
28,2025-06-14,42.08,42.07,41.94,41.81,41.68,41.51,41.32,normal,drought,False,0.855,0.135,0.01,0,0,0.29,10
28,2025-06-15,42.34,42.36,42.25,42.15,42.04,41.91,41.67,normal,drought,False,0.85,0.138,0.012,0,0,0.29,10
28,2025-06-16,42.15,42.16,42.05,41.93,41.83,41.71,41.47,normal,drought,False,0.868,0.119,0.013,0,0,0.29,10
28,2025-06-17,42.1,42.1,41.96,41.83,41.73,41.6,41.37,normal,drought,False,0.838,0.149,0.013,0,0,0.29,10
28,2025-06-18,41.78,41.8,41.65,41.53,41.42,41.27,41.05,normal,drought,False,0.848,0.137,0.015,0,0,0.29,10
28,2025-06-19,43.14,43.14,43.05,42.91,42.79,42.62,42.42,normal,drought,False,0.815,0.167,0.018,0,0,0.29,10
28,2025-06-20,43.34,43.36,43.3,43.18,43.06,42.89,42.68,normal,drought,False,0.81,0.166,0.024,0,0,0.29,10
28,2025-06-21,43.09,43.09,42.99,42.85,42.73,42.54,42.34,normal,drought,False,0.789,0.192,0.019,0,0,0.29,10
28,2025-06-22,42.93,42.91,42.81,42.67,42.54,42.37,42.16,normal,drought,False,0.798,0.182,0.021,0,0,0.29,10
28,2025-06-23,42.51,42.46,42.27,42.11,41.95,41.74,41.57,normal,drought,False,0.788,0.193,0.019,0,0,0.29,10
28,2025-06-24,43.31,43.27,43.06,42.9,42.73,42.51,42.32,normal,drought,False,0.771,0.205,0.024,0,0,0.57,6
28,2025-06-25,43.48,43.44,43.27,43.11,42.96,42.74,42.55,normal,drought,False,0.795,0.187,0.018,0,0,0.57,6
28,2025-06-26,43.39,43.36,43.19,43.04,42.89,42.68,42.49,normal,drought,False,0.812,0.172,0.016,0,0,0.29,10
28,2025-06-27,43.02,43.0,42.85,42.7,42.56,42.37,42.17,normal,drought,False,0.794,0.19,0.016,0,0,0.29,10
28,2025-06-28,42.88,42.84,42.68,42.51,42.36,42.16,41.97,normal,drought,False,0.765,0.218,0.017,0,0,0.29,10
28,2025-06-29,42.72,42.72,42.55,42.42,42.27,42.08,41.87,normal,drought,False,0.799,0.186,0.015,0,0,0.29,10
28,2025-06-30,42.6,42.6,42.42,42.29,42.13,41.92,41.73,normal,drought,False,0.814,0.173,0.014,0,0,0.29,10
28,2025-07-01,43.49,43.48,43.36,43.21,43.06,42.86,42.67,normal,drought,False,0.816,0.17,0.014,0,0,0.29,10
28,2025-07-02,43.39,43.37,43.27,43.12,42.97,42.77,42.58,normal,drought,False,0.827,0.162,0.012,0,0,0.29,10
28,2025-07-03,43.42,43.39,43.28,43.12,42.96,42.75,42.56,normal,drought,False,0.821,0.166,0.014,0,0,0.29,10
28,2025-07-04,43.01,42.96,42.82,42.66,42.5,42.28,42.09,normal,drought,False,0.828,0.16,0.012,0,0,0.29,10
28,2025-07-05,43.04,42.99,42.8,42.64,42.46,42.22,42.06,normal,drought,False,0.809,0.176,0.015,0,0,0.29,10
28,2025-07-06,39.41,39.42,39.22,39.12,38.98,38.75,38.62,normal,drought,False,0.823,0.165,0.012,0,0,0.57,6
28,2025-07-07,39.2,39.2,39.02,38.91,38.78,38.55,38.44,normal,drought,False,0.809,0.175,0.016,0,0,0.57,6
28,2025-07-08,39.66,39.63,39.52,39.38,39.24,39.02,38.9,normal,drought,False,0.81,0.176,0.014,0,0,0.29,10
28,2025-07-09,39.59,39.57,39.47,39.33,39.2,38.99,38.86,normal,drought,False,0.782,0.2,0.018,0,0,0.29,10
28,2025-07-10,39.55,39.53,39.42,39.28,39.15,38.93,38.8,normal,drought,False,0.78,0.203,0.017,0,0,0.29,10
28,2025-07-11,39.45,39.44,39.32,39.18,39.05,38.85,38.7,normal,drought,False,0.777,0.201,0.021,0,0,0.29,10
28,2025-07-12,39.38,39.37,39.23,39.1,38.97,38.74,38.61,normal,drought,False,0.764,0.217,0.019,0,0,0.29,10
28,2025-07-13,39.54,39.53,39.4,39.27,39.14,38.92,38.78,normal,drought,False,0.74,0.239,0.021,0,0,0.29,10
28,2025-07-14,39.4,39.36,39.23,39.09,38.96,38.74,38.61,normal,drought,False,0.744,0.237,0.02,0,0,0.29,10
28,2025-07-15,39.62,39.59,39.47,39.33,39.21,39.0,38.85,normal,drought,False,0.739,0.239,0.021,0,0,0.29,10
28,2025-07-16,39.32,39.3,39.17,39.04,38.9,38.69,38.56,normal,drought,False,0.733,0.249,0.018,0,0,0.29,10
28,2025-07-17,39.47,39.45,39.32,39.19,39.07,38.89,38.73,normal,drought,False,0.763,0.222,0.015,0,0,0.29,10
28,2025-07-18,34.79,34.8,34.65,34.57,34.47,34.3,34.2,normal,drought,False,0.766,0.22,0.014,0,0,0.57,6
28,2025-07-19,34.59,34.59,34.41,34.33,34.23,34.08,33.98,normal,drought,False,0.792,0.197,0.011,0,0,0.57,6
28,2025-07-20,35.06,35.06,34.97,34.87,34.79,34.64,34.53,normal,drought,False,0.763,0.225,0.012,0,0,0.29,10
28,2025-07-21,35.58,35.58,35.51,35.42,35.35,35.22,35.09,normal,drought,False,0.813,0.178,0.009,0,0,0.29,10
28,2025-07-22,35.32,35.33,35.27,35.18,35.11,34.99,34.86,normal,drought,False,0.815,0.176,0.009,0,0,0.29,10
28,2025-07-23,35.43,35.43,35.36,35.26,35.19,35.07,34.95,normal,drought,False,0.837,0.154,0.009,0,0,0.29,10
28,2025-07-24,35.36,35.38,35.32,35.23,35.16,35.04,34.92,normal,drought,False,0.821,0.169,0.01,0,0,0.29,10
28,2025-07-25,35.73,35.73,35.65,35.55,35.48,35.35,35.23,normal,drought,False,0.845,0.144,0.011,0,0,0.29,10
28,2025-07-26,35.88,35.89,35.84,35.75,35.68,35.55,35.43,normal,drought,False,0.831,0.156,0.013,0,0,0.29,10
28,2025-07-27,35.82,35.85,35.79,35.71,35.64,35.52,35.39,normal,drought,False,0.838,0.148,0.014,0,0,0.29,10
28,2025-07-28,36.03,36.04,35.99,35.89,35.81,35.66,35.55,normal,drought,False,0.83,0.155,0.015,0,0,0.29,10
28,2025-07-29,36.08,36.06,35.99,35.87,35.78,35.63,35.53,normal,drought,False,0.841,0.142,0.018,0,0,0.29,10
28,2025-07-30,33.09,33.13,33.04,32.98,32.9,32.74,32.68,normal,drought,False,0.827,0.153,0.02,0,0,0.57,6
28,2025-07-31,32.89,32.93,32.84,32.78,32.71,32.54,32.48,normal,drought,False,0.83,0.149,0.021,0,0,0.57,6
28,2025-08-01,33.04,33.06,33.0,32.91,32.85,32.69,32.63,normal,drought,False,0.809,0.166,0.025,0,0,0.29,10
28,2025-08-02,33.01,33.03,32.96,32.88,32.83,32.71,32.61,normal,drought,False,0.814,0.16,0.026,0,0,0.29,10
28,2025-08-03,32.42,32.41,32.31,32.22,32.16,32.04,31.95,normal,drought,False,0.794,0.178,0.028,0,0,0.29,10
28,2025-08-04,32.03,31.98,31.84,31.74,31.68,31.59,31.49,normal,drought,False,0.806,0.169,0.024,0,0,0.29,10
28,2025-08-05,33.04,33.06,33.02,32.95,32.91,32.83,32.71,normal,drought,False,0.787,0.189,0.025,0,0,0.29,10
28,2025-08-06,32.59,32.57,32.5,32.41,32.37,32.27,32.18,normal,drought,False,0.797,0.184,0.019,0,0,0.29,10
28,2025-08-07,33.17,33.19,33.17,33.08,33.04,32.93,32.84,normal,drought,False,0.775,0.205,0.02,0,0,0.29,10
28,2025-08-08,33.31,33.4,33.45,33.4,33.38,33.29,33.19,normal,drought,False,0.799,0.187,0.015,0,0,0.29,10
28,2025-08-09,33.51,33.53,33.49,33.41,33.37,33.25,33.16,normal,drought,False,0.78,0.204,0.016,0,0,0.29,10
28,2025-08-10,33.07,33.08,33.03,32.94,32.89,32.78,32.69,normal,drought,False,0.817,0.171,0.012,0,0,0.29,10
28,2025-08-11,30.12,30.15,30.05,30.0,29.95,29.83,29.79,normal,drought,False,0.814,0.175,0.012,0,0,0.57,6
28,2025-08-12,29.94,29.98,29.87,29.83,29.79,29.67,29.63,normal,drought,False,0.84,0.149,0.011,0,0,0.57,6
28,2025-08-13,30.38,30.38,30.34,30.26,30.24,30.13,30.1,normal,drought,False,0.827,0.159,0.014,0,0,0.29,10
28,2025-08-14,30.32,30.34,30.32,30.27,30.24,30.15,30.1,normal,drought,False,0.843,0.14,0.016,0,0,0.29,10
28,2025-08-15,30.28,30.3,30.28,30.22,30.19,30.09,30.05,normal,drought,False,0.82,0.16,0.019,0,0,0.29,10
28,2025-08-16,30.35,30.37,30.36,30.29,30.27,30.17,30.13,normal,drought,False,0.816,0.158,0.026,0,0,0.29,10
28,2025-08-17,30.27,30.28,30.26,30.19,30.16,30.05,30.01,normal,drought,False,0.796,0.171,0.033,0,0,0.29,10
28,2025-08-18,30.36,30.38,30.35,30.28,30.25,30.15,30.1,normal,drought,False,0.812,0.156,0.033,0,0,0.29,10
28,2025-08-19,30.45,30.47,30.46,30.39,30.36,30.25,30.21,normal,drought,False,0.825,0.143,0.031,0,0,0.29,10
28,2025-08-20,30.49,30.5,30.49,30.41,30.36,30.22,30.21,normal,drought,False,0.815,0.152,0.033,0,0,0.29,10
28,2025-08-21,30.38,30.4,30.38,30.3,30.26,30.13,30.1,normal,drought,False,0.816,0.147,0.037,0,0,0.29,10
28,2025-08-22,30.25,30.27,30.24,30.17,30.12,29.99,29.95,normal,drought,False,0.813,0.15,0.036,0,0,0.29,10
28,2025-08-23,17.87,17.84,17.7,17.67,17.68,17.62,17.71,drought,drought,True,0.787,0.165,0.048,7,0,0.57,6
28,2025-08-24,16.29,16.21,16.05,16.02,16.02,15.96,16.07,drought,drought,True,0.779,0.175,0.046,7,0,0.57,6
28,2025-08-25,18.31,18.33,18.38,18.32,18.38,18.34,18.47,drought,drought,True,0.768,0.182,0.05,7,0,0.29,10
28,2025-08-26,18.41,18.46,18.54,18.52,18.58,18.56,18.68,drought,drought,True,0.797,0.171,0.032,7,0,0.29,10
28,2025-08-27,18.75,18.81,18.9,18.88,18.95,18.93,19.05,drought,drought,True,0.764,0.191,0.045,7,0,0.29,10
28,2025-08-28,18.6,18.67,18.79,18.76,18.85,18.83,18.95,drought,drought,True,0.781,0.187,0.032,7,0,0.29,10
28,2025-08-29,18.43,18.51,18.62,18.61,18.69,18.68,18.8,drought,drought,True,0.788,0.18,0.033,7,0,0.29,10
28,2025-08-30,18.53,18.6,18.7,18.68,18.75,18.74,18.86,drought,drought,True,0.821,0.162,0.017,7,0,0.29,10
28,2025-08-31,18.79,18.87,18.99,18.97,19.05,19.05,19.16,drought,drought,True,0.778,0.185,0.037,7,0,0.29,10
29,2025-03-01,43.87,43.79,43.64,43.47,43.33,43.22,42.98,normal,normal,True,0.216,0.482,0.302,0,0,0.29,10
29,2025-03-02,44.52,44.47,44.36,44.21,44.09,43.99,43.73,normal,normal,True,0.258,0.429,0.313,0,0,0.29,10
29,2025-03-03,44.19,44.12,43.97,43.8,43.67,43.54,43.31,normal,normal,True,0.314,0.417,0.268,0,0,0.29,10
29,2025-03-04,44.26,44.18,44.03,43.85,43.71,43.56,43.34,normal,normal,True,0.296,0.425,0.279,0,0,0.29,10
29,2025-03-05,44.41,44.36,44.24,44.08,43.95,43.8,43.59,normal,normal,True,0.299,0.415,0.286,0,0,0.29,10
29,2025-03-06,44.5,44.43,44.27,44.1,43.95,43.79,43.59,normal,normal,True,0.279,0.413,0.309,0,0,0.29,10
29,2025-03-07,44.38,44.31,44.17,44.0,43.85,43.69,43.49,normal,normal,True,0.332,0.412,0.257,0,0,0.29,10
29,2025-03-08,18.23,17.97,17.62,17.54,17.54,17.53,17.62,drought,normal,False,0.293,0.424,0.283,7,0,0.57,6
29,2025-03-09,15.91,15.62,15.31,15.24,15.26,15.29,15.4,drought,normal,False,0.322,0.405,0.273,7,0,0.57,6
29,2025-03-10,21.47,21.45,21.5,21.44,21.5,21.52,21.6,normal,normal,True,0.309,0.408,0.282,0,0,0.29,10
29,2025-03-11,21.44,21.49,21.58,21.55,21.62,21.7,21.73,normal,normal,True,0.327,0.41,0.263,0,0,0.29,10
29,2025-03-12,22.19,22.37,22.55,22.61,22.71,22.85,22.82,normal,normal,True,0.251,0.408,0.341,0,0,0.29,10
29,2025-03-13,21.14,21.12,21.16,21.09,21.15,21.21,21.25,normal,normal,True,0.301,0.405,0.294,0,0,0.29,10
29,2025-03-14,21.05,20.99,21.0,20.91,20.96,20.98,21.04,normal,normal,True,0.279,0.427,0.294,0,0,0.29,10
29,2025-03-15,21.61,21.7,21.81,21.79,21.86,21.89,21.96,normal,normal,True,0.305,0.418,0.277,0,0,0.29,10
29,2025-03-16,22.75,22.9,23.06,23.08,23.18,23.22,23.27,normal,normal,True,0.292,0.423,0.285,0,0,0.29,10
29,2025-03-17,22.05,22.23,22.41,22.45,22.56,22.65,22.67,normal,normal,True,0.329,0.406,0.265,0,0,0.29,10
29,2025-03-18,22.01,22.1,22.25,22.24,22.32,22.39,22.43,normal,normal,True,0.269,0.46,0.271,0,0,0.29,10
29,2025-03-19,21.29,21.26,21.28,21.2,21.25,21.27,21.34,normal,normal,True,0.308,0.424,0.268,0,0,0.29,10
29,2025-03-20,36.35,36.47,36.6,36.53,36.51,36.47,36.3,normal,normal,True,0.242,0.449,0.309,0,0,0.57,6
29,2025-03-21,37.22,37.33,37.46,37.38,37.34,37.28,37.11,normal,normal,True,0.319,0.423,0.258,0,0,0.57,6
29,2025-03-22,35.65,35.61,35.5,35.38,35.29,35.19,35.08,normal,normal,True,0.252,0.468,0.28,0,0,0.29,10
29,2025-03-23,35.2,35.19,35.12,35.02,34.95,34.87,34.75,normal,drought,False,0.471,0.346,0.183,0,0,0.29,10
29,2025-03-24,35.34,35.3,35.2,35.08,34.98,34.88,34.78,normal,normal,True,0.287,0.418,0.295,0,0,0.29,10
29,2025-03-25,34.91,34.85,34.74,34.61,34.52,34.42,34.33,normal,drought,False,0.427,0.36,0.214,0,0,0.29,10
29,2025-03-26,34.52,34.45,34.31,34.17,34.07,33.96,33.88,normal,drought,False,0.508,0.332,0.159,0,0,0.29,10
29,2025-03-27,34.97,34.91,34.81,34.68,34.59,34.49,34.4,normal,drought,False,0.659,0.244,0.097,0,0,0.29,10
29,2025-03-28,34.22,34.14,34.0,33.87,33.77,33.67,33.6,normal,drought,False,0.542,0.318,0.14,0,0,0.29,10
29,2025-03-29,34.31,34.25,34.13,34.01,33.9,33.8,33.71,normal,drought,False,0.658,0.255,0.088,0,0,0.29,10
29,2025-03-30,34.55,34.53,34.47,34.36,34.27,34.18,34.09,normal,drought,False,0.594,0.291,0.115,0,0,0.29,10
29,2025-03-31,34.38,34.32,34.22,34.08,33.99,33.88,33.81,normal,drought,False,0.749,0.198,0.053,0,0,0.29,10
29,2025-04-01,44.76,44.73,44.7,44.52,44.37,44.21,43.99,normal,drought,False,0.702,0.231,0.066,0,0,0.57,6
29,2025-04-02,46.0,46.0,46.01,45.85,45.71,45.58,45.31,normal,drought,False,0.777,0.181,0.042,0,0,0.57,6
29,2025-04-03,44.39,44.33,44.15,43.99,43.82,43.68,43.44,normal,drought,False,0.81,0.16,0.03,0,0,0.29,10
29,2025-04-04,45.5,45.46,45.36,45.22,45.07,44.96,44.69,normal,drought,False,0.785,0.175,0.039,0,0,0.29,10
29,2025-04-05,46.6,46.61,46.6,46.47,46.35,46.27,45.97,normal,drought,False,0.752,0.198,0.05,0,0,0.29,10
29,2025-04-06,45.7,45.6,45.46,45.27,45.1,44.96,44.71,normal,drought,False,0.759,0.197,0.045,0,0,0.29,10
29,2025-04-07,46.54,46.46,46.36,46.17,46.01,45.87,45.61,normal,drought,False,0.714,0.225,0.061,0,0,0.29,10
29,2025-04-08,45.76,45.68,45.51,45.32,45.15,44.98,44.75,normal,drought,False,0.695,0.228,0.077,0,0,0.29,10
29,2025-04-09,46.04,45.94,45.69,45.49,45.3,45.08,44.87,normal,drought,False,0.658,0.251,0.091,0,0,0.29,10
29,2025-04-10,45.32,45.23,45.04,44.84,44.68,44.5,44.3,normal,drought,False,0.68,0.236,0.083,0,0,0.29,10
29,2025-04-11,45.29,45.19,44.94,44.76,44.59,44.41,44.2,normal,drought,False,0.6,0.282,0.118,0,0,0.29,10
29,2025-04-12,44.69,44.59,44.37,44.17,44.0,43.84,43.64,normal,drought,False,0.628,0.257,0.115,0,0,0.29,10
29,2025-04-13,36.56,36.47,36.15,36.02,35.87,35.74,35.66,normal,drought,False,0.519,0.324,0.158,0,0,0.57,6
29,2025-04-14,35.44,35.45,35.17,35.1,34.96,34.84,34.75,normal,drought,False,0.587,0.281,0.133,0,0,0.57,6
29,2025-04-15,36.82,36.8,36.7,36.58,36.49,36.4,36.27,normal,drought,False,0.452,0.361,0.187,0,0,0.29,10
29,2025-04-16,36.68,36.65,36.57,36.45,36.35,36.25,36.13,normal,drought,False,0.543,0.314,0.143,0,0,0.29,10
29,2025-04-17,36.61,36.58,36.47,36.36,36.25,36.14,36.01,normal,drought,False,0.508,0.313,0.179,0,0,0.29,10
29,2025-04-18,36.55,36.52,36.42,36.29,36.18,36.07,35.95,normal,drought,False,0.586,0.294,0.12,0,0,0.29,10
29,2025-04-19,36.71,36.66,36.53,36.4,36.28,36.16,36.04,normal,drought,False,0.597,0.297,0.107,0,0,0.29,10
29,2025-04-20,36.32,36.26,36.12,35.98,35.86,35.73,35.61,normal,drought,False,0.726,0.221,0.053,0,0,0.29,10
29,2025-04-21,36.31,36.24,36.11,35.97,35.84,35.72,35.61,normal,drought,False,0.747,0.206,0.048,0,0,0.29,10
29,2025-04-22,36.43,36.38,36.27,36.14,36.02,35.92,35.8,normal,drought,False,0.805,0.171,0.025,0,0,0.29,10
29,2025-04-23,36.14,36.07,35.94,35.8,35.69,35.58,35.47,normal,drought,False,0.76,0.203,0.037,0,0,0.29,10
29,2025-04-24,35.79,35.7,35.56,35.42,35.3,35.19,35.08,normal,drought,False,0.813,0.164,0.023,0,0,0.29,10
29,2025-04-25,46.52,46.46,46.39,46.2,46.04,45.87,45.61,normal,drought,False,0.819,0.16,0.021,0,0,0.57,6
29,2025-04-26,47.73,47.69,47.62,47.43,47.27,47.1,46.82,normal,drought,False,0.839,0.146,0.015,0,0,0.57,6
29,2025-04-27,46.86,46.79,46.63,46.44,46.26,46.1,45.85,normal,drought,False,0.826,0.155,0.019,0,0,0.29,10
29,2025-04-28,46.91,46.87,46.73,46.57,46.4,46.25,45.99,normal,drought,False,0.835,0.148,0.017,0,0,0.29,10
29,2025-04-29,47.74,47.7,47.61,47.45,47.28,47.14,46.86,normal,drought,False,0.819,0.162,0.019,0,0,0.29,10
29,2025-04-30,48.07,48.02,47.93,47.75,47.59,47.47,47.17,normal,drought,False,0.812,0.167,0.022,0,0,0.29,10
29,2025-05-01,48.04,47.96,47.81,47.62,47.44,47.3,47.01,normal,drought,False,0.791,0.181,0.028,0,0,0.29,10
29,2025-05-02,47.53,47.44,47.22,47.02,46.82,46.62,46.37,normal,drought,False,0.793,0.178,0.029,0,0,0.29,10
29,2025-05-03,47.33,47.23,46.97,46.77,46.56,46.35,46.12,normal,drought,False,0.766,0.197,0.037,0,0,0.29,10
29,2025-05-04,46.78,46.67,46.38,46.18,45.97,45.74,45.53,normal,drought,False,0.758,0.199,0.042,0,0,0.29,10
29,2025-05-05,46.96,46.84,46.56,46.34,46.13,45.91,45.7,normal,drought,False,0.71,0.225,0.064,0,0,0.29,10
29,2025-05-06,47.63,47.59,47.44,47.26,47.08,46.91,46.67,normal,drought,False,0.735,0.212,0.054,0,0,0.29,10
29,2025-05-07,40.57,40.53,40.3,40.17,40.01,39.87,39.71,normal,drought,False,0.727,0.213,0.06,0,0,0.57,6
29,2025-05-08,39.81,39.73,39.49,39.35,39.19,39.06,38.9,normal,drought,False,0.744,0.206,0.05,0,0,0.57,6
29,2025-05-09,40.01,39.91,39.72,39.55,39.4,39.26,39.11,normal,drought,False,0.713,0.225,0.062,0,0,0.29,10
29,2025-05-10,40.21,40.11,39.88,39.7,39.54,39.37,39.23,normal,drought,False,0.707,0.232,0.061,0,0,0.29,10
29,2025-05-11,40.17,40.12,39.94,39.8,39.64,39.49,39.34,normal,drought,False,0.708,0.236,0.057,0,0,0.29,10
29,2025-05-12,40.44,40.42,40.28,40.15,40.0,39.84,39.69,normal,drought,False,0.716,0.235,0.049,0,0,0.29,10
29,2025-05-13,40.2,40.17,40.05,39.9,39.75,39.6,39.45,normal,drought,False,0.699,0.243,0.058,0,0,0.29,10
29,2025-05-14,40.11,40.04,39.91,39.74,39.59,39.44,39.29,normal,drought,False,0.794,0.179,0.027,0,0,0.29,10
29,2025-05-15,40.18,40.1,39.96,39.78,39.63,39.48,39.32,normal,drought,False,0.826,0.157,0.017,0,0,0.29,10
29,2025-05-16,39.79,39.7,39.5,39.33,39.16,38.99,38.85,normal,drought,False,0.831,0.151,0.018,0,0,0.29,10
29,2025-05-17,39.79,39.71,39.52,39.35,39.18,39.02,38.87,normal,drought,False,0.848,0.139,0.013,0,0,0.29,10
29,2025-05-18,40.03,40.01,39.87,39.75,39.63,39.54,39.33,normal,drought,False,0.832,0.153,0.015,0,0,0.29,10
29,2025-05-19,25.14,25.05,24.72,24.66,24.58,24.51,24.5,normal,drought,False,0.842,0.144,0.014,0,0,0.57,6
29,2025-05-20,23.37,23.23,22.9,22.82,22.75,22.71,22.69,normal,drought,False,0.84,0.146,0.015,0,0,0.57,6
29,2025-05-21,25.74,25.69,25.62,25.52,25.48,25.45,25.46,normal,drought,False,0.856,0.132,0.012,0,0,0.29,10
29,2025-05-22,26.91,26.9,26.87,26.8,26.79,26.76,26.75,normal,drought,False,0.841,0.147,0.012,0,0,0.29,10
29,2025-05-23,26.69,26.75,26.79,26.75,26.75,26.73,26.73,normal,drought,False,0.848,0.141,0.011,0,0,0.29,10
29,2025-05-24,27.29,27.38,27.47,27.45,27.45,27.44,27.43,normal,drought,False,0.813,0.166,0.021,0,0,0.29,10
29,2025-05-25,26.98,27.07,27.16,27.14,27.16,27.17,27.13,normal,drought,False,0.849,0.138,0.012,0,0,0.29,10
29,2025-05-26,26.6,26.58,26.55,26.47,26.45,26.42,26.42,normal,drought,False,0.822,0.161,0.016,0,0,0.29,10
29,2025-05-27,26.59,26.56,26.51,26.42,26.39,26.34,26.35,normal,drought,False,0.845,0.143,0.012,0,0,0.29,10
29,2025-05-28,26.68,26.66,26.61,26.54,26.52,26.47,26.48,normal,drought,False,0.801,0.174,0.026,0,0,0.29,10
29,2025-05-29,26.86,26.85,26.83,26.74,26.71,26.64,26.67,normal,drought,False,0.833,0.152,0.015,0,0,0.29,10
29,2025-05-30,26.95,26.96,26.98,26.92,26.89,26.84,26.86,normal,drought,False,0.767,0.202,0.031,0,0,0.29,10
29,2025-05-31,10.04,9.87,9.82,9.82,9.9,10.03,10.19,drought,drought,True,0.815,0.168,0.017,7,0,0.57,6
29,2025-06-01,7.97,7.75,7.69,7.71,7.8,7.94,8.12,drought,drought,True,0.803,0.176,0.021,7,0,0.57,6
29,2025-06-02,12.58,12.61,12.74,12.71,12.8,12.9,13.05,drought,drought,True,0.843,0.144,0.013,7,0,0.29,10
29,2025-06-03,12.45,12.46,12.57,12.55,12.64,12.72,12.88,drought,drought,True,0.857,0.132,0.011,7,0,0.29,10
29,2025-06-04,12.59,12.55,12.61,12.56,12.62,12.7,12.84,drought,drought,True,0.853,0.137,0.01,7,0,0.29,10
29,2025-06-05,12.55,12.59,12.73,12.72,12.81,12.89,13.06,drought,drought,True,0.855,0.134,0.011,7,0,0.29,10
29,2025-06-06,12.49,12.48,12.56,12.53,12.61,12.69,12.83,drought,drought,True,0.854,0.134,0.012,7,0,0.29,10
29,2025-06-07,12.23,12.18,12.25,12.19,12.26,12.33,12.49,drought,drought,True,0.857,0.13,0.012,7,0,0.29,10
29,2025-06-08,12.31,12.27,12.35,12.3,12.37,12.44,12.61,drought,drought,True,0.858,0.131,0.011,7,0,0.29,10
29,2025-06-09,12.34,12.32,12.4,12.36,12.43,12.5,12.67,drought,drought,True,0.855,0.132,0.013,7,0,0.29,10
29,2025-06-10,12.45,12.44,12.53,12.48,12.56,12.63,12.79,drought,drought,True,0.849,0.138,0.012,7,0,0.29,10
29,2025-06-11,12.79,12.86,13.03,13.04,13.15,13.26,13.41,drought,drought,True,0.854,0.132,0.014,7,0,0.29,10
29,2025-06-12,1.58,1.52,1.63,1.78,1.99,2.16,2.38,drought,drought,True,0.859,0.128,0.013,7,0,0.57,6
29,2025-06-13,1.47,1.42,1.52,1.66,1.84,1.97,2.22,drought,drought,True,0.852,0.132,0.016,7,0,0.57,6
29,2025-06-14,0.19,0.19,0.2,0.25,0.33,0.46,0.65,drought,drought,True,0.859,0.128,0.013,7,0,0.29,10
29,2025-06-15,0.13,0.16,0.19,0.26,0.36,0.53,0.68,drought,drought,True,0.848,0.138,0.014,7,0,0.29,10
29,2025-06-16,0.13,0.17,0.2,0.28,0.39,0.56,0.71,drought,drought,True,0.842,0.141,0.017,7,0,0.29,10
29,2025-06-17,0.04,0.06,0.07,0.14,0.24,0.42,0.55,drought,drought,True,0.833,0.146,0.021,7,0,0.29,10
29,2025-06-18,0.07,0.1,0.11,0.18,0.27,0.43,0.58,drought,drought,True,0.821,0.154,0.025,7,0,0.29,10
29,2025-06-19,0.25,0.31,0.34,0.43,0.52,0.66,0.84,drought,drought,True,0.81,0.166,0.023,7,0,0.29,10
29,2025-06-20,0.29,0.35,0.38,0.47,0.55,0.68,0.87,drought,drought,True,0.786,0.181,0.033,7,0,0.29,10
29,2025-06-21,0.25,0.3,0.32,0.4,0.49,0.62,0.81,drought,drought,True,0.784,0.181,0.035,7,0,0.29,10
29,2025-06-22,0.19,0.23,0.24,0.31,0.39,0.53,0.71,drought,drought,True,0.772,0.188,0.039,7,0,0.29,10
29,2025-06-23,0.18,0.18,0.2,0.25,0.31,0.43,0.63,drought,drought,True,0.792,0.175,0.033,7,0,0.29,10
29,2025-06-24,0.19,0.19,0.2,0.25,0.31,0.43,0.62,drought,drought,True,0.757,0.201,0.043,7,0,0.57,6
29,2025-06-25,0.26,0.27,0.29,0.33,0.4,0.51,0.71,drought,drought,True,0.783,0.183,0.034,7,0,0.57,6
29,2025-06-26,0.23,0.24,0.26,0.31,0.38,0.5,0.69,drought,drought,True,0.796,0.178,0.026,7,0,0.29,10
29,2025-06-27,0.15,0.14,0.15,0.19,0.26,0.39,0.57,drought,drought,True,0.768,0.193,0.04,7,0,0.29,10
29,2025-06-28,0.18,0.17,0.17,0.21,0.26,0.39,0.58,drought,drought,True,0.761,0.201,0.038,7,0,0.29,10
29,2025-06-29,0.13,0.11,0.11,0.14,0.2,0.34,0.52,drought,drought,True,0.826,0.153,0.021,7,0,0.29,10
29,2025-06-30,0.18,0.17,0.18,0.21,0.27,0.4,0.59,drought,drought,True,0.85,0.137,0.013,7,0,0.29,10
29,2025-07-01,0.32,0.35,0.37,0.42,0.49,0.6,0.8,drought,drought,True,0.844,0.14,0.016,7,0,0.29,10
29,2025-07-02,0.31,0.32,0.34,0.38,0.45,0.55,0.76,drought,drought,True,0.849,0.136,0.015,7,0,0.29,10
29,2025-07-03,0.32,0.33,0.34,0.39,0.46,0.57,0.77,drought,drought,True,0.843,0.141,0.017,7,0,0.29,10
29,2025-07-04,0.29,0.29,0.3,0.33,0.4,0.51,0.71,drought,drought,True,0.854,0.132,0.013,7,0,0.29,10
29,2025-07-05,0.3,0.29,0.29,0.32,0.37,0.47,0.68,drought,drought,True,0.85,0.134,0.016,7,0,0.29,10
29,2025-07-06,0.29,0.27,0.28,0.3,0.36,0.47,0.67,drought,drought,True,0.856,0.129,0.015,7,0,0.57,6
29,2025-07-07,0.34,0.33,0.34,0.37,0.43,0.53,0.73,drought,drought,True,0.848,0.137,0.015,7,0,0.57,6
29,2025-07-08,0.4,0.39,0.41,0.43,0.49,0.59,0.8,drought,drought,True,0.853,0.133,0.014,7,0,0.29,10
29,2025-07-09,0.37,0.36,0.36,0.38,0.43,0.53,0.73,drought,drought,True,0.854,0.13,0.016,7,0,0.29,10
29,2025-07-10,0.36,0.34,0.34,0.35,0.41,0.51,0.71,drought,drought,True,0.857,0.129,0.015,7,0,0.29,10
29,2025-07-11,0.34,0.32,0.31,0.33,0.38,0.49,0.68,drought,drought,True,0.864,0.123,0.013,7,0,0.29,10
29,2025-07-12,0.34,0.31,0.3,0.31,0.36,0.46,0.66,drought,drought,True,0.867,0.12,0.013,7,0,0.29,10
29,2025-07-13,0.33,0.3,0.29,0.3,0.35,0.46,0.66,drought,drought,True,0.864,0.123,0.013,7,0,0.29,10
29,2025-07-14,0.35,0.31,0.31,0.32,0.38,0.48,0.68,drought,drought,True,0.862,0.125,0.013,7,0,0.29,10
29,2025-07-15,0.32,0.28,0.28,0.3,0.36,0.47,0.67,drought,drought,True,0.861,0.126,0.013,7,0,0.29,10
29,2025-07-16,0.35,0.33,0.33,0.35,0.41,0.51,0.72,drought,drought,True,0.867,0.121,0.012,7,0,0.29,10
29,2025-07-17,0.22,0.2,0.2,0.23,0.3,0.44,0.62,drought,drought,True,0.871,0.119,0.011,7,0,0.29,10
29,2025-07-18,0.27,0.25,0.26,0.28,0.35,0.48,0.66,drought,drought,True,0.871,0.119,0.01,7,0,0.57,6
29,2025-07-19,0.23,0.23,0.24,0.29,0.37,0.5,0.68,drought,drought,True,0.869,0.121,0.009,7,0,0.57,6
29,2025-07-20,0.26,0.23,0.23,0.26,0.33,0.45,0.64,drought,drought,True,0.866,0.123,0.011,7,0,0.29,10
29,2025-07-21,0.2,0.22,0.24,0.3,0.39,0.53,0.7,drought,drought,True,0.873,0.119,0.009,7,0,0.29,10
29,2025-07-22,0.23,0.22,0.24,0.28,0.36,0.49,0.68,drought,drought,True,0.872,0.119,0.01,7,0,0.29,10
29,2025-07-23,0.22,0.23,0.24,0.3,0.38,0.51,0.7,drought,drought,True,0.87,0.119,0.01,7,0,0.29,10
29,2025-07-24,0.23,0.23,0.25,0.31,0.39,0.52,0.7,drought,drought,True,0.861,0.126,0.013,7,0,0.29,10
29,2025-07-25,0.26,0.29,0.32,0.39,0.47,0.6,0.79,drought,drought,True,0.852,0.134,0.014,7,0,0.29,10
29,2025-07-26,0.28,0.31,0.33,0.4,0.48,0.6,0.79,drought,drought,True,0.843,0.14,0.017,7,0,0.29,10
29,2025-07-27,0.19,0.21,0.23,0.29,0.37,0.51,0.68,drought,drought,True,0.835,0.145,0.02,7,0,0.29,10
29,2025-07-28,0.34,0.37,0.39,0.45,0.52,0.63,0.83,drought,drought,True,0.831,0.148,0.022,7,0,0.29,10
29,2025-07-29,0.33,0.36,0.38,0.44,0.5,0.61,0.81,drought,drought,True,0.828,0.149,0.023,7,0,0.29,10
29,2025-07-30,0.38,0.4,0.41,0.45,0.5,0.61,0.81,drought,drought,True,0.821,0.154,0.025,7,0,0.57,6
29,2025-07-31,0.42,0.46,0.47,0.51,0.58,0.69,0.88,drought,drought,True,0.819,0.156,0.025,7,0,0.57,6
29,2025-08-01,0.3,0.27,0.27,0.28,0.34,0.45,0.64,drought,drought,True,0.82,0.153,0.027,7,0,0.29,10
29,2025-08-02,0.17,0.14,0.13,0.16,0.22,0.38,0.53,drought,drought,True,0.822,0.152,0.027,7,0,0.29,10
29,2025-08-03,0.17,0.13,0.13,0.15,0.21,0.36,0.53,drought,drought,True,0.831,0.145,0.024,7,0,0.29,10
29,2025-08-04,0.09,0.06,0.06,0.1,0.18,0.35,0.5,drought,drought,True,0.838,0.143,0.019,7,0,0.29,10
29,2025-08-05,0.15,0.13,0.14,0.19,0.27,0.42,0.59,drought,drought,True,0.835,0.145,0.021,7,0,0.29,10
29,2025-08-06,0.14,0.16,0.18,0.25,0.33,0.47,0.66,drought,drought,True,0.827,0.153,0.02,7,0,0.29,10
29,2025-08-07,0.27,0.32,0.34,0.42,0.51,0.64,0.82,drought,drought,True,0.829,0.153,0.018,7,0,0.29,10
29,2025-08-08,0.29,0.36,0.4,0.49,0.59,0.72,0.91,drought,drought,True,0.837,0.148,0.015,7,0,0.29,10
29,2025-08-09,0.29,0.34,0.37,0.44,0.54,0.67,0.85,drought,drought,True,0.832,0.152,0.016,7,0,0.29,10
29,2025-08-10,0.2,0.23,0.25,0.31,0.4,0.53,0.71,drought,drought,True,0.841,0.144,0.015,7,0,0.29,10
29,2025-08-11,0.23,0.23,0.24,0.29,0.36,0.49,0.68,drought,drought,True,0.843,0.142,0.015,7,0,0.57,6
29,2025-08-12,0.22,0.22,0.24,0.29,0.36,0.49,0.68,drought,drought,True,0.842,0.142,0.016,7,0,0.57,6
29,2025-08-13,0.25,0.26,0.28,0.33,0.41,0.53,0.72,drought,drought,True,0.822,0.155,0.022,7,0,0.29,10
29,2025-08-14,0.2,0.22,0.24,0.3,0.37,0.5,0.69,drought,drought,True,0.813,0.159,0.028,7,0,0.29,10
29,2025-08-15,0.25,0.26,0.28,0.34,0.41,0.52,0.72,drought,drought,True,0.798,0.166,0.037,7,0,0.29,10
29,2025-08-16,0.22,0.23,0.25,0.31,0.38,0.5,0.69,drought,drought,True,0.786,0.173,0.042,7,0,0.29,10
29,2025-08-17,0.25,0.25,0.27,0.31,0.38,0.5,0.69,drought,drought,True,0.765,0.186,0.049,7,0,0.29,10
29,2025-08-18,0.24,0.25,0.26,0.31,0.38,0.51,0.69,drought,drought,True,0.797,0.167,0.036,7,0,0.29,10
29,2025-08-19,0.28,0.28,0.3,0.34,0.4,0.52,0.71,drought,drought,True,0.789,0.165,0.046,7,0,0.29,10
29,2025-08-20,0.41,0.43,0.46,0.5,0.57,0.66,0.87,drought,drought,True,0.778,0.173,0.049,7,0,0.29,10
29,2025-08-21,0.35,0.36,0.37,0.41,0.47,0.58,0.78,drought,drought,True,0.782,0.172,0.046,7,0,0.29,10
29,2025-08-22,0.33,0.34,0.34,0.37,0.44,0.55,0.74,drought,drought,True,0.793,0.17,0.038,7,0,0.29,10
29,2025-08-23,0.29,0.28,0.29,0.32,0.39,0.5,0.69,drought,drought,True,0.776,0.173,0.051,7,0,0.57,6
29,2025-08-24,0.23,0.19,0.19,0.2,0.26,0.39,0.57,drought,drought,True,0.778,0.17,0.053,7,0,0.57,6
29,2025-08-25,0.32,0.29,0.29,0.31,0.37,0.47,0.68,drought,drought,True,0.787,0.169,0.044,7,0,0.29,10
29,2025-08-26,0.28,0.26,0.26,0.28,0.34,0.46,0.65,drought,drought,True,0.809,0.161,0.03,7,0,0.29,10
29,2025-08-27,0.31,0.29,0.3,0.33,0.39,0.5,0.7,drought,drought,True,0.787,0.171,0.042,7,0,0.29,10
29,2025-08-28,0.31,0.31,0.33,0.37,0.44,0.55,0.75,drought,drought,True,0.793,0.168,0.039,7,0,0.29,10
29,2025-08-29,0.27,0.25,0.27,0.3,0.36,0.48,0.67,drought,drought,True,0.817,0.151,0.032,7,0,0.29,10
29,2025-08-30,0.32,0.31,0.32,0.36,0.43,0.54,0.74,drought,drought,True,0.835,0.145,0.02,7,0,0.29,10
29,2025-08-31,0.29,0.28,0.3,0.34,0.41,0.53,0.72,drought,drought,True,0.803,0.162,0.035,7,0,0.29,10
30,2025-03-01,14.54,14.66,14.85,14.88,15.05,15.16,15.25,drought,drought,True,0.782,0.207,0.011,7,0,0.29,10
30,2025-03-02,14.97,15.12,15.3,15.35,15.52,15.64,15.71,drought,drought,True,0.809,0.181,0.01,7,0,0.29,10
30,2025-03-03,14.6,14.67,14.8,14.8,14.95,15.05,15.14,drought,drought,True,0.822,0.169,0.009,7,0,0.29,10
30,2025-03-04,14.32,14.34,14.43,14.4,14.54,14.61,14.72,drought,drought,True,0.808,0.181,0.011,7,0,0.29,10
30,2025-03-05,14.23,14.25,14.35,14.33,14.45,14.52,14.64,drought,drought,True,0.811,0.178,0.011,7,0,0.29,10
30,2025-03-06,13.94,13.92,13.98,13.94,14.05,14.11,14.24,drought,drought,True,0.79,0.198,0.013,7,0,0.29,10
30,2025-03-07,13.53,13.48,13.53,13.48,13.58,13.64,13.78,drought,drought,True,0.808,0.183,0.01,7,0,0.29,10
30,2025-03-08,15.88,15.92,16.03,16.0,16.12,16.17,16.29,drought,drought,True,0.784,0.203,0.013,7,0,0.57,6
30,2025-03-09,16.24,16.32,16.47,16.46,16.59,16.65,16.77,drought,drought,True,0.799,0.19,0.011,7,0,0.57,6
30,2025-03-10,15.72,15.74,15.87,15.84,15.95,16.01,16.13,drought,drought,True,0.792,0.196,0.012,7,0,0.29,10
30,2025-03-11,16.18,16.34,16.53,16.59,16.74,16.84,16.93,drought,drought,True,0.807,0.184,0.009,7,0,0.29,10
30,2025-03-12,17.51,17.86,18.2,18.36,18.58,18.75,18.79,drought,drought,True,0.719,0.256,0.025,7,0,0.29,10
30,2025-03-13,16.31,16.36,16.51,16.49,16.62,16.7,16.78,drought,drought,True,0.801,0.186,0.012,7,0,0.29,10
30,2025-03-14,15.89,15.84,15.89,15.83,15.92,15.97,16.06,drought,drought,True,0.771,0.212,0.017,7,0,0.29,10
30,2025-03-15,16.15,16.2,16.31,16.29,16.41,16.46,16.57,drought,drought,True,0.786,0.202,0.012,7,0,0.29,10
30,2025-03-16,16.82,16.86,16.96,16.94,17.07,17.13,17.22,drought,drought,True,0.76,0.224,0.016,7,0,0.29,10
30,2025-03-17,16.8,16.98,17.18,17.23,17.4,17.5,17.58,drought,drought,True,0.774,0.213,0.013,7,0,0.29,10
30,2025-03-18,16.42,16.52,16.69,16.7,16.85,16.93,17.02,drought,drought,True,0.771,0.217,0.012,7,0,0.29,10
30,2025-03-19,15.87,15.86,15.93,15.88,15.98,16.03,16.13,drought,drought,True,0.776,0.212,0.012,7,0,0.29,10
30,2025-03-20,18.9,19.05,19.22,19.25,19.37,19.44,19.52,drought,drought,True,0.729,0.254,0.017,7,0,0.57,6
30,2025-03-21,18.41,18.51,18.64,18.63,18.75,18.79,18.88,drought,drought,True,0.77,0.22,0.011,7,0,0.57,6
30,2025-03-22,18.0,18.0,18.06,18.0,18.09,18.12,18.2,drought,drought,True,0.755,0.232,0.013,7,0,0.29,10
30,2025-03-23,18.09,18.21,18.36,18.38,18.49,18.55,18.62,drought,drought,True,0.82,0.172,0.008,7,0,0.29,10
30,2025-03-24,17.6,17.58,17.61,17.54,17.62,17.63,17.72,drought,drought,True,0.752,0.232,0.016,7,0,0.29,10
30,2025-03-25,17.42,17.41,17.47,17.41,17.5,17.52,17.63,drought,drought,True,0.793,0.198,0.009,7,0,0.29,10
30,2025-03-26,17.3,17.31,17.38,17.33,17.42,17.44,17.55,drought,drought,True,0.836,0.157,0.006,7,0,0.29,10
30,2025-03-27,17.39,17.38,17.45,17.39,17.47,17.5,17.6,drought,drought,True,0.89,0.107,0.003,7,0,0.29,10
30,2025-03-28,17.26,17.29,17.37,17.33,17.42,17.45,17.56,drought,drought,True,0.853,0.141,0.005,7,0,0.29,10
30,2025-03-29,17.37,17.42,17.53,17.51,17.6,17.63,17.73,drought,drought,True,0.89,0.108,0.003,7,0,0.29,10
30,2025-03-30,17.38,17.42,17.53,17.5,17.59,17.61,17.72,drought,drought,True,0.88,0.116,0.004,7,0,0.29,10
30,2025-03-31,17.09,17.09,17.17,17.12,17.2,17.21,17.34,drought,drought,True,0.92,0.079,0.002,7,0,0.29,10
30,2025-04-01,11.82,11.72,11.74,11.68,11.75,11.78,11.95,drought,drought,True,0.906,0.091,0.002,7,0,0.57,6
30,2025-04-02,11.84,11.79,11.83,11.8,11.89,11.95,12.09,drought,drought,True,0.93,0.069,0.001,7,0,0.57,6
30,2025-04-03,13.05,13.16,13.34,13.37,13.51,13.61,13.74,drought,drought,True,0.939,0.06,0.001,7,0,0.29,10
30,2025-04-04,14.28,14.54,14.86,14.98,15.18,15.32,15.44,drought,drought,True,0.933,0.066,0.001,7,0,0.29,10
30,2025-04-05,15.71,16.17,16.65,16.87,17.13,17.31,17.45,drought,drought,True,0.922,0.076,0.002,7,0,0.29,10
30,2025-04-06,14.56,14.72,14.95,14.99,15.17,15.28,15.39,drought,drought,True,0.925,0.074,0.001,7,0,0.29,10
30,2025-04-07,15.82,16.1,16.43,16.54,16.76,16.88,16.99,drought,drought,True,0.902,0.096,0.002,7,0,0.29,10
30,2025-04-08,14.75,14.87,15.05,15.08,15.24,15.33,15.43,drought,drought,True,0.901,0.096,0.002,7,0,0.29,10
30,2025-04-09,14.23,14.16,14.16,14.09,14.18,14.23,14.34,drought,drought,True,0.871,0.125,0.004,7,0,0.29,10
30,2025-04-10,13.51,13.47,13.51,13.46,13.56,13.62,13.74,drought,drought,True,0.884,0.113,0.003,7,0,0.29,10
30,2025-04-11,13.47,13.41,13.41,13.36,13.46,13.52,13.64,drought,drought,True,0.839,0.155,0.006,7,0,0.29,10
30,2025-04-12,12.8,12.72,12.72,12.66,12.75,12.81,12.93,drought,drought,True,0.869,0.127,0.004,7,0,0.29,10
30,2025-04-13,5.67,5.49,5.46,5.46,5.54,5.65,5.86,drought,drought,True,0.842,0.152,0.006,7,0,0.57,6
30,2025-04-14,5.15,5.01,5.02,5.05,5.15,5.28,5.48,drought,drought,True,0.861,0.135,0.004,7,0,0.57,6
30,2025-04-15,7.12,7.11,7.17,7.18,7.27,7.38,7.54,drought,drought,True,0.808,0.184,0.008,7,0,0.29,10
30,2025-04-16,6.7,6.67,6.72,6.73,6.81,6.91,7.09,drought,drought,True,0.838,0.156,0.005,7,0,0.29,10
30,2025-04-17,6.81,6.8,6.88,6.9,6.99,7.09,7.28,drought,drought,True,0.789,0.199,0.012,7,0,0.29,10
30,2025-04-18,6.58,6.53,6.57,6.57,6.64,6.74,6.92,drought,drought,True,0.84,0.154,0.006,7,0,0.29,10
30,2025-04-19,6.66,6.61,6.65,6.64,6.71,6.8,6.99,drought,drought,True,0.853,0.142,0.004,7,0,0.29,10
30,2025-04-20,6.42,6.38,6.42,6.42,6.49,6.58,6.76,drought,drought,True,0.907,0.091,0.002,7,0,0.29,10
30,2025-04-21,6.44,6.38,6.41,6.4,6.47,6.55,6.73,drought,drought,True,0.914,0.085,0.002,7,0,0.29,10
30,2025-04-22,6.66,6.64,6.71,6.72,6.8,6.91,7.08,drought,drought,True,0.93,0.069,0.001,7,0,0.29,10
30,2025-04-23,6.55,6.51,6.56,6.57,6.65,6.76,6.93,drought,drought,True,0.921,0.078,0.001,7,0,0.29,10
30,2025-04-24,6.55,6.52,6.57,6.58,6.66,6.77,6.93,drought,drought,True,0.935,0.064,0.001,7,0,0.29,10
30,2025-04-25,10.93,11.14,11.34,11.42,11.56,11.67,11.8,drought,drought,True,0.936,0.063,0.001,7,0,0.57,6
30,2025-04-26,11.49,11.7,11.9,11.98,12.12,12.23,12.36,drought,drought,True,0.941,0.059,0.001,7,0,0.57,6
30,2025-04-27,10.88,11.0,11.18,11.23,11.37,11.47,11.63,drought,drought,True,0.938,0.061,0.001,7,0,0.29,10
30,2025-04-28,10.86,10.98,11.16,11.2,11.35,11.46,11.6,drought,drought,True,0.941,0.059,0.001,7,0,0.29,10
30,2025-04-29,11.7,11.89,12.14,12.22,12.39,12.52,12.66,drought,drought,True,0.929,0.07,0.001,7,0,0.29,10
30,2025-04-30,12.01,12.24,12.51,12.62,12.82,12.96,13.09,drought,drought,True,0.931,0.068,0.001,7,0,0.29,10
30,2025-05-01,12.17,12.38,12.62,12.71,12.9,13.05,13.15,drought,drought,True,0.916,0.082,0.001,7,0,0.29,10
30,2025-05-02,11.13,11.12,11.2,11.17,11.28,11.36,11.49,drought,drought,True,0.923,0.076,0.001,7,0,0.29,10
30,2025-05-03,11.14,11.08,11.11,11.06,11.15,11.23,11.36,drought,drought,True,0.902,0.097,0.002,7,0,0.29,10
30,2025-05-04,10.69,10.62,10.63,10.59,10.68,10.75,10.88,drought,drought,True,0.904,0.094,0.002,7,0,0.29,10
30,2025-05-05,10.35,10.22,10.18,10.1,10.16,10.21,10.36,drought,drought,True,0.883,0.115,0.002,7,0,0.29,10
30,2025-05-06,10.84,10.9,11.02,11.03,11.14,11.23,11.38,drought,drought,True,0.894,0.104,0.002,7,0,0.29,10
30,2025-05-07,11.72,11.71,11.78,11.75,11.85,11.93,12.07,drought,drought,True,0.893,0.105,0.002,7,0,0.57,6
30,2025-05-08,12.03,12.03,12.12,12.09,12.2,12.28,12.41,drought,drought,True,0.896,0.102,0.002,7,0,0.57,6
30,2025-05-09,11.53,11.58,11.71,11.71,11.83,11.9,12.06,drought,drought,True,0.89,0.107,0.002,7,0,0.29,10
30,2025-05-10,11.93,11.93,12.01,11.99,12.08,12.15,12.3,drought,drought,True,0.888,0.109,0.002,7,0,0.29,10
30,2025-05-11,11.86,11.93,12.07,12.08,12.19,12.26,12.43,drought,drought,True,0.891,0.107,0.002,7,0,0.29,10
30,2025-05-12,11.51,11.5,11.58,11.55,11.64,11.69,11.85,drought,drought,True,0.886,0.112,0.002,7,0,0.29,10
30,2025-05-13,11.3,11.25,11.3,11.26,11.33,11.38,11.54,drought,drought,True,0.895,0.103,0.002,7,0,0.29,10
30,2025-05-14,11.2,11.15,11.2,11.14,11.22,11.26,11.43,drought,drought,True,0.917,0.082,0.001,7,0,0.29,10
30,2025-05-15,11.44,11.44,11.53,11.5,11.59,11.64,11.81,drought,drought,True,0.938,0.062,0.001,7,0,0.29,10
30,2025-05-16,11.22,11.23,11.33,11.3,11.4,11.45,11.62,drought,drought,True,0.938,0.061,0.001,7,0,0.29,10
30,2025-05-17,11.34,11.37,11.48,11.46,11.56,11.62,11.78,drought,drought,True,0.945,0.054,0.001,7,0,0.29,10
30,2025-05-18,12.18,12.37,12.61,12.7,12.87,13.0,13.12,drought,drought,True,0.937,0.062,0.001,7,0,0.29,10
30,2025-05-19,4.23,4.12,4.19,4.25,4.38,4.55,4.72,drought,drought,True,0.945,0.055,0.001,7,0,0.57,6
30,2025-05-20,4.04,3.94,4.01,4.08,4.22,4.41,4.56,drought,drought,True,0.942,0.057,0.001,7,0,0.57,6
30,2025-05-21,4.81,4.72,4.75,4.77,4.84,4.95,5.11,drought,drought,True,0.947,0.052,0.0,7,0,0.29,10
30,2025-05-22,5.91,5.91,5.96,6.02,6.11,6.22,6.38,drought,drought,True,0.932,0.067,0.001,7,0,0.29,10
30,2025-05-23,5.72,5.77,5.88,5.95,6.06,6.17,6.34,drought,drought,True,0.942,0.058,0.0,7,0,0.29,10
30,2025-05-24,5.75,5.72,5.75,5.78,5.86,5.95,6.13,drought,drought,True,0.925,0.074,0.001,7,0,0.29,10
30,2025-05-25,5.27,5.24,5.31,5.35,5.46,5.57,5.73,drought,drought,True,0.94,0.06,0.001,7,0,0.29,10
30,2025-05-26,4.93,4.83,4.82,4.84,4.9,5.01,5.15,drought,drought,True,0.918,0.081,0.001,7,0,0.29,10
30,2025-05-27,4.95,4.85,4.85,4.86,4.92,5.02,5.19,drought,drought,True,0.934,0.065,0.001,7,0,0.29,10
30,2025-05-28,4.89,4.8,4.81,4.84,4.9,5.0,5.17,drought,drought,True,0.919,0.08,0.001,7,0,0.29,10
30,2025-05-29,5.22,5.16,5.21,5.25,5.32,5.39,5.6,drought,drought,True,0.933,0.066,0.001,7,0,0.29,10
30,2025-05-30,5.23,5.19,5.26,5.31,5.38,5.47,5.67,drought,drought,True,0.911,0.088,0.001,7,0,0.29,10
30,2025-05-31,9.57,9.75,9.96,10.04,10.17,10.28,10.43,drought,drought,True,0.923,0.076,0.001,7,0,0.57,6
30,2025-06-01,9.5,9.59,9.71,9.73,9.83,9.91,10.07,drought,drought,True,0.928,0.071,0.001,7,0,0.57,6
30,2025-06-02,9.13,9.18,9.31,9.31,9.42,9.5,9.68,drought,drought,True,0.934,0.065,0.001,7,0,0.29,10
30,2025-06-03,8.87,8.87,8.98,8.97,9.06,9.13,9.32,drought,drought,True,0.945,0.054,0.0,7,0,0.29,10
30,2025-06-04,9.17,9.14,9.2,9.17,9.25,9.32,9.49,drought,drought,True,0.943,0.057,0.0,7,0,0.29,10
30,2025-06-05,8.96,8.96,9.06,9.05,9.15,9.21,9.4,drought,drought,True,0.948,0.051,0.0,7,0,0.29,10
30,2025-06-06,8.94,8.9,8.98,8.95,9.04,9.11,9.28,drought,drought,True,0.944,0.055,0.001,7,0,0.29,10
30,2025-06-07,8.86,8.84,8.93,8.91,9.0,9.06,9.25,drought,drought,True,0.951,0.048,0.0,7,0,0.29,10
30,2025-06-08,8.84,8.82,8.9,8.87,8.95,9.01,9.2,drought,drought,True,0.947,0.052,0.0,7,0,0.29,10
30,2025-06-09,8.93,8.93,9.03,9.02,9.11,9.17,9.37,drought,drought,True,0.952,0.047,0.0,7,0,0.29,10
30,2025-06-10,8.94,8.92,9.0,8.98,9.07,9.12,9.32,drought,drought,True,0.946,0.053,0.001,7,0,0.29,10
30,2025-06-11,9.14,9.18,9.32,9.34,9.46,9.55,9.72,drought,drought,True,0.953,0.046,0.0,7,0,0.29,10
30,2025-06-12,7.91,7.88,7.97,7.96,8.07,8.16,8.33,drought,drought,True,0.952,0.047,0.0,7,0,0.57,6
30,2025-06-13,7.95,7.89,7.97,7.93,8.02,8.09,8.28,drought,drought,True,0.953,0.046,0.001,7,0,0.57,6
30,2025-06-14,8.39,8.43,8.58,8.59,8.71,8.8,8.98,drought,drought,True,0.952,0.048,0.0,7,0,0.29,10
30,2025-06-15,8.8,8.9,9.06,9.11,9.25,9.37,9.52,drought,drought,True,0.95,0.05,0.0,7,0,0.29,10
30,2025-06-16,8.88,8.97,9.14,9.19,9.34,9.47,9.61,drought,drought,True,0.949,0.051,0.001,7,0,0.29,10
30,2025-06-17,8.83,8.92,9.09,9.14,9.29,9.42,9.55,drought,drought,True,0.944,0.056,0.001,7,0,0.29,10
30,2025-06-18,8.48,8.49,8.58,8.57,8.69,8.81,8.95,drought,drought,True,0.939,0.06,0.001,7,0,0.29,10
30,2025-06-19,8.65,8.61,8.66,8.64,8.72,8.81,8.97,drought,drought,True,0.929,0.07,0.001,7,0,0.29,10
30,2025-06-20,8.76,8.76,8.83,8.82,8.92,8.99,9.17,drought,drought,True,0.922,0.076,0.001,7,0,0.29,10
30,2025-06-21,8.22,8.16,8.18,8.15,8.22,8.29,8.47,drought,drought,True,0.918,0.081,0.001,7,0,0.29,10
30,2025-06-22,8.18,8.13,8.17,8.14,8.22,8.29,8.47,drought,drought,True,0.919,0.08,0.001,7,0,0.29,10
30,2025-06-23,7.83,7.78,7.83,7.79,7.87,7.93,8.13,drought,drought,True,0.92,0.079,0.001,7,0,0.29,10
30,2025-06-24,10.81,10.85,10.95,10.94,11.03,11.09,11.26,drought,drought,True,0.914,0.085,0.001,7,0,0.57,6
30,2025-06-25,11.22,11.33,11.5,11.51,11.62,11.68,11.86,drought,drought,True,0.92,0.079,0.001,7,0,0.57,6
30,2025-06-26,10.71,10.74,10.87,10.87,10.97,11.02,11.21,drought,drought,True,0.929,0.07,0.001,7,0,0.29,10
30,2025-06-27,10.8,10.85,11.01,11.01,11.13,11.2,11.37,drought,drought,True,0.927,0.072,0.001,7,0,0.29,10
30,2025-06-28,10.55,10.54,10.64,10.6,10.69,10.75,10.92,drought,drought,True,0.928,0.071,0.001,7,0,0.29,10
30,2025-06-29,10.74,10.76,10.89,10.88,10.99,11.06,11.22,drought,drought,True,0.941,0.058,0.001,7,0,0.29,10
30,2025-06-30,10.62,10.63,10.74,10.72,10.82,10.88,11.04,drought,drought,True,0.949,0.051,0.001,7,0,0.29,10
30,2025-07-01,10.89,10.88,10.97,10.93,11.02,11.06,11.24,drought,drought,True,0.95,0.049,0.001,7,0,0.29,10
30,2025-07-02,10.9,10.92,11.05,11.03,11.13,11.17,11.37,drought,drought,True,0.953,0.047,0.0,7,0,0.29,10
30,2025-07-03,10.79,10.77,10.85,10.8,10.89,10.93,11.11,drought,drought,True,0.95,0.049,0.001,7,0,0.29,10
30,2025-07-04,10.7,10.68,10.77,10.73,10.81,10.85,11.04,drought,drought,True,0.953,0.047,0.0,7,0,0.29,10
30,2025-07-05,10.62,10.61,10.71,10.67,10.75,10.78,10.98,drought,drought,True,0.952,0.047,0.001,7,0,0.29,10
30,2025-07-06,10.37,10.36,10.46,10.43,10.51,10.55,10.74,drought,drought,True,0.955,0.044,0.0,7,0,0.57,6
30,2025-07-07,10.38,10.37,10.48,10.45,10.53,10.57,10.77,drought,drought,True,0.951,0.048,0.001,7,0,0.57,6
30,2025-07-08,10.45,10.44,10.55,10.5,10.58,10.61,10.82,drought,drought,True,0.953,0.046,0.0,7,0,0.29,10
30,2025-07-09,10.48,10.47,10.58,10.54,10.62,10.65,10.86,drought,drought,True,0.954,0.046,0.001,7,0,0.29,10
30,2025-07-10,10.43,10.41,10.5,10.45,10.53,10.57,10.77,drought,drought,True,0.955,0.044,0.001,7,0,0.29,10
30,2025-07-11,10.48,10.49,10.6,10.57,10.66,10.71,10.89,drought,drought,True,0.955,0.044,0.001,7,0,0.29,10
30,2025-07-12,10.32,10.31,10.42,10.38,10.46,10.5,10.7,drought,drought,True,0.958,0.042,0.0,7,0,0.29,10
30,2025-07-13,10.34,10.32,10.41,10.37,10.45,10.48,10.67,drought,drought,True,0.957,0.043,0.0,7,0,0.29,10
30,2025-07-14,10.27,10.23,10.32,10.27,10.35,10.38,10.58,drought,drought,True,0.957,0.043,0.0,7,0,0.29,10
30,2025-07-15,10.3,10.25,10.33,10.28,10.36,10.4,10.59,drought,drought,True,0.956,0.044,0.0,7,0,0.29,10
30,2025-07-16,10.31,10.28,10.37,10.32,10.4,10.43,10.63,drought,drought,True,0.959,0.041,0.0,7,0,0.29,10
30,2025-07-17,10.48,10.49,10.61,10.6,10.71,10.77,10.95,drought,drought,True,0.958,0.041,0.0,7,0,0.29,10
30,2025-07-18,11.46,11.49,11.62,11.6,11.7,11.75,11.92,drought,drought,True,0.959,0.041,0.0,7,0,0.57,6
30,2025-07-19,11.82,11.88,12.03,12.03,12.14,12.21,12.37,drought,drought,True,0.956,0.043,0.0,7,0,0.57,6
30,2025-07-20,11.42,11.42,11.54,11.52,11.61,11.67,11.84,drought,drought,True,0.958,0.042,0.0,7,0,0.29,10
30,2025-07-21,11.6,11.59,11.69,11.67,11.77,11.84,11.99,drought,drought,True,0.956,0.043,0.0,7,0,0.29,10
30,2025-07-22,11.47,11.48,11.59,11.57,11.68,11.74,11.9,drought,drought,True,0.959,0.041,0.0,7,0,0.29,10
30,2025-07-23,11.64,11.66,11.77,11.76,11.87,11.94,12.1,drought,drought,True,0.955,0.045,0.0,7,0,0.29,10
30,2025-07-24,11.84,11.91,12.06,12.07,12.2,12.27,12.43,drought,drought,True,0.956,0.043,0.0,7,0,0.29,10
30,2025-07-25,11.99,12.07,12.23,12.25,12.37,12.44,12.61,drought,drought,True,0.951,0.049,0.0,7,0,0.29,10
30,2025-07-26,11.96,12.03,12.19,12.2,12.32,12.38,12.56,drought,drought,True,0.951,0.049,0.001,7,0,0.29,10
30,2025-07-27,11.96,12.02,12.17,12.17,12.3,12.37,12.53,drought,drought,True,0.946,0.053,0.001,7,0,0.29,10
30,2025-07-28,11.85,11.85,11.95,11.91,12.01,12.05,12.23,drought,drought,True,0.948,0.052,0.001,7,0,0.29,10
30,2025-07-29,12.0,12.02,12.14,12.12,12.21,12.26,12.44,drought,drought,True,0.943,0.056,0.001,7,0,0.29,10
30,2025-07-30,11.15,11.15,11.25,11.21,11.29,11.33,11.53,drought,drought,True,0.945,0.054,0.001,7,0,0.57,6
30,2025-07-31,11.06,11.03,11.1,11.05,11.12,11.16,11.34,drought,drought,True,0.942,0.058,0.001,7,0,0.57,6
30,2025-08-01,11.02,11.03,11.14,11.1,11.19,11.23,11.42,drought,drought,True,0.946,0.053,0.001,7,0,0.29,10
30,2025-08-02,11.24,11.29,11.43,11.43,11.54,11.62,11.77,drought,drought,True,0.944,0.055,0.001,7,0,0.29,10
30,2025-08-03,10.72,10.71,10.79,10.76,10.86,10.92,11.07,drought,drought,True,0.949,0.05,0.001,7,0,0.29,10
30,2025-08-04,10.84,10.85,10.94,10.93,11.05,11.13,11.26,drought,drought,True,0.948,0.052,0.001,7,0,0.29,10
30,2025-08-05,11.18,11.21,11.35,11.36,11.48,11.57,11.72,drought,drought,True,0.951,0.049,0.001,7,0,0.29,10
30,2025-08-06,10.86,10.8,10.85,10.81,10.9,10.97,11.11,drought,drought,True,0.945,0.055,0.001,7,0,0.29,10
30,2025-08-07,11.51,11.58,11.73,11.73,11.85,11.93,12.09,drought,drought,True,0.945,0.054,0.001,7,0,0.29,10
30,2025-08-08,11.55,11.65,11.81,11.83,11.96,12.04,12.2,drought,drought,True,0.941,0.058,0.001,7,0,0.29,10
30,2025-08-09,11.79,11.87,12.01,12.02,12.15,12.22,12.38,drought,drought,True,0.942,0.057,0.001,7,0,0.29,10
30,2025-08-10,10.95,10.97,11.08,11.06,11.17,11.23,11.4,drought,drought,True,0.941,0.059,0.001,7,0,0.29,10
30,2025-08-11,9.44,9.36,9.4,9.36,9.44,9.49,9.67,drought,drought,True,0.943,0.057,0.001,7,0,0.57,6
30,2025-08-12,9.2,9.13,9.19,9.15,9.23,9.29,9.48,drought,drought,True,0.943,0.057,0.001,7,0,0.57,6
30,2025-08-13,9.71,9.68,9.76,9.73,9.82,9.88,10.06,drought,drought,True,0.94,0.059,0.001,7,0,0.29,10
30,2025-08-14,9.77,9.81,9.96,9.97,10.09,10.16,10.35,drought,drought,True,0.938,0.061,0.001,7,0,0.29,10
30,2025-08-15,9.79,9.82,9.96,9.96,10.07,10.14,10.33,drought,drought,True,0.938,0.061,0.001,7,0,0.29,10
30,2025-08-16,9.83,9.86,10.01,10.01,10.13,10.2,10.39,drought,drought,True,0.935,0.064,0.001,7,0,0.29,10
30,2025-08-17,9.73,9.74,9.86,9.85,9.95,10.02,10.21,drought,drought,True,0.931,0.068,0.001,7,0,0.29,10
30,2025-08-18,9.81,9.82,9.93,9.92,10.02,10.09,10.27,drought,drought,True,0.94,0.059,0.001,7,0,0.29,10
30,2025-08-19,9.71,9.69,9.8,9.77,9.86,9.92,10.11,drought,drought,True,0.943,0.056,0.001,7,0,0.29,10
30,2025-08-20,9.84,9.83,9.93,9.89,9.97,10.01,10.23,drought,drought,True,0.94,0.059,0.001,7,0,0.29,10
30,2025-08-21,9.78,9.79,9.9,9.87,9.97,10.02,10.22,drought,drought,True,0.941,0.057,0.001,7,0,0.29,10
30,2025-08-22,9.71,9.71,9.8,9.77,9.86,9.91,10.1,drought,drought,True,0.941,0.058,0.001,7,0,0.29,10
30,2025-08-23,10.58,10.64,10.78,10.77,10.88,10.94,11.13,drought,drought,True,0.944,0.055,0.001,7,0,0.57,6
30,2025-08-24,10.25,10.26,10.38,10.37,10.46,10.52,10.71,drought,drought,True,0.944,0.054,0.001,7,0,0.57,6
30,2025-08-25,9.98,9.93,10.0,9.94,10.01,10.05,10.24,drought,drought,True,0.944,0.055,0.001,7,0,0.29,10
30,2025-08-26,10.04,10.01,10.09,10.04,10.12,10.17,10.36,drought,drought,True,0.945,0.054,0.001,7,0,0.29,10
30,2025-08-27,10.2,10.17,10.26,10.22,10.31,10.35,10.55,drought,drought,True,0.945,0.054,0.001,7,0,0.29,10
30,2025-08-28,10.26,10.25,10.36,10.33,10.42,10.47,10.66,drought,drought,True,0.949,0.05,0.001,7,0,0.29,10
30,2025-08-29,10.18,10.2,10.34,10.33,10.43,10.49,10.68,drought,drought,True,0.951,0.049,0.001,7,0,0.29,10
30,2025-08-30,10.11,10.1,10.22,10.19,10.28,10.33,10.52,drought,drought,True,0.95,0.049,0.001,7,0,0.29,10
30,2025-08-31,10.44,10.47,10.62,10.61,10.72,10.79,10.98,drought,drought,True,0.946,0.053,0.001,7,0,0.29,10
31,2025-03-01,87.01,86.98,86.48,86.07,85.63,85.26,84.63,overflow,drought,False,0.518,0.482,0.0,0,7,0.29,10
31,2025-03-02,87.1,87.1,86.66,86.26,85.84,85.49,84.84,overflow,drought,False,0.543,0.456,0.001,0,7,0.29,10
31,2025-03-03,87.22,87.22,86.78,86.38,85.94,85.59,84.95,overflow,drought,False,0.541,0.458,0.001,0,7,0.29,10
31,2025-03-04,87.31,87.31,86.87,86.47,86.02,85.65,85.03,overflow,drought,False,0.531,0.469,0.001,0,7,0.29,10
31,2025-03-05,87.34,87.34,86.91,86.51,86.06,85.68,85.07,overflow,drought,False,0.519,0.48,0.001,0,7,0.29,10
31,2025-03-06,87.09,87.1,86.64,86.25,85.81,85.41,84.81,overflow,drought,False,0.531,0.469,0.001,0,7,0.29,10
31,2025-03-07,87.14,87.16,86.69,86.31,85.86,85.47,84.87,overflow,drought,False,0.522,0.477,0.001,0,7,0.29,10
31,2025-03-08,87.0,87.03,86.57,86.19,85.75,85.36,84.77,overflow,drought,False,0.524,0.475,0.001,0,7,0.57,6
31,2025-03-09,87.01,87.04,86.58,86.2,85.77,85.38,84.79,overflow,drought,False,0.527,0.472,0.001,0,7,0.57,6
31,2025-03-10,86.93,86.96,86.52,86.14,85.71,85.33,84.74,overflow,drought,False,0.544,0.456,0.001,0,7,0.29,10
31,2025-03-11,86.53,86.57,86.09,85.74,85.32,84.96,84.33,overflow,drought,False,0.575,0.425,0.001,0,7,0.29,10
31,2025-03-12,86.64,86.69,86.22,85.88,85.48,85.15,84.47,overflow,drought,False,0.574,0.425,0.001,0,7,0.29,10
31,2025-03-13,87.91,87.99,87.59,87.22,86.8,86.46,85.82,overflow,drought,False,0.538,0.461,0.001,0,7,0.29,10
31,2025-03-14,87.69,87.74,87.32,86.95,86.52,86.14,85.52,overflow,drought,False,0.535,0.465,0.001,0,7,0.29,10
31,2025-03-15,87.4,87.43,87.0,86.62,86.18,85.78,85.17,overflow,drought,False,0.533,0.467,0.001,0,7,0.29,10
31,2025-03-16,87.25,87.27,86.83,86.46,86.03,85.65,85.02,overflow,drought,False,0.51,0.49,0.001,0,7,0.29,10
31,2025-03-17,86.89,86.89,86.36,85.98,85.53,85.14,84.51,overflow,drought,False,0.533,0.466,0.001,0,7,0.29,10
31,2025-03-18,87.34,87.35,86.86,86.47,86.02,85.64,85.02,overflow,normal,False,0.493,0.507,0.001,0,7,0.29,10
31,2025-03-19,87.48,87.5,87.04,86.65,86.19,85.81,85.2,overflow,drought,False,0.517,0.482,0.001,0,7,0.29,10
31,2025-03-20,87.13,87.14,86.69,86.3,85.88,85.5,84.87,overflow,normal,False,0.49,0.509,0.001,0,7,0.57,6
31,2025-03-21,87.13,87.1,86.66,86.25,85.8,85.43,84.82,overflow,drought,False,0.505,0.494,0.001,0,7,0.57,6
31,2025-03-22,87.62,87.61,87.14,86.73,86.27,85.9,85.29,overflow,normal,False,0.462,0.537,0.001,0,7,0.29,10
31,2025-03-23,87.22,87.23,86.74,86.35,85.9,85.51,84.89,overflow,drought,False,0.512,0.487,0.001,0,7,0.29,10
31,2025-03-24,87.48,87.52,87.05,86.68,86.23,85.82,85.22,overflow,normal,False,0.468,0.531,0.001,0,7,0.29,10
31,2025-03-25,87.22,87.26,86.78,86.42,85.97,85.57,84.97,overflow,drought,False,0.503,0.496,0.002,0,7,0.29,10
31,2025-03-26,86.98,86.97,86.45,86.06,85.6,85.19,84.59,overflow,normal,False,0.482,0.516,0.002,0,7,0.29,10
31,2025-03-27,87.24,87.22,86.73,86.33,85.87,85.48,84.88,overflow,normal,False,0.493,0.505,0.002,0,7,0.29,10
31,2025-03-28,87.09,87.08,86.57,86.18,85.72,85.32,84.72,overflow,normal,False,0.48,0.519,0.002,0,7,0.29,10
31,2025-03-29,87.23,87.25,86.76,86.39,85.93,85.53,84.92,overflow,drought,False,0.505,0.493,0.002,0,7,0.29,10
31,2025-03-30,87.39,87.42,86.97,86.59,86.14,85.75,85.15,overflow,normal,False,0.482,0.516,0.002,0,7,0.29,10
31,2025-03-31,87.26,87.25,86.76,86.36,85.9,85.5,84.9,overflow,normal,False,0.496,0.502,0.002,0,7,0.29,10
31,2025-04-01,85.28,85.3,84.8,84.43,83.98,83.57,83.0,overflow,normal,False,0.487,0.511,0.002,0,7,0.57,6
31,2025-04-02,84.91,84.92,84.41,84.06,83.61,83.23,82.63,overflow,drought,False,0.505,0.493,0.002,0,7,0.57,6
31,2025-04-03,84.57,84.54,84.02,83.64,83.2,82.83,82.21,overflow,drought,False,0.51,0.488,0.002,0,7,0.29,10
31,2025-04-04,85.01,84.99,84.52,84.15,83.73,83.38,82.74,overflow,normal,False,0.495,0.502,0.003,0,7,0.29,10
31,2025-04-05,85.9,85.92,85.54,85.17,84.78,84.45,83.79,overflow,normal,False,0.465,0.533,0.003,0,7,0.29,10
31,2025-04-06,85.74,85.71,85.29,84.88,84.45,84.11,83.48,overflow,normal,False,0.486,0.511,0.003,0,7,0.29,10
31,2025-04-07,86.24,86.21,85.84,85.44,85.02,84.68,84.04,overflow,normal,False,0.457,0.54,0.003,0,7,0.29,10
31,2025-04-08,85.71,85.68,85.24,84.83,84.4,84.03,83.42,overflow,normal,False,0.479,0.518,0.002,0,7,0.29,10
31,2025-04-09,85.79,85.74,85.21,84.79,84.31,83.9,83.32,overflow,normal,False,0.475,0.523,0.002,0,7,0.29,10
31,2025-04-10,85.24,85.22,84.71,84.31,83.85,83.44,82.87,overflow,normal,False,0.492,0.506,0.002,0,7,0.29,10
31,2025-04-11,84.7,84.67,84.1,83.71,83.25,82.84,82.27,overflow,normal,False,0.49,0.508,0.002,0,7,0.29,10
31,2025-04-12,84.73,84.7,84.18,83.78,83.33,82.95,82.37,overflow,drought,False,0.505,0.493,0.002,0,7,0.29,10
31,2025-04-13,84.89,84.85,84.36,83.94,83.5,83.14,82.57,overflow,normal,False,0.49,0.509,0.002,0,7,0.57,6
31,2025-04-14,84.73,84.75,84.28,83.91,83.48,83.11,82.53,overflow,drought,False,0.506,0.492,0.002,0,7,0.57,6
31,2025-04-15,84.77,84.81,84.39,84.03,83.61,83.26,82.66,overflow,normal,False,0.484,0.514,0.002,0,7,0.29,10
31,2025-04-16,84.97,85.03,84.6,84.26,83.83,83.46,82.87,overflow,normal,False,0.49,0.508,0.002,0,7,0.29,10
31,2025-04-17,85.12,85.2,84.74,84.42,83.99,83.6,83.01,overflow,normal,False,0.47,0.528,0.002,0,7,0.29,10
31,2025-04-18,84.99,85.04,84.58,84.24,83.8,83.41,82.82,overflow,normal,False,0.484,0.514,0.002,0,7,0.29,10
31,2025-04-19,84.96,85.0,84.52,84.17,83.73,83.34,82.74,overflow,normal,False,0.464,0.534,0.002,0,7,0.29,10
31,2025-04-20,84.83,84.84,84.34,83.97,83.52,83.12,82.54,overflow,normal,False,0.484,0.513,0.003,0,7,0.29,10
31,2025-04-21,84.78,84.76,84.25,83.86,83.4,83.01,82.43,overflow,normal,False,0.475,0.522,0.003,0,7,0.29,10
31,2025-04-22,84.73,84.69,84.19,83.8,83.35,82.97,82.38,overflow,normal,False,0.486,0.511,0.004,0,7,0.29,10
31,2025-04-23,84.52,84.49,83.98,83.59,83.15,82.76,82.17,overflow,normal,False,0.479,0.518,0.003,0,7,0.29,10
31,2025-04-24,84.54,84.51,84.01,83.62,83.17,82.79,82.2,overflow,drought,False,0.498,0.498,0.003,0,7,0.29,10
31,2025-04-25,84.38,84.36,83.86,83.47,83.02,82.65,82.05,overflow,drought,False,0.505,0.491,0.004,0,7,0.57,6
31,2025-04-26,84.56,84.54,84.06,83.68,83.24,82.87,82.27,overflow,drought,False,0.502,0.494,0.004,0,7,0.57,6
31,2025-04-27,84.78,84.78,84.34,83.97,83.55,83.19,82.58,overflow,normal,False,0.483,0.513,0.004,0,7,0.29,10
31,2025-04-28,84.56,84.55,84.1,83.73,83.31,82.95,82.33,overflow,normal,False,0.495,0.501,0.004,0,7,0.29,10
31,2025-04-29,85.18,85.19,84.77,84.4,83.98,83.63,83.0,overflow,normal,False,0.479,0.517,0.004,0,7,0.29,10
31,2025-04-30,84.87,84.85,84.41,84.03,83.61,83.27,82.64,overflow,normal,False,0.491,0.505,0.004,0,7,0.29,10
31,2025-05-01,84.75,84.72,84.23,83.85,83.41,83.05,82.42,overflow,drought,False,0.499,0.498,0.004,0,7,0.29,10
31,2025-05-02,85.17,85.16,84.7,84.31,83.86,83.49,82.88,overflow,normal,False,0.492,0.505,0.004,0,7,0.29,10
31,2025-05-03,85.01,84.98,84.48,84.08,83.63,83.24,82.65,overflow,normal,False,0.496,0.501,0.004,0,7,0.29,10
31,2025-05-04,84.67,84.65,84.15,83.77,83.31,82.92,82.34,overflow,normal,False,0.493,0.504,0.003,0,7,0.29,10
31,2025-05-05,84.77,84.77,84.28,83.9,83.44,83.06,82.48,overflow,normal,False,0.474,0.523,0.003,0,7,0.29,10
31,2025-05-06,85.29,85.31,84.86,84.49,84.05,83.68,83.09,overflow,normal,False,0.458,0.539,0.003,0,7,0.29,10
31,2025-05-07,85.09,85.05,84.57,84.17,83.73,83.35,82.76,overflow,normal,False,0.481,0.516,0.003,0,7,0.57,6
31,2025-05-08,84.95,84.91,84.42,84.03,83.58,83.21,82.61,overflow,normal,False,0.494,0.503,0.003,0,7,0.57,6
31,2025-05-09,84.98,84.99,84.5,84.13,83.68,83.29,82.71,overflow,drought,False,0.5,0.497,0.003,0,7,0.29,10
31,2025-05-10,85.44,85.45,84.94,84.57,84.11,83.71,83.13,overflow,normal,False,0.482,0.514,0.004,0,7,0.29,10
31,2025-05-11,85.31,85.35,84.89,84.54,84.1,83.71,83.13,overflow,normal,False,0.478,0.519,0.003,0,7,0.29,10
31,2025-05-12,85.27,85.3,84.85,84.49,84.05,83.65,83.07,overflow,normal,False,0.465,0.531,0.004,0,7,0.29,10
31,2025-05-13,84.99,85.01,84.52,84.16,83.71,83.3,82.72,overflow,normal,False,0.483,0.514,0.004,0,7,0.29,10
31,2025-05-14,84.74,84.7,84.17,83.77,83.3,82.9,82.33,overflow,normal,False,0.484,0.512,0.004,0,7,0.29,10
31,2025-05-15,84.68,84.64,84.11,83.72,83.25,82.84,82.26,overflow,normal,False,0.471,0.524,0.004,0,7,0.29,10
31,2025-05-16,84.51,84.49,83.95,83.56,83.09,82.68,82.11,overflow,normal,False,0.473,0.522,0.004,0,7,0.29,10
31,2025-05-17,84.45,84.41,83.88,83.49,83.02,82.63,82.04,overflow,normal,False,0.486,0.509,0.005,0,7,0.29,10
31,2025-05-18,83.6,83.56,83.03,82.66,82.22,81.86,81.25,overflow,drought,False,0.524,0.47,0.006,0,7,0.29,10
31,2025-05-19,83.3,83.28,82.78,82.41,81.97,81.6,81.01,overflow,drought,False,0.508,0.487,0.005,0,7,0.57,6
31,2025-05-20,83.45,83.45,82.97,82.6,82.18,81.84,81.22,overflow,drought,False,0.512,0.483,0.005,0,7,0.57,6
31,2025-05-21,84.16,84.18,83.74,83.37,82.93,82.57,81.98,overflow,drought,False,0.505,0.49,0.005,0,7,0.29,10
31,2025-05-22,84.04,84.07,83.66,83.3,82.87,82.53,81.92,overflow,drought,False,0.521,0.473,0.005,0,7,0.29,10
31,2025-05-23,84.23,84.24,83.82,83.44,83.01,82.65,82.04,overflow,drought,False,0.512,0.483,0.005,0,7,0.29,10
31,2025-05-24,84.28,84.29,83.85,83.47,83.03,82.66,82.07,overflow,normal,False,0.49,0.506,0.005,0,7,0.29,10
31,2025-05-25,83.87,83.84,83.32,82.94,82.49,82.11,81.51,overflow,drought,False,0.522,0.473,0.005,0,7,0.29,10
31,2025-05-26,83.62,83.61,83.08,82.7,82.25,81.86,81.27,overflow,drought,False,0.525,0.47,0.005,0,7,0.29,10
31,2025-05-27,84.1,84.1,83.6,83.22,82.77,82.38,81.8,overflow,drought,False,0.507,0.488,0.005,0,7,0.29,10
31,2025-05-28,84.06,84.06,83.57,83.2,82.76,82.37,81.79,overflow,drought,False,0.503,0.492,0.005,0,7,0.29,10
31,2025-05-29,84.35,84.31,83.85,83.45,83.0,82.61,82.05,overflow,normal,False,0.483,0.512,0.005,0,7,0.29,10
31,2025-05-30,84.19,84.19,83.74,83.36,82.92,82.53,81.97,overflow,normal,False,0.488,0.507,0.005,0,7,0.29,10
31,2025-05-31,83.3,83.3,82.8,82.44,82.0,81.62,81.04,overflow,drought,False,0.507,0.488,0.005,0,7,0.57,6
31,2025-06-01,83.52,83.52,83.02,82.65,82.2,81.81,81.24,overflow,normal,False,0.497,0.499,0.005,0,7,0.57,6
31,2025-06-02,83.67,83.69,83.17,82.81,82.35,81.97,81.39,overflow,drought,False,0.503,0.492,0.005,0,7,0.29,10
31,2025-06-03,83.66,83.66,83.16,82.78,82.33,81.94,81.37,overflow,normal,False,0.496,0.499,0.005,0,7,0.29,10
31,2025-06-04,83.61,83.59,83.13,82.75,82.31,81.94,81.36,overflow,normal,False,0.496,0.498,0.005,0,7,0.29,10
31,2025-06-05,83.47,83.43,82.95,82.56,82.11,81.73,81.16,overflow,normal,False,0.491,0.504,0.005,0,7,0.29,10
31,2025-06-06,83.33,83.29,82.78,82.39,81.94,81.56,80.98,overflow,drought,False,0.503,0.492,0.005,0,7,0.29,10
31,2025-06-07,83.45,83.43,82.93,82.55,82.1,81.71,81.14,overflow,normal,False,0.489,0.506,0.005,0,7,0.29,10
31,2025-06-08,83.5,83.49,83.0,82.62,82.17,81.78,81.22,overflow,normal,False,0.485,0.51,0.005,0,7,0.29,10
31,2025-06-09,83.4,83.38,82.9,82.51,82.06,81.67,81.11,overflow,normal,False,0.481,0.514,0.005,0,7,0.29,10
31,2025-06-10,83.32,83.28,82.8,82.4,81.95,81.57,81.01,overflow,drought,False,0.5,0.495,0.005,0,7,0.29,10
31,2025-06-11,83.0,82.92,82.41,82.01,81.56,81.2,80.62,overflow,drought,False,0.511,0.484,0.004,0,7,0.29,10
31,2025-06-12,83.62,83.57,83.06,82.67,82.23,81.86,81.27,overflow,drought,False,0.522,0.474,0.004,0,7,0.57,6
31,2025-06-13,84.61,84.62,84.16,83.78,83.34,82.98,82.38,overflow,drought,False,0.5,0.496,0.004,0,7,0.57,6
31,2025-06-14,84.56,84.57,84.12,83.75,83.31,82.95,82.36,overflow,drought,False,0.521,0.476,0.004,0,7,0.29,10
31,2025-06-15,83.86,83.85,83.39,83.02,82.6,82.24,81.62,overflow,drought,False,0.539,0.457,0.004,0,7,0.29,10
31,2025-06-16,83.89,83.86,83.4,83.02,82.6,82.25,81.63,overflow,drought,False,0.539,0.458,0.003,0,7,0.29,10
31,2025-06-17,83.93,83.9,83.37,82.99,82.55,82.19,81.58,overflow,drought,False,0.555,0.442,0.003,0,7,0.29,10
31,2025-06-18,84.29,84.29,83.79,83.41,82.96,82.59,81.99,overflow,drought,False,0.543,0.454,0.003,0,7,0.29,10
31,2025-06-19,84.84,84.87,84.45,84.08,83.64,83.28,82.68,overflow,drought,False,0.513,0.484,0.003,0,7,0.29,10
31,2025-06-20,84.85,84.86,84.45,84.06,83.63,83.25,82.66,overflow,normal,False,0.49,0.508,0.003,0,7,0.29,10
31,2025-06-21,84.65,84.61,84.17,83.76,83.32,82.94,82.37,overflow,drought,False,0.499,0.498,0.003,0,7,0.29,10
31,2025-06-22,84.47,84.41,83.92,83.51,83.06,82.68,82.1,overflow,normal,False,0.498,0.499,0.003,0,7,0.29,10
31,2025-06-23,84.45,84.43,83.9,83.51,83.04,82.63,82.07,overflow,normal,False,0.496,0.501,0.003,0,7,0.29,10
31,2025-06-24,84.75,84.75,84.22,83.84,83.38,82.96,82.39,overflow,normal,False,0.485,0.512,0.003,0,7,0.57,6
31,2025-06-25,84.63,84.63,84.13,83.74,83.29,82.87,82.31,overflow,normal,False,0.486,0.511,0.003,0,7,0.57,6
31,2025-06-26,84.43,84.39,83.88,83.49,83.03,82.63,82.06,overflow,normal,False,0.492,0.505,0.003,0,7,0.29,10
31,2025-06-27,84.27,84.21,83.69,83.3,82.84,82.45,81.88,overflow,normal,False,0.496,0.5,0.003,0,7,0.29,10
31,2025-06-28,84.39,84.37,83.86,83.47,83.01,82.62,82.05,overflow,normal,False,0.49,0.506,0.003,0,7,0.29,10
31,2025-06-29,84.38,84.37,83.86,83.49,83.03,82.65,82.06,overflow,drought,False,0.506,0.49,0.004,0,7,0.29,10
31,2025-06-30,84.41,84.42,83.93,83.55,83.1,82.72,82.13,overflow,drought,False,0.504,0.491,0.004,0,7,0.29,10
31,2025-07-01,84.83,84.83,84.38,83.99,83.54,83.16,82.57,overflow,normal,False,0.471,0.525,0.004,0,7,0.29,10
31,2025-07-02,84.53,84.49,84.01,83.6,83.14,82.74,82.18,overflow,normal,False,0.472,0.524,0.004,0,7,0.29,10
31,2025-07-03,84.29,84.23,83.72,83.3,82.83,82.42,81.86,overflow,normal,False,0.467,0.529,0.004,0,7,0.29,10
31,2025-07-04,83.99,83.92,83.39,82.98,82.5,82.09,81.53,overflow,normal,False,0.481,0.514,0.005,0,7,0.29,10
31,2025-07-05,84.01,83.96,83.4,82.99,82.51,82.08,81.54,overflow,normal,False,0.463,0.533,0.004,0,7,0.29,10
31,2025-07-06,83.06,83.02,82.48,82.08,81.61,81.2,80.65,overflow,normal,False,0.472,0.523,0.004,0,7,0.57,6
31,2025-07-07,82.86,82.81,82.29,81.88,81.42,81.01,80.48,overflow,normal,False,0.465,0.53,0.004,0,7,0.57,6
31,2025-07-08,82.81,82.73,82.22,81.8,81.33,80.93,80.39,overflow,normal,False,0.465,0.53,0.005,0,7,0.29,10
31,2025-07-09,82.75,82.68,82.17,81.75,81.28,80.88,80.34,overflow,normal,False,0.459,0.537,0.004,0,7,0.29,10
31,2025-07-10,82.58,82.53,82.0,81.59,81.12,80.72,80.17,overflow,normal,False,0.465,0.531,0.004,0,7,0.29,10
31,2025-07-11,82.42,82.37,81.84,81.44,80.98,80.58,80.01,overflow,normal,False,0.475,0.521,0.005,0,7,0.29,10
31,2025-07-12,82.48,82.44,81.92,81.53,81.07,80.66,80.11,overflow,normal,False,0.458,0.537,0.005,0,7,0.29,10
31,2025-07-13,82.53,82.48,81.97,81.57,81.11,80.71,80.15,overflow,normal,False,0.451,0.543,0.005,0,7,0.29,10
31,2025-07-14,82.46,82.38,81.87,81.46,81.0,80.61,80.05,overflow,normal,False,0.444,0.551,0.006,0,7,0.29,10
31,2025-07-15,82.56,82.49,81.99,81.58,81.12,80.74,80.17,overflow,normal,False,0.452,0.542,0.006,0,7,0.29,10
31,2025-07-16,82.59,82.53,82.03,81.63,81.17,80.77,80.22,overflow,normal,False,0.438,0.557,0.006,0,7,0.29,10
31,2025-07-17,82.63,82.57,82.07,81.68,81.22,80.86,80.28,overflow,normal,False,0.474,0.52,0.006,0,7,0.29,10
31,2025-07-18,79.83,79.83,79.33,78.97,78.54,78.17,77.63,overflow,normal,False,0.474,0.52,0.006,0,7,0.57,6
31,2025-07-19,79.99,79.99,79.5,79.15,78.72,78.37,77.82,overflow,normal,False,0.491,0.503,0.006,0,7,0.57,6
31,2025-07-20,80.19,80.16,79.73,79.35,78.94,78.59,78.04,overflow,normal,False,0.466,0.529,0.005,0,7,0.29,10
31,2025-07-21,80.45,80.42,80.0,79.62,79.22,78.88,78.32,overflow,normal,False,0.493,0.501,0.006,0,7,0.29,10
31,2025-07-22,80.5,80.48,80.06,79.69,79.28,78.93,78.38,overflow,normal,False,0.488,0.507,0.005,0,7,0.29,10
31,2025-07-23,80.77,80.77,80.33,79.97,79.56,79.21,78.65,overflow,normal,False,0.496,0.5,0.005,0,7,0.29,10
31,2025-07-24,80.84,80.83,80.4,80.03,79.63,79.27,78.71,overflow,normal,False,0.496,0.5,0.004,0,7,0.29,10
31,2025-07-25,80.99,80.98,80.53,80.16,79.75,79.39,78.84,overflow,drought,False,0.5,0.496,0.004,0,7,0.29,10
31,2025-07-26,80.99,80.96,80.52,80.14,79.72,79.36,78.82,overflow,drought,False,0.501,0.496,0.003,0,7,0.29,10
31,2025-07-27,81.08,81.05,80.59,80.22,79.8,79.45,78.89,overflow,drought,False,0.51,0.487,0.003,0,7,0.29,10
31,2025-07-28,81.12,81.07,80.61,80.21,79.79,79.41,78.88,overflow,normal,False,0.489,0.508,0.003,0,7,0.29,10
31,2025-07-29,81.22,81.17,80.7,80.29,79.86,79.48,78.95,overflow,normal,False,0.479,0.518,0.003,0,7,0.29,10
31,2025-07-30,78.24,78.23,77.73,77.37,76.94,76.54,76.06,overflow,normal,False,0.472,0.525,0.003,0,7,0.57,6
31,2025-07-31,77.84,77.81,77.29,76.92,76.48,76.08,75.59,overflow,normal,False,0.474,0.522,0.003,0,7,0.57,6
31,2025-08-01,77.44,77.36,76.85,76.46,76.03,75.65,75.15,overflow,normal,False,0.464,0.532,0.003,0,7,0.29,10
31,2025-08-02,77.23,77.16,76.62,76.26,75.84,75.48,74.95,overflow,normal,False,0.477,0.519,0.004,0,6,0.29,10
31,2025-08-03,77.21,77.16,76.65,76.3,75.89,75.55,75.01,overflow,normal,False,0.476,0.52,0.004,0,7,0.29,10
31,2025-08-04,76.94,76.87,76.37,76.01,75.61,75.3,74.75,overflow,drought,False,0.509,0.486,0.004,0,6,0.29,10
31,2025-08-05,77.94,77.93,77.55,77.21,76.84,76.54,75.98,overflow,normal,False,0.474,0.522,0.005,0,7,0.29,10
31,2025-08-06,78.22,78.23,77.87,77.52,77.15,76.85,76.31,overflow,normal,False,0.494,0.501,0.005,0,7,0.29,10
31,2025-08-07,78.64,78.64,78.29,77.93,77.55,77.23,76.69,overflow,normal,False,0.485,0.511,0.004,0,7,0.29,10
31,2025-08-08,78.45,78.48,78.13,77.78,77.41,77.08,76.54,overflow,drought,False,0.504,0.492,0.004,0,7,0.29,10
31,2025-08-09,78.67,78.67,78.25,77.9,77.51,77.17,76.63,overflow,normal,False,0.487,0.509,0.004,0,7,0.29,10
31,2025-08-10,78.23,78.2,77.74,77.38,76.97,76.62,76.09,overflow,drought,False,0.516,0.48,0.004,0,7,0.29,10
31,2025-08-11,75.81,75.81,75.31,74.97,74.56,74.2,73.73,overflow,drought,False,0.504,0.493,0.004,0,3,0.57,6
31,2025-08-12,75.5,75.52,75.04,74.72,74.33,73.98,73.5,overflow,drought,False,0.514,0.483,0.003,0,3,0.57,6
31,2025-08-13,75.53,75.47,75.02,74.66,74.28,73.94,73.46,overflow,normal,False,0.498,0.499,0.003,0,3,0.29,10
31,2025-08-14,75.5,75.48,75.06,74.72,74.34,74.02,73.53,overflow,drought,False,0.509,0.488,0.003,0,3,0.29,10
31,2025-08-15,75.53,75.52,75.1,74.77,74.39,74.06,73.58,overflow,normal,False,0.497,0.5,0.003,0,3,0.29,10
31,2025-08-16,75.62,75.61,75.2,74.86,74.49,74.16,73.67,overflow,normal,False,0.495,0.502,0.002,0,3,0.29,10
31,2025-08-17,75.45,75.47,75.05,74.72,74.35,74.02,73.52,overflow,normal,False,0.494,0.504,0.002,0,3,0.29,10
31,2025-08-18,75.5,75.51,75.08,74.75,74.37,74.04,73.54,overflow,normal,False,0.498,0.499,0.002,0,3,0.29,10
31,2025-08-19,75.5,75.48,75.06,74.71,74.33,73.99,73.51,overflow,normal,False,0.481,0.517,0.002,0,3,0.29,10
31,2025-08-20,75.52,75.47,75.04,74.66,74.26,73.91,73.46,overflow,normal,False,0.453,0.544,0.002,0,3,0.29,10
31,2025-08-21,75.27,75.23,74.78,74.42,74.02,73.67,73.19,overflow,normal,False,0.474,0.523,0.002,0,2,0.29,10
31,2025-08-22,74.92,74.88,74.4,74.04,73.64,73.29,72.8,normal,normal,True,0.488,0.509,0.003,0,0,0.29,10
31,2025-08-23,64.29,64.39,63.91,63.68,63.35,63.02,62.69,normal,normal,True,0.456,0.541,0.003,0,0,0.57,6
31,2025-08-24,63.07,63.17,62.69,62.47,62.15,61.84,61.52,normal,normal,True,0.46,0.538,0.003,0,0,0.57,6
31,2025-08-25,63.02,62.99,62.64,62.33,62.04,61.75,61.41,normal,normal,True,0.452,0.545,0.003,0,0,0.29,10
31,2025-08-26,63.06,63.04,62.7,62.4,62.11,61.84,61.47,normal,normal,True,0.484,0.512,0.004,0,0,0.29,10
31,2025-08-27,63.01,62.99,62.66,62.36,62.07,61.8,61.45,normal,normal,True,0.444,0.553,0.003,0,0,0.29,10
31,2025-08-28,63.05,63.04,62.72,62.43,62.14,61.87,61.51,normal,normal,True,0.45,0.547,0.003,0,0,0.29,10
31,2025-08-29,63.01,63.01,62.7,62.41,62.13,61.87,61.51,normal,normal,True,0.471,0.526,0.003,0,0,0.29,10
31,2025-08-30,62.89,62.88,62.55,62.25,61.96,61.69,61.34,normal,drought,False,0.503,0.493,0.004,0,0,0.29,10
31,2025-08-31,63.22,63.22,62.91,62.62,62.35,62.1,61.73,normal,normal,True,0.479,0.518,0.003,0,0,0.29,10
32,2025-03-01,33.69,33.63,33.55,33.44,33.38,33.36,33.24,normal,normal,True,0.257,0.377,0.366,0,0,0.29,10
32,2025-03-02,34.48,34.46,34.44,34.35,34.3,34.3,34.16,normal,drought,False,0.358,0.338,0.304,0,0,0.29,10
32,2025-03-03,34.31,34.27,34.22,34.11,34.06,34.04,33.92,normal,drought,False,0.401,0.323,0.276,0,0,0.29,10
32,2025-03-04,34.33,34.29,34.23,34.11,34.04,34.0,33.9,normal,drought,False,0.387,0.329,0.284,0,0,0.29,10
32,2025-03-05,34.44,34.42,34.39,34.28,34.21,34.16,34.07,normal,drought,False,0.397,0.321,0.282,0,0,0.29,10
32,2025-03-06,34.53,34.48,34.4,34.28,34.2,34.13,34.06,normal,drought,False,0.458,0.296,0.246,0,0,0.29,10
32,2025-03-07,34.54,34.49,34.42,34.3,34.23,34.16,34.09,normal,drought,False,0.448,0.302,0.25,0,0,0.29,10
32,2025-03-08,36.31,36.26,36.2,36.06,35.98,35.9,35.8,normal,drought,False,0.426,0.31,0.264,0,0,0.57,6
32,2025-03-09,36.31,36.24,36.14,36.0,35.91,35.82,35.73,normal,drought,False,0.448,0.295,0.257,0,0,0.57,6
32,2025-03-10,36.06,35.99,35.87,35.73,35.64,35.56,35.46,normal,drought,False,0.46,0.281,0.259,0,0,0.29,10
32,2025-03-11,35.84,35.79,35.67,35.55,35.46,35.42,35.28,normal,drought,False,0.451,0.297,0.252,0,0,0.29,10
32,2025-03-12,36.72,36.71,36.68,36.59,36.53,36.54,36.34,normal,drought,False,0.445,0.286,0.269,0,0,0.29,10
32,2025-03-13,36.14,36.08,36.01,35.87,35.78,35.73,35.6,normal,drought,False,0.42,0.294,0.286,0,0,0.29,10
32,2025-03-14,35.63,35.51,35.36,35.2,35.08,34.99,34.89,normal,drought,False,0.41,0.302,0.288,0,0,0.29,10
32,2025-03-15,35.66,35.6,35.49,35.35,35.25,35.16,35.07,normal,drought,False,0.436,0.307,0.258,0,0,0.29,10
32,2025-03-16,36.74,36.7,36.62,36.51,36.43,36.36,36.24,normal,drought,False,0.474,0.29,0.236,0,0,0.29,10
32,2025-03-17,36.5,36.49,36.45,36.35,36.29,36.27,36.11,normal,drought,False,0.459,0.294,0.246,0,0,0.29,10
32,2025-03-18,36.63,36.62,36.61,36.5,36.43,36.4,36.26,normal,drought,False,0.359,0.349,0.292,0,0,0.29,10
32,2025-03-19,36.05,35.98,35.89,35.74,35.64,35.57,35.47,normal,drought,False,0.471,0.293,0.235,0,0,0.29,10
32,2025-03-20,49.32,49.28,49.29,49.09,48.93,48.79,48.51,normal,drought,False,0.444,0.318,0.238,0,0,0.57,6
32,2025-03-21,49.89,49.82,49.76,49.54,49.36,49.18,48.9,normal,drought,False,0.469,0.303,0.228,0,0,0.57,6
32,2025-03-22,48.66,48.56,48.32,48.1,47.88,47.69,47.46,normal,drought,False,0.385,0.342,0.273,0,0,0.29,10
32,2025-03-23,48.16,48.11,47.93,47.74,47.55,47.39,47.13,normal,drought,False,0.585,0.237,0.179,0,0,0.29,10
32,2025-03-24,48.26,48.16,47.92,47.71,47.48,47.3,47.06,normal,drought,False,0.492,0.279,0.229,0,0,0.29,10
32,2025-03-25,48.05,47.93,47.72,47.5,47.29,47.12,46.89,normal,drought,False,0.59,0.242,0.167,0,0,0.29,10
32,2025-03-26,47.54,47.4,47.13,46.9,46.67,46.48,46.27,normal,drought,False,0.601,0.237,0.161,0,0,0.29,10
32,2025-03-27,47.94,47.83,47.59,47.37,47.15,46.96,46.73,normal,drought,False,0.633,0.218,0.149,0,0,0.29,10
32,2025-03-28,47.46,47.34,47.09,46.87,46.64,46.47,46.25,normal,drought,False,0.596,0.234,0.17,0,0,0.29,10
32,2025-03-29,47.41,47.31,47.06,46.85,46.63,46.44,46.21,normal,drought,False,0.639,0.218,0.143,0,0,0.29,10
32,2025-03-30,47.69,47.59,47.41,47.19,46.98,46.81,46.58,normal,drought,False,0.6,0.228,0.171,0,0,0.29,10
32,2025-03-31,47.44,47.32,47.09,46.86,46.64,46.46,46.24,normal,drought,False,0.645,0.213,0.142,0,0,0.29,10
32,2025-04-01,34.75,34.77,34.49,34.42,34.26,34.14,34.09,normal,drought,False,0.627,0.22,0.153,0,0,0.57,6
32,2025-04-02,33.86,33.92,33.67,33.64,33.51,33.43,33.36,normal,drought,False,0.654,0.21,0.136,0,0,0.57,6
32,2025-04-03,34.97,34.9,34.78,34.65,34.55,34.49,34.38,normal,drought,False,0.655,0.208,0.137,0,0,0.29,10
32,2025-04-04,35.83,35.79,35.75,35.64,35.55,35.53,35.38,normal,drought,False,0.641,0.211,0.148,0,0,0.29,10
32,2025-04-05,36.82,36.85,36.89,36.82,36.76,36.76,36.59,normal,drought,False,0.602,0.227,0.171,0,0,0.29,10
32,2025-04-06,36.21,36.14,36.08,35.94,35.85,35.8,35.67,normal,drought,False,0.628,0.226,0.147,0,0,0.29,10
32,2025-04-07,37.14,37.11,37.12,37.0,36.92,36.88,36.73,normal,drought,False,0.603,0.233,0.164,0,0,0.29,10
32,2025-04-08,36.58,36.52,36.45,36.31,36.22,36.15,36.03,normal,drought,False,0.615,0.229,0.156,0,0,0.29,10
32,2025-04-09,36.92,36.82,36.68,36.51,36.4,36.29,36.18,normal,drought,False,0.625,0.229,0.146,0,0,0.29,10
32,2025-04-10,36.17,36.11,36.0,35.86,35.76,35.67,35.58,normal,drought,False,0.649,0.223,0.128,0,0,0.29,10
32,2025-04-11,36.12,36.03,35.86,35.72,35.62,35.53,35.43,normal,drought,False,0.637,0.234,0.129,0,0,0.29,10
32,2025-04-12,35.55,35.46,35.31,35.16,35.06,34.98,34.89,normal,drought,False,0.644,0.223,0.133,0,0,0.29,10
32,2025-04-13,48.12,48.07,48.01,47.8,47.63,47.48,47.23,normal,drought,False,0.63,0.234,0.135,0,0,0.57,6
32,2025-04-14,48.76,48.71,48.66,48.44,48.27,48.11,47.84,normal,drought,False,0.662,0.213,0.126,0,0,0.57,6
32,2025-04-15,47.61,47.52,47.33,47.13,46.93,46.78,46.54,normal,drought,False,0.657,0.219,0.124,0,0,0.29,10
32,2025-04-16,47.49,47.41,47.23,47.03,46.83,46.67,46.44,normal,drought,False,0.642,0.219,0.139,0,0,0.29,10
32,2025-04-17,47.45,47.39,47.19,47.0,46.79,46.62,46.38,normal,drought,False,0.625,0.218,0.157,0,0,0.29,10
32,2025-04-18,47.32,47.24,47.05,46.86,46.64,46.47,46.23,normal,drought,False,0.615,0.228,0.157,0,0,0.29,10
32,2025-04-19,47.51,47.42,47.19,46.99,46.77,46.59,46.35,normal,drought,False,0.62,0.233,0.147,0,0,0.29,10
32,2025-04-20,47.15,47.05,46.81,46.61,46.38,46.18,45.96,normal,drought,False,0.642,0.222,0.136,0,0,0.29,10
32,2025-04-21,47.14,47.03,46.79,46.57,46.34,46.15,45.93,normal,drought,False,0.639,0.22,0.141,0,0,0.29,10
32,2025-04-22,47.28,47.17,46.95,46.74,46.52,46.35,46.11,normal,drought,False,0.646,0.223,0.131,0,0,0.29,10
32,2025-04-23,47.1,46.97,46.74,46.51,46.3,46.13,45.89,normal,drought,False,0.644,0.223,0.133,0,0,0.29,10
32,2025-04-24,46.76,46.62,46.37,46.15,45.93,45.75,45.52,normal,drought,False,0.648,0.22,0.132,0,0,0.29,10
32,2025-04-25,50.35,50.23,50.01,49.77,49.53,49.34,49.06,normal,drought,False,0.639,0.228,0.133,0,0,0.57,6
32,2025-04-26,50.93,50.81,50.6,50.36,50.13,49.94,49.65,normal,drought,False,0.646,0.228,0.126,0,0,0.57,6
32,2025-04-27,50.97,50.86,50.65,50.43,50.2,50.02,49.73,normal,drought,False,0.641,0.228,0.131,0,0,0.29,10
32,2025-04-28,50.98,50.89,50.7,50.49,50.27,50.1,49.81,normal,drought,False,0.64,0.23,0.131,0,0,0.29,10
32,2025-04-29,51.86,51.79,51.65,51.44,51.23,51.07,50.76,normal,drought,False,0.626,0.239,0.135,0,0,0.29,10
32,2025-04-30,52.17,52.08,51.94,51.73,51.52,51.38,51.05,normal,drought,False,0.637,0.236,0.128,0,0,0.29,10
32,2025-05-01,52.2,52.09,51.9,51.67,51.45,51.29,50.96,normal,drought,False,0.638,0.234,0.128,0,0,0.29,10
32,2025-05-02,51.67,51.54,51.29,51.04,50.8,50.59,50.31,normal,drought,False,0.647,0.229,0.123,0,0,0.29,10
32,2025-05-03,51.39,51.25,50.93,50.69,50.43,50.2,49.94,normal,drought,False,0.642,0.233,0.125,0,0,0.29,10
32,2025-05-04,50.89,50.75,50.41,50.17,49.9,49.66,49.41,normal,drought,False,0.653,0.228,0.12,0,0,0.29,10
32,2025-05-05,51.13,50.98,50.65,50.39,50.13,49.9,49.65,normal,drought,False,0.645,0.23,0.125,0,0,0.29,10
32,2025-05-06,51.78,51.7,51.51,51.29,51.07,50.88,50.61,normal,drought,False,0.641,0.23,0.129,0,0,0.29,10
32,2025-05-07,50.64,50.53,50.33,50.1,49.87,49.7,49.43,normal,drought,False,0.652,0.223,0.125,0,0,0.57,6
32,2025-05-08,50.48,50.35,50.14,49.9,49.68,49.5,49.23,normal,drought,False,0.666,0.217,0.116,0,0,0.57,6
32,2025-05-09,49.97,49.83,49.56,49.31,49.07,48.87,48.62,normal,drought,False,0.661,0.218,0.121,0,0,0.29,10
32,2025-05-10,50.14,50.0,49.66,49.42,49.15,48.92,48.67,normal,drought,False,0.645,0.226,0.13,0,0,0.29,10
32,2025-05-11,49.95,49.86,49.57,49.36,49.1,48.88,48.63,normal,drought,False,0.651,0.223,0.126,0,0,0.29,10
32,2025-05-12,50.13,50.05,49.8,49.6,49.35,49.13,48.88,normal,drought,False,0.652,0.225,0.123,0,0,0.29,10
32,2025-05-13,49.89,49.81,49.58,49.37,49.12,48.91,48.66,normal,drought,False,0.624,0.228,0.148,0,0,0.29,10
32,2025-05-14,49.8,49.68,49.45,49.22,48.97,48.77,48.53,normal,drought,False,0.634,0.229,0.136,0,0,0.29,10
32,2025-05-15,49.98,49.86,49.63,49.4,49.15,48.95,48.69,normal,drought,False,0.644,0.226,0.13,0,0,0.29,10
32,2025-05-16,49.7,49.57,49.3,49.06,48.8,48.58,48.33,normal,drought,False,0.648,0.22,0.132,0,0,0.29,10
32,2025-05-17,49.64,49.52,49.24,49.0,48.75,48.53,48.27,normal,drought,False,0.635,0.229,0.135,0,0,0.29,10
32,2025-05-18,49.97,49.88,49.65,49.45,49.23,49.08,48.77,normal,drought,False,0.637,0.233,0.13,0,0,0.29,10
32,2025-05-19,73.69,73.52,73.43,73.03,72.7,72.4,71.79,normal,drought,False,0.634,0.229,0.137,0,0,0.57,6
32,2025-05-20,75.89,75.73,75.67,75.26,74.92,74.63,73.99,overflow,drought,False,0.622,0.23,0.148,0,5,0.57,6
32,2025-05-21,73.38,73.17,72.7,72.3,71.83,71.46,70.96,normal,drought,False,0.623,0.233,0.144,0,0,0.29,10
32,2025-05-22,73.69,73.47,73.03,72.62,72.17,71.81,71.29,normal,drought,False,0.631,0.244,0.126,0,0,0.29,10
32,2025-05-23,73.65,73.47,73.06,72.67,72.23,71.87,71.36,normal,drought,False,0.624,0.244,0.131,0,0,0.29,10
32,2025-05-24,74.02,73.84,73.43,73.03,72.59,72.23,71.73,normal,drought,False,0.604,0.247,0.149,0,0,0.29,10
32,2025-05-25,74.01,73.86,73.49,73.12,72.71,72.38,71.84,normal,drought,False,0.616,0.244,0.14,0,0,0.29,10
32,2025-05-26,73.59,73.41,72.98,72.6,72.17,71.83,71.3,normal,drought,False,0.649,0.236,0.115,0,0,0.29,10
32,2025-05-27,73.86,73.67,73.23,72.85,72.4,72.03,71.51,normal,drought,False,0.645,0.231,0.125,0,0,0.29,10
32,2025-05-28,73.73,73.54,73.1,72.71,72.27,71.9,71.39,normal,drought,False,0.64,0.223,0.137,0,0,0.29,10
32,2025-05-29,73.83,73.63,73.15,72.75,72.28,71.87,71.39,normal,drought,False,0.624,0.236,0.139,0,0,0.29,10
32,2025-05-30,73.83,73.65,73.21,72.82,72.37,71.97,71.48,normal,drought,False,0.623,0.233,0.144,0,0,0.29,10
32,2025-05-31,37.55,37.46,36.86,36.75,36.59,36.39,36.4,normal,drought,False,0.64,0.23,0.13,0,0,0.57,6
32,2025-06-01,33.11,32.91,32.32,32.2,32.08,31.92,31.97,normal,drought,False,0.634,0.228,0.138,0,0,0.57,6
32,2025-06-02,38.45,38.33,38.12,37.93,37.76,37.64,37.51,normal,drought,False,0.642,0.226,0.132,0,0,0.29,10
32,2025-06-03,38.42,38.31,38.11,37.93,37.76,37.61,37.5,normal,drought,False,0.643,0.223,0.134,0,0,0.29,10
32,2025-06-04,39.09,39.02,38.86,38.7,38.55,38.42,38.28,normal,drought,False,0.635,0.237,0.128,0,0,0.29,10
32,2025-06-05,38.83,38.76,38.62,38.46,38.31,38.18,38.05,normal,drought,False,0.629,0.233,0.137,0,0,0.29,10
32,2025-06-06,38.77,38.7,38.58,38.42,38.27,38.17,38.02,normal,drought,False,0.615,0.231,0.155,0,0,0.29,10
32,2025-06-07,38.58,38.49,38.35,38.18,38.03,37.91,37.78,normal,drought,False,0.618,0.224,0.159,0,0,0.29,10
32,2025-06-08,38.78,38.67,38.49,38.31,38.15,38.01,37.9,normal,drought,False,0.638,0.231,0.131,0,0,0.29,10
32,2025-06-09,38.71,38.61,38.44,38.27,38.1,37.96,37.85,normal,drought,False,0.625,0.227,0.148,0,0,0.29,10
32,2025-06-10,38.94,38.84,38.69,38.52,38.36,38.23,38.11,normal,drought,False,0.594,0.244,0.162,0,0,0.29,10
32,2025-06-11,38.62,38.54,38.39,38.24,38.1,38.0,37.85,normal,drought,False,0.605,0.235,0.16,0,0,0.29,10
32,2025-06-12,32.32,32.29,32.09,32.01,31.89,31.83,31.76,normal,drought,False,0.638,0.215,0.147,0,0,0.57,6
32,2025-06-13,31.79,31.74,31.52,31.42,31.3,31.21,31.17,normal,drought,False,0.614,0.22,0.166,0,0,0.57,6
32,2025-06-14,32.44,32.36,32.24,32.11,32.01,31.94,31.89,normal,drought,False,0.64,0.219,0.141,0,0,0.29,10
32,2025-06-15,32.91,32.88,32.83,32.73,32.67,32.64,32.55,normal,drought,False,0.632,0.233,0.136,0,0,0.29,10
32,2025-06-16,33.09,33.08,33.05,32.95,32.9,32.89,32.78,normal,drought,False,0.629,0.224,0.147,0,0,0.29,10
32,2025-06-17,32.36,32.3,32.2,32.08,32.01,31.99,31.89,normal,drought,False,0.607,0.227,0.166,0,0,0.29,10
32,2025-06-18,32.28,32.23,32.12,32.0,31.92,31.89,31.8,normal,drought,False,0.626,0.222,0.152,0,0,0.29,10
32,2025-06-19,33.27,33.23,33.16,33.04,32.96,32.9,32.83,normal,drought,False,0.64,0.232,0.128,0,0,0.29,10
32,2025-06-20,33.45,33.41,33.35,33.22,33.14,33.07,33.01,normal,drought,False,0.632,0.228,0.14,0,0,0.29,10
32,2025-06-21,33.77,33.77,33.78,33.68,33.6,33.54,33.47,normal,drought,False,0.6,0.237,0.164,0,0,0.29,10
32,2025-06-22,33.72,33.73,33.73,33.63,33.56,33.51,33.43,normal,drought,False,0.615,0.232,0.153,0,0,0.29,10
32,2025-06-23,33.31,33.24,33.14,32.99,32.88,32.79,32.74,normal,drought,False,0.65,0.217,0.133,0,0,0.29,10
32,2025-06-24,50.98,50.92,50.88,50.64,50.43,50.23,49.93,normal,drought,False,0.645,0.216,0.14,0,0,0.57,6
32,2025-06-25,52.33,52.26,52.21,51.96,51.73,51.52,51.22,normal,drought,False,0.627,0.223,0.151,0,0,0.57,6
32,2025-06-26,50.54,50.42,50.15,49.91,49.65,49.42,49.16,normal,drought,False,0.637,0.225,0.137,0,0,0.29,10
32,2025-06-27,50.13,50.0,49.72,49.48,49.22,49.01,48.75,normal,drought,False,0.622,0.216,0.162,0,0,0.29,10
32,2025-06-28,50.0,49.84,49.57,49.31,49.05,48.83,48.58,normal,drought,False,0.602,0.222,0.176,0,0,0.29,10
32,2025-06-29,49.8,49.67,49.39,49.15,48.89,48.69,48.42,normal,drought,False,0.634,0.213,0.153,0,0,0.29,10
32,2025-06-30,49.62,49.49,49.19,48.95,48.68,48.47,48.21,normal,drought,False,0.645,0.219,0.137,0,0,0.29,10
32,2025-07-01,50.21,50.09,49.85,49.61,49.35,49.13,48.89,normal,drought,False,0.61,0.229,0.161,0,0,0.29,10
32,2025-07-02,50.21,50.1,49.88,49.64,49.39,49.17,48.93,normal,drought,False,0.586,0.229,0.185,0,0,0.29,10
32,2025-07-03,50.35,50.23,50.02,49.77,49.52,49.3,49.05,normal,drought,False,0.584,0.232,0.184,0,0,0.29,10
32,2025-07-04,50.05,49.92,49.69,49.44,49.18,48.96,48.71,normal,drought,False,0.606,0.227,0.167,0,0,0.29,10
32,2025-07-05,50.06,49.92,49.65,49.39,49.12,48.88,48.65,normal,drought,False,0.595,0.223,0.182,0,0,0.29,10
32,2025-07-06,40.88,40.85,40.52,40.4,40.17,39.97,39.86,normal,drought,False,0.583,0.221,0.196,0,0,0.57,6
32,2025-07-07,40.19,40.16,39.83,39.7,39.48,39.29,39.19,normal,drought,False,0.579,0.229,0.192,0,0,0.57,6
32,2025-07-08,41.18,41.06,40.88,40.67,40.48,40.29,40.17,normal,drought,False,0.579,0.227,0.194,0,0,0.29,10
32,2025-07-09,41.0,40.89,40.71,40.5,40.31,40.13,40.01,normal,drought,False,0.564,0.216,0.22,0,0,0.29,10
32,2025-07-10,40.98,40.88,40.69,40.49,40.3,40.12,40.0,normal,drought,False,0.554,0.223,0.224,0,0,0.29,10
32,2025-07-11,40.84,40.73,40.54,40.34,40.15,39.98,39.84,normal,drought,False,0.589,0.216,0.196,0,0,0.29,10
32,2025-07-12,40.86,40.76,40.57,40.37,40.18,40.0,39.87,normal,drought,False,0.565,0.214,0.221,0,0,0.29,10
32,2025-07-13,40.83,40.72,40.54,40.34,40.15,39.99,39.85,normal,drought,False,0.52,0.223,0.257,0,0,0.29,10
32,2025-07-14,40.82,40.71,40.52,40.32,40.13,39.96,39.83,normal,drought,False,0.516,0.229,0.255,0,0,0.29,10
32,2025-07-15,40.84,40.73,40.55,40.35,40.16,40.01,39.87,normal,drought,False,0.523,0.231,0.246,0,0,0.29,10
32,2025-07-16,40.7,40.58,40.4,40.19,40.0,39.83,39.71,normal,drought,False,0.496,0.227,0.277,0,0,0.29,10
32,2025-07-17,40.65,40.54,40.36,40.17,40.0,39.86,39.71,normal,drought,False,0.519,0.235,0.246,0,0,0.29,10
32,2025-07-18,38.96,38.87,38.67,38.5,38.32,38.18,38.06,normal,drought,False,0.541,0.233,0.226,0,0,0.57,6
32,2025-07-19,39.01,38.91,38.71,38.54,38.37,38.25,38.12,normal,drought,False,0.556,0.239,0.204,0,0,0.57,6
32,2025-07-20,39.1,39.01,38.84,38.66,38.5,38.37,38.25,normal,drought,False,0.506,0.236,0.258,0,0,0.29,10
32,2025-07-21,39.62,39.55,39.41,39.25,39.1,39.0,38.84,normal,drought,False,0.572,0.243,0.185,0,0,0.29,10
32,2025-07-22,39.37,39.28,39.15,38.98,38.83,38.72,38.58,normal,drought,False,0.566,0.237,0.197,0,0,0.29,10
32,2025-07-23,39.68,39.6,39.46,39.29,39.14,39.02,38.88,normal,drought,False,0.596,0.231,0.173,0,0,0.29,10
32,2025-07-24,39.53,39.46,39.32,39.16,39.01,38.89,38.76,normal,drought,False,0.56,0.233,0.207,0,0,0.29,10
32,2025-07-25,39.99,39.9,39.75,39.58,39.42,39.3,39.16,normal,drought,False,0.617,0.231,0.151,0,0,0.29,10
32,2025-07-26,39.96,39.88,39.74,39.57,39.42,39.3,39.16,normal,drought,False,0.592,0.232,0.176,0,0,0.29,10
32,2025-07-27,39.88,39.79,39.63,39.46,39.31,39.19,39.05,normal,drought,False,0.617,0.226,0.157,0,0,0.29,10
32,2025-07-28,40.16,40.07,39.94,39.76,39.59,39.45,39.32,normal,drought,False,0.581,0.231,0.187,0,0,0.29,10
32,2025-07-29,40.24,40.15,40.0,39.81,39.64,39.5,39.38,normal,drought,False,0.637,0.215,0.148,0,0,0.29,10
32,2025-07-30,38.18,38.12,37.96,37.81,37.64,37.5,37.4,normal,drought,False,0.613,0.219,0.168,0,0,0.57,6
32,2025-07-31,38.17,38.11,37.97,37.82,37.66,37.52,37.42,normal,drought,False,0.629,0.219,0.152,0,0,0.57,6
32,2025-08-01,38.11,38.02,37.87,37.7,37.54,37.4,37.29,normal,drought,False,0.609,0.214,0.177,0,0,0.29,10
32,2025-08-02,38.11,38.02,37.87,37.71,37.56,37.46,37.32,normal,drought,False,0.63,0.21,0.16,0,0,0.29,10
32,2025-08-03,37.42,37.3,37.11,36.94,36.78,36.67,36.55,normal,drought,False,0.608,0.212,0.18,0,0,0.29,10
32,2025-08-04,36.88,36.73,36.49,36.32,36.16,36.06,35.93,normal,drought,False,0.63,0.215,0.155,0,0,0.29,10
32,2025-08-05,37.23,37.13,36.97,36.81,36.68,36.59,36.46,normal,drought,False,0.585,0.222,0.193,0,0,0.29,10
32,2025-08-06,37.2,37.1,36.92,36.76,36.62,36.52,36.41,normal,drought,False,0.584,0.235,0.181,0,0,0.29,10
32,2025-08-07,37.58,37.51,37.4,37.25,37.12,37.02,36.91,normal,drought,False,0.565,0.241,0.194,0,0,0.29,10
32,2025-08-08,38.15,38.17,38.15,38.04,37.93,37.85,37.73,normal,drought,False,0.59,0.235,0.175,0,0,0.29,10
32,2025-08-09,38.63,38.61,38.57,38.44,38.33,38.25,38.1,normal,drought,False,0.577,0.244,0.179,0,0,0.29,10
32,2025-08-10,38.12,38.06,37.97,37.82,37.69,37.6,37.47,normal,drought,False,0.62,0.237,0.143,0,0,0.29,10
32,2025-08-11,21.54,21.4,21.1,21.02,20.94,20.91,20.96,normal,drought,False,0.607,0.238,0.155,0,0,0.57,6
32,2025-08-12,20.01,19.84,19.5,19.43,19.35,19.3,19.37,normal,drought,False,0.622,0.224,0.154,6,0,0.57,6
32,2025-08-13,23.57,23.54,23.56,23.47,23.47,23.48,23.55,normal,drought,False,0.629,0.224,0.147,0,0,0.29,10
32,2025-08-14,23.5,23.51,23.55,23.49,23.49,23.51,23.57,normal,drought,False,0.658,0.207,0.134,0,0,0.29,10
32,2025-08-15,23.46,23.46,23.52,23.45,23.45,23.46,23.54,normal,drought,False,0.635,0.207,0.158,0,0,0.29,10
32,2025-08-16,23.49,23.51,23.57,23.5,23.51,23.53,23.59,normal,drought,False,0.632,0.205,0.163,0,0,0.29,10
32,2025-08-17,23.41,23.42,23.47,23.39,23.39,23.41,23.47,normal,drought,False,0.643,0.207,0.15,0,0,0.29,10
32,2025-08-18,23.54,23.55,23.61,23.53,23.54,23.55,23.62,normal,drought,False,0.647,0.208,0.144,0,0,0.29,10
32,2025-08-19,23.55,23.56,23.63,23.55,23.55,23.56,23.64,normal,drought,False,0.608,0.206,0.186,0,0,0.29,10
32,2025-08-20,23.58,23.56,23.61,23.52,23.5,23.49,23.59,normal,drought,False,0.585,0.211,0.204,0,0,0.29,10
32,2025-08-21,23.44,23.45,23.49,23.41,23.4,23.39,23.47,normal,drought,False,0.615,0.209,0.176,0,0,0.29,10
32,2025-08-22,23.33,23.33,23.37,23.28,23.27,23.26,23.34,normal,drought,False,0.626,0.214,0.16,0,0,0.29,10
32,2025-08-23,2.95,2.91,3.08,3.27,3.51,3.73,4.01,drought,drought,True,0.587,0.21,0.203,7,0,0.57,6
32,2025-08-24,2.46,2.42,2.59,2.78,3.02,3.23,3.5,drought,drought,True,0.578,0.202,0.22,7,0,0.57,6
32,2025-08-25,1.66,1.59,1.61,1.63,1.7,1.81,1.99,drought,drought,True,0.578,0.209,0.213,7,0,0.29,10
32,2025-08-26,1.63,1.57,1.59,1.62,1.69,1.82,1.98,drought,drought,True,0.604,0.219,0.177,7,0,0.29,10
32,2025-08-27,1.68,1.6,1.63,1.66,1.74,1.86,2.03,drought,drought,True,0.557,0.22,0.224,7,0,0.29,10
32,2025-08-28,1.68,1.63,1.66,1.71,1.81,1.92,2.09,drought,drought,True,0.519,0.222,0.259,7,0,0.29,10
32,2025-08-29,1.57,1.53,1.57,1.62,1.71,1.83,1.99,drought,drought,True,0.557,0.209,0.234,7,0,0.29,10
32,2025-08-30,1.68,1.65,1.68,1.74,1.83,1.95,2.12,drought,drought,True,0.58,0.222,0.198,7,0,0.29,10
32,2025-08-31,1.7,1.68,1.72,1.78,1.88,2.01,2.16,drought,drought,True,0.572,0.22,0.208,7,0,0.29,10
