{"type": "FeatureCollection", "features": [{"type": "Feature", "properties": {"tank_id": "1", "pond_name": "Tawalanhalmillewa Wewa", "total_ha": 11.21789508, "centroid": [80.5642937, 8.1128185], "bbox": [80.56193602600007, 8.110707519000073, 80.56665146300008, 8.114929395000047]}, "geometry": {"type": "Polygon", "coordinates": [[[80.5662527, 8.1107155], [80.5661723, 8.1107075], [80.5660895, 8.1107096], [80.5660065, 8.1107218], [80.5659359, 8.110742], [80.5658709, 8.1107707], [80.5657988, 8.1108124], [80.5657194, 8.1108676], [80.5656651, 8.1109133], [80.5656163, 8.1109639], [80.5655004, 8.1111057], [80.5654252, 8.1111894], [80.5654203, 8.1111949], [80.5651907, 8.1114238], [80.5651185, 8.1115061], [80.5650303, 8.1116185], [80.5649466, 8.1117053], [80.5648241, 8.1118085], [80.5646559, 8.1119357], [80.5645411, 8.1120301], [80.564417, 8.1121418], [80.5641606, 8.1123881], [80.5640201, 8.1125169], [80.5638859, 8.1126284], [80.5637603, 8.1127187], [80.5636747, 8.1127692], [80.563609, 8.112808], [80.5634327, 8.1128978], [80.5632598, 8.1129768], [80.5630547, 8.1130605], [80.5629358, 8.1131172], [80.5628095, 8.1131847], [80.5625285, 8.1133434], [80.5624009, 8.1134101], [80.5623055, 8.1134547], [80.5621085, 8.1135383], [80.561936, 8.1136207], [80.5620657, 8.1136639], [80.5622061, 8.1137357], [80.5623621, 8.1137956], [80.562488, 8.113815], [80.5625181, 8.1138196], [80.5625573, 8.113836], [80.5627042, 8.1138975], [80.5628602, 8.1139634], [80.5632351, 8.1141892], [80.5637976, 8.1144188], [80.5645753, 8.1146776], [80.5649135, 8.1147868], [80.5651067, 8.1148417], [80.565173, 8.1148605], [80.565353, 8.1148786], [80.5655091, 8.1149086], [80.5658104, 8.1149255], [80.5659724, 8.1149291], [80.5661381, 8.1149292], [80.5661747, 8.1149292], [80.5662929, 8.1149293], [80.566437, 8.1149294], [80.5664982, 8.1149294], [80.5665105, 8.1147745], [80.5665121, 8.1146701], [80.5665085, 8.1146237], [80.5664945, 8.1145754], [80.5664685, 8.1145375], [80.5664312, 8.114502], [80.5663692, 8.1144521], [80.5662911, 8.1143834], [80.5661916, 8.1143061], [80.5661159, 8.1142414], [80.5660586, 8.1141795], [80.5660086, 8.1141074], [80.5659666, 8.1140313], [80.5659206, 8.1139298], [80.5658736, 8.1138117], [80.5658174, 8.1136547], [80.5657914, 8.1135732], [80.5657728, 8.1134979], [80.5657632, 8.1134432], [80.5657582, 8.113383], [80.5657586, 8.1133169], [80.5657648, 8.1132445], [80.5657747, 8.1131701], [80.565789, 8.1130959], [80.5658207, 8.1129852], [80.5658588, 8.112879], [80.5658923, 8.1127957], [80.5659313, 8.112711], [80.5659755, 8.1126319], [80.5660354, 8.1125392], [80.566145, 8.112383], [80.5662221, 8.112265], [80.566304, 8.1121266], [80.5664095, 8.1119362], [80.5664162, 8.1119241], [80.5664798, 8.1117915], [80.5665326, 8.1116622], [80.5665918, 8.1114983], [80.566627, 8.1113703], [80.5666384, 8.1113099], [80.5666456, 8.1112491], [80.5666515, 8.1111126], [80.5666499, 8.1110499], [80.5666455, 8.1110051], [80.5666371, 8.1109646], [80.5666244, 8.1109293], [80.5666064, 8.1108981], [80.5665833, 8.1108699], [80.5665532, 8.110842], [80.5665196, 8.1108173], [80.5664774, 8.1107921], [80.5664328, 8.1107702], [80.5663834, 8.1107504], [80.5663329, 8.110734], [80.5662527, 8.1107155]]]}}, {"type": "Feature", "properties": {"tank_id": "2", "pond_name": "Settikulama Wewa", "total_ha": 11.52965708, "centroid": [80.5589287, 8.1164623], "bbox": [80.55627547500006, 8.114318559000026, 80.56158187200003, 8.118606089000025]}, "geometry": {"type": "Polygon", "coordinates": [[[80.5601196, 8.118549], [80.5605398, 8.118451], [80.5606358, 8.1184643], [80.5611304, 8.1184628], [80.5613417, 8.1184342], [80.5614666, 8.1184056], [80.5615819, 8.1182914], [80.56158, 8.1182496], [80.561571, 8.1182138], [80.5615541, 8.118183], [80.5615322, 8.1181622], [80.5615057, 8.1181485], [80.5614332, 8.1181206], [80.5613299, 8.1180905], [80.561291, 8.1180762], [80.561254, 8.1180561], [80.561158, 8.1179922], [80.561129, 8.1179789], [80.5610912, 8.1179675], [80.5610402, 8.1179583], [80.5609787, 8.1179532], [80.5608661, 8.1179504], [80.5607867, 8.1179527], [80.5606699, 8.1179648], [80.5605358, 8.1180049], [80.5604908, 8.1180148], [80.5604472, 8.1180165], [80.560409, 8.1180077], [80.5603781, 8.1179929], [80.5603444, 8.1179706], [80.5602502, 8.1178931], [80.5601509, 8.1178168], [80.5600985, 8.1177693], [80.5600593, 8.117722], [80.5600277, 8.1176718], [80.5599972, 8.1176111], [80.5599591, 8.1175191], [80.5599245, 8.1174254], [80.5599013, 8.1173479], [80.5598817, 8.117267], [80.5598665, 8.1171867], [80.5598562, 8.1171077], [80.559848, 8.1169886], [80.559847, 8.1168565], [80.5598512, 8.1167877], [80.5598702, 8.1165912], [80.5598785, 8.1164056], [80.5598787, 8.1162973], [80.5598734, 8.1162179], [80.559863, 8.116147], [80.5598483, 8.1160903], [80.5597942, 8.1159225], [80.5597832, 8.1158627], [80.5597752, 8.1157882], [80.5597716, 8.115677], [80.5597766, 8.1155581], [80.5597859, 8.1155007], [80.5598168, 8.1153671], [80.5598235, 8.1153094], [80.5598243, 8.1153028], [80.5598233, 8.1152691], [80.5598177, 8.1152318], [80.5597938, 8.115152], [80.5597644, 8.1150846], [80.5596903, 8.1149359], [80.5596078, 8.1147514], [80.559561, 8.114661], [80.5595229, 8.1146004], [80.5594555, 8.1145089], [80.5594156, 8.1144621], [80.5593779, 8.1144272], [80.5593342, 8.1143986], [80.5592802, 8.1143753], [80.5592152, 8.1143566], [80.5591278, 8.1143394], [80.5590405, 8.1143301], [80.5589117, 8.1143269], [80.5587488, 8.1143186], [80.5586903, 8.1143247], [80.5586441, 8.1143405], [80.5586048, 8.1143683], [80.5585652, 8.1144122], [80.558488, 8.1145274], [80.5584458, 8.1146029], [80.5584012, 8.1147043], [80.5583604, 8.114822], [80.5583309, 8.1149373], [80.558313, 8.1150487], [80.5583043, 8.1151726], [80.5583066, 8.1153309], [80.558301, 8.1153784], [80.5582992, 8.1153938], [80.5582889, 8.1154311], [80.5582731, 8.1154717], [80.5582072, 8.1156037], [80.5581856, 8.1156534], [80.5581709, 8.1157005], [80.5581587, 8.1157635], [80.5581483, 8.1158883], [80.5581393, 8.1163023], [80.5581306, 8.1163875], [80.5581123, 8.1164708], [80.5580911, 8.1165438], [80.5580667, 8.1166071], [80.5580388, 8.116662], [80.5579964, 8.1167215], [80.5579376, 8.1167774], [80.5576965, 8.1169645], [80.5576522, 8.1169942], [80.5575988, 8.117024], [80.557514, 8.1170631], [80.557439, 8.1170854], [80.5573917, 8.1170907], [80.557277, 8.1170868], [80.5572419, 8.1170926], [80.5572029, 8.1171042], [80.5571561, 8.1171233], [80.5570497, 8.1171734], [80.5569226, 8.1172255], [80.5568788, 8.1172538], [80.5568309, 8.1172969], [80.5568043, 8.1173271], [80.5567813, 8.1173586], [80.5567625, 8.1173906], [80.5567484, 8.1174223], [80.5567457, 8.1174343], [80.5567388, 8.1174644], [80.5567387, 8.1175519], [80.5567344, 8.117587], [80.5567159, 8.1176362], [80.556685, 8.1176897], [80.5566393, 8.1177507], [80.5565937, 8.1177971], [80.5565147, 8.1178662], [80.5564197, 8.117934], [80.5563825, 8.117966], [80.5563549, 8.1180004], [80.5563293, 8.1180497], [80.5563043, 8.1181173], [80.5562843, 8.1181864], [80.5562767, 8.1182326], [80.5562755, 8.1182854], [80.5562804, 8.1183204], [80.5562944, 8.1183559], [80.556316, 8.1183882], [80.5563454, 8.1184179], [80.5563888, 8.1183953], [80.5566226, 8.1182734], [80.556809, 8.1181763], [80.5570539, 8.118119], [80.5573852, 8.1181479], [80.5576222, 8.1182071], [80.5577284, 8.1182336], [80.5579025, 8.118277], [80.5581894, 8.1183829], [80.5584837, 8.1184418], [80.5586935, 8.1184837], [80.5594209, 8.1186061], [80.5596479, 8.1185943], [80.5598315, 8.1185848], [80.5601196, 8.118549]]]}}, {"type": "Feature", "properties": {"tank_id": "3", "pond_name": "Pansala Wewa", "total_ha": 31.7694151, "centroid": [80.5596479, 8.1238863], "bbox": [80.55671847100007, 8.120191372000022, 80.56257726200005, 8.127581191000047]}, "geometry": {"type": "Polygon", "coordinates": [[[80.5613933, 8.1261631], [80.5613935, 8.1256894], [80.5615954, 8.1252301], [80.5618841, 8.1241105], [80.5621728, 8.1230484], [80.5622739, 8.1224599], [80.562447, 8.1220293], [80.562577, 8.1213977], [80.5625773, 8.1209096], [80.562347, 8.1203784], [80.5620158, 8.1201916], [80.5615981, 8.1201914], [80.5610217, 8.1203777], [80.5607482, 8.1205333], [80.5606183, 8.1206072], [80.5602147, 8.1210089], [80.5597535, 8.1213963], [80.5592924, 8.1216114], [80.558817, 8.1217116], [80.5584568, 8.121697], [80.5582407, 8.1217974], [80.5580965, 8.1220127], [80.5580243, 8.1223859], [80.5579376, 8.1230031], [80.5579374, 8.1233907], [80.5579659, 8.1238788], [80.5579558, 8.1241646], [80.5579868, 8.1245363], [80.5578858, 8.1248377], [80.5576983, 8.1252826], [80.557511, 8.1254548], [80.5572516, 8.1255695], [80.5569779, 8.1256411], [80.5567905, 8.1257272], [80.5567185, 8.1257989], [80.5567328, 8.1259138], [80.5568191, 8.1261148], [80.5570785, 8.1261006], [80.5573089, 8.1261581], [80.5574529, 8.1262443], [80.5575825, 8.1264023], [80.5576976, 8.126589], [80.5578993, 8.1267183], [80.5583025, 8.1268764], [80.5590371, 8.1271065], [80.55957, 8.1272934], [80.560175, 8.1274659], [80.5606215, 8.1275379], [80.5609672, 8.1275812], [80.5612122, 8.1275737], [80.5614282, 8.1275671], [80.5617164, 8.1275242], [80.5615945, 8.1270963], [80.5615082, 8.1267804], [80.5614363, 8.126522], [80.5613933, 8.1261631]]]}}, {"type": "Feature", "properties": {"tank_id": "4", "pond_name": "Kudaittikattiya Wewa", "total_ha": 11.83892449, "centroid": [80.5423725, 8.1283509], "bbox": [80.54042555600006, 8.12558436200004, 80.54431935000008, 8.13111734100005]}, "geometry": {"type": "Polygon", "coordinates": [[[80.5441681, 8.1299899], [80.5441566, 8.1299094], [80.544134, 8.1296127], [80.5441192, 8.1294919], [80.5440861, 8.129299], [80.5440111, 8.1289157], [80.5439845, 8.1287945], [80.5439589, 8.1286966], [80.5438714, 8.1284213], [80.5437939, 8.1281618], [80.543774, 8.1280791], [80.5437627, 8.1280064], [80.5437588, 8.1279453], [80.5437592, 8.1278766], [80.543777, 8.1275883], [80.5437736, 8.1273518], [80.5437825, 8.1272688], [80.5438018, 8.1271731], [80.5438419, 8.1270354], [80.5438948, 8.1269043], [80.5439588, 8.1267721], [80.5441078, 8.1264955], [80.5441547, 8.126393], [80.5441757, 8.1263321], [80.5442067, 8.12622], [80.5442211, 8.1261495], [80.5442282, 8.1260873], [80.5442262, 8.1260097], [80.5442089, 8.1259324], [80.5441887, 8.1258799], [80.5441761, 8.1258471], [80.5441558, 8.1258085], [80.5441335, 8.1257735], [80.5440918, 8.1257241], [80.544046, 8.1256881], [80.5439842, 8.1256574], [80.5439068, 8.1256324], [80.5438668, 8.1256249], [80.5438212, 8.1256222], [80.5436639, 8.1256313], [80.5436068, 8.1256306], [80.543552, 8.1256217], [80.5434267, 8.1255914], [80.543376, 8.1255844], [80.5433354, 8.1255861], [80.5433025, 8.1255967], [80.5432747, 8.125618], [80.5432468, 8.1256548], [80.5431913, 8.125751], [80.5431376, 8.1258697], [80.5431138, 8.1259151], [80.5430467, 8.1260191], [80.5429887, 8.1260895], [80.5429519, 8.1261224], [80.5429091, 8.1261475], [80.5428627, 8.1261664], [80.5427496, 8.1262046], [80.5426988, 8.1262279], [80.5426599, 8.126255], [80.5426248, 8.1262931], [80.542595, 8.1263362], [80.5425313, 8.1264419], [80.5424893, 8.1264999], [80.5424161, 8.1265907], [80.5422059, 8.1268373], [80.5420979, 8.126977], [80.5420174, 8.1270868], [80.5418873, 8.1272752], [80.5417953, 8.1274164], [80.5417179, 8.1275461], [80.5416538, 8.1276672], [80.5415888, 8.1278139], [80.5415628, 8.1278853], [80.5415412, 8.1279551], [80.5415193, 8.1280534], [80.541477, 8.1283105], [80.5414582, 8.1283853], [80.5414303, 8.1284748], [80.5413123, 8.1287974], [80.5412202, 8.1290811], [80.5411805, 8.1291932], [80.5410618, 8.1294699], [80.5410192, 8.129555], [80.5409801, 8.1296136], [80.5409371, 8.1296598], [80.540897, 8.1296914], [80.5408499, 8.1297227], [80.5408117, 8.129756], [80.5407601, 8.1297867], [80.5407321, 8.1297962], [80.5406976, 8.1298003], [80.5405791, 8.1297941], [80.5405416, 8.1297951], [80.54051, 8.1298024], [80.5404864, 8.1298168], [80.5404676, 8.1298396], [80.54045, 8.1298706], [80.5404365, 8.1299043], [80.5404285, 8.1299373], [80.5404256, 8.1299701], [80.5404272, 8.1300038], [80.5404335, 8.1300384], [80.5404444, 8.1300739], [80.5406124, 8.130092], [80.5408945, 8.1300921], [80.5411046, 8.1300265], [80.5413628, 8.1299249], [80.541639, 8.1297815], [80.5419331, 8.1297578], [80.5421912, 8.12974], [80.5425453, 8.1298478], [80.5426833, 8.1299137], [80.5427854, 8.1299317], [80.5428948, 8.1299318], [80.5430135, 8.1299318], [80.5433076, 8.1299619], [80.5435236, 8.1300218], [80.5437217, 8.1301117], [80.5438836, 8.1302792], [80.5439975, 8.1304946], [80.5441174, 8.1307758], [80.5442042, 8.1311097], [80.5442062, 8.1311173], [80.5442102, 8.1311097], [80.5442904, 8.1309554], [80.5443193, 8.1308502], [80.5443194, 8.1307353], [80.5443098, 8.1306013], [80.5442774, 8.1303921], [80.5442236, 8.1302192], [80.5441859, 8.1300755], [80.5441681, 8.1299899]]]}}, {"type": "Feature", "properties": {"tank_id": "5", "pond_name": "Maha Ittikattiya Wewa", "total_ha": 31.9394093, "centroid": [80.5430489, 8.1383714], "bbox": [80.53959472800005, 8.134727271000031, 80.54650311000006, 8.142015482000033]}, "geometry": {"type": "Polygon", "coordinates": [[[80.5411459, 8.1411327], [80.54129, 8.1411328], [80.5414052, 8.141152], [80.5415108, 8.1411808], [80.5416069, 8.1411904], [80.5416933, 8.1411905], [80.5418182, 8.1411331], [80.5420007, 8.1410949], [80.5425001, 8.1410569], [80.5426922, 8.1410666], [80.5428739, 8.1411109], [80.5429803, 8.1411529], [80.5431339, 8.141153], [80.5433837, 8.141134], [80.5442289, 8.1410292], [80.5455063, 8.1409055], [80.5456408, 8.1408673], [80.545708, 8.1408003], [80.5458042, 8.1406377], [80.5460061, 8.140255], [80.5462369, 8.1396905], [80.5463138, 8.1395853], [80.5463226, 8.1394496], [80.5463293, 8.1393139], [80.546334, 8.1391782], [80.5463367, 8.1390425], [80.5463363, 8.1388917], [80.5463285, 8.1387124], [80.5463263, 8.1386626], [80.5463239, 8.1385802], [80.5463244, 8.1384992], [80.5463281, 8.1384266], [80.5463383, 8.1383332], [80.5463549, 8.13823], [80.5463755, 8.138127], [80.5464351, 8.1378541], [80.5464505, 8.1377726], [80.5464619, 8.1376991], [80.5464699, 8.1376321], [80.5464942, 8.1373687], [80.546501, 8.137255], [80.5465031, 8.1371542], [80.546502, 8.1370909], [80.5464987, 8.1370307], [80.5464816, 8.1368579], [80.5464664, 8.1367438], [80.5464576, 8.1366959], [80.5464477, 8.1366521], [80.546437, 8.1366133], [80.5464251, 8.1365772], [80.5464118, 8.1365435], [80.5463972, 8.136512], [80.5463795, 8.13648], [80.5463578, 8.1364451], [80.5463343, 8.1364113], [80.5463089, 8.1363781], [80.5462634, 8.1363254], [80.5462146, 8.1362769], [80.5461637, 8.1362337], [80.5461117, 8.1361967], [80.5460643, 8.136169], [80.5460128, 8.1361455], [80.5459546, 8.1361249], [80.5458896, 8.1361072], [80.5458351, 8.1360956], [80.5457746, 8.1360851], [80.5456893, 8.1360733], [80.5456469, 8.1360694], [80.5455623, 8.1360678], [80.5453582, 8.1360737], [80.5451411, 8.1360672], [80.5450207, 8.1360616], [80.5449155, 8.1360544], [80.544819, 8.1360453], [80.5447292, 8.136034], [80.5446499, 8.1360213], [80.5445744, 8.1360065], [80.54449, 8.1359865], [80.5444043, 8.1359635], [80.5443192, 8.135938], [80.5442353, 8.1359101], [80.544153, 8.13588], [80.5440725, 8.1358476], [80.543979, 8.1358063], [80.5438888, 8.1357621], [80.5437641, 8.1356949], [80.543666, 8.1356386], [80.5435905, 8.1355915], [80.5435245, 8.1355459], [80.543466, 8.1355003], [80.5434142, 8.1354543], [80.5433823, 8.1354222], [80.5433601, 8.1353959], [80.5433372, 8.1353631], [80.5433151, 8.1353255], [80.543297, 8.1352902], [80.5432784, 8.1352495], [80.5432014, 8.1350646], [80.5431795, 8.13502], [80.5431578, 8.1349821], [80.5431334, 8.134947], [80.5431077, 8.1349172], [80.5430818, 8.1348935], [80.5430475, 8.1348688], [80.5430127, 8.1348469], [80.5429755, 8.1348262], [80.5429362, 8.1348069], [80.5428954, 8.1347893], [80.5428537, 8.1347736], [80.5428114, 8.1347599], [80.5427691, 8.1347486], [80.5427272, 8.1347395], [80.542687, 8.1347331], [80.5426479, 8.134729], [80.5426101, 8.1347273], [80.5425739, 8.134728], [80.5425405, 8.134731], [80.5425096, 8.1347362], [80.5424772, 8.1347443], [80.5424438, 8.1347552], [80.5423946, 8.1347754], [80.5423425, 8.1348015], [80.5422868, 8.1348338], [80.5422254, 8.1348736], [80.5421265, 8.1349432], [80.5420493, 8.1350008], [80.5419888, 8.1350503], [80.5419378, 8.1350973], [80.5419033, 8.1351336], [80.5418733, 8.1351696], [80.5418477, 8.1352057], [80.5418265, 8.1352417], [80.5418079, 8.1352809], [80.5417912, 8.1353245], [80.5417762, 8.1353734], [80.5417621, 8.1354296], [80.5417464, 8.135505], [80.5417185, 8.1356529], [80.5417078, 8.1357333], [80.5417049, 8.1357669], [80.5417002, 8.1358203], [80.5416964, 8.1358946], [80.5416941, 8.1359777], [80.5416924, 8.1362764], [80.5416791, 8.136507], [80.5416795, 8.1365622], [80.5416833, 8.136611], [80.541689, 8.136648], [80.5416973, 8.1366824], [80.5417077, 8.1367132], [80.5417209, 8.1367418], [80.5417374, 8.1367702], [80.5417583, 8.1368006], [80.5418559, 8.1369223], [80.541877, 8.1369512], [80.5418941, 8.1369778], [80.5419117, 8.1370108], [80.5419378, 8.1370683], [80.5419587, 8.1371203], [80.5419772, 8.1371725], [80.5419951, 8.137232], [80.5420096, 8.1372908], [80.5420205, 8.1373486], [80.5420278, 8.1374051], [80.5420315, 8.1374608], [80.542032, 8.1375191], [80.5420292, 8.1375796], [80.5420232, 8.137642], [80.5420104, 8.1377258], [80.5419947, 8.1377986], [80.541973, 8.1378686], [80.5419422, 8.1379481], [80.5418681, 8.1381164], [80.5418197, 8.1382318], [80.5417786, 8.1383213], [80.541719, 8.1384415], [80.541576, 8.1387173], [80.5415118, 8.1388499], [80.5414828, 8.1389153], [80.5414573, 8.1389775], [80.5414349, 8.1390374], [80.5414154, 8.1390955], [80.5414004, 8.1391461], [80.5413876, 8.1391958], [80.5413652, 8.1393054], [80.5413513, 8.1393933], [80.5413179, 8.1396307], [80.5412926, 8.1397783], [80.5412571, 8.1400048], [80.5412394, 8.1401032], [80.541223, 8.1401795], [80.5412053, 8.1402488], [80.5411858, 8.140313], [80.5411641, 8.140373], [80.5411217, 8.1404776], [80.5410885, 8.1405507], [80.5410546, 8.1406142], [80.5410193, 8.1406689], [80.5409813, 8.1407164], [80.5409049, 8.1407994], [80.5408695, 8.1408402], [80.5406736, 8.1410835], [80.540625, 8.1411405], [80.5405797, 8.1411899], [80.5405039, 8.1412648], [80.5404236, 8.1413385], [80.5403497, 8.1414011], [80.5402779, 8.1414563], [80.540217, 8.1414977], [80.5400956, 8.1415723], [80.5400228, 8.1416192], [80.5398487, 8.1417239], [80.5397994, 8.1417573], [80.5397579, 8.1417895], [80.5397333, 8.1418113], [80.5397112, 8.1418333], [80.5396915, 8.1418558], [80.5396735, 8.1418794], [80.5396515, 8.1419114], [80.5396311, 8.1419448], [80.5396122, 8.1419795], [80.5395947, 8.1420155], [80.5400505, 8.141783], [80.5403196, 8.1416682], [80.540579, 8.14163], [80.5407423, 8.1415823], [80.5408192, 8.1414866], [80.5409153, 8.1413527], [80.541021, 8.1412092], [80.5411459, 8.1411327]]]}}, {"type": "Feature", "properties": {"tank_id": "6", "pond_name": "Ulankulama Wewa", "total_ha": 39.37143467, "centroid": [80.5546666, 8.1397856], "bbox": [80.55009807600004, 8.134294735000026, 80.55923512800007, 8.145276497000054]}, "geometry": {"type": "Polygon", "coordinates": [[[80.5575785, 8.1413334], [80.5574476, 8.1412763], [80.5573829, 8.141251], [80.557332, 8.1412348], [80.557274, 8.1412193], [80.5570849, 8.1411771], [80.5570198, 8.1411612], [80.5569604, 8.141144], [80.5569081, 8.1411254], [80.5568592, 8.1411039], [80.5568152, 8.1410799], [80.5567705, 8.1410499], [80.5567224, 8.1410128], [80.5566679, 8.1409652], [80.5566117, 8.1409106], [80.5565478, 8.1408423], [80.5564984, 8.1407842], [80.5564648, 8.1407386], [80.5564299, 8.1406857], [80.556325, 8.1405097], [80.5562868, 8.1404488], [80.5562589, 8.140408], [80.5561809, 8.1403008], [80.5560994, 8.1401945], [80.5560263, 8.1401071], [80.5559794, 8.1400587], [80.5558618, 8.1399468], [80.5558321, 8.1399156], [80.5558069, 8.1398862], [80.5557767, 8.1398454], [80.555743, 8.1397938], [80.5557122, 8.1397411], [80.5556834, 8.1396859], [80.5556505, 8.139614], [80.5556218, 8.139541], [80.5555978, 8.1394674], [80.5555776, 8.1393909], [80.5555609, 8.1393092], [80.5555486, 8.1392263], [80.5555423, 8.139154], [80.55554, 8.1390756], [80.555541, 8.1390129], [80.5555441, 8.1389437], [80.555549, 8.1388719], [80.5555549, 8.1388201], [80.5555714, 8.138723], [80.5556121, 8.1385347], [80.5556271, 8.1384563], [80.5556405, 8.1383605], [80.5556546, 8.1382317], [80.5556682, 8.1380598], [80.5556778, 8.1378512], [80.5556806, 8.1377377], [80.5556782, 8.1376472], [80.5556744, 8.1376], [80.5556688, 8.1375573], [80.5556606, 8.1375115], [80.5556495, 8.1374622], [80.5556299, 8.1373884], [80.555582, 8.1372242], [80.5555506, 8.1371057], [80.5554897, 8.1368961], [80.55547, 8.1368136], [80.5554573, 8.1367406], [80.5554531, 8.1367026], [80.5554514, 8.136672], [80.5554515, 8.1366376], [80.5554535, 8.1366006], [80.5554615, 8.1365298], [80.5554882, 8.1363533], [80.555493, 8.1363041], [80.5554949, 8.1362599], [80.5554936, 8.1362143], [80.5554883, 8.1361673], [80.5554784, 8.1361098], [80.5554643, 8.1360462], [80.5554227, 8.1358915], [80.5553947, 8.1358004], [80.5553541, 8.135687], [80.5553032, 8.1355602], [80.5551585, 8.1352309], [80.5550833, 8.1350671], [80.5550471, 8.1349932], [80.5550121, 8.1349259], [80.5549775, 8.1348636], [80.5549428, 8.1348053], [80.5548392, 8.134639], [80.5547954, 8.1345735], [80.5547705, 8.1345398], [80.5547459, 8.1345098], [80.5547215, 8.134483], [80.5546967, 8.134459], [80.5546683, 8.1344352], [80.5546305, 8.134408], [80.5545925, 8.1343839], [80.5545527, 8.1343618], [80.5545119, 8.1343421], [80.5544695, 8.1343243], [80.5544255, 8.1343085], [80.5543799, 8.1342947], [80.5539337, 8.1347837], [80.5524506, 8.1364682], [80.5523672, 8.1365629], [80.5521704, 8.1367852], [80.5521226, 8.1368825], [80.5520782, 8.1369808], [80.5520378, 8.1370789], [80.5520078, 8.1371622], [80.5519804, 8.1372509], [80.5519561, 8.1373441], [80.5519345, 8.1374426], [80.5519156, 8.1375476], [80.5518964, 8.1376798], [80.5518795, 8.1378288], [80.5518359, 8.1383349], [80.5518036, 8.1386416], [80.5517828, 8.1388643], [80.5517529, 8.1392266], [80.5517509, 8.1392823], [80.5517495, 8.1394193], [80.5517452, 8.1394892], [80.5517393, 8.1395327], [80.5517307, 8.139572], [80.5517188, 8.1396095], [80.5517028, 8.1396482], [80.5516768, 8.1396987], [80.5516445, 8.13975], [80.5516057, 8.1398024], [80.5515601, 8.1398562], [80.5515048, 8.1399147], [80.5514392, 8.1399782], [80.5513508, 8.140058], [80.5512958, 8.1401025], [80.5512479, 8.140137], [80.5511952, 8.1401715], [80.5511368, 8.1402067], [80.5510698, 8.1402443], [80.5508007, 8.1403862], [80.550653, 8.140454], [80.550596, 8.1404836], [80.5505674, 8.1405013], [80.550542, 8.1405195], [80.5505142, 8.1405426], [80.5504871, 8.1405681], [80.5504426, 8.1406171], [80.5503995, 8.1406736], [80.5503575, 8.1407383], [80.5503156, 8.1408123], [80.5502684, 8.1409068], [80.5502171, 8.1410204], [80.5501823, 8.1411092], [80.5501531, 8.1411973], [80.5501383, 8.1412499], [80.5501257, 8.1413017], [80.5501153, 8.1413526], [80.5501073, 8.1414024], [80.5501017, 8.14145], [80.5500988, 8.1414908], [80.5500981, 8.1415341], [80.5500996, 8.1415793], [80.5501059, 8.141649], [80.5501172, 8.141726], [80.5501332, 8.1418106], [80.550186, 8.1420623], [80.5502146, 8.142256], [80.5502256, 8.1423026], [80.5502391, 8.1423428], [80.5502596, 8.1423866], [80.5502846, 8.1424303], [80.5503137, 8.1424731], [80.5503466, 8.1425141], [80.5503834, 8.1425534], [80.5504239, 8.142591], [80.5503936, 8.1421414], [80.5503928, 8.1418207], [80.5504325, 8.1415442], [80.5504726, 8.1414426], [80.5505783, 8.1412225], [80.5507033, 8.1410791], [80.5508474, 8.140993], [80.5510971, 8.1409549], [80.5514812, 8.1410125], [80.5521918, 8.1412234], [80.5527872, 8.1413769], [80.5530321, 8.1414248], [80.553277, 8.1414728], [80.5537092, 8.1414826], [80.5543421, 8.1414405], [80.5548768, 8.1413505], [80.5551121, 8.1413267], [80.555357, 8.1413747], [80.556154, 8.1416479], [80.5563988, 8.1417772], [80.5564612, 8.1418251], [80.5565092, 8.1418825], [80.5565524, 8.1420404], [80.5565522, 8.1424089], [80.5565713, 8.1425333], [80.556648, 8.1427391], [80.556691, 8.1431363], [80.556758, 8.1435813], [80.5568635, 8.1438302], [80.5570747, 8.1441605], [80.5573866, 8.1444382], [80.557665, 8.144668], [80.5579219, 8.1448213], [80.5581787, 8.1449745], [80.5583947, 8.1450895], [80.5587468, 8.1451805], [80.5590182, 8.1452657], [80.5591198, 8.1452765], [80.5591918, 8.1452526], [80.5592207, 8.1451904], [80.5592351, 8.1450612], [80.5591872, 8.1447932], [80.5590578, 8.1444869], [80.5588707, 8.1441232], [80.5588083, 8.1439939], [80.5588068, 8.1439588], [80.5588517, 8.143592], [80.5588614, 8.1435346], [80.5588848, 8.1434377], [80.5588698, 8.1433867], [80.5588575, 8.1433354], [80.5588479, 8.1432838], [80.558841, 8.143232], [80.5588379, 8.1431749], [80.558841, 8.1430392], [80.5588381, 8.142998], [80.5588324, 8.1429524], [80.5588238, 8.1429035], [80.5588123, 8.1428531], [80.558798, 8.1428009], [80.5587807, 8.1427463], [80.5587507, 8.142664], [80.5587123, 8.1425704], [80.5585572, 8.1422166], [80.5585155, 8.1421263], [80.5584774, 8.1420527], [80.5584396, 8.1419886], [80.5584016, 8.1419331], [80.5583578, 8.1418783], [80.5583056, 8.1418211], [80.5582466, 8.1417637], [80.5581802, 8.1417058], [80.5581053, 8.1416463], [80.5580163, 8.141581], [80.5579251, 8.1415185], [80.5578451, 8.1414693], [80.5577581, 8.1414209], [80.5576725, 8.1413775], [80.5575785, 8.1413334]]]}}, {"type": "Feature", "properties": {"tank_id": "7", "pond_name": "Amane Wewa", "total_ha": 27.66009283, "centroid": [80.51141, 8.1439519], "bbox": [80.50843341600006, 8.140434010000035, 80.51438664000005, 8.14746976300006]}, "geometry": {"type": "Polygon", "coordinates": [[[80.5136889, 8.14596], [80.5136288, 8.1457066], [80.5135908, 8.1455575], [80.5135009, 8.1452241], [80.5134371, 8.145004], [80.5134118, 8.1449105], [80.5133906, 8.1448178], [80.5133634, 8.1446719], [80.5133495, 8.1445813], [80.5133393, 8.1444975], [80.5133328, 8.1444185], [80.5133297, 8.1443436], [80.5133301, 8.1442717], [80.5133339, 8.1441965], [80.5133411, 8.1441174], [80.5133519, 8.1440333], [80.5133743, 8.1438983], [80.5134079, 8.1437297], [80.5134353, 8.1436063], [80.5134672, 8.1434831], [80.5135053, 8.1433539], [80.5135491, 8.1432204], [80.513599, 8.1430818], [80.5136555, 8.1429366], [80.5137066, 8.142813], [80.5137567, 8.1426991], [80.5138104, 8.1425837], [80.5138669, 8.1424694], [80.5139292, 8.1423503], [80.5139722, 8.1422739], [80.5140163, 8.1422034], [80.5141319, 8.1420279], [80.514163, 8.1419771], [80.5141894, 8.1419306], [80.5142167, 8.1418764], [80.5142623, 8.1417748], [80.5142942, 8.1416981], [80.5143202, 8.1416285], [80.5143417, 8.1415621], [80.5143585, 8.1414992], [80.5143707, 8.1414395], [80.5143788, 8.1413802], [80.5143847, 8.1413084], [80.5143866, 8.1412367], [80.5143846, 8.141166], [80.5143785, 8.1410971], [80.514366, 8.1410168], [80.5143381, 8.1408927], [80.5143154, 8.1408175], [80.5143029, 8.1407852], [80.5142896, 8.1407559], [80.5142757, 8.1407302], [80.5142609, 8.140707], [80.5142451, 8.1406863], [80.514228, 8.1406679], [80.5142081, 8.1406498], [80.5141856, 8.1406326], [80.5141603, 8.1406161], [80.5141323, 8.1406003], [80.5140843, 8.1405773], [80.5140273, 8.1405546], [80.5138255, 8.1404867], [80.5137672, 8.1404694], [80.5137139, 8.1404559], [80.5136641, 8.1404457], [80.5136171, 8.1404387], [80.5135729, 8.1404348], [80.5135304, 8.140434], [80.5134855, 8.1404362], [80.5134388, 8.1404415], [80.51339, 8.1404499], [80.5133394, 8.1404613], [80.5132872, 8.1404758], [80.5132335, 8.1404933], [80.5131825, 8.1405122], [80.5131316, 8.1405331], [80.5130961, 8.14055], [80.5130604, 8.1405696], [80.5130207, 8.1405942], [80.5129801, 8.1406224], [80.5129379, 8.1406545], [80.5128932, 8.1406915], [80.5128309, 8.1407466], [80.5126855, 8.1408803], [80.512562, 8.1409883], [80.5124806, 8.1410641], [80.5123622, 8.1411813], [80.5120828, 8.141468], [80.5120064, 8.141543], [80.5119361, 8.141609], [80.5118678, 8.1416696], [80.5115333, 8.1419559], [80.5114398, 8.1420324], [80.5113559, 8.1420966], [80.5112725, 8.142155], [80.5111924, 8.1422053], [80.511114, 8.1422483], [80.5110367, 8.1422844], [80.510882, 8.1423454], [80.5107908, 8.1423765], [80.5107473, 8.1423883], [80.5107065, 8.142397], [80.5106678, 8.1424028], [80.5106308, 8.1424056], [80.5105748, 8.1424045], [80.5105108, 8.1423966], [80.5102421, 8.1423423], [80.5101818, 8.1423278], [80.5101305, 8.1423126], [80.5100848, 8.1422957], [80.510044, 8.1422768], [80.5100062, 8.1422547], [80.5099703, 8.1422279], [80.5099367, 8.142198], [80.5098498, 8.1421149], [80.5097858, 8.1420632], [80.5096849, 8.1419899], [80.5095699, 8.1419137], [80.5094353, 8.1418311], [80.5092832, 8.1417425], [80.5091906, 8.1416938], [80.5089722, 8.1415845], [80.5088682, 8.1415281], [80.5087026, 8.1414277], [80.5085392, 8.1413208], [80.5084815, 8.1414308], [80.5084479, 8.1414978], [80.5084334, 8.1415695], [80.5084526, 8.1416509], [80.5085149, 8.1417323], [80.5086014, 8.1417754], [80.5090191, 8.1418857], [80.5092999, 8.1419864], [80.5093599, 8.1420104], [80.5094199, 8.1420941], [80.5094438, 8.1422856], [80.5094673, 8.1430512], [80.5094131, 8.1433024], [80.5093589, 8.1435535], [80.5092745, 8.1441038], [80.5092742, 8.1446541], [80.5092617, 8.145312], [80.5091584, 8.1460946], [80.509129, 8.1463168], [80.5091617, 8.1463461], [80.509195, 8.1463728], [80.5092291, 8.146397], [80.5092637, 8.1464187], [80.5092991, 8.1464378], [80.5093351, 8.1464544], [80.5093718, 8.1464685], [80.5094092, 8.14648], [80.5094493, 8.1464894], [80.509491, 8.1464962], [80.5095334, 8.1465004], [80.5095758, 8.1465018], [80.5096172, 8.1465004], [80.5096571, 8.1464963], [80.5096953, 8.1464894], [80.50973, 8.1464801], [80.5097809, 8.1464598], [80.5098402, 8.1464286], [80.5099337, 8.1463725], [80.5100055, 8.1463222], [80.5101994, 8.1461716], [80.5104542, 8.1459653], [80.5104848, 8.1459375], [80.5105601, 8.1458626], [80.5105813, 8.145844], [80.5106007, 8.1458294], [80.5106279, 8.1458136], [80.5106538, 8.1458049], [80.5106803, 8.1458028], [80.5107099, 8.1458066], [80.5107311, 8.1458124], [80.5107537, 8.1458208], [80.5108037, 8.1458456], [80.5108666, 8.1458854], [80.5109076, 8.145914], [80.5109279, 8.1459303], [80.5109553, 8.1459566], [80.5109835, 8.145989], [80.511065, 8.1460982], [80.5110925, 8.1461328], [80.5111138, 8.1461565], [80.5111499, 8.146193], [80.5112295, 8.1462706], [80.5112987, 8.1463327], [80.5113641, 8.1463855], [80.5114273, 8.1464301], [80.5114907, 8.1464679], [80.5115506, 8.1464951], [80.5116163, 8.1465182], [80.5117932, 8.1465719], [80.5118437, 8.1465911], [80.5118882, 8.1466119], [80.5119341, 8.1466367], [80.5119841, 8.1466664], [80.5121962, 8.1468024], [80.5122509, 8.1468333], [80.5124152, 8.1469208], [80.512465, 8.146951], [80.5125075, 8.1469803], [80.5125362, 8.1470029], [80.5125597, 8.147024], [80.5125804, 8.1470465], [80.5126007, 8.1470726], [80.5126362, 8.1471274], [80.5127136, 8.1472634], [80.5127355, 8.1472966], [80.5127569, 8.1473244], [80.51278, 8.1473494], [80.512804, 8.1473702], [80.5128275, 8.1473862], [80.5128656, 8.1474079], [80.512906, 8.1474276], [80.5129462, 8.1474439], [80.5129849, 8.1474564], [80.5130216, 8.1474649], [80.5130536, 8.1474691], [80.5130863, 8.1474698], [80.5131208, 8.147467], [80.5131568, 8.1474607], [80.5131983, 8.1474497], [80.513241, 8.1474346], [80.5132845, 8.1474154], [80.513328, 8.1473925], [80.5133713, 8.147366], [80.5134131, 8.1473367], [80.5134525, 8.1473051], [80.5134882, 8.1472724], [80.5135173, 8.1472406], [80.5135455, 8.147204], [80.513573, 8.1471624], [80.5135998, 8.1471157], [80.5136296, 8.1470564], [80.5136599, 8.146988], [80.5136795, 8.1469378], [80.5136964, 8.1468854], [80.5137101, 8.146833], [80.5137218, 8.1467778], [80.5137312, 8.1467197], [80.5137386, 8.1466585], [80.513744, 8.1465926], [80.5137473, 8.1465229], [80.5137486, 8.1464402], [80.5137473, 8.1463817], [80.5137397, 8.1462764], [80.5137243, 8.1461487], [80.5137098, 8.1460607], [80.5136889, 8.14596]]]}}, {"type": "Feature", "properties": {"tank_id": "8", "pond_name": "Ihala Amanakkattuwa Wewa", "total_ha": 19.87689069, "centroid": [80.4977517, 8.1455319], "bbox": [80.49414445300005, 8.142904416000022, 80.50135892200007, 8.148159430000021]}, "geometry": {"type": "Polygon", "coordinates": [[[80.5002896, 8.1454748], [80.5003501, 8.1454381], [80.5004093, 8.145398], [80.5004666, 8.1453548], [80.5005209, 8.1453095], [80.5005725, 8.1452619], [80.5006234, 8.1452102], [80.5006709, 8.1451569], [80.5007085, 8.1451104], [80.5007432, 8.1450634], [80.5007747, 8.1450159], [80.5008025, 8.1449691], [80.5008322, 8.1449066], [80.5008768, 8.1447925], [80.5008946, 8.1447504], [80.5009152, 8.1447086], [80.5009407, 8.1446636], [80.5009943, 8.1445815], [80.5011294, 8.1443918], [80.5011621, 8.1443409], [80.5011893, 8.1442936], [80.5012563, 8.1441651], [80.5012928, 8.1440841], [80.5013063, 8.1440476], [80.5013173, 8.144012], [80.5013308, 8.1439611], [80.5013417, 8.1439124], [80.5013512, 8.1438565], [80.501357, 8.1438035], [80.5013589, 8.1437536], [80.501357, 8.1437066], [80.5013516, 8.1436639], [80.5013414, 8.1436174], [80.5013272, 8.1435703], [80.5013093, 8.1435234], [80.5012881, 8.143478], [80.5012642, 8.143435], [80.5012376, 8.1433949], [80.5012109, 8.1433614], [80.50118, 8.1433295], [80.5011439, 8.143298], [80.5011026, 8.1432668], [80.501055, 8.1432352], [80.5009955, 8.1431997], [80.5009242, 8.1431608], [80.5008733, 8.1431367], [80.5008187, 8.1431145], [80.5007547, 8.1430924], [80.5006855, 8.1430722], [80.5006102, 8.1430537], [80.5005268, 8.1430364], [80.5004441, 8.1430221], [80.5003681, 8.1430145], [80.5002866, 8.143011], [80.5001223, 8.1430096], [80.5000532, 8.1430076], [80.4999988, 8.1430041], [80.4999958, 8.1430039], [80.4998737, 8.1429921], [80.4998094, 8.1429838], [80.499758, 8.1429744], [80.4997153, 8.1429632], [80.4996089, 8.1429314], [80.4995509, 8.1429187], [80.499495, 8.1429113], [80.499439, 8.1429065], [80.4993833, 8.1429044], [80.4993285, 8.1429051], [80.4992832, 8.1429077], [80.4992373, 8.1429124], [80.4991908, 8.1429192], [80.499144, 8.1429279], [80.4990594, 8.1429489], [80.4990216, 8.1429615], [80.4989818, 8.1429771], [80.4989039, 8.1430126], [80.4986997, 8.143115], [80.4986364, 8.143151], [80.4985077, 8.1432312], [80.4984523, 8.1432639], [80.4983932, 8.1432944], [80.4983391, 8.1433168], [80.4982859, 8.1433325], [80.4982306, 8.1433417], [80.4981667, 8.1433461], [80.4980974, 8.1433448], [80.4980354, 8.1433396], [80.4979678, 8.1433305], [80.4978932, 8.1433175], [80.4978025, 8.1432987], [80.4977391, 8.1432837], [80.4976776, 8.1432667], [80.4976184, 8.143248], [80.4975616, 8.1432274], [80.4975161, 8.1432085], [80.4974761, 8.1431863], [80.4974278, 8.1431527], [80.497328, 8.1430738], [80.4972845, 8.1430422], [80.4972373, 8.1430145], [80.4972152, 8.1430045], [80.4971935, 8.142997], [80.4971722, 8.1429918], [80.497151, 8.142989], [80.4971166, 8.1429875], [80.4970815, 8.1429882], [80.4970492, 8.1429907], [80.4970179, 8.142995], [80.4969883, 8.1430009], [80.4969607, 8.1430085], [80.4969268, 8.1430212], [80.4968977, 8.1430366], [80.4968727, 8.1430548], [80.4968484, 8.1430782], [80.4968236, 8.1431081], [80.4967992, 8.1431439], [80.4967746, 8.1431861], [80.4967481, 8.1432379], [80.4967299, 8.1432791], [80.4967162, 8.1433241], [80.4967057, 8.1433751], [80.4966895, 8.1434832], [80.4966811, 8.1435291], [80.4966707, 8.14357], [80.4966496, 8.1436335], [80.4966155, 8.1437231], [80.4965764, 8.1438124], [80.4965325, 8.1439008], [80.4964842, 8.1439876], [80.496442, 8.1440565], [80.4963925, 8.1441311], [80.4963433, 8.1442005], [80.4962951, 8.1442636], [80.4962486, 8.1443198], [80.496202, 8.1443712], [80.4961552, 8.1444181], [80.4961082, 8.1444606], [80.4960567, 8.1445014], [80.4959997, 8.1445386], [80.4959418, 8.1445714], [80.4958006, 8.1446458], [80.495732, 8.1446866], [80.4956738, 8.1447281], [80.4955671, 8.1448132], [80.4955232, 8.1448463], [80.4954761, 8.1448776], [80.4954318, 8.1449017], [80.4953756, 8.1449255], [80.4953093, 8.1449473], [80.4951365, 8.1449925], [80.4949622, 8.1450425], [80.4948764, 8.1450645], [80.4948169, 8.145077], [80.4947713, 8.1450839], [80.4947323, 8.1450866], [80.494642, 8.1450892], [80.4946008, 8.1450928], [80.4945648, 8.1450996], [80.4945323, 8.1451102], [80.4945037, 8.145123], [80.4944743, 8.1451392], [80.4944436, 8.1451591], [80.4944103, 8.1451835], [80.4942413, 8.1453212], [80.4941923, 8.1453638], [80.4941445, 8.1454081], [80.4942164, 8.1454871], [80.49431, 8.1455517], [80.4944469, 8.1455734], [80.4945694, 8.1455232], [80.494663, 8.1454802], [80.4947783, 8.1454659], [80.4948935, 8.145466], [80.4950304, 8.1455235], [80.4951887, 8.1456456], [80.495592, 8.1458541], [80.4964921, 8.1462782], [80.4970754, 8.1465441], [80.4972518, 8.1466447], [80.4974282, 8.1467453], [80.4976298, 8.1468172], [80.4978099, 8.1468748], [80.4980187, 8.1469467], [80.4981627, 8.1470473], [80.4982995, 8.1471837], [80.4983714, 8.1473202], [80.4984073, 8.1474279], [80.4984073, 8.1475427], [80.4983062, 8.1478226], [80.4982989, 8.1480379], [80.4983321, 8.1481594], [80.4983409, 8.1481573], [80.4985148, 8.1481158], [80.4985191, 8.1481148], [80.4985233, 8.1480639], [80.4985356, 8.1479429], [80.498544, 8.1478739], [80.4985528, 8.1478161], [80.4985627, 8.1477653], [80.4985719, 8.1477288], [80.4986189, 8.1475863], [80.4986346, 8.1475274], [80.4986515, 8.1474409], [80.4986618, 8.1473758], [80.4986678, 8.1473171], [80.4986696, 8.1472638], [80.4986675, 8.1472179], [80.4986617, 8.1471751], [80.4986526, 8.1471365], [80.4986377, 8.1470912], [80.4986059, 8.1470057], [80.4985881, 8.1469643], [80.4985641, 8.146916], [80.4985042, 8.1468039], [80.4984779, 8.1467483], [80.4984577, 8.1466936], [80.4984457, 8.1466429], [80.4984402, 8.1465915], [80.4984382, 8.1465365], [80.4984399, 8.1464837], [80.4984453, 8.1464332], [80.4984543, 8.1463857], [80.4984672, 8.1463395], [80.4984846, 8.1462898], [80.4985034, 8.1462481], [80.4985226, 8.1462155], [80.4985422, 8.1461908], [80.4985671, 8.1461684], [80.498598, 8.1461476], [80.4986463, 8.146123], [80.4987525, 8.146079], [80.4987962, 8.1460584], [80.4988604, 8.1460208], [80.499014, 8.1459248], [80.4990779, 8.1458877], [80.4991775, 8.1458366], [80.4992865, 8.1457869], [80.499378, 8.1457495], [80.499474, 8.1457136], [80.4995749, 8.1456793], [80.4996811, 8.1456463], [80.4997256, 8.1456344], [80.4997755, 8.1456237], [80.4999758, 8.1455904], [80.5000601, 8.1455725], [80.5001026, 8.1455606], [80.5001415, 8.145547], [80.5001825, 8.1455296], [80.5002283, 8.1455077], [80.5002896, 8.1454748]]]}}, {"type": "Feature", "properties": {"tank_id": "9", "pond_name": "Ethiniwetuna Wewa", "total_ha": 10.25058016, "centroid": [80.5641425, 8.1466616], "bbox": [80.56219438300008, 8.143721226000025, 80.56609058000004, 8.149601980000057]}, "geometry": {"type": "Polygon", "coordinates": [[[80.5653111, 8.1451447], [80.5652771, 8.1451372], [80.5652399, 8.1451321], [80.5651989, 8.1451292], [80.5651173, 8.1451294], [80.5649282, 8.1451403], [80.5648459, 8.1451417], [80.5646307, 8.1451283], [80.5642584, 8.1451105], [80.5641422, 8.1451026], [80.5640391, 8.1450933], [80.5639438, 8.1450819], [80.5638547, 8.1450683], [80.5637914, 8.1450567], [80.5637021, 8.1450379], [80.5635309, 8.1449988], [80.5634005, 8.1449642], [80.563284, 8.1449278], [80.5631846, 8.1448914], [80.5630929, 8.144852], [80.5629584, 8.1447858], [80.5629071, 8.1447582], [80.5628613, 8.1447316], [80.5628094, 8.1446983], [80.562763, 8.1446647], [80.5626884, 8.1446034], [80.5626393, 8.1445596], [80.5626039, 8.1445236], [80.562575, 8.1444888], [80.5625515, 8.1444541], [80.5625343, 8.1444204], [80.5625193, 8.1443779], [80.5624968, 8.144293], [80.5624863, 8.1442589], [80.5624728, 8.1442242], [80.562439, 8.1441462], [80.5624257, 8.14411], [80.5624159, 8.1440731], [80.5624075, 8.1440278], [80.562403, 8.1439907], [80.5624005, 8.1439533], [80.5624002, 8.1439155], [80.5624019, 8.1438773], [80.5624056, 8.1438388], [80.5624115, 8.1438], [80.5624194, 8.1437608], [80.5624294, 8.1437212], [80.5622607, 8.1440265], [80.5622036, 8.1442238], [80.5621944, 8.1445797], [80.5622571, 8.1450942], [80.5624234, 8.1461586], [80.5624875, 8.1465687], [80.5625834, 8.146814], [80.5627543, 8.1470653], [80.5632253, 8.1474991], [80.5639243, 8.1480917], [80.5640743, 8.1482443], [80.5641493, 8.1483849], [80.5641702, 8.1485165], [80.5641371, 8.1487886], [80.5639838, 8.1492581], [80.5639567, 8.1493836], [80.5639596, 8.1495093], [80.5639896, 8.149602], [80.5640024, 8.149533], [80.5640181, 8.149465], [80.5640369, 8.1493971], [80.5640578, 8.1493332], [80.5640846, 8.1492642], [80.5641321, 8.1491535], [80.5642013, 8.1490156], [80.5642237, 8.1489665], [80.5642428, 8.1489138], [80.5642579, 8.1488535], [80.564272, 8.1487663], [80.5642995, 8.1485265], [80.5643113, 8.1484044], [80.5643203, 8.1482806], [80.5643282, 8.1480964], [80.5643268, 8.1480455], [80.5643183, 8.1479027], [80.5643184, 8.1478593], [80.5643212, 8.1478211], [80.5643301, 8.1477722], [80.5643469, 8.1477181], [80.5643706, 8.1476623], [80.5644019, 8.1476028], [80.564438, 8.1475436], [80.5644855, 8.1474726], [80.5645285, 8.1474115], [80.564568, 8.1473619], [80.5646106, 8.1473143], [80.5646586, 8.147266], [80.5647126, 8.147216], [80.564775, 8.1471625], [80.5651198, 8.1468853], [80.5652162, 8.1468117], [80.5653296, 8.1467284], [80.5656166, 8.1465231], [80.5656748, 8.1464871], [80.5658031, 8.1464163], [80.5658568, 8.1463844], [80.5659094, 8.146348], [80.5659513, 8.1463116], [80.5659822, 8.1462765], [80.5660072, 8.146238], [80.5660409, 8.1461737], [80.5660665, 8.146112], [80.5660815, 8.1460618], [80.5660895, 8.1460155], [80.5660906, 8.1459734], [80.5660885, 8.145954], [80.5660846, 8.1459356], [80.5660782, 8.1459158], [80.5660694, 8.145895], [80.5660438, 8.1458495], [80.56602, 8.1458147], [80.565979, 8.1457593], [80.5659496, 8.1457248], [80.5659175, 8.145694], [80.565879, 8.1456626], [80.5658357, 8.1456312], [80.5657082, 8.1455444], [80.5656705, 8.1455154], [80.5656387, 8.1454877], [80.5656089, 8.1454571], [80.5655814, 8.1454227], [80.5655553, 8.1453843], [80.5654894, 8.1452805], [80.5654688, 8.1452518], [80.5654492, 8.1452279], [80.5654256, 8.1452041], [80.5654014, 8.145185], [80.5653733, 8.1451683], [80.5653423, 8.1451546], [80.5653111, 8.1451447]]]}}, {"type": "Feature", "properties": {"tank_id": "10", "pond_name": "Pahala Amanakkattuwa Wewa", "total_ha": 20.86676457, "centroid": [80.4955929, 8.1536574], "bbox": [80.49317437800005, 8.150758451000058, 80.49801134500007, 8.156556282000054]}, "geometry": {"type": "Polygon", "coordinates": [[[80.4980113, 8.1554732], [80.4979923, 8.1552794], [80.4979134, 8.1547985], [80.4977626, 8.1540591], [80.4977508, 8.1536983], [80.497762, 8.1536294], [80.4976117, 8.1535709], [80.4973531, 8.1534704], [80.4971073, 8.1533478], [80.4968012, 8.1531686], [80.4966616, 8.153041], [80.4966104, 8.1529479], [80.4965109, 8.1526784], [80.4963078, 8.1523956], [80.4962148, 8.1521843], [80.4961735, 8.1520199], [80.4961265, 8.1516369], [80.4960799, 8.1514835], [80.4959641, 8.1513075], [80.4957918, 8.1511362], [80.495622, 8.1510122], [80.4954385, 8.1509115], [80.4952508, 8.1508398], [80.4950367, 8.1507852], [80.4948308, 8.1507585], [80.4946478, 8.150762], [80.4944932, 8.1507958], [80.4943684, 8.1508593], [80.4942577, 8.1509553], [80.4941416, 8.1510918], [80.4940644, 8.1512071], [80.4940032, 8.1513408], [80.49394, 8.151576], [80.4937443, 8.1523046], [80.4936376, 8.1527964], [80.4935894, 8.1531423], [80.4934222, 8.1549291], [80.4933763, 8.1552254], [80.4933434, 8.1553827], [80.4932589, 8.1557884], [80.4931744, 8.1563127], [80.4931781, 8.1563902], [80.4932035, 8.156448], [80.4932666, 8.1565082], [80.4933548, 8.1565563], [80.4933621, 8.1565276], [80.493511, 8.1564081], [80.4939674, 8.1561213], [80.4941403, 8.1560783], [80.4944333, 8.1560402], [80.4947743, 8.155983], [80.4949185, 8.155949], [80.4953603, 8.1558447], [80.49622, 8.1556874], [80.4972958, 8.1555015], [80.4978337, 8.1554492], [80.4980113, 8.1554732]]]}}, {"type": "Feature", "properties": {"tank_id": "11", "pond_name": "Walagambahuwa Wewa", "total_ha": 26.38099737, "centroid": [80.509069, 8.1549875], "bbox": [80.50526180500003, 8.152241080000067, 80.51287628700004, 8.157733976000031]}, "geometry": {"type": "Polygon", "coordinates": [[[80.5124314, 8.1563084], [80.5121761, 8.1559485], [80.5120603, 8.1557917], [80.5119903, 8.1557024], [80.511923, 8.1556215], [80.5118541, 8.155544], [80.5117968, 8.1554848], [80.5117404, 8.1554333], [80.5116752, 8.1553798], [80.5115979, 8.1553215], [80.5114319, 8.1552027], [80.5113613, 8.1551504], [80.5112892, 8.155093], [80.5112278, 8.1550387], [80.5111728, 8.1549833], [80.5111251, 8.1549275], [80.5111002, 8.1548936], [80.511094, 8.1548852], [80.5110237, 8.1547792], [80.5109918, 8.1547366], [80.5109569, 8.154694], [80.5109236, 8.1546573], [80.5108912, 8.1546252], [80.5108574, 8.1545955], [80.5108196, 8.1545658], [80.5107739, 8.1545339], [80.5107273, 8.154505], [80.5106762, 8.1544763], [80.5106166, 8.1544461], [80.5104894, 8.154389], [80.5103003, 8.1543121], [80.5101906, 8.1542654], [80.5101031, 8.1542243], [80.5100244, 8.1541824], [80.5099815, 8.1541567], [80.5099445, 8.1541324], [80.5098488, 8.1540608], [80.5097913, 8.1540145], [80.5097345, 8.1539658], [80.5097044, 8.1539383], [80.5096767, 8.1539102], [80.5096526, 8.1538824], [80.5096307, 8.1538529], [80.5096129, 8.153823], [80.5095975, 8.1537909], [80.5095828, 8.153753], [80.5095684, 8.1537074], [80.5095283, 8.1535456], [80.5095138, 8.1534963], [80.5094977, 8.1534518], [80.509474, 8.1533969], [80.5094204, 8.1532832], [80.5093862, 8.1532188], [80.5093494, 8.1531585], [80.5093045, 8.1530972], [80.509251, 8.1530375], [80.5091828, 8.1529718], [80.5090775, 8.1528783], [80.5090117, 8.1528166], [80.5089568, 8.1527582], [80.5088906, 8.152679], [80.508859, 8.1526442], [80.5088259, 8.1526118], [80.508794, 8.1525861], [80.5087508, 8.152559], [80.5086997, 8.1525342], [80.5086487, 8.1525135], [80.5085506, 8.1524781], [80.5084347, 8.1524314], [80.5084005, 8.1524198], [80.5083687, 8.1524112], [80.5083396, 8.1524063], [80.5083127, 8.1524045], [80.5082796, 8.1524072], [80.5082454, 8.152416], [80.5082043, 8.152432], [80.5081261, 8.1524666], [80.508049, 8.1524916], [80.5079188, 8.1525268], [80.5077947, 8.1525536], [80.5077319, 8.1525643], [80.5076695, 8.1525729], [80.5075984, 8.1525809], [80.5075317, 8.1525865], [80.507474, 8.1525897], [80.5074283, 8.1525904], [80.5073847, 8.1525887], [80.5073437, 8.1525846], [80.5072754, 8.1525718], [80.5072076, 8.1525531], [80.5071005, 8.1525162], [80.507027, 8.1524881], [80.5069746, 8.1524645], [80.5069252, 8.1524386], [80.5067958, 8.152362], [80.506719, 8.1523201], [80.5066653, 8.1522957], [80.5065877, 8.1522683], [80.50655, 8.152257], [80.5065122, 8.1522478], [80.5064865, 8.1522434], [80.5064618, 8.1522412], [80.5064281, 8.1522411], [80.5063948, 8.1522436], [80.5063607, 8.1522488], [80.5063273, 8.1522565], [80.5064209, 8.1523571], [80.506464, 8.1525078], [80.5064783, 8.152637], [80.5064422, 8.152838], [80.50637, 8.1530533], [80.506305, 8.1533762], [80.5061605, 8.1539073], [80.5060522, 8.1543809], [80.5059726, 8.154833], [80.5059595, 8.1549869], [80.5059291, 8.1553426], [80.5059289, 8.1555651], [80.5059145, 8.1556728], [80.5058568, 8.1557876], [80.5057991, 8.1558809], [80.5056044, 8.1561104], [80.5052873, 8.1563471], [80.5052739, 8.1563692], [80.5052648, 8.1563935], [80.5052618, 8.1564178], [80.5052639, 8.1564435], [80.5052706, 8.1564706], [80.5052821, 8.1564969], [80.5052963, 8.1565135], [80.5053156, 8.1565248], [80.5053453, 8.1565333], [80.5053778, 8.1565371], [80.5053819, 8.1565375], [80.5054249, 8.15654], [80.5054751, 8.1565398], [80.5055432, 8.156537], [80.5055763, 8.1565339], [80.5056217, 8.1565265], [80.5056694, 8.1565154], [80.5057091, 8.1565039], [80.5057543, 8.1564886], [80.5058473, 8.1564511], [80.5059253, 8.156415], [80.5059569, 8.1563979], [80.505984, 8.1563808], [80.5060294, 8.1563463], [80.5060743, 8.1563061], [80.5061246, 8.1562558], [80.5062038, 8.1561727], [80.5062652, 8.1561139], [80.5062926, 8.1560907], [80.5063201, 8.15607], [80.5063467, 8.1560524], [80.5063741, 8.1560369], [80.5064086, 8.1560213], [80.5064476, 8.1560076], [80.5064916, 8.1559949], [80.5065377, 8.1559844], [80.5065873, 8.1559756], [80.5066395, 8.1559685], [80.5067588, 8.1559586], [80.5068409, 8.1559551], [80.5069153, 8.1559555], [80.5069862, 8.1559611], [80.5070587, 8.1559716], [80.5071339, 8.1559865], [80.5072124, 8.1560056], [80.5073146, 8.1560338], [80.5075045, 8.1560891], [80.5075828, 8.1561097], [80.507651, 8.1561254], [80.507709, 8.1561366], [80.507766, 8.1561446], [80.5079, 8.1561552], [80.5079683, 8.1561626], [80.5080175, 8.1561709], [80.5080629, 8.1561825], [80.5081011, 8.1561964], [80.5081587, 8.1562212], [80.5082067, 8.1562451], [80.5082454, 8.1562677], [80.5082782, 8.1562906], [80.5083046, 8.1563131], [80.5083262, 8.156336], [80.5083441, 8.1563607], [80.5083581, 8.1563856], [80.5083698, 8.156412], [80.5083804, 8.1564418], [80.5083898, 8.1564765], [80.5083972, 8.1565109], [80.5084045, 8.1565567], [80.5084166, 8.1566779], [80.5084265, 8.1567393], [80.5084356, 8.1567791], [80.5084467, 8.1568186], [80.5084598, 8.1568575], [80.5084747, 8.1568955], [80.5084926, 8.1569348], [80.5085119, 8.1569716], [80.5085317, 8.1570038], [80.5085547, 8.1570361], [80.508582, 8.1570699], [80.5086131, 8.1571043], [80.5086482, 8.1571395], [80.5086881, 8.1571766], [80.5087976, 8.1572689], [80.5088361, 8.1572979], [80.5088797, 8.1573281], [80.5091781, 8.1575152], [80.5092389, 8.1575508], [80.5092932, 8.1575798], [80.5093514, 8.157607], [80.5094159, 8.1576337], [80.5094818, 8.1576579], [80.5095495, 8.1576797], [80.5096173, 8.1576987], [80.5096813, 8.157714], [80.5097358, 8.1577236], [80.5097919, 8.1577301], [80.5098358, 8.1577329], [80.5098809, 8.157734], [80.5099745, 8.1577306], [80.5100736, 8.15772], [80.5101802, 8.1577019], [80.5102687, 8.1576827], [80.5103663, 8.1576581], [80.5104722, 8.1576287], [80.5107778, 8.1575401], [80.5108732, 8.157515], [80.5109585, 8.1574949], [80.5110215, 8.1574821], [80.511459, 8.1574005], [80.5117347, 8.1573468], [80.5120157, 8.1572894], [80.5123095, 8.1572261], [80.5124932, 8.1571963], [80.5125636, 8.1571822], [80.5126166, 8.1571677], [80.5126636, 8.1571506], [80.5127382, 8.1571146], [80.5127873, 8.1570886], [80.5128223, 8.1570664], [80.512848, 8.1570454], [80.512865, 8.1570248], [80.512874, 8.1570042], [80.5128763, 8.1569809], [80.5128721, 8.1569546], [80.5128615, 8.1569249], [80.5128441, 8.1568912], [80.5128078, 8.1568357], [80.5127139, 8.156708], [80.5126578, 8.1566191], [80.512611, 8.1565505], [80.5124314, 8.1563084]]]}}, {"type": "Feature", "properties": {"tank_id": "12", "pond_name": "Wendarakulama Wewa", "total_ha": 21.3586, "centroid": [80.5247277, 8.1556472], "bbox": [80.52153423600004, 8.15288663900003, 80.52792106500004, 8.158407815000032]}, "geometry": {"type": "Polygon", "coordinates": [[[80.5269416, 8.1570771], [80.5269227, 8.1570315], [80.5268995, 8.1569913], [80.5268683, 8.1569494], [80.5268197, 8.1568931], [80.5267898, 8.1568612], [80.5267488, 8.1568231], [80.5266547, 8.15674], [80.5266057, 8.1566919], [80.5265417, 8.156626], [80.5265118, 8.1565917], [80.5264869, 8.1565594], [80.5264665, 8.156528], [80.5264477, 8.1564938], [80.5264219, 8.1564363], [80.5264, 8.1563734], [80.5263826, 8.1563064], [80.5263699, 8.1562359], [80.5263626, 8.1561642], [80.5263609, 8.1560959], [80.526365, 8.1560305], [80.5263742, 8.1559733], [80.5263863, 8.1559266], [80.5264032, 8.1558782], [80.5264249, 8.1558282], [80.5264503, 8.1557787], [80.5264846, 8.1557213], [80.5265224, 8.1556656], [80.5265514, 8.1556275], [80.5265845, 8.1555914], [80.526608, 8.1555695], [80.526635, 8.1555468], [80.5266975, 8.1555021], [80.526767, 8.1554598], [80.5269343, 8.155368], [80.5270035, 8.1553273], [80.5270762, 8.1552786], [80.5271496, 8.155223], [80.5271898, 8.1551899], [80.5272277, 8.1551562], [80.527266, 8.1551194], [80.5273045, 8.1550799], [80.5273826, 8.1549917], [80.5274659, 8.1548873], [80.5275771, 8.1547362], [80.5276486, 8.1546314], [80.5277097, 8.1545345], [80.5277849, 8.1544088], [80.5278502, 8.1543073], [80.5278811, 8.1542515], [80.5278946, 8.1542199], [80.5279043, 8.1541898], [80.5279127, 8.15415], [80.5279184, 8.154109], [80.5279211, 8.154069], [80.5279208, 8.1540306], [80.5279174, 8.1539944], [80.5279111, 8.1539608], [80.5279049, 8.1539385], [80.5278965, 8.1539158], [80.5278737, 8.153869], [80.527843, 8.1538214], [80.5278063, 8.1537757], [80.5277687, 8.1537381], [80.5277257, 8.1537034], [80.527679, 8.1536726], [80.5276304, 8.1536472], [80.5275908, 8.1536315], [80.5275471, 8.1536187], [80.5274992, 8.1536089], [80.5274471, 8.1536021], [80.5274021, 8.1535988], [80.5273683, 8.1535981], [80.5272735, 8.1536065], [80.527242, 8.1536078], [80.5272016, 8.1536057], [80.5271583, 8.1536007], [80.5271115, 8.1535927], [80.5270621, 8.1535816], [80.5270065, 8.1535663], [80.5269589, 8.1535509], [80.5269068, 8.1535293], [80.5268507, 8.1535009], [80.5267988, 8.1534712], [80.526683, 8.1534002], [80.526631, 8.1533698], [80.5262994, 8.1531865], [80.5262234, 8.1531464], [80.5261546, 8.1531123], [80.5260903, 8.1530828], [80.5260054, 8.1530468], [80.5258456, 8.1529827], [80.5257344, 8.1529447], [80.5256832, 8.1529301], [80.5256341, 8.1529181], [80.5255799, 8.1529075], [80.5255194, 8.1528987], [80.5254569, 8.1528924], [80.5253913, 8.1528884], [80.5253273, 8.1528866], [80.5252598, 8.1528869], [80.5250728, 8.1528938], [80.5249819, 8.1529024], [80.5249429, 8.1529087], [80.5249069, 8.1529166], [80.5248741, 8.152926], [80.5248403, 8.1529381], [80.5248058, 8.1529527], [80.5247705, 8.1529699], [80.5247054, 8.1530073], [80.5246363, 8.1530538], [80.5245572, 8.1531141], [80.5245039, 8.1531617], [80.5244419, 8.1532257], [80.5242853, 8.1534002], [80.5242308, 8.1534643], [80.5240925, 8.1536327], [80.5240121, 8.1537231], [80.5239633, 8.1537723], [80.5239047, 8.1538261], [80.5238564, 8.1538647], [80.5238019, 8.1539033], [80.5236983, 8.1539683], [80.5235322, 8.1540654], [80.5232813, 8.1542208], [80.5231927, 8.1542721], [80.5231104, 8.1543158], [80.5230254, 8.1543557], [80.5229271, 8.1543953], [80.5228077, 8.1544384], [80.5226208, 8.1545021], [80.5224679, 8.1545615], [80.5223536, 8.1546019], [80.5222864, 8.1546284], [80.5222364, 8.1546526], [80.5221951, 8.1546782], [80.522158, 8.1547077], [80.5221167, 8.1547473], [80.5220838, 8.1547842], [80.5220522, 8.1548248], [80.5220234, 8.1548675], [80.5219974, 8.1549119], [80.5219738, 8.1549592], [80.521952, 8.1550109], [80.5219361, 8.1550575], [80.5219253, 8.1551008], [80.5219194, 8.1551406], [80.5219174, 8.1551805], [80.521919, 8.1552235], [80.5219242, 8.1552675], [80.5219329, 8.1553124], [80.5219451, 8.1553572], [80.5219604, 8.1554008], [80.5219788, 8.155443], [80.5219978, 8.155479], [80.5220188, 8.1555122], [80.5220433, 8.155545], [80.5220707, 8.1555765], [80.5221024, 8.1556086], [80.5221366, 8.155639], [80.5221725, 8.1556672], [80.5222109, 8.1556938], [80.5222502, 8.155715], [80.5222915, 8.1557317], [80.522342, 8.1557476], [80.5224117, 8.1557665], [80.5224668, 8.1557833], [80.5225151, 8.1558005], [80.5225875, 8.1558298], [80.522639, 8.1558521], [80.5226836, 8.1558739], [80.5227136, 8.1558922], [80.522741, 8.1559139], [80.5227704, 8.1559457], [80.5227958, 8.1559805], [80.5228145, 8.1560135], [80.5228279, 8.1560491], [80.5228351, 8.1560879], [80.5228368, 8.1561282], [80.5228334, 8.1561723], [80.5228253, 8.1562158], [80.5228144, 8.1562538], [80.522799, 8.1562902], [80.5227776, 8.1563263], [80.5227519, 8.1563612], [80.5227145, 8.1564037], [80.5226747, 8.1564431], [80.5226383, 8.1564737], [80.522598, 8.1565007], [80.5225421, 8.1565313], [80.5224838, 8.1565596], [80.5223799, 8.156607], [80.5222184, 8.1566775], [80.5220654, 8.1567399], [80.5219289, 8.1567874], [80.5218434, 8.1568202], [80.5217879, 8.1568475], [80.5217622, 8.1568634], [80.5217378, 8.1568809], [80.5216979, 8.1569151], [80.5216607, 8.1569515], [80.5216308, 8.1569863], [80.5216044, 8.1570239], [80.5215812, 8.157065], [80.5215617, 8.1571087], [80.5215459, 8.1571554], [80.5215342, 8.1572032], [80.5216405, 8.1572034], [80.5216838, 8.1572035], [80.5217467, 8.1572036], [80.5217828, 8.1571941], [80.5218044, 8.1571678], [80.5218347, 8.1571217], [80.5218712, 8.1570796], [80.5219096, 8.157051], [80.5219384, 8.1570414], [80.5221633, 8.1570312], [80.5223753, 8.1570267], [80.522948, 8.1570486], [80.5235207, 8.1570705], [80.5246444, 8.1571142], [80.5248785, 8.157118], [80.5251126, 8.1571217], [80.5256168, 8.1570861], [80.5256843, 8.157078], [80.5259122, 8.1570504], [80.5260274, 8.1570433], [80.5261571, 8.1570577], [80.5262939, 8.1571009], [80.5264308, 8.1571512], [80.5265172, 8.1572087], [80.5265748, 8.1572805], [80.5265963, 8.1574241], [80.5266393, 8.1576968], [80.5266967, 8.1580701], [80.5267262, 8.1582378], [80.5267405, 8.1582953], [80.5267645, 8.1583455], [80.5268053, 8.1583838], [80.5268437, 8.1583982], [80.5268965, 8.1584078], [80.5269542, 8.1584055], [80.5269281, 8.1583385], [80.5269045, 8.1582706], [80.5268837, 8.1582028], [80.5268643, 8.158131], [80.526854, 8.1580818], [80.5268474, 8.1580356], [80.5268434, 8.1579852], [80.5268422, 8.157934], [80.5268441, 8.1578689], [80.5268486, 8.1578032], [80.5268547, 8.1577461], [80.5268638, 8.1576923], [80.5269036, 8.1575208], [80.5269184, 8.1574668], [80.5269516, 8.1573597], [80.5269615, 8.1573213], [80.5269672, 8.1572902], [80.5269704, 8.1572526], [80.526969, 8.1572128], [80.526964, 8.1571685], [80.5269555, 8.1571251], [80.5269416, 8.1570771]]]}}, {"type": "Feature", "properties": {"tank_id": "13", "pond_name": "Marikkaragama Wewa", "total_ha": 18.83606869, "centroid": [80.4875685, 8.1566511], "bbox": [80.48535118300003, 8.152246071000036, 80.48978583800005, 8.161056089000056]}, "geometry": {"type": "Polygon", "coordinates": [[[80.4897047, 8.154187], [80.4897858, 8.154129], [80.489759, 8.1541095], [80.4897312, 8.1540926], [80.4897022, 8.1540782], [80.4896729, 8.1540667], [80.4896414, 8.1540578], [80.4896063, 8.1540509], [80.4895664, 8.1540459], [80.4895358, 8.1540449], [80.4894975, 8.1540474], [80.4894535, 8.1540539], [80.4892938, 8.1540861], [80.4891442, 8.15412], [80.4890956, 8.1541282], [80.4890361, 8.1541357], [80.4889334, 8.1541441], [80.4888101, 8.154149], [80.4886776, 8.1541507], [80.4885825, 8.1541472], [80.4884926, 8.1541386], [80.4882974, 8.1541126], [80.488165, 8.1540981], [80.4880879, 8.1540857], [80.4880261, 8.1540699], [80.4879582, 8.1540474], [80.4878947, 8.1540215], [80.4878347, 8.1539923], [80.487789, 8.1539661], [80.4877424, 8.1539358], [80.4876946, 8.1539012], [80.4876452, 8.1538619], [80.4875998, 8.1538204], [80.4875037, 8.1537201], [80.4874579, 8.1536767], [80.4873956, 8.1536255], [80.4872706, 8.153532], [80.4872204, 8.1534926], [80.4871707, 8.1534491], [80.4871293, 8.153407], [80.4870954, 8.1533667], [80.4870602, 8.1533194], [80.4869573, 8.1531655], [80.4869228, 8.1531161], [80.4867596, 8.1529059], [80.4867225, 8.1528542], [80.4866915, 8.1528065], [80.4866695, 8.1527668], [80.4866494, 8.1527206], [80.4866329, 8.1526743], [80.4865974, 8.1525649], [80.4865781, 8.152514], [80.486557, 8.1524702], [80.4865339, 8.1524339], [80.4865142, 8.1524102], [80.4864891, 8.1523863], [80.4864563, 8.152359], [80.4864217, 8.1523338], [80.4863879, 8.1523125], [80.4863538, 8.1522941], [80.4863198, 8.1522787], [80.4862864, 8.1522667], [80.4862499, 8.1522571], [80.4862052, 8.1522497], [80.4861624, 8.1522461], [80.4861219, 8.1522461], [80.4860853, 8.1522497], [80.4860528, 8.1522569], [80.4860283, 8.1522662], [80.4860045, 8.1522803], [80.4859791, 8.1523008], [80.4859527, 8.1523278], [80.485928, 8.1523575], [80.4858649, 8.1524385], [80.4858276, 8.1524792], [80.485783, 8.1525167], [80.4856708, 8.1526], [80.4856437, 8.1526232], [80.485621, 8.1526457], [80.4855976, 8.1526741], [80.4855746, 8.1527083], [80.4855533, 8.1527466], [80.4855327, 8.1527904], [80.4855034, 8.1528648], [80.4854602, 8.1529895], [80.4854393, 8.153064], [80.4854218, 8.153144], [80.4854065, 8.1532367], [80.4853941, 8.1533402], [80.4853836, 8.1534636], [80.4853743, 8.1536159], [80.4853729, 8.1537122], [80.4853764, 8.15392], [80.485376, 8.1540109], [80.4853716, 8.15412], [80.4853533, 8.1544215], [80.4853512, 8.1545132], [80.4853526, 8.1545978], [80.4853605, 8.1547356], [80.4853756, 8.1548969], [80.4854008, 8.1551177], [80.4854048, 8.1551568], [80.4854169, 8.1552761], [80.4854258, 8.1553353], [80.485437, 8.1553871], [80.485459, 8.155464], [80.4854866, 8.1555415], [80.4855202, 8.1556199], [80.4855561, 8.155691], [80.4855833, 8.1557353], [80.485617, 8.1557828], [80.4857318, 8.1559271], [80.4857688, 8.1559759], [80.4857957, 8.1560152], [80.4858333, 8.1560752], [80.4858754, 8.1561469], [80.4860107, 8.1563849], [80.4861642, 8.1566281], [80.4862202, 8.1567224], [80.4862724, 8.1568201], [80.4863216, 8.1569167], [80.4863611, 8.1569993], [80.486395, 8.1570762], [80.4864206, 8.1571396], [80.4864429, 8.1572008], [80.4864621, 8.1572603], [80.4864783, 8.1573183], [80.4864877, 8.15736], [80.4864959, 8.1574065], [80.4865211, 8.1576083], [80.4865286, 8.1576552], [80.486537, 8.1576969], [80.4865612, 8.1577938], [80.4865873, 8.1578848], [80.4866154, 8.1579703], [80.4866456, 8.1580507], [80.4866674, 8.1581025], [80.4866857, 8.1581418], [80.4867078, 8.158184], [80.4867335, 8.1582285], [80.486781, 8.1583033], [80.4869036, 8.1584853], [80.4869731, 8.1586001], [80.4870403, 8.1586961], [80.4870584, 8.1587276], [80.4870702, 8.1587559], [80.4870746, 8.158772], [80.487077, 8.1587877], [80.4870775, 8.158803], [80.4870759, 8.1588179], [80.4870692, 8.1588446], [80.4870493, 8.1588997], [80.4870424, 8.1589233], [80.4870302, 8.1589863], [80.4870225, 8.1590426], [80.4870194, 8.1590824], [80.4870189, 8.1591195], [80.4870209, 8.1591545], [80.4870254, 8.1591854], [80.4870309, 8.159207], [80.4870387, 8.1592291], [80.4870615, 8.1592759], [80.4870892, 8.1593202], [80.4871669, 8.1594327], [80.4871868, 8.1594661], [80.4872021, 8.1594969], [80.4872268, 8.1595629], [80.4872487, 8.1596316], [80.4872645, 8.1596929], [80.4872754, 8.1597505], [80.4872812, 8.1598], [80.4872844, 8.1598532], [80.4872848, 8.1599109], [80.4872827, 8.1599757], [80.4872766, 8.1600825], [80.4872722, 8.1601295], [80.4872641, 8.1601749], [80.4872523, 8.1602139], [80.4872407, 8.1602405], [80.4872254, 8.1602697], [80.4871532, 8.1603893], [80.4869478, 8.160706], [80.486894, 8.1607948], [80.4868659, 8.1608475], [80.4868322, 8.1609187], [80.4868032, 8.1609868], [80.4867768, 8.1610561], [80.4868414, 8.1609694], [80.4869765, 8.1608409], [80.487119, 8.1607084], [80.4872872, 8.160565], [80.4874014, 8.1603617], [80.4875278, 8.1597935], [80.487546, 8.1596321], [80.487534, 8.1595423], [80.4874801, 8.1594167], [80.4874021, 8.159309], [80.4872761, 8.1591893], [80.4872102, 8.1590935], [80.4872102, 8.1589918], [80.4872103, 8.1588722], [80.4873005, 8.1586749], [80.4873847, 8.1585374], [80.4876279, 8.1582893], [80.4878712, 8.1580413], [80.4881656, 8.1577005], [80.4883399, 8.1574255], [80.4884481, 8.1572162], [80.4887187, 8.1565106], [80.4890496, 8.1554462], [80.4891399, 8.1550395], [80.48917, 8.15489], [80.4892362, 8.1547764], [80.4892842, 8.1546867], [80.4897047, 8.154187]]]}}, {"type": "Feature", "properties": {"tank_id": "14", "pond_name": "Periyakulama Wewa", "total_ha": 91.64671331, "centroid": [80.5513424, 8.15792], "bbox": [80.54538237122802, 8.152084608879964, 80.55730248894665, 8.163755386535819]}, "geometry": {"type": "Polygon", "coordinates": [[[80.5453824, 8.160317], [80.5460369, 8.1607548], [80.5462604, 8.1608333], [80.5464082, 8.1608858], [80.5468785, 8.1608963], [80.5473082, 8.16087], [80.5475456, 8.1609649], [80.5479039, 8.1610603], [80.5482016, 8.1611509], [80.5484873, 8.1612565], [80.5488076, 8.1614626], [80.5492229, 8.1616451], [80.5494975, 8.1618118], [80.5497809, 8.1619803], [80.5500496, 8.1621445], [80.5503883, 8.16236], [80.5507847, 8.1626003], [80.5510359, 8.1627225], [80.5512839, 8.1628917], [80.5515714, 8.1630215], [80.5518636, 8.1631632], [80.5524494, 8.1633256], [80.5527898, 8.1633164], [80.5529708, 8.1633303], [80.5531881, 8.1634], [80.5532993, 8.1634847], [80.5534175, 8.1635994], [80.5535597, 8.1637111], [80.5536545, 8.1637445], [80.5537267, 8.1637554], [80.5540208, 8.1636575], [80.5541643, 8.1636332], [80.5543925, 8.1636236], [80.5546433, 8.1636867], [80.5546121, 8.1634848], [80.5544319, 8.1632568], [80.5542889, 8.1630897], [80.553942, 8.1631465], [80.5538821, 8.1628802], [80.5539372, 8.1624951], [80.5540482, 8.1621434], [80.5541528, 8.1617835], [80.5541569, 8.161767], [80.554217, 8.1614595], [80.5544097, 8.1610291], [80.5546572, 8.1606277], [80.5548363, 8.1602357], [80.5549863, 8.1601937], [80.555109, 8.160145], [80.5553643, 8.1602568], [80.5555627, 8.1604494], [80.5557231, 8.1604494], [80.5558854, 8.1604711], [80.5560833, 8.1603205], [80.5563023, 8.1600427], [80.5563972, 8.1597813], [80.5565754, 8.159651], [80.5566804, 8.1594371], [80.5566812, 8.1591938], [80.5566019, 8.1589693], [80.556376, 8.1587734], [80.5562491, 8.1586437], [80.5563055, 8.1583669], [80.5564757, 8.1582004], [80.5565132, 8.1579565], [80.5564538, 8.1575979], [80.5564885, 8.1573117], [80.5565626, 8.1567343], [80.5566545, 8.1561894], [80.556738, 8.1556016], [80.5567306, 8.1552384], [80.5566917, 8.1546257], [80.5567618, 8.1543458], [80.5567397, 8.154058], [80.5566502, 8.1538731], [80.5568635, 8.1537623], [80.556895, 8.1534872], [80.5570139, 8.1532685], [80.557125, 8.153115], [80.5573025, 8.1530612], [80.5570723, 8.1525757], [80.5565668, 8.1524524], [80.5562551, 8.1524719], [80.555924, 8.1524914], [80.5554549, 8.1526482], [80.5551858, 8.1525011], [80.5549397, 8.1523364], [80.5546815, 8.1521265], [80.5544585, 8.152117], [80.5544175, 8.1521644], [80.5541945, 8.1522597], [80.5539265, 8.1521968], [80.5535818, 8.1520846], [80.5533403, 8.1521499], [80.5532027, 8.1523006], [80.5531443, 8.1523482], [80.5531042, 8.1523959], [80.5529553, 8.1526669], [80.5529499, 8.1527455], [80.5529443, 8.1528247], [80.5529226, 8.1531367], [80.5529653, 8.1536474], [80.5529835, 8.1536688], [80.5530707, 8.1541699], [80.5529231, 8.1545885], [80.55253, 8.154816], [80.5525113, 8.1548553], [80.5523689, 8.155135], [80.5523681, 8.1551858], [80.5522964, 8.1555267], [80.552017, 8.1556534], [80.5516993, 8.1554953], [80.5512441, 8.1552917], [80.5510565, 8.1550885], [80.5507702, 8.1549487], [80.5503469, 8.1548894], [80.5498979, 8.1546198], [80.5496225, 8.1544596], [80.5493772, 8.1543113], [80.5488968, 8.1541207], [80.5486551, 8.1540218], [80.5485061, 8.1540876], [80.5483191, 8.1543554], [80.5481276, 8.1543893], [80.5477783, 8.1546187], [80.5475697, 8.1548651], [80.5474545, 8.1550206], [80.5471182, 8.1551908], [80.5471025, 8.1553885], [80.5472031, 8.1558082], [80.5470668, 8.1561641], [80.5470351, 8.1562313], [80.5468158, 8.156657], [80.5468002, 8.156685], [80.5467056, 8.1569404], [80.546744, 8.1571722], [80.5469612, 8.1573343], [80.5471718, 8.1573789], [80.5476523, 8.1573789], [80.5479497, 8.157275], [80.5479955, 8.1575288], [80.5481169, 8.1575717], [80.548293, 8.1577017], [80.5484775, 8.1578639], [80.5485888, 8.1580986], [80.5486002, 8.1583329], [80.5485992, 8.1583567], [80.5484943, 8.1585338], [80.5484367, 8.1585664], [80.5483216, 8.1586156], [80.548232, 8.1586983], [80.5481874, 8.1587316], [80.5480272, 8.1588834], [80.5479903, 8.1590903], [80.5478863, 8.1593928], [80.5472284, 8.1602018], [80.5466572, 8.1604966], [80.5463006, 8.1604334], [80.5455635, 8.1600971], [80.5453824, 8.160317]]]}}, {"type": "Feature", "properties": {"tank_id": "15", "pond_name": "Mawatha Wewa", "total_ha": 17.88431705, "centroid": [80.5094168, 8.1716829], "bbox": [80.50712485500003, 8.169135709000045, 80.51170879500006, 8.17422999400003]}, "geometry": {"type": "Polygon", "coordinates": [[[80.5117008, 8.1699209], [80.5116856, 8.1698003], [80.5116645, 8.1696758], [80.5116539, 8.1696276], [80.5116417, 8.1695805], [80.5116286, 8.1695378], [80.5116136, 8.1694966], [80.5115888, 8.1694413], [80.5115588, 8.16939], [80.5115431, 8.1693683], [80.5115262, 8.169348], [80.5115084, 8.1693297], [80.511489, 8.1693126], [80.5114655, 8.1692947], [80.5114401, 8.1692779], [80.5113836, 8.1692472], [80.5113181, 8.1692195], [80.5112495, 8.1691969], [80.5111858, 8.1691803], [80.5111213, 8.1691673], [80.5110599, 8.1691583], [80.511001, 8.1691537], [80.5109528, 8.1691554], [80.5109046, 8.169162], [80.510854, 8.1691737], [80.5108036, 8.1691897], [80.5107619, 8.1692059], [80.5107199, 8.1692246], [80.5106289, 8.1692718], [80.5105197, 8.1693364], [80.5103337, 8.1694526], [80.5102622, 8.1694939], [80.5101976, 8.1695278], [80.5100547, 8.1695922], [80.5098955, 8.1696709], [80.5097981, 8.1697161], [80.5097526, 8.1697349], [80.5097085, 8.1697511], [80.509667, 8.1697642], [80.5096259, 8.1697748], [80.5095905, 8.1697817], [80.5095555, 8.1697866], [80.5095186, 8.1697895], [80.5094808, 8.1697905], [80.5093962, 8.1697869], [80.5093071, 8.1697764], [80.509125, 8.1697457], [80.5090609, 8.1697327], [80.5089843, 8.1697107], [80.5089065, 8.1696806], [80.5088616, 8.1696652], [80.5088246, 8.1696563], [80.5087896, 8.1696537], [80.5087718, 8.1696555], [80.5087548, 8.1696598], [80.5087401, 8.1696663], [80.5087263, 8.1696758], [80.5086968, 8.1697054], [80.5086513, 8.1697613], [80.5086325, 8.1697791], [80.5086144, 8.1697914], [80.5085863, 8.1698025], [80.5085559, 8.1698103], [80.5085237, 8.1698154], [80.5084911, 8.169817], [80.5084731, 8.169816], [80.5084566, 8.1698133], [80.508443, 8.1698085], [80.5084306, 8.1698013], [80.5084184, 8.169791], [80.5084078, 8.1697785], [80.5083978, 8.1697631], [80.5083893, 8.1697459], [80.5083762, 8.1697103], [80.508364, 8.1696639], [80.5083364, 8.1695111], [80.5083257, 8.1694661], [80.5083123, 8.1694209], [80.5083007, 8.1693664], [80.5082943, 8.1693471], [80.508287, 8.1693337], [80.5082778, 8.1693249], [80.5082662, 8.1693203], [80.50825, 8.169319], [80.5082318, 8.1693214], [80.50821, 8.1693274], [80.508187, 8.1693362], [80.5081524, 8.1693528], [80.5081205, 8.1693713], [80.5081084, 8.1693799], [80.5080968, 8.1693917], [80.5080811, 8.1694168], [80.5080691, 8.1694473], [80.5080585, 8.169486], [80.5080447, 8.1695478], [80.508032, 8.1695896], [80.5080177, 8.1696189], [80.5080091, 8.1696307], [80.5079994, 8.1696404], [80.5079859, 8.1696494], [80.5079723, 8.1696554], [80.5079436, 8.1696651], [80.5079153, 8.1696717], [80.507897, 8.1696739], [80.5078798, 8.1696736], [80.5078667, 8.1696705], [80.5078558, 8.169664], [80.5078438, 8.1696483], [80.5078353, 8.1696273], [80.5078275, 8.1695959], [80.5078173, 8.1695397], [80.5078016, 8.1694808], [80.5077466, 8.1693254], [80.507684, 8.1691357], [80.5075496, 8.1696128], [80.5074533, 8.1700339], [80.5074146, 8.1703401], [80.5073664, 8.1707229], [80.5072797, 8.1710578], [80.5072315, 8.171364], [80.5072313, 8.1715649], [80.5072312, 8.1717659], [80.5072311, 8.1718712], [80.5072311, 8.1719764], [80.5072166, 8.1720817], [80.5072021, 8.172187], [80.5071443, 8.1725123], [80.507125, 8.172675], [80.5071249, 8.1728185], [80.5071339, 8.1728504], [80.5071452, 8.1728817], [80.5071581, 8.1729107], [80.5071731, 8.1729382], [80.5071899, 8.1729638], [80.5072085, 8.1729875], [80.5072289, 8.1730093], [80.5072506, 8.1730284], [80.5072765, 8.1730462], [80.5073088, 8.1730643], [80.5073516, 8.1730865], [80.5073897, 8.1731038], [80.5074596, 8.173129], [80.5075726, 8.1731618], [80.5076135, 8.1731775], [80.5076467, 8.1731943], [80.5076668, 8.1732073], [80.5076843, 8.1732208], [80.5077333, 8.1732657], [80.5077731, 8.1733107], [80.5078062, 8.1733575], [80.5078191, 8.1733797], [80.5078281, 8.1733986], [80.5078368, 8.1734211], [80.5078446, 8.1734468], [80.5078557, 8.1734964], [80.5078715, 8.1735917], [80.5078893, 8.1736706], [80.5078921, 8.1736983], [80.5078928, 8.1737294], [80.5078866, 8.1738401], [80.5078866, 8.1738841], [80.507895, 8.1739619], [80.5079059, 8.1740262], [80.5079189, 8.1740762], [80.5079395, 8.1741385], [80.5079487, 8.1741619], [80.5079569, 8.1741779], [80.5079659, 8.1741907], [80.5079757, 8.1742003], [80.5079874, 8.1742079], [80.5080088, 8.1742162], [80.5080366, 8.1742218], [80.5081143, 8.1742289], [80.5081457, 8.17423], [80.5081797, 8.1742288], [80.5082187, 8.1742252], [80.5083499, 8.1742068], [80.5084069, 8.1741943], [80.5084695, 8.1741767], [80.5086918, 8.1741015], [80.5087826, 8.1740748], [80.5088588, 8.174058], [80.508969, 8.1740381], [80.5090145, 8.1740316], [80.5091051, 8.1740226], [80.509145, 8.1740159], [80.5091905, 8.1740041], [80.5092301, 8.1739917], [80.5092639, 8.1739785], [80.5092935, 8.173964], [80.5093301, 8.1739408], [80.5093653, 8.173913], [80.5093967, 8.1738819], [80.5094187, 8.1738536], [80.5094312, 8.1738327], [80.5094435, 8.1738082], [80.5094838, 8.173713], [80.5095271, 8.1736233], [80.5095446, 8.1735835], [80.5095606, 8.1735366], [80.5095688, 8.1734937], [80.5095723, 8.1734493], [80.5095752, 8.1733403], [80.5095779, 8.1733112], [80.5095821, 8.1732852], [80.5095965, 8.1732241], [80.509632, 8.1731021], [80.5096569, 8.1730078], [80.5096748, 8.1729528], [80.5097006, 8.1728932], [80.5097341, 8.17283], [80.5097765, 8.1727605], [80.5098967, 8.1725908], [80.5099634, 8.1725044], [80.510043, 8.1724139], [80.5102265, 8.1722195], [80.5103669, 8.1720608], [80.5104884, 8.1719125], [80.5106662, 8.1716837], [80.5107245, 8.1716124], [80.5107718, 8.1715573], [80.5108311, 8.1714924], [80.5108894, 8.1714344], [80.5109655, 8.1713644], [80.5111011, 8.1712445], [80.5111869, 8.1711619], [80.5112457, 8.1710987], [80.5113023, 8.1710346], [80.511386, 8.1709357], [80.511438, 8.1708716], [80.5114933, 8.1707976], [80.5115394, 8.1707293], [80.5115792, 8.1706618], [80.5116116, 8.170597], [80.5116371, 8.1705346], [80.5116596, 8.170464], [80.511678, 8.1703894], [80.5116923, 8.1703105], [80.5117037, 8.1702142], [80.5117088, 8.1701171], [80.5117079, 8.1700211], [80.5117008, 8.1699209]]]}}, {"type": "Feature", "properties": {"tank_id": "16", "pond_name": "Meegassegama Wewa", "total_ha": 30.0555193, "centroid": [80.5218068, 8.1730262], "bbox": [80.51839448300007, 8.168391541000062, 80.52521912300006, 8.177660873000036]}, "geometry": {"type": "Polygon", "coordinates": [[[80.5241204, 8.1762668], [80.5241077, 8.176204], [80.5240992, 8.176152], [80.5240921, 8.1760941], [80.5240867, 8.1760316], [80.5240809, 8.1759053], [80.5240756, 8.1756304], [80.5240769, 8.1755265], [80.524083, 8.1754392], [80.5240941, 8.1753624], [80.5241121, 8.1752844], [80.5241314, 8.175218], [80.5242305, 8.1748975], [80.5242643, 8.1748057], [80.5242994, 8.1747277], [80.5243261, 8.1746793], [80.5243597, 8.1746257], [80.5244622, 8.1744761], [80.5245409, 8.1743517], [80.5246412, 8.1742083], [80.5246796, 8.1741509], [80.5247169, 8.1740887], [80.5247453, 8.1740325], [80.5247581, 8.1740018], [80.5247684, 8.1739721], [80.5247763, 8.1739431], [80.5247818, 8.1739148], [80.5247847, 8.1738891], [80.5247857, 8.1738638], [80.5247845, 8.1738311], [80.5247814, 8.1737972], [80.5247694, 8.1737264], [80.5247503, 8.1736565], [80.5247384, 8.1736229], [80.5247251, 8.1735907], [80.5247104, 8.1735603], [80.5246947, 8.1735318], [80.5246739, 8.1735005], [80.524648, 8.173471], [80.5246189, 8.1734435], [80.5245406, 8.1733756], [80.5245197, 8.173355], [80.5245025, 8.1733355], [80.5244806, 8.1733054], [80.5244603, 8.1732724], [80.5244418, 8.1732369], [80.5244249, 8.1731983], [80.5244034, 8.1731379], [80.524384, 8.1730684], [80.5243674, 8.1729956], [80.5243265, 8.1727951], [80.5243119, 8.1727355], [80.5242965, 8.1726834], [80.5242655, 8.1725925], [80.5242281, 8.1724922], [80.5240862, 8.1721408], [80.5240326, 8.1720005], [80.5240064, 8.1719255], [80.5239837, 8.1718549], [80.5239643, 8.1717875], [80.5239479, 8.1717225], [80.5239292, 8.1716325], [80.5239158, 8.1715427], [80.5239058, 8.1714422], [80.5238994, 8.1713308], [80.5238962, 8.1711957], [80.5238936, 8.1708283], [80.5238966, 8.1705247], [80.5238963, 8.1704163], [80.523889, 8.1701788], [80.5238814, 8.1700417], [80.5238692, 8.169921], [80.5238508, 8.1698097], [80.523823, 8.1696861], [80.5237837, 8.1695435], [80.5237019, 8.1692753], [80.5236424, 8.1690637], [80.5236154, 8.1689745], [80.5235963, 8.1689186], [80.5235769, 8.1688677], [80.5235567, 8.1688206], [80.5235356, 8.1687768], [80.5234593, 8.1686336], [80.5234314, 8.1685843], [80.5233985, 8.1685336], [80.5233662, 8.1684932], [80.5233491, 8.1684757], [80.5233318, 8.1684604], [80.5233142, 8.1684473], [80.5232962, 8.1684365], [80.5232745, 8.1684262], [80.5232503, 8.168417], [80.5231966, 8.1684024], [80.5231397, 8.1683938], [80.5230827, 8.1683915], [80.5230295, 8.1683958], [80.5230052, 8.1684003], [80.5229829, 8.1684063], [80.5229641, 8.1684134], [80.5229451, 8.1684225], [80.5229066, 8.1684469], [80.5228667, 8.1684798], [80.5228241, 8.1685225], [80.522779, 8.1685738], [80.5227073, 8.1686609], [80.5226729, 8.16871], [80.5226388, 8.1687661], [80.5225913, 8.1688567], [80.5224923, 8.1690633], [80.5224525, 8.1691514], [80.5224121, 8.1692481], [80.5223446, 8.1694231], [80.5222499, 8.1696846], [80.5222022, 8.1698285], [80.5220983, 8.1701555], [80.5220183, 8.1703957], [80.5219096, 8.1707161], [80.5218218, 8.1709637], [80.5217756, 8.1710837], [80.5217212, 8.1712161], [80.5215257, 8.1716636], [80.5214531, 8.1718362], [80.5213851, 8.172012], [80.5213562, 8.1720937], [80.5213304, 8.1721726], [80.5212929, 8.1723014], [80.5212447, 8.1724854], [80.5212111, 8.17263], [80.5211843, 8.1727643], [80.5211731, 8.1728345], [80.5211637, 8.1729129], [80.5211392, 8.1732068], [80.5211254, 8.1733282], [80.5211149, 8.1733936], [80.5210842, 8.1735564], [80.5210504, 8.173718], [80.5210326, 8.1737894], [80.521014, 8.1738546], [80.5209941, 8.1739152], [80.5209727, 8.1739718], [80.5209514, 8.1740215], [80.5209283, 8.1740686], [80.5208931, 8.174134], [80.520858, 8.174194], [80.5208131, 8.1742629], [80.5207674, 8.1743246], [80.5207188, 8.1743813], [80.5206755, 8.1744237], [80.5206447, 8.1744498], [80.5206089, 8.1744774], [80.5204814, 8.1745677], [80.5204331, 8.1746039], [80.5202846, 8.1747303], [80.5202358, 8.1747698], [80.5201756, 8.1748144], [80.5201124, 8.174858], [80.5200208, 8.1749164], [80.5199235, 8.1749728], [80.5198203, 8.1750275], [80.5197109, 8.1750806], [80.5196279, 8.175118], [80.5195697, 8.1751424], [80.5195175, 8.1751607], [80.5193692, 8.1752077], [80.5193249, 8.1752246], [80.5192865, 8.1752422], [80.5192379, 8.1752695], [80.5191851, 8.1753028], [80.5191365, 8.1753371], [80.5190909, 8.1753729], [80.5190396, 8.1754184], [80.5189938, 8.1754654], [80.5189535, 8.1755141], [80.5189217, 8.1755608], [80.5189038, 8.1755943], [80.5188864, 8.1756333], [80.518834, 8.1757747], [80.5188111, 8.175829], [80.5187459, 8.1759632], [80.5187238, 8.1760005], [80.5187012, 8.1760314], [80.5186719, 8.1760651], [80.51864, 8.1760964], [80.5186055, 8.1761254], [80.5185684, 8.176152], [80.5185288, 8.1761764], [80.5184866, 8.1761984], [80.5184418, 8.1762181], [80.5183945, 8.1762355], [80.5184988, 8.1762834], [80.518568, 8.1763152], [80.5188482, 8.1764439], [80.5189274, 8.1764655], [80.5189706, 8.1764512], [80.5189995, 8.176401], [80.5190356, 8.1763292], [80.5190476, 8.1763155], [80.519086, 8.1762718], [80.5191941, 8.1762575], [80.519403, 8.1762433], [80.5200009, 8.1762365], [80.5206759, 8.176256], [80.5207645, 8.1762585], [80.5210526, 8.1762587], [80.5215139, 8.176317], [80.5216765, 8.1763376], [80.5217369, 8.1763452], [80.5224573, 8.1764103], [80.5229975, 8.1764824], [80.5233, 8.1765902], [80.5234008, 8.1766477], [80.52348, 8.1767339], [80.5236599, 8.1770642], [80.5238182, 8.177337], [80.5238614, 8.1773729], [80.523955, 8.1774161], [80.5242431, 8.1774952], [80.5245961, 8.1775744], [80.5249922, 8.1776464], [80.5252191, 8.1776609], [80.5251827, 8.177604], [80.525143, 8.1775511], [80.5250999, 8.1775021], [80.5250534, 8.177457], [80.5250182, 8.1774273], [80.5249834, 8.1774034], [80.5249468, 8.1773821], [80.5248601, 8.1773357], [80.5248205, 8.1773116], [80.5247616, 8.1772695], [80.524703, 8.1772241], [80.5246304, 8.1771624], [80.5245629, 8.1770985], [80.5245007, 8.1770328], [80.5244444, 8.1769657], [80.5243885, 8.1768899], [80.5243358, 8.1768089], [80.5242871, 8.1767233], [80.5242428, 8.1766345], [80.5242054, 8.1765476], [80.5241727, 8.1764579], [80.5241442, 8.1763638], [80.5241331, 8.1763186], [80.5241204, 8.1762668]]]}}, {"type": "Feature", "properties": {"tank_id": "17", "pond_name": "Mahakanumulla Wewa", "total_ha": 67.32368584, "centroid": [80.4962349, 8.1724732], "bbox": [80.49247991800007, 8.16627520000003, 80.49998980700008, 8.178671267000027]}, "geometry": {"type": "Polygon", "coordinates": [[[80.4995756, 8.1785192], [80.4997677, 8.1785194], [80.4999898, 8.1785373], [80.4999707, 8.1784472], [80.4999528, 8.1783826], [80.499936, 8.1783312], [80.4999228, 8.1782881], [80.4999024, 8.1782534], [80.4998737, 8.1782151], [80.4997918, 8.1781624], [80.4997145, 8.1781183], [80.4996759, 8.1780908], [80.4996475, 8.1780669], [80.4996257, 8.1780428], [80.4996091, 8.1780157], [80.4995943, 8.1779805], [80.4995816, 8.177937], [80.4995771, 8.1779118], [80.4995744, 8.1778833], [80.4995733, 8.1778026], [80.4995755, 8.1777666], [80.4995836, 8.1776869], [80.4995871, 8.1776317], [80.4995981, 8.1773283], [80.4996075, 8.1772075], [80.4996389, 8.1768995], [80.4996483, 8.1767717], [80.4996534, 8.1766513], [80.4996538, 8.1765404], [80.4996488, 8.1764291], [80.4996378, 8.176316], [80.499636, 8.1763029], [80.4996217, 8.1762034], [80.4996056, 8.1761126], [80.4995828, 8.1760004], [80.4995126, 8.1757009], [80.4994427, 8.1754273], [80.4993731, 8.1751817], [80.4992731, 8.1748456], [80.4991212, 8.174352], [80.4990947, 8.1742722], [80.4990703, 8.1742071], [80.4989919, 8.1740191], [80.4989487, 8.1739066], [80.4989324, 8.1738573], [80.4989186, 8.1738091], [80.4989079, 8.1737639], [80.4988999, 8.1737188], [80.4988943, 8.1736708], [80.4988917, 8.1736219], [80.4988917, 8.1735689], [80.4988942, 8.1735143], [80.4989042, 8.1734065], [80.4989289, 8.1732043], [80.4989548, 8.1729119], [80.4989692, 8.1727128], [80.4989853, 8.1724566], [80.4989901, 8.1723555], [80.4989943, 8.1722258], [80.4989972, 8.1720005], [80.498996, 8.1718543], [80.4989939, 8.1717921], [80.4989894, 8.1717312], [80.4989818, 8.1716696], [80.4989701, 8.1716047], [80.4989557, 8.1715399], [80.4989411, 8.1714833], [80.4989247, 8.1714277], [80.498907, 8.1713756], [80.4988874, 8.171325], [80.4988695, 8.1712844], [80.4988496, 8.1712458], [80.4988263, 8.1712064], [80.4988007, 8.1711678], [80.4987566, 8.1711088], [80.4987073, 8.1710497], [80.4986411, 8.1709762], [80.498512, 8.1708377], [80.4983955, 8.1707009], [80.4983165, 8.1706178], [80.4981798, 8.1704818], [80.4981304, 8.1704286], [80.4980902, 8.1703809], [80.498065, 8.1703477], [80.4980419, 8.1703139], [80.4980222, 8.1702812], [80.4980048, 8.1702475], [80.4979911, 8.1702161], [80.4979795, 8.1701832], [80.4979697, 8.1701475], [80.4979618, 8.1701104], [80.4979528, 8.1700504], [80.4979465, 8.1699844], [80.4979399, 8.1698645], [80.4979381, 8.1698033], [80.4979419, 8.1696849], [80.497953, 8.1695378], [80.4979578, 8.1694506], [80.4979591, 8.1693626], [80.4979576, 8.1692695], [80.4979483, 8.1690676], [80.497928, 8.1687588], [80.4979222, 8.1686285], [80.4979204, 8.1685542], [80.497921, 8.1684671], [80.4979246, 8.1683639], [80.4979428, 8.1680294], [80.4979451, 8.1679218], [80.4979438, 8.1678298], [80.4979403, 8.1677639], [80.4979343, 8.1676987], [80.4979119, 8.1675453], [80.4979058, 8.1674891], [80.4978965, 8.1673151], [80.4978893, 8.1672505], [80.4978857, 8.1671716], [80.4978858, 8.167107], [80.4978714, 8.167046], [80.4978463, 8.1669885], [80.4978125, 8.1669369], [80.497605, 8.1668509], [80.4973199, 8.1666981], [80.497149, 8.1666065], [80.4969378, 8.1664915], [80.4967446, 8.1663914], [80.4966881, 8.1663622], [80.4965345, 8.1663334], [80.4962656, 8.1663045], [80.4955932, 8.1662897], [80.495454, 8.1662752], [80.4954227, 8.1663086], [80.4954155, 8.166366], [80.4954263, 8.166427], [80.4954586, 8.1665024], [80.4955198, 8.166585], [80.4956493, 8.1667825], [80.4956996, 8.1669189], [80.4957499, 8.1671055], [80.4958057, 8.1672991], [80.4958188, 8.1673402], [80.4958277, 8.1673789], [80.4958334, 8.1674192], [80.4958363, 8.1674553], [80.4958375, 8.1674979], [80.495834, 8.1675847], [80.4958257, 8.167666], [80.4958195, 8.1677032], [80.4958114, 8.1677406], [80.4957962, 8.1677967], [80.4957741, 8.1678647], [80.4956952, 8.1680824], [80.4956431, 8.1682576], [80.4956086, 8.1683603], [80.4955919, 8.1684017], [80.4955756, 8.1684374], [80.4955567, 8.1684736], [80.4955341, 8.1685128], [80.4954834, 8.1685895], [80.4954114, 8.1686852], [80.4953205, 8.1687982], [80.4952106, 8.1689274], [80.4951132, 8.1690314], [80.4949751, 8.1691713], [80.4948896, 8.1692606], [80.4948161, 8.1693426], [80.4947453, 8.1694286], [80.4946615, 8.1695377], [80.4945778, 8.1696537], [80.4944712, 8.1698086], [80.4942729, 8.170103], [80.4941902, 8.1702207], [80.4941104, 8.170329], [80.4939593, 8.1705228], [80.4938126, 8.170706], [80.4936949, 8.1708493], [80.4935538, 8.1710079], [80.4935087, 8.1710641], [80.4934726, 8.171115], [80.4934488, 8.1711536], [80.4934265, 8.1711937], [80.493405, 8.1712362], [80.4933849, 8.1712804], [80.4933468, 8.1713777], [80.4933139, 8.1714805], [80.4932958, 8.1715464], [80.4932753, 8.1716294], [80.4932392, 8.1718], [80.493219, 8.1719111], [80.4932039, 8.17203], [80.4931964, 8.1721214], [80.4931914, 8.1722182], [80.4931891, 8.1723122], [80.4931883, 8.1724577], [80.4931891, 8.1726283], [80.4931921, 8.1728254], [80.4931978, 8.1730971], [80.4932027, 8.1732286], [80.4932147, 8.1734082], [80.493223, 8.173491], [80.4932328, 8.17357], [80.4932441, 8.1736444], [80.4932568, 8.1737145], [80.4932729, 8.1737928], [80.4932926, 8.1738793], [80.4933212, 8.1739942], [80.4933481, 8.1740865], [80.4933771, 8.1741695], [80.4934096, 8.1742459], [80.4934416, 8.1743066], [80.4934787, 8.1743668], [80.4935244, 8.1744339], [80.4935986, 8.1745385], [80.4936493, 8.1746154], [80.4936981, 8.1746998], [80.493748, 8.1747919], [80.4938238, 8.1749415], [80.4938946, 8.1750935], [80.4939598, 8.1752462], [80.4940195, 8.1754005], [80.4940687, 8.1755462], [80.4941144, 8.1756995], [80.4941714, 8.1759146], [80.4942209, 8.1761244], [80.4942416, 8.1762058], [80.4942688, 8.1762993], [80.4942701, 8.1763038], [80.4943087, 8.1764209], [80.4943296, 8.1764964], [80.4943409, 8.1765585], [80.4943436, 8.1765878], [80.4943441, 8.176616], [80.4943424, 8.1766444], [80.4943384, 8.1766741], [80.4943247, 8.1767371], [80.4943036, 8.1768023], [80.4942767, 8.1768656], [80.4942447, 8.1769257], [80.4942074, 8.1769827], [80.4941739, 8.1770241], [80.4941351, 8.1770614], [80.4940879, 8.1770973], [80.4940345, 8.1771307], [80.4938728, 8.1772194], [80.4938449, 8.1772365], [80.4937671, 8.1772873], [80.4936878, 8.1773351], [80.4935725, 8.1773949], [80.4933804, 8.1774904], [80.4932338, 8.1775501], [80.4931041, 8.1776075], [80.4929408, 8.1776815], [80.4927871, 8.1777604], [80.4926573, 8.1778392], [80.4925853, 8.1778942], [80.4925276, 8.1779444], [80.4924915, 8.1780281], [80.4924799, 8.1781327], [80.4925592, 8.178113], [80.492677, 8.1780937], [80.4927948, 8.1780744], [80.4935204, 8.1780017], [80.4935536, 8.1779984], [80.4941491, 8.1779605], [80.49445, 8.1779179], [80.4944853, 8.1779129], [80.4946487, 8.1778651], [80.4948216, 8.1778078], [80.4950233, 8.177741], [80.4951866, 8.1777411], [80.4953595, 8.1778082], [80.4956187, 8.1779424], [80.4959259, 8.178134], [80.4961948, 8.1783064], [80.496454, 8.178498], [80.4967324, 8.1785939], [80.4968669, 8.1786131], [80.4970014, 8.1786323], [80.4972607, 8.1786612], [80.4979426, 8.1786713], [80.4981775, 8.1786692], [80.4989319, 8.1786624], [80.4991144, 8.1786529], [80.4992585, 8.1786052], [80.4994027, 8.1785287], [80.4994507, 8.1785192], [80.4995756, 8.1785192]]]}}, {"type": "Feature", "properties": {"tank_id": "18", "pond_name": "Manakkulama Wewa", "total_ha": 15.4549313, "centroid": [80.5513706, 8.181559], "bbox": [80.54871985900007, 8.178837245000068, 80.55402133300004, 8.18428083300006]}, "geometry": {"type": "Polygon", "coordinates": [[[80.5538933, 8.1807208], [80.553915, 8.1806673], [80.5539387, 8.1806144], [80.5539644, 8.180562], [80.5539919, 8.18051], [80.5540213, 8.1804585], [80.5536935, 8.1800385], [80.5529976, 8.1790871], [80.5528408, 8.1788563], [80.5528045, 8.1788434], [80.5527684, 8.1788372], [80.5527409, 8.1788383], [80.55271, 8.1788459], [80.5525849, 8.1788981], [80.5525359, 8.1789209], [80.5524669, 8.1789581], [80.5523885, 8.179006], [80.5521873, 8.1791387], [80.5521172, 8.1791884], [80.5520392, 8.1792468], [80.5517026, 8.1795095], [80.5513363, 8.1798139], [80.5511997, 8.179924], [80.5510749, 8.1800187], [80.5508541, 8.1801762], [80.5507269, 8.180263], [80.5506122, 8.1803366], [80.5505382, 8.1803813], [80.5502949, 8.1805227], [80.5502281, 8.1805594], [80.5501695, 8.1805883], [80.5501148, 8.1806113], [80.5500629, 8.180629], [80.5500088, 8.1806424], [80.549911, 8.1806596], [80.5498364, 8.1806683], [80.5497681, 8.1806718], [80.5497072, 8.1806702], [80.5496516, 8.1806638], [80.5496012, 8.1806524], [80.5495561, 8.1806361], [80.5495313, 8.1806239], [80.5495059, 8.1806089], [80.5494802, 8.1805914], [80.5494543, 8.1805712], [80.549402, 8.1805235], [80.5493496, 8.1804664], [80.5493218, 8.1804319], [80.549302, 8.1804031], [80.5492367, 8.1802869], [80.5491587, 8.1801631], [80.5491313, 8.1801272], [80.5491179, 8.1801135], [80.5491042, 8.1801022], [80.5490873, 8.1800916], [80.5490687, 8.1800836], [80.5490468, 8.1800775], [80.549021, 8.1800733], [80.5488683, 8.1800642], [80.54878, 8.1800635], [80.5487199, 8.1802071], [80.5487678, 8.1803985], [80.5489477, 8.1806498], [80.5491397, 8.1808294], [80.5494037, 8.1810688], [80.5498452, 8.1815465], [80.5505653, 8.1823039], [80.5510453, 8.1827779], [80.5514917, 8.1831992], [80.5515925, 8.1833141], [80.5517316, 8.1835822], [80.5517795, 8.1838023], [80.5518082, 8.1840272], [80.5517985, 8.1841899], [80.5517936, 8.1842808], [80.5518203, 8.1842645], [80.5518455, 8.1842469], [80.5518693, 8.184228], [80.5518916, 8.1842078], [80.5519125, 8.1841863], [80.5519321, 8.1841635], [80.5519517, 8.1841376], [80.5519676, 8.1841132], [80.5519803, 8.1840896], [80.5519889, 8.1840669], [80.5520082, 8.1839829], [80.5520185, 8.1839502], [80.5520379, 8.1839026], [80.5520631, 8.1838503], [80.5521509, 8.1836901], [80.5522403, 8.1835122], [80.552284, 8.1834317], [80.5523131, 8.1833838], [80.5523468, 8.183333], [80.5523829, 8.1832822], [80.5524222, 8.1832305], [80.5524845, 8.1831542], [80.5525551, 8.1830735], [80.5526604, 8.182961], [80.5527085, 8.1829139], [80.5527553, 8.182873], [80.5528097, 8.1828294], [80.5529921, 8.1826944], [80.5530558, 8.1826453], [80.5531142, 8.1825961], [80.553164, 8.182549], [80.5532105, 8.1824981], [80.5532601, 8.1824345], [80.5533088, 8.1823636], [80.5533575, 8.1822842], [80.5533986, 8.1822108], [80.5534429, 8.1821262], [80.5536307, 8.1817474], [80.5536904, 8.1816185], [80.5537141, 8.1815617], [80.5537347, 8.1815079], [80.5537525, 8.1814562], [80.5537676, 8.1814062], [80.5537807, 8.181355], [80.5537884, 8.1813161], [80.5537982, 8.1812345], [80.5538077, 8.1810764], [80.5538135, 8.1810124], [80.5538234, 8.1809494], [80.5538394, 8.180884], [80.5538555, 8.1808291], [80.5538734, 8.1807747], [80.5538933, 8.1807208]]]}}, {"type": "Feature", "properties": {"tank_id": "19", "pond_name": "Kuda Kanumulla Wewa", "total_ha": 21.9133418, "centroid": [80.5064406, 8.1848867], "bbox": [80.50347658800007, 8.182732968000039, 80.50940462000005, 8.187040403000026]}, "geometry": {"type": "Polygon", "coordinates": [[[80.5089983, 8.1832265], [80.5087495, 8.18298], [80.508708, 8.182941], [80.5086706, 8.1829085], [80.5086359, 8.1828813], [80.5086023, 8.1828579], [80.5085701, 8.1828384], [80.508535, 8.1828204], [80.5084966, 8.1828038], [80.5084557, 8.182789], [80.5084124, 8.1827761], [80.5083664, 8.1827649], [80.5083201, 8.1827559], [80.5082711, 8.1827485], [80.5081636, 8.182738], [80.5080378, 8.182733], [80.5078853, 8.182733], [80.507799, 8.1827382], [80.5076993, 8.1827487], [80.5075011, 8.1827761], [80.5073664, 8.1827973], [80.5072524, 8.1828182], [80.5071457, 8.1828408], [80.5070438, 8.1828657], [80.5069516, 8.1828918], [80.5068971, 8.1829102], [80.5068372, 8.1829332], [80.5066463, 8.1830144], [80.5065788, 8.1830417], [80.5065144, 8.1830649], [80.5064552, 8.183083], [80.5063039, 8.1831225], [80.5062057, 8.1831441], [80.5061595, 8.1831518], [80.5061162, 8.1831574], [80.5060751, 8.1831607], [80.5060359, 8.1831618], [80.5059849, 8.1831597], [80.5059319, 8.183153], [80.5058758, 8.1831416], [80.5058155, 8.1831253], [80.5057232, 8.1830943], [80.5055372, 8.1830234], [80.5054289, 8.1829855], [80.5052962, 8.1829362], [80.5052348, 8.1829169], [80.5051789, 8.1829042], [80.5051131, 8.1828949], [80.5050399, 8.18289], [80.5049567, 8.1828894], [80.5047716, 8.1828945], [80.50469, 8.1828947], [80.5044945, 8.1828852], [80.5043923, 8.182877], [80.5042706, 8.1828599], [80.5041473, 8.1828357], [80.5040257, 8.1828051], [80.503905, 8.1827679], [80.5037706, 8.1827439], [80.5036553, 8.1827438], [80.5035832, 8.1827773], [80.5035256, 8.1828538], [80.5034967, 8.1829542], [80.503511, 8.1831122], [80.5035347, 8.1834806], [80.5034766, 8.1842701], [80.5035098, 8.1848109], [80.5035576, 8.1852224], [80.5036388, 8.1858828], [80.5036433, 8.1863661], [80.503667, 8.1867872], [80.5036905, 8.1870404], [80.5038658, 8.1869503], [80.504039, 8.1868564], [80.5041834, 8.1867743], [80.5043027, 8.1867005], [80.5043543, 8.186671], [80.5044262, 8.1866367], [80.5045073, 8.1866054], [80.5045886, 8.1865793], [80.5046875, 8.186552], [80.504913, 8.1864943], [80.505057, 8.1864618], [80.5052128, 8.1864309], [80.505404, 8.186396], [80.5055041, 8.1863813], [80.5057439, 8.1863505], [80.5058641, 8.1863313], [80.505926, 8.1863189], [80.5059844, 8.1863051], [80.5060494, 8.1862876], [80.5061197, 8.1862666], [80.5062178, 8.1862346], [80.5064419, 8.1861581], [80.5068618, 8.1860201], [80.5072675, 8.1858835], [80.5074077, 8.1858352], [80.5075224, 8.1857931], [80.5076382, 8.1857471], [80.5077635, 8.1856935], [80.5079212, 8.1856218], [80.5082029, 8.1854891], [80.5082596, 8.1854648], [80.5084219, 8.1853991], [80.5084708, 8.1853771], [80.5085133, 8.1853555], [80.5085683, 8.1853228], [80.5086156, 8.1852879], [80.5086614, 8.1852457], [80.5087079, 8.185194], [80.5087531, 8.1851364], [80.5088485, 8.1850045], [80.5090026, 8.1847993], [80.5090707, 8.1847032], [80.5091294, 8.1846148], [80.5091793, 8.1845336], [80.5092874, 8.1843463], [80.5093223, 8.1842808], [80.5093489, 8.1842234], [80.5093701, 8.1841665], [80.5093846, 8.1841125], [80.5093972, 8.184038], [80.509404, 8.1839629], [80.5094046, 8.1838901], [80.5093992, 8.1838215], [80.5093875, 8.1837576], [80.5093801, 8.1837306], [80.5093708, 8.183704], [80.5093457, 8.1836499], [80.5093116, 8.1835935], [80.5092678, 8.1835334], [80.5092096, 8.1834632], [80.5090714, 8.1833048], [80.5089983, 8.1832265]]]}}, {"type": "Feature", "properties": {"tank_id": "20", "pond_name": "Wagayakulama Wewa", "total_ha": 10.71311025, "centroid": [80.4827591, 8.1877147], "bbox": [80.48070920800006, 8.186158221000028, 80.48480893500005, 8.189271245000043]}, "geometry": {"type": "Polygon", "coordinates": [[[80.4842559, 8.1892121], [80.4843192, 8.1892101], [80.484381, 8.1892105], [80.4844438, 8.1892133], [80.4845065, 8.1892185], [80.4845166, 8.1890906], [80.484524, 8.1890135], [80.4845269, 8.1889895], [80.4845371, 8.1889188], [80.4845507, 8.1888379], [80.4845757, 8.1888041], [80.4846116, 8.1887235], [80.4846174, 8.1886925], [80.4846421, 8.1885618], [80.4846661, 8.188161], [80.4846798, 8.1878714], [80.4846833, 8.1876761], [80.4846697, 8.1875537], [80.4846497, 8.1874842], [80.4846362, 8.1874402], [80.4845889, 8.1873189], [80.4845653, 8.1872617], [80.4845627, 8.1872409], [80.4845654, 8.1872179], [80.4845757, 8.1871787], [80.484589, 8.1871472], [80.4846124, 8.1871117], [80.4846521, 8.1870604], [80.4847305, 8.1869607], [80.4848089, 8.186861], [80.4847833, 8.1868138], [80.4847535, 8.1867686], [80.4847214, 8.1867283], [80.4846863, 8.1866917], [80.4846538, 8.1866639], [80.4846216, 8.1866418], [80.4845825, 8.1866212], [80.4845372, 8.1866026], [80.4844431, 8.1865722], [80.4843753, 8.1865527], [80.4843159, 8.1865391], [80.4842657, 8.1865315], [80.4842211, 8.1865279], [80.4841707, 8.1865263], [80.4840112, 8.1865282], [80.4838372, 8.186527], [80.4837911, 8.1865235], [80.4837518, 8.1865157], [80.4837277, 8.1865082], [80.4837029, 8.1864985], [80.4836494, 8.1864717], [80.4836096, 8.1864481], [80.4835164, 8.1863889], [80.48344, 8.1863444], [80.4833274, 8.1862733], [80.4832852, 8.1862497], [80.4832469, 8.1862319], [80.4831984, 8.1862141], [80.483144, 8.1861965], [80.4830949, 8.1861828], [80.4830487, 8.1861721], [80.4830057, 8.1861645], [80.4829655, 8.1861599], [80.482928, 8.1861582], [80.4828933, 8.1861596], [80.4828539, 8.1861654], [80.4828189, 8.186176], [80.4827905, 8.1861901], [80.482764, 8.1862105], [80.4827426, 8.1862325], [80.4827204, 8.1862603], [80.4826345, 8.1863909], [80.4826132, 8.1864196], [80.4825929, 8.1864432], [80.4824934, 8.1865464], [80.4824366, 8.1866001], [80.4824077, 8.186624], [80.4823799, 8.1866444], [80.4823526, 8.1866617], [80.4823256, 8.1866761], [80.4822959, 8.1866887], [80.4822641, 8.1866984], [80.4822288, 8.1867058], [80.4821892, 8.186711], [80.4821373, 8.1867145], [80.4820081, 8.1867176], [80.4818999, 8.1867232], [80.4816786, 8.1867258], [80.4815817, 8.1867303], [80.4814194, 8.1867463], [80.4813433, 8.1867558], [80.4812711, 8.1867692], [80.4812087, 8.1867864], [80.4811677, 8.1868018], [80.4811231, 8.1868222], [80.4810785, 8.1868459], [80.4810335, 8.1868733], [80.4809911, 8.1869021], [80.4809486, 8.1869338], [80.4808406, 8.1870237], [80.4807838, 8.1870757], [80.480763, 8.1870985], [80.4807461, 8.1871205], [80.4807327, 8.187142], [80.4807227, 8.1871634], [80.4807159, 8.1871851], [80.4807114, 8.187209], [80.4807092, 8.1872472], [80.4807116, 8.1872923], [80.4807322, 8.187452], [80.4807379, 8.1874879], [80.4807489, 8.1875384], [80.4807641, 8.1875936], [80.4808399, 8.1878212], [80.4808556, 8.1878744], [80.4808675, 8.1879223], [80.4808757, 8.1879642], [80.4808811, 8.1880034], [80.4808828, 8.1880352], [80.4808834, 8.1881309], [80.4808867, 8.1881599], [80.4808927, 8.1881847], [80.480904, 8.1882119], [80.4809198, 8.1882398], [80.48094, 8.1882679], [80.4809644, 8.188296], [80.4809934, 8.1883243], [80.4810261, 8.1883519], [80.4810631, 8.1883791], [80.4810958, 8.1883996], [80.4811228, 8.1884116], [80.4811526, 8.1884205], [80.4811855, 8.1884263], [80.4812223, 8.1884293], [80.4812925, 8.1884284], [80.4814642, 8.188416], [80.4815078, 8.1884157], [80.4815463, 8.1884181], [80.4815725, 8.1884217], [80.4815969, 8.1884268], [80.4816782, 8.1884486], [80.4817351, 8.1884656], [80.4817987, 8.1884879], [80.4818529, 8.1885117], [80.4818999, 8.1885378], [80.4819402, 8.1885665], [80.4819617, 8.1885865], [80.4819823, 8.188612], [80.4820007, 8.18864], [80.4820451, 8.1887147], [80.4820723, 8.1887513], [80.4820877, 8.1887668], [80.4821035, 8.1887791], [80.4821245, 8.1887913], [80.4821481, 8.1888017], [80.4821888, 8.1888143], [80.4822373, 8.1888236], [80.4822889, 8.1888297], [80.4823951, 8.1888382], [80.4824523, 8.1888399], [80.4826021, 8.1888371], [80.4827045, 8.1888417], [80.482775, 8.1888471], [80.4828198, 8.1888525], [80.4828609, 8.1888593], [80.482913, 8.1888703], [80.4829637, 8.1888832], [80.4830436, 8.1889085], [80.4830841, 8.188924], [80.4831132, 8.1889369], [80.483162, 8.1889621], [80.4832717, 8.1890244], [80.483385, 8.189083], [80.4834563, 8.1891181], [80.4836259, 8.1891969], [80.4836744, 8.189218], [80.4837173, 8.1892347], [80.4837571, 8.189248], [80.4837946, 8.1892583], [80.4838283, 8.1892651], [80.4838328, 8.189266], [80.4838685, 8.1892704], [80.4839034, 8.1892712], [80.4839409, 8.1892689], [80.4840121, 8.1892579], [80.4841779, 8.1892218], [80.4842188, 8.1892155], [80.4842559, 8.1892121]]]}}, {"type": "Feature", "properties": {"tank_id": "21", "pond_name": "Wagayakulama", "total_ha": 16.51611906, "centroid": [80.5533048, 8.1881759], "bbox": [80.55064063500004, 8.185448006000058, 80.55596903300005, 8.190903727000034]}, "geometry": {"type": "Polygon", "coordinates": [[[80.5530389, 8.190132], [80.5531318, 8.1901292], [80.5532226, 8.190131], [80.5533244, 8.190137], [80.5536548, 8.1901683], [80.5537718, 8.1901772], [80.5538829, 8.1901814], [80.5539825, 8.1901798], [80.554073, 8.1901727], [80.5541576, 8.1901598], [80.5542522, 8.1901378], [80.5543653, 8.1901064], [80.554489, 8.1900663], [80.554607, 8.1900218], [80.5547187, 8.1899731], [80.5548235, 8.1899205], [80.5548672, 8.1898944], [80.5549141, 8.1898615], [80.5549583, 8.189827], [80.5550646, 8.1897399], [80.5551214, 8.1896976], [80.5551513, 8.189678], [80.55518, 8.1896613], [80.555208, 8.1896473], [80.5552356, 8.1896358], [80.5552616, 8.1896273], [80.5552895, 8.1896209], [80.5553197, 8.1896166], [80.5553528, 8.1896141], [80.5554156, 8.189614], [80.555567, 8.1896209], [80.555606, 8.1896205], [80.5556404, 8.1896182], [80.5556743, 8.1896134], [80.555683, 8.1896114], [80.5557052, 8.1896061], [80.5557324, 8.1895967], [80.5557627, 8.1895827], [80.5558224, 8.1895526], [80.5558673, 8.1895259], [80.5559032, 8.1894992], [80.5559304, 8.1894722], [80.5559484, 8.1894457], [80.5559603, 8.1894158], [80.5559672, 8.1893795], [80.555969, 8.1893368], [80.5559672, 8.1893025], [80.5559629, 8.1892638], [80.5559447, 8.1891601], [80.5559377, 8.1891336], [80.5559287, 8.1891065], [80.5559041, 8.1890496], [80.5558647, 8.1889784], [80.5557808, 8.1888457], [80.5557487, 8.1887915], [80.5557107, 8.18872], [80.555705, 8.1887094], [80.5556006, 8.1885044], [80.5555431, 8.1884003], [80.5555117, 8.1883487], [80.5554806, 8.1883017], [80.5554494, 8.1882586], [80.5554176, 8.188219], [80.5553655, 8.1881623], [80.5553051, 8.1881064], [80.5552349, 8.1880497], [80.5551509, 8.187989], [80.554912, 8.1878301], [80.5548617, 8.1877984], [80.554779, 8.187751], [80.5545844, 8.1876461], [80.5544942, 8.1875927], [80.5544506, 8.1875637], [80.5544109, 8.1875349], [80.554376, 8.1875068], [80.5543364, 8.1874719], [80.5542779, 8.1874153], [80.5542184, 8.1873514], [80.5541565, 8.1872791], [80.5540885, 8.1871938], [80.5539445, 8.1870037], [80.5539235, 8.1869741], [80.5538883, 8.1869175], [80.5538115, 8.1867829], [80.5537726, 8.1867232], [80.5537507, 8.1866946], [80.5537286, 8.1866697], [80.5537061, 8.186648], [80.5536827, 8.1866293], [80.5536505, 8.186608], [80.5536149, 8.1865884], [80.5535759, 8.1865706], [80.5535332, 8.1865544], [80.553487, 8.1865398], [80.5534365, 8.1865267], [80.5533814, 8.186515], [80.5533201, 8.1865041], [80.5532014, 8.1864875], [80.5531352, 8.1864837], [80.5530531, 8.1864864], [80.5528908, 8.1865008], [80.5528234, 8.1865046], [80.5527579, 8.1865043], [80.5526804, 8.1864978], [80.5526108, 8.1864898], [80.552544, 8.1864804], [80.5524798, 8.1864694], [80.5524181, 8.1864568], [80.5523589, 8.1864427], [80.5523021, 8.1864269], [80.5522477, 8.1864096], [80.5521957, 8.1863907], [80.5521512, 8.1863724], [80.5521096, 8.1863532], [80.5520736, 8.1863342], [80.552036, 8.186312], [80.5519655, 8.1862647], [80.5517948, 8.1861412], [80.5517512, 8.1861125], [80.5516895, 8.1860752], [80.5515736, 8.1860097], [80.5515703, 8.1860078], [80.5512817, 8.1858521], [80.551209, 8.1858107], [80.5511309, 8.1857639], [80.5510068, 8.1856875], [80.5508837, 8.1856094], [80.5507617, 8.1855296], [80.5506784, 8.1854735], [80.5506406, 8.185448], [80.5506548, 8.1855011], [80.5507537, 8.1858723], [80.5508401, 8.1859943], [80.5509553, 8.1861092], [80.5510431, 8.1861901], [80.5510489, 8.1861954], [80.5511208, 8.1863175], [80.551164, 8.1864467], [80.5512214, 8.1868558], [80.551365, 8.1877244], [80.5514255, 8.1880008], [80.5516165, 8.188873], [80.5518107, 8.1893898], [80.5519258, 8.189677], [80.5519906, 8.1898206], [80.5520482, 8.1899642], [80.5520625, 8.1900934], [80.5519904, 8.1902297], [80.5518606, 8.1903445], [80.5515624, 8.1904611], [80.5514571, 8.1905022], [80.5509671, 8.1907459], [80.5507293, 8.1909037], [80.5508295, 8.1908828], [80.550929, 8.19086], [80.5510279, 8.1908354], [80.551126, 8.1908089], [80.5512235, 8.1907806], [80.5513203, 8.1907505], [80.5514165, 8.1907186], [80.5515119, 8.1906848], [80.5516186, 8.1906445], [80.5516983, 8.1906121], [80.5517271, 8.1905991], [80.5519464, 8.1904997], [80.5520314, 8.1904631], [80.5520966, 8.1904377], [80.5522518, 8.1903807], [80.5523276, 8.1903499], [80.5523862, 8.1903221], [80.5525085, 8.1902526], [80.5525652, 8.190225], [80.5526285, 8.1902025], [80.5527028, 8.1901835], [80.5527868, 8.1901673], [80.5529524, 8.19014], [80.5530389, 8.190132]]]}}, {"type": "Feature", "properties": {"tank_id": "22", "pond_name": "Alittana Wewa", "total_ha": 50.55054523, "centroid": [80.5222659, 8.1900273], "bbox": [80.51882417900003, 8.184759971000062, 80.52570755300007, 8.19529461600007]}, "geometry": {"type": "Polygon", "coordinates": [[[80.5232, 8.1857953], [80.5231661, 8.185778], [80.5231291, 8.1857626], [80.5230884, 8.1857488], [80.5230316, 8.1857337], [80.5229656, 8.1857202], [80.522676, 8.1856744], [80.5225509, 8.1856574], [80.5224322, 8.1856466], [80.5223483, 8.1856425], [80.5222735, 8.185642], [80.5222027, 8.1856455], [80.5221258, 8.1856531], [80.5220176, 8.1856687], [80.5217568, 8.1857132], [80.52158, 8.1857362], [80.5213775, 8.1857732], [80.5212872, 8.1857855], [80.5212325, 8.1857888], [80.5211827, 8.1857879], [80.5211366, 8.1857826], [80.5210936, 8.1857731], [80.5210532, 8.1857601], [80.5210131, 8.1857452], [80.5209763, 8.1857295], [80.5209422, 8.1857129], [80.5209113, 8.1856954], [80.5208833, 8.1856772], [80.5208584, 8.1856581], [80.5208366, 8.1856384], [80.5208234, 8.1856237], [80.520811, 8.185607], [80.520788, 8.1855668], [80.5207698, 8.1855251], [80.520724, 8.1854071], [80.5206664, 8.1852994], [80.5205585, 8.185163], [80.5201624, 8.1849546], [80.5200254, 8.1849287], [80.5196248, 8.1848531], [80.5191324, 8.1847601], [80.5188658, 8.18476], [80.5188442, 8.1847887], [80.5188729, 8.1848748], [80.5189521, 8.1849682], [80.5190745, 8.1850974], [80.5192905, 8.1852627], [80.5195994, 8.185565], [80.5196352, 8.18561], [80.5196712, 8.1856659], [80.5197058, 8.1857311], [80.5197294, 8.1857824], [80.5197547, 8.1858428], [80.5198246, 8.1860211], [80.5198455, 8.1860783], [80.5198662, 8.1861412], [80.5198871, 8.1862111], [80.5199678, 8.186513], [80.5200077, 8.1866456], [80.5200556, 8.186778], [80.5201493, 8.1870108], [80.5201834, 8.1870991], [80.5202147, 8.1871882], [80.5202392, 8.1872693], [80.5202577, 8.1873439], [80.520278, 8.1874472], [80.5202963, 8.1875544], [80.5203102, 8.1876537], [80.5203193, 8.1877405], [80.5203249, 8.1878232], [80.520327, 8.187902], [80.5203256, 8.1879775], [80.5203212, 8.1880452], [80.5203138, 8.1881103], [80.5203033, 8.1881729], [80.5202906, 8.1882269], [80.5202752, 8.1882789], [80.5202552, 8.1883366], [80.5201628, 8.1885751], [80.5201261, 8.1886906], [80.5200938, 8.1888039], [80.5200601, 8.1889313], [80.5199507, 8.1893735], [80.519927, 8.1894798], [80.5199041, 8.1895988], [80.5198708, 8.1898023], [80.519832, 8.1900389], [80.5197986, 8.1902181], [80.5197777, 8.1903133], [80.5197555, 8.1904013], [80.5197316, 8.1904837], [80.5197059, 8.1905614], [80.519672, 8.1906497], [80.5196348, 8.1907328], [80.5195899, 8.1908202], [80.5195357, 8.1909148], [80.5194757, 8.1910119], [80.5193446, 8.1912152], [80.5192674, 8.1913377], [80.5192232, 8.1914035], [80.5190926, 8.1915911], [80.519054, 8.1916507], [80.5190217, 8.191705], [80.5189913, 8.1917622], [80.5189661, 8.1918172], [80.5189397, 8.1918858], [80.5189157, 8.1919582], [80.5188886, 8.192056], [80.5188661, 8.192158], [80.5188485, 8.1922636], [80.5188393, 8.1923416], [80.5188358, 8.1923716], [80.5188272, 8.1924971], [80.5188242, 8.1926146], [80.5188269, 8.1927222], [80.5188354, 8.1928219], [80.5188422, 8.1928711], [80.5188505, 8.1929184], [80.5188604, 8.1929638], [80.5188719, 8.1930074], [80.5188834, 8.1930441], [80.5188971, 8.193081], [80.5189134, 8.193119], [80.5189323, 8.1931583], [80.5189609, 8.1932115], [80.5189954, 8.1932701], [80.5191494, 8.1935123], [80.5193203, 8.1938109], [80.519367, 8.1938888], [80.5194104, 8.1939574], [80.5194808, 8.1940593], [80.5195085, 8.194095], [80.5195147, 8.194103], [80.5195526, 8.1941484], [80.5196305, 8.1942345], [80.519831, 8.1944441], [80.5198849, 8.1945048], [80.519931, 8.1945612], [80.519969, 8.1946123], [80.5200043, 8.1946648], [80.520128, 8.1948707], [80.5201823, 8.1949533], [80.5202373, 8.1950281], [80.5202945, 8.1951017], [80.5203538, 8.1951737], [80.5204153, 8.1952442], [80.5206306, 8.195262], [80.5210236, 8.1952946], [80.521024, 8.1945828], [80.5210782, 8.1943018], [80.5211443, 8.194224], [80.5212585, 8.1941284], [80.5213665, 8.1940926], [80.5215046, 8.1940867], [80.5216967, 8.1940689], [80.522081, 8.1939734], [80.5223752, 8.1938659], [80.5228016, 8.1936927], [80.5234802, 8.1933821], [80.5238345, 8.1932029], [80.5241107, 8.1931492], [80.5243628, 8.1931135], [80.5251531, 8.1929869], [80.5256754, 8.1929124], [80.5257042, 8.1929113], [80.5257045, 8.1929075], [80.5257073, 8.192864], [80.5257076, 8.1928223], [80.5257052, 8.1927825], [80.5257001, 8.1927444], [80.5256925, 8.1927082], [80.5256822, 8.1926738], [80.5256693, 8.1926413], [80.5256538, 8.1926106], [80.5256381, 8.1925852], [80.5256237, 8.1925661], [80.5256071, 8.1925496], [80.5255867, 8.192534], [80.5255421, 8.1925083], [80.5254274, 8.1924539], [80.5254, 8.1924378], [80.5253773, 8.1924215], [80.5253594, 8.1924053], [80.5253336, 8.192377], [80.5253099, 8.1923472], [80.525286, 8.1923139], [80.5252381, 8.1922368], [80.5252234, 8.1922078], [80.5252098, 8.1921758], [80.5251871, 8.1921087], [80.5251422, 8.1919482], [80.5251286, 8.1919086], [80.5251144, 8.1918736], [80.5250859, 8.191819], [80.5250262, 8.1917229], [80.5250046, 8.1916855], [80.5249859, 8.1916469], [80.5249733, 8.1916113], [80.5249664, 8.1915805], [80.5249629, 8.1915477], [80.5249628, 8.1915126], [80.5249659, 8.1914745], [80.5249783, 8.1914036], [80.5250171, 8.1912368], [80.5250242, 8.1911951], [80.5250283, 8.1911576], [80.525036, 8.1910264], [80.5250399, 8.1909144], [80.5250403, 8.1908121], [80.5250371, 8.1907173], [80.5250306, 8.1906312], [80.5250207, 8.1905496], [80.5250038, 8.1904513], [80.5249839, 8.1903545], [80.5249633, 8.1902703], [80.5249409, 8.1901935], [80.5249163, 8.1901232], [80.5248895, 8.1900589], [80.5248548, 8.1899904], [80.524823, 8.1899417], [80.5248028, 8.1899161], [80.5247803, 8.1898909], [80.5247281, 8.189841], [80.5246772, 8.1898], [80.5246168, 8.1897568], [80.5245561, 8.1897171], [80.5244038, 8.1896212], [80.5243264, 8.1895685], [80.5242889, 8.1895405], [80.5242551, 8.189513], [80.5242245, 8.1894856], [80.5241968, 8.1894581], [80.5241636, 8.1894206], [80.5241226, 8.1893669], [80.5240743, 8.189301], [80.5240386, 8.189248], [80.5240142, 8.1892072], [80.5239941, 8.1891683], [80.5239788, 8.1891335], [80.523962, 8.1890875], [80.5239496, 8.189048], [80.5239393, 8.1890091], [80.5239312, 8.1889711], [80.5239253, 8.1889343], [80.5239216, 8.1888976], [80.5239204, 8.1888626], [80.5239215, 8.1888354], [80.5239253, 8.1888075], [80.5239359, 8.1887634], [80.5239529, 8.188715], [80.5239739, 8.1886665], [80.5240357, 8.188535], [80.5240519, 8.188495], [80.5240641, 8.1884586], [80.5240968, 8.1883405], [80.5241186, 8.1882467], [80.5241345, 8.1881546], [80.5241456, 8.1880592], [80.5241506, 8.187986], [80.5241529, 8.1879113], [80.5241524, 8.1878353], [80.5241491, 8.1877582], [80.524143, 8.1876801], [80.5241341, 8.1876011], [80.5241225, 8.1875215], [80.5241081, 8.1874415], [80.5240887, 8.1873506], [80.5240658, 8.18726], [80.5240417, 8.1871766], [80.5240146, 8.1870957], [80.5239803, 8.1870052], [80.5239388, 8.1869056], [80.5238904, 8.1867973], [80.5238434, 8.1867004], [80.5237983, 8.186614], [80.5237502, 8.1865276], [80.5236992, 8.1864414], [80.5236453, 8.1863553], [80.5235545, 8.1862203], [80.5234689, 8.1861015], [80.5233842, 8.1859789], [80.5233429, 8.1859239], [80.5233144, 8.1858902], [80.5232866, 8.185861], [80.5232588, 8.185836], [80.5232307, 8.1858146], [80.5232, 8.1857953]]]}}, {"type": "Feature", "properties": {"tank_id": "23", "pond_name": "Wannanmaduwa Wewa", "total_ha": 90.17898086, "centroid": [80.541483, 8.195443], "bbox": [80.53690927200006, 8.189009601000066, 80.54605675300007, 8.20187637400005]}, "geometry": {"type": "Polygon", "coordinates": [[[80.5458732, 8.2014848], [80.5457167, 8.2011915], [80.5455827, 8.2009156], [80.5454169, 8.2007834], [80.5452668, 8.2006637], [80.5451577, 8.2005156], [80.5450407, 8.2001955], [80.5450159, 8.2001193], [80.5449896, 8.20002], [80.5449352, 8.1997888], [80.5449089, 8.1996556], [80.5448856, 8.199514], [80.5448518, 8.1992647], [80.5448307, 8.1990911], [80.5448166, 8.1989435], [80.5448084, 8.1988114], [80.5448059, 8.1986826], [80.5448096, 8.1985627], [80.5448197, 8.1984501], [80.5448271, 8.1983962], [80.5448362, 8.1983438], [80.5448519, 8.1982713], [80.5448712, 8.1982011], [80.5448956, 8.1981272], [80.5449252, 8.1980499], [80.5449595, 8.1979701], [80.5449999, 8.1978839], [80.5450477, 8.1977889], [80.5451108, 8.1976688], [80.5451464, 8.1976048], [80.5451882, 8.1975339], [80.5453364, 8.1972939], [80.5453981, 8.1971986], [80.5455511, 8.1969696], [80.5456267, 8.1968496], [80.5457142, 8.1966973], [80.5458708, 8.1964312], [80.5459211, 8.1963381], [80.5459616, 8.1962543], [80.5459932, 8.1961788], [80.5460182, 8.1961069], [80.5460368, 8.1960377], [80.5460493, 8.1959706], [80.5460556, 8.195906], [80.5460568, 8.195828], [80.5460532, 8.195747], [80.5460449, 8.195668], [80.5460347, 8.1956058], [80.5460215, 8.1955464], [80.5460057, 8.1954911], [80.545986, 8.1954354], [80.5459617, 8.1953776], [80.5459334, 8.1953197], [80.5459015, 8.1952622], [80.5458661, 8.1952057], [80.5458155, 8.1951345], [80.5457775, 8.1950898], [80.5457266, 8.1950399], [80.5456083, 8.1949364], [80.5455583, 8.194889], [80.5454541, 8.1947743], [80.5453738, 8.1946799], [80.545307, 8.1945928], [80.5452784, 8.1945514], [80.5452527, 8.194511], [80.5452294, 8.1944709], [80.5452087, 8.1944313], [80.5451917, 8.1943945], [80.5451764, 8.194356], [80.5451616, 8.1943127], [80.5451482, 8.1942662], [80.5451361, 8.1942159], [80.5451248, 8.1941607], [80.5451104, 8.1940759], [80.5450808, 8.1938774], [80.5450536, 8.1937217], [80.5450235, 8.1935003], [80.5450106, 8.1934171], [80.5450003, 8.1933621], [80.544989, 8.1933116], [80.5449767, 8.1932649], [80.5449626, 8.1932197], [80.5449456, 8.193172], [80.5449259, 8.1931227], [80.5448768, 8.1930158], [80.5448337, 8.1929313], [80.5447101, 8.1926992], [80.5446336, 8.1925435], [80.544518, 8.1923179], [80.544474, 8.1922267], [80.5444392, 8.1921477], [80.5444105, 8.1920744], [80.5443881, 8.1920071], [80.5443697, 8.1919393], [80.5443559, 8.1918752], [80.5443446, 8.1918076], [80.5443355, 8.1917358], [80.5443286, 8.1916584], [80.5443212, 8.1915089], [80.5443157, 8.1912288], [80.544312, 8.1911173], [80.5443046, 8.1910035], [80.5442936, 8.1909021], [80.5442834, 8.1908359], [80.5442675, 8.1907527], [80.5442048, 8.1904688], [80.544183, 8.1903611], [80.5441685, 8.1902713], [80.5441407, 8.1900688], [80.5441256, 8.18998], [80.5441082, 8.1899015], [80.5440834, 8.1898137], [80.5440377, 8.1896714], [80.5440146, 8.1896079], [80.5439909, 8.1895484], [80.5439662, 8.1894922], [80.5439407, 8.1894392], [80.5439141, 8.1893892], [80.5438864, 8.1893421], [80.543858, 8.1892985], [80.5438284, 8.1892574], [80.5437927, 8.1892128], [80.5437549, 8.1891692], [80.5437155, 8.1891273], [80.5436741, 8.1890868], [80.5436309, 8.1890475], [80.5435857, 8.1890096], [80.5431764, 8.189254], [80.5422576, 8.1897798], [80.541495, 8.1901622], [80.5411767, 8.1903115], [80.5408825, 8.1905027], [80.5405822, 8.1907358], [80.5405011, 8.1908106], [80.54042, 8.1908853], [80.5404541, 8.1911003], [80.540492, 8.1913071], [80.5405131, 8.1913946], [80.5405672, 8.191591], [80.5405872, 8.1916793], [80.5405995, 8.1917604], [80.5406038, 8.1918386], [80.5406025, 8.1919234], [80.5405959, 8.1920123], [80.5405838, 8.1921055], [80.5405664, 8.192203], [80.5405423, 8.1923102], [80.5405135, 8.1924172], [80.5404828, 8.1925139], [80.5404493, 8.1926034], [80.5404129, 8.1926859], [80.5403736, 8.1927616], [80.5403366, 8.1928218], [80.5402951, 8.1928763], [80.5402534, 8.1929225], [80.5402034, 8.1929717], [80.5400281, 8.193126], [80.539966, 8.1931841], [80.5399113, 8.1932421], [80.5398615, 8.1933042], [80.5398174, 8.1933656], [80.5397708, 8.1934359], [80.5396171, 8.1936869], [80.5395543, 8.193784], [80.5394974, 8.193864], [80.5393681, 8.1940354], [80.539317, 8.1941082], [80.5392713, 8.1941804], [80.539224, 8.1942613], [80.5391748, 8.1943511], [80.5391188, 8.1944592], [80.5390521, 8.194592], [80.5389963, 8.1947083], [80.5389435, 8.1948243], [80.5388951, 8.1949372], [80.5388529, 8.1950422], [80.5388196, 8.1951318], [80.5387944, 8.1952107], [80.5387711, 8.195296], [80.5387518, 8.1953776], [80.5387327, 8.1954693], [80.5386761, 8.1957784], [80.5386532, 8.1958939], [80.5386269, 8.1960077], [80.5385989, 8.1961087], [80.5385686, 8.1961994], [80.5385357, 8.1962814], [80.5385062, 8.1963422], [80.5384319, 8.1964828], [80.5383998, 8.196553], [80.5383869, 8.1965875], [80.5383759, 8.1966227], [80.5383542, 8.1967111], [80.5383416, 8.196781], [80.5383316, 8.1968563], [80.5383231, 8.1969507], [80.5383211, 8.1970071], [80.5383242, 8.1970986], [80.5383406, 8.1973132], [80.5383431, 8.1974108], [80.5383498, 8.1975377], [80.53835, 8.1975961], [80.5383468, 8.1976388], [80.5383404, 8.1976768], [80.5383307, 8.1977108], [80.5383174, 8.1977414], [80.5382998, 8.1977715], [80.538277, 8.1978031], [80.5382479, 8.1978379], [80.5381539, 8.1979426], [80.5381273, 8.1979775], [80.5381063, 8.1980109], [80.5380865, 8.1980479], [80.5380664, 8.1980896], [80.537986, 8.1982778], [80.5378388, 8.1985946], [80.5378094, 8.1986512], [80.5377808, 8.1987008], [80.5377518, 8.1987453], [80.5377222, 8.1987853], [80.537694, 8.1988184], [80.537666, 8.198847], [80.5376366, 8.1988721], [80.537603, 8.1988964], [80.5375697, 8.1989174], [80.5375313, 8.1989393], [80.5373906, 8.1990111], [80.537336, 8.1990412], [80.537283, 8.1990752], [80.5372391, 8.1991097], [80.5371477, 8.1991912], [80.5370992, 8.1992365], [80.5370549, 8.1992812], [80.5370179, 8.1993231], [80.5369852, 8.1993663], [80.5369588, 8.1994086], [80.5369386, 8.1994504], [80.5369244, 8.199492], [80.5369188, 8.1995162], [80.536914, 8.1995466], [80.5369093, 8.1996082], [80.5369107, 8.1996641], [80.5369188, 8.1997172], [80.5369339, 8.199773], [80.5369565, 8.1998325], [80.5369866, 8.1998964], [80.5370264, 8.1999692], [80.5370497, 8.2000078], [80.5370751, 8.2000448], [80.5371045, 8.2000827], [80.5371378, 8.2001215], [80.5371741, 8.2001602], [80.5373378, 8.2002944], [80.5374699, 8.2003513], [80.5375899, 8.2003992], [80.537716, 8.2004351], [80.537767, 8.2004681], [80.537836, 8.200519], [80.537884, 8.2005758], [80.5379019, 8.2006655], [80.5379019, 8.2007822], [80.5377886, 8.2010543], [80.5377354, 8.2012421], [80.5376821, 8.2014299], [80.5376965, 8.2015017], [80.5377253, 8.2015447], [80.5377685, 8.2015807], [80.5378765, 8.2016023], [80.538107, 8.2016024], [80.5383232, 8.2015882], [80.5385393, 8.2015883], [80.5386257, 8.2016099], [80.5388779, 8.2016674], [80.5394469, 8.2018185], [80.5396414, 8.2018473], [80.5398215, 8.2018761], [80.5402537, 8.2018764], [80.54132, 8.2018411], [80.5419684, 8.2018343], [80.5423502, 8.2018202], [80.5425591, 8.2018203], [80.5427464, 8.201806], [80.5429626, 8.2017487], [80.5432436, 8.201713], [80.5434381, 8.2017131], [80.5439712, 8.2017206], [80.544843, 8.2015991], [80.5454265, 8.2015276], [80.5457363, 8.2014775], [80.5458732, 8.2014848]]]}}, {"type": "Feature", "properties": {"tank_id": "24", "pond_name": "Wellamaduwa Wewa", "total_ha": 25.01709046, "centroid": [80.4811724, 8.2004644], "bbox": [80.47772250900005, 8.197947255000031, 80.48462233500004, 8.202981462000025]}, "geometry": {"type": "Polygon", "coordinates": [[[80.4823744, 8.2024668], [80.4825039, 8.2024302], [80.4827081, 8.2023577], [80.4828286, 8.2023183], [80.4830573, 8.2022534], [80.483204, 8.2022167], [80.4832703, 8.2022029], [80.4833326, 8.202192], [80.483392, 8.2021838], [80.483449, 8.2021783], [80.4834986, 8.2021755], [80.4835467, 8.202175], [80.4836846, 8.2021806], [80.4837672, 8.2021888], [80.4838364, 8.2022019], [80.4838664, 8.2022102], [80.4838946, 8.2022199], [80.4839254, 8.2022326], [80.4839567, 8.2022475], [80.4840098, 8.2022772], [80.4840646, 8.2023129], [80.4841136, 8.2023496], [80.4841841, 8.2024125], [80.4842102, 8.2024339], [80.4842378, 8.202452], [80.4843048, 8.2024904], [80.4843334, 8.2025105], [80.484348, 8.2025238], [80.4843597, 8.2025377], [80.4843686, 8.202552], [80.4843763, 8.2025693], [80.4844176, 8.202707], [80.4844421, 8.2027977], [80.4845574, 8.2027619], [80.4846079, 8.2027117], [80.4846223, 8.2026615], [80.4846008, 8.2025968], [80.484536, 8.2025035], [80.4844496, 8.2024245], [80.4841761, 8.202196], [80.48414, 8.2021659], [80.4837728, 8.2019359], [80.4837296, 8.2018713], [80.483708, 8.2017923], [80.4837081, 8.2017277], [80.4837298, 8.2016201], [80.483802, 8.2013617], [80.4838598, 8.2011465], [80.4839032, 8.2009312], [80.4838818, 8.2006081], [80.483846, 8.2002636], [80.4837815, 8.1998616], [80.4837671, 8.1997683], [80.4837816, 8.1997109], [80.4838321, 8.1996176], [80.4839498, 8.1995196], [80.4840675, 8.1994216], [80.4841039, 8.199395], [80.4840972, 8.1993673], [80.4840883, 8.1993424], [80.484077, 8.19932], [80.4840638, 8.1993009], [80.4840511, 8.1992889], [80.4840354, 8.1992792], [80.4840167, 8.1992717], [80.4839944, 8.1992663], [80.4839517, 8.1992616], [80.48386, 8.1992595], [80.483823, 8.1992568], [80.4835875, 8.1992159], [80.4835137, 8.1992063], [80.483446, 8.1992007], [80.4833483, 8.1991974], [80.4831569, 8.1991966], [80.4829896, 8.1992043], [80.482951, 8.1992042], [80.4829167, 8.1992021], [80.4828725, 8.1991952], [80.4828185, 8.1991814], [80.4827633, 8.1991627], [80.4827056, 8.1991389], [80.4826695, 8.199121], [80.4826329, 8.1990994], [80.4825953, 8.1990737], [80.4825554, 8.1990431], [80.4825066, 8.1990021], [80.4823987, 8.1989067], [80.4822922, 8.1988169], [80.4821112, 8.1986553], [80.4820337, 8.1985886], [80.4818551, 8.1984453], [80.4816715, 8.1983065], [80.4812464, 8.198156], [80.4809799, 8.1980589], [80.4807134, 8.1979618], [80.4804685, 8.1979473], [80.4802884, 8.1979543], [80.4800433, 8.1981336], [80.4798955, 8.198277], [80.4799063, 8.1983424], [80.4799194, 8.198407], [80.4799348, 8.1984709], [80.4799524, 8.1985341], [80.4799656, 8.198576], [80.4799796, 8.1986126], [80.480043, 8.1987505], [80.4800658, 8.198808], [80.4800753, 8.1988389], [80.480088, 8.1988903], [80.4801047, 8.1989775], [80.4801107, 8.1990292], [80.4801128, 8.1990775], [80.4801111, 8.1991256], [80.4801058, 8.19918], [80.4800975, 8.1992314], [80.4800863, 8.1992787], [80.4800723, 8.1993217], [80.4800555, 8.1993602], [80.4800401, 8.1993879], [80.4800239, 8.1994108], [80.4800033, 8.1994346], [80.4799783, 8.1994588], [80.479932, 8.1994967], [80.4797562, 8.199629], [80.4796487, 8.1997017], [80.4794556, 8.1998242], [80.479366, 8.1998773], [80.4791565, 8.1999969], [80.4790579, 8.2000567], [80.478989, 8.2001018], [80.4788257, 8.2002147], [80.4787525, 8.2002631], [80.4787057, 8.2002905], [80.4785926, 8.200352], [80.4785385, 8.2003852], [80.4784937, 8.2004186], [80.4784522, 8.2004572], [80.4784087, 8.2005056], [80.478363, 8.2005643], [80.4782781, 8.200687], [80.4782237, 8.2007755], [80.478189, 8.2008377], [80.4781495, 8.2009129], [80.4781109, 8.2009889], [80.4780762, 8.2010614], [80.4780214, 8.2011844], [80.4779729, 8.2013022], [80.4779424, 8.2013868], [80.4778773, 8.2015803], [80.4778449, 8.2016675], [80.4778199, 8.2017269], [80.4777696, 8.2018294], [80.4777586, 8.2018569], [80.4777498, 8.2018855], [80.4777329, 8.2019567], [80.4777274, 8.2019908], [80.477724, 8.2020236], [80.4777225, 8.202055], [80.4777231, 8.202085], [80.4777257, 8.2021134], [80.4777303, 8.2021402], [80.4777374, 8.2021673], [80.4777473, 8.2021955], [80.4777599, 8.2022245], [80.4777752, 8.2022541], [80.4777945, 8.2022866], [80.4778163, 8.2023187], [80.477833, 8.2023401], [80.4778522, 8.2023607], [80.4778807, 8.2023866], [80.4779149, 8.2024128], [80.4779533, 8.2024388], [80.47808, 8.2025197], [80.4781199, 8.202549], [80.4782276, 8.2026326], [80.4782608, 8.202656], [80.4782911, 8.2026751], [80.4783359, 8.2026984], [80.4783789, 8.2027142], [80.4784256, 8.2027243], [80.4784776, 8.2027291], [80.4785202, 8.2027294], [80.478568, 8.2027269], [80.4787655, 8.2027057], [80.4789302, 8.2026951], [80.4790467, 8.2026857], [80.4791848, 8.2026712], [80.4793125, 8.2026537], [80.4794249, 8.2026342], [80.4795281, 8.2026122], [80.4795993, 8.2025931], [80.4797619, 8.2025451], [80.4798388, 8.2025256], [80.4799925, 8.2024939], [80.4801125, 8.2024751], [80.4801686, 8.2024691], [80.4802398, 8.202464], [80.4803696, 8.2024586], [80.4804677, 8.2024608], [80.4805123, 8.2024645], [80.4805545, 8.20247], [80.480611, 8.202481], [80.4806643, 8.2024959], [80.480723, 8.2025171], [80.4807988, 8.202549], [80.4808335, 8.2025655], [80.4808712, 8.2025856], [80.4809955, 8.2026592], [80.4810431, 8.2026857], [80.4810899, 8.2027086], [80.4811525, 8.2027351], [80.4813709, 8.2028165], [80.4815488, 8.2028773], [80.4816195, 8.2029031], [80.4816847, 8.2029301], [80.4817446, 8.202962], [80.4817692, 8.2029729], [80.4817972, 8.2029798], [80.4818304, 8.2029815], [80.4818551, 8.2029794], [80.4818809, 8.2029748], [80.4819072, 8.2029677], [80.4819334, 8.2029584], [80.4819591, 8.2029468], [80.4819831, 8.2029335], [80.4820053, 8.2029185], [80.4820216, 8.2029044], [80.482039, 8.2028834], [80.4820553, 8.2028563], [80.4820977, 8.202761], [80.482113, 8.2027308], [80.4821749, 8.2026274], [80.4822024, 8.2025856], [80.4822298, 8.2025512], [80.4822575, 8.2025242], [80.4822864, 8.2025036], [80.4823213, 8.2024859], [80.4823744, 8.2024668]]]}}, {"type": "Feature", "properties": {"tank_id": "25", "pond_name": "Sembukulama Wewa", "total_ha": 23.17753387, "centroid": [80.505911, 8.2035514], "bbox": [80.50281927200007, 8.20106039500007, 80.50900268600003, 8.20604243200006]}, "geometry": {"type": "Polygon", "coordinates": [[[80.5089958, 8.2025126], [80.5089644, 8.202136], [80.5089524, 8.202018], [80.5089386, 8.2019002], [80.5085523, 8.2017085], [80.5075693, 8.2012059], [80.5075317, 8.2012766], [80.507492, 8.2013452], [80.5074501, 8.2014118], [80.5074062, 8.2014762], [80.5073601, 8.2015385], [80.5073119, 8.2015987], [80.5072616, 8.2016568], [80.5072091, 8.2017127], [80.5071522, 8.2017688], [80.5070891, 8.2018264], [80.5070264, 8.2018794], [80.5069642, 8.2019279], [80.5069049, 8.2019702], [80.506846, 8.2020084], [80.506792, 8.2020399], [80.506719, 8.2020787], [80.5066304, 8.2021201], [80.5065484, 8.2021513], [80.5065102, 8.202163], [80.5064743, 8.2021722], [80.5064388, 8.2021792], [80.5064007, 8.2021845], [80.5063167, 8.202191], [80.5061455, 8.2021955], [80.5058854, 8.2022075], [80.5057662, 8.2022104], [80.5055772, 8.202212], [80.5054124, 8.2022103], [80.5053447, 8.2022069], [80.5052823, 8.2022017], [80.5052163, 8.2021934], [80.5051388, 8.2021812], [80.5050667, 8.2021676], [80.5049965, 8.2021522], [80.50493, 8.2021353], [80.5048656, 8.2021167], [80.5048034, 8.2020964], [80.5047435, 8.2020745], [80.5046844, 8.2020502], [80.5046049, 8.2020146], [80.5045412, 8.2019837], [80.504483, 8.2019529], [80.50441, 8.2019099], [80.5043448, 8.2018657], [80.5042861, 8.2018194], [80.5042367, 8.2017732], [80.5042091, 8.2017425], [80.50418, 8.2017063], [80.5040651, 8.2015497], [80.5039164, 8.2013667], [80.5038546, 8.2012949], [80.5037994, 8.2012393], [80.503749, 8.2011971], [80.5036984, 8.2011632], [80.5036591, 8.2011412], [80.5036209, 8.201122], [80.503584, 8.2011055], [80.5035483, 8.2010917], [80.5035026, 8.2010775], [80.503459, 8.2010683], [80.5034112, 8.2010625], [80.5033595, 8.2010604], [80.5033038, 8.2010619], [80.5032421, 8.2010671], [80.5031518, 8.2010788], [80.5030877, 8.2010894], [80.5030478, 8.2010985], [80.5030129, 8.2011092], [80.5029814, 8.2011219], [80.5029475, 8.2011387], [80.5029136, 8.2011588], [80.502881, 8.2011816], [80.5028495, 8.2012071], [80.5028193, 8.2012353], [80.5028671, 8.2015104], [80.5029031, 8.2016301], [80.502963, 8.2017139], [80.5030831, 8.2017738], [80.5031311, 8.2018336], [80.503203, 8.2019892], [80.5032264, 8.2028146], [80.5031661, 8.2033409], [80.5031657, 8.2038075], [80.5031654, 8.204274], [80.5032252, 8.2047047], [80.503321, 8.2050277], [80.5033929, 8.205267], [80.5034048, 8.2053747], [80.5034408, 8.2055063], [80.5035487, 8.2056619], [80.5036495, 8.2058414], [80.5037214, 8.2060424], [80.5038186, 8.2060317], [80.5039159, 8.206021], [80.5039376, 8.2059684], [80.5039532, 8.2059152], [80.5039569, 8.20588], [80.5039551, 8.2058051], [80.5039567, 8.2057752], [80.5039595, 8.2057602], [80.5039638, 8.2057472], [80.5039699, 8.2057351], [80.5039781, 8.2057233], [80.5039911, 8.2057092], [80.5040073, 8.2056959], [80.5040268, 8.2056831], [80.5040501, 8.2056705], [80.5040874, 8.2056538], [80.5041698, 8.205621], [80.5042211, 8.2055984], [80.5042643, 8.2055819], [80.5043359, 8.2055601], [80.5044177, 8.2055411], [80.5044981, 8.2055263], [80.5046989, 8.2054938], [80.5048038, 8.2054722], [80.5049526, 8.2054326], [80.5053382, 8.2053224], [80.5054484, 8.2052942], [80.5055598, 8.2052688], [80.5056611, 8.2052481], [80.505774, 8.205227], [80.5061755, 8.2051586], [80.5062597, 8.2051433], [80.5063357, 8.2051294], [80.5064397, 8.2051084], [80.5066442, 8.2050641], [80.5070251, 8.2049922], [80.5071107, 8.2049737], [80.5071874, 8.2049552], [80.507274, 8.2049311], [80.5073532, 8.2049054], [80.5074266, 8.2048774], [80.5074948, 8.2048469], [80.5075571, 8.2048144], [80.5076166, 8.2047784], [80.507677, 8.2047366], [80.5077378, 8.2046893], [80.5077881, 8.2046463], [80.5078396, 8.2045989], [80.5078925, 8.2045467], [80.5079481, 8.2044887], [80.5080423, 8.2043845], [80.5082893, 8.2041004], [80.5083573, 8.2040269], [80.5085336, 8.2038414], [80.5086257, 8.2037388], [80.5087019, 8.2036452], [80.5087348, 8.2036007], [80.5087646, 8.2035571], [80.5087917, 8.203514], [80.5088161, 8.2034714], [80.5088378, 8.2034291], [80.5088572, 8.2033865], [80.5088849, 8.2033175], [80.5089101, 8.2032452], [80.5089326, 8.2031698], [80.5089523, 8.2030917], [80.5089694, 8.2030105], [80.5089834, 8.2029277], [80.5089945, 8.2028406], [80.5090008, 8.2027658], [80.5090027, 8.2027097], [80.5090025, 8.2026499], [80.5089958, 8.2025126]]]}}, {"type": "Feature", "properties": {"tank_id": "26", "pond_name": "Hammillakulama Wewa", "total_ha": 30.63169744, "centroid": [80.4716155, 8.2158359], "bbox": [80.46776958900006, 8.212873561000038, 80.47546140900005, 8.218798303000028]}, "geometry": {"type": "Polygon", "coordinates": [[[80.4677892, 8.2185168], [80.4677696, 8.2187983], [80.4680674, 8.2187124], [80.4686871, 8.2186267], [80.4695132, 8.2186417], [80.4696525, 8.2186227], [80.469763, 8.2185749], [80.4699023, 8.2185032], [80.470032, 8.2184938], [80.4702337, 8.2185131], [80.4708628, 8.2186906], [80.4710152, 8.2187097], [80.4711701, 8.2187291], [80.472587, 8.2187541], [80.4730385, 8.218697], [80.4733988, 8.2186111], [80.4736397, 8.2185109], [80.4740512, 8.21824], [80.4742314, 8.2181145], [80.4743504, 8.2180608], [80.4744581, 8.218058], [80.4744872, 8.2180573], [80.4745989, 8.2181076], [80.4747249, 8.2181795], [80.4749524, 8.2183467], [80.47507, 8.2184549], [80.4750772, 8.2184616], [80.4751348, 8.2184999], [80.4752117, 8.2185048], [80.4753414, 8.2185192], [80.4754614, 8.2185432], [80.4753663, 8.2184294], [80.4753127, 8.2182901], [80.4753109, 8.2182113], [80.4753607, 8.2181011], [80.4753956, 8.2180241], [80.4754134, 8.2178841], [80.4753369, 8.2175869], [80.4752114, 8.2173266], [80.4751486, 8.2172328], [80.4750595, 8.2170997], [80.4745727, 8.2164557], [80.4744251, 8.21627], [80.4740491, 8.2157971], [80.4738663, 8.215614], [80.473389, 8.2152382], [80.4733359, 8.215182], [80.473172, 8.2150086], [80.4729984, 8.2147855], [80.4728571, 8.2145687], [80.4727573, 8.2143696], [80.4727068, 8.2142177], [80.4726367, 8.2138268], [80.4725454, 8.2136181], [80.4724409, 8.2134521], [80.4723445, 8.2133486], [80.4722291, 8.2132698], [80.4722212, 8.2132644], [80.4721383, 8.2132264], [80.4715963, 8.2129778], [80.4715785, 8.2129696], [80.4713602, 8.2128986], [80.4710968, 8.2128736], [80.4708686, 8.2128883], [80.4705971, 8.2129391], [80.4704207, 8.2130015], [80.4702918, 8.2130843], [80.4701909, 8.2132068], [80.4700307, 8.2134896], [80.4699026, 8.2136871], [80.4696767, 8.2140353], [80.4695239, 8.2141862], [80.4691924, 8.214385], [80.4690727, 8.2144804], [80.468884, 8.2147288], [80.4687908, 8.2149397], [80.4687829, 8.2151005], [80.4688371, 8.2152941], [80.4689005, 8.2153948], [80.4691888, 8.2157274], [80.4692923, 8.2158862], [80.4694352, 8.2163635], [80.4696706, 8.2169135], [80.4697944, 8.2172405], [80.4698593, 8.2175096], [80.4698926, 8.2177494], [80.469887, 8.2179202], [80.4698451, 8.2180451], [80.4697931, 8.2181071], [80.4697111, 8.2181566], [80.4693279, 8.2182845], [80.4677955, 8.2185157], [80.4677892, 8.2185168]]]}}, {"type": "Feature", "properties": {"tank_id": "27", "pond_name": "Tirappane Wewa", "total_ha": 52.504108, "centroid": [80.5190979, 8.2147174], "bbox": [80.51517905400004, 8.209311177000075, 80.52301676600007, 8.220123651000051]}, "geometry": {"type": "Polygon", "coordinates": [[[80.5211025, 8.2093118], [80.5210327, 8.2093112], [80.5209599, 8.209313], [80.5208869, 8.2093172], [80.5208142, 8.209324], [80.5207419, 8.2093332], [80.5206557, 8.2093474], [80.5205439, 8.2093684], [80.5204676, 8.2093851], [80.5204, 8.2094026], [80.5203453, 8.2094194], [80.5202947, 8.2094374], [80.5202478, 8.209457], [80.5202044, 8.2094782], [80.5201649, 8.2095007], [80.5201261, 8.2095264], [80.5200848, 8.209557], [80.5200443, 8.2095905], [80.5199885, 8.2096425], [80.5199361, 8.2096984], [80.5198885, 8.2097571], [80.5198461, 8.2098176], [80.5198052, 8.2098862], [80.5197689, 8.2099581], [80.5197383, 8.2100315], [80.5197207, 8.2100898], [80.5197134, 8.2101245], [80.5197076, 8.2101612], [80.5197006, 8.210243], [80.5196989, 8.2103223], [80.5197004, 8.2105133], [80.5196963, 8.2106082], [80.5196798, 8.2107399], [80.5196537, 8.2109044], [80.5196316, 8.211026], [80.5196057, 8.2111566], [80.5195394, 8.2114606], [80.5195017, 8.2116093], [80.5194052, 8.2119608], [80.5193819, 8.2120541], [80.5193632, 8.212137], [80.5193485, 8.2122154], [80.5193353, 8.212303], [80.5192971, 8.212628], [80.5192779, 8.2127612], [80.5192647, 8.2128322], [80.51925, 8.212898], [80.5192335, 8.2129596], [80.5192148, 8.2130184], [80.5191912, 8.213085], [80.5191667, 8.2131481], [80.5191358, 8.2132218], [80.5191049, 8.2132904], [80.5190333, 8.2134366], [80.5189274, 8.2136359], [80.518875, 8.2137269], [80.5188322, 8.2137961], [80.5187762, 8.2138816], [80.5186607, 8.2140497], [80.5185953, 8.2141481], [80.5185376, 8.2142384], [80.5184711, 8.2143474], [80.5183447, 8.2145592], [80.5182799, 8.2146731], [80.5182187, 8.2147901], [80.5181661, 8.2149025], [80.518139, 8.214968], [80.518116, 8.2150297], [80.5180956, 8.2150933], [80.5180768, 8.2151611], [80.5180603, 8.215229], [80.5180423, 8.2153134], [80.5179966, 8.2155594], [80.5179647, 8.2157109], [80.5179318, 8.215837], [80.5178684, 8.2160548], [80.5178213, 8.2162053], [80.5177775, 8.216328], [80.5177326, 8.2164365], [80.5176805, 8.2165449], [80.5176468, 8.2166086], [80.5176101, 8.216674], [80.5175273, 8.2168095], [80.5174282, 8.2169576], [80.5173239, 8.2171028], [80.5172265, 8.2172292], [80.5171301, 8.2173442], [80.5170425, 8.2174388], [80.5169451, 8.2175335], [80.5168462, 8.2176213], [80.5167252, 8.2177214], [80.5165485, 8.2178607], [80.5163953, 8.2179747], [80.5161983, 8.2181119], [80.5159815, 8.2182595], [80.5156601, 8.2184754], [80.5154147, 8.2186369], [80.5152657, 8.2188473], [80.5151984, 8.2189621], [80.5151791, 8.2190291], [80.5151791, 8.2191057], [80.5152222, 8.2191631], [80.5153087, 8.219211], [80.5155344, 8.2192303], [80.5160816, 8.219237], [80.5161821, 8.2192398], [80.5165545, 8.2192968], [80.5166635, 8.2193195], [80.5169626, 8.2193817], [80.5171404, 8.2194408], [80.5172795, 8.2194839], [80.5178444, 8.219672], [80.5182285, 8.2197918], [80.5185167, 8.2198542], [80.5186966, 8.2198717], [80.5192944, 8.2199299], [80.5198659, 8.220025], [80.5201687, 8.2200754], [80.5207163, 8.2201236], [80.5208363, 8.2201237], [80.5209468, 8.2201189], [80.5211438, 8.2200616], [80.5213792, 8.2199996], [80.5218426, 8.2199386], [80.5218375, 8.2197166], [80.5218324, 8.2194946], [80.5217873, 8.2194328], [80.5217464, 8.2193698], [80.5217095, 8.2193053], [80.5216767, 8.2192394], [80.5216468, 8.2191691], [80.5216213, 8.2190973], [80.5216056, 8.2190405], [80.5215925, 8.2189757], [80.521583, 8.2189136], [80.521562, 8.2187541], [80.5215102, 8.2184255], [80.5214982, 8.218325], [80.5214915, 8.218235], [80.5214896, 8.2181812], [80.5214898, 8.2181295], [80.5214923, 8.2180608], [80.5214967, 8.2179928], [80.5215102, 8.2178674], [80.5215194, 8.2178064], [80.5215303, 8.2177467], [80.5215435, 8.2176864], [80.5215593, 8.2176277], [80.5215785, 8.2175665], [80.5216451, 8.2173671], [80.5217255, 8.2170983], [80.5217708, 8.2169297], [80.5218092, 8.2167557], [80.521845, 8.2165615], [80.52186, 8.2164635], [80.5218843, 8.2162553], [80.5219006, 8.2161603], [80.5219195, 8.2160786], [80.5219429, 8.2159938], [80.5219711, 8.2159049], [80.5220044, 8.2158103], [80.5220531, 8.2156844], [80.5221184, 8.2155265], [80.5221504, 8.2154544], [80.5222321, 8.2152807], [80.5222688, 8.2151987], [80.5223148, 8.2150881], [80.5224413, 8.214771], [80.5224836, 8.2146736], [80.5225243, 8.2145877], [80.5225665, 8.2145066], [80.5226188, 8.2144119], [80.5226672, 8.2143286], [80.5227154, 8.2142505], [80.5227668, 8.2141718], [80.5228205, 8.2140939], [80.5228762, 8.2140174], [80.5229338, 8.2139422], [80.5229825, 8.2128231], [80.5230069, 8.2122623], [80.523009, 8.2122132], [80.5230168, 8.2120355], [80.5230122, 8.2119277], [80.5230029, 8.2118216], [80.5229889, 8.2117173], [80.5229703, 8.2116146], [80.522947, 8.2115137], [80.5229191, 8.2114145], [80.5228865, 8.211317], [80.5228492, 8.2112212], [80.5228265, 8.2111713], [80.5227986, 8.2111177], [80.5227634, 8.2110564], [80.5226507, 8.2108693], [80.5226188, 8.2108098], [80.5225889, 8.2107468], [80.5225608, 8.210682], [80.5225311, 8.2106083], [80.5224351, 8.2103543], [80.5223679, 8.2101885], [80.5222954, 8.2099949], [80.5222682, 8.2099305], [80.5222413, 8.2098753], [80.522219, 8.2098354], [80.5221958, 8.2097991], [80.5221708, 8.2097651], [80.5221386, 8.2097257], [80.5221031, 8.2096858], [80.5220657, 8.2096473], [80.5220266, 8.2096106], [80.5219863, 8.2095759], [80.5219657, 8.2095597], [80.521944, 8.2095428], [80.5219012, 8.2095124], [80.5218576, 8.2094847], [80.5218159, 8.2094614], [80.5217731, 8.2094408], [80.521727, 8.2094218], [80.5216777, 8.2094044], [80.5216247, 8.2093885], [80.5215585, 8.2093718], [80.5214855, 8.2093564], [80.5214016, 8.2093417], [80.5213068, 8.2093275], [80.5212398, 8.20932], [80.5211716, 8.2093148], [80.5211025, 8.2093118]]]}}, {"type": "Feature", "properties": {"tank_id": "28", "pond_name": "Todamaduwa Wewa", "total_ha": 58.83226056, "centroid": [80.5364004, 8.2231924], "bbox": [80.53242169300006, 8.218435743000043, 80.54037917000005, 8.227949113000022]}, "geometry": {"type": "Polygon", "coordinates": [[[80.5398748, 8.2271318], [80.5398547, 8.2270568], [80.5398389, 8.2269803], [80.5398278, 8.2269034], [80.5398213, 8.2268269], [80.5398196, 8.2267702], [80.5398206, 8.2267148], [80.5398244, 8.2266605], [80.5398307, 8.226609], [80.5398396, 8.2265614], [80.539852, 8.2265099], [80.5398682, 8.2264534], [80.5398903, 8.2263847], [80.539927, 8.2262764], [80.5399601, 8.2261925], [80.5399954, 8.2261124], [80.5400474, 8.226], [80.5400994, 8.2258876], [80.5402366, 8.2255627], [80.5402776, 8.2254559], [80.5403077, 8.2253625], [80.5403201, 8.2253153], [80.5403302, 8.2252694], [80.5403402, 8.2252146], [80.5403485, 8.2251577], [80.5403603, 8.2250405], [80.5403663, 8.2249142], [80.540367, 8.224832], [80.5403655, 8.2247686], [80.540361, 8.2246967], [80.5403535, 8.2246204], [80.5403434, 8.2245417], [80.54033, 8.2244544], [80.5402848, 8.2241993], [80.5402634, 8.2240984], [80.5402359, 8.2239865], [80.5401384, 8.2236334], [80.5401066, 8.223512], [80.5400567, 8.2233018], [80.5399505, 8.2228545], [80.5399184, 8.2227011], [80.539894, 8.2225635], [80.5398763, 8.2224353], [80.539865, 8.2223142], [80.539861, 8.2222402], [80.5398595, 8.2221681], [80.5398604, 8.2221029], [80.539864, 8.2220347], [80.5398708, 8.2219553], [80.5398812, 8.2218667], [80.5399271, 8.221541], [80.5399331, 8.2214985], [80.5399414, 8.2214239], [80.5399486, 8.22134], [80.5399684, 8.2210429], [80.5399944, 8.2204952], [80.5400158, 8.2201367], [80.5400196, 8.2200009], [80.5400177, 8.2198818], [80.540006, 8.2196883], [80.5399905, 8.2195294], [80.5399743, 8.2194155], [80.5399542, 8.2193104], [80.539932, 8.2192194], [80.5398979, 8.2191044], [80.5398629, 8.2189963], [80.5398301, 8.2189098], [80.5397955, 8.2188347], [80.5397583, 8.2187693], [80.5397357, 8.2187359], [80.5397004, 8.2186892], [80.539666, 8.2186462], [80.5396341, 8.2186089], [80.5396055, 8.2185782], [80.5395776, 8.2185509], [80.5395501, 8.2185268], [80.5395229, 8.2185058], [80.5394972, 8.2184886], [80.5394716, 8.218474], [80.5394461, 8.2184622], [80.5394207, 8.218453], [80.5393933, 8.218446], [80.5393634, 8.2184407], [80.5393309, 8.2184373], [80.5392955, 8.2184357], [80.539224, 8.2184374], [80.5391485, 8.2184444], [80.5390809, 8.2184565], [80.5390136, 8.2184741], [80.5389452, 8.2184982], [80.5388807, 8.2185273], [80.5388299, 8.2185562], [80.5387767, 8.218594], [80.5387252, 8.2186364], [80.5386262, 8.218723], [80.5385864, 8.2187636], [80.5385469, 8.2188103], [80.5385084, 8.2188618], [80.5384678, 8.218922], [80.5383418, 8.2191276], [80.5382949, 8.2192001], [80.5382462, 8.2192673], [80.538199, 8.2193229], [80.538172, 8.2193502], [80.5381447, 8.2193748], [80.5381169, 8.2193967], [80.5380885, 8.2194159], [80.5380614, 8.2194316], [80.5380336, 8.2194452], [80.5379964, 8.2194605], [80.5379566, 8.2194747], [80.5378842, 8.2194957], [80.5378035, 8.2195135], [80.5377133, 8.2195286], [80.5376108, 8.2195414], [80.5375338, 8.2195473], [80.5374527, 8.2195496], [80.5373671, 8.2195485], [80.5372762, 8.2195438], [80.5372092, 8.2195384], [80.5371582, 8.2195325], [80.5370998, 8.2195233], [80.5370367, 8.219511], [80.536943, 8.2194895], [80.5367328, 8.2194369], [80.5366081, 8.2194088], [80.5364659, 8.2193727], [80.5363878, 8.2193565], [80.5363315, 8.2193491], [80.5362716, 8.2193461], [80.5361953, 8.2193458], [80.5361237, 8.2193492], [80.5360789, 8.2193535], [80.5360361, 8.2193595], [80.5359955, 8.219367], [80.5359571, 8.2193762], [80.5359209, 8.219387], [80.5358869, 8.2193994], [80.5358551, 8.2194134], [80.5358256, 8.219429], [80.5357974, 8.2194468], [80.535769, 8.2194675], [80.5357405, 8.2194911], [80.5357118, 8.2195177], [80.5356829, 8.2195472], [80.5356537, 8.2195799], [80.5355939, 8.219655], [80.5355435, 8.2197267], [80.535525, 8.2197576], [80.5355076, 8.2197903], [80.5354905, 8.2198269], [80.5354745, 8.2198658], [80.5354597, 8.2199073], [80.5354458, 8.2199516], [80.5354262, 8.2200254], [80.5354074, 8.2201109], [80.5353651, 8.2203389], [80.535337, 8.2204746], [80.5353128, 8.2206102], [80.5353013, 8.2206671], [80.5352911, 8.2207087], [80.5352791, 8.220749], [80.5352468, 8.2208377], [80.5351971, 8.2209495], [80.534944, 8.2214751], [80.5349146, 8.2215381], [80.5348934, 8.2215833], [80.5348261, 8.2217368], [80.5346484, 8.2221581], [80.5345555, 8.2223644], [80.5344688, 8.2225515], [80.5344043, 8.2226866], [80.5343492, 8.2227977], [80.534309, 8.2228729], [80.534195, 8.223078], [80.5341621, 8.2231416], [80.5341345, 8.2231995], [80.5341014, 8.2232785], [80.5340667, 8.2233721], [80.5340328, 8.2234746], [80.5339954, 8.2235982], [80.5339462, 8.2237734], [80.5339112, 8.2239159], [80.5338856, 8.2240462], [80.533869, 8.2241659], [80.5338614, 8.2242468], [80.5338554, 8.2243373], [80.5338437, 8.2246224], [80.5338429, 8.2247524], [80.5338499, 8.2250342], [80.5338501, 8.2250958], [80.5338503, 8.2251575], [80.5338465, 8.2252608], [80.5338306, 8.2254815], [80.5338228, 8.2255757], [80.5338146, 8.2256549], [80.533805, 8.2257268], [80.533794, 8.2257929], [80.5337809, 8.2258558], [80.533766, 8.2259149], [80.5337489, 8.2259708], [80.5337296, 8.2260237], [80.5336998, 8.2260931], [80.533669, 8.2261576], [80.5336392, 8.2262127], [80.5336089, 8.2262618], [80.5335749, 8.2263094], [80.5335362, 8.226357], [80.5334929, 8.2264044], [80.5334451, 8.2264517], [80.5333756, 8.2265128], [80.5333458, 8.2265342], [80.5333123, 8.2265549], [80.5332412, 8.2265916], [80.5331097, 8.22665], [80.5330608, 8.2266731], [80.5330136, 8.2266985], [80.5329733, 8.2267241], [80.5329347, 8.226754], [80.5328871, 8.2267989], [80.5328401, 8.2268495], [80.532793, 8.2269061], [80.532733, 8.2269867], [80.5326754, 8.2270733], [80.5326269, 8.2271569], [80.5325792, 8.2272504], [80.5325305, 8.2273578], [80.5324894, 8.2274616], [80.5324529, 8.2275691], [80.5324217, 8.2276789], [80.5325298, 8.2276431], [80.5328006, 8.2274653], [80.5330713, 8.2272876], [80.5331313, 8.2272459], [80.5332565, 8.227159], [80.5333827, 8.2270873], [80.5335268, 8.2270575], [80.5336889, 8.2270576], [80.533905, 8.2270876], [80.5342592, 8.2271476], [80.5346914, 8.2272197], [80.5349991, 8.2272644], [80.5353518, 8.2273158], [80.5371948, 8.22758], [80.5383115, 8.2277422], [80.5390198, 8.2278562], [80.539314, 8.2278863], [80.5395001, 8.2279223], [80.5396245, 8.2279491], [80.5397941, 8.227946], [80.5398657, 8.2279446], [80.5403792, 8.2278487], [80.5402664, 8.2277498], [80.5401939, 8.2276762], [80.5401588, 8.2276372], [80.5401009, 8.2275612], [80.5400183, 8.2274373], [80.5399576, 8.2273368], [80.5399268, 8.227273], [80.5398989, 8.2272041], [80.5398748, 8.2271318]]]}}, {"type": "Feature", "properties": {"tank_id": "29", "pond_name": "Galwaduwawa Wewa", "total_ha": 4.877411048, "centroid": [80.5089141, 8.2634401], "bbox": [80.50746221900005, 8.262170354000034, 80.51036595100004, 8.264709824000022]}, "geometry": {"type": "Polygon", "coordinates": [[[80.5100142, 8.2626112], [80.510366, 8.2621704], [80.5100704, 8.2623352], [80.5096524, 8.2625144], [80.5091335, 8.2626648], [80.508995, 8.2627131], [80.5074955, 8.2632355], [80.5074674, 8.263349], [80.5074622, 8.263462], [80.5074814, 8.26358], [80.5075224, 8.2636939], [80.5075973, 8.2638235], [80.5078457, 8.2641424], [80.5079755, 8.2642537], [80.5081721, 8.2643498], [80.5086206, 8.2646063], [80.5087807, 8.2646789], [80.5088843, 8.264708], [80.508985, 8.2647098], [80.5091547, 8.2646835], [80.5097745, 8.2645313], [80.5099195, 8.2644582], [80.5100289, 8.2643728], [80.5100699, 8.2643008], [80.5100788, 8.2641925], [80.5100563, 8.2640121], [80.5099626, 8.2637505], [80.5099114, 8.263636], [80.5098087, 8.2634804], [80.5097458, 8.2633307], [80.509717, 8.2631758], [80.509731, 8.2630435], [80.5097742, 8.262938], [80.5099377, 8.2627071], [80.5100142, 8.2626112]]]}}, {"type": "Feature", "properties": {"tank_id": "30", "pond_name": "Galkulama Wewa", "total_ha": 30.23834439, "centroid": [80.4976482, 8.2737241], "bbox": [80.49507679000004, 8.269085929000028, 80.50021969500006, 8.278362319000053]}, "geometry": {"type": "Polygon", "coordinates": [[[80.4991197, 8.2753054], [80.4992964, 8.2750715], [80.4995423, 8.2747319], [80.5002125, 8.2738059], [80.5001746, 8.2729518], [80.5001844, 8.2726934], [80.5002133, 8.2725403], [80.5002178, 8.2724269], [80.5002197, 8.2723134], [80.5002191, 8.2721743], [80.5002159, 8.2720657], [80.5002116, 8.2719962], [80.5002065, 8.2719429], [80.500181, 8.2717725], [80.5001737, 8.2717115], [80.5001682, 8.2716292], [80.5001659, 8.2715396], [80.5001669, 8.2714305], [80.500172, 8.271309], [80.5001762, 8.27125], [80.500191, 8.2710918], [80.5002004, 8.2709128], [80.5002018, 8.2708307], [80.5002008, 8.2706899], [80.5001992, 8.2706321], [80.5001959, 8.2705836], [80.5001893, 8.2705317], [80.5001795, 8.2704848], [80.5001651, 8.2704364], [80.5001457, 8.2703851], [80.5001229, 8.270334], [80.5000935, 8.2702752], [80.5000237, 8.2701441], [80.4999835, 8.2700727], [80.4999394, 8.2700003], [80.499893, 8.2699292], [80.4998461, 8.2698622], [80.49979, 8.2697869], [80.499741, 8.2697244], [80.4996964, 8.2696715], [80.4996532, 8.2696248], [80.4996111, 8.2695839], [80.4995682, 8.2695466], [80.4995201, 8.2695086], [80.4994657, 8.269469], [80.4994005, 8.2694245], [80.4992447, 8.2693222], [80.499166, 8.2692722], [80.499089, 8.2692266], [80.4990184, 8.2691889], [80.4988944, 8.2691277], [80.4988357, 8.2691036], [80.4988065, 8.2690949], [80.4987788, 8.2690894], [80.4987489, 8.2690864], [80.4987166, 8.2690859], [80.4986713, 8.269089], [80.4986185, 8.2690963], [80.4985335, 8.269112], [80.4984743, 8.2691259], [80.49842, 8.2691418], [80.4983663, 8.2691605], [80.4983133, 8.2691821], [80.4982608, 8.2692066], [80.4982319, 8.2693406], [80.4980924, 8.2696323], [80.4979, 8.270015], [80.4977701, 8.2702542], [80.4976787, 8.2704934], [80.4975439, 8.2709191], [80.4972935, 8.271742], [80.4970938, 8.2723472], [80.496894, 8.2729523], [80.4967832, 8.2734212], [80.4967157, 8.2737657], [80.4966435, 8.2739426], [80.4965858, 8.2740574], [80.4964801, 8.2741483], [80.4963407, 8.2742295], [80.4962253, 8.2743347], [80.4961292, 8.2744686], [80.4960474, 8.27466], [80.4959992, 8.2748657], [80.4959703, 8.2749853], [80.495903, 8.2750953], [80.4958597, 8.2751384], [80.495802, 8.2751575], [80.495706, 8.2751622], [80.4956387, 8.2751286], [80.4955571, 8.2750712], [80.4954178, 8.2750328], [80.4952737, 8.2750231], [80.4950768, 8.2750038], [80.4950899, 8.2750373], [80.4951044, 8.2750694], [80.4951205, 8.2751001], [80.4951381, 8.2751295], [80.4951574, 8.2751577], [80.4951783, 8.2751845], [80.4952017, 8.2752109], [80.4952229, 8.2752318], [80.4952518, 8.275256], [80.4952857, 8.2752807], [80.4953254, 8.2753064], [80.4953811, 8.2753398], [80.4954285, 8.2753632], [80.4955314, 8.2754043], [80.4955744, 8.275424], [80.4955984, 8.2754373], [80.4956401, 8.2754636], [80.4956927, 8.2754992], [80.4957141, 8.2755163], [80.4957322, 8.275533], [80.4957474, 8.2755497], [80.4957597, 8.2755666], [80.4957702, 8.2755853], [80.4957793, 8.2756064], [80.4957868, 8.2756301], [80.4957931, 8.2756567], [80.4958028, 8.2757255], [80.4958088, 8.2757907], [80.4958106, 8.2758302], [80.4958089, 8.2759071], [80.4958003, 8.2759899], [80.4957924, 8.2760357], [80.4957797, 8.2760825], [80.4957614, 8.2761345], [80.4957178, 8.2762423], [80.4957003, 8.2762892], [80.4956858, 8.2763369], [80.4956739, 8.2763908], [80.4956565, 8.2764962], [80.4956337, 8.2766728], [80.4956225, 8.2767997], [80.4956153, 8.2769349], [80.4956123, 8.2770528], [80.4956117, 8.2771813], [80.4956144, 8.2773615], [80.4956239, 8.2777176], [80.4956192, 8.2778596], [80.4956204, 8.2779149], [80.4956232, 8.277942], [80.4956277, 8.2779669], [80.495643, 8.2780165], [80.4956685, 8.2780741], [80.4957005, 8.2781288], [80.4957212, 8.2781578], [80.4957433, 8.2781844], [80.4957679, 8.27821], [80.4957949, 8.2782346], [80.495824, 8.2782577], [80.4958544, 8.2782788], [80.4958852, 8.2782971], [80.4959179, 8.2783137], [80.4959509, 8.2783279], [80.4959845, 8.2783399], [80.4960191, 8.2783498], [80.4960502, 8.2783563], [80.4960823, 8.2783604], [80.4961168, 8.2783623], [80.4961542, 8.2783622], [80.4961957, 8.27836], [80.4962972, 8.2783491], [80.4963367, 8.2783423], [80.4963789, 8.2783332], [80.4964373, 8.2783181], [80.4965098, 8.2782967], [80.4965618, 8.27828], [80.496615, 8.2782609], [80.4967327, 8.2782128], [80.4968614, 8.2781527], [80.4969762, 8.2780918], [80.4970883, 8.2780251], [80.4980614, 8.2767065], [80.4984572, 8.2761825], [80.4985596, 8.276047], [80.4991197, 8.2753054]]]}}, {"type": "Feature", "properties": {"tank_id": "31", "pond_name": "Nachchaduwa Wewa", "total_ha": 1649.774276, "centroid": [80.497457, 8.2504204], "bbox": [80.46258588572489, 8.220810923929932, 80.5323281485277, 8.280029837585127]}, "geometry": {"type": "Polygon", "coordinates": [[[80.4750921, 8.2659123], [80.4754812, 8.2659036], [80.4759806, 8.2659537], [80.4760132, 8.265921], [80.4761953, 8.2659439], [80.4765568, 8.2647164], [80.4770571, 8.2636919], [80.4771912, 8.2636692], [80.4772487, 8.2637102], [80.4773019, 8.2642467], [80.4774825, 8.2644782], [80.47755, 8.2646712], [80.4778705, 8.268001], [80.4779602, 8.2681293], [80.4780165, 8.2696776], [80.4778646, 8.2696609], [80.4777736, 8.2697052], [80.4777117, 8.2697646], [80.4776723, 8.2698613], [80.4774501, 8.2708203], [80.4773766, 8.2708687], [80.4772369, 8.2708878], [80.4770748, 8.2709441], [80.4769595, 8.2710245], [80.4769117, 8.2711841], [80.4768969, 8.2713339], [80.4769926, 8.2713987], [80.4769694, 8.2714767], [80.4769369, 8.2715706], [80.476919, 8.2717014], [80.4769145, 8.2718269], [80.4769264, 8.2718917], [80.4769649, 8.2719242], [80.4769831, 8.2719766], [80.4769668, 8.2721177], [80.476996, 8.2723368], [80.4770172, 8.2723995], [80.4770608, 8.2724477], [80.4771215, 8.2724122], [80.4771591, 8.2724295], [80.4771616, 8.2725162], [80.4771965, 8.2726149], [80.4772884, 8.2727213], [80.4773782, 8.272803], [80.4775367, 8.272913], [80.4776441, 8.2727948], [80.4776986, 8.2729041], [80.4777076, 8.2730578], [80.4777037, 8.2731692], [80.4776776, 8.2733661], [80.4776355, 8.2734614], [80.4774949, 8.2737068], [80.477427, 8.2739211], [80.4772825, 8.2742771], [80.4772628, 8.2744616], [80.4772608, 8.2746534], [80.4772927, 8.2748267], [80.4773635, 8.2749402], [80.4774321, 8.2750092], [80.4775047, 8.2751283], [80.4773229, 8.2753812], [80.4774414, 8.2754475], [80.4774598, 8.2755554], [80.4773966, 8.2756148], [80.4773884, 8.2757112], [80.4774855, 8.2759785], [80.4777139, 8.2763188], [80.477973, 8.2767202], [80.4784083, 8.276638], [80.4786606, 8.2769812], [80.478789, 8.2772505], [80.4787055, 8.2775116], [80.4788787, 8.2776049], [80.4789151, 8.2777745], [80.4788528, 8.2780284], [80.4789377, 8.2785407], [80.4787128, 8.2787901], [80.4788499, 8.2790021], [80.4789741, 8.2789099], [80.4790904, 8.2790896], [80.4792059, 8.2790682], [80.4795627, 8.2787699], [80.4797427, 8.2785062], [80.4799544, 8.2783279], [80.4800816, 8.2782117], [80.4803336, 8.2778619], [80.4804896, 8.2778139], [80.480645, 8.27787], [80.4806307, 8.2779906], [80.4801024, 8.2785672], [80.4792576, 8.2796016], [80.4794127, 8.2799035], [80.4794955, 8.2799715], [80.4797102, 8.2800298], [80.4799119, 8.2799855], [80.4798784, 8.2798198], [80.4795276, 8.2794698], [80.4798125, 8.2792333], [80.4801804, 8.2788561], [80.4802106, 8.2789964], [80.4803057, 8.2790634], [80.4804237, 8.2792212], [80.4809081, 8.2792225], [80.4811477, 8.279148], [80.481194, 8.2789482], [80.4812091, 8.2788397], [80.4811295, 8.2785964], [80.4812521, 8.2785141], [80.4813034, 8.2784288], [80.4813625, 8.2781408], [80.4813966, 8.2778224], [80.4812553, 8.2775866], [80.4813423, 8.2774952], [80.4814134, 8.2774564], [80.481579, 8.2774684], [80.4819628, 8.2773261], [80.4824012, 8.277084], [80.4828725, 8.2770203], [80.4833522, 8.2770558], [80.4835822, 8.2770442], [80.4841155, 8.277251], [80.4843813, 8.2775077], [80.4845886, 8.2777916], [80.4848231, 8.2778413], [80.4851414, 8.2779933], [80.4853003, 8.2782501], [80.4857169, 8.2784624], [80.4861443, 8.2784546], [80.4865291, 8.2786013], [80.4870532, 8.2789868], [80.4872887, 8.278863], [80.4878377, 8.2784384], [80.4877201, 8.2783529], [80.4876591, 8.2782543], [80.4876543, 8.2780975], [80.4875303, 8.277009], [80.4873886, 8.276812], [80.4872992, 8.2765763], [80.4872529, 8.2763187], [80.4869288, 8.2758395], [80.4867162, 8.2756358], [80.4865307, 8.2755105], [80.4861991, 8.2754289], [80.4860528, 8.2751641], [80.4860536, 8.2748994], [80.4858924, 8.2747704], [80.4857018, 8.2746585], [80.4856131, 8.27439], [80.4853838, 8.274056], [80.4855033, 8.2739136], [80.4854423, 8.2737143], [80.4852906, 8.2736933], [80.4851164, 8.2736389], [80.4849141, 8.2733631], [80.4850086, 8.2731716], [80.4850088, 8.2729858], [80.4849928, 8.2727426], [80.484884, 8.2726338], [80.4847585, 8.2727321], [80.4846625, 8.2726622], [80.4845676, 8.2725444], [80.4845646, 8.2724147], [80.4845968, 8.2723639], [80.4849594, 8.2721577], [80.4850161, 8.272037], [80.4850331, 8.2717357], [80.4850096, 8.2716483], [80.4846694, 8.2718181], [80.4846176, 8.2716165], [80.4846058, 8.2713411], [80.4846486, 8.2709522], [80.4846751, 8.2705732], [80.4847583, 8.2703088], [80.4848383, 8.2700415], [80.484949, 8.2698374], [80.4852078, 8.2694785], [80.4853318, 8.2693401], [80.4854977, 8.2692048], [80.485747, 8.2691095], [80.4860243, 8.2690519], [80.4862945, 8.2690411], [80.4866373, 8.269192], [80.4865732, 8.2693604], [80.4866314, 8.2697021], [80.4867871, 8.2698671], [80.4869086, 8.2698011], [80.4869382, 8.2697105], [80.4869956, 8.2694585], [80.487203, 8.2692156], [80.4874239, 8.2692729], [80.4875047, 8.2692143], [80.4878247, 8.2693602], [80.4879083, 8.2696382], [80.4880624, 8.2696088], [80.4881303, 8.2694713], [80.4882705, 8.2693941], [80.4883812, 8.2695043], [80.4884745, 8.2696774], [80.4892697, 8.2700866], [80.4893395, 8.2702685], [80.4894454, 8.2703807], [80.4896472, 8.2706107], [80.4898276, 8.2707024], [80.4900564, 8.2707003], [80.490155, 8.2710222], [80.4902682, 8.2713115], [80.4903625, 8.271444], [80.4906198, 8.2715421], [80.4909551, 8.2715804], [80.4913512, 8.2715808], [80.49173, 8.2713841], [80.4921222, 8.2708], [80.4924629, 8.270579], [80.4927524, 8.2705625], [80.4934001, 8.2701418], [80.4937027, 8.269933], [80.4936994, 8.2693362], [80.4935116, 8.2690335], [80.4933246, 8.2686656], [80.4930481, 8.2684992], [80.4928368, 8.2683466], [80.4925297, 8.2680666], [80.4922119, 8.2678366], [80.4920738, 8.2679403], [80.4917217, 8.2678905], [80.4916288, 8.2677107], [80.491432, 8.2672179], [80.4914463, 8.267074], [80.4915328, 8.2670341], [80.4917123, 8.2670624], [80.4918039, 8.2671733], [80.4918868, 8.2671302], [80.4919212, 8.2669591], [80.4918984, 8.2668403], [80.4918146, 8.2667973], [80.4917665, 8.2666188], [80.4916075, 8.266408], [80.4914396, 8.2666059], [80.4913201, 8.2669142], [80.4908459, 8.266869], [80.4906386, 8.266711], [80.4904719, 8.2664397], [80.4902399, 8.2659821], [80.4899114, 8.2655832], [80.4899482, 8.2654028], [80.4902132, 8.2651653], [80.4901746, 8.2649201], [80.489972, 8.2649567], [80.489962, 8.2649686], [80.4894006, 8.265298], [80.4892039, 8.2651703], [80.4893434, 8.2648904], [80.489092, 8.2648141], [80.4888766, 8.2646895], [80.4885348, 8.2646468], [80.4885211, 8.2645242], [80.488831, 8.2645185], [80.4899319, 8.2644279], [80.4908867, 8.2641379], [80.4909735, 8.2636963], [80.4908519, 8.2632079], [80.4906265, 8.26298], [80.490518, 8.2628288], [80.490778, 8.2624688], [80.4911919, 8.2618098], [80.491558, 8.2612162], [80.4917121, 8.2609325], [80.4920055, 8.2607674], [80.4919372, 8.2605283], [80.4916762, 8.2601189], [80.4913945, 8.2596541], [80.491291, 8.2590414], [80.4914191, 8.2584104], [80.4912062, 8.258511], [80.4909578, 8.2590287], [80.490754, 8.2596329], [80.4904347, 8.2599294], [80.489681, 8.2603757], [80.4896102, 8.2602776], [80.4897879, 8.2600995], [80.4898913, 8.2598676], [80.4899108, 8.2596441], [80.4898011, 8.2594174], [80.4896678, 8.2592356], [80.4894768, 8.259129], [80.4894875, 8.2589114], [80.4896405, 8.2585692], [80.489552, 8.258401], [80.4894623, 8.2583911], [80.4893064, 8.2584154], [80.4888042, 8.258152], [80.4884851, 8.2574468], [80.4883897, 8.2573132], [80.4881841, 8.2571757], [80.4879124, 8.2571199], [80.4874913, 8.2570743], [80.4873257, 8.2569758], [80.4872023, 8.2567637], [80.487408, 8.2555022], [80.4875281, 8.2554118], [80.4878328, 8.2551167], [80.487815, 8.2549532], [80.4877548, 8.2548058], [80.4877645, 8.2546675], [80.487809, 8.254653], [80.4878604, 8.2545355], [80.488162, 8.2530754], [80.488245, 8.2529827], [80.4883663, 8.2529924], [80.4884292, 8.253058], [80.4885056, 8.2530529], [80.4887891, 8.252743], [80.4889116, 8.2527649], [80.4890391, 8.2526657], [80.4891085, 8.2523675], [80.4896321, 8.2525493], [80.4895861, 8.252822], [80.4896923, 8.2532693], [80.4898555, 8.2533678], [80.4900022, 8.2533598], [80.4902893, 8.253483], [80.4904001, 8.2534214], [80.4907541, 8.2535347], [80.4908226, 8.2537104], [80.4911201, 8.2541406], [80.4912358, 8.2541666], [80.491438, 8.2542842], [80.4915563, 8.2544632], [80.4916717, 8.2545802], [80.4917344, 8.2549696], [80.4918618, 8.2551697], [80.4923227, 8.2550688], [80.4922625, 8.256174], [80.4919433, 8.2567986], [80.4920022, 8.2569144], [80.4920883, 8.2568936], [80.4923593, 8.2566428], [80.4925997, 8.2560536], [80.4927462, 8.255488], [80.4928633, 8.2555197], [80.4928624, 8.2554524], [80.4936591, 8.2552695], [80.4946768, 8.2548436], [80.4952425, 8.2548503], [80.495995, 8.2550699], [80.4963273, 8.255235], [80.4966208, 8.2556729], [80.4967583, 8.2561767], [80.4967057, 8.2564588], [80.4970264, 8.2574893], [80.4972933, 8.2579801], [80.4974699, 8.2578477], [80.4976581, 8.2579641], [80.4979592, 8.2586678], [80.4985972, 8.2590736], [80.4991423, 8.2592117], [80.499441, 8.2587591], [80.4993336, 8.2582969], [80.4995877, 8.2576225], [80.5000791, 8.2563811], [80.5008976, 8.2554685], [80.5015097, 8.2549352], [80.5017065, 8.2542081], [80.5016453, 8.2534772], [80.5013391, 8.252658], [80.5013533, 8.2515817], [80.5016413, 8.2510682], [80.5024889, 8.2505701], [80.503089, 8.2504104], [80.503597, 8.25044], [80.5047795, 8.2501956], [80.5059772, 8.2499271], [80.5063046, 8.2501466], [80.5064853, 8.2506734], [80.5064455, 8.2525309], [80.5063584, 8.2534128], [80.5092098, 8.2538745], [80.5101268, 8.2540609], [80.5106544, 8.2538084], [80.5107993, 8.2526912], [80.5107962, 8.2516483], [80.5111813, 8.2506023], [80.5113339, 8.2504349], [80.5115502, 8.2501042], [80.5116602, 8.2497521], [80.5116164, 8.2494747], [80.5114914, 8.2492501], [80.5113712, 8.249201], [80.5112575, 8.2492064], [80.5110985, 8.2492588], [80.5109318, 8.2490548], [80.5109672, 8.248495], [80.5109805, 8.2479291], [80.5111304, 8.2476338], [80.5112771, 8.2475785], [80.5113229, 8.2476773], [80.511364, 8.2478643], [80.5114344, 8.2481906], [80.5115551, 8.2484247], [80.5117887, 8.2484273], [80.5120839, 8.2483304], [80.5122132, 8.248141], [80.5123966, 8.2477112], [80.5124782, 8.2474151], [80.5126203, 8.2470875], [80.5126669, 8.2468082], [80.5128299, 8.2466564], [80.5131209, 8.2466214], [80.5134511, 8.2467555], [80.5136892, 8.2468364], [80.5140404, 8.2472103], [80.5143142, 8.2475049], [80.5145982, 8.2478633], [80.5148194, 8.2480818], [80.5155304, 8.2481537], [80.5158569, 8.2481002], [80.5160902, 8.24782], [80.5160539, 8.2474575], [80.5157446, 8.2472086], [80.5155515, 8.246937], [80.5156237, 8.2466526], [80.5157291, 8.2463824], [80.5159951, 8.2460084], [80.5161238, 8.2456814], [80.5163395, 8.2455779], [80.5165673, 8.2458783], [80.5171896, 8.2456722], [80.5173095, 8.2463939], [80.5175877, 8.2460258], [80.5177709, 8.2448521], [80.5180844, 8.2446671], [80.5182562, 8.244679], [80.5184976, 8.2449457], [80.5185561, 8.2452687], [80.5187677, 8.2457592], [80.5189854, 8.2456641], [80.5189054, 8.2468917], [80.5200323, 8.2473909], [80.52054, 8.2474033], [80.5206568, 8.2477111], [80.520976, 8.2478578], [80.5212118, 8.2477247], [80.5222054, 8.2479084], [80.523057, 8.2481499], [80.5232612, 8.2481971], [80.5241457, 8.2484587], [80.5246853, 8.2485049], [80.5250473, 8.2482594], [80.5255043, 8.2479097], [80.5255822, 8.2480236], [80.5251273, 8.2484109], [80.5263659, 8.2481231], [80.5269, 8.2481787], [80.5271048, 8.2488263], [80.5272464, 8.2488047], [80.5273961, 8.2478887], [80.5280239, 8.2477268], [80.5281448, 8.2476262], [80.5274697, 8.2472925], [80.5281066, 8.2467827], [80.5283427, 8.2466289], [80.5289179, 8.246454], [80.5295771, 8.2462458], [80.5302625, 8.246049], [80.5307831, 8.2458728], [80.5316161, 8.2456218], [80.5321948, 8.2454605], [80.5323281, 8.2452259], [80.5322039, 8.2448694], [80.5309618, 8.2444862], [80.530254, 8.2443963], [80.5295219, 8.244812], [80.5289005, 8.2450945], [80.5282684, 8.2452982], [80.5278379, 8.24507], [80.5278539, 8.244343], [80.5282193, 8.2441811], [80.5286329, 8.2438211], [80.5287942, 8.2435662], [80.5287632, 8.2432806], [80.5287065, 8.2428656], [80.5286691, 8.2425773], [80.5282635, 8.2420611], [80.5280022, 8.2419421], [80.5277677, 8.2419244], [80.5274385, 8.2419917], [80.5268442, 8.2419496], [80.5261268, 8.2417261], [80.5257792, 8.2415939], [80.5248291, 8.2416312], [80.5235591, 8.2415114], [80.5235225, 8.241266], [80.5234603, 8.2410875], [80.523356, 8.2410795], [80.5231244, 8.2411589], [80.5229828, 8.2412982], [80.5223988, 8.2414428], [80.5220545, 8.2413759], [80.5217586, 8.2409275], [80.5212497, 8.2402707], [80.5202365, 8.2403374], [80.5201136, 8.2404704], [80.5196296, 8.240152], [80.519365, 8.239862], [80.5186668, 8.239605], [80.5183454, 8.2391634], [80.5179562, 8.2387896], [80.5177273, 8.2386993], [80.5175377, 8.2385667], [80.5172013, 8.2385412], [80.5168588, 8.2386502], [80.5164293, 8.2389385], [80.5145556, 8.2390567], [80.5141012, 8.2387991], [80.5137712, 8.2389002], [80.5137677, 8.2389002], [80.5131251, 8.2387923], [80.512916, 8.2386331], [80.5127135, 8.2382744], [80.5125019, 8.2377771], [80.5125023, 8.2372358], [80.5127416, 8.2365402], [80.5128969, 8.2362332], [80.5132965, 8.2357272], [80.5138439, 8.235162], [80.5153701, 8.2336835], [80.5155093, 8.2335681], [80.515649, 8.2333856], [80.5156658, 8.2331898], [80.5153641, 8.2330803], [80.5157101, 8.2328338], [80.5160502, 8.2324134], [80.516344, 8.2321012], [80.5166565, 8.2317013], [80.5163513, 8.2314779], [80.5160725, 8.2313896], [80.5159524, 8.2313869], [80.5153333, 8.2311242], [80.5150708, 8.2307535], [80.5148657, 8.2307617], [80.5144509, 8.2310627], [80.5137282, 8.2310489], [80.5131213, 8.2309439], [80.512955, 8.2309604], [80.5126237, 8.2312242], [80.5121826, 8.2313384], [80.5120814, 8.2312794], [80.511953, 8.2312485], [80.5119095, 8.2313356], [80.5119141, 8.2314439], [80.5117297, 8.23166], [80.5104568, 8.2325666], [80.5100663, 8.2323586], [80.509967, 8.2322232], [80.5098537, 8.2321744], [80.509651, 8.2321694], [80.5090903, 8.2318731], [80.5088739, 8.2318483], [80.5087195, 8.2318693], [80.508287, 8.2319931], [80.50784, 8.2322648], [80.5076945, 8.2326989], [80.5076597, 8.232936], [80.5079189, 8.2329953], [80.5079696, 8.2330669], [80.5080187, 8.2333283], [80.508362, 8.2337615], [80.5085534, 8.2338315], [80.5086321, 8.2339679], [80.5085864, 8.2340984], [80.5089187, 8.2347143], [80.5089022, 8.2348959], [80.5088703, 8.235113], [80.5088789, 8.2353067], [80.5089554, 8.2356021], [80.5087215, 8.2359154], [80.5085603, 8.2361924], [80.5081654, 8.2367754], [80.5080627, 8.237097], [80.5078088, 8.2386586], [80.5075432, 8.2388941], [80.5073728, 8.2388767], [80.5072889, 8.238827], [80.5071868, 8.2385655], [80.5070073, 8.2386872], [80.5069235, 8.2387867], [80.5067768, 8.2388139], [80.5066682, 8.2387461], [80.5065672, 8.2388356], [80.5051887, 8.2389239], [80.5034819, 8.2403497], [80.5032488, 8.2404522], [80.5025611, 8.2407876], [80.5023297, 8.2407928], [80.5020527, 8.2406126], [80.501824, 8.2405245], [80.5016184, 8.2404976], [80.5014703, 8.2403539], [80.5014151, 8.2400756], [80.5011596, 8.2401246], [80.5009857, 8.2400629], [80.5010018, 8.2398098], [80.5008764, 8.2395462], [80.5009223, 8.2389686], [80.5007512, 8.2387762], [80.500993, 8.2387133], [80.5002624, 8.2381644], [80.4996957, 8.237058], [80.4997486, 8.2367449], [80.4998301, 8.2365133], [80.4994365, 8.2352357], [80.4992284, 8.234233], [80.499022, 8.2339577], [80.4986955, 8.2338433], [80.4984139, 8.2339529], [80.4982794, 8.2344426], [80.4981555, 8.2346396], [80.497875, 8.2351192], [80.4978136, 8.2354932], [80.4977022, 8.2355635], [80.4974248, 8.236196], [80.4977909, 8.2364214], [80.4976647, 8.2370787], [80.4976482, 8.2376176], [80.4973389, 8.2383702], [80.4967938, 8.2393181], [80.4965549, 8.2396432], [80.4962354, 8.2398801], [80.4953903, 8.2403015], [80.494909, 8.2403425], [80.4933037, 8.2402877], [80.4929235, 8.2399031], [80.4927041, 8.2392106], [80.4925639, 8.2387326], [80.4923751, 8.2383181], [80.4921842, 8.2381963], [80.4918936, 8.2382899], [80.4915635, 8.2384384], [80.4913594, 8.2385575], [80.4911766, 8.2388615], [80.4910834, 8.2392059], [80.4910676, 8.2394547], [80.4910451, 8.2396592], [80.4910302, 8.2397972], [80.4909131, 8.2399698], [80.4907408, 8.2402058], [80.4907644, 8.2403587], [80.4907688, 8.2403709], [80.4907693, 8.2403913], [80.4908306, 8.240528], [80.4908063, 8.240719], [80.4908482, 8.2410061], [80.4907328, 8.2410557], [80.4905258, 8.2411697], [80.4902431, 8.2413941], [80.490134, 8.2416958], [80.4900173, 8.2418058], [80.4898828, 8.2417267], [80.4894805, 8.2414388], [80.4891866, 8.2405457], [80.4889866, 8.2400577], [80.4887396, 8.2395709], [80.4886442, 8.2392272], [80.4884222, 8.2382572], [80.4883873, 8.2374851], [80.4886587, 8.2360439], [80.4885851, 8.2356879], [80.4886731, 8.2354673], [80.4886643, 8.2352011], [80.4888955, 8.2346985], [80.4893464, 8.2339102], [80.48966, 8.2335372], [80.4899719, 8.2323591], [80.4903702, 8.2314481], [80.4905976, 8.2312351], [80.4907546, 8.2311619], [80.4912194, 8.2311029], [80.4912424, 8.2311265], [80.4915585, 8.2310984], [80.4919766, 8.230857], [80.4924616, 8.2303007], [80.4924782, 8.2294882], [80.4924092, 8.2286763], [80.4921536, 8.2288161], [80.4915513, 8.2296283], [80.49114, 8.2292138], [80.4915089, 8.2288467], [80.4918442, 8.2283577], [80.491867, 8.2280734], [80.4919476, 8.2276679], [80.4919713, 8.2272583], [80.492069, 8.2270125], [80.4922611, 8.2271336], [80.49254, 8.226979], [80.4929295, 8.2267558], [80.4931157, 8.2268669], [80.4935784, 8.227429], [80.4937708, 8.2275244], [80.4943094, 8.22729], [80.4946412, 8.2270839], [80.4949635, 8.2269963], [80.495457, 8.2266102], [80.4955981, 8.2261257], [80.4955567, 8.2258179], [80.4955128, 8.2256069], [80.4954519, 8.2253582], [80.4955582, 8.2250725], [80.4955369, 8.2245994], [80.4955537, 8.2241372], [80.4956549, 8.2239629], [80.4961869, 8.2232623], [80.4965876, 8.2226131], [80.4960244, 8.221765], [80.4958181, 8.2219391], [80.4956206, 8.222158], [80.4949915, 8.2217911], [80.4947796, 8.220997], [80.4941558, 8.2208109], [80.4936871, 8.221486], [80.4934247, 8.2217964], [80.4931301, 8.2221247], [80.4931081, 8.2221246], [80.4927917, 8.2226016], [80.4925334, 8.222984], [80.4924808, 8.2232789], [80.4924408, 8.2236406], [80.4924031, 8.2241607], [80.4926295, 8.2245292], [80.4929468, 8.2252591], [80.4926084, 8.2254758], [80.4922694, 8.2253689], [80.4915014, 8.2254711], [80.4908365, 8.2257849], [80.490675, 8.2259275], [80.4904087, 8.2261005], [80.4902289, 8.2260376], [80.4899574, 8.22499], [80.489711, 8.2246613], [80.4893889, 8.2241813], [80.489539, 8.2232646], [80.4893102, 8.2230779], [80.4890224, 8.2219307], [80.4886161, 8.2216988], [80.4881716, 8.2218858], [80.4877093, 8.2223892], [80.4873015, 8.2229897], [80.4866047, 8.2238049], [80.4865222, 8.2243902], [80.4867122, 8.2248442], [80.4869295, 8.2251446], [80.4866897, 8.2257079], [80.4864272, 8.2262403], [80.4860915, 8.2266171], [80.4858215, 8.2270783], [80.4855874, 8.2271951], [80.4851084, 8.227533], [80.4846946, 8.2279067], [80.4844767, 8.2283972], [80.4843265, 8.2287574], [80.4841977, 8.2290603], [80.4840529, 8.2294865], [80.4839121, 8.229791], [80.4838504, 8.2301628], [80.4837233, 8.2302968], [80.4835477, 8.230449], [80.4832956, 8.2306864], [80.483132, 8.231105], [80.4829989, 8.2314768], [80.482741, 8.2318756], [80.482367, 8.2323061], [80.4821829, 8.2325113], [80.4818675, 8.2329478], [80.4817545, 8.2334872], [80.481578, 8.2347582], [80.4816246, 8.235493], [80.4815715, 8.2359343], [80.481508, 8.2364083], [80.4813028, 8.2369292], [80.4810201, 8.2377194], [80.4808735, 8.238239], [80.4806235, 8.2385443], [80.4804108, 8.2387097], [80.4801496, 8.2387011], [80.4799776, 8.2386523], [80.4795863, 8.2383144], [80.4792483, 8.2379808], [80.47899, 8.2378215], [80.4787403, 8.2376223], [80.478453, 8.237639], [80.478189, 8.2377508], [80.4776974, 8.2379999], [80.4773409, 8.2378865], [80.4772976, 8.2371097], [80.4774486, 8.2363495], [80.4771686, 8.2357759], [80.4770081, 8.2351528], [80.476781, 8.2342258], [80.4768867, 8.2334876], [80.4771909, 8.232791], [80.4776765, 8.231866], [80.4774506, 8.2316176], [80.4770363, 8.2314241], [80.4767515, 8.2311555], [80.4765794, 8.230741], [80.476373, 8.2302231], [80.4747122, 8.2281291], [80.4744834, 8.2278309], [80.4740263, 8.2276514], [80.4735613, 8.2275814], [80.4731479, 8.2278562], [80.4729858, 8.2281641], [80.472695, 8.2282797], [80.4723979, 8.2282964], [80.4722622, 8.2285416], [80.4721926, 8.2289818], [80.4722862, 8.2298861], [80.4722192, 8.2300304], [80.4720859, 8.2301709], [80.4720278, 8.2305199], [80.4722167, 8.2310996], [80.472605, 8.2313487], [80.4729449, 8.2315556], [80.4732123, 8.2316883], [80.4733381, 8.2317628], [80.4733185, 8.2319262], [80.4734069, 8.2320022], [80.4736561, 8.2321046], [80.4733707, 8.2351496], [80.4732713, 8.2357205], [80.4730139, 8.2381439], [80.4729591, 8.2382941], [80.472913, 8.2383112], [80.4727769, 8.2382051], [80.4727837, 8.2370447], [80.4728501, 8.2367171], [80.4729414, 8.235925], [80.4728307, 8.2359368], [80.4726831, 8.2359374], [80.4725639, 8.2359894], [80.4724738, 8.2359327], [80.4723049, 8.2359781], [80.4722028, 8.2363524], [80.4719337, 8.2364332], [80.4719006, 8.2362758], [80.4718028, 8.2360335], [80.4717027, 8.2359077], [80.4715635, 8.2359017], [80.4714385, 8.2360791], [80.4713068, 8.2357713], [80.471275, 8.2354374], [80.4711169, 8.2345386], [80.470922, 8.2339233], [80.4709104, 8.2338994], [80.4705267, 8.2332609], [80.4701823, 8.2330472], [80.4696835, 8.2329776], [80.46907, 8.2328808], [80.468913, 8.23303], [80.4685235, 8.2335358], [80.4683026, 8.2336179], [80.4681658, 8.2339138], [80.4681558, 8.2341072], [80.4682574, 8.2342315], [80.4681712, 8.2344024], [80.4680902, 8.2345746], [80.4681266, 8.234711], [80.4682562, 8.2347994], [80.4683372, 8.2349435], [80.4683655, 8.2351038], [80.468325, 8.2352482], [80.4679973, 8.2358518], [80.4680524, 8.2362878], [80.4679673, 8.2365655], [80.467902, 8.2365987], [80.4678743, 8.2367686], [80.4679396, 8.2367452], [80.4679851, 8.2367238], [80.4680187, 8.2367356], [80.4680168, 8.2367923], [80.4679831, 8.2368568], [80.467869, 8.236953], [80.467825, 8.2371531], [80.4678908, 8.2373578], [80.4678015, 8.2374257], [80.4676078, 8.2374347], [80.4675506, 8.237514], [80.4675347, 8.2376617], [80.4675858, 8.237716], [80.4675996, 8.237782], [80.4675542, 8.2378479], [80.4674191, 8.2378703], [80.4674424, 8.2379682], [80.4674033, 8.2380225], [80.4673493, 8.238025], [80.4671142, 8.2381801], [80.4670929, 8.2383004], [80.4669773, 8.2384869], [80.4670327, 8.2387386], [80.4670998, 8.2387989], [80.4671202, 8.2391459], [80.4670356, 8.2393159], [80.4668974, 8.2393621], [80.4668993, 8.2394461], [80.4670274, 8.2396722], [80.4670253, 8.2397464], [80.4670647, 8.2398301], [80.46713, 8.239826], [80.4671339, 8.239826], [80.4671794, 8.2398844], [80.4671574, 8.2400659], [80.4671948, 8.2402219], [80.4671217, 8.240525], [80.4671492, 8.2407159], [80.4672196, 8.2407956], [80.4672137, 8.2408733], [80.4671171, 8.2409485], [80.4669351, 8.2412293], [80.4667082, 8.2414036], [80.4665303, 8.2413999], [80.4663649, 8.2413175], [80.4660003, 8.2413898], [80.4658226, 8.2413477], [80.4653467, 8.2410978], [80.4650692, 8.2410102], [80.4649169, 8.2410433], [80.4647749, 8.2410043], [80.4645862, 8.240828], [80.464369, 8.2407758], [80.4642833, 8.2408202], [80.4641834, 8.240742], [80.4641173, 8.2407396], [80.4640489, 8.2408132], [80.4637417, 8.240797], [80.4635929, 8.2407394], [80.463414, 8.2408005], [80.4632251, 8.2410147], [80.4628293, 8.2410809], [80.4626402, 8.2412548], [80.46266, 8.2414431], [80.4628234, 8.2417252], [80.4627325, 8.2419234], [80.4627428, 8.2420034], [80.4628203, 8.2420391], [80.4627817, 8.2423244], [80.4625859, 8.2425999], [80.4625975, 8.2426633], [80.4629024, 8.2423871], [80.4630953, 8.2425067], [80.463325, 8.2429679], [80.4633292, 8.2431218], [80.4635094, 8.243685], [80.4636928, 8.2438035], [80.4637803, 8.243811], [80.4638456, 8.2438422], [80.4638587, 8.2439491], [80.4638114, 8.2440442], [80.4638141, 8.2443002], [80.4639576, 8.2444363], [80.4640818, 8.2444412], [80.4642579, 8.2445656], [80.464426, 8.2447939], [80.4645923, 8.2447698], [80.4646481, 8.2448147], [80.4646841, 8.2451014], [80.4646237, 8.2451861], [80.4646144, 8.2452894], [80.464972, 8.2459679], [80.4648486, 8.2462155], [80.4651148, 8.2462719], [80.465342, 8.2463602], [80.4654872, 8.246518], [80.46562, 8.2464979], [80.4657818, 8.246199], [80.466022, 8.2460841], [80.4661833, 8.2462298], [80.4664442, 8.2462625], [80.4665017, 8.2459544], [80.4665782, 8.2458195], [80.4668092, 8.2457056], [80.4670892, 8.245701], [80.467473, 8.2457775], [80.4677076, 8.2457601], [80.4679129, 8.2456796], [80.4680131, 8.2455294], [80.4680226, 8.2454132], [80.4679179, 8.2453133], [80.4678984, 8.2451403], [80.4683191, 8.2448789], [80.468589, 8.2445871], [80.4686494, 8.2444152], [80.4687037, 8.2443106], [80.4687897, 8.2442172], [80.468881, 8.244148], [80.4691888, 8.2440822], [80.4692545, 8.2441182], [80.4693467, 8.2444004], [80.4694236, 8.244597], [80.4694338, 8.2447901], [80.4695098, 8.2450579], [80.4694553, 8.2451144], [80.4695296, 8.2453269], [80.4696093, 8.2459687], [80.4699449, 8.246095], [80.4700122, 8.2460314], [80.470288, 8.2455557], [80.4704601, 8.2455072], [80.4704843, 8.2454218], [80.4705505, 8.245365], [80.4706671, 8.24534], [80.4707529, 8.2452731], [80.4708252, 8.2452748], [80.4708712, 8.2453809], [80.4709368, 8.2453791], [80.4710169, 8.2451907], [80.4711347, 8.2451552], [80.471165, 8.2452873], [80.4711843, 8.2464458], [80.4709969, 8.2474859], [80.4709746, 8.2476447], [80.4708978, 8.247687], [80.4709203, 8.2478329], [80.4709553, 8.2478946], [80.4709315, 8.2479737], [80.4708722, 8.2480355], [80.4708737, 8.2481236], [80.4707773, 8.248221], [80.4707438, 8.2483736], [80.4706166, 8.2483783], [80.4705924, 8.2484329], [80.4706704, 8.2484531], [80.4706902, 8.2484898], [80.470672, 8.2486023], [80.4705958, 8.2487064], [80.4704874, 8.248677], [80.4704406, 8.2487884], [80.4704981, 8.2488004], [80.470549, 8.2487529], [80.470695, 8.2488212], [80.4706085, 8.2490079], [80.4705364, 8.249193], [80.4704601, 8.2492195], [80.4703998, 8.2491086], [80.470357, 8.2491433], [80.4704164, 8.2492853], [80.4703359, 8.2494042], [80.4702126, 8.2493645], [80.4701659, 8.2494443], [80.4700256, 8.2493577], [80.470027, 8.2491695], [80.4700412, 8.2491144], [80.4700925, 8.2490658], [80.470143, 8.2490512], [80.4701456, 8.2489699], [80.4700398, 8.2489839], [80.4700092, 8.2488935], [80.4700383, 8.2487994], [80.4700918, 8.2487663], [80.4701629, 8.2487828], [80.4701922, 8.2487432], [80.4700811, 8.2485321], [80.4698984, 8.24844], [80.469847, 8.2482935], [80.4698673, 8.2481522], [80.4699848, 8.2479069], [80.4698503, 8.2477122], [80.4697247, 8.2477782], [80.469446, 8.2479498], [80.4692838, 8.2481026], [80.4692747, 8.2482511], [80.4692186, 8.248332], [80.4689447, 8.2486807], [80.468944, 8.248784], [80.4687402, 8.2489903], [80.4686103, 8.2492733], [80.4685529, 8.2495594], [80.4686042, 8.2499139], [80.4692772, 8.2507089], [80.4692992, 8.2509105], [80.4692643, 8.2513726], [80.4693536, 8.2515134], [80.4693416, 8.2515692], [80.4691413, 8.2517668], [80.469257, 8.251894], [80.469288, 8.2523278], [80.4691993, 8.2523324], [80.4692047, 8.2524522], [80.4692994, 8.2524553], [80.4693279, 8.2526072], [80.4694336, 8.2530085], [80.46959, 8.2533515], [80.4697489, 8.2536256], [80.4699331, 8.2539466], [80.4701042, 8.2542779], [80.4702861, 8.2545222], [80.4704693, 8.2549842], [80.4707103, 8.2554481], [80.4713745, 8.2569261], [80.471793, 8.2578635], [80.4719078, 8.2581963], [80.4721789, 8.2588891], [80.4722964, 8.2591009], [80.4734577, 8.2621974], [80.4737379, 8.2628835], [80.4738058, 8.2630101], [80.4742566, 8.2641216], [80.474876, 8.2653636], [80.4749873, 8.2654842], [80.474984, 8.265537], [80.4749054, 8.2656045], [80.4750921, 8.2659123]]]}}, {"type": "Feature", "properties": {"tank_id": "32", "pond_name": "Irahandaketu Wewa", "total_ha": 11.85402044, "centroid": [80.5091745, 8.2850805], "bbox": [80.50696102200004, 8.28235961300004, 80.51138798200003, 8.287801289000072]}, "geometry": {"type": "Polygon", "coordinates": [[[80.5094194, 8.2867348], [80.5093258, 8.2865581], [80.5093005, 8.2865052], [80.5092803, 8.2864579], [80.5092667, 8.2864205], [80.5092561, 8.2863853], [80.5092485, 8.286352], [80.5092438, 8.2863205], [80.509242, 8.2862906], [80.5092432, 8.2862621], [80.5092472, 8.2862352], [80.5092543, 8.2862096], [80.5092702, 8.2861736], [80.5092959, 8.2861329], [80.5093896, 8.2860074], [80.5094448, 8.2859383], [80.5095153, 8.2858556], [80.5097163, 8.2856271], [80.509786, 8.2855525], [80.5098512, 8.2854883], [80.5099284, 8.2854179], [80.5100635, 8.2853], [80.5101349, 8.2852398], [80.5102126, 8.2851767], [80.5103469, 8.285072], [80.5105393, 8.2849258], [80.5107317, 8.2847796], [80.5108214, 8.2847083], [80.5110362, 8.2845332], [80.511148, 8.2844531], [80.5111884, 8.2844217], [80.5112234, 8.2843894], [80.5112537, 8.2843546], [80.5112901, 8.284306], [80.5113198, 8.2842588], [80.5113385, 8.2842223], [80.5113529, 8.2841868], [80.5113622, 8.2841549], [80.5113687, 8.2841188], [80.5113728, 8.2840786], [80.5113866, 8.2838814], [80.511388, 8.2838228], [80.5113858, 8.2837714], [80.5113785, 8.2837183], [80.5113645, 8.2836578], [80.5113249, 8.2835238], [80.5113003, 8.2834303], [80.5112588, 8.2832974], [80.5112427, 8.2832392], [80.5112302, 8.2831758], [80.5112271, 8.283147], [80.5112259, 8.2831197], [80.5112266, 8.2830947], [80.5112289, 8.2830729], [80.5112335, 8.2830515], [80.5112405, 8.2830288], [80.5112597, 8.2829834], [80.5113036, 8.2828978], [80.5113199, 8.282863], [80.5113333, 8.2828267], [80.5113408, 8.2827938], [80.5113427, 8.2827732], [80.5113426, 8.2827453], [80.511337, 8.2826853], [80.5113251, 8.2826278], [80.5113076, 8.2825737], [80.51129, 8.2825343], [80.5112665, 8.2824934], [80.5112392, 8.2824537], [80.5112336, 8.282447], [80.5112111, 8.28242], [80.5111849, 8.282395], [80.5111595, 8.2823769], [80.5111358, 8.2823662], [80.5111091, 8.2823605], [80.5110799, 8.2823596], [80.5110474, 8.2823634], [80.5110115, 8.2823719], [80.5109716, 8.2823852], [80.5109324, 8.2824012], [80.5108874, 8.282422], [80.5107628, 8.282484], [80.510722, 8.2825058], [80.5106678, 8.2825383], [80.5106167, 8.2825734], [80.5105694, 8.2826105], [80.5105265, 8.2826493], [80.5105044, 8.2826727], [80.5104818, 8.2827003], [80.5103991, 8.2828172], [80.5103606, 8.2828648], [80.5103185, 8.2829096], [80.510273, 8.2829544], [80.5102238, 8.2829994], [80.5101705, 8.2830449], [80.5100583, 8.2831329], [80.5100061, 8.2831711], [80.5099665, 8.2831974], [80.5098863, 8.2832438], [80.5097373, 8.2833208], [80.5096806, 8.2833516], [80.509625, 8.283385], [80.509577, 8.2834179], [80.5095409, 8.283447], [80.5095051, 8.2834823], [80.5094715, 8.2835204], [80.5093892, 8.28362], [80.5093422, 8.2836693], [80.5093157, 8.283692], [80.5092896, 8.2837106], [80.509264, 8.2837248], [80.5092346, 8.2837374], [80.5092013, 8.2837492], [80.5091671, 8.2837592], [80.5091325, 8.2837674], [80.509098, 8.2837735], [80.5090642, 8.2837776], [80.5090312, 8.2837795], [80.5089995, 8.2837793], [80.5089692, 8.283777], [80.5089269, 8.2837694], [80.5088829, 8.2837547], [80.5087606, 8.2837011], [80.5086817, 8.2836617], [80.5086451, 8.2836483], [80.5086185, 8.2836435], [80.5085823, 8.2836427], [80.5085476, 8.2836463], [80.5085122, 8.283654], [80.5085362, 8.2837856], [80.5085121, 8.2838693], [80.508428, 8.2839889], [80.5081755, 8.2843237], [80.5079831, 8.2847183], [80.5077546, 8.2852923], [80.5076673, 8.285574], [80.5074928, 8.2861358], [80.5074182, 8.2862697], [80.5073404, 8.2863576], [80.5072932, 8.2864108], [80.5071307, 8.2865405], [80.5070631, 8.2865898], [80.506961, 8.2866526], [80.5070087, 8.2866657], [80.5070564, 8.2866756], [80.5071041, 8.2866822], [80.5071519, 8.2866854], [80.5071848, 8.2866857], [80.507215, 8.2866835], [80.5073154, 8.2866682], [80.50735, 8.2866643], [80.5074258, 8.2866594], [80.5074971, 8.2866573], [80.5075798, 8.2866583], [80.5076437, 8.2866618], [80.5077083, 8.2866693], [80.5077729, 8.2866801], [80.5078276, 8.2866925], [80.5078782, 8.2867071], [80.5079256, 8.2867244], [80.5079663, 8.286743], [80.5079915, 8.2867583], [80.5080184, 8.286778], [80.5081059, 8.286853], [80.50814, 8.2868796], [80.5081761, 8.2869018], [80.508212, 8.2869169], [80.5082536, 8.2869276], [80.5083019, 8.286934], [80.5083505, 8.2869365], [80.5084768, 8.2869383], [80.5085128, 8.2869408], [80.5085447, 8.2869448], [80.5085773, 8.2869516], [80.5086532, 8.2869724], [80.5086979, 8.286987], [80.5087363, 8.287002], [80.5087686, 8.2870176], [80.5088, 8.287036], [80.5088323, 8.2870582], [80.5088656, 8.2870845], [80.5089089, 8.287123], [80.5089603, 8.2871733], [80.5089877, 8.2872025], [80.509015, 8.2872351], [80.5090687, 8.2873084], [80.5091622, 8.2874495], [80.5091817, 8.2874791], [80.5092078, 8.2875275], [80.5092549, 8.2876316], [80.5092759, 8.2876737], [80.5093009, 8.2877137], [80.509327, 8.2877441], [80.5093492, 8.2877622], [80.509373, 8.2877755], [80.5094186, 8.287792], [80.5094539, 8.2878002], [80.5094768, 8.2878013], [80.5094956, 8.2877977], [80.5095146, 8.2877883], [80.5095341, 8.2877728], [80.5095514, 8.2877545], [80.5095697, 8.287731], [80.5095969, 8.2876907], [80.5096088, 8.2876695], [80.5096195, 8.2876453], [80.5096289, 8.287618], [80.5096371, 8.2875873], [80.5096446, 8.2875517], [80.5096579, 8.2874651], [80.5096608, 8.2874267], [80.5096615, 8.2873865], [80.5096602, 8.2873421], [80.5096565, 8.2872954], [80.5096506, 8.2872455], [80.5096479, 8.2872288], [80.5096425, 8.2871944], [80.5096289, 8.2871296], [80.509612, 8.2870675], [80.5095917, 8.2870085], [80.5095691, 8.2869554], [80.5095535, 8.2869268], [80.509534, 8.2868961], [80.5094512, 8.2867836], [80.5094194, 8.2867348]]]}}]}