tank_id,pond_name,date,year,month,water_ha,total_ha,fill_pct,sensor_used,s2_date,day_gap,volume_mcm,volume_confidence,record_status,last_updated
22,Alittana Wewa,1/3/2021,2021,1,19.06393932,50.55054523,37.71262849,S1_SAR_fallback,,0,0.287990712,"Sri Lanka small-tank power law (Telivarai Kulam), Imbulana ceiling-capped",validated_2021_2025,
22,Alittana Wewa,1/15/2021,2021,1,24.8481698,50.55054523,49.15509751,S1_SAR_fallback,,0,0.388899261,"Sri Lanka small-tank power law (Telivarai Kulam), Imbulana ceiling-capped",validated_2021_2025,
22,Alittana Wewa,1/27/2021,2021,1,24.30659695,50.55054523,48.08374833,S2_MNDWI,1/25/2021,2,0.380423093,"Sri Lanka small-tank power law (Telivarai Kulam), Imbulana ceiling-capped",validated_2021_2025,
22,Alittana Wewa,2/8/2021,2021,2,25.78553181,50.55054523,51.00940394,S2_MNDWI,2/9/2021,1,0.403569935,"Sri Lanka small-tank power law (Telivarai Kulam), Imbulana ceiling-capped",validated_2021_2025,
22,Alittana Wewa,2/20/2021,2021,2,19.56430553,50.55054523,38.70246195,S1_SAR_fallback,,0,0.297439848,"Sri Lanka small-tank power law (Telivarai Kulam), Imbulana ceiling-capped",validated_2021_2025,
22,Alittana Wewa,3/4/2021,2021,3,18.9919735,50.55054523,37.5702644,S2_MNDWI,3/1/2021,3,0.286636654,"Sri Lanka small-tank power law (Telivarai Kulam), Imbulana ceiling-capped",validated_2021_2025,
22,Alittana Wewa,3/16/2021,2021,3,20.69513216,50.55054523,40.93948358,S1_SAR_fallback,,0,0.319012926,"Sri Lanka small-tank power law (Telivarai Kulam), Imbulana ceiling-capped",validated_2021_2025,
22,Alittana Wewa,3/28/2021,2021,3,16.0988919,50.55054523,31.84711821,S2_MNDWI,3/31/2021,3,0.233289502,"Sri Lanka small-tank power law (Telivarai Kulam), Imbulana ceiling-capped",validated_2021_2025,
22,Alittana Wewa,4/9/2021,2021,4,19.74443725,50.55054523,39.05880175,S1_SAR_fallback,,0,0.3008562,"Sri Lanka small-tank power law (Telivarai Kulam), Imbulana ceiling-capped",validated_2021_2025,
22,Alittana Wewa,4/21/2021,2021,4,20.35488367,50.55054523,40.26639787,S1_SAR_fallback,,0,0.312490633,"Sri Lanka small-tank power law (Telivarai Kulam), Imbulana ceiling-capped",validated_2021_2025,
22,Alittana Wewa,5/3/2021,2021,5,19.53428359,50.55054523,38.643072,S1_SAR_fallback,,0,0.296871206,"Sri Lanka small-tank power law (Telivarai Kulam), Imbulana ceiling-capped",validated_2021_2025,
22,Alittana Wewa,5/15/2021,2021,5,18.11324446,50.55054523,35.83194677,S1_SAR_fallback,,0,0.270206005,"Sri Lanka small-tank power law (Telivarai Kulam), Imbulana ceiling-capped",validated_2021_2025,
22,Alittana Wewa,5/27/2021,2021,5,17.54282762,50.55054523,34.70353789,S1_SAR_fallback,,0,0.259644189,"Sri Lanka small-tank power law (Telivarai Kulam), Imbulana ceiling-capped",validated_2021_2025,
22,Alittana Wewa,6/8/2021,2021,6,16.09176673,50.55054523,31.83302307,S1_SAR_fallback,,0,0.233160849,"Sri Lanka small-tank power law (Telivarai Kulam), Imbulana ceiling-capped",validated_2021_2025,
22,Alittana Wewa,6/14/2021,2021,6,16.1918403,50.55054523,32.03099042,S1_SAR_fallback,,0,0.234969064,"Sri Lanka small-tank power law (Telivarai Kulam), Imbulana ceiling-capped",validated_2021_2025,
22,Alittana Wewa,6/20/2021,2021,6,5.605600166,50.55054523,11.08909932,S2_MNDWI,6/19/2021,1,0.062657395,"Sri Lanka small-tank power law (Telivarai Kulam), Imbulana ceiling-capped",validated_2021_2025,
22,Alittana Wewa,7/2/2021,2021,7,13.42982022,50.55054523,26.5671125,S1_SAR_fallback,,0,0.186121395,"Sri Lanka small-tank power law (Telivarai Kulam), Imbulana ceiling-capped",validated_2021_2025,
22,Alittana Wewa,7/14/2021,2021,7,13.55991543,50.55054523,26.82446918,S1_SAR_fallback,,0,0.188370712,"Sri Lanka small-tank power law (Telivarai Kulam), Imbulana ceiling-capped",validated_2021_2025,
22,Alittana Wewa,7/26/2021,2021,7,13.64998146,50.55054523,27.00263943,S1_SAR_fallback,,0,0.18993105,"Sri Lanka small-tank power law (Telivarai Kulam), Imbulana ceiling-capped",validated_2021_2025,
22,Alittana Wewa,8/7/2021,2021,8,13.6499815,50.55054523,27.00263951,S1_SAR_fallback,,0,0.189931051,"Sri Lanka small-tank power law (Telivarai Kulam), Imbulana ceiling-capped",validated_2021_2025,
22,Alittana Wewa,8/19/2021,2021,8,12.70929341,50.55054523,25.14175338,S1_SAR_fallback,,0,0.17376172,"Sri Lanka small-tank power law (Telivarai Kulam), Imbulana ceiling-capped",validated_2021_2025,
22,Alittana Wewa,8/31/2021,2021,8,12.97949088,50.55054523,25.67626289,S1_SAR_fallback,,0,0.178376911,"Sri Lanka small-tank power law (Telivarai Kulam), Imbulana ceiling-capped",validated_2021_2025,
22,Alittana Wewa,9/12/2021,2021,9,11.92872256,50.55054523,23.59761404,S1_SAR_fallback,,0,0.160565629,"Sri Lanka small-tank power law (Telivarai Kulam), Imbulana ceiling-capped",validated_2021_2025,
22,Alittana Wewa,9/24/2021,2021,9,11.3182762,50.55054523,22.39001804,S1_SAR_fallback,,0,0.150392048,"Sri Lanka small-tank power law (Telivarai Kulam), Imbulana ceiling-capped",validated_2021_2025,
22,Alittana Wewa,10/6/2021,2021,10,9.376856464,50.55054523,18.54946652,S1_SAR_fallback,,0,0.118957321,"Sri Lanka small-tank power law (Telivarai Kulam), Imbulana ceiling-capped",validated_2021_2025,
22,Alittana Wewa,10/18/2021,2021,10,8.216007977,50.55054523,16.25305511,S1_SAR_fallback,,0,0.100895187,"Sri Lanka small-tank power law (Telivarai Kulam), Imbulana ceiling-capped",validated_2021_2025,
22,Alittana Wewa,10/30/2021,2021,10,8.61630075,50.55054523,17.0449215,S1_SAR_fallback,,0,0.107056867,"Sri Lanka small-tank power law (Telivarai Kulam), Imbulana ceiling-capped",validated_2021_2025,
22,Alittana Wewa,11/17/2021,2021,11,17.80301916,50.55054523,35.2182535,S1_SAR_fallback,,0,0.264451567,"Sri Lanka small-tank power law (Telivarai Kulam), Imbulana ceiling-capped",validated_2021_2025,
22,Alittana Wewa,11/23/2021,2021,11,7.401545491,50.55054523,14.64187074,S2_MNDWI,11/21/2021,2,0.088588016,"Sri Lanka small-tank power law (Telivarai Kulam), Imbulana ceiling-capped",validated_2021_2025,
22,Alittana Wewa,12/5/2021,2021,12,9.917252114,50.55054523,19.61848694,S1_SAR_fallback,,0,0.127559696,"Sri Lanka small-tank power law (Telivarai Kulam), Imbulana ceiling-capped",validated_2021_2025,
22,Alittana Wewa,12/17/2021,2021,12,7.995847057,50.55054523,15.81752881,S1_SAR_fallback,,0,0.097537402,"Sri Lanka small-tank power law (Telivarai Kulam), Imbulana ceiling-capped",validated_2021_2025,
22,Alittana Wewa,12/29/2021,2021,12,7.095188669,50.55054523,14.03583015,S1_SAR_fallback,,0,0.084042468,"Sri Lanka small-tank power law (Telivarai Kulam), Imbulana ceiling-capped",validated_2021_2025,
22,Alittana Wewa,1/10/2022,2022,1,13.70001845,50.55054523,27.10162351,S1_SAR_fallback,,0,0.190799007,"Sri Lanka small-tank power law (Telivarai Kulam), Imbulana ceiling-capped",validated_2021_2025,
22,Alittana Wewa,1/22/2022,2022,1,6.59791965,50.55054523,13.05212361,S2_MNDWI,1/20/2022,2,0.076767294,"Sri Lanka small-tank power law (Telivarai Kulam), Imbulana ceiling-capped",validated_2021_2025,
22,Alittana Wewa,2/3/2022,2022,2,11.48658879,50.55054523,22.72297704,S2_MNDWI,2/4/2022,1,0.153183944,"Sri Lanka small-tank power law (Telivarai Kulam), Imbulana ceiling-capped",validated_2021_2025,
22,Alittana Wewa,2/15/2022,2022,2,20.58505297,50.55054523,40.72172293,S1_SAR_fallback,,0,0.316899886,"Sri Lanka small-tank power law (Telivarai Kulam), Imbulana ceiling-capped",validated_2021_2025,
22,Alittana Wewa,2/27/2022,2022,2,19.54429183,50.55054523,38.66287047,S1_SAR_fallback,,0,0.297060747,"Sri Lanka small-tank power law (Telivarai Kulam), Imbulana ceiling-capped",validated_2021_2025,
22,Alittana Wewa,3/11/2022,2022,3,19.43421137,50.55054523,38.44510734,S1_SAR_fallback,,0,0.294977306,"Sri Lanka small-tank power law (Telivarai Kulam), Imbulana ceiling-capped",validated_2021_2025,
22,Alittana Wewa,3/23/2022,2022,3,25.66401501,50.55054523,50.76901721,S2_MNDWI,3/21/2022,2,0.401668073,"Sri Lanka small-tank power law (Telivarai Kulam), Imbulana ceiling-capped",validated_2021_2025,
22,Alittana Wewa,4/4/2022,2022,4,18.4635014,50.55054523,36.52483136,S1_SAR_fallback,,0,0.276732195,"Sri Lanka small-tank power law (Telivarai Kulam), Imbulana ceiling-capped",validated_2021_2025,
22,Alittana Wewa,4/16/2022,2022,4,18.63362588,50.55054523,36.86137468,S1_SAR_fallback,,0,0.279913099,"Sri Lanka small-tank power law (Telivarai Kulam), Imbulana ceiling-capped",validated_2021_2025,
22,Alittana Wewa,4/28/2022,2022,4,15.10104246,50.55054523,29.87315447,S1_SAR_fallback,,0,0.215410919,"Sri Lanka small-tank power law (Telivarai Kulam), Imbulana ceiling-capped",validated_2021_2025,
22,Alittana Wewa,5/10/2022,2022,5,10.28752296,50.55054523,20.3509634,S1_SAR_fallback,,0,0.13352127,"Sri Lanka small-tank power law (Telivarai Kulam), Imbulana ceiling-capped",validated_2021_2025,
22,Alittana Wewa,5/22/2022,2022,5,8.316081327,50.55054523,16.45102202,S1_SAR_fallback,,0,0.102428828,"Sri Lanka small-tank power law (Telivarai Kulam), Imbulana ceiling-capped",validated_2021_2025,
22,Alittana Wewa,6/3/2022,2022,6,6.90504963,50.55054523,13.65969368,S1_SAR_fallback,,0,0.08124536,"Sri Lanka small-tank power law (Telivarai Kulam), Imbulana ceiling-capped",validated_2021_2025,
22,Alittana Wewa,6/15/2022,2022,6,5.333900761,50.55054523,10.55161866,S1_SAR_fallback,,0,0.058895941,"Sri Lanka small-tank power law (Telivarai Kulam), Imbulana ceiling-capped",validated_2021_2025,
22,Alittana Wewa,6/27/2022,2022,6,1.239130216,50.55054523,2.451269735,S2_MNDWI,6/29/2022,2,0.009553405,"Sri Lanka small-tank power law (Telivarai Kulam), Imbulana ceiling-capped",validated_2021_2025,
22,Alittana Wewa,7/9/2022,2022,7,2.491822373,50.55054523,4.929367946,S1_SAR_fallback,,0,0.02281498,"Sri Lanka small-tank power law (Telivarai Kulam), Imbulana ceiling-capped",validated_2021_2025,
22,Alittana Wewa,7/21/2022,2022,7,2.02147833,50.55054523,3.99892488,S1_SAR_fallback,,0,0.01757988,"Sri Lanka small-tank power law (Telivarai Kulam), Imbulana ceiling-capped",validated_2021_2025,
22,Alittana Wewa,8/2/2022,2022,8,1.310958775,50.55054523,2.593362284,S1_SAR_fallback,,0,0.010248315,"Sri Lanka small-tank power law (Telivarai Kulam), Imbulana ceiling-capped",validated_2021_2025,
22,Alittana Wewa,8/14/2022,2022,8,1.651207594,50.55054523,3.266448634,S1_SAR_fallback,,0,0.013662362,"Sri Lanka small-tank power law (Telivarai Kulam), Imbulana ceiling-capped",validated_2021_2025,
22,Alittana Wewa,8/26/2022,2022,8,1.240907513,50.55054523,2.454785615,S1_SAR_fallback,,0,0.009570483,"Sri Lanka small-tank power law (Telivarai Kulam), Imbulana ceiling-capped",validated_2021_2025,
22,Alittana Wewa,9/7/2022,2022,9,1.060775812,50.55054523,2.098445837,S1_SAR_fallback,,0,0.007871471,"Sri Lanka small-tank power law (Telivarai Kulam), Imbulana ceiling-capped",validated_2021_2025,
22,Alittana Wewa,9/19/2022,2022,9,1.000731899,50.55054523,1.979665886,S1_SAR_fallback,,0,0.007320195,"Sri Lanka small-tank power law (Telivarai Kulam), Imbulana ceiling-capped",validated_2021_2025,
22,Alittana Wewa,10/1/2022,2022,10,0.640468415,50.55054523,1.266986166,S1_SAR_fallback,,0,0.004197655,"Sri Lanka small-tank power law (Telivarai Kulam), Imbulana ceiling-capped",validated_2021_2025,
22,Alittana Wewa,10/13/2022,2022,10,0.73053429,50.55054523,1.445156103,S1_SAR_fallback,,0,0.004945515,"Sri Lanka small-tank power law (Telivarai Kulam), Imbulana ceiling-capped",validated_2021_2025,
22,Alittana Wewa,10/25/2022,2022,10,0.757245428,50.55054523,1.497996558,S2_MNDWI,10/27/2022,2,0.005171845,"Sri Lanka small-tank power law (Telivarai Kulam), Imbulana ceiling-capped",validated_2021_2025,
22,Alittana Wewa,11/6/2022,2022,11,0.490358622,50.55054523,0.970036267,S1_SAR_fallback,,0,0.003009408,"Sri Lanka small-tank power law (Telivarai Kulam), Imbulana ceiling-capped",validated_2021_2025,
22,Alittana Wewa,11/18/2022,2022,11,3.972905585,50.55054523,7.859273461,S1_SAR_fallback,,0,0.040800509,"Sri Lanka small-tank power law (Telivarai Kulam), Imbulana ceiling-capped",validated_2021_2025,
22,Alittana Wewa,11/30/2022,2022,11,1.050768477,50.55054523,2.078649146,S1_SAR_fallback,,0,0.007779045,"Sri Lanka small-tank power law (Telivarai Kulam), Imbulana ceiling-capped",validated_2021_2025,
22,Alittana Wewa,12/12/2022,2022,12,4.10300035,50.55054523,8.11662927,S1_SAR_fallback,,0,0.04247197,"Sri Lanka small-tank power law (Telivarai Kulam), Imbulana ceiling-capped",validated_2021_2025,
22,Alittana Wewa,12/24/2022,2022,12,17.75298194,50.55054523,35.11926896,S1_SAR_fallback,,0,0.263525713,"Sri Lanka small-tank power law (Telivarai Kulam), Imbulana ceiling-capped",validated_2021_2025,
22,Alittana Wewa,1/5/2023,2023,1,16.04173065,50.55054523,31.73404081,S1_SAR_fallback,,0,0.232257791,"Sri Lanka small-tank power law (Telivarai Kulam), Imbulana ceiling-capped",validated_2021_2025,
22,Alittana Wewa,1/17/2023,2023,1,16.14180369,50.55054523,31.93200709,S1_SAR_fallback,,0,0.234064615,"Sri Lanka small-tank power law (Telivarai Kulam), Imbulana ceiling-capped",validated_2021_2025,
22,Alittana Wewa,1/29/2023,2023,1,15.82156959,50.55054523,31.29851423,S1_SAR_fallback,,0,0.228292545,"Sri Lanka small-tank power law (Telivarai Kulam), Imbulana ceiling-capped",validated_2021_2025,
22,Alittana Wewa,2/10/2023,2023,2,14.5406327,50.55054523,28.76454177,S1_SAR_fallback,,0,0.205495591,"Sri Lanka small-tank power law (Telivarai Kulam), Imbulana ceiling-capped",validated_2021_2025,
22,Alittana Wewa,2/22/2023,2023,2,13.96020852,50.55054523,27.61633621,S1_SAR_fallback,,0,0.195324872,"Sri Lanka small-tank power law (Telivarai Kulam), Imbulana ceiling-capped",validated_2021_2025,
22,Alittana Wewa,3/6/2023,2023,3,12.58920574,50.55054523,24.90419379,S1_SAR_fallback,,0,0.171718233,"Sri Lanka small-tank power law (Telivarai Kulam), Imbulana ceiling-capped",validated_2021_2025,
22,Alittana Wewa,3/18/2023,2023,3,11.72857646,50.55054523,23.20168142,S1_SAR_fallback,,0,0.157215577,"Sri Lanka small-tank power law (Telivarai Kulam), Imbulana ceiling-capped",validated_2021_2025,
22,Alittana Wewa,3/30/2023,2023,3,11.46838637,50.55054523,22.6869687,S1_SAR_fallback,,0,0.152881522,"Sri Lanka small-tank power law (Telivarai Kulam), Imbulana ceiling-capped",validated_2021_2025,
22,Alittana Wewa,4/11/2023,2023,4,9.006586151,50.55054523,17.81699111,S1_SAR_fallback,,0,0.113132758,"Sri Lanka small-tank power law (Telivarai Kulam), Imbulana ceiling-capped",validated_2021_2025,
22,Alittana Wewa,4/23/2023,2023,4,7.285327213,50.55054523,14.41196565,S1_SAR_fallback,,0,0.086858076,"Sri Lanka small-tank power law (Telivarai Kulam), Imbulana ceiling-capped",validated_2021_2025,
22,Alittana Wewa,5/5/2023,2023,5,7.095188409,50.55054523,14.03582964,S1_SAR_fallback,,0,0.084042464,"Sri Lanka small-tank power law (Telivarai Kulam), Imbulana ceiling-capped",validated_2021_2025,
22,Alittana Wewa,5/17/2023,2023,5,6.054427262,50.55054523,11.97697717,S1_SAR_fallback,,0,0.068969171,"Sri Lanka small-tank power law (Telivarai Kulam), Imbulana ceiling-capped",validated_2021_2025,
22,Alittana Wewa,5/29/2023,2023,5,4.703439377,50.55054523,9.304428578,S1_SAR_fallback,,0,0.050351521,"Sri Lanka small-tank power law (Telivarai Kulam), Imbulana ceiling-capped",validated_2021_2025,
22,Alittana Wewa,6/10/2023,2023,6,3.072246526,50.55054523,6.077573471,S1_SAR_fallback,,0,0.029616767,"Sri Lanka small-tank power law (Telivarai Kulam), Imbulana ceiling-capped",validated_2021_2025,
22,Alittana Wewa,6/22/2023,2023,6,2.061507441,50.55054523,4.078111189,S1_SAR_fallback,,0,0.018014712,"Sri Lanka small-tank power law (Telivarai Kulam), Imbulana ceiling-capped",validated_2021_2025,
22,Alittana Wewa,7/4/2023,2023,7,1.391017185,50.55054523,2.751735276,S1_SAR_fallback,,0,0.011033949,"Sri Lanka small-tank power law (Telivarai Kulam), Imbulana ceiling-capped",validated_2021_2025,
22,Alittana Wewa,7/16/2023,2023,7,0.564138031,50.55054523,1.115988024,S1_SAR_fallback,,0,0.003583704,"Sri Lanka small-tank power law (Telivarai Kulam), Imbulana ceiling-capped",validated_2021_2025,
22,Alittana Wewa,7/28/2023,2023,7,0.068840317,50.55054523,0.136181156,S2_MNDWI,7/29/2023,1,0.000260605,"Sri Lanka small-tank power law (Telivarai Kulam), Imbulana ceiling-capped",validated_2021_2025,
22,Alittana Wewa,8/9/2023,2023,8,0.500365934,50.55054523,0.989832912,S1_SAR_fallback,,0,0.00308613,"Sri Lanka small-tank power law (Telivarai Kulam), Imbulana ceiling-capped",validated_2021_2025,
22,Alittana Wewa,9/2/2023,2023,9,2.972173701,50.55054523,5.879607603,S1_SAR_fallback,,0,0.028419513,"Sri Lanka small-tank power law (Telivarai Kulam), Imbulana ceiling-capped",validated_2021_2025,
22,Alittana Wewa,9/14/2023,2023,9,3.522576259,50.55054523,6.968423867,S1_SAR_fallback,,0,0.035120477,"Sri Lanka small-tank power law (Telivarai Kulam), Imbulana ceiling-capped",validated_2021_2025,
22,Alittana Wewa,9/26/2023,2023,9,4.293924543,50.55054523,8.49431895,S1_SAR_fallback,,0,0.044948594,"Sri Lanka small-tank power law (Telivarai Kulam), Imbulana ceiling-capped",validated_2021_2025,
22,Alittana Wewa,10/8/2023,2023,10,2.912129892,50.55054523,5.760827858,S1_SAR_fallback,,0,0.027705886,"Sri Lanka small-tank power law (Telivarai Kulam), Imbulana ceiling-capped",validated_2021_2025,
22,Alittana Wewa,10/20/2023,2023,10,11.06809326,50.55054523,21.89510165,S1_SAR_fallback,,0,0.146261003,"Sri Lanka small-tank power law (Telivarai Kulam), Imbulana ceiling-capped",validated_2021_2025,
22,Alittana Wewa,11/1/2023,2023,11,12.42908817,50.55054523,24.58744632,S1_SAR_fallback,,0,0.169001032,"Sri Lanka small-tank power law (Telivarai Kulam), Imbulana ceiling-capped",validated_2021_2025,
22,Alittana Wewa,11/13/2023,2023,11,30.2414861,50.55054523,59.82425305,S1_SAR_fallback,,0,0.473310175,"Sri Lanka small-tank power law (Telivarai Kulam), Imbulana ceiling-capped",validated_2021_2025,
22,Alittana Wewa,11/25/2023,2023,11,28.51084779,50.55054523,56.40067314,S1_SAR_fallback,,0,0.446223917,"Sri Lanka small-tank power law (Telivarai Kulam), Imbulana ceiling-capped",validated_2021_2025,
22,Alittana Wewa,12/7/2023,2023,12,28.24065009,50.55054523,55.8661632,S1_SAR_fallback,,0,0.441995046,"Sri Lanka small-tank power law (Telivarai Kulam), Imbulana ceiling-capped",validated_2021_2025,
22,Alittana Wewa,12/19/2023,2023,12,27.39002787,50.55054523,54.18344697,S1_SAR_fallback,,0,0.428681939,"Sri Lanka small-tank power law (Telivarai Kulam), Imbulana ceiling-capped",validated_2021_2025,
22,Alittana Wewa,12/31/2023,2023,12,27.29996209,50.55054523,54.00527722,S1_SAR_fallback,,0,0.427272317,"Sri Lanka small-tank power law (Telivarai Kulam), Imbulana ceiling-capped",validated_2021_2025,
22,Alittana Wewa,1/12/2024,2024,1,26.97972798,50.55054523,53.37178434,S1_SAR_fallback,,0,0.422260326,"Sri Lanka small-tank power law (Telivarai Kulam), Imbulana ceiling-capped",validated_2021_2025,
22,Alittana Wewa,1/24/2024,2024,1,22.8453332,50.55054523,45.19305005,S2_MNDWI,1/25/2024,1,0.357552821,"Sri Lanka small-tank power law (Telivarai Kulam), Imbulana ceiling-capped",validated_2021_2025,
22,Alittana Wewa,2/5/2024,2024,2,24.80814029,50.55054523,49.07591042,S1_SAR_fallback,,0,0.388272759,"Sri Lanka small-tank power law (Telivarai Kulam), Imbulana ceiling-capped",validated_2021_2025,
22,Alittana Wewa,2/17/2024,2024,2,25.52866717,50.55054523,50.50126969,S1_SAR_fallback,,0,0.399549741,"Sri Lanka small-tank power law (Telivarai Kulam), Imbulana ceiling-capped",validated_2021_2025,
22,Alittana Wewa,2/29/2024,2024,2,26.30923744,50.55054523,52.04540786,S1_SAR_fallback,,0,0.411766464,"Sri Lanka small-tank power law (Telivarai Kulam), Imbulana ceiling-capped",validated_2021_2025,
22,Alittana Wewa,3/12/2024,2024,3,26.38569143,50.55054523,52.19665052,S2_MNDWI,3/10/2024,2,0.412963047,"Sri Lanka small-tank power law (Telivarai Kulam), Imbulana ceiling-capped",validated_2021_2025,
22,Alittana Wewa,3/24/2024,2024,3,25.92895933,50.55054523,51.29313485,S1_SAR_fallback,,0,0.405814723,"Sri Lanka small-tank power law (Telivarai Kulam), Imbulana ceiling-capped",validated_2021_2025,
22,Alittana Wewa,4/5/2024,2024,4,25.37855669,50.55054523,50.20431842,S1_SAR_fallback,,0,0.397200359,"Sri Lanka small-tank power law (Telivarai Kulam), Imbulana ceiling-capped",validated_2021_2025,
22,Alittana Wewa,4/17/2024,2024,4,24.35781045,50.55054523,48.18505981,S1_SAR_fallback,,0,0.381224636,"Sri Lanka small-tank power law (Telivarai Kulam), Imbulana ceiling-capped",validated_2021_2025,
22,Alittana Wewa,4/29/2024,2024,4,23.25700538,50.55054523,46.00742737,S1_SAR_fallback,,0,0.363995912,"Sri Lanka small-tank power law (Telivarai Kulam), Imbulana ceiling-capped",validated_2021_2025,
22,Alittana Wewa,5/11/2024,2024,5,21.11543934,50.55054523,41.77094282,S1_SAR_fallback,,0,0.327106353,"Sri Lanka small-tank power law (Telivarai Kulam), Imbulana ceiling-capped",validated_2021_2025,
22,Alittana Wewa,5/23/2024,2024,5,21.37563064,50.55054523,42.28565793,S1_SAR_fallback,,0,0.332136546,"Sri Lanka small-tank power law (Telivarai Kulam), Imbulana ceiling-capped",validated_2021_2025,
22,Alittana Wewa,6/4/2024,2024,6,24.41785464,50.55054523,48.30384031,S1_SAR_fallback,,0,0.382164389,"Sri Lanka small-tank power law (Telivarai Kulam), Imbulana ceiling-capped",validated_2021_2025,
22,Alittana Wewa,6/16/2024,2024,6,23.06686691,50.55054523,45.63129202,S1_SAR_fallback,,0,0.36102005,"Sri Lanka small-tank power law (Telivarai Kulam), Imbulana ceiling-capped",validated_2021_2025,
22,Alittana Wewa,7/10/2024,2024,7,20.50499305,50.55054523,40.56334697,S1_SAR_fallback,,0,0.31536483,"Sri Lanka small-tank power law (Telivarai Kulam), Imbulana ceiling-capped",validated_2021_2025,
22,Alittana Wewa,7/22/2024,2024,7,20.37489795,50.55054523,40.30599048,S1_SAR_fallback,,0,0.312873553,"Sri Lanka small-tank power law (Telivarai Kulam), Imbulana ceiling-capped",validated_2021_2025,
22,Alittana Wewa,8/3/2024,2024,8,19.18402705,50.55054523,37.9501882,S1_SAR_fallback,,0,0.290252998,"Sri Lanka small-tank power law (Telivarai Kulam), Imbulana ceiling-capped",validated_2021_2025,
22,Alittana Wewa,8/15/2024,2024,8,20.43494191,50.55054523,40.42477052,S1_SAR_fallback,,0,0.31402289,"Sri Lanka small-tank power law (Telivarai Kulam), Imbulana ceiling-capped",validated_2021_2025,
22,Alittana Wewa,8/27/2024,2024,8,17.322666,50.55054523,34.2680102,S1_SAR_fallback,,0,0.255590089,"Sri Lanka small-tank power law (Telivarai Kulam), Imbulana ceiling-capped",validated_2021_2025,
22,Alittana Wewa,9/20/2024,2024,9,14.69027099,50.55054523,29.06055894,S1_SAR_fallback,,0,0.208134092,"Sri Lanka small-tank power law (Telivarai Kulam), Imbulana ceiling-capped",validated_2021_2025,
22,Alittana Wewa,10/2/2024,2024,10,7.472134002,50.55054523,14.7815102,S2_MNDWI,10/1/2024,1,0.089642018,"Sri Lanka small-tank power law (Telivarai Kulam), Imbulana ceiling-capped",validated_2021_2025,
22,Alittana Wewa,10/14/2024,2024,10,12.0087809,50.55054523,23.7559869,S1_SAR_fallback,,0,0.161909539,"Sri Lanka small-tank power law (Telivarai Kulam), Imbulana ceiling-capped",validated_2021_2025,
22,Alittana Wewa,10/26/2024,2024,10,9.516958778,50.55054523,18.82661945,S1_SAR_fallback,,0,0.121176135,"Sri Lanka small-tank power law (Telivarai Kulam), Imbulana ceiling-capped",validated_2021_2025,
22,Alittana Wewa,11/7/2024,2024,11,17.94312055,50.55054523,35.49540459,S1_SAR_fallback,,0,0.267047309,"Sri Lanka small-tank power law (Telivarai Kulam), Imbulana ceiling-capped",validated_2021_2025,
22,Alittana Wewa,11/19/2024,2024,11,17.39271802,50.55054523,34.40658837,S1_SAR_fallback,,0,0.256878674,"Sri Lanka small-tank power law (Telivarai Kulam), Imbulana ceiling-capped",validated_2021_2025,
22,Alittana Wewa,12/13/2024,2024,12,24.10762742,50.55054523,47.69014322,S1_SAR_fallback,,0,0.377309016,"Sri Lanka small-tank power law (Telivarai Kulam), Imbulana ceiling-capped",validated_2021_2025,
22,Alittana Wewa,12/25/2024,2024,12,24.27775204,50.55054523,48.02668681,S1_SAR_fallback,,0,0.37997164,"Sri Lanka small-tank power law (Telivarai Kulam), Imbulana ceiling-capped",validated_2021_2025,
22,Alittana Wewa,1/6/2025,2025,1,23.40711531,50.55054523,46.30437754,S1_SAR_fallback,,0,0.366345285,"Sri Lanka small-tank power law (Telivarai Kulam), Imbulana ceiling-capped",validated_2021_2025,
22,Alittana Wewa,1/18/2025,2025,1,23.81741588,50.55054523,47.11604153,S1_SAR_fallback,,0,0.372766909,"Sri Lanka small-tank power law (Telivarai Kulam), Imbulana ceiling-capped",validated_2021_2025,
22,Alittana Wewa,1/30/2025,2025,1,23.93750354,50.55054523,47.35360109,S1_SAR_fallback,,0,0.374646403,"Sri Lanka small-tank power law (Telivarai Kulam), Imbulana ceiling-capped",validated_2021_2025,
22,Alittana Wewa,2/11/2025,2025,2,23.86745245,50.55054523,47.21502477,S1_SAR_fallback,,0,0.373550032,"Sri Lanka small-tank power law (Telivarai Kulam), Imbulana ceiling-capped",validated_2021_2025,
22,Alittana Wewa,2/23/2025,2025,2,23.09688907,50.55054523,45.69068239,S1_SAR_fallback,,0,0.361489927,"Sri Lanka small-tank power law (Telivarai Kulam), Imbulana ceiling-capped",validated_2021_2025,
22,Alittana Wewa,3/7/2025,2025,3,15.09336447,50.55054523,29.85796572,S2_MNDWI,3/5/2025,2,0.215274452,"Sri Lanka small-tank power law (Telivarai Kulam), Imbulana ceiling-capped",validated_2021_2025,
22,Alittana Wewa,3/19/2025,2025,3,22.55649406,50.55054523,44.62166323,S1_SAR_fallback,,0,0.353032193,"Sri Lanka small-tank power law (Telivarai Kulam), Imbulana ceiling-capped",validated_2021_2025,
22,Alittana Wewa,3/31/2025,2025,3,20.97533802,50.55054523,41.49379185,S1_SAR_fallback,,0,0.324404119,"Sri Lanka small-tank power law (Telivarai Kulam), Imbulana ceiling-capped",validated_2021_2025,
22,Alittana Wewa,4/12/2025,2025,4,19.2841015,50.55054523,38.14815728,S1_SAR_fallback,,0,0.292140927,"Sri Lanka small-tank power law (Telivarai Kulam), Imbulana ceiling-capped",validated_2021_2025,
22,Alittana Wewa,4/24/2025,2025,4,15.07102137,50.55054523,29.81376621,S1_SAR_fallback,,0,0.214877427,"Sri Lanka small-tank power law (Telivarai Kulam), Imbulana ceiling-capped",validated_2021_2025,
22,Alittana Wewa,5/6/2025,2025,5,15.17109468,50.55054523,30.01173302,S1_SAR_fallback,,0,0.216656803,"Sri Lanka small-tank power law (Telivarai Kulam), Imbulana ceiling-capped",validated_2021_2025,
22,Alittana Wewa,5/18/2025,2025,5,12.90944076,50.55054523,25.53768847,S1_SAR_fallback,,0,0.177178107,"Sri Lanka small-tank power law (Telivarai Kulam), Imbulana ceiling-capped",validated_2021_2025,
22,Alittana Wewa,5/30/2025,2025,5,9.977296927,50.55054523,19.73726867,S1_SAR_fallback,,0,0.128522787,"Sri Lanka small-tank power law (Telivarai Kulam), Imbulana ceiling-capped",validated_2021_2025,
22,Alittana Wewa,6/11/2025,2025,6,10.18745062,50.55054523,20.15299849,S1_SAR_fallback,,0,0.131904756,"Sri Lanka small-tank power law (Telivarai Kulam), Imbulana ceiling-capped",validated_2021_2025,
22,Alittana Wewa,6/23/2025,2025,6,10.7178382,50.55054523,21.20222077,S1_SAR_fallback,,0,0.140516145,"Sri Lanka small-tank power law (Telivarai Kulam), Imbulana ceiling-capped",validated_2021_2025,
22,Alittana Wewa,7/5/2025,2025,7,10.4676553,50.55054523,20.70730445,S1_SAR_fallback,,0,0.136440773,"Sri Lanka small-tank power law (Telivarai Kulam), Imbulana ceiling-capped",validated_2021_2025,
22,Alittana Wewa,7/17/2025,2025,7,11.3382918,50.55054523,22.42961327,S1_SAR_fallback,,0,0.150723526,"Sri Lanka small-tank power law (Telivarai Kulam), Imbulana ceiling-capped",validated_2021_2025,
22,Alittana Wewa,7/29/2025,2025,7,2.252074862,50.55054523,4.455095097,S2_MNDWI,7/28/2025,1,0.020112883,"Sri Lanka small-tank power law (Telivarai Kulam), Imbulana ceiling-capped",validated_2021_2025,
22,Alittana Wewa,8/10/2025,2025,8,9.897237671,50.55054523,19.57889401,S1_SAR_fallback,,0,0.127238991,"Sri Lanka small-tank power law (Telivarai Kulam), Imbulana ceiling-capped",validated_2021_2025,
22,Alittana Wewa,8/22/2025,2025,8,4.336970532,50.55054523,8.579473303,S2_MNDWI,8/22/2025,0,0.045510774,"Sri Lanka small-tank power law (Telivarai Kulam), Imbulana ceiling-capped",validated_2021_2025,
22,Alittana Wewa,9/3/2025,2025,9,5.283864195,50.55054523,10.45263542,S1_SAR_fallback,,0,0.058208283,"Sri Lanka small-tank power law (Telivarai Kulam), Imbulana ceiling-capped",validated_2021_2025,
22,Alittana Wewa,9/15/2025,2025,9,6.93507137,50.55054523,13.71908322,S1_SAR_fallback,,0,0.08168576,"Sri Lanka small-tank power law (Telivarai Kulam), Imbulana ceiling-capped",validated_2021_2025,
22,Alittana Wewa,9/27/2025,2025,9,5.584083704,50.55054523,11.04653507,S1_SAR_fallback,,0,0.06235785,"Sri Lanka small-tank power law (Telivarai Kulam), Imbulana ceiling-capped",validated_2021_2025,
22,Alittana Wewa,10/9/2025,2025,10,5.664142596,50.55054523,11.20490901,S1_SAR_fallback,,0,0.063473835,"Sri Lanka small-tank power law (Telivarai Kulam), Imbulana ceiling-capped",validated_2021_2025,
22,Alittana Wewa,10/21/2025,2025,10,19.50426382,50.55054523,38.58368636,S1_SAR_fallback,,0,0.296302821,"Sri Lanka small-tank power law (Telivarai Kulam), Imbulana ceiling-capped",validated_2021_2025,
22,Alittana Wewa,11/2/2025,2025,11,7.523330829,50.55054523,14.88278869,S2_MNDWI,10/31/2025,2,0.090408007,"Sri Lanka small-tank power law (Telivarai Kulam), Imbulana ceiling-capped",validated_2021_2025,
22,Alittana Wewa,11/14/2025,2025,11,10.92799224,50.55054523,21.61795129,S1_SAR_fallback,,0,0.143957625,"Sri Lanka small-tank power law (Telivarai Kulam), Imbulana ceiling-capped",validated_2021_2025,
22,Alittana Wewa,11/26/2025,2025,11,13.18964556,50.55054523,26.09199465,S1_SAR_fallback,,0,0.18198293,"Sri Lanka small-tank power law (Telivarai Kulam), Imbulana ceiling-capped",validated_2021_2025,
22,Alittana Wewa,12/2/2025,2025,12,32.05708914,50.55054523,63.41591172,S1_SAR_fallback,,0,0.501726219,"Sri Lanka small-tank power law (Telivarai Kulam), Imbulana ceiling-capped",validated_2021_2025,
22,Alittana Wewa,12/8/2025,2025,12,26.48937058,50.55054523,52.40175048,S1_SAR_fallback,,0,0.414585732,"Sri Lanka small-tank power law (Telivarai Kulam), Imbulana ceiling-capped",validated_2021_2025,
22,Alittana Wewa,12/20/2025,2025,12,27.00975068,50.55054523,53.43117578,S1_SAR_fallback,,0,0.422730212,"Sri Lanka small-tank power law (Telivarai Kulam), Imbulana ceiling-capped",validated_2021_2025,
7,Amane Wewa,1/3/2021,2021,1,0.960699229,27.66009283,3.47323212,S1_SAR,,0,0.006957116,"Sri Lanka small-tank power law (Telivarai Kulam), Imbulana ceiling-capped",validated_2021_2025,
7,Amane Wewa,1/15/2021,2021,1,1.481078169,27.66009283,5.354566878,S1_SAR,,0,0.011931117,"Sri Lanka small-tank power law (Telivarai Kulam), Imbulana ceiling-capped",validated_2021_2025,
7,Amane Wewa,1/27/2021,2021,1,3.202331534,27.66009283,11.57744319,S1_SAR,,0,0.031187452,"Sri Lanka small-tank power law (Telivarai Kulam), Imbulana ceiling-capped",validated_2021_2025,
7,Amane Wewa,2/8/2021,2021,2,4.533300517,27.66009283,16.3893178,S1_SAR,,0,0.048092125,"Sri Lanka small-tank power law (Telivarai Kulam), Imbulana ceiling-capped",validated_2021_2025,
7,Amane Wewa,2/20/2021,2021,2,4.743453553,27.66009283,17.14908761,S1_SAR,,0,0.050885854,"Sri Lanka small-tank power law (Telivarai Kulam), Imbulana ceiling-capped",validated_2021_2025,
7,Amane Wewa,3/4/2021,2021,3,4.693417327,27.66009283,16.9681908,S1_SAR,,0,0.050217866,"Sri Lanka small-tank power law (Telivarai Kulam), Imbulana ceiling-capped",validated_2021_2025,
7,Amane Wewa,3/16/2021,2021,3,5.023657773,27.66009283,18.16211465,S1_SAR,,0,0.054658308,"Sri Lanka small-tank power law (Telivarai Kulam), Imbulana ceiling-capped",validated_2021_2025,
7,Amane Wewa,3/28/2021,2021,3,4.533300848,27.66009283,16.38931899,S1_SAR,,0,0.048092129,"Sri Lanka small-tank power law (Telivarai Kulam), Imbulana ceiling-capped",validated_2021_2025,
7,Amane Wewa,4/9/2021,2021,4,5.023657063,27.66009283,18.16211209,S1_SAR,,0,0.054658299,"Sri Lanka small-tank power law (Telivarai Kulam), Imbulana ceiling-capped",validated_2021_2025,
7,Amane Wewa,4/21/2021,2021,4,5.89429096,27.66009283,21.30972949,S1_SAR,,0,0.066703517,"Sri Lanka small-tank power law (Telivarai Kulam), Imbulana ceiling-capped",validated_2021_2025,
7,Amane Wewa,5/3/2021,2021,5,5.353897588,27.66009283,19.35603622,S1_SAR,,0,0.059171204,"Sri Lanka small-tank power law (Telivarai Kulam), Imbulana ceiling-capped",validated_2021_2025,
7,Amane Wewa,5/15/2021,2021,5,5.694145176,27.66009283,20.58613907,S1_SAR,,0,0.063893062,"Sri Lanka small-tank power law (Telivarai Kulam), Imbulana ceiling-capped",validated_2021_2025,
7,Amane Wewa,5/27/2021,2021,5,6.154480236,27.66009283,22.25039617,S1_SAR,,0,0.070392279,"Sri Lanka small-tank power law (Telivarai Kulam), Imbulana ceiling-capped",validated_2021_2025,
7,Amane Wewa,6/8/2021,2021,6,5.724167075,27.66009283,20.69467775,S1_SAR,,0,0.064313103,"Sri Lanka small-tank power law (Telivarai Kulam), Imbulana ceiling-capped",validated_2021_2025,
7,Amane Wewa,6/14/2021,2021,6,5.95433457,27.66009283,21.52680617,S1_SAR,,0,0.067551279,"Sri Lanka small-tank power law (Telivarai Kulam), Imbulana ceiling-capped",validated_2021_2025,
7,Amane Wewa,6/20/2021,2021,6,6.064414754,27.66009283,21.92478091,S1_SAR,,0,0.069110971,"Sri Lanka small-tank power law (Telivarai Kulam), Imbulana ceiling-capped",validated_2021_2025,
7,Amane Wewa,7/2/2021,2021,7,5.89429087,27.66009283,21.30972917,S1_SAR,,0,0.066703516,"Sri Lanka small-tank power law (Telivarai Kulam), Imbulana ceiling-capped",validated_2021_2025,
7,Amane Wewa,7/14/2021,2021,7,5.343890146,27.66009283,19.31985615,S1_SAR,,0,0.059033416,"Sri Lanka small-tank power law (Telivarai Kulam), Imbulana ceiling-capped",validated_2021_2025,
7,Amane Wewa,7/26/2021,2021,7,5.243817252,27.66009283,18.95806093,S1_SAR,,0,0.057659066,"Sri Lanka small-tank power law (Telivarai Kulam), Imbulana ceiling-capped",validated_2021_2025,
7,Amane Wewa,8/7/2021,2021,8,4.953605996,27.66009283,17.90885528,S1_SAR,,0,0.053710208,"Sri Lanka small-tank power law (Telivarai Kulam), Imbulana ceiling-capped",validated_2021_2025,
7,Amane Wewa,8/19/2021,2021,8,3.872819122,27.66009283,14.00146827,S1_SAR,,0,0.039523709,"Sri Lanka small-tank power law (Telivarai Kulam), Imbulana ceiling-capped",validated_2021_2025,
7,Amane Wewa,8/31/2021,2021,8,3.372454755,27.66009283,12.19249254,S1_SAR,,0,0.033265316,"Sri Lanka small-tank power law (Telivarai Kulam), Imbulana ceiling-capped",validated_2021_2025,
7,Amane Wewa,9/12/2021,2021,9,2.141558647,27.66009283,7.742413087,S1_SAR,,0,0.018890518,"Sri Lanka small-tank power law (Telivarai Kulam), Imbulana ceiling-capped",validated_2021_2025,
7,Amane Wewa,9/24/2021,2021,9,1.481077863,27.66009283,5.35456577,S1_SAR,,0,0.011931114,"Sri Lanka small-tank power law (Telivarai Kulam), Imbulana ceiling-capped",validated_2021_2025,
7,Amane Wewa,10/6/2021,2021,10,1.82132554,27.66009283,6.584668936,S1_SAR,,0,0.015438012,"Sri Lanka small-tank power law (Telivarai Kulam), Imbulana ceiling-capped",validated_2021_2025,
7,Amane Wewa,10/18/2021,2021,10,1.160844815,27.66009283,4.196821833,S1_SAR,,0,0.008807258,"Sri Lanka small-tank power law (Telivarai Kulam), Imbulana ceiling-capped",validated_2021_2025,
7,Amane Wewa,10/30/2021,2021,10,1.310954117,27.66009283,4.739514523,S1_SAR,,0,0.01024827,"Sri Lanka small-tank power law (Telivarai Kulam), Imbulana ceiling-capped",validated_2021_2025,
7,Amane Wewa,11/17/2021,2021,11,2.701966611,27.66009283,9.768465447,S1_SAR,,0,0.025236899,"Sri Lanka small-tank power law (Telivarai Kulam), Imbulana ceiling-capped",validated_2021_2025,
7,Amane Wewa,11/23/2021,2021,11,2.151565929,27.66009283,7.77859258,S1_SAR,,0,0.019000577,"Sri Lanka small-tank power law (Telivarai Kulam), Imbulana ceiling-capped",validated_2021_2025,
7,Amane Wewa,12/5/2021,2021,12,1.611172589,27.66009283,5.824899428,S1_SAR,,0,0.013250828,"Sri Lanka small-tank power law (Telivarai Kulam), Imbulana ceiling-capped",validated_2021_2025,
7,Amane Wewa,12/17/2021,2021,12,1.210881281,27.66009283,4.377719511,S1_SAR,,0,0.009282783,"Sri Lanka small-tank power law (Telivarai Kulam), Imbulana ceiling-capped",validated_2021_2025,
7,Amane Wewa,12/29/2021,2021,12,1.180859378,27.66009283,4.26918082,S1_SAR,,0,0.008996875,"Sri Lanka small-tank power law (Telivarai Kulam), Imbulana ceiling-capped",validated_2021_2025,
7,Amane Wewa,1/10/2022,2022,1,1.421034219,27.66009283,5.137488971,S1_SAR,,0,0.01133143,"Sri Lanka small-tank power law (Telivarai Kulam), Imbulana ceiling-capped",validated_2021_2025,
7,Amane Wewa,1/22/2022,2022,1,1.070779308,27.66009283,3.871206488,S1_SAR,,0,0.007964075,"Sri Lanka small-tank power law (Telivarai Kulam), Imbulana ceiling-capped",validated_2021_2025,
7,Amane Wewa,2/3/2022,2022,2,1.481077864,27.66009283,5.354565775,S1_SAR,,0,0.011931114,"Sri Lanka small-tank power law (Telivarai Kulam), Imbulana ceiling-capped",validated_2021_2025,
7,Amane Wewa,2/15/2022,2022,2,1.581150809,27.66009283,5.716361179,S1_SAR,,0,0.012943867,"Sri Lanka small-tank power law (Telivarai Kulam), Imbulana ceiling-capped",validated_2021_2025,
7,Amane Wewa,2/27/2022,2022,2,1.481078008,27.66009283,5.354566296,S1_SAR,,0,0.011931116,"Sri Lanka small-tank power law (Telivarai Kulam), Imbulana ceiling-capped",validated_2021_2025,
7,Amane Wewa,3/11/2022,2022,3,1.601165411,27.66009283,5.78872031,S1_SAR,,0,0.013148351,"Sri Lanka small-tank power law (Telivarai Kulam), Imbulana ceiling-capped",validated_2021_2025,
7,Amane Wewa,3/23/2022,2022,3,1.611172741,27.66009283,5.824899977,S1_SAR,,0,0.01325083,"Sri Lanka small-tank power law (Telivarai Kulam), Imbulana ceiling-capped",validated_2021_2025,
7,Amane Wewa,4/4/2022,2022,4,1.861354893,27.66009283,6.729387732,S1_SAR,,0,0.015861944,"Sri Lanka small-tank power law (Telivarai Kulam), Imbulana ceiling-capped",validated_2021_2025,
7,Amane Wewa,4/16/2022,2022,4,1.481078084,27.66009283,5.35456657,S1_SAR,,0,0.011931117,"Sri Lanka small-tank power law (Telivarai Kulam), Imbulana ceiling-capped",validated_2021_2025,
7,Amane Wewa,4/28/2022,2022,4,0.910662898,27.66009283,3.292334931,S1_SAR,,0,0.006508531,"Sri Lanka small-tank power law (Telivarai Kulam), Imbulana ceiling-capped",validated_2021_2025,
7,Amane Wewa,5/10/2022,2022,5,0.480349635,27.66009283,1.736616136,S1_SAR,,0,0.002933059,"Sri Lanka small-tank power law (Telivarai Kulam), Imbulana ceiling-capped",validated_2021_2025,
7,Amane Wewa,5/22/2022,2022,5,0.060043713,27.66009283,0.217077049,S1_SAR,,0,0.000219784,"Sri Lanka small-tank power law (Telivarai Kulam), Imbulana ceiling-capped",validated_2021_2025,
7,Amane Wewa,6/3/2022,2022,6,0.0,27.66009283,0.0,S1_SAR,,0,0.0,"Sri Lanka small-tank power law (Telivarai Kulam), Imbulana ceiling-capped",validated_2021_2025,
7,Amane Wewa,6/15/2022,2022,6,0.0,27.66009283,0.0,S1_SAR,,0,0.0,"Sri Lanka small-tank power law (Telivarai Kulam), Imbulana ceiling-capped",validated_2021_2025,
7,Amane Wewa,6/27/2022,2022,6,0.0,27.66009283,0.0,S1_SAR,,0,0.0,"Sri Lanka small-tank power law (Telivarai Kulam), Imbulana ceiling-capped",validated_2021_2025,
7,Amane Wewa,7/9/2022,2022,7,0.0,27.66009283,0.0,S1_SAR,,0,0.0,"Sri Lanka small-tank power law (Telivarai Kulam), Imbulana ceiling-capped",validated_2021_2025,
7,Amane Wewa,7/21/2022,2022,7,0.0,27.66009283,0.0,S1_SAR,,0,0.0,"Sri Lanka small-tank power law (Telivarai Kulam), Imbulana ceiling-capped",validated_2021_2025,
7,Amane Wewa,8/2/2022,2022,8,0.0,27.66009283,0.0,S1_SAR,,0,0.0,"Sri Lanka small-tank power law (Telivarai Kulam), Imbulana ceiling-capped",validated_2021_2025,
7,Amane Wewa,8/14/2022,2022,8,0.0,27.66009283,0.0,S1_SAR,,0,0.0,"Sri Lanka small-tank power law (Telivarai Kulam), Imbulana ceiling-capped",validated_2021_2025,
7,Amane Wewa,8/26/2022,2022,8,0.0,27.66009283,0.0,S1_SAR,,0,0.0,"Sri Lanka small-tank power law (Telivarai Kulam), Imbulana ceiling-capped",validated_2021_2025,
7,Amane Wewa,9/7/2022,2022,9,0.0,27.66009283,0.0,S1_SAR,,0,0.0,"Sri Lanka small-tank power law (Telivarai Kulam), Imbulana ceiling-capped",validated_2021_2025,
7,Amane Wewa,9/19/2022,2022,9,0.0,27.66009283,0.0,S1_SAR,,0,0.0,"Sri Lanka small-tank power law (Telivarai Kulam), Imbulana ceiling-capped",validated_2021_2025,
7,Amane Wewa,10/1/2022,2022,10,0.0,27.66009283,0.0,S1_SAR,,0,0.0,"Sri Lanka small-tank power law (Telivarai Kulam), Imbulana ceiling-capped",validated_2021_2025,
7,Amane Wewa,10/13/2022,2022,10,0.0,27.66009283,0.0,S1_SAR,,0,0.0,"Sri Lanka small-tank power law (Telivarai Kulam), Imbulana ceiling-capped",validated_2021_2025,
7,Amane Wewa,10/25/2022,2022,10,0.0,27.66009283,0.0,S1_SAR,,0,0.0,"Sri Lanka small-tank power law (Telivarai Kulam), Imbulana ceiling-capped",validated_2021_2025,
7,Amane Wewa,11/6/2022,2022,11,0.0,27.66009283,0.0,S1_SAR,,0,0.0,"Sri Lanka small-tank power law (Telivarai Kulam), Imbulana ceiling-capped",validated_2021_2025,
7,Amane Wewa,11/18/2022,2022,11,0.0,27.66009283,0.0,S1_SAR,,0,0.0,"Sri Lanka small-tank power law (Telivarai Kulam), Imbulana ceiling-capped",validated_2021_2025,
7,Amane Wewa,11/30/2022,2022,11,0.0,27.66009283,0.0,S1_SAR,,0,0.0,"Sri Lanka small-tank power law (Telivarai Kulam), Imbulana ceiling-capped",validated_2021_2025,
7,Amane Wewa,12/12/2022,2022,12,0.0,27.66009283,0.0,S1_SAR,,0,0.0,"Sri Lanka small-tank power law (Telivarai Kulam), Imbulana ceiling-capped",validated_2021_2025,
7,Amane Wewa,12/24/2022,2022,12,0.0,27.66009283,0.0,S1_SAR,,0,0.0,"Sri Lanka small-tank power law (Telivarai Kulam), Imbulana ceiling-capped",validated_2021_2025,
7,Amane Wewa,1/5/2023,2023,1,0.20014567,27.66009283,0.723590014,S1_SAR,,0,0.000985249,"Sri Lanka small-tank power law (Telivarai Kulam), Imbulana ceiling-capped",validated_2021_2025,
7,Amane Wewa,1/17/2023,2023,1,0.110080122,27.66009283,0.39797452,S1_SAR,,0,0.000467752,"Sri Lanka small-tank power law (Telivarai Kulam), Imbulana ceiling-capped",validated_2021_2025,
7,Amane Wewa,1/29/2023,2023,1,0.180131094,27.66009283,0.65123098,S1_SAR,,0,0.000864029,"Sri Lanka small-tank power law (Telivarai Kulam), Imbulana ceiling-capped",validated_2021_2025,
7,Amane Wewa,2/10/2023,2023,2,0.650473405,27.66009283,2.351667471,S1_SAR,,0,0.004279521,"Sri Lanka small-tank power law (Telivarai Kulam), Imbulana ceiling-capped",validated_2021_2025,
7,Amane Wewa,2/22/2023,2023,2,0.410298603,27.66009283,1.483359458,S1_SAR,,0,0.00241,"Sri Lanka small-tank power law (Telivarai Kulam), Imbulana ceiling-capped",validated_2021_2025,
7,Amane Wewa,3/6/2023,2023,3,0.530385973,27.66009283,1.917513353,S1_SAR,,0,0.003318528,"Sri Lanka small-tank power law (Telivarai Kulam), Imbulana ceiling-capped",validated_2021_2025,
7,Amane Wewa,3/18/2023,2023,3,0.450327729,27.66009283,1.628077432,S1_SAR,,0,0.002706416,"Sri Lanka small-tank power law (Telivarai Kulam), Imbulana ceiling-capped",validated_2021_2025,
7,Amane Wewa,3/30/2023,2023,3,0.180131089,27.66009283,0.651230963,S1_SAR,,0,0.000864029,"Sri Lanka small-tank power law (Telivarai Kulam), Imbulana ceiling-capped",validated_2021_2025,
7,Amane Wewa,4/11/2023,2023,4,0.040029138,27.66009283,0.144718018,S1_SAR,,0,0.000132608,"Sri Lanka small-tank power law (Telivarai Kulam), Imbulana ceiling-capped",validated_2021_2025,
7,Amane Wewa,4/23/2023,2023,4,0.49035687,27.66009283,1.772795458,S1_SAR,,0,0.003009395,"Sri Lanka small-tank power law (Telivarai Kulam), Imbulana ceiling-capped",validated_2021_2025,
7,Amane Wewa,5/5/2023,2023,5,0.36026215,27.66009283,1.302461825,S1_SAR,,0,0.002049446,"Sri Lanka small-tank power law (Telivarai Kulam), Imbulana ceiling-capped",validated_2021_2025,
7,Amane Wewa,5/17/2023,2023,5,1.09079385,27.66009283,3.943565398,S1_SAR,,0,0.008149993,"Sri Lanka small-tank power law (Telivarai Kulam), Imbulana ceiling-capped",validated_2021_2025,
7,Amane Wewa,5/29/2023,2023,5,0.65047337,27.66009283,2.351667344,S1_SAR,,0,0.004279521,"Sri Lanka small-tank power law (Telivarai Kulam), Imbulana ceiling-capped",validated_2021_2025,
7,Amane Wewa,6/10/2023,2023,6,0.61044426,27.66009283,2.206949428,S1_SAR,,0,0.003953883,"Sri Lanka small-tank power law (Telivarai Kulam), Imbulana ceiling-capped",validated_2021_2025,
7,Amane Wewa,6/22/2023,2023,6,0.750546239,27.66009283,2.713462475,S1_SAR,,0,0.005114894,"Sri Lanka small-tank power law (Telivarai Kulam), Imbulana ceiling-capped",validated_2021_2025,
7,Amane Wewa,7/4/2023,2023,7,0.430313161,27.66009283,1.555718428,S1_SAR,,0,0.00255736,"Sri Lanka small-tank power law (Telivarai Kulam), Imbulana ceiling-capped",validated_2021_2025,
7,Amane Wewa,7/16/2023,2023,7,1.000728384,27.66009283,3.617950199,S1_SAR,,0,0.007320163,"Sri Lanka small-tank power law (Telivarai Kulam), Imbulana ceiling-capped",validated_2021_2025,
7,Amane Wewa,7/28/2023,2023,7,1.791303896,27.66009283,6.476131178,S1_SAR,,0,0.015121566,"Sri Lanka small-tank power law (Telivarai Kulam), Imbulana ceiling-capped",validated_2021_2025,
7,Amane Wewa,8/9/2023,2023,8,1.711245651,27.66009283,6.186695257,S1_SAR,,0,0.014284117,"Sri Lanka small-tank power law (Telivarai Kulam), Imbulana ceiling-capped",validated_2021_2025,
7,Amane Wewa,9/2/2023,2023,9,1.140830383,27.66009283,4.124463321,S1_SAR,,0,0.008618446,"Sri Lanka small-tank power law (Telivarai Kulam), Imbulana ceiling-capped",validated_2021_2025,
7,Amane Wewa,9/14/2023,2023,9,0.270196619,27.66009283,0.976846394,S1_SAR,,0,0.001432031,"Sri Lanka small-tank power law (Telivarai Kulam), Imbulana ceiling-capped",validated_2021_2025,
7,Amane Wewa,9/26/2023,2023,9,0.310225768,27.66009283,1.121564451,S1_SAR,,0,0.001701042,"Sri Lanka small-tank power law (Telivarai Kulam), Imbulana ceiling-capped",validated_2021_2025,
7,Amane Wewa,10/8/2023,2023,10,0.350254874,27.66009283,1.266282351,S1_SAR,,0,0.001978752,"Sri Lanka small-tank power law (Telivarai Kulam), Imbulana ceiling-capped",validated_2021_2025,
7,Amane Wewa,10/20/2023,2023,10,0.320233022,27.66009283,1.157743842,S1_SAR,,0,0.001769686,"Sri Lanka small-tank power law (Telivarai Kulam), Imbulana ceiling-capped",validated_2021_2025,
7,Amane Wewa,11/1/2023,2023,11,0.110080106,27.66009283,0.397974462,S1_SAR,,0,0.000467752,"Sri Lanka small-tank power law (Telivarai Kulam), Imbulana ceiling-capped",validated_2021_2025,
7,Amane Wewa,11/13/2023,2023,11,2.051494039,27.66009283,7.416800991,S1_SAR,,0,0.017905741,"Sri Lanka small-tank power law (Telivarai Kulam), Imbulana ceiling-capped",validated_2021_2025,
7,Amane Wewa,11/25/2023,2023,11,0.180131149,27.66009283,0.651231179,S1_SAR,,0,0.000864029,"Sri Lanka small-tank power law (Telivarai Kulam), Imbulana ceiling-capped",validated_2021_2025,
7,Amane Wewa,12/7/2023,2023,12,0.0,27.66009283,0.0,S1_SAR,,0,0.0,"Sri Lanka small-tank power law (Telivarai Kulam), Imbulana ceiling-capped",validated_2021_2025,
7,Amane Wewa,12/19/2023,2023,12,0.170123837,27.66009283,0.615051575,S1_SAR,,0,0.00080463,"Sri Lanka small-tank power law (Telivarai Kulam), Imbulana ceiling-capped",validated_2021_2025,
7,Amane Wewa,12/31/2023,2023,12,0.500364181,27.66009283,1.80897506,S1_SAR,,0,0.003086116,"Sri Lanka small-tank power law (Telivarai Kulam), Imbulana ceiling-capped",validated_2021_2025,
7,Amane Wewa,1/12/2024,2024,1,0.460335131,27.66009283,1.664257361,S1_SAR,,0,0.002781563,"Sri Lanka small-tank power law (Telivarai Kulam), Imbulana ceiling-capped",validated_2021_2025,
7,Amane Wewa,1/24/2024,2024,1,0.360262309,27.66009283,1.302462398,S1_SAR,,0,0.002049448,"Sri Lanka small-tank power law (Telivarai Kulam), Imbulana ceiling-capped",validated_2021_2025,
7,Amane Wewa,2/5/2024,2024,2,0.480349684,27.66009283,1.736616312,S1_SAR,,0,0.002933059,"Sri Lanka small-tank power law (Telivarai Kulam), Imbulana ceiling-capped",validated_2021_2025,
7,Amane Wewa,2/17/2024,2024,2,0.390284161,27.66009283,1.411000907,S1_SAR,,0,0.002264401,"Sri Lanka small-tank power law (Telivarai Kulam), Imbulana ceiling-capped",validated_2021_2025,
7,Amane Wewa,2/29/2024,2024,2,1.030750443,27.66009283,3.726489458,S1_SAR,,0,0.007594814,"Sri Lanka small-tank power law (Telivarai Kulam), Imbulana ceiling-capped",validated_2021_2025,
7,Amane Wewa,3/12/2024,2024,3,0.390284177,27.66009283,1.411000965,S1_SAR,,0,0.002264401,"Sri Lanka small-tank power law (Telivarai Kulam), Imbulana ceiling-capped",validated_2021_2025,
7,Amane Wewa,3/24/2024,2024,3,0.770561033,27.66009283,2.785822295,S1_SAR,,0,0.005285412,"Sri Lanka small-tank power law (Telivarai Kulam), Imbulana ceiling-capped",validated_2021_2025,
7,Amane Wewa,4/5/2024,2024,4,0.260189414,27.66009283,0.940667176,S1_SAR,,0,0.001366246,"Sri Lanka small-tank power law (Telivarai Kulam), Imbulana ceiling-capped",validated_2021_2025,
7,Amane Wewa,4/17/2024,2024,4,0.360262333,27.66009283,1.302462487,S1_SAR,,0,0.002049448,"Sri Lanka small-tank power law (Telivarai Kulam), Imbulana ceiling-capped",validated_2021_2025,
7,Amane Wewa,4/29/2024,2024,4,0.18013115,27.66009283,0.651231184,S1_SAR,,0,0.000864029,"Sri Lanka small-tank power law (Telivarai Kulam), Imbulana ceiling-capped",validated_2021_2025,
7,Amane Wewa,5/11/2024,2024,5,0.180131148,27.66009283,0.651231176,S1_SAR,,0,0.000864029,"Sri Lanka small-tank power law (Telivarai Kulam), Imbulana ceiling-capped",validated_2021_2025,
7,Amane Wewa,5/23/2024,2024,5,0.010007288,27.66009283,0.036179516,S1_SAR,,0,2.36e-05,"Sri Lanka small-tank power law (Telivarai Kulam), Imbulana ceiling-capped",validated_2021_2025,
7,Amane Wewa,6/4/2024,2024,6,0.0,27.66009283,0.0,S1_SAR,,0,0.0,"Sri Lanka small-tank power law (Telivarai Kulam), Imbulana ceiling-capped",validated_2021_2025,
7,Amane Wewa,6/16/2024,2024,6,0.070050972,27.66009283,0.25325646,S1_SAR,,0,0.000266328,"Sri Lanka small-tank power law (Telivarai Kulam), Imbulana ceiling-capped",validated_2021_2025,
7,Amane Wewa,7/10/2024,2024,7,0.110080145,27.66009283,0.397974603,S1_SAR,,0,0.000467753,"Sri Lanka small-tank power law (Telivarai Kulam), Imbulana ceiling-capped",validated_2021_2025,
7,Amane Wewa,7/22/2024,2024,7,0.0,27.66009283,0.0,S1_SAR,,0,0.0,"Sri Lanka small-tank power law (Telivarai Kulam), Imbulana ceiling-capped",validated_2021_2025,
7,Amane Wewa,8/3/2024,2024,8,0.300218568,27.66009283,1.08538525,S1_SAR,,0,0.00163294,"Sri Lanka small-tank power law (Telivarai Kulam), Imbulana ceiling-capped",validated_2021_2025,
7,Amane Wewa,8/15/2024,2024,8,0.650473462,27.66009283,2.351667675,S1_SAR,,0,0.004279521,"Sri Lanka small-tank power law (Telivarai Kulam), Imbulana ceiling-capped",validated_2021_2025,
7,Amane Wewa,8/27/2024,2024,8,0.750546197,27.66009283,2.71346232,S1_SAR,,0,0.005114894,"Sri Lanka small-tank power law (Telivarai Kulam), Imbulana ceiling-capped",validated_2021_2025,
7,Amane Wewa,9/20/2024,2024,9,1.300946884,27.66009283,4.703335206,S1_SAR,,0,0.01015088,"Sri Lanka small-tank power law (Telivarai Kulam), Imbulana ceiling-capped",validated_2021_2025,
7,Amane Wewa,10/2/2024,2024,10,1.210881575,27.66009283,4.377720575,S1_SAR,,0,0.009282786,"Sri Lanka small-tank power law (Telivarai Kulam), Imbulana ceiling-capped",validated_2021_2025,
7,Amane Wewa,10/14/2024,2024,10,1.531114465,27.66009283,5.535463943,S1_SAR,,0,0.012435456,"Sri Lanka small-tank power law (Telivarai Kulam), Imbulana ceiling-capped",validated_2021_2025,
7,Amane Wewa,10/26/2024,2024,10,1.250910522,27.66009283,4.522437901,S1_SAR,,0,0.009666711,"Sri Lanka small-tank power law (Telivarai Kulam), Imbulana ceiling-capped",validated_2021_2025,
7,Amane Wewa,11/7/2024,2024,11,0.500364346,27.66009283,1.808975658,S1_SAR,,0,0.003086117,"Sri Lanka small-tank power law (Telivarai Kulam), Imbulana ceiling-capped",validated_2021_2025,
7,Amane Wewa,11/19/2024,2024,11,0.92067029,27.66009283,3.328514825,S1_SAR,,0,0.006597775,"Sri Lanka small-tank power law (Telivarai Kulam), Imbulana ceiling-capped",validated_2021_2025,
7,Amane Wewa,12/13/2024,2024,12,0.160116602,27.66009283,0.578872249,S1_SAR,,0,0.000746085,"Sri Lanka small-tank power law (Telivarai Kulam), Imbulana ceiling-capped",validated_2021_2025,
7,Amane Wewa,12/25/2024,2024,12,1.591158293,27.66009283,5.752541407,S1_SAR,,0,0.013046032,"Sri Lanka small-tank power law (Telivarai Kulam), Imbulana ceiling-capped",validated_2021_2025,
7,Amane Wewa,1/6/2025,2025,1,2.381734144,27.66009283,8.61072361,S1_SAR,,0,0.021565881,"Sri Lanka small-tank power law (Telivarai Kulam), Imbulana ceiling-capped",validated_2021_2025,
7,Amane Wewa,1/18/2025,2025,1,3.322418954,27.66009283,12.01159727,S1_SAR,,0,0.032651445,"Sri Lanka small-tank power law (Telivarai Kulam), Imbulana ceiling-capped",validated_2021_2025,
7,Amane Wewa,1/30/2025,2025,1,3.502550063,27.66009283,12.6628283,S1_SAR,,0,0.034871854,"Sri Lanka small-tank power law (Telivarai Kulam), Imbulana ceiling-capped",validated_2021_2025,
7,Amane Wewa,2/11/2025,2025,2,3.682681332,27.66009283,13.31405992,S1_SAR,,0,0.037120556,"Sri Lanka small-tank power law (Telivarai Kulam), Imbulana ceiling-capped",validated_2021_2025,
7,Amane Wewa,2/23/2025,2025,2,3.552586547,27.66009283,12.84372605,S1_SAR,,0,0.035493703,"Sri Lanka small-tank power law (Telivarai Kulam), Imbulana ceiling-capped",validated_2021_2025,
7,Amane Wewa,3/7/2025,2025,3,2.381734367,27.66009283,8.610724418,S1_SAR,,0,0.021565883,"Sri Lanka small-tank power law (Telivarai Kulam), Imbulana ceiling-capped",validated_2021_2025,
7,Amane Wewa,3/19/2025,2025,3,2.611901697,27.66009283,9.442852245,S1_SAR,,0,0.024193,"Sri Lanka small-tank power law (Telivarai Kulam), Imbulana ceiling-capped",validated_2021_2025,
7,Amane Wewa,3/31/2025,2025,3,3.702695786,27.66009283,13.38641851,S1_SAR,,0,0.03737211,"Sri Lanka small-tank power law (Telivarai Kulam), Imbulana ceiling-capped",validated_2021_2025,
7,Amane Wewa,4/12/2025,2025,4,4.83351869,27.66009283,17.47470162,S1_SAR,,0,0.052092597,"Sri Lanka small-tank power law (Telivarai Kulam), Imbulana ceiling-capped",validated_2021_2025,
7,Amane Wewa,4/24/2025,2025,4,5.063686302,27.66009283,18.30683047,S1_SAR,,0,0.05520153,"Sri Lanka small-tank power law (Telivarai Kulam), Imbulana ceiling-capped",validated_2021_2025,
7,Amane Wewa,5/6/2025,2025,5,4.062957964,27.66009283,14.68888044,S1_SAR,,0,0.041956095,"Sri Lanka small-tank power law (Telivarai Kulam), Imbulana ceiling-capped",validated_2021_2025,
7,Amane Wewa,5/18/2025,2025,5,5.063686109,27.66009283,18.30682977,S1_SAR,,0,0.055201528,"Sri Lanka small-tank power law (Telivarai Kulam), Imbulana ceiling-capped",validated_2021_2025,
7,Amane Wewa,5/30/2025,2025,5,5.594072474,27.66009283,20.22434454,S1_SAR,,0,0.062496875,"Sri Lanka small-tank power law (Telivarai Kulam), Imbulana ceiling-capped",validated_2021_2025,
7,Amane Wewa,6/11/2025,2025,6,5.39392666,27.66009283,19.500754,S1_SAR,,0,0.059722979,"Sri Lanka small-tank power law (Telivarai Kulam), Imbulana ceiling-capped",validated_2021_2025,
7,Amane Wewa,6/23/2025,2025,6,5.744181673,27.66009283,20.76703686,S1_SAR,,0,0.064593432,"Sri Lanka small-tank power law (Telivarai Kulam), Imbulana ceiling-capped",validated_2021_2025,
7,Amane Wewa,7/5/2025,2025,7,5.644108849,27.66009283,20.40524189,S1_SAR,,0,0.063194207,"Sri Lanka small-tank power law (Telivarai Kulam), Imbulana ceiling-capped",validated_2021_2025,
7,Amane Wewa,7/17/2025,2025,7,6.034392977,27.66009283,21.81624268,S1_SAR,,0,0.068684905,"Sri Lanka small-tank power law (Telivarai Kulam), Imbulana ceiling-capped",validated_2021_2025,
7,Amane Wewa,7/29/2025,2025,7,5.99436374,27.66009283,21.6715243,S1_SAR,,0,0.068117626,"Sri Lanka small-tank power law (Telivarai Kulam), Imbulana ceiling-capped",validated_2021_2025,
7,Amane Wewa,8/10/2025,2025,8,5.954334644,27.66009283,21.52680644,S1_SAR,,0,0.06755128,"Sri Lanka small-tank power law (Telivarai Kulam), Imbulana ceiling-capped",validated_2021_2025,
7,Amane Wewa,8/22/2025,2025,8,5.894290945,27.66009283,21.30972944,S1_SAR,,0,0.066703517,"Sri Lanka small-tank power law (Telivarai Kulam), Imbulana ceiling-capped",validated_2021_2025,
7,Amane Wewa,9/3/2025,2025,9,5.83424721,27.66009283,21.09265231,S1_SAR,,0,0.065857876,"Sri Lanka small-tank power law (Telivarai Kulam), Imbulana ceiling-capped",validated_2021_2025,
7,Amane Wewa,9/15/2025,2025,9,5.684137864,27.66009283,20.54995946,S1_SAR,,0,0.063753169,"Sri Lanka small-tank power law (Telivarai Kulam), Imbulana ceiling-capped",validated_2021_2025,
7,Amane Wewa,9/27/2025,2025,9,5.95433457,27.66009283,21.52680617,S1_SAR,,0,0.067551279,"Sri Lanka small-tank power law (Telivarai Kulam), Imbulana ceiling-capped",validated_2021_2025,
7,Amane Wewa,10/9/2025,2025,10,5.85426185,27.66009283,21.16501158,S1_SAR,,0,0.06613952,"Sri Lanka small-tank power law (Telivarai Kulam), Imbulana ceiling-capped",validated_2021_2025,
7,Amane Wewa,10/21/2025,2025,10,6.234538676,27.66009283,22.5398328,S1_SAR,,0,0.071535105,"Sri Lanka small-tank power law (Telivarai Kulam), Imbulana ceiling-capped",validated_2021_2025,
7,Amane Wewa,11/2/2025,2025,11,5.944327441,27.66009283,21.49062723,S1_SAR,,0,0.06740984,"Sri Lanka small-tank power law (Telivarai Kulam), Imbulana ceiling-capped",validated_2021_2025,
7,Amane Wewa,11/14/2025,2025,11,6.374640742,27.66009283,23.04634616,S1_SAR,,0,0.07354373,"Sri Lanka small-tank power law (Telivarai Kulam), Imbulana ceiling-capped",validated_2021_2025,
7,Amane Wewa,11/26/2025,2025,11,7.025114888,27.66009283,25.39801631,S1_SAR,,0,0.083009449,"Sri Lanka small-tank power law (Telivarai Kulam), Imbulana ceiling-capped",validated_2021_2025,
7,Amane Wewa,12/2/2025,2025,12,10.35192964,27.66009283,37.42550577,S1_SAR,,0,0.134563711,"Sri Lanka small-tank power law (Telivarai Kulam), Imbulana ceiling-capped",validated_2021_2025,
7,Amane Wewa,12/8/2025,2025,12,9.066601434,27.66009283,32.77863704,S1_SAR,,0,0.114072898,"Sri Lanka small-tank power law (Telivarai Kulam), Imbulana ceiling-capped",validated_2021_2025,
7,Amane Wewa,12/20/2025,2025,12,8.876462946,27.66009283,32.09122616,S1_SAR,,0,0.111099678,"Sri Lanka small-tank power law (Telivarai Kulam), Imbulana ceiling-capped",validated_2021_2025,
9,Ethiniwetuna Wewa,1/3/2021,2021,1,0.050037159,10.25058016,0.488139776,S1_SAR,,0,0.00017512,"Sri Lanka small-tank power law (Telivarai Kulam), Imbulana ceiling-capped",validated_2021_2025,
9,Ethiniwetuna Wewa,1/15/2021,2021,1,0.270200675,10.25058016,2.635954952,S1_SAR,,0,0.001432058,"Sri Lanka small-tank power law (Telivarai Kulam), Imbulana ceiling-capped",validated_2021_2025,
9,Ethiniwetuna Wewa,1/27/2021,2021,1,0.260193246,10.25058016,2.538327026,S1_SAR,,0,0.001366271,"Sri Lanka small-tank power law (Telivarai Kulam), Imbulana ceiling-capped",validated_2021_2025,
9,Ethiniwetuna Wewa,2/8/2021,2021,2,0.470349325,10.25058016,4.588514188,S1_SAR,,0,0.002857165,"Sri Lanka small-tank power law (Telivarai Kulam), Imbulana ceiling-capped",validated_2021_2025,
9,Ethiniwetuna Wewa,2/20/2021,2021,2,0.280208102,10.25058016,2.733582855,S1_SAR,,0,0.001498448,"Sri Lanka small-tank power law (Telivarai Kulam), Imbulana ceiling-capped",validated_2021_2025,
9,Ethiniwetuna Wewa,3/4/2021,2021,3,0.0,10.25058016,0.0,S1_SAR,,0,0.0,"Sri Lanka small-tank power law (Telivarai Kulam), Imbulana ceiling-capped",validated_2021_2025,
9,Ethiniwetuna Wewa,3/16/2021,2021,3,0.0,10.25058016,0.0,S1_SAR,,0,0.0,"Sri Lanka small-tank power law (Telivarai Kulam), Imbulana ceiling-capped",validated_2021_2025,
9,Ethiniwetuna Wewa,3/28/2021,2021,3,0.0,10.25058016,0.0,S1_SAR,,0,0.0,"Sri Lanka small-tank power law (Telivarai Kulam), Imbulana ceiling-capped",validated_2021_2025,
9,Ethiniwetuna Wewa,4/9/2021,2021,4,0.0,10.25058016,0.0,S1_SAR,,0,0.0,"Sri Lanka small-tank power law (Telivarai Kulam), Imbulana ceiling-capped",validated_2021_2025,
9,Ethiniwetuna Wewa,4/21/2021,2021,4,0.0,10.25058016,0.0,S1_SAR,,0,0.0,"Sri Lanka small-tank power law (Telivarai Kulam), Imbulana ceiling-capped",validated_2021_2025,
9,Ethiniwetuna Wewa,5/3/2021,2021,5,0.0,10.25058016,0.0,S1_SAR,,0,0.0,"Sri Lanka small-tank power law (Telivarai Kulam), Imbulana ceiling-capped",validated_2021_2025,
9,Ethiniwetuna Wewa,5/15/2021,2021,5,0.520386476,10.25058016,5.076653889,S1_SAR,,0,0.003240748,"Sri Lanka small-tank power law (Telivarai Kulam), Imbulana ceiling-capped",validated_2021_2025,
9,Ethiniwetuna Wewa,5/27/2021,2021,5,0.720535001,10.25058016,7.029211904,S1_SAR,,0,0.004861307,"Sri Lanka small-tank power law (Telivarai Kulam), Imbulana ceiling-capped",validated_2021_2025,
9,Ethiniwetuna Wewa,6/8/2021,2021,6,0.540401272,10.25058016,5.271909136,S1_SAR,,0,0.003396793,"Sri Lanka small-tank power law (Telivarai Kulam), Imbulana ceiling-capped",validated_2021_2025,
9,Ethiniwetuna Wewa,6/14/2021,2021,6,0.850631617,10.25058016,8.29837535,S1_SAR,,0,0.005978315,"Sri Lanka small-tank power law (Telivarai Kulam), Imbulana ceiling-capped",validated_2021_2025,
9,Ethiniwetuna Wewa,6/20/2021,2021,6,0.750557314,10.25058016,7.322095948,S1_SAR,,0,0.005114988,"Sri Lanka small-tank power law (Telivarai Kulam), Imbulana ceiling-capped",validated_2021_2025,
9,Ethiniwetuna Wewa,7/2/2021,2021,7,0.770572163,10.25058016,7.517351709,S1_SAR,,0,0.005285507,"Sri Lanka small-tank power law (Telivarai Kulam), Imbulana ceiling-capped",validated_2021_2025,
9,Ethiniwetuna Wewa,7/14/2021,2021,7,0.600445855,10.25058016,5.857676793,S1_SAR,,0,0.003873349,"Sri Lanka small-tank power law (Telivarai Kulam), Imbulana ceiling-capped",validated_2021_2025,
9,Ethiniwetuna Wewa,7/26/2021,2021,7,0.730542446,10.25058016,7.126839993,S1_SAR,,0,0.004945584,"Sri Lanka small-tank power law (Telivarai Kulam), Imbulana ceiling-capped",validated_2021_2025,
9,Ethiniwetuna Wewa,8/7/2021,2021,8,0.630468143,10.25058016,6.150560591,S1_SAR,,0,0.004116142,"Sri Lanka small-tank power law (Telivarai Kulam), Imbulana ceiling-capped",validated_2021_2025,
9,Ethiniwetuna Wewa,8/19/2021,2021,8,0.470349242,10.25058016,4.588513384,S1_SAR,,0,0.002857165,"Sri Lanka small-tank power law (Telivarai Kulam), Imbulana ceiling-capped",validated_2021_2025,
9,Ethiniwetuna Wewa,8/31/2021,2021,8,0.200148614,10.25058016,1.952558886,S1_SAR,,0,0.000985267,"Sri Lanka small-tank power law (Telivarai Kulam), Imbulana ceiling-capped",validated_2021_2025,
9,Ethiniwetuna Wewa,9/12/2021,2021,9,0.0,10.25058016,0.0,S1_SAR,,0,0.0,"Sri Lanka small-tank power law (Telivarai Kulam), Imbulana ceiling-capped",validated_2021_2025,
9,Ethiniwetuna Wewa,9/24/2021,2021,9,0.0,10.25058016,0.0,S1_SAR,,0,0.0,"Sri Lanka small-tank power law (Telivarai Kulam), Imbulana ceiling-capped",validated_2021_2025,
9,Ethiniwetuna Wewa,10/6/2021,2021,10,0.0,10.25058016,0.0,S1_SAR,,0,0.0,"Sri Lanka small-tank power law (Telivarai Kulam), Imbulana ceiling-capped",validated_2021_2025,
9,Ethiniwetuna Wewa,10/18/2021,2021,10,0.0,10.25058016,0.0,S1_SAR,,0,0.0,"Sri Lanka small-tank power law (Telivarai Kulam), Imbulana ceiling-capped",validated_2021_2025,
9,Ethiniwetuna Wewa,10/30/2021,2021,10,0.0,10.25058016,0.0,S1_SAR,,0,0.0,"Sri Lanka small-tank power law (Telivarai Kulam), Imbulana ceiling-capped",validated_2021_2025,
9,Ethiniwetuna Wewa,11/17/2021,2021,11,0.860639085,10.25058016,8.396003663,S1_SAR,,0,0.006066083,"Sri Lanka small-tank power law (Telivarai Kulam), Imbulana ceiling-capped",validated_2021_2025,
9,Ethiniwetuna Wewa,11/23/2021,2021,11,0.890661388,10.25058016,8.688887595,S1_SAR,,0,0.006330886,"Sri Lanka small-tank power law (Telivarai Kulam), Imbulana ceiling-capped",validated_2021_2025,
9,Ethiniwetuna Wewa,12/5/2021,2021,12,0.550408768,10.25058016,5.369537724,S1_SAR,,0,0.003475354,"Sri Lanka small-tank power law (Telivarai Kulam), Imbulana ceiling-capped",validated_2021_2025,
9,Ethiniwetuna Wewa,12/17/2021,2021,12,0.430319585,10.25058016,4.198002248,S1_SAR,,0,0.002557407,"Sri Lanka small-tank power law (Telivarai Kulam), Imbulana ceiling-capped",validated_2021_2025,
9,Ethiniwetuna Wewa,12/29/2021,2021,12,0.360267551,10.25058016,3.514606451,S1_SAR,,0,0.002049485,"Sri Lanka small-tank power law (Telivarai Kulam), Imbulana ceiling-capped",validated_2021_2025,
9,Ethiniwetuna Wewa,1/10/2022,2022,1,0.460341875,10.25058016,4.490886054,S1_SAR,,0,0.002781614,"Sri Lanka small-tank power law (Telivarai Kulam), Imbulana ceiling-capped",validated_2021_2025,
9,Ethiniwetuna Wewa,1/22/2022,2022,1,0.350260129,10.25058016,3.416978585,S1_SAR,,0,0.001978789,"Sri Lanka small-tank power law (Telivarai Kulam), Imbulana ceiling-capped",validated_2021_2025,
9,Ethiniwetuna Wewa,2/3/2022,2022,2,0.350260114,10.25058016,3.416978436,S1_SAR,,0,0.001978789,"Sri Lanka small-tank power law (Telivarai Kulam), Imbulana ceiling-capped",validated_2021_2025,
9,Ethiniwetuna Wewa,2/15/2022,2022,2,0.490364161,10.25058016,4.78376983,S1_SAR,,0,0.003009451,"Sri Lanka small-tank power law (Telivarai Kulam), Imbulana ceiling-capped",validated_2021_2025,
9,Ethiniwetuna Wewa,2/27/2022,2022,2,0.160118916,10.25058016,1.562047349,S1_SAR,,0,0.000746098,"Sri Lanka small-tank power law (Telivarai Kulam), Imbulana ceiling-capped",validated_2021_2025,
9,Ethiniwetuna Wewa,3/11/2022,2022,3,0.220163512,10.25058016,2.147815139,S1_SAR,,0,0.001109514,"Sri Lanka small-tank power law (Telivarai Kulam), Imbulana ceiling-capped",validated_2021_2025,
9,Ethiniwetuna Wewa,3/23/2022,2022,3,0.440327006,10.25058016,4.295630092,S1_SAR,,0,0.002631728,"Sri Lanka small-tank power law (Telivarai Kulam), Imbulana ceiling-capped",validated_2021_2025,
9,Ethiniwetuna Wewa,4/4/2022,2022,4,0.300223001,10.25058016,2.928839115,S1_SAR,,0,0.00163297,"Sri Lanka small-tank power law (Telivarai Kulam), Imbulana ceiling-capped",validated_2021_2025,
9,Ethiniwetuna Wewa,4/16/2022,2022,4,1.210899466,10.25058016,11.8129847,S1_SAR,,0,0.009282957,"Sri Lanka small-tank power law (Telivarai Kulam), Imbulana ceiling-capped",validated_2021_2025,
9,Ethiniwetuna Wewa,4/28/2022,2022,4,0.790587275,10.25058016,7.712610046,S1_SAR,,0,0.005457122,"Sri Lanka small-tank power law (Telivarai Kulam), Imbulana ceiling-capped",validated_2021_2025,
9,Ethiniwetuna Wewa,5/10/2022,2022,5,0.700520391,10.25058016,6.833958472,S1_SAR,,0,0.004693622,"Sri Lanka small-tank power law (Telivarai Kulam), Imbulana ceiling-capped",validated_2021_2025,
9,Ethiniwetuna Wewa,5/22/2022,2022,5,0.210156084,10.25058016,2.050187213,S1_SAR,,0,0.001047026,"Sri Lanka small-tank power law (Telivarai Kulam), Imbulana ceiling-capped",validated_2021_2025,
9,Ethiniwetuna Wewa,6/3/2022,2022,6,0.28020809,10.25058016,2.733582743,S1_SAR,,0,0.001498448,"Sri Lanka small-tank power law (Telivarai Kulam), Imbulana ceiling-capped",validated_2021_2025,
9,Ethiniwetuna Wewa,6/15/2022,2022,6,0.230170937,10.25058016,2.245443027,S1_SAR,,0,0.001172704,"Sri Lanka small-tank power law (Telivarai Kulam), Imbulana ceiling-capped",validated_2021_2025,
9,Ethiniwetuna Wewa,6/27/2022,2022,6,0.230170937,10.25058016,2.245443019,S1_SAR,,0,0.001172704,"Sri Lanka small-tank power law (Telivarai Kulam), Imbulana ceiling-capped",validated_2021_2025,
9,Ethiniwetuna Wewa,7/9/2022,2022,7,0.210156076,10.25058016,2.050187139,S1_SAR,,0,0.001047026,"Sri Lanka small-tank power law (Telivarai Kulam), Imbulana ceiling-capped",validated_2021_2025,
9,Ethiniwetuna Wewa,7/21/2022,2022,7,0.210156075,10.25058016,2.050187124,S1_SAR,,0,0.001047026,"Sri Lanka small-tank power law (Telivarai Kulam), Imbulana ceiling-capped",validated_2021_2025,
9,Ethiniwetuna Wewa,8/2/2022,2022,8,0.090066888,10.25058016,0.878651611,S1_SAR,,0,0.000364274,"Sri Lanka small-tank power law (Telivarai Kulam), Imbulana ceiling-capped",validated_2021_2025,
9,Ethiniwetuna Wewa,8/14/2022,2022,8,0.270200665,10.25058016,2.635954855,S1_SAR,,0,0.001432058,"Sri Lanka small-tank power law (Telivarai Kulam), Imbulana ceiling-capped",validated_2021_2025,
9,Ethiniwetuna Wewa,8/26/2022,2022,8,0.29021552,10.25058016,2.831210683,S1_SAR,,0,0.001565423,"Sri Lanka small-tank power law (Telivarai Kulam), Imbulana ceiling-capped",validated_2021_2025,
9,Ethiniwetuna Wewa,9/7/2022,2022,9,0.250185803,10.25058016,2.440698959,S1_SAR,,0,0.001301103,"Sri Lanka small-tank power law (Telivarai Kulam), Imbulana ceiling-capped",validated_2021_2025,
9,Ethiniwetuna Wewa,9/19/2022,2022,9,0.300222962,10.25058016,2.928838735,S1_SAR,,0,0.00163297,"Sri Lanka small-tank power law (Telivarai Kulam), Imbulana ceiling-capped",validated_2021_2025,
9,Ethiniwetuna Wewa,10/1/2022,2022,10,0.280208096,10.25058016,2.733582802,S1_SAR,,0,0.001498448,"Sri Lanka small-tank power law (Telivarai Kulam), Imbulana ceiling-capped",validated_2021_2025,
9,Ethiniwetuna Wewa,10/13/2022,2022,10,0.270200661,10.25058016,2.63595481,S1_SAR,,0,0.001432058,"Sri Lanka small-tank power law (Telivarai Kulam), Imbulana ceiling-capped",validated_2021_2025,
9,Ethiniwetuna Wewa,10/25/2022,2022,10,0.220163507,10.25058016,2.147815087,S1_SAR,,0,0.001109513,"Sri Lanka small-tank power law (Telivarai Kulam), Imbulana ceiling-capped",validated_2021_2025,
9,Ethiniwetuna Wewa,11/6/2022,2022,11,0.420312125,10.25058016,4.100374018,S1_SAR,,0,0.00248351,"Sri Lanka small-tank power law (Telivarai Kulam), Imbulana ceiling-capped",validated_2021_2025,
9,Ethiniwetuna Wewa,11/18/2022,2022,11,0.310230392,10.25058016,3.026466668,S1_SAR,,0,0.001701073,"Sri Lanka small-tank power law (Telivarai Kulam), Imbulana ceiling-capped",validated_2021_2025,
9,Ethiniwetuna Wewa,11/30/2022,2022,11,0.280208099,10.25058016,2.733582832,S1_SAR,,0,0.001498448,"Sri Lanka small-tank power law (Telivarai Kulam), Imbulana ceiling-capped",validated_2021_2025,
9,Ethiniwetuna Wewa,12/12/2022,2022,12,0.270200664,10.25058016,2.63595484,S1_SAR,,0,0.001432058,"Sri Lanka small-tank power law (Telivarai Kulam), Imbulana ceiling-capped",validated_2021_2025,
9,Ethiniwetuna Wewa,12/24/2022,2022,12,0.180133778,10.25058016,1.757303244,S1_SAR,,0,0.000864045,"Sri Lanka small-tank power law (Telivarai Kulam), Imbulana ceiling-capped",validated_2021_2025,
9,Ethiniwetuna Wewa,1/5/2023,2023,1,0.200148641,10.25058016,1.952559154,S1_SAR,,0,0.000985267,"Sri Lanka small-tank power law (Telivarai Kulam), Imbulana ceiling-capped",validated_2021_2025,
9,Ethiniwetuna Wewa,1/17/2023,2023,1,0.360267542,10.25058016,3.514606361,S1_SAR,,0,0.002049485,"Sri Lanka small-tank power law (Telivarai Kulam), Imbulana ceiling-capped",validated_2021_2025,
9,Ethiniwetuna Wewa,1/29/2023,2023,1,0.250185802,10.25058016,2.440698952,S1_SAR,,0,0.001301103,"Sri Lanka small-tank power law (Telivarai Kulam), Imbulana ceiling-capped",validated_2021_2025,
9,Ethiniwetuna Wewa,2/10/2023,2023,2,0.220163503,10.25058016,2.147815042,S1_SAR,,0,0.001109513,"Sri Lanka small-tank power law (Telivarai Kulam), Imbulana ceiling-capped",validated_2021_2025,
9,Ethiniwetuna Wewa,2/22/2023,2023,2,0.280208099,10.25058016,2.733582832,S1_SAR,,0,0.001498448,"Sri Lanka small-tank power law (Telivarai Kulam), Imbulana ceiling-capped",validated_2021_2025,
9,Ethiniwetuna Wewa,3/6/2023,2023,3,0.100074323,10.25058016,0.976279603,S1_SAR,,0,0.00041538,"Sri Lanka small-tank power law (Telivarai Kulam), Imbulana ceiling-capped",validated_2021_2025,
9,Ethiniwetuna Wewa,3/18/2023,2023,3,0.430319563,10.25058016,4.198002032,S1_SAR,,0,0.002557407,"Sri Lanka small-tank power law (Telivarai Kulam), Imbulana ceiling-capped",validated_2021_2025,
9,Ethiniwetuna Wewa,3/30/2023,2023,3,0.270200661,10.25058016,2.63595481,S1_SAR,,0,0.001432058,"Sri Lanka small-tank power law (Telivarai Kulam), Imbulana ceiling-capped",validated_2021_2025,
9,Ethiniwetuna Wewa,4/11/2023,2023,4,0.420312131,10.25058016,4.10037407,S1_SAR,,0,0.00248351,"Sri Lanka small-tank power law (Telivarai Kulam), Imbulana ceiling-capped",validated_2021_2025,
9,Ethiniwetuna Wewa,4/23/2023,2023,4,0.320237817,10.25058016,3.124094556,S1_SAR,,0,0.001769719,"Sri Lanka small-tank power law (Telivarai Kulam), Imbulana ceiling-capped",validated_2021_2025,
9,Ethiniwetuna Wewa,5/5/2023,2023,5,0.290215518,10.25058016,2.831210661,S1_SAR,,0,0.001565423,"Sri Lanka small-tank power law (Telivarai Kulam), Imbulana ceiling-capped",validated_2021_2025,
9,Ethiniwetuna Wewa,5/17/2023,2023,5,0.310230385,10.25058016,3.026466601,S1_SAR,,0,0.001701073,"Sri Lanka small-tank power law (Telivarai Kulam), Imbulana ceiling-capped",validated_2021_2025,
9,Ethiniwetuna Wewa,5/29/2023,2023,5,0.160118913,10.25058016,1.562047319,S1_SAR,,0,0.000746098,"Sri Lanka small-tank power law (Telivarai Kulam), Imbulana ceiling-capped",validated_2021_2025,
9,Ethiniwetuna Wewa,6/10/2023,2023,6,0.180133777,10.25058016,1.757303237,S1_SAR,,0,0.000864045,"Sri Lanka small-tank power law (Telivarai Kulam), Imbulana ceiling-capped",validated_2021_2025,
9,Ethiniwetuna Wewa,6/22/2023,2023,6,0.080059458,10.25058016,0.781023678,S1_SAR,,0,0.000314548,"Sri Lanka small-tank power law (Telivarai Kulam), Imbulana ceiling-capped",validated_2021_2025,
9,Ethiniwetuna Wewa,7/4/2023,2023,7,0.170126344,10.25058016,1.659675274,S1_SAR,,0,0.000804644,"Sri Lanka small-tank power law (Telivarai Kulam), Imbulana ceiling-capped",validated_2021_2025,
9,Ethiniwetuna Wewa,7/16/2023,2023,7,0.1901412,10.25058016,1.85493111,S1_SAR,,0,0.000924263,"Sri Lanka small-tank power law (Telivarai Kulam), Imbulana ceiling-capped",validated_2021_2025,
9,Ethiniwetuna Wewa,7/28/2023,2023,7,0.040029728,10.25058016,0.390511828,S1_SAR,,0,0.000132611,"Sri Lanka small-tank power law (Telivarai Kulam), Imbulana ceiling-capped",validated_2021_2025,
9,Ethiniwetuna Wewa,8/9/2023,2023,8,0.130096613,10.25058016,1.269163409,S1_SAR,,0,0.000576008,"Sri Lanka small-tank power law (Telivarai Kulam), Imbulana ceiling-capped",validated_2021_2025,
9,Ethiniwetuna Wewa,9/2/2023,2023,9,0.0,10.25058016,0.0,S1_SAR,,0,0.0,"Sri Lanka small-tank power law (Telivarai Kulam), Imbulana ceiling-capped",validated_2021_2025,
9,Ethiniwetuna Wewa,9/14/2023,2023,9,0.0,10.25058016,0.0,S1_SAR,,0,0.0,"Sri Lanka small-tank power law (Telivarai Kulam), Imbulana ceiling-capped",validated_2021_2025,
9,Ethiniwetuna Wewa,9/26/2023,2023,9,0.0,10.25058016,0.0,S1_SAR,,0,0.0,"Sri Lanka small-tank power law (Telivarai Kulam), Imbulana ceiling-capped",validated_2021_2025,
9,Ethiniwetuna Wewa,10/8/2023,2023,10,0.0,10.25058016,0.0,S1_SAR,,0,0.0,"Sri Lanka small-tank power law (Telivarai Kulam), Imbulana ceiling-capped",validated_2021_2025,
9,Ethiniwetuna Wewa,10/20/2023,2023,10,0.0,10.25058016,0.0,S1_SAR,,0,0.0,"Sri Lanka small-tank power law (Telivarai Kulam), Imbulana ceiling-capped",validated_2021_2025,
9,Ethiniwetuna Wewa,11/1/2023,2023,11,0.0,10.25058016,0.0,S1_SAR,,0,0.0,"Sri Lanka small-tank power law (Telivarai Kulam), Imbulana ceiling-capped",validated_2021_2025,
9,Ethiniwetuna Wewa,11/13/2023,2023,11,4.153084505,10.25058016,40.5156044,S1_SAR,,0,0.043118961,"Sri Lanka small-tank power law (Telivarai Kulam), Imbulana ceiling-capped",validated_2021_2025,
9,Ethiniwetuna Wewa,11/25/2023,2023,11,4.14307708,10.25058016,40.41797651,S1_SAR,,0,0.04298953,"Sri Lanka small-tank power law (Telivarai Kulam), Imbulana ceiling-capped",validated_2021_2025,
9,Ethiniwetuna Wewa,12/7/2023,2023,12,3.97295065,10.25058016,38.7583004,S1_SAR,,0,0.040801085,"Sri Lanka small-tank power law (Telivarai Kulam), Imbulana ceiling-capped",validated_2021_2025,
9,Ethiniwetuna Wewa,12/19/2023,2023,12,3.642705476,10.25058016,35.53657862,S1_SAR,,0,0.036619123,"Sri Lanka small-tank power law (Telivarai Kulam), Imbulana ceiling-capped",validated_2021_2025,
9,Ethiniwetuna Wewa,12/31/2023,2023,12,4.022987831,10.25058016,39.24644039,S1_SAR,,0,0.041442397,"Sri Lanka small-tank power law (Telivarai Kulam), Imbulana ceiling-capped",validated_2021_2025,
9,Ethiniwetuna Wewa,1/12/2024,2024,1,3.69274257,10.25058016,36.02471776,S1_SAR,,0,0.03724697,"Sri Lanka small-tank power law (Telivarai Kulam), Imbulana ceiling-capped",validated_2021_2025,
9,Ethiniwetuna Wewa,1/24/2024,2024,1,3.502601321,10.25058016,34.16978617,S1_SAR,,0,0.03487249,"Sri Lanka small-tank power law (Telivarai Kulam), Imbulana ceiling-capped",validated_2021_2025,
9,Ethiniwetuna Wewa,2/5/2024,2024,2,3.612683041,10.25058016,35.24369339,S1_SAR,,0,0.036243428,"Sri Lanka small-tank power law (Telivarai Kulam), Imbulana ceiling-capped",validated_2021_2025,
9,Ethiniwetuna Wewa,2/17/2024,2024,2,3.282437818,10.25058016,32.02197113,S1_SAR,,0,0.032162562,"Sri Lanka small-tank power law (Telivarai Kulam), Imbulana ceiling-capped",validated_2021_2025,
9,Ethiniwetuna Wewa,2/29/2024,2024,2,3.662720203,10.25058016,35.7318332,S1_SAR,,0,0.036870007,"Sri Lanka small-tank power law (Telivarai Kulam), Imbulana ceiling-capped",validated_2021_2025,
9,Ethiniwetuna Wewa,3/12/2024,2024,3,3.402526949,10.25058016,33.1935061,S1_SAR,,0,0.033635342,"Sri Lanka small-tank power law (Telivarai Kulam), Imbulana ceiling-capped",validated_2021_2025,
9,Ethiniwetuna Wewa,3/24/2024,2024,3,3.412534367,10.25058016,33.29113391,S1_SAR,,0,0.033758659,"Sri Lanka small-tank power law (Telivarai Kulam), Imbulana ceiling-capped",validated_2021_2025,
9,Ethiniwetuna Wewa,4/5/2024,2024,4,3.482586385,10.25058016,33.97452956,S1_SAR,,0,0.034624355,"Sri Lanka small-tank power law (Telivarai Kulam), Imbulana ceiling-capped",validated_2021_2025,
9,Ethiniwetuna Wewa,4/17/2024,2024,4,3.392519482,10.25058016,33.09587779,S1_SAR,,0,0.033512115,"Sri Lanka small-tank power law (Telivarai Kulam), Imbulana ceiling-capped",validated_2021_2025,
9,Ethiniwetuna Wewa,4/29/2024,2024,4,3.202378256,10.25058016,31.24094644,S1_SAR,,0,0.031188019,"Sri Lanka small-tank power law (Telivarai Kulam), Imbulana ceiling-capped",validated_2021_2025,
9,Ethiniwetuna Wewa,5/11/2024,2024,5,3.252415394,10.25058016,31.729086,S1_SAR,,0,0.031796414,"Sri Lanka small-tank power law (Telivarai Kulam), Imbulana ceiling-capped",validated_2021_2025,
9,Ethiniwetuna Wewa,5/23/2024,2024,5,2.922170203,10.25058016,28.50736405,S1_SAR,,0,0.027824966,"Sri Lanka small-tank power law (Telivarai Kulam), Imbulana ceiling-capped",validated_2021_2025,
9,Ethiniwetuna Wewa,6/4/2024,2024,6,4.022987813,10.25058016,39.24644021,S1_SAR,,0,0.041442396,"Sri Lanka small-tank power law (Telivarai Kulam), Imbulana ceiling-capped",validated_2021_2025,
9,Ethiniwetuna Wewa,6/16/2024,2024,6,3.842854024,10.25058016,37.48913686,S1_SAR,,0,0.039143012,"Sri Lanka small-tank power law (Telivarai Kulam), Imbulana ceiling-capped",validated_2021_2025,
9,Ethiniwetuna Wewa,7/10/2024,2024,7,3.372504671,10.25058016,32.9006224,S1_SAR,,0,0.033265929,"Sri Lanka small-tank power law (Telivarai Kulam), Imbulana ceiling-capped",validated_2021_2025,
9,Ethiniwetuna Wewa,7/22/2024,2024,7,3.662720159,10.25058016,35.73183277,S1_SAR,,0,0.036870007,"Sri Lanka small-tank power law (Telivarai Kulam), Imbulana ceiling-capped",validated_2021_2025,
9,Ethiniwetuna Wewa,8/3/2024,2024,8,2.892147813,10.25058016,28.21447927,S1_SAR,,0,0.027469195,"Sri Lanka small-tank power law (Telivarai Kulam), Imbulana ceiling-capped",validated_2021_2025,
9,Ethiniwetuna Wewa,8/15/2024,2024,8,2.69199919,10.25058016,26.26192029,S1_SAR,,0,0.025120944,"Sri Lanka small-tank power law (Telivarai Kulam), Imbulana ceiling-capped",validated_2021_2025,
9,Ethiniwetuna Wewa,8/27/2024,2024,8,1.981471474,10.25058016,19.3303349,S1_SAR,,0,0.017147402,"Sri Lanka small-tank power law (Telivarai Kulam), Imbulana ceiling-capped",validated_2021_2025,
9,Ethiniwetuna Wewa,9/20/2024,2024,9,0.030022292,10.25058016,0.292883828,S1_SAR,,0,9.27e-05,"Sri Lanka small-tank power law (Telivarai Kulam), Imbulana ceiling-capped",validated_2021_2025,
9,Ethiniwetuna Wewa,10/2/2024,2024,10,0.090066874,10.25058016,0.878651477,S1_SAR,,0,0.000364274,"Sri Lanka small-tank power law (Telivarai Kulam), Imbulana ceiling-capped",validated_2021_2025,
9,Ethiniwetuna Wewa,10/14/2024,2024,10,0.0,10.25058016,0.0,S1_SAR,,0,0.0,"Sri Lanka small-tank power law (Telivarai Kulam), Imbulana ceiling-capped",validated_2021_2025,
9,Ethiniwetuna Wewa,10/26/2024,2024,10,0.0,10.25058016,0.0,S1_SAR,,0,0.0,"Sri Lanka small-tank power law (Telivarai Kulam), Imbulana ceiling-capped",validated_2021_2025,
9,Ethiniwetuna Wewa,11/7/2024,2024,11,0.660490464,10.25058016,6.443444702,S1_SAR,,0,0.004361797,"Sri Lanka small-tank power law (Telivarai Kulam), Imbulana ceiling-capped",validated_2021_2025,
9,Ethiniwetuna Wewa,11/19/2024,2024,11,0.820609356,10.25058016,8.00549182,S1_SAR,,0,0.005716545,"Sri Lanka small-tank power law (Telivarai Kulam), Imbulana ceiling-capped",validated_2021_2025,
9,Ethiniwetuna Wewa,12/13/2024,2024,12,2.641962067,10.25058016,25.77378086,S1_SAR,,0,0.024540445,"Sri Lanka small-tank power law (Telivarai Kulam), Imbulana ceiling-capped",validated_2021_2025,
9,Ethiniwetuna Wewa,12/25/2024,2024,12,2.201635036,10.25058016,21.47815053,S1_SAR,,0,0.019553117,"Sri Lanka small-tank power law (Telivarai Kulam), Imbulana ceiling-capped",validated_2021_2025,
9,Ethiniwetuna Wewa,1/6/2025,2025,1,1.981471508,10.25058016,19.33033524,S1_SAR,,0,0.017147402,"Sri Lanka small-tank power law (Telivarai Kulam), Imbulana ceiling-capped",validated_2021_2025,
9,Ethiniwetuna Wewa,1/18/2025,2025,1,1.941441736,10.25058016,18.93982298,S1_SAR,,0,0.016716822,"Sri Lanka small-tank power law (Telivarai Kulam), Imbulana ceiling-capped",validated_2021_2025,
9,Ethiniwetuna Wewa,1/30/2025,2025,1,1.471092429,10.25058016,14.35130897,S1_SAR,,0,0.011830963,"Sri Lanka small-tank power law (Telivarai Kulam), Imbulana ceiling-capped",validated_2021_2025,
9,Ethiniwetuna Wewa,2/11/2025,2025,2,1.69125593,10.25058016,16.499124,S1_SAR,,0,0.014076497,"Sri Lanka small-tank power law (Telivarai Kulam), Imbulana ceiling-capped",validated_2021_2025,
9,Ethiniwetuna Wewa,2/23/2025,2025,2,1.791330244,10.25058016,17.47540351,S1_SAR,,0,0.015121843,"Sri Lanka small-tank power law (Telivarai Kulam), Imbulana ceiling-capped",validated_2021_2025,
9,Ethiniwetuna Wewa,3/7/2025,2025,3,1.68124852,10.25058016,16.40149625,S1_SAR,,0,0.013972783,"Sri Lanka small-tank power law (Telivarai Kulam), Imbulana ceiling-capped",validated_2021_2025,
9,Ethiniwetuna Wewa,3/19/2025,2025,3,1.651226223,10.25058016,16.10861237,S1_SAR,,0,0.013662554,"Sri Lanka small-tank power law (Telivarai Kulam), Imbulana ceiling-capped",validated_2021_2025,
9,Ethiniwetuna Wewa,3/31/2025,2025,3,1.761307951,10.25058016,17.18251966,S1_SAR,,0,0.014806691,"Sri Lanka small-tank power law (Telivarai Kulam), Imbulana ceiling-capped",validated_2021_2025,
9,Ethiniwetuna Wewa,4/12/2025,2025,4,1.401040424,10.25058016,13.66791345,S1_SAR,,0,0.011133109,"Sri Lanka small-tank power law (Telivarai Kulam), Imbulana ceiling-capped",validated_2021_2025,
9,Ethiniwetuna Wewa,4/24/2025,2025,4,1.561159335,10.25058016,15.22996076,S1_SAR,,0,0.012740255,"Sri Lanka small-tank power law (Telivarai Kulam), Imbulana ceiling-capped",validated_2021_2025,
9,Ethiniwetuna Wewa,5/6/2025,2025,5,1.561159343,10.25058016,15.22996083,S1_SAR,,0,0.012740255,"Sri Lanka small-tank power law (Telivarai Kulam), Imbulana ceiling-capped",validated_2021_2025,
9,Ethiniwetuna Wewa,5/18/2025,2025,5,1.150854622,10.25058016,11.2272145,S1_SAR,,0,0.008712912,"Sri Lanka small-tank power law (Telivarai Kulam), Imbulana ceiling-capped",validated_2021_2025,
9,Ethiniwetuna Wewa,5/30/2025,2025,5,0.810601949,10.25058016,7.907864103,S1_SAR,,0,0.005629806,"Sri Lanka small-tank power law (Telivarai Kulam), Imbulana ceiling-capped",validated_2021_2025,
9,Ethiniwetuna Wewa,6/11/2025,2025,6,0.640475616,10.25058016,6.248188948,S1_SAR,,0,0.004197714,"Sri Lanka small-tank power law (Telivarai Kulam), Imbulana ceiling-capped",validated_2021_2025,
9,Ethiniwetuna Wewa,6/23/2025,2025,6,0.870646529,10.25058016,8.493631737,S1_SAR,,0,0.006154102,"Sri Lanka small-tank power law (Telivarai Kulam), Imbulana ceiling-capped",validated_2021_2025,
9,Ethiniwetuna Wewa,7/5/2025,2025,7,0.880653975,10.25058016,8.591259826,S1_SAR,,0,0.00624237,"Sri Lanka small-tank power law (Telivarai Kulam), Imbulana ceiling-capped",validated_2021_2025,
9,Ethiniwetuna Wewa,7/17/2025,2025,7,1.230914059,10.25058016,12.00823797,S1_SAR,,0,0.009474537,"Sri Lanka small-tank power law (Telivarai Kulam), Imbulana ceiling-capped",validated_2021_2025,
9,Ethiniwetuna Wewa,7/29/2025,2025,7,1.250928933,10.25058016,12.20349399,S1_SAR,,0,0.009666888,"Sri Lanka small-tank power law (Telivarai Kulam), Imbulana ceiling-capped",validated_2021_2025,
9,Ethiniwetuna Wewa,8/10/2025,2025,8,0.830616803,10.25058016,8.103119924,S1_SAR,,0,0.005803544,"Sri Lanka small-tank power law (Telivarai Kulam), Imbulana ceiling-capped",validated_2021_2025,
9,Ethiniwetuna Wewa,8/22/2025,2025,8,0.720535043,10.25058016,7.029212321,S1_SAR,,0,0.004861308,"Sri Lanka small-tank power law (Telivarai Kulam), Imbulana ceiling-capped",validated_2021_2025,
9,Ethiniwetuna Wewa,9/3/2025,2025,9,0.030022297,10.25058016,0.29288388,S1_SAR,,0,9.27e-05,"Sri Lanka small-tank power law (Telivarai Kulam), Imbulana ceiling-capped",validated_2021_2025,
9,Ethiniwetuna Wewa,9/15/2025,2025,9,0.0,10.25058016,0.0,S1_SAR,,0,0.0,"Sri Lanka small-tank power law (Telivarai Kulam), Imbulana ceiling-capped",validated_2021_2025,
9,Ethiniwetuna Wewa,9/27/2025,2025,9,0.120089169,10.25058016,1.171535342,S1_SAR,,0,0.000521329,"Sri Lanka small-tank power law (Telivarai Kulam), Imbulana ceiling-capped",validated_2021_2025,
9,Ethiniwetuna Wewa,10/9/2025,2025,10,0.0,10.25058016,0.0,S1_SAR,,0,0.0,"Sri Lanka small-tank power law (Telivarai Kulam), Imbulana ceiling-capped",validated_2021_2025,
9,Ethiniwetuna Wewa,10/21/2025,2025,10,4.113054765,10.25058016,40.12509246,S1_SAR,,0,0.042601699,"Sri Lanka small-tank power law (Telivarai Kulam), Imbulana ceiling-capped",validated_2021_2025,
9,Ethiniwetuna Wewa,11/2/2025,2025,11,4.313203442,10.25058016,42.07765196,S1_SAR,,0,0.045200206,"Sri Lanka small-tank power law (Telivarai Kulam), Imbulana ceiling-capped",validated_2021_2025,
9,Ethiniwetuna Wewa,11/14/2025,2025,11,4.113054775,10.25058016,40.12509255,S1_SAR,,0,0.042601699,"Sri Lanka small-tank power law (Telivarai Kulam), Imbulana ceiling-capped",validated_2021_2025,
9,Ethiniwetuna Wewa,11/26/2025,2025,11,4.463314894,10.25058016,43.54207104,S1_SAR,,0,0.047168732,"Sri Lanka small-tank power law (Telivarai Kulam), Imbulana ceiling-capped",validated_2021_2025,
9,Ethiniwetuna Wewa,12/2/2025,2025,12,4.613426434,10.25058016,45.00649098,S1_SAR,,0,0.049153622,"Sri Lanka small-tank power law (Telivarai Kulam), Imbulana ceiling-capped",validated_2021_2025,
9,Ethiniwetuna Wewa,12/8/2025,2025,12,4.233143926,10.25058016,41.29662772,S1_SAR,,0,0.044157161,"Sri Lanka small-tank power law (Telivarai Kulam), Imbulana ceiling-capped",validated_2021_2025,
9,Ethiniwetuna Wewa,12/20/2025,2025,12,4.153084449,10.25058016,40.51560385,S1_SAR,,0,0.04311896,"Sri Lanka small-tank power law (Telivarai Kulam), Imbulana ceiling-capped",validated_2021_2025,
30,Galkulama Wewa,1/3/2021,2021,1,5.363885665,30.23834439,17.73868832,S1_SAR,,0,0.059308789,"Sri Lanka small-tank power law (Telivarai Kulam), Imbulana ceiling-capped",validated_2021_2025,
30,Galkulama Wewa,1/15/2021,2021,1,5.704132126,30.23834439,18.86390357,S1_SAR,,0,0.064032731,"Sri Lanka small-tank power law (Telivarai Kulam), Imbulana ceiling-capped",validated_2021_2025,
30,Galkulama Wewa,1/27/2021,2021,1,5.353878155,30.23834439,17.70559289,S1_SAR,,0,0.059170937,"Sri Lanka small-tank power law (Telivarai Kulam), Imbulana ceiling-capped",validated_2021_2025,
30,Galkulama Wewa,2/8/2021,2021,2,5.043653257,30.23834439,16.67966074,S1_SAR,,0,0.054929532,"Sri Lanka small-tank power law (Telivarai Kulam), Imbulana ceiling-capped",validated_2021_2025,
30,Galkulama Wewa,2/20/2021,2021,2,4.753443026,30.23834439,15.71991828,S1_SAR,,0,0.051019422,"Sri Lanka small-tank power law (Telivarai Kulam), Imbulana ceiling-capped",validated_2021_2025,
30,Galkulama Wewa,3/4/2021,2021,3,4.263087629,30.23834439,14.09828387,S1_SAR,,0,0.044546715,"Sri Lanka small-tank power law (Telivarai Kulam), Imbulana ceiling-capped",validated_2021_2025,
30,Galkulama Wewa,3/16/2021,2021,3,4.163015105,30.23834439,13.76733809,S1_SAR,,0,0.043247474,"Sri Lanka small-tank power law (Telivarai Kulam), Imbulana ceiling-capped",validated_2021_2025,
30,Galkulama Wewa,3/28/2021,2021,3,4.483247088,30.23834439,14.82636427,S1_SAR,,0,0.047431358,"Sri Lanka small-tank power law (Telivarai Kulam), Imbulana ceiling-capped",validated_2021_2025,
30,Galkulama Wewa,4/9/2021,2021,4,4.323131133,30.23834439,14.2968513,S1_SAR,,0,0.045329882,"Sri Lanka small-tank power law (Telivarai Kulam), Imbulana ceiling-capped",validated_2021_2025,
30,Galkulama Wewa,4/21/2021,2021,4,4.243073137,30.23834439,14.03209475,S1_SAR,,0,0.044286261,"Sri Lanka small-tank power law (Telivarai Kulam), Imbulana ceiling-capped",validated_2021_2025,
30,Galkulama Wewa,5/3/2021,2021,5,3.942855608,30.23834439,13.03925756,S1_SAR,,0,0.040416321,"Sri Lanka small-tank power law (Telivarai Kulam), Imbulana ceiling-capped",validated_2021_2025,
30,Galkulama Wewa,5/15/2021,2021,5,3.662652705,30.23834439,12.11260993,S1_SAR,,0,0.036869161,"Sri Lanka small-tank power law (Telivarai Kulam), Imbulana ceiling-capped",validated_2021_2025,
30,Galkulama Wewa,5/27/2021,2021,5,3.982884628,30.23834439,13.17163591,S1_SAR,,0,0.040928249,"Sri Lanka small-tank power law (Telivarai Kulam), Imbulana ceiling-capped",validated_2021_2025,
30,Galkulama Wewa,6/8/2021,2021,6,3.552572948,30.23834439,11.74856964,S1_SAR,,0,0.035493534,"Sri Lanka small-tank power law (Telivarai Kulam), Imbulana ceiling-capped",validated_2021_2025,
30,Galkulama Wewa,6/14/2021,2021,6,3.602609191,30.23834439,11.91404246,S1_SAR,,0,0.036117538,"Sri Lanka small-tank power law (Telivarai Kulam), Imbulana ceiling-capped",validated_2021_2025,
30,Galkulama Wewa,6/20/2021,2021,6,3.532558428,30.23834439,11.68238043,S1_SAR,,0,0.035244535,"Sri Lanka small-tank power law (Telivarai Kulam), Imbulana ceiling-capped",validated_2021_2025,
30,Galkulama Wewa,7/2/2021,2021,7,3.392456987,30.23834439,11.21905665,S1_SAR,,0,0.033511345,"Sri Lanka small-tank power law (Telivarai Kulam), Imbulana ceiling-capped",validated_2021_2025,
30,Galkulama Wewa,7/14/2021,2021,7,2.762000368,30.23834439,9.134099182,S1_SAR,,0,0.025937511,"Sri Lanka small-tank power law (Telivarai Kulam), Imbulana ceiling-capped",validated_2021_2025,
30,Galkulama Wewa,7/26/2021,2021,7,2.121536491,30.23834439,7.016047122,S1_SAR,,0,0.018670696,"Sri Lanka small-tank power law (Telivarai Kulam), Imbulana ceiling-capped",validated_2021_2025,
30,Galkulama Wewa,8/7/2021,2021,8,1.611166819,30.23834439,5.328224317,S1_SAR,,0,0.013250769,"Sri Lanka small-tank power law (Telivarai Kulam), Imbulana ceiling-capped",validated_2021_2025,
30,Galkulama Wewa,8/19/2021,2021,8,0.0,30.23834439,0.0,S1_SAR,,0,0.0,"Sri Lanka small-tank power law (Telivarai Kulam), Imbulana ceiling-capped",validated_2021_2025,
30,Galkulama Wewa,8/31/2021,2021,8,0.0,30.23834439,0.0,S1_SAR,,0,0.0,"Sri Lanka small-tank power law (Telivarai Kulam), Imbulana ceiling-capped",validated_2021_2025,
30,Galkulama Wewa,9/12/2021,2021,9,0.0,30.23834439,0.0,S1_SAR,,0,0.0,"Sri Lanka small-tank power law (Telivarai Kulam), Imbulana ceiling-capped",validated_2021_2025,
30,Galkulama Wewa,9/24/2021,2021,9,0.0,30.23834439,0.0,S1_SAR,,0,0.0,"Sri Lanka small-tank power law (Telivarai Kulam), Imbulana ceiling-capped",validated_2021_2025,
30,Galkulama Wewa,10/6/2021,2021,10,0.060043475,30.23834439,0.198567335,S1_SAR,,0,0.000219783,"Sri Lanka small-tank power law (Telivarai Kulam), Imbulana ceiling-capped",validated_2021_2025,
30,Galkulama Wewa,10/18/2021,2021,10,0.020014491,30.23834439,0.066189111,S1_SAR,,0,5.59e-05,"Sri Lanka small-tank power law (Telivarai Kulam), Imbulana ceiling-capped",validated_2021_2025,
30,Galkulama Wewa,10/30/2021,2021,10,1.100797319,30.23834439,3.640402083,S1_SAR,,0,0.008243233,"Sri Lanka small-tank power law (Telivarai Kulam), Imbulana ceiling-capped",validated_2021_2025,
30,Galkulama Wewa,11/17/2021,2021,11,13.23959009,30.23834439,43.78411041,S1_SAR,,0,0.182842012,"Sri Lanka small-tank power law (Telivarai Kulam), Imbulana ceiling-capped",validated_2021_2025,
30,Galkulama Wewa,11/23/2021,2021,11,13.40971367,30.23834439,44.34671917,S1_SAR,,0,0.185774235,"Sri Lanka small-tank power law (Telivarai Kulam), Imbulana ceiling-capped",validated_2021_2025,
30,Galkulama Wewa,12/5/2021,2021,12,10.86787272,30.23834439,35.94070025,S1_SAR,,0,0.142971431,"Sri Lanka small-tank power law (Telivarai Kulam), Imbulana ceiling-capped",validated_2021_2025,
30,Galkulama Wewa,12/17/2021,2021,12,9.777082725,30.23834439,32.33339299,S1_SAR,,0,0.125317034,"Sri Lanka small-tank power law (Telivarai Kulam), Imbulana ceiling-capped",validated_2021_2025,
30,Galkulama Wewa,12/29/2021,2021,12,9.556923359,30.23834439,31.6053129,S1_SAR,,0,0.121810538,"Sri Lanka small-tank power law (Telivarai Kulam), Imbulana ceiling-capped",validated_2021_2025,
30,Galkulama Wewa,1/10/2022,2022,1,8.476140459,30.23834439,28.03109968,S1_SAR,,0,0.104891198,"Sri Lanka small-tank power law (Telivarai Kulam), Imbulana ceiling-capped",validated_2021_2025,
30,Galkulama Wewa,1/22/2022,2022,1,8.746336226,30.23834439,28.92465313,S1_SAR,,0,0.109073865,"Sri Lanka small-tank power law (Telivarai Kulam), Imbulana ceiling-capped",validated_2021_2025,
30,Galkulama Wewa,2/3/2022,2022,2,9.366785632,30.23834439,30.97651615,S1_SAR,,0,0.11879814,"Sri Lanka small-tank power law (Telivarai Kulam), Imbulana ceiling-capped",validated_2021_2025,
30,Galkulama Wewa,2/15/2022,2022,2,9.49687996,30.23834439,31.40674581,S1_SAR,,0,0.120857648,"Sri Lanka small-tank power law (Telivarai Kulam), Imbulana ceiling-capped",validated_2021_2025,
30,Galkulama Wewa,2/27/2022,2022,2,9.126611673,30.23834439,30.1822466,S1_SAR,,0,0.115014492,"Sri Lanka small-tank power law (Telivarai Kulam), Imbulana ceiling-capped",validated_2021_2025,
30,Galkulama Wewa,3/11/2022,2022,3,9.386800079,30.23834439,31.04270511,S1_SAR,,0,0.119114531,"Sri Lanka small-tank power law (Telivarai Kulam), Imbulana ceiling-capped",validated_2021_2025,
30,Galkulama Wewa,3/23/2022,2022,3,9.066568065,30.23834439,29.98367883,S1_SAR,,0,0.114072375,"Sri Lanka small-tank power law (Telivarai Kulam), Imbulana ceiling-capped",validated_2021_2025,
30,Galkulama Wewa,4/4/2022,2022,4,9.056560706,30.23834439,29.9505839,S1_SAR,,0,0.113915503,"Sri Lanka small-tank power law (Telivarai Kulam), Imbulana ceiling-capped",validated_2021_2025,
30,Galkulama Wewa,4/16/2022,2022,4,9.266713009,30.23834439,30.64557004,S1_SAR,,0,0.11721868,"Sri Lanka small-tank power law (Telivarai Kulam), Imbulana ceiling-capped",validated_2021_2025,
30,Galkulama Wewa,4/28/2022,2022,4,9.146626132,30.23834439,30.24843561,S1_SAR,,0,0.115328869,"Sri Lanka small-tank power law (Telivarai Kulam), Imbulana ceiling-capped",validated_2021_2025,
30,Galkulama Wewa,5/10/2022,2022,5,8.125886787,30.23834439,26.87279,S1_SAR,,0,0.099517992,"Sri Lanka small-tank power law (Telivarai Kulam), Imbulana ceiling-capped",validated_2021_2025,
30,Galkulama Wewa,5/22/2022,2022,5,7.155183351,30.23834439,23.66261611,S1_SAR,,0,0.084928899,"Sri Lanka small-tank power law (Telivarai Kulam), Imbulana ceiling-capped",validated_2021_2025,
30,Galkulama Wewa,6/3/2022,2022,6,8.51616944,30.23834439,28.1634779,S1_SAR,,0,0.105508809,"Sri Lanka small-tank power law (Telivarai Kulam), Imbulana ceiling-capped",validated_2021_2025,
30,Galkulama Wewa,6/15/2022,2022,6,7.37534289,30.23834439,24.39069678,S1_SAR,,0,0.088197395,"Sri Lanka small-tank power law (Telivarai Kulam), Imbulana ceiling-capped",validated_2021_2025,
30,Galkulama Wewa,6/27/2022,2022,6,6.975052909,30.23834439,23.06691404,S1_SAR,,0,0.082272992,"Sri Lanka small-tank power law (Telivarai Kulam), Imbulana ceiling-capped",validated_2021_2025,
30,Galkulama Wewa,7/9/2022,2022,7,6.324581737,30.23834439,20.91576726,S1_SAR,,0,0.072824781,"Sri Lanka small-tank power law (Telivarai Kulam), Imbulana ceiling-capped",validated_2021_2025,
30,Galkulama Wewa,7/21/2022,2022,7,5.71413957,30.23834439,18.89699878,S1_SAR,,0,0.064172746,"Sri Lanka small-tank power law (Telivarai Kulam), Imbulana ceiling-capped",validated_2021_2025,
30,Galkulama Wewa,8/2/2022,2022,8,5.343871289,30.23834439,17.67249959,S1_SAR,,0,0.059033157,"Sri Lanka small-tank power law (Telivarai Kulam), Imbulana ceiling-capped",validated_2021_2025,
30,Galkulama Wewa,8/14/2022,2022,8,5.95431349,30.23834439,19.69126819,S1_SAR,,0,0.067550981,"Sri Lanka small-tank power law (Telivarai Kulam), Imbulana ceiling-capped",validated_2021_2025,
30,Galkulama Wewa,8/26/2022,2022,8,4.683392777,30.23834439,15.48825794,S1_SAR,,0,0.050084247,"Sri Lanka small-tank power law (Telivarai Kulam), Imbulana ceiling-capped",validated_2021_2025,
30,Galkulama Wewa,9/7/2022,2022,9,3.692675027,30.23834439,12.21189553,S1_SAR,,0,0.037246121,"Sri Lanka small-tank power law (Telivarai Kulam), Imbulana ceiling-capped",validated_2021_2025,
30,Galkulama Wewa,9/19/2022,2022,9,2.621899234,30.23834439,8.670776416,S1_SAR,,0,0.024308445,"Sri Lanka small-tank power law (Telivarai Kulam), Imbulana ceiling-capped",validated_2021_2025,
30,Galkulama Wewa,10/1/2022,2022,10,1.541116285,30.23834439,5.096563043,S1_SAR,,0,0.01253676,"Sri Lanka small-tank power law (Telivarai Kulam), Imbulana ceiling-capped",validated_2021_2025,
30,Galkulama Wewa,10/13/2022,2022,10,2.191587389,30.23834439,7.247709598,S1_SAR,,0,0.019441985,"Sri Lanka small-tank power law (Telivarai Kulam), Imbulana ceiling-capped",validated_2021_2025,
30,Galkulama Wewa,10/25/2022,2022,10,3.282377641,30.23834439,10.85501772,S1_SAR,,0,0.032161827,"Sri Lanka small-tank power law (Telivarai Kulam), Imbulana ceiling-capped",validated_2021_2025,
30,Galkulama Wewa,11/6/2022,2022,11,2.862073295,30.23834439,9.465046293,S1_SAR,,0,0.027113716,"Sri Lanka small-tank power law (Telivarai Kulam), Imbulana ceiling-capped",validated_2021_2025,
30,Galkulama Wewa,11/18/2022,2022,11,3.40246479,30.23834439,11.25215305,S1_SAR,,0,0.033634577,"Sri Lanka small-tank power law (Telivarai Kulam), Imbulana ceiling-capped",validated_2021_2025,
30,Galkulama Wewa,11/30/2022,2022,11,2.3617108,30.23834439,7.810317819,S1_SAR,,0,0.021340193,"Sri Lanka small-tank power law (Telivarai Kulam), Imbulana ceiling-capped",validated_2021_2025,
30,Galkulama Wewa,12/12/2022,2022,12,3.032196494,30.23834439,10.02765381,S1_SAR,,0,0.029136445,"Sri Lanka small-tank power law (Telivarai Kulam), Imbulana ceiling-capped",validated_2021_2025,
30,Galkulama Wewa,12/24/2022,2022,12,7.525451202,30.23834439,24.88711387,S1_SAR,,0,0.090439759,"Sri Lanka small-tank power law (Telivarai Kulam), Imbulana ceiling-capped",validated_2021_2025,
30,Galkulama Wewa,1/5/2023,2023,1,7.565480293,30.23834439,25.01949245,S1_SAR,,0,0.091039597,"Sri Lanka small-tank power law (Telivarai Kulam), Imbulana ceiling-capped",validated_2021_2025,
30,Galkulama Wewa,1/17/2023,2023,1,7.205219415,30.23834439,23.82808834,S1_SAR,,0,0.085669592,"Sri Lanka small-tank power law (Telivarai Kulam), Imbulana ceiling-capped",validated_2021_2025,
30,Galkulama Wewa,1/29/2023,2023,1,7.865697883,30.23834439,26.01232985,S1_SAR,,0,0.095563067,"Sri Lanka small-tank power law (Telivarai Kulam), Imbulana ceiling-capped",validated_2021_2025,
30,Galkulama Wewa,2/10/2023,2023,2,8.896444442,30.23834439,29.42106991,S1_SAR,,0,0.111411401,"Sri Lanka small-tank power law (Telivarai Kulam), Imbulana ceiling-capped",validated_2021_2025,
30,Galkulama Wewa,2/22/2023,2023,2,9.046553206,30.23834439,29.9174885,S1_SAR,,0,0.113758672,"Sri Lanka small-tank power law (Telivarai Kulam), Imbulana ceiling-capped",validated_2021_2025,
30,Galkulama Wewa,3/6/2023,2023,3,7.920207911,30.23834439,26.19259775,S1_SAR,,0,0.096389002,"Sri Lanka small-tank power law (Telivarai Kulam), Imbulana ceiling-capped",validated_2021_2025,
30,Galkulama Wewa,3/18/2023,2023,3,6.925016421,30.23834439,22.90144041,S1_SAR,,0,0.081538208,"Sri Lanka small-tank power law (Telivarai Kulam), Imbulana ceiling-capped",validated_2021_2025,
30,Galkulama Wewa,3/30/2023,2023,3,6.574762844,30.23834439,21.74313104,S1_SAR,,0,0.076431705,"Sri Lanka small-tank power law (Telivarai Kulam), Imbulana ceiling-capped",validated_2021_2025,
30,Galkulama Wewa,4/11/2023,2023,4,5.263813075,30.23834439,17.40774233,S1_SAR,,0,0.057933167,"Sri Lanka small-tank power law (Telivarai Kulam), Imbulana ceiling-capped",validated_2021_2025,
30,Galkulama Wewa,4/23/2023,2023,4,3.642638815,30.23834439,12.04642281,S1_SAR,,0,0.036618288,"Sri Lanka small-tank power law (Telivarai Kulam), Imbulana ceiling-capped",validated_2021_2025,
30,Galkulama Wewa,5/5/2023,2023,5,3.462508324,30.23834439,11.45072058,S1_SAR,,0,0.03437579,"Sri Lanka small-tank power law (Telivarai Kulam), Imbulana ceiling-capped",validated_2021_2025,
30,Galkulama Wewa,5/17/2023,2023,5,2.711964622,30.23834439,8.968628002,S1_SAR,,0,0.025353316,"Sri Lanka small-tank power law (Telivarai Kulam), Imbulana ceiling-capped",validated_2021_2025,
30,Galkulama Wewa,5/29/2023,2023,5,2.711964584,30.23834439,8.968627874,S1_SAR,,0,0.025353315,"Sri Lanka small-tank power law (Telivarai Kulam), Imbulana ceiling-capped",validated_2021_2025,
30,Galkulama Wewa,6/10/2023,2023,6,2.371718163,30.23834439,7.843412763,S1_SAR,,0,0.02145293,"Sri Lanka small-tank power law (Telivarai Kulam), Imbulana ceiling-capped",validated_2021_2025,
30,Galkulama Wewa,6/22/2023,2023,6,2.421754475,30.23834439,8.008885818,S1_SAR,,0,0.022018356,"Sri Lanka small-tank power law (Telivarai Kulam), Imbulana ceiling-capped",validated_2021_2025,
30,Galkulama Wewa,7/4/2023,2023,7,1.841333924,30.23834439,6.089400598,S1_SAR,,0,0.015649628,"Sri Lanka small-tank power law (Telivarai Kulam), Imbulana ceiling-capped",validated_2021_2025,
30,Galkulama Wewa,7/16/2023,2023,7,1.831326661,30.23834439,6.056305984,S1_SAR,,0,0.015543716,"Sri Lanka small-tank power law (Telivarai Kulam), Imbulana ceiling-capped",validated_2021_2025,
30,Galkulama Wewa,7/28/2023,2023,7,1.791297649,30.23834439,5.923927667,S1_SAR,,0,0.0151215,"Sri Lanka small-tank power law (Telivarai Kulam), Imbulana ceiling-capped",validated_2021_2025,
30,Galkulama Wewa,8/9/2023,2023,8,1.310949653,30.23834439,4.335388327,S1_SAR,,0,0.010248226,"Sri Lanka small-tank power law (Telivarai Kulam), Imbulana ceiling-capped",validated_2021_2025,
30,Galkulama Wewa,9/2/2023,2023,9,1.084746615,30.23834439,3.587321453,S1_SAR,,0,0.008093731,"Sri Lanka small-tank power law (Telivarai Kulam), Imbulana ceiling-capped",validated_2021_2025,
30,Galkulama Wewa,9/14/2023,2023,9,0.840608854,30.23834439,2.779943383,S1_SAR,,0,0.005890668,"Sri Lanka small-tank power law (Telivarai Kulam), Imbulana ceiling-capped",validated_2021_2025,
30,Galkulama Wewa,9/26/2023,2023,9,0.930674119,30.23834439,3.07779456,S1_SAR,,0,0.006687226,"Sri Lanka small-tank power law (Telivarai Kulam), Imbulana ceiling-capped",validated_2021_2025,
30,Galkulama Wewa,10/8/2023,2023,10,1.180855502,30.23834439,3.905159248,S1_SAR,,0,0.008996838,"Sri Lanka small-tank power law (Telivarai Kulam), Imbulana ceiling-capped",validated_2021_2025,
30,Galkulama Wewa,10/20/2023,2023,10,7.645538322,30.23834439,25.28424911,S1_SAR,,0,0.09224161,"Sri Lanka small-tank power law (Telivarai Kulam), Imbulana ceiling-capped",validated_2021_2025,
30,Galkulama Wewa,11/1/2023,2023,11,8.286002105,30.23834439,27.40230086,S1_SAR,,0,0.101967379,"Sri Lanka small-tank power law (Telivarai Kulam), Imbulana ceiling-capped",validated_2021_2025,
30,Galkulama Wewa,11/13/2023,2023,11,12.46903186,30.23834439,41.23582857,S1_SAR,,0,0.169678076,"Sri Lanka small-tank power law (Telivarai Kulam), Imbulana ceiling-capped",validated_2021_2025,
30,Galkulama Wewa,11/25/2023,2023,11,9.787089214,30.23834439,32.36648504,S1_SAR,,0,0.125476873,"Sri Lanka small-tank power law (Telivarai Kulam), Imbulana ceiling-capped",validated_2021_2025,
30,Galkulama Wewa,12/7/2023,2023,12,8.356052584,30.23834439,27.63396195,S1_SAR,,0,0.103042667,"Sri Lanka small-tank power law (Telivarai Kulam), Imbulana ceiling-capped",validated_2021_2025,
30,Galkulama Wewa,12/19/2023,2023,12,8.896444046,30.23834439,29.4210686,S1_SAR,,0,0.111411395,"Sri Lanka small-tank power law (Telivarai Kulam), Imbulana ceiling-capped",validated_2021_2025,
30,Galkulama Wewa,12/31/2023,2023,12,7.735603326,30.23834439,25.58209942,S1_SAR,,0,0.093597578,"Sri Lanka small-tank power law (Telivarai Kulam), Imbulana ceiling-capped",validated_2021_2025,
30,Galkulama Wewa,1/12/2024,2024,1,8.416096091,30.23834439,27.8325294,S1_SAR,,0,0.103966115,"Sri Lanka small-tank power law (Telivarai Kulam), Imbulana ceiling-capped",validated_2021_2025,
30,Galkulama Wewa,1/24/2024,2024,1,6.955037723,30.23834439,23.00072264,S1_SAR,,0,0.081978913,"Sri Lanka small-tank power law (Telivarai Kulam), Imbulana ceiling-capped",validated_2021_2025,
30,Galkulama Wewa,2/5/2024,2024,2,7.225233394,30.23834439,23.89427576,S1_SAR,,0,0.085966217,"Sri Lanka small-tank power law (Telivarai Kulam), Imbulana ceiling-capped",validated_2021_2025,
30,Galkulama Wewa,2/17/2024,2024,2,5.413921409,30.23834439,17.9041595,S1_SAR,,0,0.059998971,"Sri Lanka small-tank power law (Telivarai Kulam), Imbulana ceiling-capped",validated_2021_2025,
30,Galkulama Wewa,2/29/2024,2024,2,6.784914359,30.23834439,22.43811457,S1_SAR,,0,0.079487782,"Sri Lanka small-tank power law (Telivarai Kulam), Imbulana ceiling-capped",validated_2021_2025,
30,Galkulama Wewa,3/12/2024,2024,3,4.4532256,30.23834439,14.72708142,S1_SAR,,0,0.047035906,"Sri Lanka small-tank power law (Telivarai Kulam), Imbulana ceiling-capped",validated_2021_2025,
30,Galkulama Wewa,3/24/2024,2024,3,4.263087589,30.23834439,14.09828374,S1_SAR,,0,0.044546715,"Sri Lanka small-tank power law (Telivarai Kulam), Imbulana ceiling-capped",validated_2021_2025,
30,Galkulama Wewa,4/5/2024,2024,4,1.711239401,30.23834439,5.659170288,S1_SAR,,0,0.014284052,"Sri Lanka small-tank power law (Telivarai Kulam), Imbulana ceiling-capped",validated_2021_2025,
30,Galkulama Wewa,4/17/2024,2024,4,2.031471436,30.23834439,6.718196638,S1_SAR,,0,0.017688238,"Sri Lanka small-tank power law (Telivarai Kulam), Imbulana ceiling-capped",validated_2021_2025,
30,Galkulama Wewa,4/29/2024,2024,4,1.300942274,30.23834439,4.30229333,S1_SAR,,0,0.010150835,"Sri Lanka small-tank power law (Telivarai Kulam), Imbulana ceiling-capped",validated_2021_2025,
30,Galkulama Wewa,5/11/2024,2024,5,0.510369724,30.23834439,1.687822974,S1_SAR,,0,0.003163202,"Sri Lanka small-tank power law (Telivarai Kulam), Imbulana ceiling-capped",validated_2021_2025,
30,Galkulama Wewa,5/23/2024,2024,5,3.912834612,30.23834439,12.93997635,S1_SAR,,0,0.040033223,"Sri Lanka small-tank power law (Telivarai Kulam), Imbulana ceiling-capped",validated_2021_2025,
30,Galkulama Wewa,6/4/2024,2024,6,3.332414012,30.23834439,11.02049097,S1_SAR,,0,0.03277389,"Sri Lanka small-tank power law (Telivarai Kulam), Imbulana ceiling-capped",validated_2021_2025,
30,Galkulama Wewa,6/16/2024,2024,6,2.221609296,30.23834439,7.346993829,S1_SAR,,0,0.019774412,"Sri Lanka small-tank power law (Telivarai Kulam), Imbulana ceiling-capped",validated_2021_2025,
30,Galkulama Wewa,7/10/2024,2024,7,1.370993018,30.23834439,4.533955301,S1_SAR,,0,0.010836376,"Sri Lanka small-tank power law (Telivarai Kulam), Imbulana ceiling-capped",validated_2021_2025,
30,Galkulama Wewa,7/22/2024,2024,7,1.521101826,30.23834439,5.03037404,S1_SAR,,0,0.012334205,"Sri Lanka small-tank power law (Telivarai Kulam), Imbulana ceiling-capped",validated_2021_2025,
30,Galkulama Wewa,8/3/2024,2024,8,1.280927822,30.23834439,4.23610435,S1_SAR,,0,0.009956608,"Sri Lanka small-tank power law (Telivarai Kulam), Imbulana ceiling-capped",validated_2021_2025,
30,Galkulama Wewa,8/15/2024,2024,8,1.73125406,30.23834439,5.725359954,S1_SAR,,0,0.014492529,"Sri Lanka small-tank power law (Telivarai Kulam), Imbulana ceiling-capped",validated_2021_2025,
30,Galkulama Wewa,8/27/2024,2024,8,1.671210521,30.23834439,5.526792404,S1_SAR,,0,0.013868905,"Sri Lanka small-tank power law (Telivarai Kulam), Imbulana ceiling-capped",validated_2021_2025,
30,Galkulama Wewa,9/20/2024,2024,9,1.090790105,30.23834439,3.607307631,S1_SAR,,0,0.008149959,"Sri Lanka small-tank power law (Telivarai Kulam), Imbulana ceiling-capped",validated_2021_2025,
30,Galkulama Wewa,10/2/2024,2024,10,1.110804638,30.23834439,3.673496881,S1_SAR,,0,0.008336718,"Sri Lanka small-tank power law (Telivarai Kulam), Imbulana ceiling-capped",validated_2021_2025,
30,Galkulama Wewa,10/14/2024,2024,10,0.990717602,30.23834439,3.276361923,S1_SAR,,0,0.007229029,"Sri Lanka small-tank power law (Telivarai Kulam), Imbulana ceiling-capped",validated_2021_2025,
30,Galkulama Wewa,10/26/2024,2024,10,1.030746602,30.23834439,3.408740203,S1_SAR,,0,0.007594778,"Sri Lanka small-tank power law (Telivarai Kulam), Imbulana ceiling-capped",validated_2021_2025,
30,Galkulama Wewa,11/7/2024,2024,11,3.782740329,30.23834439,12.50974683,S1_SAR,,0,0.038381493,"Sri Lanka small-tank power law (Telivarai Kulam), Imbulana ceiling-capped",validated_2021_2025,
30,Galkulama Wewa,11/19/2024,2024,11,3.862798158,30.23834439,12.77450282,S1_SAR,,0,0.039396315,"Sri Lanka small-tank power law (Telivarai Kulam), Imbulana ceiling-capped",validated_2021_2025,
30,Galkulama Wewa,12/13/2024,2024,12,6.504711667,30.23834439,21.51146763,S1_SAR,,0,0.075418296,"Sri Lanka small-tank power law (Telivarai Kulam), Imbulana ceiling-capped",validated_2021_2025,
30,Galkulama Wewa,12/25/2024,2024,12,3.852790347,30.23834439,12.7414064,S1_SAR,,0,0.039269169,"Sri Lanka small-tank power law (Telivarai Kulam), Imbulana ceiling-capped",validated_2021_2025,
30,Galkulama Wewa,1/6/2025,2025,1,4.673384723,30.23834439,15.45516071,S1_SAR,,0,0.049950919,"Sri Lanka small-tank power law (Telivarai Kulam), Imbulana ceiling-capped",validated_2021_2025,
30,Galkulama Wewa,1/18/2025,2025,1,5.503986292,30.23834439,18.20200941,S1_SAR,,0,0.06124526,"Sri Lanka small-tank power law (Telivarai Kulam), Imbulana ceiling-capped",validated_2021_2025,
30,Galkulama Wewa,1/30/2025,2025,1,5.033645634,30.23834439,16.64656494,S1_SAR,,0,0.054793753,"Sri Lanka small-tank power law (Telivarai Kulam), Imbulana ceiling-capped",validated_2021_2025,
30,Galkulama Wewa,2/11/2025,2025,2,4.253080188,30.23834439,14.06518867,S1_SAR,,0,0.044416448,"Sri Lanka small-tank power law (Telivarai Kulam), Imbulana ceiling-capped",validated_2021_2025,
30,Galkulama Wewa,2/23/2025,2025,2,3.432485887,30.23834439,11.3514346,S1_SAR,,0,0.034004776,"Sri Lanka small-tank power law (Telivarai Kulam), Imbulana ceiling-capped",validated_2021_2025,
30,Galkulama Wewa,3/7/2025,2025,3,3.752718063,30.23834439,12.41046141,S1_SAR,,0,0.038002282,"Sri Lanka small-tank power law (Telivarai Kulam), Imbulana ceiling-capped",validated_2021_2025,
30,Galkulama Wewa,3/19/2025,2025,3,4.022913678,30.23834439,13.30401435,S1_SAR,,0,0.041441445,"Sri Lanka small-tank power law (Telivarai Kulam), Imbulana ceiling-capped",validated_2021_2025,
30,Galkulama Wewa,3/31/2025,2025,3,3.302391782,30.23834439,10.92120567,S1_SAR,,0,0.032406374,"Sri Lanka small-tank power law (Telivarai Kulam), Imbulana ceiling-capped",validated_2021_2025,
30,Galkulama Wewa,4/12/2025,2025,4,2.161565509,30.23834439,7.14842546,S1_SAR,,0,0.019110677,"Sri Lanka small-tank power law (Telivarai Kulam), Imbulana ceiling-capped",validated_2021_2025,
30,Galkulama Wewa,4/24/2025,2025,4,2.852065636,30.23834439,9.431950373,S1_SAR,,0,0.026995629,"Sri Lanka small-tank power law (Telivarai Kulam), Imbulana ceiling-capped",validated_2021_2025,
30,Galkulama Wewa,5/6/2025,2025,5,3.132268579,30.23834439,10.35859814,S1_SAR,,0,0.030339499,"Sri Lanka small-tank power law (Telivarai Kulam), Imbulana ceiling-capped",validated_2021_2025,
30,Galkulama Wewa,5/18/2025,2025,5,1.941405843,30.23834439,6.420344376,S1_SAR,,0,0.016716437,"Sri Lanka small-tank power law (Telivarai Kulam), Imbulana ceiling-capped",validated_2021_2025,
30,Galkulama Wewa,5/30/2025,2025,5,2.661927764,30.23834439,8.803153141,S1_SAR,,0,0.024771753,"Sri Lanka small-tank power law (Telivarai Kulam), Imbulana ceiling-capped",validated_2021_2025,
30,Galkulama Wewa,6/11/2025,2025,6,2.491804488,30.23834439,8.240545367,S1_SAR,,0,0.022814776,"Sri Lanka small-tank power law (Telivarai Kulam), Imbulana ceiling-capped",validated_2021_2025,
30,Galkulama Wewa,6/23/2025,2025,6,3.02218854,30.23834439,9.994556914,S1_SAR,,0,0.029016662,"Sri Lanka small-tank power law (Telivarai Kulam), Imbulana ceiling-capped",validated_2021_2025,
30,Galkulama Wewa,7/5/2025,2025,7,2.972152282,30.23834439,9.829084038,S1_SAR,,0,0.028419258,"Sri Lanka small-tank power law (Telivarai Kulam), Imbulana ceiling-capped",validated_2021_2025,
30,Galkulama Wewa,7/17/2025,2025,7,3.16229009,30.23834439,10.45788106,S1_SAR,,0,0.030702276,"Sri Lanka small-tank power law (Telivarai Kulam), Imbulana ceiling-capped",validated_2021_2025,
30,Galkulama Wewa,7/29/2025,2025,7,3.052210285,30.23834439,10.09384061,S1_SAR,,0,0.029376277,"Sri Lanka small-tank power law (Telivarai Kulam), Imbulana ceiling-capped",validated_2021_2025,
30,Galkulama Wewa,8/10/2025,2025,8,2.782014677,30.23834439,9.200287693,S1_SAR,,0,0.026171923,"Sri Lanka small-tank power law (Telivarai Kulam), Imbulana ceiling-capped",validated_2021_2025,
30,Galkulama Wewa,8/22/2025,2025,8,2.90210172,30.23834439,9.59742267,S1_SAR,,0,0.02758705,"Sri Lanka small-tank power law (Telivarai Kulam), Imbulana ceiling-capped",validated_2021_2025,
30,Galkulama Wewa,9/3/2025,2025,9,3.192312053,30.23834439,10.55716547,S1_SAR,,0,0.031065907,"Sri Lanka small-tank power law (Telivarai Kulam), Imbulana ceiling-capped",validated_2021_2025,
30,Galkulama Wewa,9/15/2025,2025,9,3.452500503,30.23834439,11.41762412,S1_SAR,,0,0.034252027,"Sri Lanka small-tank power law (Telivarai Kulam), Imbulana ceiling-capped",validated_2021_2025,
30,Galkulama Wewa,9/27/2025,2025,9,3.152283072,30.23834439,10.42478725,S1_SAR,,0,0.030581257,"Sri Lanka small-tank power law (Telivarai Kulam), Imbulana ceiling-capped",validated_2021_2025,
30,Galkulama Wewa,10/9/2025,2025,10,2.221609067,30.23834439,7.34699307,S1_SAR,,0,0.01977441,"Sri Lanka small-tank power law (Telivarai Kulam), Imbulana ceiling-capped",validated_2021_2025,
30,Galkulama Wewa,10/21/2025,2025,10,2.832051109,30.23834439,9.365761143,S1_SAR,,0,0.026759771,"Sri Lanka small-tank power law (Telivarai Kulam), Imbulana ceiling-capped",validated_2021_2025,
30,Galkulama Wewa,11/2/2025,2025,11,3.962870195,30.23834439,13.10544699,S1_SAR,,0,0.040672127,"Sri Lanka small-tank power law (Telivarai Kulam), Imbulana ceiling-capped",validated_2021_2025,
30,Galkulama Wewa,11/14/2025,2025,11,3.672659764,30.23834439,12.14570387,S1_SAR,,0,0.036994725,"Sri Lanka small-tank power law (Telivarai Kulam), Imbulana ceiling-capped",validated_2021_2025,
30,Galkulama Wewa,11/26/2025,2025,11,4.353152878,30.23834439,14.39613499,S1_SAR,,0,0.045722472,"Sri Lanka small-tank power law (Telivarai Kulam), Imbulana ceiling-capped",validated_2021_2025,
30,Galkulama Wewa,12/2/2025,2025,12,10.01725526,30.23834439,33.12765782,S1_SAR,,0,0.129164492,"Sri Lanka small-tank power law (Telivarai Kulam), Imbulana ceiling-capped",validated_2021_2025,
30,Galkulama Wewa,12/8/2025,2025,12,8.996516419,30.23834439,29.75201388,S1_SAR,,0,0.112975167,"Sri Lanka small-tank power law (Telivarai Kulam), Imbulana ceiling-capped",validated_2021_2025,
30,Galkulama Wewa,12/20/2025,2025,12,8.946480118,30.23834439,29.58654086,S1_SAR,,0,0.112192741,"Sri Lanka small-tank power law (Telivarai Kulam), Imbulana ceiling-capped",validated_2021_2025,
29,Galwaduwawa Wewa,1/3/2021,2021,1,0.0,4.877411048,0.0,S1_SAR,,0,0.0,"Sri Lanka small-tank power law (Telivarai Kulam), Imbulana ceiling-capped",validated_2021_2025,
29,Galwaduwawa Wewa,1/15/2021,2021,1,0.0,4.877411048,0.0,S1_SAR,,0,0.0,"Sri Lanka small-tank power law (Telivarai Kulam), Imbulana ceiling-capped",validated_2021_2025,
29,Galwaduwawa Wewa,1/27/2021,2021,1,0.0,4.877411048,0.0,S1_SAR,,0,0.0,"Sri Lanka small-tank power law (Telivarai Kulam), Imbulana ceiling-capped",validated_2021_2025,
29,Galwaduwawa Wewa,2/8/2021,2021,2,0.0,4.877411048,0.0,S1_SAR,,0,0.0,"Sri Lanka small-tank power law (Telivarai Kulam), Imbulana ceiling-capped",validated_2021_2025,
29,Galwaduwawa Wewa,2/20/2021,2021,2,0.0,4.877411048,0.0,S1_SAR,,0,0.0,"Sri Lanka small-tank power law (Telivarai Kulam), Imbulana ceiling-capped",validated_2021_2025,
29,Galwaduwawa Wewa,3/4/2021,2021,3,0.0,4.877411048,0.0,S1_SAR,,0,0.0,"Sri Lanka small-tank power law (Telivarai Kulam), Imbulana ceiling-capped",validated_2021_2025,
29,Galwaduwawa Wewa,3/16/2021,2021,3,0.0,4.877411048,0.0,S1_SAR,,0,0.0,"Sri Lanka small-tank power law (Telivarai Kulam), Imbulana ceiling-capped",validated_2021_2025,
29,Galwaduwawa Wewa,3/28/2021,2021,3,0.0,4.877411048,0.0,S1_SAR,,0,0.0,"Sri Lanka small-tank power law (Telivarai Kulam), Imbulana ceiling-capped",validated_2021_2025,
29,Galwaduwawa Wewa,4/9/2021,2021,4,0.0,4.877411048,0.0,S1_SAR,,0,0.0,"Sri Lanka small-tank power law (Telivarai Kulam), Imbulana ceiling-capped",validated_2021_2025,
29,Galwaduwawa Wewa,4/21/2021,2021,4,0.0,4.877411048,0.0,S1_SAR,,0,0.0,"Sri Lanka small-tank power law (Telivarai Kulam), Imbulana ceiling-capped",validated_2021_2025,
29,Galwaduwawa Wewa,5/3/2021,2021,5,0.0,4.877411048,0.0,S1_SAR,,0,0.0,"Sri Lanka small-tank power law (Telivarai Kulam), Imbulana ceiling-capped",validated_2021_2025,
29,Galwaduwawa Wewa,5/15/2021,2021,5,0.0,4.877411048,0.0,S1_SAR,,0,0.0,"Sri Lanka small-tank power law (Telivarai Kulam), Imbulana ceiling-capped",validated_2021_2025,
29,Galwaduwawa Wewa,5/27/2021,2021,5,0.0,4.877411048,0.0,S1_SAR,,0,0.0,"Sri Lanka small-tank power law (Telivarai Kulam), Imbulana ceiling-capped",validated_2021_2025,
29,Galwaduwawa Wewa,6/8/2021,2021,6,0.0,4.877411048,0.0,S1_SAR,,0,0.0,"Sri Lanka small-tank power law (Telivarai Kulam), Imbulana ceiling-capped",validated_2021_2025,
29,Galwaduwawa Wewa,6/14/2021,2021,6,0.0,4.877411048,0.0,S1_SAR,,0,0.0,"Sri Lanka small-tank power law (Telivarai Kulam), Imbulana ceiling-capped",validated_2021_2025,
29,Galwaduwawa Wewa,6/20/2021,2021,6,0.0,4.877411048,0.0,S1_SAR,,0,0.0,"Sri Lanka small-tank power law (Telivarai Kulam), Imbulana ceiling-capped",validated_2021_2025,
29,Galwaduwawa Wewa,7/2/2021,2021,7,0.0,4.877411048,0.0,S1_SAR,,0,0.0,"Sri Lanka small-tank power law (Telivarai Kulam), Imbulana ceiling-capped",validated_2021_2025,
29,Galwaduwawa Wewa,7/14/2021,2021,7,0.0,4.877411048,0.0,S1_SAR,,0,0.0,"Sri Lanka small-tank power law (Telivarai Kulam), Imbulana ceiling-capped",validated_2021_2025,
29,Galwaduwawa Wewa,7/26/2021,2021,7,0.0,4.877411048,0.0,S1_SAR,,0,0.0,"Sri Lanka small-tank power law (Telivarai Kulam), Imbulana ceiling-capped",validated_2021_2025,
29,Galwaduwawa Wewa,8/7/2021,2021,8,0.0,4.877411048,0.0,S1_SAR,,0,0.0,"Sri Lanka small-tank power law (Telivarai Kulam), Imbulana ceiling-capped",validated_2021_2025,
29,Galwaduwawa Wewa,8/19/2021,2021,8,0.0,4.877411048,0.0,S1_SAR,,0,0.0,"Sri Lanka small-tank power law (Telivarai Kulam), Imbulana ceiling-capped",validated_2021_2025,
29,Galwaduwawa Wewa,8/31/2021,2021,8,0.0,4.877411048,0.0,S1_SAR,,0,0.0,"Sri Lanka small-tank power law (Telivarai Kulam), Imbulana ceiling-capped",validated_2021_2025,
29,Galwaduwawa Wewa,9/12/2021,2021,9,0.0,4.877411048,0.0,S1_SAR,,0,0.0,"Sri Lanka small-tank power law (Telivarai Kulam), Imbulana ceiling-capped",validated_2021_2025,
29,Galwaduwawa Wewa,9/24/2021,2021,9,0.0,4.877411048,0.0,S1_SAR,,0,0.0,"Sri Lanka small-tank power law (Telivarai Kulam), Imbulana ceiling-capped",validated_2021_2025,
29,Galwaduwawa Wewa,10/6/2021,2021,10,0.0,4.877411048,0.0,S1_SAR,,0,0.0,"Sri Lanka small-tank power law (Telivarai Kulam), Imbulana ceiling-capped",validated_2021_2025,
29,Galwaduwawa Wewa,10/18/2021,2021,10,0.0,4.877411048,0.0,S1_SAR,,0,0.0,"Sri Lanka small-tank power law (Telivarai Kulam), Imbulana ceiling-capped",validated_2021_2025,
29,Galwaduwawa Wewa,10/30/2021,2021,10,0.0,4.877411048,0.0,S1_SAR,,0,0.0,"Sri Lanka small-tank power law (Telivarai Kulam), Imbulana ceiling-capped",validated_2021_2025,
29,Galwaduwawa Wewa,11/17/2021,2021,11,0.0,4.877411048,0.0,S1_SAR,,0,0.0,"Sri Lanka small-tank power law (Telivarai Kulam), Imbulana ceiling-capped",validated_2021_2025,
29,Galwaduwawa Wewa,11/23/2021,2021,11,0.0,4.877411048,0.0,S1_SAR,,0,0.0,"Sri Lanka small-tank power law (Telivarai Kulam), Imbulana ceiling-capped",validated_2021_2025,
29,Galwaduwawa Wewa,12/5/2021,2021,12,0.0,4.877411048,0.0,S1_SAR,,0,0.0,"Sri Lanka small-tank power law (Telivarai Kulam), Imbulana ceiling-capped",validated_2021_2025,
29,Galwaduwawa Wewa,12/17/2021,2021,12,0.0,4.877411048,0.0,S1_SAR,,0,0.0,"Sri Lanka small-tank power law (Telivarai Kulam), Imbulana ceiling-capped",validated_2021_2025,
29,Galwaduwawa Wewa,12/29/2021,2021,12,0.0,4.877411048,0.0,S1_SAR,,0,0.0,"Sri Lanka small-tank power law (Telivarai Kulam), Imbulana ceiling-capped",validated_2021_2025,
29,Galwaduwawa Wewa,1/10/2022,2022,1,0.0,4.877411048,0.0,S1_SAR,,0,0.0,"Sri Lanka small-tank power law (Telivarai Kulam), Imbulana ceiling-capped",validated_2021_2025,
29,Galwaduwawa Wewa,1/22/2022,2022,1,0.0,4.877411048,0.0,S1_SAR,,0,0.0,"Sri Lanka small-tank power law (Telivarai Kulam), Imbulana ceiling-capped",validated_2021_2025,
29,Galwaduwawa Wewa,2/3/2022,2022,2,0.0,4.877411048,0.0,S1_SAR,,0,0.0,"Sri Lanka small-tank power law (Telivarai Kulam), Imbulana ceiling-capped",validated_2021_2025,
29,Galwaduwawa Wewa,2/15/2022,2022,2,0.0,4.877411048,0.0,S1_SAR,,0,0.0,"Sri Lanka small-tank power law (Telivarai Kulam), Imbulana ceiling-capped",validated_2021_2025,
29,Galwaduwawa Wewa,2/27/2022,2022,2,0.0,4.877411048,0.0,S1_SAR,,0,0.0,"Sri Lanka small-tank power law (Telivarai Kulam), Imbulana ceiling-capped",validated_2021_2025,
29,Galwaduwawa Wewa,3/11/2022,2022,3,0.0,4.877411048,0.0,S1_SAR,,0,0.0,"Sri Lanka small-tank power law (Telivarai Kulam), Imbulana ceiling-capped",validated_2021_2025,
29,Galwaduwawa Wewa,3/23/2022,2022,3,0.0,4.877411048,0.0,S1_SAR,,0,0.0,"Sri Lanka small-tank power law (Telivarai Kulam), Imbulana ceiling-capped",validated_2021_2025,
29,Galwaduwawa Wewa,4/4/2022,2022,4,0.0,4.877411048,0.0,S1_SAR,,0,0.0,"Sri Lanka small-tank power law (Telivarai Kulam), Imbulana ceiling-capped",validated_2021_2025,
29,Galwaduwawa Wewa,4/16/2022,2022,4,0.490356695,4.877411048,10.05362661,S1_SAR,,0,0.003009394,"Sri Lanka small-tank power law (Telivarai Kulam), Imbulana ceiling-capped",validated_2021_2025,
29,Galwaduwawa Wewa,4/28/2022,2022,4,0.030021838,4.877411048,0.615528158,S1_SAR,,0,9.27e-05,"Sri Lanka small-tank power law (Telivarai Kulam), Imbulana ceiling-capped",validated_2021_2025,
29,Galwaduwawa Wewa,5/10/2022,2022,5,0.0,4.877411048,0.0,S1_SAR,,0,0.0,"Sri Lanka small-tank power law (Telivarai Kulam), Imbulana ceiling-capped",validated_2021_2025,
29,Galwaduwawa Wewa,5/22/2022,2022,5,0.0,4.877411048,0.0,S1_SAR,,0,0.0,"Sri Lanka small-tank power law (Telivarai Kulam), Imbulana ceiling-capped",validated_2021_2025,
29,Galwaduwawa Wewa,6/3/2022,2022,6,0.0,4.877411048,0.0,S1_SAR,,0,0.0,"Sri Lanka small-tank power law (Telivarai Kulam), Imbulana ceiling-capped",validated_2021_2025,
29,Galwaduwawa Wewa,6/15/2022,2022,6,0.0,4.877411048,0.0,S1_SAR,,0,0.0,"Sri Lanka small-tank power law (Telivarai Kulam), Imbulana ceiling-capped",validated_2021_2025,
29,Galwaduwawa Wewa,6/27/2022,2022,6,0.0,4.877411048,0.0,S1_SAR,,0,0.0,"Sri Lanka small-tank power law (Telivarai Kulam), Imbulana ceiling-capped",validated_2021_2025,
29,Galwaduwawa Wewa,7/9/2022,2022,7,0.0,4.877411048,0.0,S1_SAR,,0,0.0,"Sri Lanka small-tank power law (Telivarai Kulam), Imbulana ceiling-capped",validated_2021_2025,
29,Galwaduwawa Wewa,7/21/2022,2022,7,0.0,4.877411048,0.0,S1_SAR,,0,0.0,"Sri Lanka small-tank power law (Telivarai Kulam), Imbulana ceiling-capped",validated_2021_2025,
29,Galwaduwawa Wewa,8/2/2022,2022,8,0.0,4.877411048,0.0,S1_SAR,,0,0.0,"Sri Lanka small-tank power law (Telivarai Kulam), Imbulana ceiling-capped",validated_2021_2025,
29,Galwaduwawa Wewa,8/14/2022,2022,8,0.0,4.877411048,0.0,S1_SAR,,0,0.0,"Sri Lanka small-tank power law (Telivarai Kulam), Imbulana ceiling-capped",validated_2021_2025,
29,Galwaduwawa Wewa,8/26/2022,2022,8,0.0,4.877411048,0.0,S1_SAR,,0,0.0,"Sri Lanka small-tank power law (Telivarai Kulam), Imbulana ceiling-capped",validated_2021_2025,
29,Galwaduwawa Wewa,9/7/2022,2022,9,0.0,4.877411048,0.0,S1_SAR,,0,0.0,"Sri Lanka small-tank power law (Telivarai Kulam), Imbulana ceiling-capped",validated_2021_2025,
29,Galwaduwawa Wewa,9/19/2022,2022,9,0.0,4.877411048,0.0,S1_SAR,,0,0.0,"Sri Lanka small-tank power law (Telivarai Kulam), Imbulana ceiling-capped",validated_2021_2025,
29,Galwaduwawa Wewa,10/1/2022,2022,10,0.0,4.877411048,0.0,S1_SAR,,0,0.0,"Sri Lanka small-tank power law (Telivarai Kulam), Imbulana ceiling-capped",validated_2021_2025,
29,Galwaduwawa Wewa,10/13/2022,2022,10,0.0,4.877411048,0.0,S1_SAR,,0,0.0,"Sri Lanka small-tank power law (Telivarai Kulam), Imbulana ceiling-capped",validated_2021_2025,
29,Galwaduwawa Wewa,10/25/2022,2022,10,0.0,4.877411048,0.0,S1_SAR,,0,0.0,"Sri Lanka small-tank power law (Telivarai Kulam), Imbulana ceiling-capped",validated_2021_2025,
29,Galwaduwawa Wewa,11/6/2022,2022,11,0.0,4.877411048,0.0,S1_SAR,,0,0.0,"Sri Lanka small-tank power law (Telivarai Kulam), Imbulana ceiling-capped",validated_2021_2025,
29,Galwaduwawa Wewa,11/18/2022,2022,11,0.0,4.877411048,0.0,S1_SAR,,0,0.0,"Sri Lanka small-tank power law (Telivarai Kulam), Imbulana ceiling-capped",validated_2021_2025,
29,Galwaduwawa Wewa,11/30/2022,2022,11,0.0,4.877411048,0.0,S1_SAR,,0,0.0,"Sri Lanka small-tank power law (Telivarai Kulam), Imbulana ceiling-capped",validated_2021_2025,
29,Galwaduwawa Wewa,12/12/2022,2022,12,0.0,4.877411048,0.0,S1_SAR,,0,0.0,"Sri Lanka small-tank power law (Telivarai Kulam), Imbulana ceiling-capped",validated_2021_2025,
29,Galwaduwawa Wewa,12/24/2022,2022,12,0.0,4.877411048,0.0,S1_SAR,,0,0.0,"Sri Lanka small-tank power law (Telivarai Kulam), Imbulana ceiling-capped",validated_2021_2025,
29,Galwaduwawa Wewa,1/5/2023,2023,1,0.0,4.877411048,0.0,S1_SAR,,0,0.0,"Sri Lanka small-tank power law (Telivarai Kulam), Imbulana ceiling-capped",validated_2021_2025,
29,Galwaduwawa Wewa,1/17/2023,2023,1,0.0,4.877411048,0.0,S1_SAR,,0,0.0,"Sri Lanka small-tank power law (Telivarai Kulam), Imbulana ceiling-capped",validated_2021_2025,
29,Galwaduwawa Wewa,1/29/2023,2023,1,0.0,4.877411048,0.0,S1_SAR,,0,0.0,"Sri Lanka small-tank power law (Telivarai Kulam), Imbulana ceiling-capped",validated_2021_2025,
29,Galwaduwawa Wewa,2/10/2023,2023,2,0.0,4.877411048,0.0,S1_SAR,,0,0.0,"Sri Lanka small-tank power law (Telivarai Kulam), Imbulana ceiling-capped",validated_2021_2025,
29,Galwaduwawa Wewa,2/22/2023,2023,2,0.0,4.877411048,0.0,S1_SAR,,0,0.0,"Sri Lanka small-tank power law (Telivarai Kulam), Imbulana ceiling-capped",validated_2021_2025,
29,Galwaduwawa Wewa,3/6/2023,2023,3,0.0,4.877411048,0.0,S1_SAR,,0,0.0,"Sri Lanka small-tank power law (Telivarai Kulam), Imbulana ceiling-capped",validated_2021_2025,
29,Galwaduwawa Wewa,3/18/2023,2023,3,0.0,4.877411048,0.0,S1_SAR,,0,0.0,"Sri Lanka small-tank power law (Telivarai Kulam), Imbulana ceiling-capped",validated_2021_2025,
29,Galwaduwawa Wewa,3/30/2023,2023,3,0.0,4.877411048,0.0,S1_SAR,,0,0.0,"Sri Lanka small-tank power law (Telivarai Kulam), Imbulana ceiling-capped",validated_2021_2025,
29,Galwaduwawa Wewa,4/11/2023,2023,4,0.0,4.877411048,0.0,S1_SAR,,0,0.0,"Sri Lanka small-tank power law (Telivarai Kulam), Imbulana ceiling-capped",validated_2021_2025,
29,Galwaduwawa Wewa,4/23/2023,2023,4,0.0,4.877411048,0.0,S1_SAR,,0,0.0,"Sri Lanka small-tank power law (Telivarai Kulam), Imbulana ceiling-capped",validated_2021_2025,
29,Galwaduwawa Wewa,5/5/2023,2023,5,0.0,4.877411048,0.0,S1_SAR,,0,0.0,"Sri Lanka small-tank power law (Telivarai Kulam), Imbulana ceiling-capped",validated_2021_2025,
29,Galwaduwawa Wewa,5/17/2023,2023,5,0.0,4.877411048,0.0,S1_SAR,,0,0.0,"Sri Lanka small-tank power law (Telivarai Kulam), Imbulana ceiling-capped",validated_2021_2025,
29,Galwaduwawa Wewa,5/29/2023,2023,5,0.0,4.877411048,0.0,S1_SAR,,0,0.0,"Sri Lanka small-tank power law (Telivarai Kulam), Imbulana ceiling-capped",validated_2021_2025,
29,Galwaduwawa Wewa,6/10/2023,2023,6,0.0,4.877411048,0.0,S1_SAR,,0,0.0,"Sri Lanka small-tank power law (Telivarai Kulam), Imbulana ceiling-capped",validated_2021_2025,
29,Galwaduwawa Wewa,6/22/2023,2023,6,0.0,4.877411048,0.0,S1_SAR,,0,0.0,"Sri Lanka small-tank power law (Telivarai Kulam), Imbulana ceiling-capped",validated_2021_2025,
29,Galwaduwawa Wewa,7/4/2023,2023,7,0.0,4.877411048,0.0,S1_SAR,,0,0.0,"Sri Lanka small-tank power law (Telivarai Kulam), Imbulana ceiling-capped",validated_2021_2025,
29,Galwaduwawa Wewa,7/16/2023,2023,7,0.0,4.877411048,0.0,S1_SAR,,0,0.0,"Sri Lanka small-tank power law (Telivarai Kulam), Imbulana ceiling-capped",validated_2021_2025,
29,Galwaduwawa Wewa,7/28/2023,2023,7,0.0,4.877411048,0.0,S1_SAR,,0,0.0,"Sri Lanka small-tank power law (Telivarai Kulam), Imbulana ceiling-capped",validated_2021_2025,
29,Galwaduwawa Wewa,8/9/2023,2023,8,0.0,4.877411048,0.0,S1_SAR,,0,0.0,"Sri Lanka small-tank power law (Telivarai Kulam), Imbulana ceiling-capped",validated_2021_2025,
29,Galwaduwawa Wewa,9/2/2023,2023,9,0.0,4.877411048,0.0,S1_SAR,,0,0.0,"Sri Lanka small-tank power law (Telivarai Kulam), Imbulana ceiling-capped",validated_2021_2025,
29,Galwaduwawa Wewa,9/14/2023,2023,9,0.0,4.877411048,0.0,S1_SAR,,0,0.0,"Sri Lanka small-tank power law (Telivarai Kulam), Imbulana ceiling-capped",validated_2021_2025,
29,Galwaduwawa Wewa,9/26/2023,2023,9,0.0,4.877411048,0.0,S1_SAR,,0,0.0,"Sri Lanka small-tank power law (Telivarai Kulam), Imbulana ceiling-capped",validated_2021_2025,
29,Galwaduwawa Wewa,10/8/2023,2023,10,0.0,4.877411048,0.0,S1_SAR,,0,0.0,"Sri Lanka small-tank power law (Telivarai Kulam), Imbulana ceiling-capped",validated_2021_2025,
29,Galwaduwawa Wewa,10/20/2023,2023,10,0.200145586,4.877411048,4.103520996,S1_SAR,,0,0.000985248,"Sri Lanka small-tank power law (Telivarai Kulam), Imbulana ceiling-capped",validated_2021_2025,
29,Galwaduwawa Wewa,11/1/2023,2023,11,1.080786177,4.877411048,22.15901359,S1_SAR,,0,0.008056925,"Sri Lanka small-tank power law (Telivarai Kulam), Imbulana ceiling-capped",validated_2021_2025,
29,Galwaduwawa Wewa,11/13/2023,2023,11,1.070778914,4.877411048,21.95383787,S1_SAR,,0,0.007964072,"Sri Lanka small-tank power law (Telivarai Kulam), Imbulana ceiling-capped",validated_2021_2025,
29,Galwaduwawa Wewa,11/25/2023,2023,11,0.780567789,4.877411048,16.00373192,S1_SAR,,0,0.005371077,"Sri Lanka small-tank power law (Telivarai Kulam), Imbulana ceiling-capped",validated_2021_2025,
29,Galwaduwawa Wewa,12/7/2023,2023,12,0.930677,4.877411048,19.08137312,S1_SAR,,0,0.006687251,"Sri Lanka small-tank power law (Telivarai Kulam), Imbulana ceiling-capped",validated_2021_2025,
29,Galwaduwawa Wewa,12/19/2023,2023,12,0.590429481,4.877411048,12.10538696,S1_SAR,,0,0.003793001,"Sri Lanka small-tank power law (Telivarai Kulam), Imbulana ceiling-capped",validated_2021_2025,
29,Galwaduwawa Wewa,12/31/2023,2023,12,0.570414935,4.877411048,11.69503513,S1_SAR,,0,0.003633459,"Sri Lanka small-tank power law (Telivarai Kulam), Imbulana ceiling-capped",validated_2021_2025,
29,Galwaduwawa Wewa,1/12/2024,2024,1,0.80058233,4.877411048,16.41408366,S1_SAR,,0,0.005543225,"Sri Lanka small-tank power law (Telivarai Kulam), Imbulana ceiling-capped",validated_2021_2025,
29,Galwaduwawa Wewa,1/24/2024,2024,1,0.530385784,4.877411048,10.87433023,S1_SAR,,0,0.003318526,"Sri Lanka small-tank power law (Telivarai Kulam), Imbulana ceiling-capped",validated_2021_2025,
29,Galwaduwawa Wewa,2/5/2024,2024,2,0.440320275,4.877411048,9.027745884,S1_SAR,,0,0.002631678,"Sri Lanka small-tank power law (Telivarai Kulam), Imbulana ceiling-capped",validated_2021_2025,
29,Galwaduwawa Wewa,2/17/2024,2024,2,0.230167416,4.877411048,4.719048966,S1_SAR,,0,0.001172682,"Sri Lanka small-tank power law (Telivarai Kulam), Imbulana ceiling-capped",validated_2021_2025,
29,Galwaduwawa Wewa,2/29/2024,2024,2,0.350254769,4.877411048,7.181161598,S1_SAR,,0,0.001978751,"Sri Lanka small-tank power law (Telivarai Kulam), Imbulana ceiling-capped",validated_2021_2025,
29,Galwaduwawa Wewa,3/12/2024,2024,3,0.120087347,4.877411048,2.462112507,S1_SAR,,0,0.000521319,"Sri Lanka small-tank power law (Telivarai Kulam), Imbulana ceiling-capped",validated_2021_2025,
29,Galwaduwawa Wewa,3/24/2024,2024,3,0.280203811,4.877411048,5.744929188,S1_SAR,,0,0.001498419,"Sri Lanka small-tank power law (Telivarai Kulam), Imbulana ceiling-capped",validated_2021_2025,
29,Galwaduwawa Wewa,4/5/2024,2024,4,0.200145584,4.877411048,4.103520949,S1_SAR,,0,0.000985248,"Sri Lanka small-tank power law (Telivarai Kulam), Imbulana ceiling-capped",validated_2021_2025,
29,Galwaduwawa Wewa,4/17/2024,2024,4,0.0,4.877411048,0.0,S1_SAR,,0,0.0,"Sri Lanka small-tank power law (Telivarai Kulam), Imbulana ceiling-capped",validated_2021_2025,
29,Galwaduwawa Wewa,4/29/2024,2024,4,0.0,4.877411048,0.0,S1_SAR,,0,0.0,"Sri Lanka small-tank power law (Telivarai Kulam), Imbulana ceiling-capped",validated_2021_2025,
29,Galwaduwawa Wewa,5/11/2024,2024,5,0.0,4.877411048,0.0,S1_SAR,,0,0.0,"Sri Lanka small-tank power law (Telivarai Kulam), Imbulana ceiling-capped",validated_2021_2025,
29,Galwaduwawa Wewa,5/23/2024,2024,5,0.230167407,4.877411048,4.719048794,S1_SAR,,0,0.001172682,"Sri Lanka small-tank power law (Telivarai Kulam), Imbulana ceiling-capped",validated_2021_2025,
29,Galwaduwawa Wewa,6/4/2024,2024,6,0.390283884,4.877411048,8.001865741,S1_SAR,,0,0.002264399,"Sri Lanka small-tank power law (Telivarai Kulam), Imbulana ceiling-capped",validated_2021_2025,
29,Galwaduwawa Wewa,6/16/2024,2024,6,0.060043675,4.877411048,1.231056285,S1_SAR,,0,0.000219783,"Sri Lanka small-tank power law (Telivarai Kulam), Imbulana ceiling-capped",validated_2021_2025,
29,Galwaduwawa Wewa,7/10/2024,2024,7,0.040029117,4.877411048,0.82070419,S1_SAR,,0,0.000132608,"Sri Lanka small-tank power law (Telivarai Kulam), Imbulana ceiling-capped",validated_2021_2025,
29,Galwaduwawa Wewa,7/22/2024,2024,7,0.0,4.877411048,0.0,S1_SAR,,0,0.0,"Sri Lanka small-tank power law (Telivarai Kulam), Imbulana ceiling-capped",validated_2021_2025,
29,Galwaduwawa Wewa,8/3/2024,2024,8,0.0,4.877411048,0.0,S1_SAR,,0,0.0,"Sri Lanka small-tank power law (Telivarai Kulam), Imbulana ceiling-capped",validated_2021_2025,
29,Galwaduwawa Wewa,8/15/2024,2024,8,0.0,4.877411048,0.0,S1_SAR,,0,0.0,"Sri Lanka small-tank power law (Telivarai Kulam), Imbulana ceiling-capped",validated_2021_2025,
29,Galwaduwawa Wewa,8/27/2024,2024,8,0.0,4.877411048,0.0,S1_SAR,,0,0.0,"Sri Lanka small-tank power law (Telivarai Kulam), Imbulana ceiling-capped",validated_2021_2025,
29,Galwaduwawa Wewa,9/20/2024,2024,9,0.0,4.877411048,0.0,S1_SAR,,0,0.0,"Sri Lanka small-tank power law (Telivarai Kulam), Imbulana ceiling-capped",validated_2021_2025,
29,Galwaduwawa Wewa,10/2/2024,2024,10,0.0,4.877411048,0.0,S1_SAR,,0,0.0,"Sri Lanka small-tank power law (Telivarai Kulam), Imbulana ceiling-capped",validated_2021_2025,
29,Galwaduwawa Wewa,10/14/2024,2024,10,0.0,4.877411048,0.0,S1_SAR,,0,0.0,"Sri Lanka small-tank power law (Telivarai Kulam), Imbulana ceiling-capped",validated_2021_2025,
29,Galwaduwawa Wewa,10/26/2024,2024,10,0.0,4.877411048,0.0,S1_SAR,,0,0.0,"Sri Lanka small-tank power law (Telivarai Kulam), Imbulana ceiling-capped",validated_2021_2025,
29,Galwaduwawa Wewa,11/7/2024,2024,11,0.590429496,4.877411048,12.10538727,S1_SAR,,0,0.003793002,"Sri Lanka small-tank power law (Telivarai Kulam), Imbulana ceiling-capped",validated_2021_2025,
29,Galwaduwawa Wewa,11/19/2024,2024,11,0.560407652,4.877411048,11.489859,S1_SAR,,0,0.0035542,"Sri Lanka small-tank power law (Telivarai Kulam), Imbulana ceiling-capped",validated_2021_2025,
29,Galwaduwawa Wewa,12/13/2024,2024,12,0.6304586,4.877411048,12.92609119,S1_SAR,,0,0.004116064,"Sri Lanka small-tank power law (Telivarai Kulam), Imbulana ceiling-capped",validated_2021_2025,
29,Galwaduwawa Wewa,12/25/2024,2024,12,0.580422208,4.877411048,11.90021103,S1_SAR,,0,0.003713061,"Sri Lanka small-tank power law (Telivarai Kulam), Imbulana ceiling-capped",validated_2021_2025,
29,Galwaduwawa Wewa,1/6/2025,2025,1,0.730531413,4.877411048,14.97785211,S1_SAR,,0,0.004945491,"Sri Lanka small-tank power law (Telivarai Kulam), Imbulana ceiling-capped",validated_2021_2025,
29,Galwaduwawa Wewa,1/18/2025,2025,1,0.620451334,4.877411048,12.72091541,S1_SAR,,0,0.004034812,"Sri Lanka small-tank power law (Telivarai Kulam), Imbulana ceiling-capped",validated_2021_2025,
29,Galwaduwawa Wewa,1/30/2025,2025,1,0.330240222,4.877411048,6.770809738,S1_SAR,,0,0.00183886,"Sri Lanka small-tank power law (Telivarai Kulam), Imbulana ceiling-capped",validated_2021_2025,
29,Galwaduwawa Wewa,2/11/2025,2025,2,0.540393091,4.877411048,11.07950684,S1_SAR,,0,0.003396728,"Sri Lanka small-tank power law (Telivarai Kulam), Imbulana ceiling-capped",validated_2021_2025,
29,Galwaduwawa Wewa,2/23/2025,2025,2,0.610444043,4.877411048,12.51573913,S1_SAR,,0,0.003953881,"Sri Lanka small-tank power law (Telivarai Kulam), Imbulana ceiling-capped",validated_2021_2025,
29,Galwaduwawa Wewa,3/7/2025,2025,3,0.370269336,4.877411048,7.591513865,S1_SAR,,0,0.002120625,"Sri Lanka small-tank power law (Telivarai Kulam), Imbulana ceiling-capped",validated_2021_2025,
29,Galwaduwawa Wewa,3/19/2025,2025,3,0.520378526,4.877411048,10.66915462,S1_SAR,,0,0.003240686,"Sri Lanka small-tank power law (Telivarai Kulam), Imbulana ceiling-capped",validated_2021_2025,
29,Galwaduwawa Wewa,3/31/2025,2025,3,0.620451318,4.877411048,12.72091508,S1_SAR,,0,0.004034811,"Sri Lanka small-tank power law (Telivarai Kulam), Imbulana ceiling-capped",validated_2021_2025,
29,Galwaduwawa Wewa,4/12/2025,2025,4,0.540393073,4.877411048,11.07950648,S1_SAR,,0,0.003396728,"Sri Lanka small-tank power law (Telivarai Kulam), Imbulana ceiling-capped",validated_2021_2025,
29,Galwaduwawa Wewa,4/24/2025,2025,4,0.640465873,4.877411048,13.13126712,S1_SAR,,0,0.004197634,"Sri Lanka small-tank power law (Telivarai Kulam), Imbulana ceiling-capped",validated_2021_2025,
29,Galwaduwawa Wewa,5/6/2025,2025,5,0.580422193,4.877411048,11.90021074,S1_SAR,,0,0.003713061,"Sri Lanka small-tank power law (Telivarai Kulam), Imbulana ceiling-capped",validated_2021_2025,
29,Galwaduwawa Wewa,5/18/2025,2025,5,0.440320293,4.877411048,9.027746244,S1_SAR,,0,0.002631678,"Sri Lanka small-tank power law (Telivarai Kulam), Imbulana ceiling-capped",validated_2021_2025,
29,Galwaduwawa Wewa,5/30/2025,2025,5,0.270196545,4.877411048,5.539753406,S1_SAR,,0,0.001432031,"Sri Lanka small-tank power law (Telivarai Kulam), Imbulana ceiling-capped",validated_2021_2025,
29,Galwaduwawa Wewa,6/11/2025,2025,6,0.0,4.877411048,0.0,S1_SAR,,0,0.0,"Sri Lanka small-tank power law (Telivarai Kulam), Imbulana ceiling-capped",validated_2021_2025,
29,Galwaduwawa Wewa,6/23/2025,2025,6,0.0,4.877411048,0.0,S1_SAR,,0,0.0,"Sri Lanka small-tank power law (Telivarai Kulam), Imbulana ceiling-capped",validated_2021_2025,
29,Galwaduwawa Wewa,7/5/2025,2025,7,0.0,4.877411048,0.0,S1_SAR,,0,0.0,"Sri Lanka small-tank power law (Telivarai Kulam), Imbulana ceiling-capped",validated_2021_2025,
29,Galwaduwawa Wewa,7/17/2025,2025,7,0.0,4.877411048,0.0,S1_SAR,,0,0.0,"Sri Lanka small-tank power law (Telivarai Kulam), Imbulana ceiling-capped",validated_2021_2025,
29,Galwaduwawa Wewa,7/29/2025,2025,7,0.0,4.877411048,0.0,S1_SAR,,0,0.0,"Sri Lanka small-tank power law (Telivarai Kulam), Imbulana ceiling-capped",validated_2021_2025,
29,Galwaduwawa Wewa,8/10/2025,2025,8,0.0,4.877411048,0.0,S1_SAR,,0,0.0,"Sri Lanka small-tank power law (Telivarai Kulam), Imbulana ceiling-capped",validated_2021_2025,
29,Galwaduwawa Wewa,8/22/2025,2025,8,0.0,4.877411048,0.0,S1_SAR,,0,0.0,"Sri Lanka small-tank power law (Telivarai Kulam), Imbulana ceiling-capped",validated_2021_2025,
29,Galwaduwawa Wewa,9/3/2025,2025,9,0.0,4.877411048,0.0,S1_SAR,,0,0.0,"Sri Lanka small-tank power law (Telivarai Kulam), Imbulana ceiling-capped",validated_2021_2025,
29,Galwaduwawa Wewa,9/15/2025,2025,9,0.0,4.877411048,0.0,S1_SAR,,0,0.0,"Sri Lanka small-tank power law (Telivarai Kulam), Imbulana ceiling-capped",validated_2021_2025,
29,Galwaduwawa Wewa,9/27/2025,2025,9,0.0,4.877411048,0.0,S1_SAR,,0,0.0,"Sri Lanka small-tank power law (Telivarai Kulam), Imbulana ceiling-capped",validated_2021_2025,
29,Galwaduwawa Wewa,10/9/2025,2025,10,0.0,4.877411048,0.0,S1_SAR,,0,0.0,"Sri Lanka small-tank power law (Telivarai Kulam), Imbulana ceiling-capped",validated_2021_2025,
29,Galwaduwawa Wewa,10/21/2025,2025,10,0.0,4.877411048,0.0,S1_SAR,,0,0.0,"Sri Lanka small-tank power law (Telivarai Kulam), Imbulana ceiling-capped",validated_2021_2025,
29,Galwaduwawa Wewa,11/2/2025,2025,11,0.0,4.877411048,0.0,S1_SAR,,0,0.0,"Sri Lanka small-tank power law (Telivarai Kulam), Imbulana ceiling-capped",validated_2021_2025,
29,Galwaduwawa Wewa,11/14/2025,2025,11,0.0,4.877411048,0.0,S1_SAR,,0,0.0,"Sri Lanka small-tank power law (Telivarai Kulam), Imbulana ceiling-capped",validated_2021_2025,
29,Galwaduwawa Wewa,11/26/2025,2025,11,0.470342135,4.877411048,9.64327448,S1_SAR,,0,0.002857111,"Sri Lanka small-tank power law (Telivarai Kulam), Imbulana ceiling-capped",validated_2021_2025,
29,Galwaduwawa Wewa,12/2/2025,2025,12,0.040029118,4.877411048,0.820704221,S1_SAR,,0,0.000132608,"Sri Lanka small-tank power law (Telivarai Kulam), Imbulana ceiling-capped",validated_2021_2025,
29,Galwaduwawa Wewa,12/8/2025,2025,12,0.0,4.877411048,0.0,S1_SAR,,0,0.0,"Sri Lanka small-tank power law (Telivarai Kulam), Imbulana ceiling-capped",validated_2021_2025,
29,Galwaduwawa Wewa,12/20/2025,2025,12,0.0,4.877411048,0.0,S1_SAR,,0,0.0,"Sri Lanka small-tank power law (Telivarai Kulam), Imbulana ceiling-capped",validated_2021_2025,
26,Hammillakulama Wewa,1/3/2021,2021,1,7.455338633,30.63169744,24.33864022,S1_SAR,,0,0.089391013,"Sri Lanka small-tank power law (Telivarai Kulam), Imbulana ceiling-capped",validated_2021_2025,
26,Hammillakulama Wewa,1/15/2021,2021,1,8.626177281,30.63169744,28.16095092,S1_SAR,,0,0.107209802,"Sri Lanka small-tank power law (Telivarai Kulam), Imbulana ceiling-capped",validated_2021_2025,
26,Hammillakulama Wewa,1/27/2021,2021,1,9.686936837,30.63169744,31.62389827,S1_SAR,,0,0.123878898,"Sri Lanka small-tank power law (Telivarai Kulam), Imbulana ceiling-capped",validated_2021_2025,
26,Hammillakulama Wewa,2/8/2021,2021,2,11.20802606,30.63169744,36.58963425,S1_SAR,,0,0.148568787,"Sri Lanka small-tank power law (Telivarai Kulam), Imbulana ceiling-capped",validated_2021_2025,
26,Hammillakulama Wewa,2/20/2021,2021,2,11.56828416,30.63169744,37.76573003,S1_SAR,,0,0.154542714,"Sri Lanka small-tank power law (Telivarai Kulam), Imbulana ceiling-capped",validated_2021_2025,
26,Hammillakulama Wewa,3/4/2021,2021,3,11.44819807,30.63169744,37.37369792,S1_SAR,,0,0.152546244,"Sri Lanka small-tank power law (Telivarai Kulam), Imbulana ceiling-capped",validated_2021_2025,
26,Hammillakulama Wewa,3/16/2021,2021,3,11.00788293,30.63169744,35.93624857,S1_SAR,,0,0.14527021,"Sri Lanka small-tank power law (Telivarai Kulam), Imbulana ceiling-capped",validated_2021_2025,
26,Hammillakulama Wewa,3/28/2021,2021,3,11.66835523,30.63169744,38.09242128,S1_SAR,,0,0.156210331,"Sri Lanka small-tank power law (Telivarai Kulam), Imbulana ceiling-capped",validated_2021_2025,
26,Hammillakulama Wewa,4/9/2021,2021,4,11.1679968,30.63169744,36.45895505,S1_SAR,,0,0.147907893,"Sri Lanka small-tank power law (Telivarai Kulam), Imbulana ceiling-capped",validated_2021_2025,
26,Hammillakulama Wewa,4/21/2021,2021,4,11.31810367,30.63169744,36.94899277,S1_SAR,,0,0.150389191,"Sri Lanka small-tank power law (Telivarai Kulam), Imbulana ceiling-capped",validated_2021_2025,
26,Hammillakulama Wewa,5/3/2021,2021,5,7.765559754,30.63169744,25.35138567,S1_SAR,,0,0.094049448,"Sri Lanka small-tank power law (Telivarai Kulam), Imbulana ceiling-capped",validated_2021_2025,
26,Hammillakulama Wewa,5/15/2021,2021,5,11.77843346,30.63169744,38.45178181,S1_SAR,,0,0.158048779,"Sri Lanka small-tank power law (Telivarai Kulam), Imbulana ceiling-capped",validated_2021_2025,
26,Hammillakulama Wewa,5/27/2021,2021,5,12.14869857,30.63169744,39.66054639,S1_SAR,,0,0.164263577,"Sri Lanka small-tank power law (Telivarai Kulam), Imbulana ceiling-capped",validated_2021_2025,
26,Hammillakulama Wewa,6/8/2021,2021,6,12.44891337,30.63169744,40.64062527,S1_SAR,,0,0.169337001,"Sri Lanka small-tank power law (Telivarai Kulam), Imbulana ceiling-capped",validated_2021_2025,
26,Hammillakulama Wewa,6/14/2021,2021,6,12.2687845,30.63169744,40.05257796,S1_SAR,,0,0.166289288,"Sri Lanka small-tank power law (Telivarai Kulam), Imbulana ceiling-capped",validated_2021_2025,
26,Hammillakulama Wewa,6/20/2021,2021,6,13.01932195,30.63169744,42.50277665,S1_SAR,,0,0.179059271,"Sri Lanka small-tank power law (Telivarai Kulam), Imbulana ceiling-capped",validated_2021_2025,
26,Hammillakulama Wewa,7/2/2021,2021,7,12.76914273,30.63169744,41.68604354,S1_SAR,,0,0.174781931,"Sri Lanka small-tank power law (Telivarai Kulam), Imbulana ceiling-capped",validated_2021_2025,
26,Hammillakulama Wewa,7/14/2021,2021,7,13.22947252,30.63169744,43.18883258,S1_SAR,,0,0.182667918,"Sri Lanka small-tank power law (Telivarai Kulam), Imbulana ceiling-capped",validated_2021_2025,
26,Hammillakulama Wewa,7/26/2021,2021,7,13.05935067,30.63169744,42.63345412,S1_SAR,,0,0.179745535,"Sri Lanka small-tank power law (Telivarai Kulam), Imbulana ceiling-capped",validated_2021_2025,
26,Hammillakulama Wewa,8/7/2021,2021,8,13.05935076,30.63169744,42.63345441,S1_SAR,,0,0.179745537,"Sri Lanka small-tank power law (Telivarai Kulam), Imbulana ceiling-capped",validated_2021_2025,
26,Hammillakulama Wewa,8/19/2021,2021,8,13.16942944,30.63169744,42.99281641,S1_SAR,,0,0.181635425,"Sri Lanka small-tank power law (Telivarai Kulam), Imbulana ceiling-capped",validated_2021_2025,
26,Hammillakulama Wewa,8/31/2021,2021,8,13.76985934,30.63169744,44.95297516,S1_SAR,,0,0.192011792,"Sri Lanka small-tank power law (Telivarai Kulam), Imbulana ceiling-capped",validated_2021_2025,
26,Hammillakulama Wewa,9/12/2021,2021,9,13.25949394,30.63169744,43.28684028,S1_SAR,,0,0.183184595,"Sri Lanka small-tank power law (Telivarai Kulam), Imbulana ceiling-capped",validated_2021_2025,
26,Hammillakulama Wewa,9/24/2021,2021,9,13.93998121,30.63169744,45.50835368,S1_SAR,,0,0.19497228,"Sri Lanka small-tank power law (Telivarai Kulam), Imbulana ceiling-capped",validated_2021_2025,
26,Hammillakulama Wewa,10/6/2021,2021,10,13.48965881,30.63169744,44.0382347,S1_SAR,,0,0.187155328,"Sri Lanka small-tank power law (Telivarai Kulam), Imbulana ceiling-capped",validated_2021_2025,
26,Hammillakulama Wewa,10/18/2021,2021,10,13.1894437,30.63169744,43.05815481,S1_SAR,,0,0.181979459,"Sri Lanka small-tank power law (Telivarai Kulam), Imbulana ceiling-capped",validated_2021_2025,
26,Hammillakulama Wewa,10/30/2021,2021,10,13.44962992,30.63169744,43.90755671,S1_SAR,,0,0.186463556,"Sri Lanka small-tank power law (Telivarai Kulam), Imbulana ceiling-capped",validated_2021_2025,
26,Hammillakulama Wewa,11/17/2021,2021,11,12.99930755,30.63169744,42.4374378,S1_SAR,,0,0.178716333,"Sri Lanka small-tank power law (Telivarai Kulam), Imbulana ceiling-capped",validated_2021_2025,
26,Hammillakulama Wewa,11/23/2021,2021,11,13.40960158,30.63169744,43.77688049,S1_SAR,,0,0.1857723,"Sri Lanka small-tank power law (Telivarai Kulam), Imbulana ceiling-capped",validated_2021_2025,
26,Hammillakulama Wewa,12/5/2021,2021,12,13.04934354,30.63169744,42.60078492,S1_SAR,,0,0.179573922,"Sri Lanka small-tank power law (Telivarai Kulam), Imbulana ceiling-capped",validated_2021_2025,
26,Hammillakulama Wewa,12/17/2021,2021,12,12.80917174,30.63169744,41.81672192,S1_SAR,,0,0.175464937,"Sri Lanka small-tank power law (Telivarai Kulam), Imbulana ceiling-capped",validated_2021_2025,
26,Hammillakulama Wewa,12/29/2021,2021,12,13.13940842,30.63169744,42.89481,S1_SAR,,0,0.181119621,"Sri Lanka small-tank power law (Telivarai Kulam), Imbulana ceiling-capped",validated_2021_2025,
26,Hammillakulama Wewa,1/10/2022,2022,1,12.57900714,30.63169744,41.06532836,S1_SAR,,0,0.171544907,"Sri Lanka small-tank power law (Telivarai Kulam), Imbulana ceiling-capped",validated_2021_2025,
26,Hammillakulama Wewa,1/22/2022,2022,1,13.11939432,30.63169744,42.82947216,S1_SAR,,0,0.180775912,"Sri Lanka small-tank power law (Telivarai Kulam), Imbulana ceiling-capped",validated_2021_2025,
26,Hammillakulama Wewa,2/3/2022,2022,2,13.51968113,30.63169744,44.13624534,S1_SAR,,0,0.187674501,"Sri Lanka small-tank power law (Telivarai Kulam), Imbulana ceiling-capped",validated_2021_2025,
26,Hammillakulama Wewa,2/15/2022,2022,2,13.50967392,30.63169744,44.10357588,S1_SAR,,0,0.187501416,"Sri Lanka small-tank power law (Telivarai Kulam), Imbulana ceiling-capped",validated_2021_2025,
26,Hammillakulama Wewa,2/27/2022,2022,2,13.4296166,30.63169744,43.84222138,S1_SAR,,0,0.186117879,"Sri Lanka small-tank power law (Telivarai Kulam), Imbulana ceiling-capped",validated_2021_2025,
26,Hammillakulama Wewa,3/11/2022,2022,3,13.73983877,30.63169744,44.85497024,S1_SAR,,0,0.191490299,"Sri Lanka small-tank power law (Telivarai Kulam), Imbulana ceiling-capped",validated_2021_2025,
26,Hammillakulama Wewa,3/23/2022,2022,3,13.83991027,30.63169744,45.18166288,S1_SAR,,0,0.193229745,"Sri Lanka small-tank power law (Telivarai Kulam), Imbulana ceiling-capped",validated_2021_2025,
26,Hammillakulama Wewa,4/4/2022,2022,4,13.39959495,30.63169744,43.74421291,S1_SAR,,0,0.185599573,"Sri Lanka small-tank power law (Telivarai Kulam), Imbulana ceiling-capped",validated_2021_2025,
26,Hammillakulama Wewa,4/16/2022,2022,4,13.90995995,30.63169744,45.41034653,S1_SAR,,0,0.194449196,"Sri Lanka small-tank power law (Telivarai Kulam), Imbulana ceiling-capped",validated_2021_2025,
26,Hammillakulama Wewa,4/28/2022,2022,4,13.6497738,30.63169744,44.56094483,S1_SAR,,0,0.18992745,"Sri Lanka small-tank power law (Telivarai Kulam), Imbulana ceiling-capped",validated_2021_2025,
26,Hammillakulama Wewa,5/10/2022,2022,5,13.21946541,30.63169744,43.15616342,S1_SAR,,0,0.182495756,"Sri Lanka small-tank power law (Telivarai Kulam), Imbulana ceiling-capped",validated_2021_2025,
26,Hammillakulama Wewa,5/22/2022,2022,5,12.69909308,30.63169744,41.45735999,S1_SAR,,0,0.173587959,"Sri Lanka small-tank power law (Telivarai Kulam), Imbulana ceiling-capped",validated_2021_2025,
26,Hammillakulama Wewa,6/3/2022,2022,6,13.53969473,30.63169744,44.20158157,S1_SAR,,0,0.188020751,"Sri Lanka small-tank power law (Telivarai Kulam), Imbulana ceiling-capped",validated_2021_2025,
26,Hammillakulama Wewa,6/15/2022,2022,6,13.65978068,30.63169744,44.59361323,S1_SAR,,0,0.190100969,"Sri Lanka small-tank power law (Telivarai Kulam), Imbulana ceiling-capped",validated_2021_2025,
26,Hammillakulama Wewa,6/27/2022,2022,6,13.33955145,30.63169744,43.54819539,S1_SAR,,0,0.184563814,"Sri Lanka small-tank power law (Telivarai Kulam), Imbulana ceiling-capped",validated_2021_2025,
26,Hammillakulama Wewa,7/9/2022,2022,7,13.63976663,30.63169744,44.52827552,S1_SAR,,0,0.189753957,"Sri Lanka small-tank power law (Telivarai Kulam), Imbulana ceiling-capped",validated_2021_2025,
26,Hammillakulama Wewa,7/21/2022,2022,7,13.53969485,30.63169744,44.20158197,S1_SAR,,0,0.188020753,"Sri Lanka small-tank power law (Telivarai Kulam), Imbulana ceiling-capped",validated_2021_2025,
26,Hammillakulama Wewa,8/2/2022,2022,8,13.0793653,30.63169744,42.69879373,S1_SAR,,0,0.180088866,"Sri Lanka small-tank power law (Telivarai Kulam), Imbulana ceiling-capped",validated_2021_2025,
26,Hammillakulama Wewa,8/14/2022,2022,8,13.70981677,30.63169744,44.75696067,S1_SAR,,0,0.190969063,"Sri Lanka small-tank power law (Telivarai Kulam), Imbulana ceiling-capped",validated_2021_2025,
26,Hammillakulama Wewa,8/26/2022,2022,8,13.71982392,30.63169744,44.78962991,S1_SAR,,0,0.191142774,"Sri Lanka small-tank power law (Telivarai Kulam), Imbulana ceiling-capped",validated_2021_2025,
26,Hammillakulama Wewa,9/7/2022,2022,9,13.82990264,30.63169744,45.14899205,S1_SAR,,0,0.193055653,"Sri Lanka small-tank power law (Telivarai Kulam), Imbulana ceiling-capped",validated_2021_2025,
26,Hammillakulama Wewa,9/19/2022,2022,9,13.43962337,30.63169744,43.87488939,S1_SAR,,0,0.186290704,"Sri Lanka small-tank power law (Telivarai Kulam), Imbulana ceiling-capped",validated_2021_2025,
26,Hammillakulama Wewa,10/1/2022,2022,10,13.31953733,30.63169744,43.48285744,S1_SAR,,0,0.184218822,"Sri Lanka small-tank power law (Telivarai Kulam), Imbulana ceiling-capped",validated_2021_2025,
26,Hammillakulama Wewa,10/13/2022,2022,10,13.51968069,30.63169744,44.13624388,S1_SAR,,0,0.187674493,"Sri Lanka small-tank power law (Telivarai Kulam), Imbulana ceiling-capped",validated_2021_2025,
26,Hammillakulama Wewa,10/25/2022,2022,10,13.48965916,30.63169744,44.03823586,S1_SAR,,0,0.187155334,"Sri Lanka small-tank power law (Telivarai Kulam), Imbulana ceiling-capped",validated_2021_2025,
26,Hammillakulama Wewa,11/6/2022,2022,11,13.08937248,30.63169744,42.73146308,S1_SAR,,0,0.180260578,"Sri Lanka small-tank power law (Telivarai Kulam), Imbulana ceiling-capped",validated_2021_2025,
26,Hammillakulama Wewa,11/18/2022,2022,11,13.39959473,30.63169744,43.7442122,S1_SAR,,0,0.185599569,"Sri Lanka small-tank power law (Telivarai Kulam), Imbulana ceiling-capped",validated_2021_2025,
26,Hammillakulama Wewa,11/30/2022,2022,11,13.32954454,30.63169744,43.51552689,S1_SAR,,0,0.184391304,"Sri Lanka small-tank power law (Telivarai Kulam), Imbulana ceiling-capped",validated_2021_2025,
26,Hammillakulama Wewa,12/12/2022,2022,12,13.20945842,30.63169744,43.12349471,S1_SAR,,0,0.18232363,"Sri Lanka small-tank power law (Telivarai Kulam), Imbulana ceiling-capped",validated_2021_2025,
26,Hammillakulama Wewa,12/24/2022,2022,12,13.40960176,30.63169744,43.77688108,S1_SAR,,0,0.185772303,"Sri Lanka small-tank power law (Telivarai Kulam), Imbulana ceiling-capped",validated_2021_2025,
26,Hammillakulama Wewa,1/5/2023,2023,1,13.23948002,30.63169744,43.22150299,S1_SAR,,0,0.182840118,"Sri Lanka small-tank power law (Telivarai Kulam), Imbulana ceiling-capped",validated_2021_2025,
26,Hammillakulama Wewa,1/17/2023,2023,1,12.84920068,30.63169744,41.94740009,S1_SAR,,0,0.176148466,"Sri Lanka small-tank power law (Telivarai Kulam), Imbulana ceiling-capped",validated_2021_2025,
26,Hammillakulama Wewa,1/29/2023,2023,1,13.38958735,30.63169744,43.71154219,S1_SAR,,0,0.185426861,"Sri Lanka small-tank power law (Telivarai Kulam), Imbulana ceiling-capped",validated_2021_2025,
26,Hammillakulama Wewa,2/10/2023,2023,2,13.14941538,30.63169744,42.92747867,S1_SAR,,0,0.181291523,"Sri Lanka small-tank power law (Telivarai Kulam), Imbulana ceiling-capped",validated_2021_2025,
26,Hammillakulama Wewa,2/22/2023,2023,2,13.23947988,30.63169744,43.22150252,S1_SAR,,0,0.182840115,"Sri Lanka small-tank power law (Telivarai Kulam), Imbulana ceiling-capped",validated_2021_2025,
26,Hammillakulama Wewa,3/6/2023,2023,3,13.19945124,30.63169744,43.09082535,S1_SAR,,0,0.182151531,"Sri Lanka small-tank power law (Telivarai Kulam), Imbulana ceiling-capped",validated_2021_2025,
26,Hammillakulama Wewa,3/18/2023,2023,3,13.27950863,30.63169744,43.35218006,S1_SAR,,0,0.183529213,"Sri Lanka small-tank power law (Telivarai Kulam), Imbulana ceiling-capped",validated_2021_2025,
26,Hammillakulama Wewa,3/30/2023,2023,3,12.72911438,30.63169744,41.5553673,S1_SAR,,0,0.174099464,"Sri Lanka small-tank power law (Telivarai Kulam), Imbulana ceiling-capped",validated_2021_2025,
26,Hammillakulama Wewa,4/11/2023,2023,4,12.95927922,30.63169744,42.30676164,S1_SAR,,0,0.178030854,"Sri Lanka small-tank power law (Telivarai Kulam), Imbulana ceiling-capped",validated_2021_2025,
26,Hammillakulama Wewa,4/23/2023,2023,4,12.89923623,30.63169744,42.11074577,S1_SAR,,0,0.177003605,"Sri Lanka small-tank power law (Telivarai Kulam), Imbulana ceiling-capped",validated_2021_2025,
26,Hammillakulama Wewa,5/5/2023,2023,5,12.47893541,30.63169744,40.738635,S1_SAR,,0,0.169846023,"Sri Lanka small-tank power law (Telivarai Kulam), Imbulana ceiling-capped",validated_2021_2025,
26,Hammillakulama Wewa,5/17/2023,2023,5,12.33883516,30.63169744,40.28126482,S1_SAR,,0,0.167473219,"Sri Lanka small-tank power law (Telivarai Kulam), Imbulana ceiling-capped",validated_2021_2025,
26,Hammillakulama Wewa,5/29/2023,2023,5,10.50752425,30.63169744,34.30278153,S1_SAR,,0,0.137088632,"Sri Lanka small-tank power law (Telivarai Kulam), Imbulana ceiling-capped",validated_2021_2025,
26,Hammillakulama Wewa,6/10/2023,2023,6,10.79773193,30.63169744,35.25019124,S1_SAR,,0,0.141822545,"Sri Lanka small-tank power law (Telivarai Kulam), Imbulana ceiling-capped",validated_2021_2025,
26,Hammillakulama Wewa,6/22/2023,2023,6,11.35813303,30.63169744,37.07967229,S1_SAR,,0,0.151052258,"Sri Lanka small-tank power law (Telivarai Kulam), Imbulana ceiling-capped",validated_2021_2025,
26,Hammillakulama Wewa,7/4/2023,2023,7,11.10795393,30.63169744,36.26293957,S1_SAR,,0,0.146917661,"Sri Lanka small-tank power law (Telivarai Kulam), Imbulana ceiling-capped",validated_2021_2025,
26,Hammillakulama Wewa,7/16/2023,2023,7,10.677646,30.63169744,34.85815967,S1_SAR,,0,0.139859838,"Sri Lanka small-tank power law (Telivarai Kulam), Imbulana ceiling-capped",validated_2021_2025,
26,Hammillakulama Wewa,7/28/2023,2023,7,11.61831969,30.63169744,37.92907564,S1_SAR,,0,0.155376081,"Sri Lanka small-tank power law (Telivarai Kulam), Imbulana ceiling-capped",validated_2021_2025,
26,Hammillakulama Wewa,8/9/2023,2023,8,11.60831245,30.63169744,37.89640607,S1_SAR,,0,0.155209334,"Sri Lanka small-tank power law (Telivarai Kulam), Imbulana ceiling-capped",validated_2021_2025,
26,Hammillakulama Wewa,9/2/2023,2023,9,11.2380471,30.63169744,36.68764071,S1_SAR,,0,0.149064825,"Sri Lanka small-tank power law (Telivarai Kulam), Imbulana ceiling-capped",validated_2021_2025,
26,Hammillakulama Wewa,9/14/2023,2023,9,10.95784658,30.63169744,35.77290028,S1_SAR,,0,0.14444785,"Sri Lanka small-tank power law (Telivarai Kulam), Imbulana ceiling-capped",validated_2021_2025,
26,Hammillakulama Wewa,9/26/2023,2023,9,12.07864906,30.63169744,39.43186329,S1_SAR,,0,0.163084194,"Sri Lanka small-tank power law (Telivarai Kulam), Imbulana ceiling-capped",validated_2021_2025,
26,Hammillakulama Wewa,10/8/2023,2023,10,11.59830508,30.63169744,37.86373609,S1_SAR,,0,0.155042621,"Sri Lanka small-tank power law (Telivarai Kulam), Imbulana ceiling-capped",validated_2021_2025,
26,Hammillakulama Wewa,10/20/2023,2023,10,14.26021055,30.63169744,46.55377189,S1_SAR,,0,0.200569053,"Sri Lanka small-tank power law (Telivarai Kulam), Imbulana ceiling-capped",validated_2021_2025,
26,Hammillakulama Wewa,11/1/2023,2023,11,12.31882088,30.63169744,40.21592634,S1_SAR,,0,0.167134787,"Sri Lanka small-tank power law (Telivarai Kulam), Imbulana ceiling-capped",validated_2021_2025,
26,Hammillakulama Wewa,11/13/2023,2023,11,11.74841241,30.63169744,38.35377533,S1_SAR,,0,0.157546968,"Sri Lanka small-tank power law (Telivarai Kulam), Imbulana ceiling-capped",validated_2021_2025,
26,Hammillakulama Wewa,11/25/2023,2023,11,11.56828378,30.63169744,37.7657288,S1_SAR,,0,0.154542708,"Sri Lanka small-tank power law (Telivarai Kulam), Imbulana ceiling-capped",validated_2021_2025,
26,Hammillakulama Wewa,12/7/2023,2023,12,11.49823367,30.63169744,37.53704376,S1_SAR,,0,0.153377479,"Sri Lanka small-tank power law (Telivarai Kulam), Imbulana ceiling-capped",validated_2021_2025,
26,Hammillakulama Wewa,12/19/2023,2023,12,10.93783212,30.63169744,35.70756123,S1_SAR,,0,0.144119165,"Sri Lanka small-tank power law (Telivarai Kulam), Imbulana ceiling-capped",validated_2021_2025,
26,Hammillakulama Wewa,12/31/2023,2023,12,10.84776792,30.63169744,35.41353836,S1_SAR,,0,0.142641933,"Sri Lanka small-tank power law (Telivarai Kulam), Imbulana ceiling-capped",validated_2021_2025,
26,Hammillakulama Wewa,1/12/2024,2024,1,11.48822632,30.63169744,37.50437384,S1_SAR,,0,0.153211157,"Sri Lanka small-tank power law (Telivarai Kulam), Imbulana ceiling-capped",validated_2021_2025,
26,Hammillakulama Wewa,1/24/2024,2024,1,11.38815479,30.63169744,37.17768109,S1_SAR,,0,0.151549932,"Sri Lanka small-tank power law (Telivarai Kulam), Imbulana ceiling-capped",validated_2021_2025,
26,Hammillakulama Wewa,2/5/2024,2024,2,11.55827653,30.63169744,37.73305919,S1_SAR,,0,0.154376138,"Sri Lanka small-tank power law (Telivarai Kulam), Imbulana ceiling-capped",validated_2021_2025,
26,Hammillakulama Wewa,2/17/2024,2024,2,11.74841248,30.63169744,38.35377556,S1_SAR,,0,0.157546969,"Sri Lanka small-tank power law (Telivarai Kulam), Imbulana ceiling-capped",validated_2021_2025,
26,Hammillakulama Wewa,2/29/2024,2024,2,12.43890703,30.63169744,40.60795866,S1_SAR,,0,0.169167411,"Sri Lanka small-tank power law (Telivarai Kulam), Imbulana ceiling-capped",validated_2021_2025,
26,Hammillakulama Wewa,3/12/2024,2024,3,11.69837694,30.63169744,38.1904299,S1_SAR,,0,0.15671131,"Sri Lanka small-tank power law (Telivarai Kulam), Imbulana ceiling-capped",validated_2021_2025,
26,Hammillakulama Wewa,3/24/2024,2024,3,12.22875658,30.63169744,39.92190314,S1_SAR,,0,0.165613518,"Sri Lanka small-tank power law (Telivarai Kulam), Imbulana ceiling-capped",validated_2021_2025,
26,Hammillakulama Wewa,4/5/2024,2024,4,11.49823357,30.63169744,37.53704345,S1_SAR,,0,0.153377477,"Sri Lanka small-tank power law (Telivarai Kulam), Imbulana ceiling-capped",validated_2021_2025,
26,Hammillakulama Wewa,4/17/2024,2024,4,10.52753846,30.63169744,34.36811975,S1_SAR,,0,0.137414085,"Sri Lanka small-tank power law (Telivarai Kulam), Imbulana ceiling-capped",validated_2021_2025,
26,Hammillakulama Wewa,4/29/2024,2024,4,8.656198943,30.63169744,28.2589594,S1_SAR,,0,0.107674942,"Sri Lanka small-tank power law (Telivarai Kulam), Imbulana ceiling-capped",validated_2021_2025,
26,Hammillakulama Wewa,5/11/2024,2024,5,10.69766047,30.63169744,34.92349874,S1_SAR,,0,0.140186582,"Sri Lanka small-tank power law (Telivarai Kulam), Imbulana ceiling-capped",validated_2021_2025,
26,Hammillakulama Wewa,5/23/2024,2024,5,9.666922484,30.63169744,31.55855957,S1_SAR,,0,0.123560047,"Sri Lanka small-tank power law (Telivarai Kulam), Imbulana ceiling-capped",validated_2021_2025,
26,Hammillakulama Wewa,6/4/2024,2024,6,10.06720924,30.63169744,32.86533258,S1_SAR,,0,0.129967607,"Sri Lanka small-tank power law (Telivarai Kulam), Imbulana ceiling-capped",validated_2021_2025,
26,Hammillakulama Wewa,6/16/2024,2024,6,9.156557362,30.63169744,29.89242559,S1_SAR,,0,0.115484927,"Sri Lanka small-tank power law (Telivarai Kulam), Imbulana ceiling-capped",validated_2021_2025,
26,Hammillakulama Wewa,7/10/2024,2024,7,8.926392587,30.63169744,29.14103146,S1_SAR,,0,0.111878931,"Sri Lanka small-tank power law (Telivarai Kulam), Imbulana ceiling-capped",validated_2021_2025,
26,Hammillakulama Wewa,7/22/2024,2024,7,9.827037527,30.63169744,32.08126989,S1_SAR,,0,0.126115392,"Sri Lanka small-tank power law (Telivarai Kulam), Imbulana ceiling-capped",validated_2021_2025,
26,Hammillakulama Wewa,8/3/2024,2024,8,9.777001738,30.63169744,31.91792345,S1_SAR,,0,0.12531574,"Sri Lanka small-tank power law (Telivarai Kulam), Imbulana ceiling-capped",validated_2021_2025,
26,Hammillakulama Wewa,8/15/2024,2024,8,10.41746037,30.63169744,34.0087597,S1_SAR,,0,0.135625985,"Sri Lanka small-tank power law (Telivarai Kulam), Imbulana ceiling-capped",validated_2021_2025,
26,Hammillakulama Wewa,8/27/2024,2024,8,9.746980325,30.63169744,31.81991578,S1_SAR,,0,0.124836433,"Sri Lanka small-tank power law (Telivarai Kulam), Imbulana ceiling-capped",validated_2021_2025,
26,Hammillakulama Wewa,9/20/2024,2024,9,9.817030605,30.63169744,32.04860137,S1_SAR,,0,0.125955385,"Sri Lanka small-tank power law (Telivarai Kulam), Imbulana ceiling-capped",validated_2021_2025,
26,Hammillakulama Wewa,10/2/2024,2024,10,9.957130941,30.63169744,32.50597183,S1_SAR,,0,0.128199174,"Sri Lanka small-tank power law (Telivarai Kulam), Imbulana ceiling-capped",validated_2021_2025,
26,Hammillakulama Wewa,10/14/2024,2024,10,9.797016212,30.63169744,31.98326254,S1_SAR,,0,0.125635483,"Sri Lanka small-tank power law (Telivarai Kulam), Imbulana ceiling-capped",validated_2021_2025,
26,Hammillakulama Wewa,10/26/2024,2024,10,10.00716689,30.63169744,32.66931879,S1_SAR,,0,0.12900242,"Sri Lanka small-tank power law (Telivarai Kulam), Imbulana ceiling-capped",validated_2021_2025,
26,Hammillakulama Wewa,11/7/2024,2024,11,10.077217,30.63169744,32.89800386,S1_SAR,,0,0.130128621,"Sri Lanka small-tank power law (Telivarai Kulam), Imbulana ceiling-capped",validated_2021_2025,
26,Hammillakulama Wewa,11/19/2024,2024,11,10.18729572,30.63169744,33.25736598,S1_SAR,,0,0.131902257,"Sri Lanka small-tank power law (Telivarai Kulam), Imbulana ceiling-capped",validated_2021_2025,
26,Hammillakulama Wewa,12/13/2024,2024,12,10.02718103,30.63169744,32.7346568,S1_SAR,,0,0.129323992,"Sri Lanka small-tank power law (Telivarai Kulam), Imbulana ceiling-capped",validated_2021_2025,
26,Hammillakulama Wewa,12/25/2024,2024,12,10.06720976,30.63169744,32.8653343,S1_SAR,,0,0.129967616,"Sri Lanka small-tank power law (Telivarai Kulam), Imbulana ceiling-capped",validated_2021_2025,
26,Hammillakulama Wewa,1/6/2025,2025,1,10.22732433,30.63169744,33.38804306,S1_SAR,,0,0.132548388,"Sri Lanka small-tank power law (Telivarai Kulam), Imbulana ceiling-capped",validated_2021_2025,
26,Hammillakulama Wewa,1/18/2025,2025,1,10.52753932,30.63169744,34.36812257,S1_SAR,,0,0.137414099,"Sri Lanka small-tank power law (Telivarai Kulam), Imbulana ceiling-capped",validated_2021_2025,
26,Hammillakulama Wewa,1/30/2025,2025,1,10.75770422,30.63169744,35.1195171,S1_SAR,,0,0.141167725,"Sri Lanka small-tank power law (Telivarai Kulam), Imbulana ceiling-capped",validated_2021_2025,
26,Hammillakulama Wewa,2/11/2025,2025,2,10.95784727,30.63169744,35.77290254,S1_SAR,,0,0.144447861,"Sri Lanka small-tank power law (Telivarai Kulam), Imbulana ceiling-capped",validated_2021_2025,
26,Hammillakulama Wewa,2/23/2025,2025,2,10.9278258,30.63169744,35.67489469,S1_SAR,,0,0.143954893,"Sri Lanka small-tank power law (Telivarai Kulam), Imbulana ceiling-capped",validated_2021_2025,
26,Hammillakulama Wewa,3/7/2025,2025,3,11.19801926,30.63169744,36.55696614,S1_SAR,,0,0.148403518,"Sri Lanka small-tank power law (Telivarai Kulam), Imbulana ceiling-capped",validated_2021_2025,
26,Hammillakulama Wewa,3/19/2025,2025,3,11.19801918,30.63169744,36.55696589,S1_SAR,,0,0.148403516,"Sri Lanka small-tank power law (Telivarai Kulam), Imbulana ceiling-capped",validated_2021_2025,
26,Hammillakulama Wewa,3/31/2025,2025,3,10.85777551,30.63169744,35.44620906,S1_SAR,,0,0.142805929,"Sri Lanka small-tank power law (Telivarai Kulam), Imbulana ceiling-capped",validated_2021_2025,
26,Hammillakulama Wewa,4/12/2025,2025,4,11.43819039,30.63169744,37.34102694,S1_SAR,,0,0.152380095,"Sri Lanka small-tank power law (Telivarai Kulam), Imbulana ceiling-capped",validated_2021_2025,
26,Hammillakulama Wewa,4/24/2025,2025,4,11.5682834,30.63169744,37.76572756,S1_SAR,,0,0.154542702,"Sri Lanka small-tank power law (Telivarai Kulam), Imbulana ceiling-capped",validated_2021_2025,
26,Hammillakulama Wewa,5/6/2025,2025,5,11.40816861,30.63169744,37.24301807,S1_SAR,,0,0.151881883,"Sri Lanka small-tank power law (Telivarai Kulam), Imbulana ceiling-capped",validated_2021_2025,
26,Hammillakulama Wewa,5/18/2025,2025,5,10.5275375,30.63169744,34.36811662,S1_SAR,,0,0.137414069,"Sri Lanka small-tank power law (Telivarai Kulam), Imbulana ceiling-capped",validated_2021_2025,
26,Hammillakulama Wewa,5/30/2025,2025,5,11.30809683,30.63169744,36.91632451,S1_SAR,,0,0.150223523,"Sri Lanka small-tank power law (Telivarai Kulam), Imbulana ceiling-capped",validated_2021_2025,
26,Hammillakulama Wewa,6/11/2025,2025,6,11.29808963,30.63169744,36.8836551,S1_SAR,,0,0.150057885,"Sri Lanka small-tank power law (Telivarai Kulam), Imbulana ceiling-capped",validated_2021_2025,
26,Hammillakulama Wewa,6/23/2025,2025,6,11.7984479,30.63169744,38.51712079,S1_SAR,,0,0.158383501,"Sri Lanka small-tank power law (Telivarai Kulam), Imbulana ceiling-capped",validated_2021_2025,
26,Hammillakulama Wewa,7/5/2025,2025,7,12.32882776,30.63169744,40.24859473,S1_SAR,,0,0.167303982,"Sri Lanka small-tank power law (Telivarai Kulam), Imbulana ceiling-capped",validated_2021_2025,
26,Hammillakulama Wewa,7/17/2025,2025,7,12.5990212,30.63169744,41.13066611,S1_SAR,,0,0.17188508,"Sri Lanka small-tank power law (Telivarai Kulam), Imbulana ceiling-capped",validated_2021_2025,
26,Hammillakulama Wewa,7/29/2025,2025,7,12.82918608,30.63169744,41.88206058,S1_SAR,,0,0.175806634,"Sri Lanka small-tank power law (Telivarai Kulam), Imbulana ceiling-capped",validated_2021_2025,
26,Hammillakulama Wewa,8/10/2025,2025,8,12.34884211,30.63169744,40.31393342,S1_SAR,,0,0.167642483,"Sri Lanka small-tank power law (Telivarai Kulam), Imbulana ceiling-capped",validated_2021_2025,
26,Hammillakulama Wewa,8/22/2025,2025,8,12.59902134,30.63169744,41.13066657,S1_SAR,,0,0.171885082,"Sri Lanka small-tank power law (Telivarai Kulam), Imbulana ceiling-capped",validated_2021_2025,
26,Hammillakulama Wewa,9/3/2025,2025,9,12.10867029,30.63169744,39.52987038,S1_SAR,,0,0.163589439,"Sri Lanka small-tank power law (Telivarai Kulam), Imbulana ceiling-capped",validated_2021_2025,
26,Hammillakulama Wewa,9/15/2025,2025,9,12.74912889,30.63169744,41.62070651,S1_SAR,,0,0.174440637,"Sri Lanka small-tank power law (Telivarai Kulam), Imbulana ceiling-capped",validated_2021_2025,
26,Hammillakulama Wewa,9/27/2025,2025,9,12.98930056,30.63169744,42.40476908,S1_SAR,,0,0.178544916,"Sri Lanka small-tank power law (Telivarai Kulam), Imbulana ceiling-capped",validated_2021_2025,
26,Hammillakulama Wewa,10/9/2025,2025,10,12.90924342,30.63169744,42.14341517,S1_SAR,,0,0.177174732,"Sri Lanka small-tank power law (Telivarai Kulam), Imbulana ceiling-capped",validated_2021_2025,
26,Hammillakulama Wewa,10/21/2025,2025,10,12.43890671,30.63169744,40.60795762,S1_SAR,,0,0.169167406,"Sri Lanka small-tank power law (Telivarai Kulam), Imbulana ceiling-capped",validated_2021_2025,
26,Hammillakulama Wewa,11/2/2025,2025,11,12.68908615,30.63169744,41.42469145,S1_SAR,,0,0.173417527,"Sri Lanka small-tank power law (Telivarai Kulam), Imbulana ceiling-capped",validated_2021_2025,
26,Hammillakulama Wewa,11/14/2025,2025,11,12.04862735,30.63169744,39.33385467,S1_SAR,,0,0.16257925,"Sri Lanka small-tank power law (Telivarai Kulam), Imbulana ceiling-capped",validated_2021_2025,
26,Hammillakulama Wewa,11/26/2025,2025,11,11.78844144,30.63169744,38.48445377,S1_SAR,,0,0.158216135,"Sri Lanka small-tank power law (Telivarai Kulam), Imbulana ceiling-capped",validated_2021_2025,
26,Hammillakulama Wewa,12/2/2025,2025,12,12.63905019,30.63169744,41.26134446,S1_SAR,,0,0.172565838,"Sri Lanka small-tank power law (Telivarai Kulam), Imbulana ceiling-capped",validated_2021_2025,
26,Hammillakulama Wewa,12/8/2025,2025,12,11.24805411,30.63169744,36.72030953,S1_SAR,,0,0.149230243,"Sri Lanka small-tank power law (Telivarai Kulam), Imbulana ceiling-capped",validated_2021_2025,
26,Hammillakulama Wewa,12/20/2025,2025,12,11.68836977,30.63169744,38.15776059,S1_SAR,,0,0.156544283,"Sri Lanka small-tank power law (Telivarai Kulam), Imbulana ceiling-capped",validated_2021_2025,
8,Ihala Amanakkattuwa Wewa,1/3/2021,2021,1,0.0,19.87689069,0.0,S1_SAR,,0,0.0,"Sri Lanka small-tank power law (Telivarai Kulam), Imbulana ceiling-capped",validated_2021_2025,
8,Ihala Amanakkattuwa Wewa,1/15/2021,2021,1,0.0,19.87689069,0.0,S1_SAR,,0,0.0,"Sri Lanka small-tank power law (Telivarai Kulam), Imbulana ceiling-capped",validated_2021_2025,
8,Ihala Amanakkattuwa Wewa,1/27/2021,2021,1,0.0,19.87689069,0.0,S1_SAR,,0,0.0,"Sri Lanka small-tank power law (Telivarai Kulam), Imbulana ceiling-capped",validated_2021_2025,
8,Ihala Amanakkattuwa Wewa,2/8/2021,2021,2,0.0,19.87689069,0.0,S1_SAR,,0,0.0,"Sri Lanka small-tank power law (Telivarai Kulam), Imbulana ceiling-capped",validated_2021_2025,
8,Ihala Amanakkattuwa Wewa,2/20/2021,2021,2,0.0,19.87689069,0.0,S1_SAR,,0,0.0,"Sri Lanka small-tank power law (Telivarai Kulam), Imbulana ceiling-capped",validated_2021_2025,
8,Ihala Amanakkattuwa Wewa,3/4/2021,2021,3,0.0,19.87689069,0.0,S1_SAR,,0,0.0,"Sri Lanka small-tank power law (Telivarai Kulam), Imbulana ceiling-capped",validated_2021_2025,
8,Ihala Amanakkattuwa Wewa,3/16/2021,2021,3,0.0,19.87689069,0.0,S1_SAR,,0,0.0,"Sri Lanka small-tank power law (Telivarai Kulam), Imbulana ceiling-capped",validated_2021_2025,
8,Ihala Amanakkattuwa Wewa,3/28/2021,2021,3,0.0,19.87689069,0.0,S1_SAR,,0,0.0,"Sri Lanka small-tank power law (Telivarai Kulam), Imbulana ceiling-capped",validated_2021_2025,
8,Ihala Amanakkattuwa Wewa,4/9/2021,2021,4,0.0,19.87689069,0.0,S1_SAR,,0,0.0,"Sri Lanka small-tank power law (Telivarai Kulam), Imbulana ceiling-capped",validated_2021_2025,
8,Ihala Amanakkattuwa Wewa,4/21/2021,2021,4,0.0,19.87689069,0.0,S1_SAR,,0,0.0,"Sri Lanka small-tank power law (Telivarai Kulam), Imbulana ceiling-capped",validated_2021_2025,
8,Ihala Amanakkattuwa Wewa,5/3/2021,2021,5,0.0,19.87689069,0.0,S1_SAR,,0,0.0,"Sri Lanka small-tank power law (Telivarai Kulam), Imbulana ceiling-capped",validated_2021_2025,
8,Ihala Amanakkattuwa Wewa,5/15/2021,2021,5,0.0,19.87689069,0.0,S1_SAR,,0,0.0,"Sri Lanka small-tank power law (Telivarai Kulam), Imbulana ceiling-capped",validated_2021_2025,
8,Ihala Amanakkattuwa Wewa,5/27/2021,2021,5,0.0,19.87689069,0.0,S1_SAR,,0,0.0,"Sri Lanka small-tank power law (Telivarai Kulam), Imbulana ceiling-capped",validated_2021_2025,
8,Ihala Amanakkattuwa Wewa,6/8/2021,2021,6,0.0,19.87689069,0.0,S1_SAR,,0,0.0,"Sri Lanka small-tank power law (Telivarai Kulam), Imbulana ceiling-capped",validated_2021_2025,
8,Ihala Amanakkattuwa Wewa,6/14/2021,2021,6,0.0,19.87689069,0.0,S1_SAR,,0,0.0,"Sri Lanka small-tank power law (Telivarai Kulam), Imbulana ceiling-capped",validated_2021_2025,
8,Ihala Amanakkattuwa Wewa,6/20/2021,2021,6,0.0,19.87689069,0.0,S1_SAR,,0,0.0,"Sri Lanka small-tank power law (Telivarai Kulam), Imbulana ceiling-capped",validated_2021_2025,
8,Ihala Amanakkattuwa Wewa,7/2/2021,2021,7,0.0,19.87689069,0.0,S1_SAR,,0,0.0,"Sri Lanka small-tank power law (Telivarai Kulam), Imbulana ceiling-capped",validated_2021_2025,
8,Ihala Amanakkattuwa Wewa,7/14/2021,2021,7,0.0,19.87689069,0.0,S1_SAR,,0,0.0,"Sri Lanka small-tank power law (Telivarai Kulam), Imbulana ceiling-capped",validated_2021_2025,
8,Ihala Amanakkattuwa Wewa,7/26/2021,2021,7,0.0,19.87689069,0.0,S1_SAR,,0,0.0,"Sri Lanka small-tank power law (Telivarai Kulam), Imbulana ceiling-capped",validated_2021_2025,
8,Ihala Amanakkattuwa Wewa,8/7/2021,2021,8,0.0,19.87689069,0.0,S1_SAR,,0,0.0,"Sri Lanka small-tank power law (Telivarai Kulam), Imbulana ceiling-capped",validated_2021_2025,
8,Ihala Amanakkattuwa Wewa,8/19/2021,2021,8,0.0,19.87689069,0.0,S1_SAR,,0,0.0,"Sri Lanka small-tank power law (Telivarai Kulam), Imbulana ceiling-capped",validated_2021_2025,
8,Ihala Amanakkattuwa Wewa,8/31/2021,2021,8,0.090065263,19.87689069,0.45311545,S1_SAR,,0,0.000364265,"Sri Lanka small-tank power law (Telivarai Kulam), Imbulana ceiling-capped",validated_2021_2025,
8,Ihala Amanakkattuwa Wewa,9/12/2021,2021,9,0.0,19.87689069,0.0,S1_SAR,,0,0.0,"Sri Lanka small-tank power law (Telivarai Kulam), Imbulana ceiling-capped",validated_2021_2025,
8,Ihala Amanakkattuwa Wewa,9/24/2021,2021,9,0.030021751,19.87689069,0.151038465,S1_SAR,,0,9.27e-05,"Sri Lanka small-tank power law (Telivarai Kulam), Imbulana ceiling-capped",validated_2021_2025,
8,Ihala Amanakkattuwa Wewa,10/6/2021,2021,10,0.0,19.87689069,0.0,S1_SAR,,0,0.0,"Sri Lanka small-tank power law (Telivarai Kulam), Imbulana ceiling-capped",validated_2021_2025,
8,Ihala Amanakkattuwa Wewa,10/18/2021,2021,10,0.0,19.87689069,0.0,S1_SAR,,0,0.0,"Sri Lanka small-tank power law (Telivarai Kulam), Imbulana ceiling-capped",validated_2021_2025,
8,Ihala Amanakkattuwa Wewa,10/30/2021,2021,10,0.0,19.87689069,0.0,S1_SAR,,0,0.0,"Sri Lanka small-tank power law (Telivarai Kulam), Imbulana ceiling-capped",validated_2021_2025,
8,Ihala Amanakkattuwa Wewa,11/17/2021,2021,11,1.140825842,19.87689069,5.739458246,S1_SAR,,0,0.008618403,"Sri Lanka small-tank power law (Telivarai Kulam), Imbulana ceiling-capped",validated_2021_2025,
8,Ihala Amanakkattuwa Wewa,11/23/2021,2021,11,0.670485384,19.87689069,3.37319048,S1_SAR,,0,0.004444197,"Sri Lanka small-tank power law (Telivarai Kulam), Imbulana ceiling-capped",validated_2021_2025,
8,Ihala Amanakkattuwa Wewa,12/5/2021,2021,12,0.230166611,19.87689069,1.157960842,S1_SAR,,0,0.001172677,"Sri Lanka small-tank power law (Telivarai Kulam), Imbulana ceiling-capped",validated_2021_2025,
8,Ihala Amanakkattuwa Wewa,12/17/2021,2021,12,0.270195601,19.87689069,1.359345408,S1_SAR,,0,0.001432024,"Sri Lanka small-tank power law (Telivarai Kulam), Imbulana ceiling-capped",validated_2021_2025,
8,Ihala Amanakkattuwa Wewa,12/29/2021,2021,12,0.140101418,19.87689069,0.704845745,S1_SAR,,0,0.000631718,"Sri Lanka small-tank power law (Telivarai Kulam), Imbulana ceiling-capped",validated_2021_2025,
8,Ihala Amanakkattuwa Wewa,1/10/2022,2022,1,0.150108668,19.87689069,0.755191897,S1_SAR,,0,0.00068843,"Sri Lanka small-tank power law (Telivarai Kulam), Imbulana ceiling-capped",validated_2021_2025,
8,Ihala Amanakkattuwa Wewa,1/22/2022,2022,1,0.070050709,19.87689069,0.352422871,S1_SAR,,0,0.000266327,"Sri Lanka small-tank power law (Telivarai Kulam), Imbulana ceiling-capped",validated_2021_2025,
8,Ihala Amanakkattuwa Wewa,2/3/2022,2022,2,0.150108654,19.87689069,0.755191828,S1_SAR,,0,0.00068843,"Sri Lanka small-tank power law (Telivarai Kulam), Imbulana ceiling-capped",validated_2021_2025,
8,Ihala Amanakkattuwa Wewa,2/15/2022,2022,2,0.210152129,19.87689069,1.057268628,S1_SAR,,0,0.001047002,"Sri Lanka small-tank power law (Telivarai Kulam), Imbulana ceiling-capped",validated_2021_2025,
8,Ihala Amanakkattuwa Wewa,2/27/2022,2022,2,0.080057954,19.87689069,0.402768999,S1_SAR,,0,0.000314541,"Sri Lanka small-tank power law (Telivarai Kulam), Imbulana ceiling-capped",validated_2021_2025,
8,Ihala Amanakkattuwa Wewa,3/11/2022,2022,3,0.170123148,19.87689069,0.855884107,S1_SAR,,0,0.000804625,"Sri Lanka small-tank power law (Telivarai Kulam), Imbulana ceiling-capped",validated_2021_2025,
8,Ihala Amanakkattuwa Wewa,3/23/2022,2022,3,0.050036221,19.87689069,0.251730626,S1_SAR,,0,0.000175116,"Sri Lanka small-tank power law (Telivarai Kulam), Imbulana ceiling-capped",validated_2021_2025,
8,Ihala Amanakkattuwa Wewa,4/4/2022,2022,4,0.05003622,19.87689069,0.251730618,S1_SAR,,0,0.000175116,"Sri Lanka small-tank power law (Telivarai Kulam), Imbulana ceiling-capped",validated_2021_2025,
8,Ihala Amanakkattuwa Wewa,4/16/2022,2022,4,0.030021732,19.87689069,0.151038373,S1_SAR,,0,9.27e-05,"Sri Lanka small-tank power law (Telivarai Kulam), Imbulana ceiling-capped",validated_2021_2025,
8,Ihala Amanakkattuwa Wewa,4/28/2022,2022,4,0.070050708,19.87689069,0.352422867,S1_SAR,,0,0.000266327,"Sri Lanka small-tank power law (Telivarai Kulam), Imbulana ceiling-capped",validated_2021_2025,
8,Ihala Amanakkattuwa Wewa,5/10/2022,2022,5,0.060043466,19.87689069,0.302076754,S1_SAR,,0,0.000219783,"Sri Lanka small-tank power law (Telivarai Kulam), Imbulana ceiling-capped",validated_2021_2025,
8,Ihala Amanakkattuwa Wewa,5/22/2022,2022,5,0.060043464,19.87689069,0.302076743,S1_SAR,,0,0.000219783,"Sri Lanka small-tank power law (Telivarai Kulam), Imbulana ceiling-capped",validated_2021_2025,
8,Ihala Amanakkattuwa Wewa,6/3/2022,2022,6,0.0,19.87689069,0.0,S1_SAR,,0,0.0,"Sri Lanka small-tank power law (Telivarai Kulam), Imbulana ceiling-capped",validated_2021_2025,
8,Ihala Amanakkattuwa Wewa,6/15/2022,2022,6,0.0,19.87689069,0.0,S1_SAR,,0,0.0,"Sri Lanka small-tank power law (Telivarai Kulam), Imbulana ceiling-capped",validated_2021_2025,
8,Ihala Amanakkattuwa Wewa,6/27/2022,2022,6,0.0,19.87689069,0.0,S1_SAR,,0,0.0,"Sri Lanka small-tank power law (Telivarai Kulam), Imbulana ceiling-capped",validated_2021_2025,
8,Ihala Amanakkattuwa Wewa,7/9/2022,2022,7,0.0,19.87689069,0.0,S1_SAR,,0,0.0,"Sri Lanka small-tank power law (Telivarai Kulam), Imbulana ceiling-capped",validated_2021_2025,
8,Ihala Amanakkattuwa Wewa,7/21/2022,2022,7,0.0,19.87689069,0.0,S1_SAR,,0,0.0,"Sri Lanka small-tank power law (Telivarai Kulam), Imbulana ceiling-capped",validated_2021_2025,
8,Ihala Amanakkattuwa Wewa,8/2/2022,2022,8,0.0,19.87689069,0.0,S1_SAR,,0,0.0,"Sri Lanka small-tank power law (Telivarai Kulam), Imbulana ceiling-capped",validated_2021_2025,
8,Ihala Amanakkattuwa Wewa,8/14/2022,2022,8,0.0,19.87689069,0.0,S1_SAR,,0,0.0,"Sri Lanka small-tank power law (Telivarai Kulam), Imbulana ceiling-capped",validated_2021_2025,
8,Ihala Amanakkattuwa Wewa,8/26/2022,2022,8,0.0,19.87689069,0.0,S1_SAR,,0,0.0,"Sri Lanka small-tank power law (Telivarai Kulam), Imbulana ceiling-capped",validated_2021_2025,
8,Ihala Amanakkattuwa Wewa,9/7/2022,2022,9,0.0,19.87689069,0.0,S1_SAR,,0,0.0,"Sri Lanka small-tank power law (Telivarai Kulam), Imbulana ceiling-capped",validated_2021_2025,
8,Ihala Amanakkattuwa Wewa,9/19/2022,2022,9,0.0,19.87689069,0.0,S1_SAR,,0,0.0,"Sri Lanka small-tank power law (Telivarai Kulam), Imbulana ceiling-capped",validated_2021_2025,
8,Ihala Amanakkattuwa Wewa,10/1/2022,2022,10,0.0,19.87689069,0.0,S1_SAR,,0,0.0,"Sri Lanka small-tank power law (Telivarai Kulam), Imbulana ceiling-capped",validated_2021_2025,
8,Ihala Amanakkattuwa Wewa,10/13/2022,2022,10,0.0,19.87689069,0.0,S1_SAR,,0,0.0,"Sri Lanka small-tank power law (Telivarai Kulam), Imbulana ceiling-capped",validated_2021_2025,
8,Ihala Amanakkattuwa Wewa,10/25/2022,2022,10,0.0,19.87689069,0.0,S1_SAR,,0,0.0,"Sri Lanka small-tank power law (Telivarai Kulam), Imbulana ceiling-capped",validated_2021_2025,
8,Ihala Amanakkattuwa Wewa,11/6/2022,2022,11,0.0,19.87689069,0.0,S1_SAR,,0,0.0,"Sri Lanka small-tank power law (Telivarai Kulam), Imbulana ceiling-capped",validated_2021_2025,
8,Ihala Amanakkattuwa Wewa,11/18/2022,2022,11,0.0,19.87689069,0.0,S1_SAR,,0,0.0,"Sri Lanka small-tank power law (Telivarai Kulam), Imbulana ceiling-capped",validated_2021_2025,
8,Ihala Amanakkattuwa Wewa,11/30/2022,2022,11,0.0,19.87689069,0.0,S1_SAR,,0,0.0,"Sri Lanka small-tank power law (Telivarai Kulam), Imbulana ceiling-capped",validated_2021_2025,
8,Ihala Amanakkattuwa Wewa,12/12/2022,2022,12,0.0,19.87689069,0.0,S1_SAR,,0,0.0,"Sri Lanka small-tank power law (Telivarai Kulam), Imbulana ceiling-capped",validated_2021_2025,
8,Ihala Amanakkattuwa Wewa,12/24/2022,2022,12,0.0,19.87689069,0.0,S1_SAR,,0,0.0,"Sri Lanka small-tank power law (Telivarai Kulam), Imbulana ceiling-capped",validated_2021_2025,
8,Ihala Amanakkattuwa Wewa,1/5/2023,2023,1,0.0,19.87689069,0.0,S1_SAR,,0,0.0,"Sri Lanka small-tank power law (Telivarai Kulam), Imbulana ceiling-capped",validated_2021_2025,
8,Ihala Amanakkattuwa Wewa,1/17/2023,2023,1,0.0,19.87689069,0.0,S1_SAR,,0,0.0,"Sri Lanka small-tank power law (Telivarai Kulam), Imbulana ceiling-capped",validated_2021_2025,
8,Ihala Amanakkattuwa Wewa,1/29/2023,2023,1,0.0,19.87689069,0.0,S1_SAR,,0,0.0,"Sri Lanka small-tank power law (Telivarai Kulam), Imbulana ceiling-capped",validated_2021_2025,
8,Ihala Amanakkattuwa Wewa,2/10/2023,2023,2,0.0,19.87689069,0.0,S1_SAR,,0,0.0,"Sri Lanka small-tank power law (Telivarai Kulam), Imbulana ceiling-capped",validated_2021_2025,
8,Ihala Amanakkattuwa Wewa,2/22/2023,2023,2,0.0,19.87689069,0.0,S1_SAR,,0,0.0,"Sri Lanka small-tank power law (Telivarai Kulam), Imbulana ceiling-capped",validated_2021_2025,
8,Ihala Amanakkattuwa Wewa,3/6/2023,2023,3,0.0,19.87689069,0.0,S1_SAR,,0,0.0,"Sri Lanka small-tank power law (Telivarai Kulam), Imbulana ceiling-capped",validated_2021_2025,
8,Ihala Amanakkattuwa Wewa,3/18/2023,2023,3,0.0,19.87689069,0.0,S1_SAR,,0,0.0,"Sri Lanka small-tank power law (Telivarai Kulam), Imbulana ceiling-capped",validated_2021_2025,
8,Ihala Amanakkattuwa Wewa,3/30/2023,2023,3,0.0,19.87689069,0.0,S1_SAR,,0,0.0,"Sri Lanka small-tank power law (Telivarai Kulam), Imbulana ceiling-capped",validated_2021_2025,
8,Ihala Amanakkattuwa Wewa,4/11/2023,2023,4,0.0,19.87689069,0.0,S1_SAR,,0,0.0,"Sri Lanka small-tank power law (Telivarai Kulam), Imbulana ceiling-capped",validated_2021_2025,
8,Ihala Amanakkattuwa Wewa,4/23/2023,2023,4,0.0,19.87689069,0.0,S1_SAR,,0,0.0,"Sri Lanka small-tank power law (Telivarai Kulam), Imbulana ceiling-capped",validated_2021_2025,
8,Ihala Amanakkattuwa Wewa,5/5/2023,2023,5,0.0,19.87689069,0.0,S1_SAR,,0,0.0,"Sri Lanka small-tank power law (Telivarai Kulam), Imbulana ceiling-capped",validated_2021_2025,
8,Ihala Amanakkattuwa Wewa,5/17/2023,2023,5,0.0,19.87689069,0.0,S1_SAR,,0,0.0,"Sri Lanka small-tank power law (Telivarai Kulam), Imbulana ceiling-capped",validated_2021_2025,
8,Ihala Amanakkattuwa Wewa,5/29/2023,2023,5,0.0,19.87689069,0.0,S1_SAR,,0,0.0,"Sri Lanka small-tank power law (Telivarai Kulam), Imbulana ceiling-capped",validated_2021_2025,
8,Ihala Amanakkattuwa Wewa,6/10/2023,2023,6,0.0,19.87689069,0.0,S1_SAR,,0,0.0,"Sri Lanka small-tank power law (Telivarai Kulam), Imbulana ceiling-capped",validated_2021_2025,
8,Ihala Amanakkattuwa Wewa,6/22/2023,2023,6,0.0,19.87689069,0.0,S1_SAR,,0,0.0,"Sri Lanka small-tank power law (Telivarai Kulam), Imbulana ceiling-capped",validated_2021_2025,
8,Ihala Amanakkattuwa Wewa,7/4/2023,2023,7,0.0,19.87689069,0.0,S1_SAR,,0,0.0,"Sri Lanka small-tank power law (Telivarai Kulam), Imbulana ceiling-capped",validated_2021_2025,
8,Ihala Amanakkattuwa Wewa,7/16/2023,2023,7,0.0,19.87689069,0.0,S1_SAR,,0,0.0,"Sri Lanka small-tank power law (Telivarai Kulam), Imbulana ceiling-capped",validated_2021_2025,
8,Ihala Amanakkattuwa Wewa,7/28/2023,2023,7,0.0,19.87689069,0.0,S1_SAR,,0,0.0,"Sri Lanka small-tank power law (Telivarai Kulam), Imbulana ceiling-capped",validated_2021_2025,
8,Ihala Amanakkattuwa Wewa,8/9/2023,2023,8,0.0,19.87689069,0.0,S1_SAR,,0,0.0,"Sri Lanka small-tank power law (Telivarai Kulam), Imbulana ceiling-capped",validated_2021_2025,
8,Ihala Amanakkattuwa Wewa,9/2/2023,2023,9,0.0,19.87689069,0.0,S1_SAR,,0,0.0,"Sri Lanka small-tank power law (Telivarai Kulam), Imbulana ceiling-capped",validated_2021_2025,
8,Ihala Amanakkattuwa Wewa,9/14/2023,2023,9,0.0,19.87689069,0.0,S1_SAR,,0,0.0,"Sri Lanka small-tank power law (Telivarai Kulam), Imbulana ceiling-capped",validated_2021_2025,
8,Ihala Amanakkattuwa Wewa,9/26/2023,2023,9,0.030021753,19.87689069,0.151038477,S1_SAR,,0,9.27e-05,"Sri Lanka small-tank power law (Telivarai Kulam), Imbulana ceiling-capped",validated_2021_2025,
8,Ihala Amanakkattuwa Wewa,10/8/2023,2023,10,0.0,19.87689069,0.0,S1_SAR,,0,0.0,"Sri Lanka small-tank power law (Telivarai Kulam), Imbulana ceiling-capped",validated_2021_2025,
8,Ihala Amanakkattuwa Wewa,10/20/2023,2023,10,0.0,19.87689069,0.0,S1_SAR,,0,0.0,"Sri Lanka small-tank power law (Telivarai Kulam), Imbulana ceiling-capped",validated_2021_2025,
8,Ihala Amanakkattuwa Wewa,11/1/2023,2023,11,0.0,19.87689069,0.0,S1_SAR,,0,0.0,"Sri Lanka small-tank power law (Telivarai Kulam), Imbulana ceiling-capped",validated_2021_2025,
8,Ihala Amanakkattuwa Wewa,11/13/2023,2023,11,1.170847749,19.87689069,5.890497498,S1_SAR,,0,0.008901926,"Sri Lanka small-tank power law (Telivarai Kulam), Imbulana ceiling-capped",validated_2021_2025,
8,Ihala Amanakkattuwa Wewa,11/25/2023,2023,11,0.320231837,19.87689069,1.611076111,S1_SAR,,0,0.001769678,"Sri Lanka small-tank power law (Telivarai Kulam), Imbulana ceiling-capped",validated_2021_2025,
8,Ihala Amanakkattuwa Wewa,12/7/2023,2023,12,0.17012317,19.87689069,0.855884214,S1_SAR,,0,0.000804626,"Sri Lanka small-tank power law (Telivarai Kulam), Imbulana ceiling-capped",validated_2021_2025,
8,Ihala Amanakkattuwa Wewa,12/19/2023,2023,12,0.180130423,19.87689069,0.906230385,S1_SAR,,0,0.000864025,"Sri Lanka small-tank power law (Telivarai Kulam), Imbulana ceiling-capped",validated_2021_2025,
8,Ihala Amanakkattuwa Wewa,12/31/2023,2023,12,0.070050712,19.87689069,0.352422886,S1_SAR,,0,0.000266327,"Sri Lanka small-tank power law (Telivarai Kulam), Imbulana ceiling-capped",validated_2021_2025,
8,Ihala Amanakkattuwa Wewa,1/12/2024,2024,1,0.050036221,19.87689069,0.251730622,S1_SAR,,0,0.000175116,"Sri Lanka small-tank power law (Telivarai Kulam), Imbulana ceiling-capped",validated_2021_2025,
8,Ihala Amanakkattuwa Wewa,1/24/2024,2024,1,0.130094186,19.87689069,0.654499682,S1_SAR,,0,0.000575994,"Sri Lanka small-tank power law (Telivarai Kulam), Imbulana ceiling-capped",validated_2021_2025,
8,Ihala Amanakkattuwa Wewa,2/5/2024,2024,2,0.120086943,19.87689069,0.604153562,S1_SAR,,0,0.000521317,"Sri Lanka small-tank power law (Telivarai Kulam), Imbulana ceiling-capped",validated_2021_2025,
8,Ihala Amanakkattuwa Wewa,2/17/2024,2024,2,0.120086951,19.87689069,0.604153604,S1_SAR,,0,0.000521317,"Sri Lanka small-tank power law (Telivarai Kulam), Imbulana ceiling-capped",validated_2021_2025,
8,Ihala Amanakkattuwa Wewa,2/29/2024,2024,2,0.0,19.87689069,0.0,S1_SAR,,0,0.0,"Sri Lanka small-tank power law (Telivarai Kulam), Imbulana ceiling-capped",validated_2021_2025,
8,Ihala Amanakkattuwa Wewa,3/12/2024,2024,3,0.020014488,19.87689069,0.100692249,S1_SAR,,0,5.59e-05,"Sri Lanka small-tank power law (Telivarai Kulam), Imbulana ceiling-capped",validated_2021_2025,
8,Ihala Amanakkattuwa Wewa,3/24/2024,2024,3,0.020014492,19.87689069,0.100692268,S1_SAR,,0,5.59e-05,"Sri Lanka small-tank power law (Telivarai Kulam), Imbulana ceiling-capped",validated_2021_2025,
8,Ihala Amanakkattuwa Wewa,4/5/2024,2024,4,0.0,19.87689069,0.0,S1_SAR,,0,0.0,"Sri Lanka small-tank power law (Telivarai Kulam), Imbulana ceiling-capped",validated_2021_2025,
8,Ihala Amanakkattuwa Wewa,4/17/2024,2024,4,0.010007246,19.87689069,0.050346132,S1_SAR,,0,2.36e-05,"Sri Lanka small-tank power law (Telivarai Kulam), Imbulana ceiling-capped",validated_2021_2025,
8,Ihala Amanakkattuwa Wewa,4/29/2024,2024,4,0.060043473,19.87689069,0.302076789,S1_SAR,,0,0.000219783,"Sri Lanka small-tank power law (Telivarai Kulam), Imbulana ceiling-capped",validated_2021_2025,
8,Ihala Amanakkattuwa Wewa,5/11/2024,2024,5,0.0,19.87689069,0.0,S1_SAR,,0,0.0,"Sri Lanka small-tank power law (Telivarai Kulam), Imbulana ceiling-capped",validated_2021_2025,
8,Ihala Amanakkattuwa Wewa,5/23/2024,2024,5,0.0,19.87689069,0.0,S1_SAR,,0,0.0,"Sri Lanka small-tank power law (Telivarai Kulam), Imbulana ceiling-capped",validated_2021_2025,
8,Ihala Amanakkattuwa Wewa,6/4/2024,2024,6,0.0,19.87689069,0.0,S1_SAR,,0,0.0,"Sri Lanka small-tank power law (Telivarai Kulam), Imbulana ceiling-capped",validated_2021_2025,
8,Ihala Amanakkattuwa Wewa,6/16/2024,2024,6,0.210152152,19.87689069,1.057268743,S1_SAR,,0,0.001047002,"Sri Lanka small-tank power law (Telivarai Kulam), Imbulana ceiling-capped",validated_2021_2025,
8,Ihala Amanakkattuwa Wewa,7/10/2024,2024,7,0.100072454,19.87689069,0.503461309,S1_SAR,,0,0.00041537,"Sri Lanka small-tank power law (Telivarai Kulam), Imbulana ceiling-capped",validated_2021_2025,
8,Ihala Amanakkattuwa Wewa,7/22/2024,2024,7,0.210152144,19.87689069,1.057268701,S1_SAR,,0,0.001047002,"Sri Lanka small-tank power law (Telivarai Kulam), Imbulana ceiling-capped",validated_2021_2025,
8,Ihala Amanakkattuwa Wewa,8/3/2024,2024,8,0.269489222,19.87689069,1.355791637,S1_SAR,,0,0.001427361,"Sri Lanka small-tank power law (Telivarai Kulam), Imbulana ceiling-capped",validated_2021_2025,
8,Ihala Amanakkattuwa Wewa,8/15/2024,2024,8,0.270195621,19.87689069,1.359345512,S1_SAR,,0,0.001432025,"Sri Lanka small-tank power law (Telivarai Kulam), Imbulana ceiling-capped",validated_2021_2025,
8,Ihala Amanakkattuwa Wewa,8/27/2024,2024,8,0.190137656,19.87689069,0.956576452,S1_SAR,,0,0.000924242,"Sri Lanka small-tank power law (Telivarai Kulam), Imbulana ceiling-capped",validated_2021_2025,
8,Ihala Amanakkattuwa Wewa,9/20/2024,2024,9,0.130094187,19.87689069,0.654499686,S1_SAR,,0,0.000575994,"Sri Lanka small-tank power law (Telivarai Kulam), Imbulana ceiling-capped",validated_2021_2025,
8,Ihala Amanakkattuwa Wewa,10/2/2024,2024,10,0.0,19.87689069,0.0,S1_SAR,,0,0.0,"Sri Lanka small-tank power law (Telivarai Kulam), Imbulana ceiling-capped",validated_2021_2025,
8,Ihala Amanakkattuwa Wewa,10/14/2024,2024,10,0.0,19.87689069,0.0,S1_SAR,,0,0.0,"Sri Lanka small-tank power law (Telivarai Kulam), Imbulana ceiling-capped",validated_2021_2025,
8,Ihala Amanakkattuwa Wewa,10/26/2024,2024,10,0.0,19.87689069,0.0,S1_SAR,,0,0.0,"Sri Lanka small-tank power law (Telivarai Kulam), Imbulana ceiling-capped",validated_2021_2025,
8,Ihala Amanakkattuwa Wewa,11/7/2024,2024,11,2.231615718,19.87689069,11.22718716,S1_SAR,,0,0.019885458,"Sri Lanka small-tank power law (Telivarai Kulam), Imbulana ceiling-capped",validated_2021_2025,
8,Ihala Amanakkattuwa Wewa,11/19/2024,2024,11,0.570412952,19.87689069,2.869729278,S1_SAR,,0,0.003633443,"Sri Lanka small-tank power law (Telivarai Kulam), Imbulana ceiling-capped",validated_2021_2025,
8,Ihala Amanakkattuwa Wewa,12/13/2024,2024,12,1.441043206,19.87689069,7.249842185,S1_SAR,,0,0.011530589,"Sri Lanka small-tank power law (Telivarai Kulam), Imbulana ceiling-capped",validated_2021_2025,
8,Ihala Amanakkattuwa Wewa,12/25/2024,2024,12,1.210876561,19.87689069,6.09188117,S1_SAR,,0,0.009282738,"Sri Lanka small-tank power law (Telivarai Kulam), Imbulana ceiling-capped",validated_2021_2025,
8,Ihala Amanakkattuwa Wewa,1/6/2025,2025,1,1.100796862,19.87689069,5.538073733,S1_SAR,,0,0.008243229,"Sri Lanka small-tank power law (Telivarai Kulam), Imbulana ceiling-capped",validated_2021_2025,
8,Ihala Amanakkattuwa Wewa,1/18/2025,2025,1,1.360985238,19.87689069,6.847073113,S1_SAR,,0,0.010737897,"Sri Lanka small-tank power law (Telivarai Kulam), Imbulana ceiling-capped",validated_2021_2025,
8,Ihala Amanakkattuwa Wewa,1/30/2025,2025,1,1.350977974,19.87689069,6.796726889,S1_SAR,,0,0.010639602,"Sri Lanka small-tank power law (Telivarai Kulam), Imbulana ceiling-capped",validated_2021_2025,
8,Ihala Amanakkattuwa Wewa,2/11/2025,2025,2,1.070775135,19.87689069,5.387035387,S1_SAR,,0,0.007964037,"Sri Lanka small-tank power law (Telivarai Kulam), Imbulana ceiling-capped",validated_2021_2025,
8,Ihala Amanakkattuwa Wewa,2/23/2025,2025,2,1.280927271,19.87689069,6.444304049,S1_SAR,,0,0.009956603,"Sri Lanka small-tank power law (Telivarai Kulam), Imbulana ceiling-capped",validated_2021_2025,
8,Ihala Amanakkattuwa Wewa,3/7/2025,2025,3,1.080782395,19.87689069,5.437381592,S1_SAR,,0,0.00805689,"Sri Lanka small-tank power law (Telivarai Kulam), Imbulana ceiling-capped",validated_2021_2025,
8,Ihala Amanakkattuwa Wewa,3/19/2025,2025,3,1.240898305,19.87689069,6.242919601,S1_SAR,,0,0.009570395,"Sri Lanka small-tank power law (Telivarai Kulam), Imbulana ceiling-capped",validated_2021_2025,
8,Ihala Amanakkattuwa Wewa,3/31/2025,2025,3,0.850615759,19.87689069,4.279420619,S1_SAR,,0,0.005978176,"Sri Lanka small-tank power law (Telivarai Kulam), Imbulana ceiling-capped",validated_2021_2025,
8,Ihala Amanakkattuwa Wewa,4/12/2025,2025,4,1.180854814,19.87689069,5.940842724,S1_SAR,,0,0.008996832,"Sri Lanka small-tank power law (Telivarai Kulam), Imbulana ceiling-capped",validated_2021_2025,
8,Ihala Amanakkattuwa Wewa,4/24/2025,2025,4,0.64046364,19.87689069,3.222152046,S1_SAR,,0,0.004197616,"Sri Lanka small-tank power law (Telivarai Kulam), Imbulana ceiling-capped",validated_2021_2025,
8,Ihala Amanakkattuwa Wewa,5/6/2025,2025,5,1.270920006,19.87689069,6.393957817,S1_SAR,,0,0.009859768,"Sri Lanka small-tank power law (Telivarai Kulam), Imbulana ceiling-capped",validated_2021_2025,
8,Ihala Amanakkattuwa Wewa,5/18/2025,2025,5,0.98070994,19.87689069,4.933920275,S1_SAR,,0,0.007138149,"Sri Lanka small-tank power law (Telivarai Kulam), Imbulana ceiling-capped",validated_2021_2025,
8,Ihala Amanakkattuwa Wewa,5/30/2025,2025,5,1.18085485,19.87689069,5.940842905,S1_SAR,,0,0.008996832,"Sri Lanka small-tank power law (Telivarai Kulam), Imbulana ceiling-capped",validated_2021_2025,
8,Ihala Amanakkattuwa Wewa,6/11/2025,2025,6,0.710514326,19.87689069,3.574574805,S1_SAR,,0,0.004777207,"Sri Lanka small-tank power law (Telivarai Kulam), Imbulana ceiling-capped",validated_2021_2025,
8,Ihala Amanakkattuwa Wewa,6/23/2025,2025,6,1.170847604,19.87689069,5.890496769,S1_SAR,,0,0.008901924,"Sri Lanka small-tank power law (Telivarai Kulam), Imbulana ceiling-capped",validated_2021_2025,
8,Ihala Amanakkattuwa Wewa,7/5/2025,2025,7,0.920666528,19.87689069,4.631843797,S1_SAR,,0,0.006597741,"Sri Lanka small-tank power law (Telivarai Kulam), Imbulana ceiling-capped",validated_2021_2025,
8,Ihala Amanakkattuwa Wewa,7/17/2025,2025,7,1.110804132,19.87689069,5.588419988,S1_SAR,,0,0.008336713,"Sri Lanka small-tank power law (Telivarai Kulam), Imbulana ceiling-capped",validated_2021_2025,
8,Ihala Amanakkattuwa Wewa,7/29/2025,2025,7,1.100796871,19.87689069,5.538073779,S1_SAR,,0,0.008243229,"Sri Lanka small-tank power law (Telivarai Kulam), Imbulana ceiling-capped",validated_2021_2025,
8,Ihala Amanakkattuwa Wewa,8/10/2025,2025,8,0.89064474,19.87689069,4.480805144,S1_SAR,,0,0.006330738,"Sri Lanka small-tank power law (Telivarai Kulam), Imbulana ceiling-capped",validated_2021_2025,
8,Ihala Amanakkattuwa Wewa,8/22/2025,2025,8,1.110804147,19.87689069,5.588420065,S1_SAR,,0,0.008336713,"Sri Lanka small-tank power law (Telivarai Kulam), Imbulana ceiling-capped",validated_2021_2025,
8,Ihala Amanakkattuwa Wewa,9/3/2025,2025,9,0.710514361,19.87689069,3.574574978,S1_SAR,,0,0.004777208,"Sri Lanka small-tank power law (Telivarai Kulam), Imbulana ceiling-capped",validated_2021_2025,
8,Ihala Amanakkattuwa Wewa,9/15/2025,2025,9,0.880637542,19.87689069,4.43045925,S1_SAR,,0,0.006242225,"Sri Lanka small-tank power law (Telivarai Kulam), Imbulana ceiling-capped",validated_2021_2025,
8,Ihala Amanakkattuwa Wewa,9/27/2025,2025,9,0.740536133,19.87689069,3.72561355,S1_SAR,,0,0.005030029,"Sri Lanka small-tank power law (Telivarai Kulam), Imbulana ceiling-capped",validated_2021_2025,
8,Ihala Amanakkattuwa Wewa,10/9/2025,2025,10,0.510369493,19.87689069,2.567652563,S1_SAR,,0,0.0031632,"Sri Lanka small-tank power law (Telivarai Kulam), Imbulana ceiling-capped",validated_2021_2025,
8,Ihala Amanakkattuwa Wewa,10/21/2025,2025,10,2.872079887,19.87689069,14.44934187,S1_SAR,,0,0.027231892,"Sri Lanka small-tank power law (Telivarai Kulam), Imbulana ceiling-capped",validated_2021_2025,
8,Ihala Amanakkattuwa Wewa,11/2/2025,2025,11,2.601883983,19.87689069,13.08999493,S1_SAR,,0,0.02407743,"Sri Lanka small-tank power law (Telivarai Kulam), Imbulana ceiling-capped",validated_2021_2025,
8,Ihala Amanakkattuwa Wewa,11/14/2025,2025,11,1.691224464,19.87689069,8.508496078,S1_SAR,,0,0.014076171,"Sri Lanka small-tank power law (Telivarai Kulam), Imbulana ceiling-capped",validated_2021_2025,
8,Ihala Amanakkattuwa Wewa,11/26/2025,2025,11,2.01145642,19.87689069,10.11957278,S1_SAR,,0,0.017471343,"Sri Lanka small-tank power law (Telivarai Kulam), Imbulana ceiling-capped",validated_2021_2025,
8,Ihala Amanakkattuwa Wewa,12/2/2025,2025,12,3.452499835,19.87689069,17.36941602,S1_SAR,,0,0.034252018,"Sri Lanka small-tank power law (Telivarai Kulam), Imbulana ceiling-capped",validated_2021_2025,
8,Ihala Amanakkattuwa Wewa,12/8/2025,2025,12,3.032195438,19.87689069,15.25487807,S1_SAR,,0,0.029136432,"Sri Lanka small-tank power law (Telivarai Kulam), Imbulana ceiling-capped",validated_2021_2025,
8,Ihala Amanakkattuwa Wewa,12/20/2025,2025,12,2.952137511,19.87689069,14.85210921,S1_SAR,,0,0.028180982,"Sri Lanka small-tank power law (Telivarai Kulam), Imbulana ceiling-capped",validated_2021_2025,
32,Irahandaketu Wewa,1/3/2021,2021,1,4.112992856,11.85402044,34.69702855,S1_SAR,,0,0.0426009,"Sri Lanka small-tank power law (Telivarai Kulam), Imbulana ceiling-capped",validated_2021_2025,
32,Irahandaketu Wewa,1/15/2021,2021,1,4.943597417,11.85402044,41.70397244,S1_SAR,,0,0.053575018,"Sri Lanka small-tank power law (Telivarai Kulam), Imbulana ceiling-capped",validated_2021_2025,
32,Irahandaketu Wewa,1/27/2021,2021,1,4.863538835,11.85402044,41.02860173,S1_SAR,,0,0.05249606,"Sri Lanka small-tank power law (Telivarai Kulam), Imbulana ceiling-capped",validated_2021_2025,
32,Irahandaketu Wewa,2/8/2021,2021,2,5.043669872,11.85402044,42.54817931,S1_SAR,,0,0.054929757,"Sri Lanka small-tank power law (Telivarai Kulam), Imbulana ceiling-capped",validated_2021_2025,
32,Irahandaketu Wewa,2/20/2021,2021,2,5.113721053,11.85402044,43.13912802,S1_SAR,,0,0.055882033,"Sri Lanka small-tank power law (Telivarai Kulam), Imbulana ceiling-capped",validated_2021_2025,
32,Irahandaketu Wewa,3/4/2021,2021,3,3.962883652,11.85402044,33.43071385,S1_SAR,,0,0.040672299,"Sri Lanka small-tank power law (Telivarai Kulam), Imbulana ceiling-capped",validated_2021_2025,
32,Irahandaketu Wewa,3/16/2021,2021,3,3.412483318,11.85402044,28.78756061,S1_SAR,,0,0.033758029,"Sri Lanka small-tank power law (Telivarai Kulam), Imbulana ceiling-capped",validated_2021_2025,
32,Irahandaketu Wewa,3/28/2021,2021,3,3.472526852,11.85402044,29.29408525,S1_SAR,,0,0.034499775,"Sri Lanka small-tank power law (Telivarai Kulam), Imbulana ceiling-capped",validated_2021_2025,
32,Irahandaketu Wewa,4/9/2021,2021,4,2.131550719,11.85402044,17.981669,S1_SAR,,0,0.018780578,"Sri Lanka small-tank power law (Telivarai Kulam), Imbulana ceiling-capped",validated_2021_2025,
32,Irahandaketu Wewa,4/21/2021,2021,4,3.602621033,11.85402044,30.39155408,S1_SAR,,0,0.036117685,"Sri Lanka small-tank power law (Telivarai Kulam), Imbulana ceiling-capped",validated_2021_2025,
32,Irahandaketu Wewa,5/3/2021,2021,5,2.42176193,11.85402044,20.42987814,S1_SAR,,0,0.022018441,"Sri Lanka small-tank power law (Telivarai Kulam), Imbulana ceiling-capped",validated_2021_2025,
32,Irahandaketu Wewa,5/15/2021,2021,5,3.282388126,11.85402044,27.69008323,S1_SAR,,0,0.032161955,"Sri Lanka small-tank power law (Telivarai Kulam), Imbulana ceiling-capped",validated_2021_2025,
32,Irahandaketu Wewa,5/27/2021,2021,5,3.652657411,11.85402044,30.81365879,S1_SAR,,0,0.036743828,"Sri Lanka small-tank power law (Telivarai Kulam), Imbulana ceiling-capped",validated_2021_2025,
32,Irahandaketu Wewa,6/8/2021,2021,6,3.832788548,11.85402044,32.33323721,S1_SAR,,0,0.039015297,"Sri Lanka small-tank power law (Telivarai Kulam), Imbulana ceiling-capped",validated_2021_2025,
32,Irahandaketu Wewa,6/14/2021,2021,6,3.932861313,11.85402044,33.1774467,S1_SAR,,0,0.040288704,"Sri Lanka small-tank power law (Telivarai Kulam), Imbulana ceiling-capped",validated_2021_2025,
32,Irahandaketu Wewa,6/20/2021,2021,6,4.052948678,11.85402044,34.19049848,S1_SAR,,0,0.041827338,"Sri Lanka small-tank power law (Telivarai Kulam), Imbulana ceiling-capped",validated_2021_2025,
32,Irahandaketu Wewa,7/2/2021,2021,7,3.862810307,11.85402044,32.58649947,S1_SAR,,0,0.039396469,"Sri Lanka small-tank power law (Telivarai Kulam), Imbulana ceiling-capped",validated_2021_2025,
32,Irahandaketu Wewa,7/14/2021,2021,7,3.662664655,11.85402044,30.89807947,S1_SAR,,0,0.036869311,"Sri Lanka small-tank power law (Telivarai Kulam), Imbulana ceiling-capped",validated_2021_2025,
32,Irahandaketu Wewa,7/26/2021,2021,7,3.372453535,11.85402044,28.4498711,S1_SAR,,0,0.033265301,"Sri Lanka small-tank power law (Telivarai Kulam), Imbulana ceiling-capped",validated_2021_2025,
32,Irahandaketu Wewa,8/7/2021,2021,8,3.252366099,11.85402044,27.43681872,S1_SAR,,0,0.031795813,"Sri Lanka small-tank power law (Telivarai Kulam), Imbulana ceiling-capped",validated_2021_2025,
32,Irahandaketu Wewa,8/19/2021,2021,8,3.262373335,11.85402044,27.52123933,S1_SAR,,0,0.031917767,"Sri Lanka small-tank power law (Telivarai Kulam), Imbulana ceiling-capped",validated_2021_2025,
32,Irahandaketu Wewa,8/31/2021,2021,8,3.342431583,11.85402044,28.19660722,S1_SAR,,0,0.032896701,"Sri Lanka small-tank power law (Telivarai Kulam), Imbulana ceiling-capped",validated_2021_2025,
32,Irahandaketu Wewa,9/12/2021,2021,9,2.802038378,11.85402044,23.63787369,S1_SAR,,0,0.02640686,"Sri Lanka small-tank power law (Telivarai Kulam), Imbulana ceiling-capped",validated_2021_2025,
32,Irahandaketu Wewa,9/24/2021,2021,9,3.022198537,11.85402044,25.49513519,S1_SAR,,0,0.029016782,"Sri Lanka small-tank power law (Telivarai Kulam), Imbulana ceiling-capped",validated_2021_2025,
32,Irahandaketu Wewa,10/6/2021,2021,10,2.802038371,11.85402044,23.63787363,S1_SAR,,0,0.02640686,"Sri Lanka small-tank power law (Telivarai Kulam), Imbulana ceiling-capped",validated_2021_2025,
32,Irahandaketu Wewa,10/18/2021,2021,10,2.741994669,11.85402044,23.13134758,S1_SAR,,0,0.025703618,"Sri Lanka small-tank power law (Telivarai Kulam), Imbulana ceiling-capped",validated_2021_2025,
32,Irahandaketu Wewa,10/30/2021,2021,10,3.09224951,11.85402044,26.08608215,S1_SAR,,0,0.029857242,"Sri Lanka small-tank power law (Telivarai Kulam), Imbulana ceiling-capped",validated_2021_2025,
32,Irahandaketu Wewa,11/17/2021,2021,11,6.224529002,11.85402044,52.50985549,S1_SAR,,0,0.071392019,"Sri Lanka small-tank power law (Telivarai Kulam), Imbulana ceiling-capped",validated_2021_2025,
32,Irahandaketu Wewa,11/23/2021,2021,11,6.2345363,11.85402044,52.59427662,S1_SAR,,0,0.071535071,"Sri Lanka small-tank power law (Telivarai Kulam), Imbulana ceiling-capped",validated_2021_2025,
32,Irahandaketu Wewa,12/5/2021,2021,12,6.364631,11.85402044,53.69174984,S1_SAR,,0,0.073399859,"Sri Lanka small-tank power law (Telivarai Kulam), Imbulana ceiling-capped",validated_2021_2025,
32,Irahandaketu Wewa,12/17/2021,2021,12,6.154478057,11.85402044,51.91890877,S1_SAR,,0,0.070392248,"Sri Lanka small-tank power law (Telivarai Kulam), Imbulana ceiling-capped",validated_2021_2025,
32,Irahandaketu Wewa,12/29/2021,2021,12,6.054405269,11.85402044,51.07469909,S1_SAR,,0,0.068968859,"Sri Lanka small-tank power law (Telivarai Kulam), Imbulana ceiling-capped",validated_2021_2025,
32,Irahandaketu Wewa,1/10/2022,2022,1,6.054405251,11.85402044,51.07469893,S1_SAR,,0,0.068968859,"Sri Lanka small-tank power law (Telivarai Kulam), Imbulana ceiling-capped",validated_2021_2025,
32,Irahandaketu Wewa,1/22/2022,2022,1,6.014376095,11.85402044,50.73701472,S1_SAR,,0,0.068401117,"Sri Lanka small-tank power law (Telivarai Kulam), Imbulana ceiling-capped",validated_2021_2025,
32,Irahandaketu Wewa,2/3/2022,2022,2,6.204514496,11.85402044,52.34101399,S1_SAR,,0,0.071106087,"Sri Lanka small-tank power law (Telivarai Kulam), Imbulana ceiling-capped",validated_2021_2025,
32,Irahandaketu Wewa,2/15/2022,2022,2,6.05440515,11.85402044,51.07469808,S1_SAR,,0,0.068968858,"Sri Lanka small-tank power law (Telivarai Kulam), Imbulana ceiling-capped",validated_2021_2025,
32,Irahandaketu Wewa,2/27/2022,2022,2,5.734172173,11.85402044,48.37322664,S1_SAR,,0,0.064453206,"Sri Lanka small-tank power law (Telivarai Kulam), Imbulana ceiling-capped",validated_2021_2025,
32,Irahandaketu Wewa,3/11/2022,2022,3,5.433953622,11.85402044,45.84059602,S1_SAR,,0,0.060275733,"Sri Lanka small-tank power law (Telivarai Kulam), Imbulana ceiling-capped",validated_2021_2025,
32,Irahandaketu Wewa,3/23/2022,2022,3,5.544033842,11.85402044,46.76922797,S1_SAR,,0,0.061801045,"Sri Lanka small-tank power law (Telivarai Kulam), Imbulana ceiling-capped",validated_2021_2025,
32,Irahandaketu Wewa,4/4/2022,2022,4,5.193778836,11.85402044,43.81449199,S1_SAR,,0,0.056974273,"Sri Lanka small-tank power law (Telivarai Kulam), Imbulana ceiling-capped",validated_2021_2025,
32,Irahandaketu Wewa,4/16/2022,2022,4,5.754186717,11.85402044,48.54206846,S1_SAR,,0,0.064733655,"Sri Lanka small-tank power law (Telivarai Kulam), Imbulana ceiling-capped",validated_2021_2025,
32,Irahandaketu Wewa,4/28/2022,2022,4,6.064412474,11.85402044,51.15911943,S1_SAR,,0,0.069110938,"Sri Lanka small-tank power law (Telivarai Kulam), Imbulana ceiling-capped",validated_2021_2025,
32,Irahandaketu Wewa,5/10/2022,2022,5,5.473982818,11.85402044,46.17828058,S1_SAR,,0,0.06082952,"Sri Lanka small-tank power law (Telivarai Kulam), Imbulana ceiling-capped",validated_2021_2025,
32,Irahandaketu Wewa,5/22/2022,2022,5,5.163757153,11.85402044,43.56123039,S1_SAR,,0,0.056564194,"Sri Lanka small-tank power law (Telivarai Kulam), Imbulana ceiling-capped",validated_2021_2025,
32,Irahandaketu Wewa,6/3/2022,2022,6,4.993633263,11.85402044,42.12607266,S1_SAR,,0,0.054251547,"Sri Lanka small-tank power law (Telivarai Kulam), Imbulana ceiling-capped",validated_2021_2025,
32,Irahandaketu Wewa,6/15/2022,2022,6,5.123727875,11.85402044,43.22354514,S1_SAR,,0,0.056018329,"Sri Lanka small-tank power law (Telivarai Kulam), Imbulana ceiling-capped",validated_2021_2025,
32,Irahandaketu Wewa,6/27/2022,2022,6,4.733443801,11.85402044,39.93112569,S1_SAR,,0,0.050752083,"Sri Lanka small-tank power law (Telivarai Kulam), Imbulana ceiling-capped",validated_2021_2025,
32,Irahandaketu Wewa,7/9/2022,2022,7,3.992904825,11.85402044,33.68397115,S1_SAR,,0,0.041056595,"Sri Lanka small-tank power law (Telivarai Kulam), Imbulana ceiling-capped",validated_2021_2025,
32,Irahandaketu Wewa,7/21/2022,2022,7,3.382460716,11.85402044,28.53429124,S1_SAR,,0,0.033388345,"Sri Lanka small-tank power law (Telivarai Kulam), Imbulana ceiling-capped",validated_2021_2025,
32,Irahandaketu Wewa,8/2/2022,2022,8,2.922125745,11.85402044,24.65092549,S1_SAR,,0,0.027824438,"Sri Lanka small-tank power law (Telivarai Kulam), Imbulana ceiling-capped",validated_2021_2025,
32,Irahandaketu Wewa,8/14/2022,2022,8,3.182315059,11.85402044,26.8458712,S1_SAR,,0,0.030944727,"Sri Lanka small-tank power law (Telivarai Kulam), Imbulana ceiling-capped",validated_2021_2025,
32,Irahandaketu Wewa,8/26/2022,2022,8,2.731987431,11.85402044,23.04692695,S1_SAR,,0,0.025586778,"Sri Lanka small-tank power law (Telivarai Kulam), Imbulana ceiling-capped",validated_2021_2025,
32,Irahandaketu Wewa,9/7/2022,2022,9,2.88209655,11.85402044,24.31324094,S1_SAR,,0,0.027350288,"Sri Lanka small-tank power law (Telivarai Kulam), Imbulana ceiling-capped",validated_2021_2025,
32,Irahandaketu Wewa,9/19/2022,2022,9,3.072235068,11.85402044,25.91724119,S1_SAR,,0,0.029616629,"Sri Lanka small-tank power law (Telivarai Kulam), Imbulana ceiling-capped",validated_2021_2025,
32,Irahandaketu Wewa,10/1/2022,2022,10,2.792031154,11.85402044,23.55345318,S1_SAR,,0,0.026289394,"Sri Lanka small-tank power law (Telivarai Kulam), Imbulana ceiling-capped",validated_2021_2025,
32,Irahandaketu Wewa,10/13/2022,2022,10,2.181586942,11.85402044,18.4037724,S1_SAR,,0,0.0193315,"Sri Lanka small-tank power law (Telivarai Kulam), Imbulana ceiling-capped",validated_2021_2025,
32,Irahandaketu Wewa,10/25/2022,2022,10,2.721980093,11.85402044,22.96250548,S1_SAR,,0,0.025470041,"Sri Lanka small-tank power law (Telivarai Kulam), Imbulana ceiling-capped",validated_2021_2025,
32,Irahandaketu Wewa,11/6/2022,2022,11,2.541849065,11.85402044,21.44292797,S1_SAR,,0,0.02338714,"Sri Lanka small-tank power law (Telivarai Kulam), Imbulana ceiling-capped",validated_2021_2025,
32,Irahandaketu Wewa,11/18/2022,2022,11,2.832060188,11.85402044,23.89113637,S1_SAR,,0,0.026759878,"Sri Lanka small-tank power law (Telivarai Kulam), Imbulana ceiling-capped",validated_2021_2025,
32,Irahandaketu Wewa,11/30/2022,2022,11,2.741994691,11.85402044,23.13134776,S1_SAR,,0,0.025703619,"Sri Lanka small-tank power law (Telivarai Kulam), Imbulana ceiling-capped",validated_2021_2025,
32,Irahandaketu Wewa,12/12/2022,2022,12,2.02147048,11.85402044,17.0530369,S1_SAR,,0,0.017579795,"Sri Lanka small-tank power law (Telivarai Kulam), Imbulana ceiling-capped",validated_2021_2025,
32,Irahandaketu Wewa,12/24/2022,2022,12,4.122999543,11.85402044,34.78144453,S1_SAR,,0,0.04273009,"Sri Lanka small-tank power law (Telivarai Kulam), Imbulana ceiling-capped",validated_2021_2025,
32,Irahandaketu Wewa,1/5/2023,2023,1,4.122999543,11.85402044,34.78144453,S1_SAR,,0,0.04273009,"Sri Lanka small-tank power law (Telivarai Kulam), Imbulana ceiling-capped",validated_2021_2025,
32,Irahandaketu Wewa,1/17/2023,2023,1,4.253094182,11.85402044,35.87891723,S1_SAR,,0,0.04441663,"Sri Lanka small-tank power law (Telivarai Kulam), Imbulana ceiling-capped",validated_2021_2025,
32,Irahandaketu Wewa,1/29/2023,2023,1,5.313866185,11.85402044,44.82754364,S1_SAR,,0,0.058620412,"Sri Lanka small-tank power law (Telivarai Kulam), Imbulana ceiling-capped",validated_2021_2025,
32,Irahandaketu Wewa,2/10/2023,2023,2,5.644106654,11.85402044,47.61343784,S1_SAR,,0,0.063194177,"Sri Lanka small-tank power law (Telivarai Kulam), Imbulana ceiling-capped",validated_2021_2025,
32,Irahandaketu Wewa,2/22/2023,2023,2,5.183771642,11.85402044,43.73007174,S1_SAR,,0,0.056837516,"Sri Lanka small-tank power law (Telivarai Kulam), Imbulana ceiling-capped",validated_2021_2025,
32,Irahandaketu Wewa,3/6/2023,2023,3,5.103713249,11.85402044,43.05470263,S1_SAR,,0,0.055745789,"Sri Lanka small-tank power law (Telivarai Kulam), Imbulana ceiling-capped",validated_2021_2025,
32,Irahandaketu Wewa,3/18/2023,2023,3,4.663392836,11.85402044,39.3401788,S1_SAR,,0,0.049817876,"Sri Lanka small-tank power law (Telivarai Kulam), Imbulana ceiling-capped",validated_2021_2025,
32,Irahandaketu Wewa,3/30/2023,2023,3,4.553312738,11.85402044,38.41154789,S1_SAR,,0,0.048356815,"Sri Lanka small-tank power law (Telivarai Kulam), Imbulana ceiling-capped",validated_2021_2025,
32,Irahandaketu Wewa,4/11/2023,2023,4,4.593341872,11.85402044,38.74923193,S1_SAR,,0,0.048887115,"Sri Lanka small-tank power law (Telivarai Kulam), Imbulana ceiling-capped",validated_2021_2025,
32,Irahandaketu Wewa,4/23/2023,2023,4,4.082970493,11.85402044,34.44376121,S1_SAR,,0,0.042213765,"Sri Lanka small-tank power law (Telivarai Kulam), Imbulana ceiling-capped",validated_2021_2025,
32,Irahandaketu Wewa,5/5/2023,2023,5,3.942868468,11.85402044,33.26186663,S1_SAR,,0,0.040416485,"Sri Lanka small-tank power law (Telivarai Kulam), Imbulana ceiling-capped",validated_2021_2025,
32,Irahandaketu Wewa,5/17/2023,2023,5,3.792759281,11.85402044,31.99555206,S1_SAR,,0,0.038508207,"Sri Lanka small-tank power law (Telivarai Kulam), Imbulana ceiling-capped",validated_2021_2025,
32,Irahandaketu Wewa,5/29/2023,2023,5,3.242358776,11.85402044,27.35239738,S1_SAR,,0,0.031673951,"Sri Lanka small-tank power law (Telivarai Kulam), Imbulana ceiling-capped",validated_2021_2025,
32,Irahandaketu Wewa,6/10/2023,2023,6,2.391739854,11.85402044,20.17661321,S1_SAR,,0,0.021678832,"Sri Lanka small-tank power law (Telivarai Kulam), Imbulana ceiling-capped",validated_2021_2025,
32,Irahandaketu Wewa,6/22/2023,2023,6,1.140829804,11.85402044,9.623990528,S1_SAR,,0,0.008618441,"Sri Lanka small-tank power law (Telivarai Kulam), Imbulana ceiling-capped",validated_2021_2025,
32,Irahandaketu Wewa,7/4/2023,2023,7,0.05003642,11.85402044,0.422105057,S1_SAR,,0,0.000175117,"Sri Lanka small-tank power law (Telivarai Kulam), Imbulana ceiling-capped",validated_2021_2025,
32,Irahandaketu Wewa,7/16/2023,2023,7,0.190138383,11.85402044,1.60399912,S1_SAR,,0,0.000924246,"Sri Lanka small-tank power law (Telivarai Kulam), Imbulana ceiling-capped",validated_2021_2025,
32,Irahandaketu Wewa,7/28/2023,2023,7,0.19013839,11.85402044,1.603999178,S1_SAR,,0,0.000924246,"Sri Lanka small-tank power law (Telivarai Kulam), Imbulana ceiling-capped",validated_2021_2025,
32,Irahandaketu Wewa,8/9/2023,2023,8,0.450327693,11.85402044,3.798944801,S1_SAR,,0,0.002706416,"Sri Lanka small-tank power law (Telivarai Kulam), Imbulana ceiling-capped",validated_2021_2025,
32,Irahandaketu Wewa,9/2/2023,2023,9,0.590429718,11.85402044,4.980839379,S1_SAR,,0,0.003793003,"Sri Lanka small-tank power law (Telivarai Kulam), Imbulana ceiling-capped",validated_2021_2025,
32,Irahandaketu Wewa,9/14/2023,2023,9,0.120087406,11.85402044,1.013052127,S1_SAR,,0,0.000521319,"Sri Lanka small-tank power law (Telivarai Kulam), Imbulana ceiling-capped",validated_2021_2025,
32,Irahandaketu Wewa,9/26/2023,2023,9,0.360262222,11.85402044,3.039156412,S1_SAR,,0,0.002049447,"Sri Lanka small-tank power law (Telivarai Kulam), Imbulana ceiling-capped",validated_2021_2025,
32,Irahandaketu Wewa,10/8/2023,2023,10,0.740538981,11.85402044,6.247154581,S1_SAR,,0,0.005030053,"Sri Lanka small-tank power law (Telivarai Kulam), Imbulana ceiling-capped",validated_2021_2025,
32,Irahandaketu Wewa,10/20/2023,2023,10,1.200873503,11.85402044,10.13051656,S1_SAR,,0,0.00918728,"Sri Lanka small-tank power law (Telivarai Kulam), Imbulana ceiling-capped",validated_2021_2025,
32,Irahandaketu Wewa,11/1/2023,2023,11,3.842795647,11.85402044,32.41765667,S1_SAR,,0,0.039142271,"Sri Lanka small-tank power law (Telivarai Kulam), Imbulana ceiling-capped",validated_2021_2025,
32,Irahandaketu Wewa,11/13/2023,2023,11,6.204514461,11.85402044,52.34101369,S1_SAR,,0,0.071106086,"Sri Lanka small-tank power law (Telivarai Kulam), Imbulana ceiling-capped",validated_2021_2025,
32,Irahandaketu Wewa,11/25/2023,2023,11,4.953604076,11.85402044,41.78838818,S1_SAR,,0,0.053710183,"Sri Lanka small-tank power law (Telivarai Kulam), Imbulana ceiling-capped",validated_2021_2025,
32,Irahandaketu Wewa,12/7/2023,2023,12,5.453968187,11.85402044,46.00943802,S1_SAR,,0,0.060552501,"Sri Lanka small-tank power law (Telivarai Kulam), Imbulana ceiling-capped",validated_2021_2025,
32,Irahandaketu Wewa,12/19/2023,2023,12,5.223800674,11.85402044,44.06775491,S1_SAR,,0,0.057384939,"Sri Lanka small-tank power law (Telivarai Kulam), Imbulana ceiling-capped",validated_2021_2025,
32,Irahandaketu Wewa,12/31/2023,2023,12,4.433225121,11.85402044,37.39849399,S1_SAR,,0,0.046772817,"Sri Lanka small-tank power law (Telivarai Kulam), Imbulana ceiling-capped",validated_2021_2025,
32,Irahandaketu Wewa,1/12/2024,2024,1,5.233807759,11.85402044,44.15217424,S1_SAR,,0,0.057521954,"Sri Lanka small-tank power law (Telivarai Kulam), Imbulana ceiling-capped",validated_2021_2025,
32,Irahandaketu Wewa,1/24/2024,2024,1,4.203057588,11.85402044,35.45681071,S1_SAR,,0,0.043766434,"Sri Lanka small-tank power law (Telivarai Kulam), Imbulana ceiling-capped",validated_2021_2025,
32,Irahandaketu Wewa,2/5/2024,2024,2,4.062955685,11.85402044,34.27491715,S1_SAR,,0,0.041956066,"Sri Lanka small-tank power law (Telivarai Kulam), Imbulana ceiling-capped",validated_2021_2025,
32,Irahandaketu Wewa,2/17/2024,2024,2,3.812773676,11.85402044,32.16439263,S1_SAR,,0,0.038761586,"Sri Lanka small-tank power law (Telivarai Kulam), Imbulana ceiling-capped",validated_2021_2025,
32,Irahandaketu Wewa,2/29/2024,2024,2,3.982897565,11.85402044,33.59955035,S1_SAR,,0,0.040928415,"Sri Lanka small-tank power law (Telivarai Kulam), Imbulana ceiling-capped",validated_2021_2025,
32,Irahandaketu Wewa,3/12/2024,2024,3,3.792759206,11.85402044,31.99555143,S1_SAR,,0,0.038508207,"Sri Lanka small-tank power law (Telivarai Kulam), Imbulana ceiling-capped",validated_2021_2025,
32,Irahandaketu Wewa,3/24/2024,2024,3,4.012919373,11.85402044,33.85281301,S1_SAR,,0,0.041313194,"Sri Lanka small-tank power law (Telivarai Kulam), Imbulana ceiling-capped",validated_2021_2025,
32,Irahandaketu Wewa,4/5/2024,2024,4,4.733443704,11.85402044,39.93112488,S1_SAR,,0,0.050752082,"Sri Lanka small-tank power law (Telivarai Kulam), Imbulana ceiling-capped",validated_2021_2025,
32,Irahandaketu Wewa,4/17/2024,2024,4,4.423217974,11.85402044,37.31407413,S1_SAR,,0,0.046641292,"Sri Lanka small-tank power law (Telivarai Kulam), Imbulana ceiling-capped",validated_2021_2025,
32,Irahandaketu Wewa,4/29/2024,2024,4,4.243086782,11.85402044,35.79449524,S1_SAR,,0,0.044286438,"Sri Lanka small-tank power law (Telivarai Kulam), Imbulana ceiling-capped",validated_2021_2025,
32,Irahandaketu Wewa,5/11/2024,2024,5,4.66339282,11.85402044,39.34017867,S1_SAR,,0,0.049817875,"Sri Lanka small-tank power law (Telivarai Kulam), Imbulana ceiling-capped",validated_2021_2025,
32,Irahandaketu Wewa,5/23/2024,2024,5,4.523291142,11.85402044,38.15828702,S1_SAR,,0,0.047959844,"Sri Lanka small-tank power law (Telivarai Kulam), Imbulana ceiling-capped",validated_2021_2025,
32,Irahandaketu Wewa,6/4/2024,2024,6,5.313866068,11.85402044,44.82754265,S1_SAR,,0,0.05862041,"Sri Lanka small-tank power law (Telivarai Kulam), Imbulana ceiling-capped",validated_2021_2025,
32,Irahandaketu Wewa,6/16/2024,2024,6,5.223800535,11.85402044,44.06775374,S1_SAR,,0,0.057384937,"Sri Lanka small-tank power law (Telivarai Kulam), Imbulana ceiling-capped",validated_2021_2025,
32,Irahandaketu Wewa,7/10/2024,2024,7,4.683407436,11.85402044,39.50902109,S1_SAR,,0,0.050084443,"Sri Lanka small-tank power law (Telivarai Kulam), Imbulana ceiling-capped",validated_2021_2025,
32,Irahandaketu Wewa,7/22/2024,2024,7,4.773472943,11.85402044,40.26880979,S1_SAR,,0,0.051287449,"Sri Lanka small-tank power law (Telivarai Kulam), Imbulana ceiling-capped",validated_2021_2025,
32,Irahandaketu Wewa,8/3/2024,2024,8,3.492540803,11.85402044,29.46292206,S1_SAR,,0,0.034747721,"Sri Lanka small-tank power law (Telivarai Kulam), Imbulana ceiling-capped",validated_2021_2025,
32,Irahandaketu Wewa,8/15/2024,2024,8,3.232351431,11.85402044,27.26797586,S1_SAR,,0,0.03155218,"Sri Lanka small-tank power law (Telivarai Kulam), Imbulana ceiling-capped",validated_2021_2025,
32,Irahandaketu Wewa,8/27/2024,2024,8,2.832060189,11.85402044,23.89113638,S1_SAR,,0,0.026759878,"Sri Lanka small-tank power law (Telivarai Kulam), Imbulana ceiling-capped",validated_2021_2025,
32,Irahandaketu Wewa,9/20/2024,2024,9,1.701041295,11.85402044,14.34991026,S1_SAR,,0,0.014178056,"Sri Lanka small-tank power law (Telivarai Kulam), Imbulana ceiling-capped",validated_2021_2025,
32,Irahandaketu Wewa,10/2/2024,2024,10,1.561135532,11.85402044,13.16967134,S1_SAR,,0,0.012740013,"Sri Lanka small-tank power law (Telivarai Kulam), Imbulana ceiling-capped",validated_2021_2025,
32,Irahandaketu Wewa,10/14/2024,2024,10,0.53038577,11.85402044,4.474311246,S1_SAR,,0,0.003318526,"Sri Lanka small-tank power law (Telivarai Kulam), Imbulana ceiling-capped",validated_2021_2025,
32,Irahandaketu Wewa,10/26/2024,2024,10,1.040757001,11.85402044,8.779780724,S1_SAR,,0,0.007686798,"Sri Lanka small-tank power law (Telivarai Kulam), Imbulana ceiling-capped",validated_2021_2025,
32,Irahandaketu Wewa,11/7/2024,2024,11,1.881368546,11.85402044,15.87114309,S1_SAR,,0,0.016074744,"Sri Lanka small-tank power law (Telivarai Kulam), Imbulana ceiling-capped",validated_2021_2025,
32,Irahandaketu Wewa,11/19/2024,2024,11,2.241630645,11.85402044,18.91029846,S1_SAR,,0,0.019996721,"Sri Lanka small-tank power law (Telivarai Kulam), Imbulana ceiling-capped",validated_2021_2025,
32,Irahandaketu Wewa,12/13/2024,2024,12,3.492540629,11.85402044,29.46292059,S1_SAR,,0,0.034747719,"Sri Lanka small-tank power law (Telivarai Kulam), Imbulana ceiling-capped",validated_2021_2025,
32,Irahandaketu Wewa,12/25/2024,2024,12,4.072962938,11.85402044,34.35933791,S1_SAR,,0,0.042084875,"Sri Lanka small-tank power law (Telivarai Kulam), Imbulana ceiling-capped",validated_2021_2025,
32,Irahandaketu Wewa,1/6/2025,2025,1,3.742722691,11.85402044,31.57344557,S1_SAR,,0,0.037876196,"Sri Lanka small-tank power law (Telivarai Kulam), Imbulana ceiling-capped",validated_2021_2025,
32,Irahandaketu Wewa,1/18/2025,2025,1,3.252365906,11.85402044,27.43681709,S1_SAR,,0,0.031795811,"Sri Lanka small-tank power law (Telivarai Kulam), Imbulana ceiling-capped",validated_2021_2025,
32,Irahandaketu Wewa,1/30/2025,2025,1,3.152293105,11.85402044,26.59260731,S1_SAR,,0,0.030581378,"Sri Lanka small-tank power law (Telivarai Kulam), Imbulana ceiling-capped",validated_2021_2025,
32,Irahandaketu Wewa,2/11/2025,2025,2,3.142285814,11.85402044,26.50818623,S1_SAR,,0,0.030460451,"Sri Lanka small-tank power law (Telivarai Kulam), Imbulana ceiling-capped",validated_2021_2025,
32,Irahandaketu Wewa,2/23/2025,2025,2,3.022198473,11.85402044,25.49513465,S1_SAR,,0,0.029016781,"Sri Lanka small-tank power law (Telivarai Kulam), Imbulana ceiling-capped",validated_2021_2025,
32,Irahandaketu Wewa,3/7/2025,2025,3,3.142285855,11.85402044,26.50818658,S1_SAR,,0,0.030460452,"Sri Lanka small-tank power law (Telivarai Kulam), Imbulana ceiling-capped",validated_2021_2025,
32,Irahandaketu Wewa,3/19/2025,2025,3,3.842795478,11.85402044,32.41765524,S1_SAR,,0,0.039142269,"Sri Lanka small-tank power law (Telivarai Kulam), Imbulana ceiling-capped",validated_2021_2025,
32,Irahandaketu Wewa,3/31/2025,2025,3,3.122271328,11.85402044,26.3393449,S1_SAR,,0,0.030218882,"Sri Lanka small-tank power law (Telivarai Kulam), Imbulana ceiling-capped",validated_2021_2025,
32,Irahandaketu Wewa,4/12/2025,2025,4,3.822781068,11.85402044,32.24881455,S1_SAR,,0,0.0388884,"Sri Lanka small-tank power law (Telivarai Kulam), Imbulana ceiling-capped",validated_2021_2025,
32,Irahandaketu Wewa,4/24/2025,2025,4,4.012919363,11.85402044,33.85281293,S1_SAR,,0,0.041313194,"Sri Lanka small-tank power law (Telivarai Kulam), Imbulana ceiling-capped",validated_2021_2025,
32,Irahandaketu Wewa,5/6/2025,2025,5,3.982897459,11.85402044,33.59954945,S1_SAR,,0,0.040928413,"Sri Lanka small-tank power law (Telivarai Kulam), Imbulana ceiling-capped",validated_2021_2025,
32,Irahandaketu Wewa,5/18/2025,2025,5,5.233807867,11.85402044,44.15217516,S1_SAR,,0,0.057521955,"Sri Lanka small-tank power law (Telivarai Kulam), Imbulana ceiling-capped",validated_2021_2025,
32,Irahandaketu Wewa,5/30/2025,2025,5,3.372453456,11.85402044,28.44987043,S1_SAR,,0,0.0332653,"Sri Lanka small-tank power law (Telivarai Kulam), Imbulana ceiling-capped",validated_2021_2025,
32,Irahandaketu Wewa,6/11/2025,2025,6,3.012191204,11.85402044,25.41071377,S1_SAR,,0,0.028897104,"Sri Lanka small-tank power law (Telivarai Kulam), Imbulana ceiling-capped",validated_2021_2025,
32,Irahandaketu Wewa,6/23/2025,2025,6,4.012919381,11.85402044,33.85281307,S1_SAR,,0,0.041313194,"Sri Lanka small-tank power law (Telivarai Kulam), Imbulana ceiling-capped",validated_2021_2025,
32,Irahandaketu Wewa,7/5/2025,2025,7,3.512555361,11.85402044,29.631764,S1_SAR,,0,0.034996025,"Sri Lanka small-tank power law (Telivarai Kulam), Imbulana ceiling-capped",validated_2021_2025,
32,Irahandaketu Wewa,7/17/2025,2025,7,3.43249716,11.85402044,28.95639651,S1_SAR,,0,0.034004916,"Sri Lanka small-tank power law (Telivarai Kulam), Imbulana ceiling-capped",validated_2021_2025,
32,Irahandaketu Wewa,7/29/2025,2025,7,3.312409782,11.85402044,27.94334462,S1_SAR,,0,0.032528918,"Sri Lanka small-tank power law (Telivarai Kulam), Imbulana ceiling-capped",validated_2021_2025,
32,Irahandaketu Wewa,8/10/2025,2025,8,2.371725313,11.85402044,20.00777141,S1_SAR,,0,0.02145301,"Sri Lanka small-tank power law (Telivarai Kulam), Imbulana ceiling-capped",validated_2021_2025,
32,Irahandaketu Wewa,8/22/2025,2025,8,0.620451266,11.85402044,5.234099848,S1_SAR,,0,0.004034811,"Sri Lanka small-tank power law (Telivarai Kulam), Imbulana ceiling-capped",validated_2021_2025,
32,Irahandaketu Wewa,9/3/2025,2025,9,0.350254757,11.85402044,2.954733871,S1_SAR,,0,0.001978751,"Sri Lanka small-tank power law (Telivarai Kulam), Imbulana ceiling-capped",validated_2021_2025,
32,Irahandaketu Wewa,9/15/2025,2025,9,0.330240301,11.85402044,2.78589279,S1_SAR,,0,0.001838861,"Sri Lanka small-tank power law (Telivarai Kulam), Imbulana ceiling-capped",validated_2021_2025,
32,Irahandaketu Wewa,9/27/2025,2025,9,0.230167403,11.85402044,1.941682181,S1_SAR,,0,0.001172682,"Sri Lanka small-tank power law (Telivarai Kulam), Imbulana ceiling-capped",validated_2021_2025,
32,Irahandaketu Wewa,10/9/2025,2025,10,0.410298424,11.85402044,3.461259628,S1_SAR,,0,0.002409999,"Sri Lanka small-tank power law (Telivarai Kulam), Imbulana ceiling-capped",validated_2021_2025,
32,Irahandaketu Wewa,10/21/2025,2025,10,0.630458556,11.85402044,5.318520915,S1_SAR,,0,0.004116064,"Sri Lanka small-tank power law (Telivarai Kulam), Imbulana ceiling-capped",validated_2021_2025,
32,Irahandaketu Wewa,11/2/2025,2025,11,1.701237475,11.85402044,14.35156522,S1_SAR,,0,0.014180093,"Sri Lanka small-tank power law (Telivarai Kulam), Imbulana ceiling-capped",validated_2021_2025,
32,Irahandaketu Wewa,11/14/2025,2025,11,1.461062756,11.85402044,12.32546176,S1_SAR,,0,0.011730537,"Sri Lanka small-tank power law (Telivarai Kulam), Imbulana ceiling-capped",validated_2021_2025,
32,Irahandaketu Wewa,11/26/2025,2025,11,4.343159818,11.85402044,36.63870702,S1_SAR,,0,0.04559172,"Sri Lanka small-tank power law (Telivarai Kulam), Imbulana ceiling-capped",validated_2021_2025,
32,Irahandaketu Wewa,12/2/2025,2025,12,6.384645575,11.85402044,53.86059192,S1_SAR,,0,0.073687587,"Sri Lanka small-tank power law (Telivarai Kulam), Imbulana ceiling-capped",validated_2021_2025,
32,Irahandaketu Wewa,12/8/2025,2025,12,5.784208665,11.85402044,48.79533231,S1_SAR,,0,0.065154779,"Sri Lanka small-tank power law (Telivarai Kulam), Imbulana ceiling-capped",validated_2021_2025,
32,Irahandaketu Wewa,12/20/2025,2025,12,4.783480103,11.85402044,40.35322975,S1_SAR,,0,0.051421462,"Sri Lanka small-tank power law (Telivarai Kulam), Imbulana ceiling-capped",validated_2021_2025,
19,Kuda Kanumulla Wewa,1/3/2021,2021,1,0.270196148,21.9133418,1.23302119,S1_SAR,,0,0.001432028,"Sri Lanka small-tank power law (Telivarai Kulam), Imbulana ceiling-capped",validated_2021_2025,
19,Kuda Kanumulla Wewa,1/15/2021,2021,1,1.030749014,21.9133418,4.70375091,S1_SAR,,0,0.007594801,"Sri Lanka small-tank power law (Telivarai Kulam), Imbulana ceiling-capped",validated_2021_2025,
19,Kuda Kanumulla Wewa,1/27/2021,2021,1,0.150108968,21.9133418,0.685011757,S1_SAR,,0,0.000688431,"Sri Lanka small-tank power law (Telivarai Kulam), Imbulana ceiling-capped",validated_2021_2025,
19,Kuda Kanumulla Wewa,2/8/2021,2021,2,0.44031965,21.9133418,2.009367874,S1_SAR,,0,0.002631674,"Sri Lanka small-tank power law (Telivarai Kulam), Imbulana ceiling-capped",validated_2021_2025,
19,Kuda Kanumulla Wewa,2/20/2021,2021,2,0.330239735,21.9133418,1.507025895,S1_SAR,,0,0.001838857,"Sri Lanka small-tank power law (Telivarai Kulam), Imbulana ceiling-capped",validated_2021_2025,
19,Kuda Kanumulla Wewa,3/4/2021,2021,3,0.3702688,21.9133418,1.689695725,S1_SAR,,0,0.002120621,"Sri Lanka small-tank power law (Telivarai Kulam), Imbulana ceiling-capped",validated_2021_2025,
19,Kuda Kanumulla Wewa,3/16/2021,2021,3,0.460334179,21.9133418,2.100702773,S1_SAR,,0,0.002781556,"Sri Lanka small-tank power law (Telivarai Kulam), Imbulana ceiling-capped",validated_2021_2025,
19,Kuda Kanumulla Wewa,3/28/2021,2021,3,0.440319662,21.9133418,2.009367926,S1_SAR,,0,0.002631674,"Sri Lanka small-tank power law (Telivarai Kulam), Imbulana ceiling-capped",validated_2021_2025,
19,Kuda Kanumulla Wewa,4/9/2021,2021,4,0.630457728,21.9133418,2.87704967,S1_SAR,,0,0.004116057,"Sri Lanka small-tank power law (Telivarai Kulam), Imbulana ceiling-capped",validated_2021_2025,
19,Kuda Kanumulla Wewa,4/21/2021,2021,4,0.54039229,21.9133418,2.466042353,S1_SAR,,0,0.003396722,"Sri Lanka small-tank power law (Telivarai Kulam), Imbulana ceiling-capped",validated_2021_2025,
19,Kuda Kanumulla Wewa,5/3/2021,2021,5,0.390283318,21.9133418,1.781030576,S1_SAR,,0,0.002264395,"Sri Lanka small-tank power law (Telivarai Kulam), Imbulana ceiling-capped",validated_2021_2025,
19,Kuda Kanumulla Wewa,5/15/2021,2021,5,0.300217943,21.9133418,1.370023548,S1_SAR,,0,0.001632936,"Sri Lanka small-tank power law (Telivarai Kulam), Imbulana ceiling-capped",validated_2021_2025,
19,Kuda Kanumulla Wewa,5/27/2021,2021,5,0.300217938,21.9133418,1.370023527,S1_SAR,,0,0.001632936,"Sri Lanka small-tank power law (Telivarai Kulam), Imbulana ceiling-capped",validated_2021_2025,
19,Kuda Kanumulla Wewa,6/8/2021,2021,6,0.240174356,21.9133418,1.096018847,S1_SAR,,0,0.001236549,"Sri Lanka small-tank power law (Telivarai Kulam), Imbulana ceiling-capped",validated_2021_2025,
19,Kuda Kanumulla Wewa,6/14/2021,2021,6,0.120087177,21.9133418,0.548009416,S1_SAR,,0,0.000521318,"Sri Lanka small-tank power law (Telivarai Kulam), Imbulana ceiling-capped",validated_2021_2025,
19,Kuda Kanumulla Wewa,6/20/2021,2021,6,0.530385441,21.9133418,2.420376799,S1_SAR,,0,0.003318523,"Sri Lanka small-tank power law (Telivarai Kulam), Imbulana ceiling-capped",validated_2021_2025,
19,Kuda Kanumulla Wewa,7/2/2021,2021,7,0.150109051,21.9133418,0.685012136,S1_SAR,,0,0.000688432,"Sri Lanka small-tank power law (Telivarai Kulam), Imbulana ceiling-capped",validated_2021_2025,
19,Kuda Kanumulla Wewa,7/14/2021,2021,7,0.300218099,21.9133418,1.370024262,S1_SAR,,0,0.001632937,"Sri Lanka small-tank power law (Telivarai Kulam), Imbulana ceiling-capped",validated_2021_2025,
19,Kuda Kanumulla Wewa,7/26/2021,2021,7,0.0,21.9133418,0.0,S1_SAR,,0,0.0,"Sri Lanka small-tank power law (Telivarai Kulam), Imbulana ceiling-capped",validated_2021_2025,
19,Kuda Kanumulla Wewa,8/7/2021,2021,8,0.100072706,21.9133418,0.456674782,S1_SAR,,0,0.000415371,"Sri Lanka small-tank power law (Telivarai Kulam), Imbulana ceiling-capped",validated_2021_2025,
19,Kuda Kanumulla Wewa,8/19/2021,2021,8,0.020014546,21.9133418,0.091334979,S1_SAR,,0,5.59e-05,"Sri Lanka small-tank power law (Telivarai Kulam), Imbulana ceiling-capped",validated_2021_2025,
19,Kuda Kanumulla Wewa,8/31/2021,2021,8,0.080058178,21.9133418,0.365339886,S1_SAR,,0,0.000314542,"Sri Lanka small-tank power law (Telivarai Kulam), Imbulana ceiling-capped",validated_2021_2025,
19,Kuda Kanumulla Wewa,9/12/2021,2021,9,0.04002906,21.9133418,0.182669812,S1_SAR,,0,0.000132608,"Sri Lanka small-tank power law (Telivarai Kulam), Imbulana ceiling-capped",validated_2021_2025,
19,Kuda Kanumulla Wewa,9/24/2021,2021,9,0.470341785,21.9133418,2.146371781,S1_SAR,,0,0.002857108,"Sri Lanka small-tank power law (Telivarai Kulam), Imbulana ceiling-capped",validated_2021_2025,
19,Kuda Kanumulla Wewa,10/6/2021,2021,10,0.0,21.9133418,0.0,S1_SAR,,0,0.0,"Sri Lanka small-tank power law (Telivarai Kulam), Imbulana ceiling-capped",validated_2021_2025,
19,Kuda Kanumulla Wewa,10/18/2021,2021,10,0.030021793,21.9133418,0.137002351,S1_SAR,,0,9.27e-05,"Sri Lanka small-tank power law (Telivarai Kulam), Imbulana ceiling-capped",validated_2021_2025,
19,Kuda Kanumulla Wewa,10/30/2021,2021,10,0.0,21.9133418,0.0,S1_SAR,,0,0.0,"Sri Lanka small-tank power law (Telivarai Kulam), Imbulana ceiling-capped",validated_2021_2025,
19,Kuda Kanumulla Wewa,11/17/2021,2021,11,0.0,21.9133418,0.0,S1_SAR,,0,0.0,"Sri Lanka small-tank power law (Telivarai Kulam), Imbulana ceiling-capped",validated_2021_2025,
19,Kuda Kanumulla Wewa,11/23/2021,2021,11,0.0,21.9133418,0.0,S1_SAR,,0,0.0,"Sri Lanka small-tank power law (Telivarai Kulam), Imbulana ceiling-capped",validated_2021_2025,
19,Kuda Kanumulla Wewa,12/5/2021,2021,12,0.0,21.9133418,0.0,S1_SAR,,0,0.0,"Sri Lanka small-tank power law (Telivarai Kulam), Imbulana ceiling-capped",validated_2021_2025,
19,Kuda Kanumulla Wewa,12/17/2021,2021,12,0.0,21.9133418,0.0,S1_SAR,,0,0.0,"Sri Lanka small-tank power law (Telivarai Kulam), Imbulana ceiling-capped",validated_2021_2025,
19,Kuda Kanumulla Wewa,12/29/2021,2021,12,0.0,21.9133418,0.0,S1_SAR,,0,0.0,"Sri Lanka small-tank power law (Telivarai Kulam), Imbulana ceiling-capped",validated_2021_2025,
19,Kuda Kanumulla Wewa,1/10/2022,2022,1,0.0,21.9133418,0.0,S1_SAR,,0,0.0,"Sri Lanka small-tank power law (Telivarai Kulam), Imbulana ceiling-capped",validated_2021_2025,
19,Kuda Kanumulla Wewa,1/22/2022,2022,1,0.0,21.9133418,0.0,S1_SAR,,0,0.0,"Sri Lanka small-tank power law (Telivarai Kulam), Imbulana ceiling-capped",validated_2021_2025,
19,Kuda Kanumulla Wewa,2/3/2022,2022,2,0.0,21.9133418,0.0,S1_SAR,,0,0.0,"Sri Lanka small-tank power law (Telivarai Kulam), Imbulana ceiling-capped",validated_2021_2025,
19,Kuda Kanumulla Wewa,2/15/2022,2022,2,0.0,21.9133418,0.0,S1_SAR,,0,0.0,"Sri Lanka small-tank power law (Telivarai Kulam), Imbulana ceiling-capped",validated_2021_2025,
19,Kuda Kanumulla Wewa,2/27/2022,2022,2,0.0,21.9133418,0.0,S1_SAR,,0,0.0,"Sri Lanka small-tank power law (Telivarai Kulam), Imbulana ceiling-capped",validated_2021_2025,
19,Kuda Kanumulla Wewa,3/11/2022,2022,3,0.050036378,21.9133418,0.228337504,S1_SAR,,0,0.000175117,"Sri Lanka small-tank power law (Telivarai Kulam), Imbulana ceiling-capped",validated_2021_2025,
19,Kuda Kanumulla Wewa,3/23/2022,2022,3,0.0,21.9133418,0.0,S1_SAR,,0,0.0,"Sri Lanka small-tank power law (Telivarai Kulam), Imbulana ceiling-capped",validated_2021_2025,
19,Kuda Kanumulla Wewa,4/4/2022,2022,4,0.0,21.9133418,0.0,S1_SAR,,0,0.0,"Sri Lanka small-tank power law (Telivarai Kulam), Imbulana ceiling-capped",validated_2021_2025,
19,Kuda Kanumulla Wewa,4/16/2022,2022,4,0.0,21.9133418,0.0,S1_SAR,,0,0.0,"Sri Lanka small-tank power law (Telivarai Kulam), Imbulana ceiling-capped",validated_2021_2025,
19,Kuda Kanumulla Wewa,4/28/2022,2022,4,0.0,21.9133418,0.0,S1_SAR,,0,0.0,"Sri Lanka small-tank power law (Telivarai Kulam), Imbulana ceiling-capped",validated_2021_2025,
19,Kuda Kanumulla Wewa,5/10/2022,2022,5,0.0,21.9133418,0.0,S1_SAR,,0,0.0,"Sri Lanka small-tank power law (Telivarai Kulam), Imbulana ceiling-capped",validated_2021_2025,
19,Kuda Kanumulla Wewa,5/22/2022,2022,5,0.0,21.9133418,0.0,S1_SAR,,0,0.0,"Sri Lanka small-tank power law (Telivarai Kulam), Imbulana ceiling-capped",validated_2021_2025,
19,Kuda Kanumulla Wewa,6/3/2022,2022,6,0.010007276,21.9133418,0.045667504,S1_SAR,,0,2.36e-05,"Sri Lanka small-tank power law (Telivarai Kulam), Imbulana ceiling-capped",validated_2021_2025,
19,Kuda Kanumulla Wewa,6/15/2022,2022,6,0.0,21.9133418,0.0,S1_SAR,,0,0.0,"Sri Lanka small-tank power law (Telivarai Kulam), Imbulana ceiling-capped",validated_2021_2025,
19,Kuda Kanumulla Wewa,6/27/2022,2022,6,0.0,21.9133418,0.0,S1_SAR,,0,0.0,"Sri Lanka small-tank power law (Telivarai Kulam), Imbulana ceiling-capped",validated_2021_2025,
19,Kuda Kanumulla Wewa,7/9/2022,2022,7,0.690501727,21.9133418,3.151056251,S1_SAR,,0,0.004610124,"Sri Lanka small-tank power law (Telivarai Kulam), Imbulana ceiling-capped",validated_2021_2025,
19,Kuda Kanumulla Wewa,7/21/2022,2022,7,1.370995327,21.9133418,6.25644112,S1_SAR,,0,0.010836399,"Sri Lanka small-tank power law (Telivarai Kulam), Imbulana ceiling-capped",validated_2021_2025,
19,Kuda Kanumulla Wewa,8/2/2022,2022,8,1.260915417,21.9133418,5.754099161,S1_SAR,,0,0.009763147,"Sri Lanka small-tank power law (Telivarai Kulam), Imbulana ceiling-capped",validated_2021_2025,
19,Kuda Kanumulla Wewa,8/14/2022,2022,8,2.201598409,21.9133418,10.04684009,S1_SAR,,0,0.019552712,"Sri Lanka small-tank power law (Telivarai Kulam), Imbulana ceiling-capped",validated_2021_2025,
19,Kuda Kanumulla Wewa,8/26/2022,2022,8,2.802034712,21.9133418,12.78688909,S1_SAR,,0,0.026406817,"Sri Lanka small-tank power law (Telivarai Kulam), Imbulana ceiling-capped",validated_2021_2025,
19,Kuda Kanumulla Wewa,9/7/2022,2022,9,2.241627513,21.9133418,10.2295101,S1_SAR,,0,0.019996686,"Sri Lanka small-tank power law (Telivarai Kulam), Imbulana ceiling-capped",validated_2021_2025,
19,Kuda Kanumulla Wewa,9/19/2022,2022,9,2.521831102,21.9133418,11.50819955,S1_SAR,,0,0.023157857,"Sri Lanka small-tank power law (Telivarai Kulam), Imbulana ceiling-capped",validated_2021_2025,
19,Kuda Kanumulla Wewa,10/1/2022,2022,10,2.531838532,21.9133418,11.55386776,S1_SAR,,0,0.023272425,"Sri Lanka small-tank power law (Telivarai Kulam), Imbulana ceiling-capped",validated_2021_2025,
19,Kuda Kanumulla Wewa,10/13/2022,2022,10,3.112142391,21.9133418,14.20204376,S1_SAR,,0,0.030096774,"Sri Lanka small-tank power law (Telivarai Kulam), Imbulana ceiling-capped",validated_2021_2025,
19,Kuda Kanumulla Wewa,10/25/2022,2022,10,2.491809149,21.9133418,11.37119647,S1_SAR,,0,0.022814829,"Sri Lanka small-tank power law (Telivarai Kulam), Imbulana ceiling-capped",validated_2021_2025,
19,Kuda Kanumulla Wewa,11/6/2022,2022,11,2.491809205,21.9133418,11.37119672,S1_SAR,,0,0.02281483,"Sri Lanka small-tank power law (Telivarai Kulam), Imbulana ceiling-capped",validated_2021_2025,
19,Kuda Kanumulla Wewa,11/18/2022,2022,11,2.711969025,21.9133418,12.37588064,S1_SAR,,0,0.025353367,"Sri Lanka small-tank power law (Telivarai Kulam), Imbulana ceiling-capped",validated_2021_2025,
19,Kuda Kanumulla Wewa,11/30/2022,2022,11,2.671939958,21.9133418,12.1932108,S1_SAR,,0,0.024887908,"Sri Lanka small-tank power law (Telivarai Kulam), Imbulana ceiling-capped",validated_2021_2025,
19,Kuda Kanumulla Wewa,12/12/2022,2022,12,2.641918168,21.9133418,12.05620846,S1_SAR,,0,0.024539937,"Sri Lanka small-tank power law (Telivarai Kulam), Imbulana ceiling-capped",validated_2021_2025,
19,Kuda Kanumulla Wewa,12/24/2022,2022,12,2.53183826,21.9133418,11.55386651,S1_SAR,,0,0.023272422,"Sri Lanka small-tank power law (Telivarai Kulam), Imbulana ceiling-capped",validated_2021_2025,
19,Kuda Kanumulla Wewa,1/5/2023,2023,1,2.60188914,21.9133418,11.87353879,S1_SAR,,0,0.024077489,"Sri Lanka small-tank power law (Telivarai Kulam), Imbulana ceiling-capped",validated_2021_2025,
19,Kuda Kanumulla Wewa,1/17/2023,2023,1,2.471794666,21.9133418,11.27986178,S1_SAR,,0,0.022586709,"Sri Lanka small-tank power law (Telivarai Kulam), Imbulana ceiling-capped",validated_2021_2025,
19,Kuda Kanumulla Wewa,1/29/2023,2023,1,2.531838271,21.9133418,11.55386656,S1_SAR,,0,0.023272422,"Sri Lanka small-tank power law (Telivarai Kulam), Imbulana ceiling-capped",validated_2021_2025,
19,Kuda Kanumulla Wewa,2/10/2023,2023,2,2.541845531,21.9133418,11.599534,S1_SAR,,0,0.0233871,"Sri Lanka small-tank power law (Telivarai Kulam), Imbulana ceiling-capped",validated_2021_2025,
19,Kuda Kanumulla Wewa,2/22/2023,2023,2,2.451780134,21.9133418,11.18852686,S1_SAR,,0,0.022359042,"Sri Lanka small-tank power law (Telivarai Kulam), Imbulana ceiling-capped",validated_2021_2025,
19,Kuda Kanumulla Wewa,3/6/2023,2023,3,2.45178011,21.9133418,11.18852676,S1_SAR,,0,0.022359042,"Sri Lanka small-tank power law (Telivarai Kulam), Imbulana ceiling-capped",validated_2021_2025,
19,Kuda Kanumulla Wewa,3/18/2023,2023,3,2.551852756,21.9133418,11.64520126,S1_SAR,,0,0.023501888,"Sri Lanka small-tank power law (Telivarai Kulam), Imbulana ceiling-capped",validated_2021_2025,
19,Kuda Kanumulla Wewa,3/30/2023,2023,3,2.461787379,21.9133418,11.23419423,S1_SAR,,0,0.022472818,"Sri Lanka small-tank power law (Telivarai Kulam), Imbulana ceiling-capped",validated_2021_2025,
19,Kuda Kanumulla Wewa,4/11/2023,2023,4,2.351707419,21.9133418,10.73185204,S1_SAR,,0,0.021227619,"Sri Lanka small-tank power law (Telivarai Kulam), Imbulana ceiling-capped",validated_2021_2025,
19,Kuda Kanumulla Wewa,4/23/2023,2023,4,2.461787348,21.9133418,11.23419408,S1_SAR,,0,0.022472818,"Sri Lanka small-tank power law (Telivarai Kulam), Imbulana ceiling-capped",validated_2021_2025,
19,Kuda Kanumulla Wewa,5/5/2023,2023,5,2.181583947,21.9133418,9.955505495,S1_SAR,,0,0.019331467,"Sri Lanka small-tank power law (Telivarai Kulam), Imbulana ceiling-capped",validated_2021_2025,
19,Kuda Kanumulla Wewa,5/17/2023,2023,5,2.241627512,21.9133418,10.2295101,S1_SAR,,0,0.019996686,"Sri Lanka small-tank power law (Telivarai Kulam), Imbulana ceiling-capped",validated_2021_2025,
19,Kuda Kanumulla Wewa,5/29/2023,2023,5,2.371722124,21.9133418,10.82318775,S1_SAR,,0,0.021452974,"Sri Lanka small-tank power law (Telivarai Kulam), Imbulana ceiling-capped",validated_2021_2025,
19,Kuda Kanumulla Wewa,6/10/2023,2023,6,1.90138046,21.9133418,8.676816512,S1_SAR,,0,0.016288085,"Sri Lanka small-tank power law (Telivarai Kulam), Imbulana ceiling-capped",validated_2021_2025,
19,Kuda Kanumulla Wewa,6/22/2023,2023,6,2.051489465,21.9133418,9.361828439,S1_SAR,,0,0.017905691,"Sri Lanka small-tank power law (Telivarai Kulam), Imbulana ceiling-capped",validated_2021_2025,
19,Kuda Kanumulla Wewa,7/4/2023,2023,7,2.021468012,21.9133418,9.224827645,S1_SAR,,0,0.017579768,"Sri Lanka small-tank power law (Telivarai Kulam), Imbulana ceiling-capped",validated_2021_2025,
19,Kuda Kanumulla Wewa,7/16/2023,2023,7,2.451780574,21.9133418,11.18852887,S1_SAR,,0,0.022359047,"Sri Lanka small-tank power law (Telivarai Kulam), Imbulana ceiling-capped",validated_2021_2025,
19,Kuda Kanumulla Wewa,7/28/2023,2023,7,2.832056811,21.9133418,12.92389284,S1_SAR,,0,0.026759838,"Sri Lanka small-tank power law (Telivarai Kulam), Imbulana ceiling-capped",validated_2021_2025,
19,Kuda Kanumulla Wewa,8/9/2023,2023,8,2.952144077,21.9133418,13.47190266,S1_SAR,,0,0.028181061,"Sri Lanka small-tank power law (Telivarai Kulam), Imbulana ceiling-capped",validated_2021_2025,
19,Kuda Kanumulla Wewa,9/2/2023,2023,9,4.183039292,21.9133418,19.08900674,S1_SAR,,0,0.043506839,"Sri Lanka small-tank power law (Telivarai Kulam), Imbulana ceiling-capped",validated_2021_2025,
19,Kuda Kanumulla Wewa,9/14/2023,2023,9,2.762006497,21.9133418,12.60422314,S1_SAR,,0,0.025937583,"Sri Lanka small-tank power law (Telivarai Kulam), Imbulana ceiling-capped",validated_2021_2025,
19,Kuda Kanumulla Wewa,9/26/2023,2023,9,3.05221719,21.9133418,13.9285793,S1_SAR,,0,0.02937636,"Sri Lanka small-tank power law (Telivarai Kulam), Imbulana ceiling-capped",validated_2021_2025,
19,Kuda Kanumulla Wewa,10/8/2023,2023,10,2.251635479,21.9133418,10.27518075,S1_SAR,,0,0.020107994,"Sri Lanka small-tank power law (Telivarai Kulam), Imbulana ceiling-capped",validated_2021_2025,
19,Kuda Kanumulla Wewa,10/20/2023,2023,10,1.471068028,21.9133418,6.71311588,S1_SAR,,0,0.011830719,"Sri Lanka small-tank power law (Telivarai Kulam), Imbulana ceiling-capped",validated_2021_2025,
19,Kuda Kanumulla Wewa,11/1/2023,2023,11,1.040755692,21.9133418,4.749415684,S1_SAR,,0,0.007686786,"Sri Lanka small-tank power law (Telivarai Kulam), Imbulana ceiling-capped",validated_2021_2025,
19,Kuda Kanumulla Wewa,11/13/2023,2023,11,8.476158433,21.9133418,38.68035515,S1_SAR,,0,0.104891475,"Sri Lanka small-tank power law (Telivarai Kulam), Imbulana ceiling-capped",validated_2021_2025,
19,Kuda Kanumulla Wewa,11/25/2023,2023,11,7.69559072,21.9133418,35.11828908,S1_SAR,,0,0.092994688,"Sri Lanka small-tank power law (Telivarai Kulam), Imbulana ceiling-capped",validated_2021_2025,
19,Kuda Kanumulla Wewa,12/7/2023,2023,12,8.286018699,21.9133418,37.81266579,S1_SAR,,0,0.101967633,"Sri Lanka small-tank power law (Telivarai Kulam), Imbulana ceiling-capped",validated_2021_2025,
19,Kuda Kanumulla Wewa,12/19/2023,2023,12,10.99799051,21.9133418,50.18855917,S1_SAR,,0,0.145107553,"Sri Lanka small-tank power law (Telivarai Kulam), Imbulana ceiling-capped",validated_2021_2025,
19,Kuda Kanumulla Wewa,12/31/2023,2023,12,10.67775763,21.9133418,48.72719885,S1_SAR,,0,0.13986166,"Sri Lanka small-tank power law (Telivarai Kulam), Imbulana ceiling-capped",validated_2021_2025,
19,Kuda Kanumulla Wewa,1/12/2024,2024,1,11.09806267,21.9133418,50.64523142,S1_SAR,,0,0.14675466,"Sri Lanka small-tank power law (Telivarai Kulam), Imbulana ceiling-capped",validated_2021_2025,
19,Kuda Kanumulla Wewa,1/24/2024,2024,1,10.17739339,21.9133418,46.4438217,S1_SAR,,0,0.131742512,"Sri Lanka small-tank power law (Telivarai Kulam), Imbulana ceiling-capped",validated_2021_2025,
19,Kuda Kanumulla Wewa,2/5/2024,2024,2,9.697044214,21.9133418,44.25178187,S1_SAR,,0,0.124039982,"Sri Lanka small-tank power law (Telivarai Kulam), Imbulana ceiling-capped",validated_2021_2025,
19,Kuda Kanumulla Wewa,2/17/2024,2024,2,8.956505952,21.9133418,40.8723874,S1_SAR,,0,0.11234943,"Sri Lanka small-tank power law (Telivarai Kulam), Imbulana ceiling-capped",validated_2021_2025,
19,Kuda Kanumulla Wewa,2/29/2024,2024,2,9.496898403,21.9133418,43.33843049,S1_SAR,,0,0.120857941,"Sri Lanka small-tank power law (Telivarai Kulam), Imbulana ceiling-capped",validated_2021_2025,
19,Kuda Kanumulla Wewa,3/12/2024,2024,3,8.996534933,21.9133418,41.05505685,S1_SAR,,0,0.112975456,"Sri Lanka small-tank power law (Telivarai Kulam), Imbulana ceiling-capped",validated_2021_2025,
19,Kuda Kanumulla Wewa,3/24/2024,2024,3,8.696316824,21.9133418,39.68503254,S1_SAR,,0,0.108297128,"Sri Lanka small-tank power law (Telivarai Kulam), Imbulana ceiling-capped",validated_2021_2025,
19,Kuda Kanumulla Wewa,4/5/2024,2024,4,8.746353085,21.9133418,39.91336951,S1_SAR,,0,0.109074127,"Sri Lanka small-tank power law (Telivarai Kulam), Imbulana ceiling-capped",validated_2021_2025,
19,Kuda Kanumulla Wewa,4/17/2024,2024,4,8.276011155,21.9133418,37.76699707,S1_SAR,,0,0.101814198,"Sri Lanka small-tank power law (Telivarai Kulam), Imbulana ceiling-capped",validated_2021_2025,
19,Kuda Kanumulla Wewa,4/29/2024,2024,4,8.025829285,21.9133418,36.62530964,S1_SAR,,0,0.097993353,"Sri Lanka small-tank power law (Telivarai Kulam), Imbulana ceiling-capped",validated_2021_2025,
19,Kuda Kanumulla Wewa,5/11/2024,2024,5,7.315312968,21.9133418,33.3829182,S1_SAR,,0,0.087303776,"Sri Lanka small-tank power law (Telivarai Kulam), Imbulana ceiling-capped",validated_2021_2025,
19,Kuda Kanumulla Wewa,5/23/2024,2024,5,7.055124532,21.9133418,32.1955665,S1_SAR,,0,0.083451538,"Sri Lanka small-tank power law (Telivarai Kulam), Imbulana ceiling-capped",validated_2021_2025,
19,Kuda Kanumulla Wewa,6/4/2024,2024,6,7.179684858,21.9133418,32.76398882,S1_SAR,,0,0.085291441,"Sri Lanka small-tank power law (Telivarai Kulam), Imbulana ceiling-capped",validated_2021_2025,
19,Kuda Kanumulla Wewa,6/16/2024,2024,6,6.764913167,21.9133418,30.87120727,S1_SAR,,0,0.079195904,"Sri Lanka small-tank power law (Telivarai Kulam), Imbulana ceiling-capped",validated_2021_2025,
19,Kuda Kanumulla Wewa,7/10/2024,2024,7,4.923575612,21.9133418,22.46839235,S1_SAR,,0,0.053304776,"Sri Lanka small-tank power law (Telivarai Kulam), Imbulana ceiling-capped",validated_2021_2025,
19,Kuda Kanumulla Wewa,7/22/2024,2024,7,4.383183234,21.9133418,20.00234959,S1_SAR,,0,0.046115842,"Sri Lanka small-tank power law (Telivarai Kulam), Imbulana ceiling-capped",validated_2021_2025,
19,Kuda Kanumulla Wewa,8/3/2024,2024,8,3.832783448,21.9133418,17.49063873,S1_SAR,,0,0.039015233,"Sri Lanka small-tank power law (Telivarai Kulam), Imbulana ceiling-capped",validated_2021_2025,
19,Kuda Kanumulla Wewa,8/15/2024,2024,8,4.263095778,21.9133418,19.4543389,S1_SAR,,0,0.044546821,"Sri Lanka small-tank power law (Telivarai Kulam), Imbulana ceiling-capped",validated_2021_2025,
19,Kuda Kanumulla Wewa,8/27/2024,2024,8,3.542572539,21.9133418,16.16628158,S1_SAR,,0,0.035369076,"Sri Lanka small-tank power law (Telivarai Kulam), Imbulana ceiling-capped",validated_2021_2025,
19,Kuda Kanumulla Wewa,9/20/2024,2024,9,3.302398151,21.9133418,15.07026259,S1_SAR,,0,0.032406452,"Sri Lanka small-tank power law (Telivarai Kulam), Imbulana ceiling-capped",validated_2021_2025,
19,Kuda Kanumulla Wewa,10/2/2024,2024,10,3.072231001,21.9133418,14.01991093,S1_SAR,,0,0.02961658,"Sri Lanka small-tank power law (Telivarai Kulam), Imbulana ceiling-capped",validated_2021_2025,
19,Kuda Kanumulla Wewa,10/14/2024,2024,10,2.76200574,21.9133418,12.60421968,S1_SAR,,0,0.025937574,"Sri Lanka small-tank power law (Telivarai Kulam), Imbulana ceiling-capped",validated_2021_2025,
19,Kuda Kanumulla Wewa,10/26/2024,2024,10,3.032201884,21.9133418,13.83724086,S1_SAR,,0,0.02913651,"Sri Lanka small-tank power law (Telivarai Kulam), Imbulana ceiling-capped",validated_2021_2025,
19,Kuda Kanumulla Wewa,11/7/2024,2024,11,9.536928195,21.9133418,43.52110364,S1_SAR,,0,0.121493051,"Sri Lanka small-tank power law (Telivarai Kulam), Imbulana ceiling-capped",validated_2021_2025,
19,Kuda Kanumulla Wewa,11/19/2024,2024,11,9.106615157,21.9133418,41.55740024,S1_SAR,,0,0.114700566,"Sri Lanka small-tank power law (Telivarai Kulam), Imbulana ceiling-capped",validated_2021_2025,
19,Kuda Kanumulla Wewa,12/13/2024,2024,12,11.06804106,21.9133418,50.50822993,S1_SAR,,0,0.146260143,"Sri Lanka small-tank power law (Telivarai Kulam), Imbulana ceiling-capped",validated_2021_2025,
19,Kuda Kanumulla Wewa,12/25/2024,2024,12,10.62772125,21.9133418,48.49886132,S1_SAR,,0,0.139045452,"Sri Lanka small-tank power law (Telivarai Kulam), Imbulana ceiling-capped",validated_2021_2025,
19,Kuda Kanumulla Wewa,1/6/2025,2025,1,11.12808471,21.9133418,50.78223492,S1_SAR,,0,0.147249513,"Sri Lanka small-tank power law (Telivarai Kulam), Imbulana ceiling-capped",validated_2021_2025,
19,Kuda Kanumulla Wewa,1/18/2025,2025,1,11.32823015,21.9133418,51.69558461,S1_SAR,,0,0.150556877,"Sri Lanka small-tank power law (Telivarai Kulam), Imbulana ceiling-capped",validated_2021_2025,
19,Kuda Kanumulla Wewa,1/30/2025,2025,1,11.00799758,21.9133418,50.23422573,S1_SAR,,0,0.145272096,"Sri Lanka small-tank power law (Telivarai Kulam), Imbulana ceiling-capped",validated_2021_2025,
19,Kuda Kanumulla Wewa,2/11/2025,2025,2,11.74853544,21.9133418,53.61361833,S1_SAR,,0,0.157549023,"Sri Lanka small-tank power law (Telivarai Kulam), Imbulana ceiling-capped",validated_2021_2025,
19,Kuda Kanumulla Wewa,2/23/2025,2025,2,11.56840453,21.9133418,52.79160358,S1_SAR,,0,0.154544718,"Sri Lanka small-tank power law (Telivarai Kulam), Imbulana ceiling-capped",validated_2021_2025,
19,Kuda Kanumulla Wewa,3/7/2025,2025,3,11.67848459,21.9133418,53.2939462,S1_SAR,,0,0.156379327,"Sri Lanka small-tank power law (Telivarai Kulam), Imbulana ceiling-capped",validated_2021_2025,
19,Kuda Kanumulla Wewa,3/19/2025,2025,3,11.73852823,21.9133418,53.56795115,S1_SAR,,0,0.157381819,"Sri Lanka small-tank power law (Telivarai Kulam), Imbulana ceiling-capped",validated_2021_2025,
19,Kuda Kanumulla Wewa,3/31/2025,2025,3,11.89864458,21.9133418,54.29863091,S1_SAR,,0,0.160061293,"Sri Lanka small-tank power law (Telivarai Kulam), Imbulana ceiling-capped",validated_2021_2025,
19,Kuda Kanumulla Wewa,4/12/2025,2025,4,11.53838272,21.9133418,52.65460112,S1_SAR,,0,0.154045114,"Sri Lanka small-tank power law (Telivarai Kulam), Imbulana ceiling-capped",validated_2021_2025,
19,Kuda Kanumulla Wewa,4/24/2025,2025,4,11.13809177,21.9133418,50.82790143,S1_SAR,,0,0.147414533,"Sri Lanka small-tank power law (Telivarai Kulam), Imbulana ceiling-capped",validated_2021_2025,
19,Kuda Kanumulla Wewa,5/6/2025,2025,5,11.86862284,21.9133418,54.16162878,S1_SAR,,0,0.159558213,"Sri Lanka small-tank power law (Telivarai Kulam), Imbulana ceiling-capped",validated_2021_2025,
19,Kuda Kanumulla Wewa,5/18/2025,2025,5,11.23816475,21.9133418,51.28457747,S1_SAR,,0,0.149066769,"Sri Lanka small-tank power law (Telivarai Kulam), Imbulana ceiling-capped",validated_2021_2025,
19,Kuda Kanumulla Wewa,5/30/2025,2025,5,10.82786662,21.9133418,49.41221071,S1_SAR,,0,0.142315919,"Sri Lanka small-tank power law (Telivarai Kulam), Imbulana ceiling-capped",validated_2021_2025,
19,Kuda Kanumulla Wewa,6/11/2025,2025,6,10.75781548,21.9133418,49.09253721,S1_SAR,,0,0.141169544,"Sri Lanka small-tank power law (Telivarai Kulam), Imbulana ceiling-capped",validated_2021_2025,
19,Kuda Kanumulla Wewa,6/23/2025,2025,6,9.596971564,21.9133418,43.79510735,S1_SAR,,0,0.122446924,"Sri Lanka small-tank power law (Telivarai Kulam), Imbulana ceiling-capped",validated_2021_2025,
19,Kuda Kanumulla Wewa,7/5/2025,2025,7,9.116622346,21.9133418,41.60306734,S1_SAR,,0,0.114857648,"Sri Lanka small-tank power law (Telivarai Kulam), Imbulana ceiling-capped",validated_2021_2025,
19,Kuda Kanumulla Wewa,7/17/2025,2025,7,8.706324055,21.9133418,39.73069984,S1_SAR,,0,0.108452439,"Sri Lanka small-tank power law (Telivarai Kulam), Imbulana ceiling-capped",validated_2021_2025,
19,Kuda Kanumulla Wewa,7/29/2025,2025,7,9.12662945,21.9133418,41.64873406,S1_SAR,,0,0.115014771,"Sri Lanka small-tank power law (Telivarai Kulam), Imbulana ceiling-capped",validated_2021_2025,
19,Kuda Kanumulla Wewa,8/10/2025,2025,8,7.855705887,21.9133418,35.84896343,S1_SAR,,0,0.095411821,"Sri Lanka small-tank power law (Telivarai Kulam), Imbulana ceiling-capped",validated_2021_2025,
19,Kuda Kanumulla Wewa,8/22/2025,2025,8,8.436127748,21.9133418,38.49767792,S1_SAR,,0,0.104274556,"Sri Lanka small-tank power law (Telivarai Kulam), Imbulana ceiling-capped",validated_2021_2025,
19,Kuda Kanumulla Wewa,9/3/2025,2025,9,7.545480682,21.9133418,34.43327244,S1_SAR,,0,0.090739804,"Sri Lanka small-tank power law (Telivarai Kulam), Imbulana ceiling-capped",validated_2021_2025,
19,Kuda Kanumulla Wewa,9/15/2025,2025,9,7.545480503,21.9133418,34.43327162,S1_SAR,,0,0.090739801,"Sri Lanka small-tank power law (Telivarai Kulam), Imbulana ceiling-capped",validated_2021_2025,
19,Kuda Kanumulla Wewa,9/27/2025,2025,9,5.984346073,21.9133418,27.30914403,S1_SAR,,0,0.067975804,"Sri Lanka small-tank power law (Telivarai Kulam), Imbulana ceiling-capped",validated_2021_2025,
19,Kuda Kanumulla Wewa,10/9/2025,2025,10,5.934309612,21.9133418,27.08080614,S1_SAR,,0,0.067268309,"Sri Lanka small-tank power law (Telivarai Kulam), Imbulana ceiling-capped",validated_2021_2025,
19,Kuda Kanumulla Wewa,10/21/2025,2025,10,8.746353094,21.9133418,39.91336955,S1_SAR,,0,0.109074127,"Sri Lanka small-tank power law (Telivarai Kulam), Imbulana ceiling-capped",validated_2021_2025,
19,Kuda Kanumulla Wewa,11/2/2025,2025,11,7.955778499,21.9133418,36.30563778,S1_SAR,,0,0.096928722,"Sri Lanka small-tank power law (Telivarai Kulam), Imbulana ceiling-capped",validated_2021_2025,
19,Kuda Kanumulla Wewa,11/14/2025,2025,11,7.035109611,21.9133418,32.10422981,S1_SAR,,0,0.083156635,"Sri Lanka small-tank power law (Telivarai Kulam), Imbulana ceiling-capped",validated_2021_2025,
19,Kuda Kanumulla Wewa,11/26/2025,2025,11,6.985073264,21.9133418,31.87589245,S1_SAR,,0,0.082420296,"Sri Lanka small-tank power law (Telivarai Kulam), Imbulana ceiling-capped",validated_2021_2025,
19,Kuda Kanumulla Wewa,12/2/2025,2025,12,12.53910993,21.9133418,57.22134963,S1_SAR,,0,0.170867186,"Sri Lanka small-tank power law (Telivarai Kulam), Imbulana ceiling-capped",validated_2021_2025,
19,Kuda Kanumulla Wewa,12/8/2025,2025,12,12.00872452,21.9133418,54.80097299,S1_SAR,,0,0.161908592,"Sri Lanka small-tank power law (Telivarai Kulam), Imbulana ceiling-capped",validated_2021_2025,
19,Kuda Kanumulla Wewa,12/20/2025,2025,12,11.57841189,21.9133418,52.83727145,S1_SAR,,0,0.154711325,"Sri Lanka small-tank power law (Telivarai Kulam), Imbulana ceiling-capped",validated_2021_2025,
4,Kudaittikattiya Wewa,1/3/2021,2021,1,0.0,11.83892449,0.0,S1_SAR,,0,0.0,"Sri Lanka small-tank power law (Telivarai Kulam), Imbulana ceiling-capped",validated_2021_2025,
4,Kudaittikattiya Wewa,1/15/2021,2021,1,0.0,11.83892449,0.0,S1_SAR,,0,0.0,"Sri Lanka small-tank power law (Telivarai Kulam), Imbulana ceiling-capped",validated_2021_2025,
4,Kudaittikattiya Wewa,1/27/2021,2021,1,0.0,11.83892449,0.0,S1_SAR,,0,0.0,"Sri Lanka small-tank power law (Telivarai Kulam), Imbulana ceiling-capped",validated_2021_2025,
4,Kudaittikattiya Wewa,2/8/2021,2021,2,0.0,11.83892449,0.0,S1_SAR,,0,0.0,"Sri Lanka small-tank power law (Telivarai Kulam), Imbulana ceiling-capped",validated_2021_2025,
4,Kudaittikattiya Wewa,2/20/2021,2021,2,0.0,11.83892449,0.0,S1_SAR,,0,0.0,"Sri Lanka small-tank power law (Telivarai Kulam), Imbulana ceiling-capped",validated_2021_2025,
4,Kudaittikattiya Wewa,3/4/2021,2021,3,0.0,11.83892449,0.0,S1_SAR,,0,0.0,"Sri Lanka small-tank power law (Telivarai Kulam), Imbulana ceiling-capped",validated_2021_2025,
4,Kudaittikattiya Wewa,3/16/2021,2021,3,0.0,11.83892449,0.0,S1_SAR,,0,0.0,"Sri Lanka small-tank power law (Telivarai Kulam), Imbulana ceiling-capped",validated_2021_2025,
4,Kudaittikattiya Wewa,3/28/2021,2021,3,0.0,11.83892449,0.0,S1_SAR,,0,0.0,"Sri Lanka small-tank power law (Telivarai Kulam), Imbulana ceiling-capped",validated_2021_2025,
4,Kudaittikattiya Wewa,4/9/2021,2021,4,0.0,11.83892449,0.0,S1_SAR,,0,0.0,"Sri Lanka small-tank power law (Telivarai Kulam), Imbulana ceiling-capped",validated_2021_2025,
4,Kudaittikattiya Wewa,4/21/2021,2021,4,0.0,11.83892449,0.0,S1_SAR,,0,0.0,"Sri Lanka small-tank power law (Telivarai Kulam), Imbulana ceiling-capped",validated_2021_2025,
4,Kudaittikattiya Wewa,5/3/2021,2021,5,0.0,11.83892449,0.0,S1_SAR,,0,0.0,"Sri Lanka small-tank power law (Telivarai Kulam), Imbulana ceiling-capped",validated_2021_2025,
4,Kudaittikattiya Wewa,5/15/2021,2021,5,0.0,11.83892449,0.0,S1_SAR,,0,0.0,"Sri Lanka small-tank power law (Telivarai Kulam), Imbulana ceiling-capped",validated_2021_2025,
4,Kudaittikattiya Wewa,5/27/2021,2021,5,0.0,11.83892449,0.0,S1_SAR,,0,0.0,"Sri Lanka small-tank power law (Telivarai Kulam), Imbulana ceiling-capped",validated_2021_2025,
4,Kudaittikattiya Wewa,6/8/2021,2021,6,0.0,11.83892449,0.0,S1_SAR,,0,0.0,"Sri Lanka small-tank power law (Telivarai Kulam), Imbulana ceiling-capped",validated_2021_2025,
4,Kudaittikattiya Wewa,6/14/2021,2021,6,0.0,11.83892449,0.0,S1_SAR,,0,0.0,"Sri Lanka small-tank power law (Telivarai Kulam), Imbulana ceiling-capped",validated_2021_2025,
4,Kudaittikattiya Wewa,6/20/2021,2021,6,0.0,11.83892449,0.0,S1_SAR,,0,0.0,"Sri Lanka small-tank power law (Telivarai Kulam), Imbulana ceiling-capped",validated_2021_2025,
4,Kudaittikattiya Wewa,7/2/2021,2021,7,0.0,11.83892449,0.0,S1_SAR,,0,0.0,"Sri Lanka small-tank power law (Telivarai Kulam), Imbulana ceiling-capped",validated_2021_2025,
4,Kudaittikattiya Wewa,7/14/2021,2021,7,0.0,11.83892449,0.0,S1_SAR,,0,0.0,"Sri Lanka small-tank power law (Telivarai Kulam), Imbulana ceiling-capped",validated_2021_2025,
4,Kudaittikattiya Wewa,7/26/2021,2021,7,0.0,11.83892449,0.0,S1_SAR,,0,0.0,"Sri Lanka small-tank power law (Telivarai Kulam), Imbulana ceiling-capped",validated_2021_2025,
4,Kudaittikattiya Wewa,8/7/2021,2021,8,0.0,11.83892449,0.0,S1_SAR,,0,0.0,"Sri Lanka small-tank power law (Telivarai Kulam), Imbulana ceiling-capped",validated_2021_2025,
4,Kudaittikattiya Wewa,8/19/2021,2021,8,0.0,11.83892449,0.0,S1_SAR,,0,0.0,"Sri Lanka small-tank power law (Telivarai Kulam), Imbulana ceiling-capped",validated_2021_2025,
4,Kudaittikattiya Wewa,8/31/2021,2021,8,0.0,11.83892449,0.0,S1_SAR,,0,0.0,"Sri Lanka small-tank power law (Telivarai Kulam), Imbulana ceiling-capped",validated_2021_2025,
4,Kudaittikattiya Wewa,9/12/2021,2021,9,0.0,11.83892449,0.0,S1_SAR,,0,0.0,"Sri Lanka small-tank power law (Telivarai Kulam), Imbulana ceiling-capped",validated_2021_2025,
4,Kudaittikattiya Wewa,9/24/2021,2021,9,0.0,11.83892449,0.0,S1_SAR,,0,0.0,"Sri Lanka small-tank power law (Telivarai Kulam), Imbulana ceiling-capped",validated_2021_2025,
4,Kudaittikattiya Wewa,10/6/2021,2021,10,0.0,11.83892449,0.0,S1_SAR,,0,0.0,"Sri Lanka small-tank power law (Telivarai Kulam), Imbulana ceiling-capped",validated_2021_2025,
4,Kudaittikattiya Wewa,10/18/2021,2021,10,0.0,11.83892449,0.0,S1_SAR,,0,0.0,"Sri Lanka small-tank power law (Telivarai Kulam), Imbulana ceiling-capped",validated_2021_2025,
4,Kudaittikattiya Wewa,10/30/2021,2021,10,0.0,11.83892449,0.0,S1_SAR,,0,0.0,"Sri Lanka small-tank power law (Telivarai Kulam), Imbulana ceiling-capped",validated_2021_2025,
4,Kudaittikattiya Wewa,11/17/2021,2021,11,0.060044254,11.83892449,0.507176597,S1_SAR,,0,0.000219786,"Sri Lanka small-tank power law (Telivarai Kulam), Imbulana ceiling-capped",validated_2021_2025,
4,Kudaittikattiya Wewa,11/23/2021,2021,11,0.010007375,11.83892449,0.08452943,S1_SAR,,0,2.36e-05,"Sri Lanka small-tank power law (Telivarai Kulam), Imbulana ceiling-capped",validated_2021_2025,
4,Kudaittikattiya Wewa,12/5/2021,2021,12,0.020014751,11.83892449,0.169058859,S1_SAR,,0,5.59e-05,"Sri Lanka small-tank power law (Telivarai Kulam), Imbulana ceiling-capped",validated_2021_2025,
4,Kudaittikattiya Wewa,12/17/2021,2021,12,0.0,11.83892449,0.0,S1_SAR,,0,0.0,"Sri Lanka small-tank power law (Telivarai Kulam), Imbulana ceiling-capped",validated_2021_2025,
4,Kudaittikattiya Wewa,12/29/2021,2021,12,0.040029501,11.83892449,0.338117718,S1_SAR,,0,0.00013261,"Sri Lanka small-tank power law (Telivarai Kulam), Imbulana ceiling-capped",validated_2021_2025,
4,Kudaittikattiya Wewa,1/10/2022,2022,1,0.090066383,11.83892449,0.760764904,S1_SAR,,0,0.000364271,"Sri Lanka small-tank power law (Telivarai Kulam), Imbulana ceiling-capped",validated_2021_2025,
4,Kudaittikattiya Wewa,1/22/2022,2022,1,0.0,11.83892449,0.0,S1_SAR,,0,0.0,"Sri Lanka small-tank power law (Telivarai Kulam), Imbulana ceiling-capped",validated_2021_2025,
4,Kudaittikattiya Wewa,2/3/2022,2022,2,0.0,11.83892449,0.0,S1_SAR,,0,0.0,"Sri Lanka small-tank power law (Telivarai Kulam), Imbulana ceiling-capped",validated_2021_2025,
4,Kudaittikattiya Wewa,2/15/2022,2022,2,0.0,11.83892449,0.0,S1_SAR,,0,0.0,"Sri Lanka small-tank power law (Telivarai Kulam), Imbulana ceiling-capped",validated_2021_2025,
4,Kudaittikattiya Wewa,2/27/2022,2022,2,0.010007375,11.83892449,0.08452943,S1_SAR,,0,2.36e-05,"Sri Lanka small-tank power law (Telivarai Kulam), Imbulana ceiling-capped",validated_2021_2025,
4,Kudaittikattiya Wewa,3/11/2022,2022,3,0.030022126,11.83892449,0.253588289,S1_SAR,,0,9.27e-05,"Sri Lanka small-tank power law (Telivarai Kulam), Imbulana ceiling-capped",validated_2021_2025,
4,Kudaittikattiya Wewa,3/23/2022,2022,3,0.0,11.83892449,0.0,S1_SAR,,0,0.0,"Sri Lanka small-tank power law (Telivarai Kulam), Imbulana ceiling-capped",validated_2021_2025,
4,Kudaittikattiya Wewa,4/4/2022,2022,4,0.0,11.83892449,0.0,S1_SAR,,0,0.0,"Sri Lanka small-tank power law (Telivarai Kulam), Imbulana ceiling-capped",validated_2021_2025,
4,Kudaittikattiya Wewa,4/16/2022,2022,4,0.050036877,11.83892449,0.422647148,S1_SAR,,0,0.000175119,"Sri Lanka small-tank power law (Telivarai Kulam), Imbulana ceiling-capped",validated_2021_2025,
4,Kudaittikattiya Wewa,4/28/2022,2022,4,0.0,11.83892449,0.0,S1_SAR,,0,0.0,"Sri Lanka small-tank power law (Telivarai Kulam), Imbulana ceiling-capped",validated_2021_2025,
4,Kudaittikattiya Wewa,5/10/2022,2022,5,0.0,11.83892449,0.0,S1_SAR,,0,0.0,"Sri Lanka small-tank power law (Telivarai Kulam), Imbulana ceiling-capped",validated_2021_2025,
4,Kudaittikattiya Wewa,5/22/2022,2022,5,0.0,11.83892449,0.0,S1_SAR,,0,0.0,"Sri Lanka small-tank power law (Telivarai Kulam), Imbulana ceiling-capped",validated_2021_2025,
4,Kudaittikattiya Wewa,6/3/2022,2022,6,0.0,11.83892449,0.0,S1_SAR,,0,0.0,"Sri Lanka small-tank power law (Telivarai Kulam), Imbulana ceiling-capped",validated_2021_2025,
4,Kudaittikattiya Wewa,6/15/2022,2022,6,0.0,11.83892449,0.0,S1_SAR,,0,0.0,"Sri Lanka small-tank power law (Telivarai Kulam), Imbulana ceiling-capped",validated_2021_2025,
4,Kudaittikattiya Wewa,6/27/2022,2022,6,0.070051625,11.83892449,0.591705987,S1_SAR,,0,0.000266331,"Sri Lanka small-tank power law (Telivarai Kulam), Imbulana ceiling-capped",validated_2021_2025,
4,Kudaittikattiya Wewa,7/9/2022,2022,7,0.0,11.83892449,0.0,S1_SAR,,0,0.0,"Sri Lanka small-tank power law (Telivarai Kulam), Imbulana ceiling-capped",validated_2021_2025,
4,Kudaittikattiya Wewa,7/21/2022,2022,7,0.050036877,11.83892449,0.422647148,S1_SAR,,0,0.000175119,"Sri Lanka small-tank power law (Telivarai Kulam), Imbulana ceiling-capped",validated_2021_2025,
4,Kudaittikattiya Wewa,8/2/2022,2022,8,0.0,11.83892449,0.0,S1_SAR,,0,0.0,"Sri Lanka small-tank power law (Telivarai Kulam), Imbulana ceiling-capped",validated_2021_2025,
4,Kudaittikattiya Wewa,8/14/2022,2022,8,0.070051631,11.83892449,0.591706039,S1_SAR,,0,0.000266331,"Sri Lanka small-tank power law (Telivarai Kulam), Imbulana ceiling-capped",validated_2021_2025,
4,Kudaittikattiya Wewa,8/26/2022,2022,8,0.070051627,11.83892449,0.591706,S1_SAR,,0,0.000266331,"Sri Lanka small-tank power law (Telivarai Kulam), Imbulana ceiling-capped",validated_2021_2025,
4,Kudaittikattiya Wewa,9/7/2022,2022,9,0.0,11.83892449,0.0,S1_SAR,,0,0.0,"Sri Lanka small-tank power law (Telivarai Kulam), Imbulana ceiling-capped",validated_2021_2025,
4,Kudaittikattiya Wewa,9/19/2022,2022,9,0.020014751,11.83892449,0.169058859,S1_SAR,,0,5.59e-05,"Sri Lanka small-tank power law (Telivarai Kulam), Imbulana ceiling-capped",validated_2021_2025,
4,Kudaittikattiya Wewa,10/1/2022,2022,10,0.0,11.83892449,0.0,S1_SAR,,0,0.0,"Sri Lanka small-tank power law (Telivarai Kulam), Imbulana ceiling-capped",validated_2021_2025,
4,Kudaittikattiya Wewa,10/13/2022,2022,10,0.130095884,11.83892449,1.098882623,S1_SAR,,0,0.000576004,"Sri Lanka small-tank power law (Telivarai Kulam), Imbulana ceiling-capped",validated_2021_2025,
4,Kudaittikattiya Wewa,10/25/2022,2022,10,0.0,11.83892449,0.0,S1_SAR,,0,0.0,"Sri Lanka small-tank power law (Telivarai Kulam), Imbulana ceiling-capped",validated_2021_2025,
4,Kudaittikattiya Wewa,11/6/2022,2022,11,0.0,11.83892449,0.0,S1_SAR,,0,0.0,"Sri Lanka small-tank power law (Telivarai Kulam), Imbulana ceiling-capped",validated_2021_2025,
4,Kudaittikattiya Wewa,11/18/2022,2022,11,0.0,11.83892449,0.0,S1_SAR,,0,0.0,"Sri Lanka small-tank power law (Telivarai Kulam), Imbulana ceiling-capped",validated_2021_2025,
4,Kudaittikattiya Wewa,11/30/2022,2022,11,0.0,11.83892449,0.0,S1_SAR,,0,0.0,"Sri Lanka small-tank power law (Telivarai Kulam), Imbulana ceiling-capped",validated_2021_2025,
4,Kudaittikattiya Wewa,12/12/2022,2022,12,0.0,11.83892449,0.0,S1_SAR,,0,0.0,"Sri Lanka small-tank power law (Telivarai Kulam), Imbulana ceiling-capped",validated_2021_2025,
4,Kudaittikattiya Wewa,12/24/2022,2022,12,0.050036878,11.83892449,0.422647161,S1_SAR,,0,0.000175119,"Sri Lanka small-tank power law (Telivarai Kulam), Imbulana ceiling-capped",validated_2021_2025,
4,Kudaittikattiya Wewa,1/5/2023,2023,1,0.0,11.83892449,0.0,S1_SAR,,0,0.0,"Sri Lanka small-tank power law (Telivarai Kulam), Imbulana ceiling-capped",validated_2021_2025,
4,Kudaittikattiya Wewa,1/17/2023,2023,1,0.0,11.83892449,0.0,S1_SAR,,0,0.0,"Sri Lanka small-tank power law (Telivarai Kulam), Imbulana ceiling-capped",validated_2021_2025,
4,Kudaittikattiya Wewa,1/29/2023,2023,1,0.0,11.83892449,0.0,S1_SAR,,0,0.0,"Sri Lanka small-tank power law (Telivarai Kulam), Imbulana ceiling-capped",validated_2021_2025,
4,Kudaittikattiya Wewa,2/10/2023,2023,2,0.0,11.83892449,0.0,S1_SAR,,0,0.0,"Sri Lanka small-tank power law (Telivarai Kulam), Imbulana ceiling-capped",validated_2021_2025,
4,Kudaittikattiya Wewa,2/22/2023,2023,2,0.0,11.83892449,0.0,S1_SAR,,0,0.0,"Sri Lanka small-tank power law (Telivarai Kulam), Imbulana ceiling-capped",validated_2021_2025,
4,Kudaittikattiya Wewa,3/6/2023,2023,3,0.0,11.83892449,0.0,S1_SAR,,0,0.0,"Sri Lanka small-tank power law (Telivarai Kulam), Imbulana ceiling-capped",validated_2021_2025,
4,Kudaittikattiya Wewa,3/18/2023,2023,3,0.050036877,11.83892449,0.422647154,S1_SAR,,0,0.000175119,"Sri Lanka small-tank power law (Telivarai Kulam), Imbulana ceiling-capped",validated_2021_2025,
4,Kudaittikattiya Wewa,3/30/2023,2023,3,0.0,11.83892449,0.0,S1_SAR,,0,0.0,"Sri Lanka small-tank power law (Telivarai Kulam), Imbulana ceiling-capped",validated_2021_2025,
4,Kudaittikattiya Wewa,4/11/2023,2023,4,0.080059003,11.83892449,0.676235443,S1_SAR,,0,0.000314546,"Sri Lanka small-tank power law (Telivarai Kulam), Imbulana ceiling-capped",validated_2021_2025,
4,Kudaittikattiya Wewa,4/23/2023,2023,4,0.0,11.83892449,0.0,S1_SAR,,0,0.0,"Sri Lanka small-tank power law (Telivarai Kulam), Imbulana ceiling-capped",validated_2021_2025,
4,Kudaittikattiya Wewa,5/5/2023,2023,5,0.0,11.83892449,0.0,S1_SAR,,0,0.0,"Sri Lanka small-tank power law (Telivarai Kulam), Imbulana ceiling-capped",validated_2021_2025,
4,Kudaittikattiya Wewa,5/17/2023,2023,5,0.020014751,11.83892449,0.169058859,S1_SAR,,0,5.59e-05,"Sri Lanka small-tank power law (Telivarai Kulam), Imbulana ceiling-capped",validated_2021_2025,
4,Kudaittikattiya Wewa,5/29/2023,2023,5,0.0,11.83892449,0.0,S1_SAR,,0,0.0,"Sri Lanka small-tank power law (Telivarai Kulam), Imbulana ceiling-capped",validated_2021_2025,
4,Kudaittikattiya Wewa,6/10/2023,2023,6,0.0,11.83892449,0.0,S1_SAR,,0,0.0,"Sri Lanka small-tank power law (Telivarai Kulam), Imbulana ceiling-capped",validated_2021_2025,
4,Kudaittikattiya Wewa,6/22/2023,2023,6,0.040029501,11.83892449,0.338117718,S1_SAR,,0,0.00013261,"Sri Lanka small-tank power law (Telivarai Kulam), Imbulana ceiling-capped",validated_2021_2025,
4,Kudaittikattiya Wewa,7/4/2023,2023,7,0.0,11.83892449,0.0,S1_SAR,,0,0.0,"Sri Lanka small-tank power law (Telivarai Kulam), Imbulana ceiling-capped",validated_2021_2025,
4,Kudaittikattiya Wewa,7/16/2023,2023,7,0.0,11.83892449,0.0,S1_SAR,,0,0.0,"Sri Lanka small-tank power law (Telivarai Kulam), Imbulana ceiling-capped",validated_2021_2025,
4,Kudaittikattiya Wewa,7/28/2023,2023,7,0.0,11.83892449,0.0,S1_SAR,,0,0.0,"Sri Lanka small-tank power law (Telivarai Kulam), Imbulana ceiling-capped",validated_2021_2025,
4,Kudaittikattiya Wewa,8/9/2023,2023,8,0.0,11.83892449,0.0,S1_SAR,,0,0.0,"Sri Lanka small-tank power law (Telivarai Kulam), Imbulana ceiling-capped",validated_2021_2025,
4,Kudaittikattiya Wewa,9/2/2023,2023,9,0.0,11.83892449,0.0,S1_SAR,,0,0.0,"Sri Lanka small-tank power law (Telivarai Kulam), Imbulana ceiling-capped",validated_2021_2025,
4,Kudaittikattiya Wewa,9/14/2023,2023,9,0.0,11.83892449,0.0,S1_SAR,,0,0.0,"Sri Lanka small-tank power law (Telivarai Kulam), Imbulana ceiling-capped",validated_2021_2025,
4,Kudaittikattiya Wewa,9/26/2023,2023,9,0.0,11.83892449,0.0,S1_SAR,,0,0.0,"Sri Lanka small-tank power law (Telivarai Kulam), Imbulana ceiling-capped",validated_2021_2025,
4,Kudaittikattiya Wewa,10/8/2023,2023,10,0.0,11.83892449,0.0,S1_SAR,,0,0.0,"Sri Lanka small-tank power law (Telivarai Kulam), Imbulana ceiling-capped",validated_2021_2025,
4,Kudaittikattiya Wewa,10/20/2023,2023,10,0.0,11.83892449,0.0,S1_SAR,,0,0.0,"Sri Lanka small-tank power law (Telivarai Kulam), Imbulana ceiling-capped",validated_2021_2025,
4,Kudaittikattiya Wewa,11/1/2023,2023,11,0.0,11.83892449,0.0,S1_SAR,,0,0.0,"Sri Lanka small-tank power law (Telivarai Kulam), Imbulana ceiling-capped",validated_2021_2025,
4,Kudaittikattiya Wewa,11/13/2023,2023,11,0.0,11.83892449,0.0,S1_SAR,,0,0.0,"Sri Lanka small-tank power law (Telivarai Kulam), Imbulana ceiling-capped",validated_2021_2025,
4,Kudaittikattiya Wewa,11/25/2023,2023,11,0.0,11.83892449,0.0,S1_SAR,,0,0.0,"Sri Lanka small-tank power law (Telivarai Kulam), Imbulana ceiling-capped",validated_2021_2025,
4,Kudaittikattiya Wewa,12/7/2023,2023,12,0.110081128,11.83892449,0.929823718,S1_SAR,,0,0.000467758,"Sri Lanka small-tank power law (Telivarai Kulam), Imbulana ceiling-capped",validated_2021_2025,
4,Kudaittikattiya Wewa,12/19/2023,2023,12,0.0,11.83892449,0.0,S1_SAR,,0,0.0,"Sri Lanka small-tank power law (Telivarai Kulam), Imbulana ceiling-capped",validated_2021_2025,
4,Kudaittikattiya Wewa,12/31/2023,2023,12,0.050036877,11.83892449,0.422647148,S1_SAR,,0,0.000175119,"Sri Lanka small-tank power law (Telivarai Kulam), Imbulana ceiling-capped",validated_2021_2025,
4,Kudaittikattiya Wewa,1/12/2024,2024,1,0.0,11.83892449,0.0,S1_SAR,,0,0.0,"Sri Lanka small-tank power law (Telivarai Kulam), Imbulana ceiling-capped",validated_2021_2025,
4,Kudaittikattiya Wewa,1/24/2024,2024,1,0.02001475,11.83892449,0.169058853,S1_SAR,,0,5.59e-05,"Sri Lanka small-tank power law (Telivarai Kulam), Imbulana ceiling-capped",validated_2021_2025,
4,Kudaittikattiya Wewa,2/5/2024,2024,2,0.070051628,11.83892449,0.591706013,S1_SAR,,0,0.000266331,"Sri Lanka small-tank power law (Telivarai Kulam), Imbulana ceiling-capped",validated_2021_2025,
4,Kudaittikattiya Wewa,2/17/2024,2024,2,0.020014751,11.83892449,0.169058866,S1_SAR,,0,5.59e-05,"Sri Lanka small-tank power law (Telivarai Kulam), Imbulana ceiling-capped",validated_2021_2025,
4,Kudaittikattiya Wewa,2/29/2024,2024,2,0.030022126,11.83892449,0.253588289,S1_SAR,,0,9.27e-05,"Sri Lanka small-tank power law (Telivarai Kulam), Imbulana ceiling-capped",validated_2021_2025,
4,Kudaittikattiya Wewa,3/12/2024,2024,3,0.0,11.83892449,0.0,S1_SAR,,0,0.0,"Sri Lanka small-tank power law (Telivarai Kulam), Imbulana ceiling-capped",validated_2021_2025,
4,Kudaittikattiya Wewa,3/24/2024,2024,3,0.0,11.83892449,0.0,S1_SAR,,0,0.0,"Sri Lanka small-tank power law (Telivarai Kulam), Imbulana ceiling-capped",validated_2021_2025,
4,Kudaittikattiya Wewa,4/5/2024,2024,4,0.0,11.83892449,0.0,S1_SAR,,0,0.0,"Sri Lanka small-tank power law (Telivarai Kulam), Imbulana ceiling-capped",validated_2021_2025,
4,Kudaittikattiya Wewa,4/17/2024,2024,4,0.020014751,11.83892449,0.169058859,S1_SAR,,0,5.59e-05,"Sri Lanka small-tank power law (Telivarai Kulam), Imbulana ceiling-capped",validated_2021_2025,
4,Kudaittikattiya Wewa,4/29/2024,2024,4,0.0,11.83892449,0.0,S1_SAR,,0,0.0,"Sri Lanka small-tank power law (Telivarai Kulam), Imbulana ceiling-capped",validated_2021_2025,
4,Kudaittikattiya Wewa,5/11/2024,2024,5,0.010007375,11.83892449,0.08452943,S1_SAR,,0,2.36e-05,"Sri Lanka small-tank power law (Telivarai Kulam), Imbulana ceiling-capped",validated_2021_2025,
4,Kudaittikattiya Wewa,5/23/2024,2024,5,0.0,11.83892449,0.0,S1_SAR,,0,0.0,"Sri Lanka small-tank power law (Telivarai Kulam), Imbulana ceiling-capped",validated_2021_2025,
4,Kudaittikattiya Wewa,6/4/2024,2024,6,0.0,11.83892449,0.0,S1_SAR,,0,0.0,"Sri Lanka small-tank power law (Telivarai Kulam), Imbulana ceiling-capped",validated_2021_2025,
4,Kudaittikattiya Wewa,6/16/2024,2024,6,0.0,11.83892449,0.0,S1_SAR,,0,0.0,"Sri Lanka small-tank power law (Telivarai Kulam), Imbulana ceiling-capped",validated_2021_2025,
4,Kudaittikattiya Wewa,7/10/2024,2024,7,0.030022128,11.83892449,0.253588308,S1_SAR,,0,9.27e-05,"Sri Lanka small-tank power law (Telivarai Kulam), Imbulana ceiling-capped",validated_2021_2025,
4,Kudaittikattiya Wewa,7/22/2024,2024,7,0.040029501,11.83892449,0.338117718,S1_SAR,,0,0.00013261,"Sri Lanka small-tank power law (Telivarai Kulam), Imbulana ceiling-capped",validated_2021_2025,
4,Kudaittikattiya Wewa,8/3/2024,2024,8,0.0,11.83892449,0.0,S1_SAR,,0,0.0,"Sri Lanka small-tank power law (Telivarai Kulam), Imbulana ceiling-capped",validated_2021_2025,
4,Kudaittikattiya Wewa,8/15/2024,2024,8,0.0,11.83892449,0.0,S1_SAR,,0,0.0,"Sri Lanka small-tank power law (Telivarai Kulam), Imbulana ceiling-capped",validated_2021_2025,
4,Kudaittikattiya Wewa,8/27/2024,2024,8,0.080059001,11.83892449,0.676235423,S1_SAR,,0,0.000314546,"Sri Lanka small-tank power law (Telivarai Kulam), Imbulana ceiling-capped",validated_2021_2025,
4,Kudaittikattiya Wewa,9/20/2024,2024,9,0.0,11.83892449,0.0,S1_SAR,,0,0.0,"Sri Lanka small-tank power law (Telivarai Kulam), Imbulana ceiling-capped",validated_2021_2025,
4,Kudaittikattiya Wewa,10/2/2024,2024,10,0.0,11.83892449,0.0,S1_SAR,,0,0.0,"Sri Lanka small-tank power law (Telivarai Kulam), Imbulana ceiling-capped",validated_2021_2025,
4,Kudaittikattiya Wewa,10/14/2024,2024,10,0.0,11.83892449,0.0,S1_SAR,,0,0.0,"Sri Lanka small-tank power law (Telivarai Kulam), Imbulana ceiling-capped",validated_2021_2025,
4,Kudaittikattiya Wewa,10/26/2024,2024,10,0.0,11.83892449,0.0,S1_SAR,,0,0.0,"Sri Lanka small-tank power law (Telivarai Kulam), Imbulana ceiling-capped",validated_2021_2025,
4,Kudaittikattiya Wewa,11/7/2024,2024,11,0.0,11.83892449,0.0,S1_SAR,,0,0.0,"Sri Lanka small-tank power law (Telivarai Kulam), Imbulana ceiling-capped",validated_2021_2025,
4,Kudaittikattiya Wewa,11/19/2024,2024,11,0.0,11.83892449,0.0,S1_SAR,,0,0.0,"Sri Lanka small-tank power law (Telivarai Kulam), Imbulana ceiling-capped",validated_2021_2025,
4,Kudaittikattiya Wewa,12/13/2024,2024,12,0.0,11.83892449,0.0,S1_SAR,,0,0.0,"Sri Lanka small-tank power law (Telivarai Kulam), Imbulana ceiling-capped",validated_2021_2025,
4,Kudaittikattiya Wewa,12/25/2024,2024,12,0.060044257,11.83892449,0.507176622,S1_SAR,,0,0.000219786,"Sri Lanka small-tank power law (Telivarai Kulam), Imbulana ceiling-capped",validated_2021_2025,
4,Kudaittikattiya Wewa,1/6/2025,2025,1,0.0,11.83892449,0.0,S1_SAR,,0,0.0,"Sri Lanka small-tank power law (Telivarai Kulam), Imbulana ceiling-capped",validated_2021_2025,
4,Kudaittikattiya Wewa,1/18/2025,2025,1,0.0,11.83892449,0.0,S1_SAR,,0,0.0,"Sri Lanka small-tank power law (Telivarai Kulam), Imbulana ceiling-capped",validated_2021_2025,
4,Kudaittikattiya Wewa,1/30/2025,2025,1,0.0,11.83892449,0.0,S1_SAR,,0,0.0,"Sri Lanka small-tank power law (Telivarai Kulam), Imbulana ceiling-capped",validated_2021_2025,
4,Kudaittikattiya Wewa,2/11/2025,2025,2,0.0,11.83892449,0.0,S1_SAR,,0,0.0,"Sri Lanka small-tank power law (Telivarai Kulam), Imbulana ceiling-capped",validated_2021_2025,
4,Kudaittikattiya Wewa,2/23/2025,2025,2,0.0,11.83892449,0.0,S1_SAR,,0,0.0,"Sri Lanka small-tank power law (Telivarai Kulam), Imbulana ceiling-capped",validated_2021_2025,
4,Kudaittikattiya Wewa,3/7/2025,2025,3,0.0,11.83892449,0.0,S1_SAR,,0,0.0,"Sri Lanka small-tank power law (Telivarai Kulam), Imbulana ceiling-capped",validated_2021_2025,
4,Kudaittikattiya Wewa,3/19/2025,2025,3,0.0,11.83892449,0.0,S1_SAR,,0,0.0,"Sri Lanka small-tank power law (Telivarai Kulam), Imbulana ceiling-capped",validated_2021_2025,
4,Kudaittikattiya Wewa,3/31/2025,2025,3,0.0,11.83892449,0.0,S1_SAR,,0,0.0,"Sri Lanka small-tank power law (Telivarai Kulam), Imbulana ceiling-capped",validated_2021_2025,
4,Kudaittikattiya Wewa,4/12/2025,2025,4,0.0,11.83892449,0.0,S1_SAR,,0,0.0,"Sri Lanka small-tank power law (Telivarai Kulam), Imbulana ceiling-capped",validated_2021_2025,
4,Kudaittikattiya Wewa,4/24/2025,2025,4,0.0,11.83892449,0.0,S1_SAR,,0,0.0,"Sri Lanka small-tank power law (Telivarai Kulam), Imbulana ceiling-capped",validated_2021_2025,
4,Kudaittikattiya Wewa,5/6/2025,2025,5,0.010007375,11.83892449,0.08452943,S1_SAR,,0,2.36e-05,"Sri Lanka small-tank power law (Telivarai Kulam), Imbulana ceiling-capped",validated_2021_2025,
4,Kudaittikattiya Wewa,5/18/2025,2025,5,0.0,11.83892449,0.0,S1_SAR,,0,0.0,"Sri Lanka small-tank power law (Telivarai Kulam), Imbulana ceiling-capped",validated_2021_2025,
4,Kudaittikattiya Wewa,5/30/2025,2025,5,0.0,11.83892449,0.0,S1_SAR,,0,0.0,"Sri Lanka small-tank power law (Telivarai Kulam), Imbulana ceiling-capped",validated_2021_2025,
4,Kudaittikattiya Wewa,6/11/2025,2025,6,0.0,11.83892449,0.0,S1_SAR,,0,0.0,"Sri Lanka small-tank power law (Telivarai Kulam), Imbulana ceiling-capped",validated_2021_2025,
4,Kudaittikattiya Wewa,6/23/2025,2025,6,0.0,11.83892449,0.0,S1_SAR,,0,0.0,"Sri Lanka small-tank power law (Telivarai Kulam), Imbulana ceiling-capped",validated_2021_2025,
4,Kudaittikattiya Wewa,7/5/2025,2025,7,0.0,11.83892449,0.0,S1_SAR,,0,0.0,"Sri Lanka small-tank power law (Telivarai Kulam), Imbulana ceiling-capped",validated_2021_2025,
4,Kudaittikattiya Wewa,7/17/2025,2025,7,0.0,11.83892449,0.0,S1_SAR,,0,0.0,"Sri Lanka small-tank power law (Telivarai Kulam), Imbulana ceiling-capped",validated_2021_2025,
4,Kudaittikattiya Wewa,7/29/2025,2025,7,0.0,11.83892449,0.0,S1_SAR,,0,0.0,"Sri Lanka small-tank power law (Telivarai Kulam), Imbulana ceiling-capped",validated_2021_2025,
4,Kudaittikattiya Wewa,8/10/2025,2025,8,0.010007375,11.83892449,0.08452943,S1_SAR,,0,2.36e-05,"Sri Lanka small-tank power law (Telivarai Kulam), Imbulana ceiling-capped",validated_2021_2025,
4,Kudaittikattiya Wewa,8/22/2025,2025,8,0.0,11.83892449,0.0,S1_SAR,,0,0.0,"Sri Lanka small-tank power law (Telivarai Kulam), Imbulana ceiling-capped",validated_2021_2025,
4,Kudaittikattiya Wewa,9/3/2025,2025,9,0.0,11.83892449,0.0,S1_SAR,,0,0.0,"Sri Lanka small-tank power law (Telivarai Kulam), Imbulana ceiling-capped",validated_2021_2025,
4,Kudaittikattiya Wewa,9/15/2025,2025,9,0.0,11.83892449,0.0,S1_SAR,,0,0.0,"Sri Lanka small-tank power law (Telivarai Kulam), Imbulana ceiling-capped",validated_2021_2025,
4,Kudaittikattiya Wewa,9/27/2025,2025,9,0.0,11.83892449,0.0,S1_SAR,,0,0.0,"Sri Lanka small-tank power law (Telivarai Kulam), Imbulana ceiling-capped",validated_2021_2025,
4,Kudaittikattiya Wewa,10/9/2025,2025,10,0.0,11.83892449,0.0,S1_SAR,,0,0.0,"Sri Lanka small-tank power law (Telivarai Kulam), Imbulana ceiling-capped",validated_2021_2025,
4,Kudaittikattiya Wewa,10/21/2025,2025,10,0.0,11.83892449,0.0,S1_SAR,,0,0.0,"Sri Lanka small-tank power law (Telivarai Kulam), Imbulana ceiling-capped",validated_2021_2025,
4,Kudaittikattiya Wewa,11/2/2025,2025,11,0.0,11.83892449,0.0,S1_SAR,,0,0.0,"Sri Lanka small-tank power law (Telivarai Kulam), Imbulana ceiling-capped",validated_2021_2025,
4,Kudaittikattiya Wewa,11/14/2025,2025,11,0.0,11.83892449,0.0,S1_SAR,,0,0.0,"Sri Lanka small-tank power law (Telivarai Kulam), Imbulana ceiling-capped",validated_2021_2025,
4,Kudaittikattiya Wewa,11/26/2025,2025,11,0.020014751,11.83892449,0.169058859,S1_SAR,,0,5.59e-05,"Sri Lanka small-tank power law (Telivarai Kulam), Imbulana ceiling-capped",validated_2021_2025,
4,Kudaittikattiya Wewa,12/2/2025,2025,12,0.020014751,11.83892449,0.169058859,S1_SAR,,0,5.59e-05,"Sri Lanka small-tank power law (Telivarai Kulam), Imbulana ceiling-capped",validated_2021_2025,
4,Kudaittikattiya Wewa,12/8/2025,2025,12,0.0,11.83892449,0.0,S1_SAR,,0,0.0,"Sri Lanka small-tank power law (Telivarai Kulam), Imbulana ceiling-capped",validated_2021_2025,
4,Kudaittikattiya Wewa,12/20/2025,2025,12,0.0,11.83892449,0.0,S1_SAR,,0,0.0,"Sri Lanka small-tank power law (Telivarai Kulam), Imbulana ceiling-capped",validated_2021_2025,
5,Maha Ittikattiya Wewa,1/3/2021,2021,1,8.476250861,31.9394093,26.53853357,S1_SAR,,0,0.104892901,"Sri Lanka small-tank power law (Telivarai Kulam), Imbulana ceiling-capped",validated_2021_2025,
5,Maha Ittikattiya Wewa,1/15/2021,2021,1,12.67934964,31.9394093,39.69813443,S1_SAR,,0,0.173251731,"Sri Lanka small-tank power law (Telivarai Kulam), Imbulana ceiling-capped",validated_2021_2025,
5,Maha Ittikattiya Wewa,1/27/2021,2021,1,8.986627203,31.9394093,28.1364853,S1_SAR,,0,0.112820442,"Sri Lanka small-tank power law (Telivarai Kulam), Imbulana ceiling-capped",validated_2021_2025,
5,Maha Ittikattiya Wewa,2/8/2021,2021,2,8.746449947,31.9394093,27.38450753,S1_SAR,,0,0.109075632,"Sri Lanka small-tank power law (Telivarai Kulam), Imbulana ceiling-capped",validated_2021_2025,
5,Maha Ittikattiya Wewa,2/20/2021,2021,2,8.646376158,31.9394093,27.07118368,S1_SAR,,0,0.107522709,"Sri Lanka small-tank power law (Telivarai Kulam), Imbulana ceiling-capped",validated_2021_2025,
5,Maha Ittikattiya Wewa,3/4/2021,2021,3,8.686405698,31.9394093,27.1965133,S1_SAR,,0,0.108143351,"Sri Lanka small-tank power law (Telivarai Kulam), Imbulana ceiling-capped",validated_2021_2025,
5,Maha Ittikattiya Wewa,3/16/2021,2021,3,8.115985043,31.9394093,25.41056713,S1_SAR,,0,0.099366906,"Sri Lanka small-tank power law (Telivarai Kulam), Imbulana ceiling-capped",validated_2021_2025,
5,Maha Ittikattiya Wewa,3/28/2021,2021,3,7.935852184,31.9394093,24.84658407,S1_SAR,,0,0.096626302,"Sri Lanka small-tank power law (Telivarai Kulam), Imbulana ceiling-capped",validated_2021_2025,
5,Maha Ittikattiya Wewa,4/9/2021,2021,4,7.685667725,31.9394093,24.06327447,S1_SAR,,0,0.092845293,"Sri Lanka small-tank power law (Telivarai Kulam), Imbulana ceiling-capped",validated_2021_2025,
5,Maha Ittikattiya Wewa,4/21/2021,2021,4,7.605608683,31.9394093,23.81261535,S1_SAR,,0,0.091641706,"Sri Lanka small-tank power law (Telivarai Kulam), Imbulana ceiling-capped",validated_2021_2025,
5,Maha Ittikattiya Wewa,5/3/2021,2021,5,7.375438892,31.9394093,23.09197024,S1_SAR,,0,0.088198826,"Sri Lanka small-tank power law (Telivarai Kulam), Imbulana ceiling-capped",validated_2021_2025,
5,Maha Ittikattiya Wewa,5/15/2021,2021,5,7.915837488,31.9394093,24.78391949,S1_SAR,,0,0.096322729,"Sri Lanka small-tank power law (Telivarai Kulam), Imbulana ceiling-capped",validated_2021_2025,
5,Maha Ittikattiya Wewa,5/27/2021,2021,5,7.175291475,31.9394093,22.46532303,S1_SAR,,0,0.085226411,"Sri Lanka small-tank power law (Telivarai Kulam), Imbulana ceiling-capped",validated_2021_2025,
5,Maha Ittikattiya Wewa,6/8/2021,2021,6,6.815025604,31.9394093,21.33735643,S1_SAR,,0,0.079927596,"Sri Lanka small-tank power law (Telivarai Kulam), Imbulana ceiling-capped",validated_2021_2025,
5,Maha Ittikattiya Wewa,6/14/2021,2021,6,6.484782249,31.9394093,20.30338817,S1_SAR,,0,0.075130473,"Sri Lanka small-tank power law (Telivarai Kulam), Imbulana ceiling-capped",validated_2021_2025,
5,Maha Ittikattiya Wewa,6/20/2021,2021,6,7.095232326,31.9394093,22.21466358,S1_SAR,,0,0.084043112,"Sri Lanka small-tank power law (Telivarai Kulam), Imbulana ceiling-capped",validated_2021_2025,
5,Maha Ittikattiya Wewa,7/2/2021,2021,7,7.345416802,31.9394093,22.99797323,S1_SAR,,0,0.087751684,"Sri Lanka small-tank power law (Telivarai Kulam), Imbulana ceiling-capped",validated_2021_2025,
5,Maha Ittikattiya Wewa,7/14/2021,2021,7,7.415468538,31.9394093,23.21730019,S1_SAR,,0,0.088795715,"Sri Lanka small-tank power law (Telivarai Kulam), Imbulana ceiling-capped",validated_2021_2025,
5,Maha Ittikattiya Wewa,7/26/2021,2021,7,6.8150258,31.9394093,21.33735704,S1_SAR,,0,0.079927599,"Sri Lanka small-tank power law (Telivarai Kulam), Imbulana ceiling-capped",validated_2021_2025,
5,Maha Ittikattiya Wewa,8/7/2021,2021,8,6.88507728,31.9394093,21.5566832,S1_SAR,,0,0.08095264,"Sri Lanka small-tank power law (Telivarai Kulam), Imbulana ceiling-capped",validated_2021_2025,
5,Maha Ittikattiya Wewa,8/19/2021,2021,8,6.024442712,31.9394093,18.86209809,S1_SAR,,0,0.068543807,"Sri Lanka small-tank power law (Telivarai Kulam), Imbulana ceiling-capped",validated_2021_2025,
5,Maha Ittikattiya Wewa,8/31/2021,2021,8,5.504058851,31.9394093,17.23281354,S1_SAR,,0,0.061246266,"Sri Lanka small-tank power law (Telivarai Kulam), Imbulana ceiling-capped",validated_2021_2025,
5,Maha Ittikattiya Wewa,9/12/2021,2021,9,4.413254638,31.9394093,13.81758378,S1_SAR,,0,0.046510415,"Sri Lanka small-tank power law (Telivarai Kulam), Imbulana ceiling-capped",validated_2021_2025,
5,Maha Ittikattiya Wewa,9/24/2021,2021,9,4.293165943,31.9394093,13.44159468,S1_SAR,,0,0.044938699,"Sri Lanka small-tank power law (Telivarai Kulam), Imbulana ceiling-capped",validated_2021_2025,
5,Maha Ittikattiya Wewa,10/6/2021,2021,10,4.173077353,31.9394093,13.06560592,S1_SAR,,0,0.043377768,"Sri Lanka small-tank power law (Telivarai Kulam), Imbulana ceiling-capped",validated_2021_2025,
5,Maha Ittikattiya Wewa,10/18/2021,2021,10,3.922892861,31.9394093,12.28229622,S1_SAR,,0,0.040161496,"Sri Lanka small-tank power law (Telivarai Kulam), Imbulana ceiling-capped",validated_2021_2025,
5,Maha Ittikattiya Wewa,10/30/2021,2021,10,4.47329877,31.9394093,14.00557765,S1_SAR,,0,0.047300243,"Sri Lanka small-tank power law (Telivarai Kulam), Imbulana ceiling-capped",validated_2021_2025,
5,Maha Ittikattiya Wewa,11/17/2021,2021,11,10.09744627,31.9394093,31.61438014,S1_SAR,,0,0.130454208,"Sri Lanka small-tank power law (Telivarai Kulam), Imbulana ceiling-capped",validated_2021_2025,
5,Maha Ittikattiya Wewa,11/23/2021,2021,11,10.67787431,31.9394093,33.43165869,S1_SAR,,0,0.139863564,"Sri Lanka small-tank power law (Telivarai Kulam), Imbulana ceiling-capped",validated_2021_2025,
5,Maha Ittikattiya Wewa,12/5/2021,2021,12,8.306125294,31.9394093,26.00588263,S1_SAR,,0,0.102276046,"Sri Lanka small-tank power law (Telivarai Kulam), Imbulana ceiling-capped",validated_2021_2025,
5,Maha Ittikattiya Wewa,12/17/2021,2021,12,7.165284042,31.9394093,22.43399048,S1_SAR,,0,0.085078319,"Sri Lanka small-tank power law (Telivarai Kulam), Imbulana ceiling-capped",validated_2021_2025,
5,Maha Ittikattiya Wewa,12/29/2021,2021,12,6.985151045,31.9394093,21.87000698,S1_SAR,,0,0.08242144,"Sri Lanka small-tank power law (Telivarai Kulam), Imbulana ceiling-capped",validated_2021_2025,
5,Maha Ittikattiya Wewa,1/10/2022,2022,1,6.915099474,31.9394093,21.65068054,S1_SAR,,0,0.081392733,"Sri Lanka small-tank power law (Telivarai Kulam), Imbulana ceiling-capped",validated_2021_2025,
5,Maha Ittikattiya Wewa,1/22/2022,2022,1,5.914361551,31.9394093,18.51744187,S1_SAR,,0,0.06698666,"Sri Lanka small-tank power law (Telivarai Kulam), Imbulana ceiling-capped",validated_2021_2025,
5,Maha Ittikattiya Wewa,2/3/2022,2022,2,5.924368823,31.9394093,18.54877392,S1_SAR,,0,0.067127925,"Sri Lanka small-tank power law (Telivarai Kulam), Imbulana ceiling-capped",validated_2021_2025,
5,Maha Ittikattiya Wewa,2/15/2022,2022,2,5.76425079,31.9394093,18.04745584,S1_SAR,,0,0.064874766,"Sri Lanka small-tank power law (Telivarai Kulam), Imbulana ceiling-capped",validated_2021_2025,
5,Maha Ittikattiya Wewa,2/27/2022,2022,2,5.574110503,31.9394093,17.45214024,S1_SAR,,0,0.062219102,"Sri Lanka small-tank power law (Telivarai Kulam), Imbulana ceiling-capped",validated_2021_2025,
5,Maha Ittikattiya Wewa,3/11/2022,2022,3,5.614140137,31.9394093,17.57747015,S1_SAR,,0,0.062776365,"Sri Lanka small-tank power law (Telivarai Kulam), Imbulana ceiling-capped",validated_2021_2025,
5,Maha Ittikattiya Wewa,3/23/2022,2022,3,5.544088361,31.9394093,17.35814306,S1_SAR,,0,0.061801802,"Sri Lanka small-tank power law (Telivarai Kulam), Imbulana ceiling-capped",validated_2021_2025,
5,Maha Ittikattiya Wewa,4/4/2022,2022,4,5.153800592,31.9394093,16.13618005,S1_SAR,,0,0.056428322,"Sri Lanka small-tank power law (Telivarai Kulam), Imbulana ceiling-capped",validated_2021_2025,
5,Maha Ittikattiya Wewa,4/16/2022,2022,4,16.18193267,31.9394093,50.66447071,S1_SAR,,0,0.234789922,"Sri Lanka small-tank power law (Telivarai Kulam), Imbulana ceiling-capped",validated_2021_2025,
5,Maha Ittikattiya Wewa,4/28/2022,2022,4,6.905092264,31.9394093,21.61934868,S1_SAR,,0,0.081245986,"Sri Lanka small-tank power law (Telivarai Kulam), Imbulana ceiling-capped",validated_2021_2025,
5,Maha Ittikattiya Wewa,5/10/2022,2022,5,3.402509268,31.9394093,10.65301251,S1_SAR,,0,0.033635124,"Sri Lanka small-tank power law (Telivarai Kulam), Imbulana ceiling-capped",validated_2021_2025,
5,Maha Ittikattiya Wewa,5/22/2022,2022,5,2.401771015,31.9394093,7.519772806,S1_SAR,,0,0.021792188,"Sri Lanka small-tank power law (Telivarai Kulam), Imbulana ceiling-capped",validated_2021_2025,
5,Maha Ittikattiya Wewa,6/3/2022,2022,6,2.782051743,31.9394093,8.710404492,S1_SAR,,0,0.026172357,"Sri Lanka small-tank power law (Telivarai Kulam), Imbulana ceiling-capped",validated_2021_2025,
5,Maha Ittikattiya Wewa,6/15/2022,2022,6,2.842095621,31.9394093,8.898397571,S1_SAR,,0,0.026878088,"Sri Lanka small-tank power law (Telivarai Kulam), Imbulana ceiling-capped",validated_2021_2025,
5,Maha Ittikattiya Wewa,6/27/2022,2022,6,3.912885608,31.9394093,12.25096423,S1_SAR,,0,0.040033873,"Sri Lanka small-tank power law (Telivarai Kulam), Imbulana ceiling-capped",validated_2021_2025,
5,Maha Ittikattiya Wewa,7/9/2022,2022,7,2.92215513,31.9394093,9.14905815,S1_SAR,,0,0.027824787,"Sri Lanka small-tank power law (Telivarai Kulam), Imbulana ceiling-capped",validated_2021_2025,
5,Maha Ittikattiya Wewa,7/21/2022,2022,7,2.191616453,31.9394093,6.861793942,S1_SAR,,0,0.019442307,"Sri Lanka small-tank power law (Telivarai Kulam), Imbulana ceiling-capped",validated_2021_2025,
5,Maha Ittikattiya Wewa,8/2/2022,2022,8,1.000738068,31.9394093,3.133239122,S1_SAR,,0,0.007320251,"Sri Lanka small-tank power law (Telivarai Kulam), Imbulana ceiling-capped",validated_2021_2025,
5,Maha Ittikattiya Wewa,8/14/2022,2022,8,0.61045018,31.9394093,1.911275735,S1_SAR,,0,0.00395393,"Sri Lanka small-tank power law (Telivarai Kulam), Imbulana ceiling-capped",validated_2021_2025,
5,Maha Ittikattiya Wewa,8/26/2022,2022,8,0.590435323,31.9394093,1.848610652,S1_SAR,,0,0.003793048,"Sri Lanka small-tank power law (Telivarai Kulam), Imbulana ceiling-capped",validated_2021_2025,
5,Maha Ittikattiya Wewa,9/7/2022,2022,9,0.860634801,31.9394093,2.694585841,S1_SAR,,0,0.006066045,"Sri Lanka small-tank power law (Telivarai Kulam), Imbulana ceiling-capped",validated_2021_2025,
5,Maha Ittikattiya Wewa,9/19/2022,2022,9,0.090066425,31.9394093,0.281991516,S1_SAR,,0,0.000364271,"Sri Lanka small-tank power law (Telivarai Kulam), Imbulana ceiling-capped",validated_2021_2025,
5,Maha Ittikattiya Wewa,10/1/2022,2022,10,0.0,31.9394093,0.0,S1_SAR,,0,0.0,"Sri Lanka small-tank power law (Telivarai Kulam), Imbulana ceiling-capped",validated_2021_2025,
5,Maha Ittikattiya Wewa,10/13/2022,2022,10,0.110081208,31.9394093,0.344656368,S1_SAR,,0,0.000467758,"Sri Lanka small-tank power law (Telivarai Kulam), Imbulana ceiling-capped",validated_2021_2025,
5,Maha Ittikattiya Wewa,10/25/2022,2022,10,0.430317471,31.9394093,1.347293143,S1_SAR,,0,0.002557392,"Sri Lanka small-tank power law (Telivarai Kulam), Imbulana ceiling-capped",validated_2021_2025,
5,Maha Ittikattiya Wewa,11/6/2022,2022,11,1.000738294,31.9394093,3.133239831,S1_SAR,,0,0.007320253,"Sri Lanka small-tank power law (Telivarai Kulam), Imbulana ceiling-capped",validated_2021_2025,
5,Maha Ittikattiya Wewa,11/18/2022,2022,11,2.511852613,31.9394093,7.864430395,S1_SAR,,0,0.023043732,"Sri Lanka small-tank power law (Telivarai Kulam), Imbulana ceiling-capped",validated_2021_2025,
5,Maha Ittikattiya Wewa,11/30/2022,2022,11,1.000738244,31.9394093,3.133239674,S1_SAR,,0,0.007320253,"Sri Lanka small-tank power law (Telivarai Kulam), Imbulana ceiling-capped",validated_2021_2025,
5,Maha Ittikattiya Wewa,12/12/2022,2022,12,1.601181186,31.9394093,5.013183465,S1_SAR,,0,0.013148512,"Sri Lanka small-tank power law (Telivarai Kulam), Imbulana ceiling-capped",validated_2021_2025,
5,Maha Ittikattiya Wewa,12/24/2022,2022,12,4.393240176,31.9394093,13.75491993,S1_SAR,,0,0.046247727,"Sri Lanka small-tank power law (Telivarai Kulam), Imbulana ceiling-capped",validated_2021_2025,
5,Maha Ittikattiya Wewa,1/5/2023,2023,1,4.403247547,31.9394093,13.78625229,S1_SAR,,0,0.046379036,"Sri Lanka small-tank power law (Telivarai Kulam), Imbulana ceiling-capped",validated_2021_2025,
5,Maha Ittikattiya Wewa,1/17/2023,2023,1,5.70420674,31.9394093,17.85946223,S1_SAR,,0,0.064033774,"Sri Lanka small-tank power law (Telivarai Kulam), Imbulana ceiling-capped",validated_2021_2025,
5,Maha Ittikattiya Wewa,1/29/2023,2023,1,5.484044492,31.9394093,17.17015002,S1_SAR,,0,0.060968876,"Sri Lanka small-tank power law (Telivarai Kulam), Imbulana ceiling-capped",validated_2021_2025,
5,Maha Ittikattiya Wewa,2/10/2023,2023,2,5.634155148,31.9394093,17.64013571,S1_SAR,,0,0.063055366,"Sri Lanka small-tank power law (Telivarai Kulam), Imbulana ceiling-capped",validated_2021_2025,
5,Maha Ittikattiya Wewa,2/22/2023,2023,2,5.103764014,31.9394093,15.97951911,S1_SAR,,0,0.05574648,"Sri Lanka small-tank power law (Telivarai Kulam), Imbulana ceiling-capped",validated_2021_2025,
5,Maha Ittikattiya Wewa,3/6/2023,2023,3,3.352472475,31.9394093,10.4963509,S1_SAR,,0,0.03301989,"Sri Lanka small-tank power law (Telivarai Kulam), Imbulana ceiling-capped",validated_2021_2025,
5,Maha Ittikattiya Wewa,3/18/2023,2023,3,3.522597946,31.9394093,11.02900155,S1_SAR,,0,0.035120747,"Sri Lanka small-tank power law (Telivarai Kulam), Imbulana ceiling-capped",validated_2021_2025,
5,Maha Ittikattiya Wewa,3/30/2023,2023,3,3.512590677,31.9394093,10.9976695,S1_SAR,,0,0.034996464,"Sri Lanka small-tank power law (Telivarai Kulam), Imbulana ceiling-capped",validated_2021_2025,
5,Maha Ittikattiya Wewa,4/11/2023,2023,4,2.671970575,31.9394093,8.36574825,S1_SAR,,0,0.024888264,"Sri Lanka small-tank power law (Telivarai Kulam), Imbulana ceiling-capped",validated_2021_2025,
5,Maha Ittikattiya Wewa,4/23/2023,2023,4,1.541136538,31.9394093,4.825187978,S1_SAR,,0,0.012536965,"Sri Lanka small-tank power law (Telivarai Kulam), Imbulana ceiling-capped",validated_2021_2025,
5,Maha Ittikattiya Wewa,5/5/2023,2023,5,2.401771561,31.9394093,7.519774516,S1_SAR,,0,0.021792195,"Sri Lanka small-tank power law (Telivarai Kulam), Imbulana ceiling-capped",validated_2021_2025,
5,Maha Ittikattiya Wewa,5/17/2023,2023,5,1.841357991,31.9394093,5.765159817,S1_SAR,,0,0.015649882,"Sri Lanka small-tank power law (Telivarai Kulam), Imbulana ceiling-capped",validated_2021_2025,
5,Maha Ittikattiya Wewa,5/29/2023,2023,5,0.680501953,31.9394093,2.130602813,S1_SAR,,0,0.00452708,"Sri Lanka small-tank power law (Telivarai Kulam), Imbulana ceiling-capped",validated_2021_2025,
5,Maha Ittikattiya Wewa,6/10/2023,2023,6,1.691247239,31.9394093,5.295173818,S1_SAR,,0,0.014076407,"Sri Lanka small-tank power law (Telivarai Kulam), Imbulana ceiling-capped",validated_2021_2025,
5,Maha Ittikattiya Wewa,6/22/2023,2023,6,2.581904174,31.9394093,8.083756808,S1_SAR,,0,0.02384726,"Sri Lanka small-tank power law (Telivarai Kulam), Imbulana ceiling-capped",validated_2021_2025,
5,Maha Ittikattiya Wewa,7/4/2023,2023,7,3.05225101,31.9394093,9.556379021,S1_SAR,,0,0.029376766,"Sri Lanka small-tank power law (Telivarai Kulam), Imbulana ceiling-capped",validated_2021_2025,
5,Maha Ittikattiya Wewa,7/16/2023,2023,7,3.952915242,31.9394093,12.37629414,S1_SAR,,0,0.040544853,"Sri Lanka small-tank power law (Telivarai Kulam), Imbulana ceiling-capped",validated_2021_2025,
5,Maha Ittikattiya Wewa,7/28/2023,2023,7,4.583380047,31.9394093,14.35023423,S1_SAR,,0,0.048755036,"Sri Lanka small-tank power law (Telivarai Kulam), Imbulana ceiling-capped",validated_2021_2025,
5,Maha Ittikattiya Wewa,8/9/2023,2023,8,4.393239786,31.9394093,13.75491871,S1_SAR,,0,0.046247722,"Sri Lanka small-tank power law (Telivarai Kulam), Imbulana ceiling-capped",validated_2021_2025,
5,Maha Ittikattiya Wewa,9/2/2023,2023,9,3.312442852,31.9394093,10.37102102,S1_SAR,,0,0.032529322,"Sri Lanka small-tank power law (Telivarai Kulam), Imbulana ceiling-capped",validated_2021_2025,
5,Maha Ittikattiya Wewa,9/14/2023,2023,9,3.202361511,31.9394093,10.02636424,S1_SAR,,0,0.031187816,"Sri Lanka small-tank power law (Telivarai Kulam), Imbulana ceiling-capped",validated_2021_2025,
5,Maha Ittikattiya Wewa,9/26/2023,2023,9,2.882125386,31.9394093,9.023727893,S1_SAR,,0,0.027350629,"Sri Lanka small-tank power law (Telivarai Kulam), Imbulana ceiling-capped",validated_2021_2025,
5,Maha Ittikattiya Wewa,10/8/2023,2023,10,2.531867081,31.9394093,7.92709426,S1_SAR,,0,0.023272752,"Sri Lanka small-tank power law (Telivarai Kulam), Imbulana ceiling-capped",validated_2021_2025,
5,Maha Ittikattiya Wewa,10/20/2023,2023,10,6.104501661,31.9394093,19.11275692,S1_SAR,,0,0.069680689,"Sri Lanka small-tank power law (Telivarai Kulam), Imbulana ceiling-capped",validated_2021_2025,
5,Maha Ittikattiya Wewa,11/1/2023,2023,11,5.864324588,31.9394093,18.36077973,S1_SAR,,0,0.066281212,"Sri Lanka small-tank power law (Telivarai Kulam), Imbulana ceiling-capped",validated_2021_2025,
5,Maha Ittikattiya Wewa,11/13/2023,2023,11,12.41915832,31.9394093,38.88349405,S1_SAR,,0,0.168832804,"Sri Lanka small-tank power law (Telivarai Kulam), Imbulana ceiling-capped",validated_2021_2025,
5,Maha Ittikattiya Wewa,11/25/2023,2023,11,9.146745139,31.9394093,28.63780307,S1_SAR,,0,0.115330739,"Sri Lanka small-tank power law (Telivarai Kulam), Imbulana ceiling-capped",validated_2021_2025,
5,Maha Ittikattiya Wewa,12/7/2023,2023,12,7.615615899,31.9394093,23.84394723,S1_SAR,,0,0.091791982,"Sri Lanka small-tank power law (Telivarai Kulam), Imbulana ceiling-capped",validated_2021_2025,
5,Maha Ittikattiya Wewa,12/19/2023,2023,12,10.07743146,31.9394093,31.55171521,S1_SAR,,0,0.130132072,"Sri Lanka small-tank power law (Telivarai Kulam), Imbulana ceiling-capped",validated_2021_2025,
5,Maha Ittikattiya Wewa,12/31/2023,2023,12,8.526287556,31.9394093,26.69519488,S1_SAR,,0,0.105665035,"Sri Lanka small-tank power law (Telivarai Kulam), Imbulana ceiling-capped",validated_2021_2025,
5,Maha Ittikattiya Wewa,1/12/2024,2024,1,8.125992415,31.9394093,25.4418995,S1_SAR,,0,0.099519604,"Sri Lanka small-tank power law (Telivarai Kulam), Imbulana ceiling-capped",validated_2021_2025,
5,Maha Ittikattiya Wewa,1/24/2024,2024,1,8.576324373,31.9394093,26.85185656,S1_SAR,,0,0.106438287,"Sri Lanka small-tank power law (Telivarai Kulam), Imbulana ceiling-capped",validated_2021_2025,
5,Maha Ittikattiya Wewa,2/5/2024,2024,2,8.806494203,31.9394093,27.57250179,S1_SAR,,0,0.110009489,"Sri Lanka small-tank power law (Telivarai Kulam), Imbulana ceiling-capped",validated_2021_2025,
5,Maha Ittikattiya Wewa,2/17/2024,2024,2,8.816501564,31.9394093,27.60383412,S1_SAR,,0,0.110165285,"Sri Lanka small-tank power law (Telivarai Kulam), Imbulana ceiling-capped",validated_2021_2025,
5,Maha Ittikattiya Wewa,2/29/2024,2024,2,9.286848513,31.9394093,29.07645669,S1_SAR,,0,0.117536146,"Sri Lanka small-tank power law (Telivarai Kulam), Imbulana ceiling-capped",validated_2021_2025,
5,Maha Ittikattiya Wewa,3/12/2024,2024,3,8.886553237,31.9394093,27.82316089,S1_SAR,,0,0.111257071,"Sri Lanka small-tank power law (Telivarai Kulam), Imbulana ceiling-capped",validated_2021_2025,
5,Maha Ittikattiya Wewa,3/24/2024,2024,3,8.466243216,31.9394093,26.50720035,S1_SAR,,0,0.104738603,"Sri Lanka small-tank power law (Telivarai Kulam), Imbulana ceiling-capped",validated_2021_2025,
5,Maha Ittikattiya Wewa,4/5/2024,2024,4,7.565579177,31.9394093,23.68728584,S1_SAR,,0,0.091041079,"Sri Lanka small-tank power law (Telivarai Kulam), Imbulana ceiling-capped",validated_2021_2025,
5,Maha Ittikattiya Wewa,4/17/2024,2024,4,5.844309994,31.9394093,18.29811547,S1_SAR,,0,0.065999449,"Sri Lanka small-tank power law (Telivarai Kulam), Imbulana ceiling-capped",validated_2021_2025,
5,Maha Ittikattiya Wewa,4/29/2024,2024,4,4.753505492,31.9394093,14.8828848,S1_SAR,,0,0.051020258,"Sri Lanka small-tank power law (Telivarai Kulam), Imbulana ceiling-capped",validated_2021_2025,
5,Maha Ittikattiya Wewa,5/11/2024,2024,5,4.613402219,31.9394093,14.4442315,S1_SAR,,0,0.049153301,"Sri Lanka small-tank power law (Telivarai Kulam), Imbulana ceiling-capped",validated_2021_2025,
5,Maha Ittikattiya Wewa,5/23/2024,2024,5,4.653432027,31.9394093,14.56956196,S1_SAR,,0,0.049685316,"Sri Lanka small-tank power law (Telivarai Kulam), Imbulana ceiling-capped",validated_2021_2025,
5,Maha Ittikattiya Wewa,6/4/2024,2024,6,6.134523993,31.9394093,19.20675469,S1_SAR,,0,0.070107973,"Sri Lanka small-tank power law (Telivarai Kulam), Imbulana ceiling-capped",validated_2021_2025,
5,Maha Ittikattiya Wewa,6/16/2024,2024,6,5.884339505,31.9394093,18.423445,S1_SAR,,0,0.066563216,"Sri Lanka small-tank power law (Telivarai Kulam), Imbulana ceiling-capped",validated_2021_2025,
5,Maha Ittikattiya Wewa,7/10/2024,2024,7,6.444752675,31.9394093,20.17805844,S1_SAR,,0,0.074553018,"Sri Lanka small-tank power law (Telivarai Kulam), Imbulana ceiling-capped",validated_2021_2025,
5,Maha Ittikattiya Wewa,7/22/2024,2024,7,6.574848746,31.9394093,20.58537991,S1_SAR,,0,0.07643295,"Sri Lanka small-tank power law (Telivarai Kulam), Imbulana ceiling-capped",validated_2021_2025,
5,Maha Ittikattiya Wewa,8/3/2024,2024,8,5.664177088,31.9394093,17.73413226,S1_SAR,,0,0.063474317,"Sri Lanka small-tank power law (Telivarai Kulam), Imbulana ceiling-capped",validated_2021_2025,
5,Maha Ittikattiya Wewa,8/15/2024,2024,8,5.604132796,31.9394093,17.54613788,S1_SAR,,0,0.062636958,"Sri Lanka small-tank power law (Telivarai Kulam), Imbulana ceiling-capped",validated_2021_2025,
5,Maha Ittikattiya Wewa,8/27/2024,2024,8,4.37322505,31.9394093,13.69225401,S1_SAR,,0,0.045985325,"Sri Lanka small-tank power law (Telivarai Kulam), Imbulana ceiling-capped",validated_2021_2025,
5,Maha Ittikattiya Wewa,9/20/2024,2024,9,2.83208862,31.9394093,8.867066367,S1_SAR,,0,0.026760213,"Sri Lanka small-tank power law (Telivarai Kulam), Imbulana ceiling-capped",validated_2021_2025,
5,Maha Ittikattiya Wewa,10/2/2024,2024,10,3.262405965,31.9394093,10.21435911,S1_SAR,,0,0.031918165,"Sri Lanka small-tank power law (Telivarai Kulam), Imbulana ceiling-capped",validated_2021_2025,
5,Maha Ittikattiya Wewa,10/14/2024,2024,10,1.861372785,31.9394093,5.827824702,S1_SAR,,0,0.015862134,"Sri Lanka small-tank power law (Telivarai Kulam), Imbulana ceiling-capped",validated_2021_2025,
5,Maha Ittikattiya Wewa,10/26/2024,2024,10,2.57189676,31.9394093,8.052424312,S1_SAR,,0,0.023732137,"Sri Lanka small-tank power law (Telivarai Kulam), Imbulana ceiling-capped",validated_2021_2025,
5,Maha Ittikattiya Wewa,11/7/2024,2024,11,4.893608893,31.9394093,15.3215385,S1_SAR,,0,0.052900809,"Sri Lanka small-tank power law (Telivarai Kulam), Imbulana ceiling-capped",validated_2021_2025,
5,Maha Ittikattiya Wewa,11/19/2024,2024,11,5.133785998,31.9394093,16.07351579,S1_SAR,,0,0.056155389,"Sri Lanka small-tank power law (Telivarai Kulam), Imbulana ceiling-capped",validated_2021_2025,
5,Maha Ittikattiya Wewa,12/13/2024,2024,12,11.39840561,31.9394093,35.68759053,S1_SAR,,0,0.151719935,"Sri Lanka small-tank power law (Telivarai Kulam), Imbulana ceiling-capped",validated_2021_2025,
5,Maha Ittikattiya Wewa,12/25/2024,2024,12,7.355424463,31.9394093,23.0293065,S1_SAR,,0,0.087900686,"Sri Lanka small-tank power law (Telivarai Kulam), Imbulana ceiling-capped",validated_2021_2025,
5,Maha Ittikattiya Wewa,1/6/2025,2025,1,8.055940824,31.9394093,25.22257299,S1_SAR,,0,0.098451692,"Sri Lanka small-tank power law (Telivarai Kulam), Imbulana ceiling-capped",validated_2021_2025,
5,Maha Ittikattiya Wewa,1/18/2025,2025,1,5.013697232,31.9394093,15.69752648,S1_SAR,,0,0.0545233,"Sri Lanka small-tank power law (Telivarai Kulam), Imbulana ceiling-capped",validated_2021_2025,
5,Maha Ittikattiya Wewa,1/30/2025,2025,1,4.373224999,31.9394093,13.69225385,S1_SAR,,0,0.045985324,"Sri Lanka small-tank power law (Telivarai Kulam), Imbulana ceiling-capped",validated_2021_2025,
5,Maha Ittikattiya Wewa,2/11/2025,2025,2,2.862110428,31.9394093,8.961062494,S1_SAR,,0,0.027114154,"Sri Lanka small-tank power law (Telivarai Kulam), Imbulana ceiling-capped",validated_2021_2025,
5,Maha Ittikattiya Wewa,2/23/2025,2025,2,4.203099341,31.9394093,13.15960261,S1_SAR,,0,0.043766976,"Sri Lanka small-tank power law (Telivarai Kulam), Imbulana ceiling-capped",validated_2021_2025,
5,Maha Ittikattiya Wewa,3/7/2025,2025,3,6.014435423,31.9394093,18.83076598,S1_SAR,,0,0.068401958,"Sri Lanka small-tank power law (Telivarai Kulam), Imbulana ceiling-capped",validated_2021_2025,
5,Maha Ittikattiya Wewa,3/19/2025,2025,3,6.424738045,31.9394093,20.11539407,S1_SAR,,0,0.074264623,"Sri Lanka small-tank power law (Telivarai Kulam), Imbulana ceiling-capped",validated_2021_2025,
5,Maha Ittikattiya Wewa,3/31/2025,2025,3,2.772044485,31.9394093,8.679072487,S1_SAR,,0,0.026055098,"Sri Lanka small-tank power law (Telivarai Kulam), Imbulana ceiling-capped",validated_2021_2025,
5,Maha Ittikattiya Wewa,4/12/2025,2025,4,3.952915239,31.9394093,12.37629413,S1_SAR,,0,0.040544853,"Sri Lanka small-tank power law (Telivarai Kulam), Imbulana ceiling-capped",validated_2021_2025,
5,Maha Ittikattiya Wewa,4/24/2025,2025,4,3.032236461,31.9394093,9.493714903,S1_SAR,,0,0.029136924,"Sri Lanka small-tank power law (Telivarai Kulam), Imbulana ceiling-capped",validated_2021_2025,
5,Maha Ittikattiya Wewa,5/6/2025,2025,5,2.611926603,31.9394093,8.17775488,S1_SAR,,0,0.024193287,"Sri Lanka small-tank power law (Telivarai Kulam), Imbulana ceiling-capped",validated_2021_2025,
5,Maha Ittikattiya Wewa,5/18/2025,2025,5,2.211631373,31.9394093,6.924459222,S1_SAR,,0,0.019663805,"Sri Lanka small-tank power law (Telivarai Kulam), Imbulana ceiling-capped",validated_2021_2025,
5,Maha Ittikattiya Wewa,5/30/2025,2025,5,2.221638892,31.9394093,6.955792045,S1_SAR,,0,0.01977474,"Sri Lanka small-tank power law (Telivarai Kulam), Imbulana ceiling-capped",validated_2021_2025,
5,Maha Ittikattiya Wewa,6/11/2025,2025,6,2.561889802,31.9394093,8.021093244,S1_SAR,,0,0.02361713,"Sri Lanka small-tank power law (Telivarai Kulam), Imbulana ceiling-capped",validated_2021_2025,
5,Maha Ittikattiya Wewa,6/23/2025,2025,6,2.611926519,31.9394093,8.177754617,S1_SAR,,0,0.024193286,"Sri Lanka small-tank power law (Telivarai Kulam), Imbulana ceiling-capped",validated_2021_2025,
5,Maha Ittikattiya Wewa,7/5/2025,2025,7,4.343202994,31.9394093,13.5982571,S1_SAR,,0,0.045592284,"Sri Lanka small-tank power law (Telivarai Kulam), Imbulana ceiling-capped",validated_2021_2025,
5,Maha Ittikattiya Wewa,7/17/2025,2025,7,4.423261869,31.9394093,13.8489157,S1_SAR,,0,0.046641868,"Sri Lanka small-tank power law (Telivarai Kulam), Imbulana ceiling-capped",validated_2021_2025,
5,Maha Ittikattiya Wewa,7/29/2025,2025,7,5.534081282,31.9394093,17.32681162,S1_SAR,,0,0.061662829,"Sri Lanka small-tank power law (Telivarai Kulam), Imbulana ceiling-capped",validated_2021_2025,
5,Maha Ittikattiya Wewa,8/10/2025,2025,8,4.913623572,31.9394093,15.38420302,S1_SAR,,0,0.05317055,"Sri Lanka small-tank power law (Telivarai Kulam), Imbulana ceiling-capped",validated_2021_2025,
5,Maha Ittikattiya Wewa,8/22/2025,2025,8,5.223852574,31.9394093,16.35550778,S1_SAR,,0,0.057385649,"Sri Lanka small-tank power law (Telivarai Kulam), Imbulana ceiling-capped",validated_2021_2025,
5,Maha Ittikattiya Wewa,9/3/2025,2025,9,5.173815453,31.9394093,16.19884515,S1_SAR,,0,0.05670152,"Sri Lanka small-tank power law (Telivarai Kulam), Imbulana ceiling-capped",validated_2021_2025,
5,Maha Ittikattiya Wewa,9/15/2025,2025,9,4.963660453,31.9394093,15.54086491,S1_SAR,,0,0.053846087,"Sri Lanka small-tank power law (Telivarai Kulam), Imbulana ceiling-capped",validated_2021_2025,
5,Maha Ittikattiya Wewa,9/27/2025,2025,9,4.403247256,31.9394093,13.78625138,S1_SAR,,0,0.046379032,"Sri Lanka small-tank power law (Telivarai Kulam), Imbulana ceiling-capped",validated_2021_2025,
5,Maha Ittikattiya Wewa,10/9/2025,2025,10,3.362479807,31.9394093,10.52768313,S1_SAR,,0,0.033142757,"Sri Lanka small-tank power law (Telivarai Kulam), Imbulana ceiling-capped",validated_2021_2025,
5,Maha Ittikattiya Wewa,10/21/2025,2025,10,9.627099352,31.9394093,30.14175767,S1_SAR,,0,0.122926101,"Sri Lanka small-tank power law (Telivarai Kulam), Imbulana ceiling-capped",validated_2021_2025,
5,Maha Ittikattiya Wewa,11/2/2025,2025,11,8.035926157,31.9394093,25.1599085,S1_SAR,,0,0.098146994,"Sri Lanka small-tank power law (Telivarai Kulam), Imbulana ceiling-capped",validated_2021_2025,
5,Maha Ittikattiya Wewa,11/14/2025,2025,11,7.425475907,31.9394093,23.24863255,S1_SAR,,0,0.08894506,"Sri Lanka small-tank power law (Telivarai Kulam), Imbulana ceiling-capped",validated_2021_2025,
5,Maha Ittikattiya Wewa,11/26/2025,2025,11,11.18825068,31.9394093,35.02961052,S1_SAR,,0,0.148242218,"Sri Lanka small-tank power law (Telivarai Kulam), Imbulana ceiling-capped",validated_2021_2025,
5,Maha Ittikattiya Wewa,12/2/2025,2025,12,23.16708254,31.9394093,72.53447402,S1_SAR,,0,0.362588527,"Sri Lanka small-tank power law (Telivarai Kulam), Imbulana ceiling-capped",validated_2021_2025,
5,Maha Ittikattiya Wewa,12/8/2025,2025,12,21.54588719,31.9394093,67.45862765,S1_SAR,,0,0.335436237,"Sri Lanka small-tank power law (Telivarai Kulam), Imbulana ceiling-capped",validated_2021_2025,
5,Maha Ittikattiya Wewa,12/20/2025,2025,12,20.92542974,31.9394093,65.51601986,S1_SAR,,0,0.323442574,"Sri Lanka small-tank power law (Telivarai Kulam), Imbulana ceiling-capped",validated_2021_2025,
17,Mahakanumulla Wewa,1/3/2021,2021,1,23.94733294,67.32368584,35.57044247,S1_SAR_fallback,,0,0.374800244,"Sri Lanka small-tank power law (Telivarai Kulam), Imbulana ceiling-capped",validated_2021_2025,
17,Mahakanumulla Wewa,1/15/2021,2021,1,33.9584206,67.32368584,50.44052502,S1_SAR_fallback,,0,0.531484001,"Sri Lanka small-tank power law (Telivarai Kulam), Imbulana ceiling-capped",validated_2021_2025,
17,Mahakanumulla Wewa,1/27/2021,2021,1,32.24802036,67.32368584,47.89996264,S2_MNDWI,1/25/2021,2,0.504714488,"Sri Lanka small-tank power law (Telivarai Kulam), Imbulana ceiling-capped",validated_2021_2025,
17,Mahakanumulla Wewa,2/8/2021,2021,2,26.62650502,67.32368584,39.54998109,S2_MNDWI,2/9/2021,1,0.416732026,"Sri Lanka small-tank power law (Telivarai Kulam), Imbulana ceiling-capped",validated_2021_2025,
17,Mahakanumulla Wewa,2/20/2021,2021,2,26.30343047,67.32368584,39.07009864,S1_SAR_fallback,,0,0.411675579,"Sri Lanka small-tank power law (Telivarai Kulam), Imbulana ceiling-capped",validated_2021_2025,
17,Mahakanumulla Wewa,3/4/2021,2021,3,27.60741702,67.32368584,41.00698985,S2_MNDWI,3/1/2021,3,0.432084301,"Sri Lanka small-tank power law (Telivarai Kulam), Imbulana ceiling-capped",validated_2021_2025,
17,Mahakanumulla Wewa,3/16/2021,2021,3,24.70788313,67.32368584,36.70013431,S1_SAR_fallback,,0,0.386703632,"Sri Lanka small-tank power law (Telivarai Kulam), Imbulana ceiling-capped",validated_2021_2025,
17,Mahakanumulla Wewa,3/28/2021,2021,3,24.97807834,67.32368584,37.10147184,S2_MNDWI,3/31/2021,3,0.390932463,"Sri Lanka small-tank power law (Telivarai Kulam), Imbulana ceiling-capped",validated_2021_2025,
17,Mahakanumulla Wewa,4/9/2021,2021,4,25.24827355,67.32368584,37.50280936,S1_SAR_fallback,,0,0.395161294,"Sri Lanka small-tank power law (Telivarai Kulam), Imbulana ceiling-capped",validated_2021_2025,
17,Mahakanumulla Wewa,4/21/2021,2021,4,25.21825185,67.32368584,37.45821629,S1_SAR_fallback,,0,0.394691424,"Sri Lanka small-tank power law (Telivarai Kulam), Imbulana ceiling-capped",validated_2021_2025,
17,Mahakanumulla Wewa,5/3/2021,2021,5,24.27757068,67.32368584,36.06096484,S1_SAR_fallback,,0,0.379968802,"Sri Lanka small-tank power law (Telivarai Kulam), Imbulana ceiling-capped",validated_2021_2025,
17,Mahakanumulla Wewa,5/15/2021,2021,5,23.70715803,67.32368584,35.21369594,S1_SAR_fallback,,0,0.371041261,"Sri Lanka small-tank power law (Telivarai Kulam), Imbulana ceiling-capped",validated_2021_2025,
17,Mahakanumulla Wewa,5/27/2021,2021,5,24.29758546,67.32368584,36.09069402,S1_SAR_fallback,,0,0.380282054,"Sri Lanka small-tank power law (Telivarai Kulam), Imbulana ceiling-capped",validated_2021_2025,
17,Mahakanumulla Wewa,6/8/2021,2021,6,24.39765774,67.32368584,36.23933752,S1_SAR_fallback,,0,0.381848287,"Sri Lanka small-tank power law (Telivarai Kulam), Imbulana ceiling-capped",validated_2021_2025,
17,Mahakanumulla Wewa,6/14/2021,2021,6,23.22681073,67.32368584,34.50020664,S1_SAR_fallback,,0,0.363523334,"Sri Lanka small-tank power law (Telivarai Kulam), Imbulana ceiling-capped",validated_2021_2025,
17,Mahakanumulla Wewa,6/20/2021,2021,6,23.9983449,67.32368584,35.64621366,S2_MNDWI,6/19/2021,1,0.375598633,"Sri Lanka small-tank power law (Telivarai Kulam), Imbulana ceiling-capped",validated_2021_2025,
17,Mahakanumulla Wewa,7/2/2021,2021,7,23.39693392,67.32368584,34.75290105,S1_SAR_fallback,,0,0.366185936,"Sri Lanka small-tank power law (Telivarai Kulam), Imbulana ceiling-capped",validated_2021_2025,
17,Mahakanumulla Wewa,7/14/2021,2021,7,22.38620234,67.32368584,33.25159944,S1_SAR_fallback,,0,0.350366954,"Sri Lanka small-tank power law (Telivarai Kulam), Imbulana ceiling-capped",validated_2021_2025,
17,Mahakanumulla Wewa,7/26/2021,2021,7,21.71571728,67.32368584,32.25568685,S1_SAR_fallback,,0,0.338734061,"Sri Lanka small-tank power law (Telivarai Kulam), Imbulana ceiling-capped",validated_2021_2025,
17,Mahakanumulla Wewa,8/7/2021,2021,8,21.63405042,67.32368584,32.13438206,S1_SAR_fallback,,0,0.337147428,"Sri Lanka small-tank power law (Telivarai Kulam), Imbulana ceiling-capped",validated_2021_2025,
17,Mahakanumulla Wewa,8/19/2021,2021,8,20.60903393,67.32368584,30.61186219,S1_SAR_fallback,,0,0.31735998,"Sri Lanka small-tank power law (Telivarai Kulam), Imbulana ceiling-capped",validated_2021_2025,
17,Mahakanumulla Wewa,8/31/2021,2021,8,21.06406942,67.32368584,31.28775431,S1_SAR_fallback,,0,0.326115031,"Sri Lanka small-tank power law (Telivarai Kulam), Imbulana ceiling-capped",validated_2021_2025,
17,Mahakanumulla Wewa,9/12/2021,2021,9,18.64349423,67.32368584,27.69232552,S1_SAR_fallback,,0,0.280097832,"Sri Lanka small-tank power law (Telivarai Kulam), Imbulana ceiling-capped",validated_2021_2025,
17,Mahakanumulla Wewa,9/24/2021,2021,9,18.65432563,67.32368584,27.70841406,S1_SAR_fallback,,0,0.280300621,"Sri Lanka small-tank power law (Telivarai Kulam), Imbulana ceiling-capped",validated_2021_2025,
17,Mahakanumulla Wewa,10/6/2021,2021,10,17.07235742,67.32368584,25.35861964,S1_SAR_fallback,,0,0.250996243,"Sri Lanka small-tank power law (Telivarai Kulam), Imbulana ceiling-capped",validated_2021_2025,
17,Mahakanumulla Wewa,10/18/2021,2021,10,15.97156039,67.32368584,23.72353829,S1_SAR_fallback,,0,0.230992515,"Sri Lanka small-tank power law (Telivarai Kulam), Imbulana ceiling-capped",validated_2021_2025,
17,Mahakanumulla Wewa,10/30/2021,2021,10,19.04378397,67.32368584,28.28690041,S1_SAR_fallback,,0,0.287611356,"Sri Lanka small-tank power law (Telivarai Kulam), Imbulana ceiling-capped",validated_2021_2025,
17,Mahakanumulla Wewa,11/17/2021,2021,11,45.87068646,67.32368584,68.13454416,S1_SAR_fallback,,0,0.71792314,"Sri Lanka small-tank power law (Telivarai Kulam), Imbulana ceiling-capped",validated_2021_2025,
17,Mahakanumulla Wewa,11/23/2021,2021,11,53.61118993,67.32368584,79.63198875,S2_MNDWI,11/21/2021,2,0.839069933,"Sri Lanka small-tank power law (Telivarai Kulam), Imbulana ceiling-capped",validated_2021_2025,
17,Mahakanumulla Wewa,12/5/2021,2021,12,40.25992056,67.32368584,59.80052942,S1_SAR_fallback,,0,0.630108917,"Sri Lanka small-tank power law (Telivarai Kulam), Imbulana ceiling-capped",validated_2021_2025,
17,Mahakanumulla Wewa,12/17/2021,2021,12,37.81960401,67.32368584,56.17577757,S1_SAR_fallback,,0,0.591915468,"Sri Lanka small-tank power law (Telivarai Kulam), Imbulana ceiling-capped",validated_2021_2025,
17,Mahakanumulla Wewa,12/29/2021,2021,12,32.07376125,67.32368584,47.64112489,S1_SAR_fallback,,0,0.501987155,"Sri Lanka small-tank power law (Telivarai Kulam), Imbulana ceiling-capped",validated_2021_2025,
17,Mahakanumulla Wewa,1/10/2022,2022,1,31.14587442,67.32368584,46.26287767,S1_SAR_fallback,,0,0.487464777,"Sri Lanka small-tank power law (Telivarai Kulam), Imbulana ceiling-capped",validated_2021_2025,
17,Mahakanumulla Wewa,1/22/2022,2022,1,35.00072768,67.32368584,51.98872765,S2_MNDWI,1/20/2022,2,0.547797172,"Sri Lanka small-tank power law (Telivarai Kulam), Imbulana ceiling-capped",validated_2021_2025,
17,Mahakanumulla Wewa,2/3/2022,2022,2,29.80925054,67.32368584,44.27750824,S2_MNDWI,2/4/2022,1,0.466545247,"Sri Lanka small-tank power law (Telivarai Kulam), Imbulana ceiling-capped",validated_2021_2025,
17,Mahakanumulla Wewa,2/15/2022,2022,2,26.91383082,67.32368584,39.97676373,S1_SAR_fallback,,0,0.421228968,"Sri Lanka small-tank power law (Telivarai Kulam), Imbulana ceiling-capped",validated_2021_2025,
17,Mahakanumulla Wewa,2/27/2022,2022,2,25.52847595,67.32368584,37.91901116,S1_SAR_fallback,,0,0.399546748,"Sri Lanka small-tank power law (Telivarai Kulam), Imbulana ceiling-capped",validated_2021_2025,
17,Mahakanumulla Wewa,3/11/2022,2022,3,25.26828774,67.32368584,37.53253766,S1_SAR_fallback,,0,0.395474537,"Sri Lanka small-tank power law (Telivarai Kulam), Imbulana ceiling-capped",validated_2021_2025,
17,Mahakanumulla Wewa,3/23/2022,2022,3,34.65255895,67.32368584,51.47157129,S2_MNDWI,3/21/2022,2,0.542347975,"Sri Lanka small-tank power law (Telivarai Kulam), Imbulana ceiling-capped",validated_2021_2025,
17,Mahakanumulla Wewa,4/4/2022,2022,4,29.73830605,67.32368584,44.17213003,S1_SAR_fallback,,0,0.465434893,"Sri Lanka small-tank power law (Telivarai Kulam), Imbulana ceiling-capped",validated_2021_2025,
17,Mahakanumulla Wewa,4/16/2022,2022,4,29.86537825,67.32368584,44.36087817,S1_SAR_fallback,,0,0.467423703,"Sri Lanka small-tank power law (Telivarai Kulam), Imbulana ceiling-capped",validated_2021_2025,
17,Mahakanumulla Wewa,4/28/2022,2022,4,25.1782228,67.32368584,37.39875868,S1_SAR_fallback,,0,0.394064928,"Sri Lanka small-tank power law (Telivarai Kulam), Imbulana ceiling-capped",validated_2021_2025,
17,Mahakanumulla Wewa,5/10/2022,2022,5,21.96589855,67.32368584,32.62729644,S1_SAR_fallback,,0,0.343603737,"Sri Lanka small-tank power law (Telivarai Kulam), Imbulana ceiling-capped",validated_2021_2025,
17,Mahakanumulla Wewa,5/22/2022,2022,5,20.86510185,67.32368584,30.99221558,S1_SAR_fallback,,0,0.322281034,"Sri Lanka small-tank power law (Telivarai Kulam), Imbulana ceiling-capped",validated_2021_2025,
17,Mahakanumulla Wewa,6/3/2022,2022,6,22.78649221,67.32368584,33.84617453,S1_SAR_fallback,,0,0.356631899,"Sri Lanka small-tank power law (Telivarai Kulam), Imbulana ceiling-capped",validated_2021_2025,
17,Mahakanumulla Wewa,6/15/2022,2022,6,23.86727401,67.32368584,35.45152603,S1_SAR_fallback,,0,0.373547239,"Sri Lanka small-tank power law (Telivarai Kulam), Imbulana ceiling-capped",validated_2021_2025,
17,Mahakanumulla Wewa,6/27/2022,2022,6,25.39335869,67.32368584,37.71831322,S2_MNDWI,6/29/2022,2,0.397432025,"Sri Lanka small-tank power law (Telivarai Kulam), Imbulana ceiling-capped",validated_2021_2025,
17,Mahakanumulla Wewa,7/9/2022,2022,7,26.91944338,67.32368584,39.9851004,S1_SAR_fallback,,0,0.421316811,"Sri Lanka small-tank power law (Telivarai Kulam), Imbulana ceiling-capped",validated_2021_2025,
17,Mahakanumulla Wewa,7/21/2022,2022,7,28.43057641,67.32368584,42.22967898,S1_SAR_fallback,,0,0.444967587,"Sri Lanka small-tank power law (Telivarai Kulam), Imbulana ceiling-capped",validated_2021_2025,
17,Mahakanumulla Wewa,8/2/2022,2022,8,28.60069988,67.32368584,42.48237381,S1_SAR_fallback,,0,0.447630194,"Sri Lanka small-tank power law (Telivarai Kulam), Imbulana ceiling-capped",validated_2021_2025,
17,Mahakanumulla Wewa,8/14/2022,2022,8,29.16110542,67.32368584,43.31477854,S1_SAR_fallback,,0,0.456401113,"Sri Lanka small-tank power law (Telivarai Kulam), Imbulana ceiling-capped",validated_2021_2025,
17,Mahakanumulla Wewa,8/26/2022,2022,8,29.59141714,67.32368584,43.95394692,S1_SAR_fallback,,0,0.463135932,"Sri Lanka small-tank power law (Telivarai Kulam), Imbulana ceiling-capped",validated_2021_2025,
17,Mahakanumulla Wewa,9/7/2022,2022,9,28.73079367,67.32368584,42.6756101,S1_SAR_fallback,,0,0.449666295,"Sri Lanka small-tank power law (Telivarai Kulam), Imbulana ceiling-capped",validated_2021_2025,
17,Mahakanumulla Wewa,9/19/2022,2022,9,28.11034531,67.32368584,41.7540201,S1_SAR_fallback,,0,0.439955643,"Sri Lanka small-tank power law (Telivarai Kulam), Imbulana ceiling-capped",validated_2021_2025,
17,Mahakanumulla Wewa,10/1/2022,2022,10,26.39910649,67.32368584,39.21221212,S1_SAR_fallback,,0,0.413173006,"Sri Lanka small-tank power law (Telivarai Kulam), Imbulana ceiling-capped",validated_2021_2025,
17,Mahakanumulla Wewa,10/13/2022,2022,10,25.56850601,67.32368584,37.97847027,S1_SAR_fallback,,0,0.40017326,"Sri Lanka small-tank power law (Telivarai Kulam), Imbulana ceiling-capped",validated_2021_2025,
17,Mahakanumulla Wewa,10/25/2022,2022,10,27.48819722,67.32368584,40.82990538,S2_MNDWI,10/27/2022,2,0.43021839,"Sri Lanka small-tank power law (Telivarai Kulam), Imbulana ceiling-capped",validated_2021_2025,
17,Mahakanumulla Wewa,11/6/2022,2022,11,27.51991804,67.32368584,40.87702225,S1_SAR_fallback,,0,0.430714853,"Sri Lanka small-tank power law (Telivarai Kulam), Imbulana ceiling-capped",validated_2021_2025,
17,Mahakanumulla Wewa,11/18/2022,2022,11,27.36980913,67.32368584,40.65405628,S1_SAR_fallback,,0,0.428365495,"Sri Lanka small-tank power law (Telivarai Kulam), Imbulana ceiling-capped",validated_2021_2025,
17,Mahakanumulla Wewa,11/30/2022,2022,11,26.99954136,67.32368584,40.10407485,S1_SAR_fallback,,0,0.422570426,"Sri Lanka small-tank power law (Telivarai Kulam), Imbulana ceiling-capped",validated_2021_2025,
17,Mahakanumulla Wewa,12/12/2022,2022,12,26.83942549,67.32368584,39.86624493,S1_SAR_fallback,,0,0.420064449,"Sri Lanka small-tank power law (Telivarai Kulam), Imbulana ceiling-capped",validated_2021_2025,
17,Mahakanumulla Wewa,12/24/2022,2022,12,31.39272002,67.32368584,46.62953258,S1_SAR_fallback,,0,0.491328163,"Sri Lanka small-tank power law (Telivarai Kulam), Imbulana ceiling-capped",validated_2021_2025,
17,Mahakanumulla Wewa,1/5/2023,2023,1,30.59214056,67.32368584,45.4403828,S1_SAR_fallback,,0,0.478798276,"Sri Lanka small-tank power law (Telivarai Kulam), Imbulana ceiling-capped",validated_2021_2025,
17,Mahakanumulla Wewa,1/17/2023,2023,1,28.07031618,67.32368584,41.69456237,S1_SAR_fallback,,0,0.439329147,"Sri Lanka small-tank power law (Telivarai Kulam), Imbulana ceiling-capped",validated_2021_2025,
17,Mahakanumulla Wewa,1/29/2023,2023,1,28.13035986,67.32368584,41.78374893,S1_SAR_fallback,,0,0.440268892,"Sri Lanka small-tank power law (Telivarai Kulam), Imbulana ceiling-capped",validated_2021_2025,
17,Mahakanumulla Wewa,2/10/2023,2023,2,27.04957743,67.32368584,40.1783965,S1_SAR_fallback,,0,0.423353542,"Sri Lanka small-tank power law (Telivarai Kulam), Imbulana ceiling-capped",validated_2021_2025,
17,Mahakanumulla Wewa,2/22/2023,2023,2,27.00954878,67.32368584,40.11893949,S1_SAR_fallback,,0,0.422727052,"Sri Lanka small-tank power law (Telivarai Kulam), Imbulana ceiling-capped",validated_2021_2025,
17,Mahakanumulla Wewa,3/6/2023,2023,3,26.5492155,67.32368584,39.43517823,S1_SAR_fallback,,0,0.415522366,"Sri Lanka small-tank power law (Telivarai Kulam), Imbulana ceiling-capped",validated_2021_2025,
17,Mahakanumulla Wewa,3/18/2023,2023,3,25.91875947,67.32368584,38.49872322,S1_SAR_fallback,,0,0.405655084,"Sri Lanka small-tank power law (Telivarai Kulam), Imbulana ceiling-capped",validated_2021_2025,
17,Mahakanumulla Wewa,3/30/2023,2023,3,26.17894781,67.32368584,38.88519692,S1_SAR_fallback,,0,0.409727298,"Sri Lanka small-tank power law (Telivarai Kulam), Imbulana ceiling-capped",validated_2021_2025,
17,Mahakanumulla Wewa,4/11/2023,2023,4,23.77720976,67.32368584,35.31774808,S1_SAR_fallback,,0,0.372137642,"Sri Lanka small-tank power law (Telivarai Kulam), Imbulana ceiling-capped",validated_2021_2025,
17,Mahakanumulla Wewa,4/23/2023,2023,4,23.16676791,67.32368584,34.41102136,S1_SAR_fallback,,0,0.362583603,"Sri Lanka small-tank power law (Telivarai Kulam), Imbulana ceiling-capped",validated_2021_2025,
17,Mahakanumulla Wewa,5/5/2023,2023,5,23.89729659,67.32368584,35.4961204,S1_SAR_fallback,,0,0.374017123,"Sri Lanka small-tank power law (Telivarai Kulam), Imbulana ceiling-capped",validated_2021_2025,
17,Mahakanumulla Wewa,5/17/2023,2023,5,23.29686229,67.32368584,34.60425851,S1_SAR_fallback,,0,0.364619713,"Sri Lanka small-tank power law (Telivarai Kulam), Imbulana ceiling-capped",validated_2021_2025,
17,Mahakanumulla Wewa,5/29/2023,2023,5,22.0559642,67.32368584,32.76107647,S1_SAR_fallback,,0,0.345198389,"Sri Lanka small-tank power law (Telivarai Kulam), Imbulana ceiling-capped",validated_2021_2025,
17,Mahakanumulla Wewa,6/10/2023,2023,6,21.49555852,67.32368584,31.92867155,S1_SAR_fallback,,0,0.334460162,"Sri Lanka small-tank power law (Telivarai Kulam), Imbulana ceiling-capped",validated_2021_2025,
17,Mahakanumulla Wewa,6/22/2023,2023,6,23.55705032,67.32368584,34.99073176,S1_SAR_fallback,,0,0.368691922,"Sri Lanka small-tank power law (Telivarai Kulam), Imbulana ceiling-capped",validated_2021_2025,
17,Mahakanumulla Wewa,7/4/2023,2023,7,22.06597127,67.32368584,32.77594059,S1_SAR_fallback,,0,0.34535501,"Sri Lanka small-tank power law (Telivarai Kulam), Imbulana ceiling-capped",validated_2021_2025,
17,Mahakanumulla Wewa,7/16/2023,2023,7,22.77648511,67.32368584,33.83131037,S1_SAR_fallback,,0,0.356475278,"Sri Lanka small-tank power law (Telivarai Kulam), Imbulana ceiling-capped",validated_2021_2025,
17,Mahakanumulla Wewa,7/28/2023,2023,7,17.65337691,67.32368584,26.22164353,S2_MNDWI,7/29/2023,1,0.261684603,"Sri Lanka small-tank power law (Telivarai Kulam), Imbulana ceiling-capped",validated_2021_2025,
17,Mahakanumulla Wewa,8/9/2023,2023,8,18.6434942,67.32368584,27.69232547,S1_SAR_fallback,,0,0.280097831,"Sri Lanka small-tank power law (Telivarai Kulam), Imbulana ceiling-capped",validated_2021_2025,
17,Mahakanumulla Wewa,9/2/2023,2023,9,19.5653772,67.32368584,29.06165483,S1_SAR_fallback,,0,0.29746015,"Sri Lanka small-tank power law (Telivarai Kulam), Imbulana ceiling-capped",validated_2021_2025,
17,Mahakanumulla Wewa,9/14/2023,2023,9,18.96372634,67.32368584,28.16798591,S1_SAR_fallback,,0,0.28610552,"Sri Lanka small-tank power law (Telivarai Kulam), Imbulana ceiling-capped",validated_2021_2025,
17,Mahakanumulla Wewa,9/26/2023,2023,9,17.32552142,67.32368584,25.73465965,S1_SAR_fallback,,0,0.255642589,"Sri Lanka small-tank power law (Telivarai Kulam), Imbulana ceiling-capped",validated_2021_2025,
17,Mahakanumulla Wewa,10/8/2023,2023,10,17.33254605,67.32368584,25.74509377,S1_SAR_fallback,,0,0.255771752,"Sri Lanka small-tank power law (Telivarai Kulam), Imbulana ceiling-capped",validated_2021_2025,
17,Mahakanumulla Wewa,10/20/2023,2023,10,20.48482698,67.32368584,30.42736998,S1_SAR_fallback,,0,0.314978401,"Sri Lanka small-tank power law (Telivarai Kulam), Imbulana ceiling-capped",validated_2021_2025,
17,Mahakanumulla Wewa,11/1/2023,2023,11,21.30542069,67.32368584,31.64624815,S1_SAR_fallback,,0,0.330777708,"Sri Lanka small-tank power law (Telivarai Kulam), Imbulana ceiling-capped",validated_2021_2025,
17,Mahakanumulla Wewa,11/13/2023,2023,11,54.91585985,67.32368584,81.56989501,S1_SAR_fallback,,0,0.859489351,"Sri Lanka small-tank power law (Telivarai Kulam), Imbulana ceiling-capped",validated_2021_2025,
17,Mahakanumulla Wewa,11/25/2023,2023,11,53.5330165,67.32368584,79.51587296,S1_SAR_fallback,,0,0.837846439,"Sri Lanka small-tank power law (Telivarai Kulam), Imbulana ceiling-capped",validated_2021_2025,
17,Mahakanumulla Wewa,12/7/2023,2023,12,52.25927178,67.32368584,77.62390179,S1_SAR_fallback,,0,0.817911032,"Sri Lanka small-tank power law (Telivarai Kulam), Imbulana ceiling-capped",validated_2021_2025,
17,Mahakanumulla Wewa,12/19/2023,2023,12,51.19434387,67.32368584,76.04209906,S1_SAR_fallback,,0,0.801243821,"Sri Lanka small-tank power law (Telivarai Kulam), Imbulana ceiling-capped",validated_2021_2025,
17,Mahakanumulla Wewa,12/31/2023,2023,12,50.49277749,67.32368584,75.00001947,S1_SAR_fallback,,0,0.79026359,"Sri Lanka small-tank power law (Telivarai Kulam), Imbulana ceiling-capped",validated_2021_2025,
17,Mahakanumulla Wewa,1/12/2024,2024,1,49.7815177,67.32368584,73.94354168,S1_SAR_fallback,,0,0.779131647,"Sri Lanka small-tank power law (Telivarai Kulam), Imbulana ceiling-capped",validated_2021_2025,
17,Mahakanumulla Wewa,1/24/2024,2024,1,41.10770832,67.32368584,61.05980059,S2_MNDWI,1/25/2024,1,0.643377663,"Sri Lanka small-tank power law (Telivarai Kulam), Imbulana ceiling-capped",validated_2021_2025,
17,Mahakanumulla Wewa,2/5/2024,2024,2,42.5608018,67.32368584,63.21816945,S1_SAR_fallback,,0,0.666120061,"Sri Lanka small-tank power law (Telivarai Kulam), Imbulana ceiling-capped",validated_2021_2025,
17,Mahakanumulla Wewa,2/17/2024,2024,2,40.72947658,67.32368584,60.49798978,S1_SAR_fallback,,0,0.637457949,"Sri Lanka small-tank power law (Telivarai Kulam), Imbulana ceiling-capped",validated_2021_2025,
17,Mahakanumulla Wewa,2/29/2024,2024,2,39.9589187,67.32368584,59.3534329,S1_SAR_fallback,,0,0.625397931,"Sri Lanka small-tank power law (Telivarai Kulam), Imbulana ceiling-capped",validated_2021_2025,
17,Mahakanumulla Wewa,3/12/2024,2024,3,30.64517422,67.32368584,45.51915695,S2_MNDWI,3/10/2024,2,0.479628307,"Sri Lanka small-tank power law (Telivarai Kulam), Imbulana ceiling-capped",validated_2021_2025,
17,Mahakanumulla Wewa,3/24/2024,2024,3,37.37705072,67.32368584,55.51842603,S1_SAR_fallback,,0,0.584989057,"Sri Lanka small-tank power law (Telivarai Kulam), Imbulana ceiling-capped",validated_2021_2025,
17,Mahakanumulla Wewa,4/5/2024,2024,4,34.95467015,67.32368584,51.92031559,S1_SAR_fallback,,0,0.547076325,"Sri Lanka small-tank power law (Telivarai Kulam), Imbulana ceiling-capped",validated_2021_2025,
17,Mahakanumulla Wewa,4/17/2024,2024,4,32.47350201,67.32368584,48.23488435,S1_SAR_fallback,,0,0.508243506,"Sri Lanka small-tank power law (Telivarai Kulam), Imbulana ceiling-capped",validated_2021_2025,
17,Mahakanumulla Wewa,4/29/2024,2024,4,31.46131848,67.32368584,46.73142607,S1_SAR_fallback,,0,0.492401799,"Sri Lanka small-tank power law (Telivarai Kulam), Imbulana ceiling-capped",validated_2021_2025,
17,Mahakanumulla Wewa,5/11/2024,2024,5,31.29190223,67.32368584,46.47978173,S1_SAR_fallback,,0,0.489750262,"Sri Lanka small-tank power law (Telivarai Kulam), Imbulana ceiling-capped",validated_2021_2025,
17,Mahakanumulla Wewa,5/23/2024,2024,5,42.2883679,67.32368584,62.81350667,S1_SAR_fallback,,0,0.661856192,"Sri Lanka small-tank power law (Telivarai Kulam), Imbulana ceiling-capped",validated_2021_2025,
17,Mahakanumulla Wewa,6/4/2024,2024,6,47.60445246,67.32368584,70.70981314,S1_SAR_fallback,,0,0.74505835,"Sri Lanka small-tank power law (Telivarai Kulam), Imbulana ceiling-capped",validated_2021_2025,
17,Mahakanumulla Wewa,6/16/2024,2024,6,44.8124317,67.32368584,66.56265346,S1_SAR_fallback,,0,0.701360371,"Sri Lanka small-tank power law (Telivarai Kulam), Imbulana ceiling-capped",validated_2021_2025,
17,Mahakanumulla Wewa,7/10/2024,2024,7,37.6772685,67.32368584,55.96435791,S1_SAR_fallback,,0,0.589687772,"Sri Lanka small-tank power law (Telivarai Kulam), Imbulana ceiling-capped",validated_2021_2025,
17,Mahakanumulla Wewa,7/22/2024,2024,7,35.86595708,67.32368584,53.27390596,S1_SAR_fallback,,0,0.561338897,"Sri Lanka small-tank power law (Telivarai Kulam), Imbulana ceiling-capped",validated_2021_2025,
17,Mahakanumulla Wewa,8/3/2024,2024,8,31.95312576,67.32368584,47.4619376,S1_SAR_fallback,,0,0.500099086,"Sri Lanka small-tank power law (Telivarai Kulam), Imbulana ceiling-capped",validated_2021_2025,
17,Mahakanumulla Wewa,8/15/2024,2024,8,34.70511718,67.32368584,51.54963925,S1_SAR_fallback,,0,0.543170565,"Sri Lanka small-tank power law (Telivarai Kulam), Imbulana ceiling-capped",validated_2021_2025,
17,Mahakanumulla Wewa,8/27/2024,2024,8,30.62216269,67.32368584,45.48497651,S1_SAR_fallback,,0,0.479268153,"Sri Lanka small-tank power law (Telivarai Kulam), Imbulana ceiling-capped",validated_2021_2025,
17,Mahakanumulla Wewa,9/20/2024,2024,9,25.96459646,67.32368584,38.56680771,S1_SAR_fallback,,0,0.40637248,"Sri Lanka small-tank power law (Telivarai Kulam), Imbulana ceiling-capped",validated_2021_2025,
17,Mahakanumulla Wewa,10/2/2024,2024,10,18.54834922,67.32368584,27.5510008,S2_MNDWI,10/1/2024,1,0.27831774,"Sri Lanka small-tank power law (Telivarai Kulam), Imbulana ceiling-capped",validated_2021_2025,
17,Mahakanumulla Wewa,10/14/2024,2024,10,19.29396504,67.32368584,28.6585097,S1_SAR_fallback,,0,0.292327136,"Sri Lanka small-tank power law (Telivarai Kulam), Imbulana ceiling-capped",validated_2021_2025,
17,Mahakanumulla Wewa,10/26/2024,2024,10,18.09309605,67.32368584,26.87478534,S1_SAR_fallback,,0,0.269831526,"Sri Lanka small-tank power law (Telivarai Kulam), Imbulana ceiling-capped",validated_2021_2025,
17,Mahakanumulla Wewa,11/7/2024,2024,11,47.91259646,67.32368584,71.16751833,S1_SAR_fallback,,0,0.749881119,"Sri Lanka small-tank power law (Telivarai Kulam), Imbulana ceiling-capped",validated_2021_2025,
17,Mahakanumulla Wewa,11/19/2024,2024,11,44.56225056,67.32368584,66.19104407,S1_SAR_fallback,,0,0.69744478,"Sri Lanka small-tank power law (Telivarai Kulam), Imbulana ceiling-capped",validated_2021_2025,
17,Mahakanumulla Wewa,12/13/2024,2024,12,52.9668028,67.32368584,78.67484102,S1_SAR_fallback,,0,0.828984616,"Sri Lanka small-tank power law (Telivarai Kulam), Imbulana ceiling-capped",validated_2021_2025,
17,Mahakanumulla Wewa,12/25/2024,2024,12,48.7030902,67.32368584,72.34168717,S1_SAR_fallback,,0,0.762253154,"Sri Lanka small-tank power law (Telivarai Kulam), Imbulana ceiling-capped",validated_2021_2025,
17,Mahakanumulla Wewa,1/6/2025,2025,1,46.63151232,67.32368584,69.26464547,S1_SAR_fallback,,0,0.729830842,"Sri Lanka small-tank power law (Telivarai Kulam), Imbulana ceiling-capped",validated_2021_2025,
17,Mahakanumulla Wewa,1/18/2025,2025,1,44.36944429,67.32368584,65.90465709,S1_SAR_fallback,,0,0.694427165,"Sri Lanka small-tank power law (Telivarai Kulam), Imbulana ceiling-capped",validated_2021_2025,
17,Mahakanumulla Wewa,1/30/2025,2025,1,42.81989156,67.32368584,63.60301137,S1_SAR_fallback,,0,0.670175081,"Sri Lanka small-tank power law (Telivarai Kulam), Imbulana ceiling-capped",validated_2021_2025,
17,Mahakanumulla Wewa,2/11/2025,2025,2,41.30459878,67.32368584,61.35225406,S1_SAR_fallback,,0,0.6464592,"Sri Lanka small-tank power law (Telivarai Kulam), Imbulana ceiling-capped",validated_2021_2025,
17,Mahakanumulla Wewa,2/23/2025,2025,2,39.23404142,67.32368584,58.27672822,S1_SAR_fallback,,0,0.61405286,"Sri Lanka small-tank power law (Telivarai Kulam), Imbulana ceiling-capped",validated_2021_2025,
17,Mahakanumulla Wewa,3/7/2025,2025,3,35.39538561,67.32368584,52.57493729,S2_MNDWI,3/5/2025,2,0.553973972,"Sri Lanka small-tank power law (Telivarai Kulam), Imbulana ceiling-capped",validated_2021_2025,
17,Mahakanumulla Wewa,3/19/2025,2025,3,39.89887544,67.32368584,59.26424696,S1_SAR_fallback,,0,0.624458192,"Sri Lanka small-tank power law (Telivarai Kulam), Imbulana ceiling-capped",validated_2021_2025,
17,Mahakanumulla Wewa,3/31/2025,2025,3,37.30699988,67.32368584,55.41437522,S1_SAR_fallback,,0,0.58389269,"Sri Lanka small-tank power law (Telivarai Kulam), Imbulana ceiling-capped",validated_2021_2025,
17,Mahakanumulla Wewa,4/12/2025,2025,4,35.69583388,67.32368584,53.02121153,S1_SAR_fallback,,0,0.558676295,"Sri Lanka small-tank power law (Telivarai Kulam), Imbulana ceiling-capped",validated_2021_2025,
17,Mahakanumulla Wewa,4/24/2025,2025,4,35.31555898,67.32368584,52.45636589,S1_SAR_fallback,,0,0.552724604,"Sri Lanka small-tank power law (Telivarai Kulam), Imbulana ceiling-capped",validated_2021_2025,
17,Mahakanumulla Wewa,5/6/2025,2025,5,37.7237331,67.32368584,56.03337463,S1_SAR_fallback,,0,0.590414991,"Sri Lanka small-tank power law (Telivarai Kulam), Imbulana ceiling-capped",validated_2021_2025,
17,Mahakanumulla Wewa,5/18/2025,2025,5,35.98604433,67.32368584,53.45227892,S1_SAR_fallback,,0,0.563218385,"Sri Lanka small-tank power law (Telivarai Kulam), Imbulana ceiling-capped",validated_2021_2025,
17,Mahakanumulla Wewa,5/30/2025,2025,5,34.27480555,67.32368584,50.91047099,S1_SAR_fallback,,0,0.536435748,"Sri Lanka small-tank power law (Telivarai Kulam), Imbulana ceiling-capped",validated_2021_2025,
17,Mahakanumulla Wewa,6/11/2025,2025,6,39.60866594,67.32368584,58.83318099,S1_SAR_fallback,,0,0.619916117,"Sri Lanka small-tank power law (Telivarai Kulam), Imbulana ceiling-capped",validated_2021_2025,
17,Mahakanumulla Wewa,6/23/2025,2025,6,37.15689152,67.32368584,55.19141007,S1_SAR_fallback,,0,0.58154334,"Sri Lanka small-tank power law (Telivarai Kulam), Imbulana ceiling-capped",validated_2021_2025,
17,Mahakanumulla Wewa,7/5/2025,2025,7,34.11468995,67.32368584,50.67264146,S1_SAR_fallback,,0,0.533929776,"Sri Lanka small-tank power law (Telivarai Kulam), Imbulana ceiling-capped",validated_2021_2025,
17,Mahakanumulla Wewa,7/17/2025,2025,7,31.45276376,67.32368584,46.71871923,S1_SAR_fallback,,0,0.492267909,"Sri Lanka small-tank power law (Telivarai Kulam), Imbulana ceiling-capped",validated_2021_2025,
17,Mahakanumulla Wewa,7/29/2025,2025,7,8.811920332,67.32368584,13.08888576,S2_MNDWI,7/28/2025,1,0.110093958,"Sri Lanka small-tank power law (Telivarai Kulam), Imbulana ceiling-capped",validated_2021_2025,
17,Mahakanumulla Wewa,8/10/2025,2025,8,3.492527534,67.32368584,5.187665368,S1_SAR_fallback,,0,0.034747557,"Sri Lanka small-tank power law (Telivarai Kulam), Imbulana ceiling-capped",validated_2021_2025,
17,Mahakanumulla Wewa,8/22/2025,2025,8,0.444185988,67.32368584,0.659776693,S2_MNDWI,8/22/2025,0,0.002660499,"Sri Lanka small-tank power law (Telivarai Kulam), Imbulana ceiling-capped",validated_2021_2025,
17,Mahakanumulla Wewa,9/3/2025,2025,9,4.504868104,67.32368584,6.691356909,S1_SAR_fallback,,0,0.04771656,"Sri Lanka small-tank power law (Telivarai Kulam), Imbulana ceiling-capped",validated_2021_2025,
17,Mahakanumulla Wewa,9/15/2025,2025,9,3.90282493,67.32368584,5.797105255,S1_SAR_fallback,,0,0.039905649,"Sri Lanka small-tank power law (Telivarai Kulam), Imbulana ceiling-capped",validated_2021_2025,
17,Mahakanumulla Wewa,9/27/2025,2025,9,1.811310892,67.32368584,2.690451168,S1_SAR_fallback,,0,0.015332308,"Sri Lanka small-tank power law (Telivarai Kulam), Imbulana ceiling-capped",validated_2021_2025,
17,Mahakanumulla Wewa,10/9/2025,2025,10,0.180130393,67.32368584,0.267558722,S1_SAR_fallback,,0,0.000864024,"Sri Lanka small-tank power law (Telivarai Kulam), Imbulana ceiling-capped",validated_2021_2025,
17,Mahakanumulla Wewa,10/21/2025,2025,10,20.57489198,67.32368584,30.56114906,S1_SAR_fallback,,0,0.316704979,"Sri Lanka small-tank power law (Telivarai Kulam), Imbulana ceiling-capped",validated_2021_2025,
17,Mahakanumulla Wewa,11/2/2025,2025,11,21.08572045,67.32368584,31.31991392,S2_MNDWI,10/31/2025,2,0.326532774,"Sri Lanka small-tank power law (Telivarai Kulam), Imbulana ceiling-capped",validated_2021_2025,
17,Mahakanumulla Wewa,11/14/2025,2025,11,14.9408147,67.32368584,22.19250849,S1_SAR_fallback,,0,0.21256661,"Sri Lanka small-tank power law (Telivarai Kulam), Imbulana ceiling-capped",validated_2021_2025,
17,Mahakanumulla Wewa,11/26/2025,2025,11,37.35703658,67.32368584,55.48869779,S1_SAR_fallback,,0,0.584675815,"Sri Lanka small-tank power law (Telivarai Kulam), Imbulana ceiling-capped",validated_2021_2025,
17,Mahakanumulla Wewa,12/2/2025,2025,12,41.05971606,67.32368584,60.98851473,S1_SAR_fallback,,0,0.642626535,"Sri Lanka small-tank power law (Telivarai Kulam), Imbulana ceiling-capped",validated_2021_2025,
17,Mahakanumulla Wewa,12/8/2025,2025,12,34.17473357,67.32368584,50.76182795,S1_SAR_fallback,,0,0.53486952,"Sri Lanka small-tank power law (Telivarai Kulam), Imbulana ceiling-capped",validated_2021_2025,
17,Mahakanumulla Wewa,12/20/2025,2025,12,38.46595675,67.32368584,57.13584495,S1_SAR_fallback,,0,0.60203155,"Sri Lanka small-tank power law (Telivarai Kulam), Imbulana ceiling-capped",validated_2021_2025,
18,Manakkulama Wewa,1/3/2021,2021,1,0.0,15.4549313,0.0,S1_SAR,,0,0.0,"Sri Lanka small-tank power law (Telivarai Kulam), Imbulana ceiling-capped",validated_2021_2025,
18,Manakkulama Wewa,1/15/2021,2021,1,1.391028499,15.4549313,9.000547925,S1_SAR,,0,0.011034061,"Sri Lanka small-tank power law (Telivarai Kulam), Imbulana ceiling-capped",validated_2021_2025,
18,Manakkulama Wewa,1/27/2021,2021,1,0.310229377,15.4549313,2.007316441,S1_SAR,,0,0.001701066,"Sri Lanka small-tank power law (Telivarai Kulam), Imbulana ceiling-capped",validated_2021_2025,
18,Manakkulama Wewa,2/8/2021,2021,2,0.310229388,15.4549313,2.007316515,S1_SAR,,0,0.001701066,"Sri Lanka small-tank power law (Telivarai Kulam), Imbulana ceiling-capped",validated_2021_2025,
18,Manakkulama Wewa,2/20/2021,2021,2,0.480355164,15.4549313,3.108102876,S1_SAR,,0,0.002933101,"Sri Lanka small-tank power law (Telivarai Kulam), Imbulana ceiling-capped",validated_2021_2025,
18,Manakkulama Wewa,3/4/2021,2021,3,0.330244184,15.4549313,2.136820783,S1_SAR,,0,0.001838888,"Sri Lanka small-tank power law (Telivarai Kulam), Imbulana ceiling-capped",validated_2021_2025,
18,Manakkulama Wewa,3/16/2021,2021,3,0.110081399,15.4549313,0.712273621,S1_SAR,,0,0.000467759,"Sri Lanka small-tank power law (Telivarai Kulam), Imbulana ceiling-capped",validated_2021_2025,
18,Manakkulama Wewa,3/28/2021,2021,3,0.320236788,15.4549313,2.072068661,S1_SAR,,0,0.001769712,"Sri Lanka small-tank power law (Telivarai Kulam), Imbulana ceiling-capped",validated_2021_2025,
18,Manakkulama Wewa,4/9/2021,2021,4,0.240177586,15.4549313,1.55405146,S1_SAR,,0,0.001236569,"Sri Lanka small-tank power law (Telivarai Kulam), Imbulana ceiling-capped",validated_2021_2025,
18,Manakkulama Wewa,4/21/2021,2021,4,0.430318182,15.4549313,2.784342252,S1_SAR,,0,0.002557397,"Sri Lanka small-tank power law (Telivarai Kulam), Imbulana ceiling-capped",validated_2021_2025,
18,Manakkulama Wewa,5/3/2021,2021,5,0.080059187,15.4549313,0.518017097,S1_SAR,,0,0.000314547,"Sri Lanka small-tank power law (Telivarai Kulam), Imbulana ceiling-capped",validated_2021_2025,
18,Manakkulama Wewa,5/15/2021,2021,5,0.650480967,15.4549313,4.20888941,S1_SAR,,0,0.004279583,"Sri Lanka small-tank power law (Telivarai Kulam), Imbulana ceiling-capped",validated_2021_2025,
18,Manakkulama Wewa,5/27/2021,2021,5,0.210155383,15.4549313,1.359795001,S1_SAR,,0,0.001047022,"Sri Lanka small-tank power law (Telivarai Kulam), Imbulana ceiling-capped",validated_2021_2025,
18,Manakkulama Wewa,6/8/2021,2021,6,0.44032557,15.4549313,2.84909432,S1_SAR,,0,0.002631718,"Sri Lanka small-tank power law (Telivarai Kulam), Imbulana ceiling-capped",validated_2021_2025,
18,Manakkulama Wewa,6/14/2021,2021,6,0.440325575,15.4549313,2.849094354,S1_SAR,,0,0.002631718,"Sri Lanka small-tank power law (Telivarai Kulam), Imbulana ceiling-capped",validated_2021_2025,
18,Manakkulama Wewa,6/20/2021,2021,6,0.490362553,15.4549313,3.172854953,S1_SAR,,0,0.003009438,"Sri Lanka small-tank power law (Telivarai Kulam), Imbulana ceiling-capped",validated_2021_2025,
18,Manakkulama Wewa,7/2/2021,2021,7,0.030022195,15.4549313,0.19425641,S1_SAR,,0,9.27e-05,"Sri Lanka small-tank power law (Telivarai Kulam), Imbulana ceiling-capped",validated_2021_2025,
18,Manakkulama Wewa,7/14/2021,2021,7,0.560414386,15.4549313,3.6261202,S1_SAR,,0,0.003554253,"Sri Lanka small-tank power law (Telivarai Kulam), Imbulana ceiling-capped",validated_2021_2025,
18,Manakkulama Wewa,7/26/2021,2021,7,0.140103611,15.4549313,0.906530144,S1_SAR,,0,0.00063173,"Sri Lanka small-tank power law (Telivarai Kulam), Imbulana ceiling-capped",validated_2021_2025,
18,Manakkulama Wewa,8/7/2021,2021,8,0.330244189,15.4549313,2.136820818,S1_SAR,,0,0.001838888,"Sri Lanka small-tank power law (Telivarai Kulam), Imbulana ceiling-capped",validated_2021_2025,
18,Manakkulama Wewa,8/19/2021,2021,8,0.270199763,15.4549313,1.748307761,S1_SAR,,0,0.001432052,"Sri Lanka small-tank power law (Telivarai Kulam), Imbulana ceiling-capped",validated_2021_2025,
18,Manakkulama Wewa,8/31/2021,2021,8,0.47034775,15.4549313,3.043350636,S1_SAR,,0,0.002857153,"Sri Lanka small-tank power law (Telivarai Kulam), Imbulana ceiling-capped",validated_2021_2025,
18,Manakkulama Wewa,9/12/2021,2021,9,0.39028858,15.4549313,2.525333647,S1_SAR,,0,0.002264433,"Sri Lanka small-tank power law (Telivarai Kulam), Imbulana ceiling-capped",validated_2021_2025,
18,Manakkulama Wewa,9/24/2021,2021,9,0.310229406,15.4549313,2.007316628,S1_SAR,,0,0.001701067,"Sri Lanka small-tank power law (Telivarai Kulam), Imbulana ceiling-capped",validated_2021_2025,
18,Manakkulama Wewa,10/6/2021,2021,10,0.550406976,15.4549313,3.56136799,S1_SAR,,0,0.00347534,"Sri Lanka small-tank power law (Telivarai Kulam), Imbulana ceiling-capped",validated_2021_2025,
18,Manakkulama Wewa,10/18/2021,2021,10,0.590436569,15.4549313,3.820376536,S1_SAR,,0,0.003793058,"Sri Lanka small-tank power law (Telivarai Kulam), Imbulana ceiling-capped",validated_2021_2025,
18,Manakkulama Wewa,10/30/2021,2021,10,0.740547547,15.4549313,4.791658614,S1_SAR,,0,0.005030125,"Sri Lanka small-tank power law (Telivarai Kulam), Imbulana ceiling-capped",validated_2021_2025,
18,Manakkulama Wewa,11/17/2021,2021,11,2.231650282,15.4549313,14.43972955,S1_SAR,,0,0.019885842,"Sri Lanka small-tank power law (Telivarai Kulam), Imbulana ceiling-capped",validated_2021_2025,
18,Manakkulama Wewa,11/23/2021,2021,11,1.571161816,15.4549313,10.16608735,S1_SAR,,0,0.01284205,"Sri Lanka small-tank power law (Telivarai Kulam), Imbulana ceiling-capped",validated_2021_2025,
18,Manakkulama Wewa,12/5/2021,2021,12,0.390288644,15.4549313,2.525334057,S1_SAR,,0,0.002264433,"Sri Lanka small-tank power law (Telivarai Kulam), Imbulana ceiling-capped",validated_2021_2025,
18,Manakkulama Wewa,12/17/2021,2021,12,0.530392253,15.4549313,3.431864191,S1_SAR,,0,0.003318576,"Sri Lanka small-tank power law (Telivarai Kulam), Imbulana ceiling-capped",validated_2021_2025,
18,Manakkulama Wewa,12/29/2021,2021,12,0.500370042,15.4549313,3.237607672,S1_SAR,,0,0.003086161,"Sri Lanka small-tank power law (Telivarai Kulam), Imbulana ceiling-capped",validated_2021_2025,
18,Manakkulama Wewa,1/10/2022,2022,1,0.820606822,15.4549313,5.309676284,S1_SAR,,0,0.005716523,"Sri Lanka small-tank power law (Telivarai Kulam), Imbulana ceiling-capped",validated_2021_2025,
18,Manakkulama Wewa,1/22/2022,2022,1,0.060044412,15.4549313,0.388512967,S1_SAR,,0,0.000219787,"Sri Lanka small-tank power law (Telivarai Kulam), Imbulana ceiling-capped",validated_2021_2025,
18,Manakkulama Wewa,2/3/2022,2022,2,0.310229414,15.4549313,2.007316678,S1_SAR,,0,0.001701067,"Sri Lanka small-tank power law (Telivarai Kulam), Imbulana ceiling-capped",validated_2021_2025,
18,Manakkulama Wewa,2/15/2022,2022,2,0.720532788,15.4549313,4.662154583,S1_SAR,,0,0.004861289,"Sri Lanka small-tank power law (Telivarai Kulam), Imbulana ceiling-capped",validated_2021_2025,
18,Manakkulama Wewa,2/27/2022,2022,2,0.770569769,15.4549313,4.985915201,S1_SAR,,0,0.005285487,"Sri Lanka small-tank power law (Telivarai Kulam), Imbulana ceiling-capped",validated_2021_2025,
18,Manakkulama Wewa,3/11/2022,2022,3,0.910673359,15.4549313,5.892445207,S1_SAR,,0,0.006508624,"Sri Lanka small-tank power law (Telivarai Kulam), Imbulana ceiling-capped",validated_2021_2025,
18,Manakkulama Wewa,3/23/2022,2022,3,0.970717744,15.4549313,6.280957997,S1_SAR,,0,0.007047636,"Sri Lanka small-tank power law (Telivarai Kulam), Imbulana ceiling-capped",validated_2021_2025,
18,Manakkulama Wewa,4/4/2022,2022,4,0.980725163,15.4549313,6.345710272,S1_SAR,,0,0.007138287,"Sri Lanka small-tank power law (Telivarai Kulam), Imbulana ceiling-capped",validated_2021_2025,
18,Manakkulama Wewa,4/16/2022,2022,4,1.89139853,15.4549313,12.23815553,S1_SAR,,0,0.016181601,"Sri Lanka small-tank power law (Telivarai Kulam), Imbulana ceiling-capped",validated_2021_2025,
18,Manakkulama Wewa,4/28/2022,2022,4,1.330984134,15.4549313,8.612035264,S1_SAR,,0,0.010443751,"Sri Lanka small-tank power law (Telivarai Kulam), Imbulana ceiling-capped",validated_2021_2025,
18,Manakkulama Wewa,5/10/2022,2022,5,0.730540145,15.4549313,4.726906453,S1_SAR,,0,0.004945565,"Sri Lanka small-tank power law (Telivarai Kulam), Imbulana ceiling-capped",validated_2021_2025,
18,Manakkulama Wewa,5/22/2022,2022,5,0.950702964,15.4549313,6.151453832,S1_SAR,,0,0.006867027,"Sri Lanka small-tank power law (Telivarai Kulam), Imbulana ceiling-capped",validated_2021_2025,
18,Manakkulama Wewa,6/3/2022,2022,6,0.880651137,15.4549313,5.69818862,S1_SAR,,0,0.006242345,"Sri Lanka small-tank power law (Telivarai Kulam), Imbulana ceiling-capped",validated_2021_2025,
18,Manakkulama Wewa,6/15/2022,2022,6,1.681243032,15.4549313,10.87835979,S1_SAR,,0,0.013972726,"Sri Lanka small-tank power law (Telivarai Kulam), Imbulana ceiling-capped",validated_2021_2025,
18,Manakkulama Wewa,6/27/2022,2022,6,1.290954514,15.4549313,8.353026544,S1_SAR,,0,0.010053818,"Sri Lanka small-tank power law (Telivarai Kulam), Imbulana ceiling-capped",validated_2021_2025,
18,Manakkulama Wewa,7/9/2022,2022,7,1.711265224,15.4549313,11.07261618,S1_SAR,,0,0.01428432,"Sri Lanka small-tank power law (Telivarai Kulam), Imbulana ceiling-capped",validated_2021_2025,
18,Manakkulama Wewa,7/21/2022,2022,7,1.180873074,15.4549313,7.640752652,S1_SAR,,0,0.008997005,"Sri Lanka small-tank power law (Telivarai Kulam), Imbulana ceiling-capped",validated_2021_2025,
18,Manakkulama Wewa,8/2/2022,2022,8,1.431058028,15.4549313,9.259556061,S1_SAR,,0,0.011431116,"Sri Lanka small-tank power law (Telivarai Kulam), Imbulana ceiling-capped",validated_2021_2025,
18,Manakkulama Wewa,8/14/2022,2022,8,1.591176449,15.4549313,10.29559056,S1_SAR,,0,0.013046217,"Sri Lanka small-tank power law (Telivarai Kulam), Imbulana ceiling-capped",validated_2021_2025,
18,Manakkulama Wewa,8/26/2022,2022,8,1.290954514,15.4549313,8.35302654,S1_SAR,,0,0.010053818,"Sri Lanka small-tank power law (Telivarai Kulam), Imbulana ceiling-capped",validated_2021_2025,
18,Manakkulama Wewa,9/7/2022,2022,9,0.810599353,15.4549313,5.244923688,S1_SAR,,0,0.005629784,"Sri Lanka small-tank power law (Telivarai Kulam), Imbulana ceiling-capped",validated_2021_2025,
18,Manakkulama Wewa,9/19/2022,2022,9,0.730540139,15.4549313,4.726906413,S1_SAR,,0,0.004945565,"Sri Lanka small-tank power law (Telivarai Kulam), Imbulana ceiling-capped",validated_2021_2025,
18,Manakkulama Wewa,10/1/2022,2022,10,0.610451382,15.4549313,3.949880913,S1_SAR,,0,0.00395394,"Sri Lanka small-tank power law (Telivarai Kulam), Imbulana ceiling-capped",validated_2021_2025,
18,Manakkulama Wewa,10/13/2022,2022,10,0.380281178,15.4549313,2.460581486,S1_SAR,,0,0.002192312,"Sri Lanka small-tank power law (Telivarai Kulam), Imbulana ceiling-capped",validated_2021_2025,
18,Manakkulama Wewa,10/25/2022,2022,10,0.0,15.4549313,0.0,S1_SAR,,0,0.0,"Sri Lanka small-tank power law (Telivarai Kulam), Imbulana ceiling-capped",validated_2021_2025,
18,Manakkulama Wewa,11/6/2022,2022,11,0.260192403,15.4549313,1.683555867,S1_SAR,,0,0.001366265,"Sri Lanka small-tank power law (Telivarai Kulam), Imbulana ceiling-capped",validated_2021_2025,
18,Manakkulama Wewa,11/18/2022,2022,11,0.370273784,15.4549313,2.395829374,S1_SAR,,0,0.002120657,"Sri Lanka small-tank power law (Telivarai Kulam), Imbulana ceiling-capped",validated_2021_2025,
18,Manakkulama Wewa,11/30/2022,2022,11,0.220162785,15.4549313,1.424547162,S1_SAR,,0,0.001109509,"Sri Lanka small-tank power law (Telivarai Kulam), Imbulana ceiling-capped",validated_2021_2025,
18,Manakkulama Wewa,12/12/2022,2022,12,0.400295975,15.4549313,2.590085759,S1_SAR,,0,0.00233701,"Sri Lanka small-tank power law (Telivarai Kulam), Imbulana ceiling-capped",validated_2021_2025,
18,Manakkulama Wewa,12/24/2022,2022,12,0.460340375,15.4549313,2.978598647,S1_SAR,,0,0.002781603,"Sri Lanka small-tank power law (Telivarai Kulam), Imbulana ceiling-capped",validated_2021_2025,
18,Manakkulama Wewa,1/5/2023,2023,1,0.560414348,15.4549313,3.626119954,S1_SAR,,0,0.003554252,"Sri Lanka small-tank power law (Telivarai Kulam), Imbulana ceiling-capped",validated_2021_2025,
18,Manakkulama Wewa,1/17/2023,2023,1,0.340251576,15.4549313,2.20157288,S1_SAR,,0,0.001908581,"Sri Lanka small-tank power law (Telivarai Kulam), Imbulana ceiling-capped",validated_2021_2025,
18,Manakkulama Wewa,1/29/2023,2023,1,0.610451376,15.4549313,3.949880873,S1_SAR,,0,0.00395394,"Sri Lanka small-tank power law (Telivarai Kulam), Imbulana ceiling-capped",validated_2021_2025,
18,Manakkulama Wewa,2/10/2023,2023,2,0.680503169,15.4549313,4.403145869,S1_SAR,,0,0.00452709,"Sri Lanka small-tank power law (Telivarai Kulam), Imbulana ceiling-capped",validated_2021_2025,
18,Manakkulama Wewa,2/22/2023,2023,2,0.43031818,15.4549313,2.784342237,S1_SAR,,0,0.002557397,"Sri Lanka small-tank power law (Telivarai Kulam), Imbulana ceiling-capped",validated_2021_2025,
18,Manakkulama Wewa,3/6/2023,2023,3,0.370273782,15.4549313,2.395829364,S1_SAR,,0,0.002120657,"Sri Lanka small-tank power law (Telivarai Kulam), Imbulana ceiling-capped",validated_2021_2025,
18,Manakkulama Wewa,3/18/2023,2023,3,0.650480959,15.4549313,4.208889355,S1_SAR,,0,0.004279583,"Sri Lanka small-tank power law (Telivarai Kulam), Imbulana ceiling-capped",validated_2021_2025,
18,Manakkulama Wewa,3/30/2023,2023,3,0.350258972,15.4549313,2.266325002,S1_SAR,,0,0.001978781,"Sri Lanka small-tank power law (Telivarai Kulam), Imbulana ceiling-capped",validated_2021_2025,
18,Manakkulama Wewa,4/11/2023,2023,4,0.630466172,15.4549313,4.079385146,S1_SAR,,0,0.004116125,"Sri Lanka small-tank power law (Telivarai Kulam), Imbulana ceiling-capped",validated_2021_2025,
18,Manakkulama Wewa,4/23/2023,2023,4,0.450332976,15.4549313,2.913846506,S1_SAR,,0,0.002706455,"Sri Lanka small-tank power law (Telivarai Kulam), Imbulana ceiling-capped",validated_2021_2025,
18,Manakkulama Wewa,5/5/2023,2023,5,0.510377372,15.4549313,3.302359369,S1_SAR,,0,0.003163261,"Sri Lanka small-tank power law (Telivarai Kulam), Imbulana ceiling-capped",validated_2021_2025,
18,Manakkulama Wewa,5/17/2023,2023,5,0.480355174,15.4549313,3.10810294,S1_SAR,,0,0.002933101,"Sri Lanka small-tank power law (Telivarai Kulam), Imbulana ceiling-capped",validated_2021_2025,
18,Manakkulama Wewa,5/29/2023,2023,5,0.380281182,15.4549313,2.46058151,S1_SAR,,0,0.002192312,"Sri Lanka small-tank power law (Telivarai Kulam), Imbulana ceiling-capped",validated_2021_2025,
18,Manakkulama Wewa,6/10/2023,2023,6,0.310229362,15.4549313,2.007316347,S1_SAR,,0,0.001701066,"Sri Lanka small-tank power law (Telivarai Kulam), Imbulana ceiling-capped",validated_2021_2025,
18,Manakkulama Wewa,6/22/2023,2023,6,0.46034038,15.4549313,2.978598682,S1_SAR,,0,0.002781603,"Sri Lanka small-tank power law (Telivarai Kulam), Imbulana ceiling-capped",validated_2021_2025,
18,Manakkulama Wewa,7/4/2023,2023,7,0.440325577,15.4549313,2.849094364,S1_SAR,,0,0.002631718,"Sri Lanka small-tank power law (Telivarai Kulam), Imbulana ceiling-capped",validated_2021_2025,
18,Manakkulama Wewa,7/16/2023,2023,7,0.130096189,15.4549313,0.841777854,S1_SAR,,0,0.000576005,"Sri Lanka small-tank power law (Telivarai Kulam), Imbulana ceiling-capped",validated_2021_2025,
18,Manakkulama Wewa,7/28/2023,2023,7,0.440325585,15.4549313,2.849094418,S1_SAR,,0,0.002631718,"Sri Lanka small-tank power law (Telivarai Kulam), Imbulana ceiling-capped",validated_2021_2025,
18,Manakkulama Wewa,8/9/2023,2023,8,0.160118404,15.4549313,1.036034392,S1_SAR,,0,0.000746095,"Sri Lanka small-tank power law (Telivarai Kulam), Imbulana ceiling-capped",validated_2021_2025,
18,Manakkulama Wewa,9/2/2023,2023,9,0.590436655,15.4549313,3.820377094,S1_SAR,,0,0.003793059,"Sri Lanka small-tank power law (Telivarai Kulam), Imbulana ceiling-capped",validated_2021_2025,
18,Manakkulama Wewa,9/14/2023,2023,9,0.130096236,15.4549313,0.84177816,S1_SAR,,0,0.000576006,"Sri Lanka small-tank power law (Telivarai Kulam), Imbulana ceiling-capped",validated_2021_2025,
18,Manakkulama Wewa,9/26/2023,2023,9,0.243748856,15.4549313,1.577159104,S1_SAR,,0,0.001259523,"Sri Lanka small-tank power law (Telivarai Kulam), Imbulana ceiling-capped",validated_2021_2025,
18,Manakkulama Wewa,10/8/2023,2023,10,0.262861048,15.4549313,1.700823141,S1_SAR,,0,0.001383749,"Sri Lanka small-tank power law (Telivarai Kulam), Imbulana ceiling-capped",validated_2021_2025,
18,Manakkulama Wewa,10/20/2023,2023,10,0.800591946,15.4549313,5.180171493,S1_SAR,,0,0.005543308,"Sri Lanka small-tank power law (Telivarai Kulam), Imbulana ceiling-capped",validated_2021_2025,
18,Manakkulama Wewa,11/1/2023,2023,11,0.620458752,15.4549313,4.014632867,S1_SAR,,0,0.004034872,"Sri Lanka small-tank power law (Telivarai Kulam), Imbulana ceiling-capped",validated_2021_2025,
18,Manakkulama Wewa,11/13/2023,2023,11,2.69199042,15.4549313,17.41832666,S1_SAR,,0,0.025120842,"Sri Lanka small-tank power law (Telivarai Kulam), Imbulana ceiling-capped",validated_2021_2025,
18,Manakkulama Wewa,11/25/2023,2023,11,1.741287479,15.4549313,11.26687298,S1_SAR,,0,0.014597263,"Sri Lanka small-tank power law (Telivarai Kulam), Imbulana ceiling-capped",validated_2021_2025,
18,Manakkulama Wewa,12/7/2023,2023,12,1.310969318,15.4549313,8.482530862,S1_SAR,,0,0.010248418,"Sri Lanka small-tank power law (Telivarai Kulam), Imbulana ceiling-capped",validated_2021_2025,
18,Manakkulama Wewa,12/19/2023,2023,12,1.220902711,15.4549313,7.89976149,S1_SAR,,0,0.009378612,"Sri Lanka small-tank power law (Telivarai Kulam), Imbulana ceiling-capped",validated_2021_2025,
18,Manakkulama Wewa,12/31/2023,2023,12,1.451072873,15.4549313,9.389060646,S1_SAR,,0,0.011630677,"Sri Lanka small-tank power law (Telivarai Kulam), Imbulana ceiling-capped",validated_2021_2025,
18,Manakkulama Wewa,1/12/2024,2024,1,1.330984096,15.4549313,8.612035017,S1_SAR,,0,0.01044375,"Sri Lanka small-tank power law (Telivarai Kulam), Imbulana ceiling-capped",validated_2021_2025,
18,Manakkulama Wewa,1/24/2024,2024,1,1.39102847,15.4549313,9.000547737,S1_SAR,,0,0.011034061,"Sri Lanka small-tank power law (Telivarai Kulam), Imbulana ceiling-capped",validated_2021_2025,
18,Manakkulama Wewa,2/5/2024,2024,2,1.090806522,15.4549313,7.057983636,S1_SAR,,0,0.008150111,"Sri Lanka small-tank power law (Telivarai Kulam), Imbulana ceiling-capped",validated_2021_2025,
18,Manakkulama Wewa,2/17/2024,2024,2,1.030762128,15.4549313,6.669470787,S1_SAR,,0,0.007594921,"Sri Lanka small-tank power law (Telivarai Kulam), Imbulana ceiling-capped",validated_2021_2025,
18,Manakkulama Wewa,2/29/2024,2024,2,1.371013693,15.4549313,8.871043593,S1_SAR,,0,0.01083658,"Sri Lanka small-tank power law (Telivarai Kulam), Imbulana ceiling-capped",validated_2021_2025,
18,Manakkulama Wewa,3/12/2024,2024,3,1.481095048,15.4549313,9.583316927,S1_SAR,,0,0.011931287,"Sri Lanka small-tank power law (Telivarai Kulam), Imbulana ceiling-capped",validated_2021_2025,
18,Manakkulama Wewa,3/24/2024,2024,3,1.310969287,15.4549313,8.482530665,S1_SAR,,0,0.010248418,"Sri Lanka small-tank power law (Telivarai Kulam), Imbulana ceiling-capped",validated_2021_2025,
18,Manakkulama Wewa,4/5/2024,2024,4,1.330984083,15.4549313,8.612034933,S1_SAR,,0,0.01044375,"Sri Lanka small-tank power law (Telivarai Kulam), Imbulana ceiling-capped",validated_2021_2025,
18,Manakkulama Wewa,4/17/2024,2024,4,0.920680704,15.4549313,5.957197003,S1_SAR,,0,0.006597868,"Sri Lanka small-tank power law (Telivarai Kulam), Imbulana ceiling-capped",validated_2021_2025,
18,Manakkulama Wewa,4/29/2024,2024,4,1.010747301,15.4549313,6.539966316,S1_SAR,,0,0.007411597,"Sri Lanka small-tank power law (Telivarai Kulam), Imbulana ceiling-capped",validated_2021_2025,
18,Manakkulama Wewa,5/11/2024,2024,5,0.770569742,15.4549313,4.985915024,S1_SAR,,0,0.005285487,"Sri Lanka small-tank power law (Telivarai Kulam), Imbulana ceiling-capped",validated_2021_2025,
18,Manakkulama Wewa,5/23/2024,2024,5,0.090066592,15.4549313,0.582769283,S1_SAR,,0,0.000364272,"Sri Lanka small-tank power law (Telivarai Kulam), Imbulana ceiling-capped",validated_2021_2025,
18,Manakkulama Wewa,6/4/2024,2024,6,0.660488341,15.4549313,4.273641388,S1_SAR,,0,0.004361779,"Sri Lanka small-tank power law (Telivarai Kulam), Imbulana ceiling-capped",validated_2021_2025,
18,Manakkulama Wewa,6/16/2024,2024,6,0.42031074,15.4549313,2.719589829,S1_SAR,,0,0.0024835,"Sri Lanka small-tank power law (Telivarai Kulam), Imbulana ceiling-capped",validated_2021_2025,
18,Manakkulama Wewa,7/10/2024,2024,7,0.51037733,15.4549313,3.302359098,S1_SAR,,0,0.003163261,"Sri Lanka small-tank power law (Telivarai Kulam), Imbulana ceiling-capped",validated_2021_2025,
18,Manakkulama Wewa,7/22/2024,2024,7,0.420310763,15.4549313,2.719589977,S1_SAR,,0,0.0024835,"Sri Lanka small-tank power law (Telivarai Kulam), Imbulana ceiling-capped",validated_2021_2025,
18,Manakkulama Wewa,8/3/2024,2024,8,0.550406913,15.4549313,3.56136758,S1_SAR,,0,0.003475339,"Sri Lanka small-tank power law (Telivarai Kulam), Imbulana ceiling-capped",validated_2021_2025,
18,Manakkulama Wewa,8/15/2024,2024,8,0.170125776,15.4549313,1.100786361,S1_SAR,,0,0.000804641,"Sri Lanka small-tank power law (Telivarai Kulam), Imbulana ceiling-capped",validated_2021_2025,
18,Manakkulama Wewa,8/27/2024,2024,8,0.14010358,15.4549313,0.906529941,S1_SAR,,0,0.00063173,"Sri Lanka small-tank power law (Telivarai Kulam), Imbulana ceiling-capped",validated_2021_2025,
18,Manakkulama Wewa,9/20/2024,2024,9,0.150110979,15.4549313,0.971282088,S1_SAR,,0,0.000688443,"Sri Lanka small-tank power law (Telivarai Kulam), Imbulana ceiling-capped",validated_2021_2025,
18,Manakkulama Wewa,10/2/2024,2024,10,0.0,15.4549313,0.0,S1_SAR,,0,0.0,"Sri Lanka small-tank power law (Telivarai Kulam), Imbulana ceiling-capped",validated_2021_2025,
18,Manakkulama Wewa,10/14/2024,2024,10,0.0,15.4549313,0.0,S1_SAR,,0,0.0,"Sri Lanka small-tank power law (Telivarai Kulam), Imbulana ceiling-capped",validated_2021_2025,
18,Manakkulama Wewa,10/26/2024,2024,10,0.0,15.4549313,0.0,S1_SAR,,0,0.0,"Sri Lanka small-tank power law (Telivarai Kulam), Imbulana ceiling-capped",validated_2021_2025,
18,Manakkulama Wewa,11/7/2024,2024,11,0.490362527,15.4549313,3.17285478,S1_SAR,,0,0.003009438,"Sri Lanka small-tank power law (Telivarai Kulam), Imbulana ceiling-capped",validated_2021_2025,
18,Manakkulama Wewa,11/19/2024,2024,11,0.330244202,15.4549313,2.136820901,S1_SAR,,0,0.001838888,"Sri Lanka small-tank power law (Telivarai Kulam), Imbulana ceiling-capped",validated_2021_2025,
18,Manakkulama Wewa,12/13/2024,2024,12,1.851368898,15.4549313,11.97914673,S1_SAR,,0,0.015755975,"Sri Lanka small-tank power law (Telivarai Kulam), Imbulana ceiling-capped",validated_2021_2025,
18,Manakkulama Wewa,12/25/2024,2024,12,1.701257869,15.4549313,11.00786432,S1_SAR,,0,0.014180305,"Sri Lanka small-tank power law (Telivarai Kulam), Imbulana ceiling-capped",validated_2021_2025,
18,Manakkulama Wewa,1/6/2025,2025,1,1.53113214,15.4549313,9.907078266,S1_SAR,,0,0.012435635,"Sri Lanka small-tank power law (Telivarai Kulam), Imbulana ceiling-capped",validated_2021_2025,
18,Manakkulama Wewa,1/18/2025,2025,1,1.761302318,15.4549313,11.39637753,S1_SAR,,0,0.014806632,"Sri Lanka small-tank power law (Telivarai Kulam), Imbulana ceiling-capped",validated_2021_2025,
18,Manakkulama Wewa,1/30/2025,2025,1,1.831354111,15.4549313,11.84964252,S1_SAR,,0,0.015544006,"Sri Lanka small-tank power law (Telivarai Kulam), Imbulana ceiling-capped",validated_2021_2025,
18,Manakkulama Wewa,2/11/2025,2025,2,1.691250552,15.4549313,10.94311271,S1_SAR,,0,0.014076441,"Sri Lanka small-tank power law (Telivarai Kulam), Imbulana ceiling-capped",validated_2021_2025,
18,Manakkulama Wewa,2/23/2025,2025,2,1.551146942,15.4549313,10.03658257,S1_SAR,,0,0.012638519,"Sri Lanka small-tank power law (Telivarai Kulam), Imbulana ceiling-capped",validated_2021_2025,
18,Manakkulama Wewa,3/7/2025,2025,3,1.471087754,15.4549313,9.518565467,S1_SAR,,0,0.011830916,"Sri Lanka small-tank power law (Telivarai Kulam), Imbulana ceiling-capped",validated_2021_2025,
18,Manakkulama Wewa,3/19/2025,2025,3,1.28094716,15.4549313,8.288274694,S1_SAR,,0,0.009956796,"Sri Lanka small-tank power law (Telivarai Kulam), Imbulana ceiling-capped",validated_2021_2025,
18,Manakkulama Wewa,3/31/2025,2025,3,0.930688149,15.4549313,6.021949441,S1_SAR,,0,0.006687351,"Sri Lanka small-tank power law (Telivarai Kulam), Imbulana ceiling-capped",validated_2021_2025,
18,Manakkulama Wewa,4/12/2025,2025,4,1.040769561,15.4549313,6.734223145,S1_SAR,,0,0.007686913,"Sri Lanka small-tank power law (Telivarai Kulam), Imbulana ceiling-capped",validated_2021_2025,
18,Manakkulama Wewa,4/24/2025,2025,4,0.780577193,15.4549313,5.050667506,S1_SAR,,0,0.005371158,"Sri Lanka small-tank power law (Telivarai Kulam), Imbulana ceiling-capped",validated_2021_2025,
18,Manakkulama Wewa,5/6/2025,2025,5,0.660488365,15.4549313,4.273641546,S1_SAR,,0,0.004361779,"Sri Lanka small-tank power law (Telivarai Kulam), Imbulana ceiling-capped",validated_2021_2025,
18,Manakkulama Wewa,5/18/2025,2025,5,0.470347788,15.4549313,3.043350882,S1_SAR,,0,0.002857154,"Sri Lanka small-tank power law (Telivarai Kulam), Imbulana ceiling-capped",validated_2021_2025,
18,Manakkulama Wewa,5/30/2025,2025,5,0.240177574,15.4549313,1.554051386,S1_SAR,,0,0.001236569,"Sri Lanka small-tank power law (Telivarai Kulam), Imbulana ceiling-capped",validated_2021_2025,
18,Manakkulama Wewa,6/11/2025,2025,6,0.180133185,15.4549313,1.165538567,S1_SAR,,0,0.000864041,"Sri Lanka small-tank power law (Telivarai Kulam), Imbulana ceiling-capped",validated_2021_2025,
18,Manakkulama Wewa,6/23/2025,2025,6,0.240177572,15.4549313,1.554051371,S1_SAR,,0,0.001236569,"Sri Lanka small-tank power law (Telivarai Kulam), Imbulana ceiling-capped",validated_2021_2025,
18,Manakkulama Wewa,7/5/2025,2025,7,0.600443907,15.4549313,3.885128283,S1_SAR,,0,0.003873334,"Sri Lanka small-tank power law (Telivarai Kulam), Imbulana ceiling-capped",validated_2021_2025,
18,Manakkulama Wewa,7/17/2025,2025,7,0.77056968,15.4549313,4.985914624,S1_SAR,,0,0.005285486,"Sri Lanka small-tank power law (Telivarai Kulam), Imbulana ceiling-capped",validated_2021_2025,
18,Manakkulama Wewa,7/29/2025,2025,7,0.490362524,15.4549313,3.172854766,S1_SAR,,0,0.003009438,"Sri Lanka small-tank power law (Telivarai Kulam), Imbulana ceiling-capped",validated_2021_2025,
18,Manakkulama Wewa,8/10/2025,2025,8,0.50036991,15.4549313,3.237606823,S1_SAR,,0,0.00308616,"Sri Lanka small-tank power law (Telivarai Kulam), Imbulana ceiling-capped",validated_2021_2025,
18,Manakkulama Wewa,8/22/2025,2025,8,0.580429097,15.4549313,3.755623921,S1_SAR,,0,0.003713116,"Sri Lanka small-tank power law (Telivarai Kulam), Imbulana ceiling-capped",validated_2021_2025,
18,Manakkulama Wewa,9/3/2025,2025,9,0.410303299,15.4549313,2.654837416,S1_SAR,,0,0.002410035,"Sri Lanka small-tank power law (Telivarai Kulam), Imbulana ceiling-capped",validated_2021_2025,
18,Manakkulama Wewa,9/15/2025,2025,9,0.0,15.4549313,0.0,S1_SAR,,0,0.0,"Sri Lanka small-tank power law (Telivarai Kulam), Imbulana ceiling-capped",validated_2021_2025,
18,Manakkulama Wewa,9/27/2025,2025,9,0.0,15.4549313,0.0,S1_SAR,,0,0.0,"Sri Lanka small-tank power law (Telivarai Kulam), Imbulana ceiling-capped",validated_2021_2025,
18,Manakkulama Wewa,10/9/2025,2025,10,0.0,15.4549313,0.0,S1_SAR,,0,0.0,"Sri Lanka small-tank power law (Telivarai Kulam), Imbulana ceiling-capped",validated_2021_2025,
18,Manakkulama Wewa,10/21/2025,2025,10,0.810599298,15.4549313,5.244923333,S1_SAR,,0,0.005629783,"Sri Lanka small-tank power law (Telivarai Kulam), Imbulana ceiling-capped",validated_2021_2025,
18,Manakkulama Wewa,11/2/2025,2025,11,0.620458748,15.4549313,4.014632842,S1_SAR,,0,0.004034872,"Sri Lanka small-tank power law (Telivarai Kulam), Imbulana ceiling-capped",validated_2021_2025,
18,Manakkulama Wewa,11/14/2025,2025,11,0.450332983,15.4549313,2.91384655,S1_SAR,,0,0.002706455,"Sri Lanka small-tank power law (Telivarai Kulam), Imbulana ceiling-capped",validated_2021_2025,
18,Manakkulama Wewa,11/26/2025,2025,11,0.590436595,15.4549313,3.820376704,S1_SAR,,0,0.003793058,"Sri Lanka small-tank power law (Telivarai Kulam), Imbulana ceiling-capped",validated_2021_2025,
18,Manakkulama Wewa,12/2/2025,2025,12,3.861640107,15.4549313,24.98645922,S1_SAR,,0,0.039381598,"Sri Lanka small-tank power law (Telivarai Kulam), Imbulana ceiling-capped",validated_2021_2025,
18,Manakkulama Wewa,12/8/2025,2025,12,0.960710375,15.4549313,6.216206053,S1_SAR,,0,0.006957216,"Sri Lanka small-tank power law (Telivarai Kulam), Imbulana ceiling-capped",validated_2021_2025,
18,Manakkulama Wewa,12/20/2025,2025,12,0.79058455,15.4549313,5.115419376,S1_SAR,,0,0.005457099,"Sri Lanka small-tank power law (Telivarai Kulam), Imbulana ceiling-capped",validated_2021_2025,
13,Marikkaragama Wewa,1/3/2021,2021,1,1.971421641,18.83606869,10.46620541,S1_SAR,,0,0.017039098,"Sri Lanka small-tank power law (Telivarai Kulam), Imbulana ceiling-capped",validated_2021_2025,
13,Marikkaragama Wewa,1/15/2021,2021,1,1.891363897,18.83606869,10.04118178,S1_SAR,,0,0.016181232,"Sri Lanka small-tank power law (Telivarai Kulam), Imbulana ceiling-capped",validated_2021_2025,
13,Marikkaragama Wewa,1/27/2021,2021,1,1.841327837,18.83606869,9.775542165,S1_SAR,,0,0.015649563,"Sri Lanka small-tank power law (Telivarai Kulam), Imbulana ceiling-capped",validated_2021_2025,
13,Marikkaragama Wewa,2/8/2021,2021,2,1.911378394,18.83606869,10.14743801,S1_SAR,,0,0.016394877,"Sri Lanka small-tank power law (Telivarai Kulam), Imbulana ceiling-capped",validated_2021_2025,
13,Marikkaragama Wewa,2/20/2021,2021,2,2.111522678,18.83606869,11.20999669,S1_SAR,,0,0.018560946,"Sri Lanka small-tank power law (Telivarai Kulam), Imbulana ceiling-capped",validated_2021_2025,
13,Marikkaragama Wewa,3/4/2021,2021,3,1.911378358,18.83606869,10.14743782,S1_SAR,,0,0.016394876,"Sri Lanka small-tank power law (Telivarai Kulam), Imbulana ceiling-capped",validated_2021_2025,
13,Marikkaragama Wewa,3/16/2021,2021,3,1.861342282,18.83606869,9.88179812,S1_SAR,,0,0.01586181,"Sri Lanka small-tank power law (Telivarai Kulam), Imbulana ceiling-capped",validated_2021_2025,
13,Marikkaragama Wewa,3/28/2021,2021,3,1.851335102,18.83606869,9.828670367,S1_SAR,,0,0.015755616,"Sri Lanka small-tank power law (Telivarai Kulam), Imbulana ceiling-capped",validated_2021_2025,
13,Marikkaragama Wewa,4/9/2021,2021,4,2.041472187,18.83606869,10.8381012,S1_SAR,,0,0.017796809,"Sri Lanka small-tank power law (Telivarai Kulam), Imbulana ceiling-capped",validated_2021_2025,
13,Marikkaragama Wewa,4/21/2021,2021,4,1.99143613,18.83606869,10.5724616,S1_SAR,,0,0.017254922,"Sri Lanka small-tank power law (Telivarai Kulam), Imbulana ceiling-capped",validated_2021_2025,
13,Marikkaragama Wewa,5/3/2021,2021,5,1.531104147,18.83606869,8.128575933,S1_SAR,,0,0.012435351,"Sri Lanka small-tank power law (Telivarai Kulam), Imbulana ceiling-capped",validated_2021_2025,
13,Marikkaragama Wewa,5/15/2021,2021,5,2.111522684,18.83606869,11.20999673,S1_SAR,,0,0.018560946,"Sri Lanka small-tank power law (Telivarai Kulam), Imbulana ceiling-capped",validated_2021_2025,
13,Marikkaragama Wewa,5/27/2021,2021,5,1.931392789,18.83606869,10.2536937,S1_SAR,,0,0.016609071,"Sri Lanka small-tank power law (Telivarai Kulam), Imbulana ceiling-capped",validated_2021_2025,
13,Marikkaragama Wewa,6/8/2021,2021,6,1.631176352,18.83606869,8.659855612,S1_SAR,,0,0.013456143,"Sri Lanka small-tank power law (Telivarai Kulam), Imbulana ceiling-capped",validated_2021_2025,
13,Marikkaragama Wewa,6/14/2021,2021,6,1.951407268,18.83606869,10.35994984,S1_SAR,,0,0.016823814,"Sri Lanka small-tank power law (Telivarai Kulam), Imbulana ceiling-capped",validated_2021_2025,
13,Marikkaragama Wewa,6/20/2021,2021,6,2.377989381,18.83606869,12.62465868,S1_SAR,,0,0.021523637,"Sri Lanka small-tank power law (Telivarai Kulam), Imbulana ceiling-capped",validated_2021_2025,
13,Marikkaragama Wewa,7/2/2021,2021,7,2.068825261,18.83606869,10.98331767,S1_SAR,,0,0.018094431,"Sri Lanka small-tank power law (Telivarai Kulam), Imbulana ceiling-capped",validated_2021_2025,
13,Marikkaragama Wewa,7/14/2021,2021,7,1.811306241,18.83606869,9.616158607,S1_SAR,,0,0.015332259,"Sri Lanka small-tank power law (Telivarai Kulam), Imbulana ceiling-capped",validated_2021_2025,
13,Marikkaragama Wewa,7/26/2021,2021,7,1.391003189,18.83606869,7.384785072,S1_SAR,,0,0.011033811,"Sri Lanka small-tank power law (Telivarai Kulam), Imbulana ceiling-capped",validated_2021_2025,
13,Marikkaragama Wewa,8/7/2021,2021,8,1.020736157,18.83606869,5.419050938,S1_SAR,,0,0.007502978,"Sri Lanka small-tank power law (Telivarai Kulam), Imbulana ceiling-capped",validated_2021_2025,
13,Marikkaragama Wewa,8/19/2021,2021,8,0.880635103,18.83606869,4.675259563,S1_SAR,,0,0.006242204,"Sri Lanka small-tank power law (Telivarai Kulam), Imbulana ceiling-capped",validated_2021_2025,
13,Marikkaragama Wewa,8/31/2021,2021,8,0.910656786,18.83606869,4.834643583,S1_SAR,,0,0.006508476,"Sri Lanka small-tank power law (Telivarai Kulam), Imbulana ceiling-capped",validated_2021_2025,
13,Marikkaragama Wewa,9/12/2021,2021,9,0.880635107,18.83606869,4.675259587,S1_SAR,,0,0.006242204,"Sri Lanka small-tank power law (Telivarai Kulam), Imbulana ceiling-capped",validated_2021_2025,
13,Marikkaragama Wewa,9/24/2021,2021,9,1.370988651,18.83606869,7.278528619,S1_SAR,,0,0.010836333,"Sri Lanka small-tank power law (Telivarai Kulam), Imbulana ceiling-capped",validated_2021_2025,
13,Marikkaragama Wewa,10/6/2021,2021,10,0.440317545,18.83606869,2.337629749,S1_SAR,,0,0.002631658,"Sri Lanka small-tank power law (Telivarai Kulam), Imbulana ceiling-capped",validated_2021_2025,
13,Marikkaragama Wewa,10/18/2021,2021,10,0.610440263,18.83606869,3.240805035,S1_SAR,,0,0.00395385,"Sri Lanka small-tank power law (Telivarai Kulam), Imbulana ceiling-capped",validated_2021_2025,
13,Marikkaragama Wewa,10/30/2021,2021,10,1.350974269,18.83606869,7.172273,S1_SAR,,0,0.010639565,"Sri Lanka small-tank power law (Telivarai Kulam), Imbulana ceiling-capped",validated_2021_2025,
13,Marikkaragama Wewa,11/17/2021,2021,11,2.661919546,18.83606869,14.13203354,S1_SAR,,0,0.024771658,"Sri Lanka small-tank power law (Telivarai Kulam), Imbulana ceiling-capped",validated_2021_2025,
13,Marikkaragama Wewa,11/23/2021,2021,11,2.441760797,18.83606869,12.96321879,S1_SAR,,0,0.022245243,"Sri Lanka small-tank power law (Telivarai Kulam), Imbulana ceiling-capped",validated_2021_2025,
13,Marikkaragama Wewa,12/5/2021,2021,12,2.021457755,18.83606869,10.73184531,S1_SAR,,0,0.017579657,"Sri Lanka small-tank power law (Telivarai Kulam), Imbulana ceiling-capped",validated_2021_2025,
13,Marikkaragama Wewa,12/17/2021,2021,12,1.280923758,18.83606869,6.800377397,S1_SAR,,0,0.009956569,"Sri Lanka small-tank power law (Telivarai Kulam), Imbulana ceiling-capped",validated_2021_2025,
13,Marikkaragama Wewa,12/29/2021,2021,12,1.911378367,18.83606869,10.14743786,S1_SAR,,0,0.016394876,"Sri Lanka small-tank power law (Telivarai Kulam), Imbulana ceiling-capped",validated_2021_2025,
13,Marikkaragama Wewa,1/10/2022,2022,1,1.811306184,18.83606869,9.616158307,S1_SAR,,0,0.015332258,"Sri Lanka small-tank power law (Telivarai Kulam), Imbulana ceiling-capped",validated_2021_2025,
13,Marikkaragama Wewa,1/22/2022,2022,1,2.121529916,18.83606869,11.26312476,S1_SAR,,0,0.018670624,"Sri Lanka small-tank power law (Telivarai Kulam), Imbulana ceiling-capped",validated_2021_2025,
13,Marikkaragama Wewa,2/3/2022,2022,2,1.921385577,18.83606869,10.20056578,S1_SAR,,0,0.016501905,"Sri Lanka small-tank power law (Telivarai Kulam), Imbulana ceiling-capped",validated_2021_2025,
13,Marikkaragama Wewa,2/15/2022,2022,2,2.121529852,18.83606869,11.26312442,S1_SAR,,0,0.018670623,"Sri Lanka small-tank power law (Telivarai Kulam), Imbulana ceiling-capped",validated_2021_2025,
13,Marikkaragama Wewa,2/27/2022,2022,2,1.841327823,18.83606869,9.775542088,S1_SAR,,0,0.015649563,"Sri Lanka small-tank power law (Telivarai Kulam), Imbulana ceiling-capped",validated_2021_2025,
13,Marikkaragama Wewa,3/11/2022,2022,3,1.631176325,18.83606869,8.659855471,S1_SAR,,0,0.013456143,"Sri Lanka small-tank power law (Telivarai Kulam), Imbulana ceiling-capped",validated_2021_2025,
13,Marikkaragama Wewa,3/23/2022,2022,3,1.861342307,18.83606869,9.881798254,S1_SAR,,0,0.01586181,"Sri Lanka small-tank power law (Telivarai Kulam), Imbulana ceiling-capped",validated_2021_2025,
13,Marikkaragama Wewa,4/4/2022,2022,4,1.521096967,18.83606869,8.075448184,S1_SAR,,0,0.012334156,"Sri Lanka small-tank power law (Telivarai Kulam), Imbulana ceiling-capped",validated_2021_2025,
13,Marikkaragama Wewa,4/16/2022,2022,4,2.131537106,18.83606869,11.31625256,S1_SAR,,0,0.018780429,"Sri Lanka small-tank power law (Telivarai Kulam), Imbulana ceiling-capped",validated_2021_2025,
13,Marikkaragama Wewa,4/28/2022,2022,4,1.891363963,18.83606869,10.04118213,S1_SAR,,0,0.016181233,"Sri Lanka small-tank power law (Telivarai Kulam), Imbulana ceiling-capped",validated_2021_2025,
13,Marikkaragama Wewa,5/10/2022,2022,5,1.060765047,18.83606869,5.631562849,S1_SAR,,0,0.007871371,"Sri Lanka small-tank power law (Telivarai Kulam), Imbulana ceiling-capped",validated_2021_2025,
13,Marikkaragama Wewa,5/22/2022,2022,5,1.431032025,18.83606869,7.597296699,S1_SAR,,0,0.011430857,"Sri Lanka small-tank power law (Telivarai Kulam), Imbulana ceiling-capped",validated_2021_2025,
13,Marikkaragama Wewa,6/3/2022,2022,6,1.711234075,18.83606869,9.084879138,S1_SAR,,0,0.014283996,"Sri Lanka small-tank power law (Telivarai Kulam), Imbulana ceiling-capped",validated_2021_2025,
13,Marikkaragama Wewa,6/15/2022,2022,6,1.98142895,18.83606869,10.51933385,S1_SAR,,0,0.017146944,"Sri Lanka small-tank power law (Telivarai Kulam), Imbulana ceiling-capped",validated_2021_2025,
13,Marikkaragama Wewa,6/27/2022,2022,6,1.971421713,18.83606869,10.4662058,S1_SAR,,0,0.017039099,"Sri Lanka small-tank power law (Telivarai Kulam), Imbulana ceiling-capped",validated_2021_2025,
13,Marikkaragama Wewa,7/9/2022,2022,7,2.251623756,18.83606869,11.95378819,S1_SAR,,0,0.020107863,"Sri Lanka small-tank power law (Telivarai Kulam), Imbulana ceiling-capped",validated_2021_2025,
13,Marikkaragama Wewa,7/21/2022,2022,7,2.001443356,18.83606869,10.6255896,S1_SAR,,0,0.017363034,"Sri Lanka small-tank power law (Telivarai Kulam), Imbulana ceiling-capped",validated_2021_2025,
13,Marikkaragama Wewa,8/2/2022,2022,8,1.220880502,18.83606869,6.481609948,S1_SAR,,0,0.009378399,"Sri Lanka small-tank power law (Telivarai Kulam), Imbulana ceiling-capped",validated_2021_2025,
13,Marikkaragama Wewa,8/14/2022,2022,8,2.411739264,18.83606869,12.80383557,S1_SAR,,0,0.021904949,"Sri Lanka small-tank power law (Telivarai Kulam), Imbulana ceiling-capped",validated_2021_2025,
13,Marikkaragama Wewa,8/26/2022,2022,8,2.601876336,18.83606869,13.81326634,S1_SAR,,0,0.024077342,"Sri Lanka small-tank power law (Telivarai Kulam), Imbulana ceiling-capped",validated_2021_2025,
13,Marikkaragama Wewa,9/7/2022,2022,9,2.171566024,18.83606869,11.52876462,S1_SAR,,0,0.019220914,"Sri Lanka small-tank power law (Telivarai Kulam), Imbulana ceiling-capped",validated_2021_2025,
13,Marikkaragama Wewa,9/19/2022,2022,9,2.581861909,18.83606869,13.70701048,S1_SAR,,0,0.023846773,"Sri Lanka small-tank power law (Telivarai Kulam), Imbulana ceiling-capped",validated_2021_2025,
13,Marikkaragama Wewa,10/1/2022,2022,10,2.251623742,18.83606869,11.95378812,S1_SAR,,0,0.020107863,"Sri Lanka small-tank power law (Telivarai Kulam), Imbulana ceiling-capped",validated_2021_2025,
13,Marikkaragama Wewa,10/13/2022,2022,10,2.851546562,18.83606869,15.13875644,S1_SAR,,0,0.026989507,"Sri Lanka small-tank power law (Telivarai Kulam), Imbulana ceiling-capped",validated_2021_2025,
13,Marikkaragama Wewa,10/25/2022,2022,10,2.962136088,18.83606869,15.72587219,S1_SAR,,0,0.028299966,"Sri Lanka small-tank power law (Telivarai Kulam), Imbulana ceiling-capped",validated_2021_2025,
13,Marikkaragama Wewa,11/6/2022,2022,11,2.471782423,18.83606869,13.12260251,S1_SAR,,0,0.022586569,"Sri Lanka small-tank power law (Telivarai Kulam), Imbulana ceiling-capped",validated_2021_2025,
13,Marikkaragama Wewa,11/18/2022,2022,11,2.741977333,18.83606869,14.55705741,S1_SAR,,0,0.025703416,"Sri Lanka small-tank power law (Telivarai Kulam), Imbulana ceiling-capped",validated_2021_2025,
13,Marikkaragama Wewa,11/30/2022,2022,11,2.85205667,18.83606869,15.14146458,S1_SAR,,0,0.026995523,"Sri Lanka small-tank power law (Telivarai Kulam), Imbulana ceiling-capped",validated_2021_2025,
13,Marikkaragama Wewa,12/12/2022,2022,12,2.631897873,18.83606869,13.97264958,S1_SAR,,0,0.024424012,"Sri Lanka small-tank power law (Telivarai Kulam), Imbulana ceiling-capped",validated_2021_2025,
13,Marikkaragama Wewa,12/24/2022,2022,12,2.421746354,18.83606869,12.85696285,S1_SAR,,0,0.022018264,"Sri Lanka small-tank power law (Telivarai Kulam), Imbulana ceiling-capped",validated_2021_2025,
13,Marikkaragama Wewa,1/5/2023,2023,1,2.531825754,18.83606869,13.44137036,S1_SAR,,0,0.023272279,"Sri Lanka small-tank power law (Telivarai Kulam), Imbulana ceiling-capped",validated_2021_2025,
13,Marikkaragama Wewa,1/17/2023,2023,1,2.121529887,18.83606869,11.2631246,S1_SAR,,0,0.018670624,"Sri Lanka small-tank power law (Telivarai Kulam), Imbulana ceiling-capped",validated_2021_2025,
13,Marikkaragama Wewa,1/29/2023,2023,1,1.240894818,18.83606869,6.587865219,S1_SAR,,0,0.009570361,"Sri Lanka small-tank power law (Telivarai Kulam), Imbulana ceiling-capped",validated_2021_2025,
13,Marikkaragama Wewa,2/10/2023,2023,2,2.021457796,18.83606869,10.73184553,S1_SAR,,0,0.017579658,"Sri Lanka small-tank power law (Telivarai Kulam), Imbulana ceiling-capped",validated_2021_2025,
13,Marikkaragama Wewa,2/22/2023,2023,2,2.221602113,18.83606869,11.79440439,S1_SAR,,0,0.019774332,"Sri Lanka small-tank power law (Telivarai Kulam), Imbulana ceiling-capped",validated_2021_2025,
13,Marikkaragama Wewa,3/6/2023,2023,3,1.250902113,18.83606869,6.640993584,S1_SAR,,0,0.00966663,"Sri Lanka small-tank power law (Telivarai Kulam), Imbulana ceiling-capped",validated_2021_2025,
13,Marikkaragama Wewa,3/18/2023,2023,3,1.851335115,18.83606869,9.828670436,S1_SAR,,0,0.015755616,"Sri Lanka small-tank power law (Telivarai Kulam), Imbulana ceiling-capped",validated_2021_2025,
13,Marikkaragama Wewa,3/30/2023,2023,3,0.19013711,18.83606869,1.009430966,S1_SAR,,0,0.000924238,"Sri Lanka small-tank power law (Telivarai Kulam), Imbulana ceiling-capped",validated_2021_2025,
13,Marikkaragama Wewa,4/11/2023,2023,4,0.760548497,18.83606869,4.037724163,S1_SAR,,0,0.005199971,"Sri Lanka small-tank power law (Telivarai Kulam), Imbulana ceiling-capped",validated_2021_2025,
13,Marikkaragama Wewa,4/23/2023,2023,4,1.020736079,18.83606869,5.419050525,S1_SAR,,0,0.007502978,"Sri Lanka small-tank power law (Telivarai Kulam), Imbulana ceiling-capped",validated_2021_2025,
13,Marikkaragama Wewa,5/5/2023,2023,5,1.17084427,18.83606869,6.215969418,S1_SAR,,0,0.008901893,"Sri Lanka small-tank power law (Telivarai Kulam), Imbulana ceiling-capped",validated_2021_2025,
13,Marikkaragama Wewa,5/17/2023,2023,5,2.101515393,18.83606869,11.15686838,S1_SAR,,0,0.018451396,"Sri Lanka small-tank power law (Telivarai Kulam), Imbulana ceiling-capped",validated_2021_2025,
13,Marikkaragama Wewa,5/29/2023,2023,5,2.171565916,18.83606869,11.52876405,S1_SAR,,0,0.019220912,"Sri Lanka small-tank power law (Telivarai Kulam), Imbulana ceiling-capped",validated_2021_2025,
13,Marikkaragama Wewa,6/10/2023,2023,6,2.201587612,18.83606869,11.68814814,S1_SAR,,0,0.019552592,"Sri Lanka small-tank power law (Telivarai Kulam), Imbulana ceiling-capped",validated_2021_2025,
13,Marikkaragama Wewa,6/22/2023,2023,6,2.231609229,18.83606869,11.8475318,S1_SAR,,0,0.019885386,"Sri Lanka small-tank power law (Telivarai Kulam), Imbulana ceiling-capped",validated_2021_2025,
13,Marikkaragama Wewa,7/4/2023,2023,7,2.061486607,18.83606869,10.94435703,S1_SAR,,0,0.018014485,"Sri Lanka small-tank power law (Telivarai Kulam), Imbulana ceiling-capped",validated_2021_2025,
13,Marikkaragama Wewa,7/16/2023,2023,7,1.971421678,18.83606869,10.46620561,S1_SAR,,0,0.017039098,"Sri Lanka small-tank power law (Telivarai Kulam), Imbulana ceiling-capped",validated_2021_2025,
13,Marikkaragama Wewa,7/28/2023,2023,7,1.480479493,18.83606869,7.859811496,S1_SAR,,0,0.011925108,"Sri Lanka small-tank power law (Telivarai Kulam), Imbulana ceiling-capped",validated_2021_2025,
13,Marikkaragama Wewa,8/9/2023,2023,8,1.3910032,18.83606869,7.384785129,S1_SAR,,0,0.011033811,"Sri Lanka small-tank power law (Telivarai Kulam), Imbulana ceiling-capped",validated_2021_2025,
13,Marikkaragama Wewa,9/2/2023,2023,9,1.403129598,18.83606869,7.449163734,S1_SAR,,0,0.0111538,"Sri Lanka small-tank power law (Telivarai Kulam), Imbulana ceiling-capped",validated_2021_2025,
13,Marikkaragama Wewa,9/14/2023,2023,9,1.290499382,18.83606869,6.851214036,S1_SAR,,0,0.010049401,"Sri Lanka small-tank power law (Telivarai Kulam), Imbulana ceiling-capped",validated_2021_2025,
13,Marikkaragama Wewa,9/26/2023,2023,9,1.340888664,18.83606869,7.118728893,S1_SAR,,0,0.010540681,"Sri Lanka small-tank power law (Telivarai Kulam), Imbulana ceiling-capped",validated_2021_2025,
13,Marikkaragama Wewa,10/8/2023,2023,10,1.19085881,18.83606869,6.32222588,S1_SAR,,0,0.009091906,"Sri Lanka small-tank power law (Telivarai Kulam), Imbulana ceiling-capped",validated_2021_2025,
13,Marikkaragama Wewa,10/20/2023,2023,10,1.461053677,18.83606869,7.756680549,S1_SAR,,0,0.011730446,"Sri Lanka small-tank power law (Telivarai Kulam), Imbulana ceiling-capped",validated_2021_2025,
13,Marikkaragama Wewa,11/1/2023,2023,11,2.151551547,18.83606869,11.4225085,S1_SAR,,0,0.019000419,"Sri Lanka small-tank power law (Telivarai Kulam), Imbulana ceiling-capped",validated_2021_2025,
13,Marikkaragama Wewa,11/13/2023,2023,11,4.613326423,18.83606869,24.4919813,S1_SAR,,0,0.049152294,"Sri Lanka small-tank power law (Telivarai Kulam), Imbulana ceiling-capped",validated_2021_2025,
13,Marikkaragama Wewa,11/25/2023,2023,11,4.973586226,18.83606869,26.40458743,S1_SAR,,0,0.053980292,"Sri Lanka small-tank power law (Telivarai Kulam), Imbulana ceiling-capped",validated_2021_2025,
13,Marikkaragama Wewa,12/7/2023,2023,12,4.633340961,18.83606869,24.59823776,S1_SAR,,0,0.049418155,"Sri Lanka small-tank power law (Telivarai Kulam), Imbulana ceiling-capped",validated_2021_2025,
13,Marikkaragama Wewa,12/19/2023,2023,12,4.112965837,18.83606869,21.83558525,S1_SAR,,0,0.042600551,"Sri Lanka small-tank power law (Telivarai Kulam), Imbulana ceiling-capped",validated_2021_2025,
13,Marikkaragama Wewa,12/31/2023,2023,12,3.662641054,18.83606869,19.44482744,S1_SAR,,0,0.036869015,"Sri Lanka small-tank power law (Telivarai Kulam), Imbulana ceiling-capped",validated_2021_2025,
13,Marikkaragama Wewa,1/12/2024,2024,1,4.413182284,18.83606869,23.42942339,S1_SAR,,0,0.046509464,"Sri Lanka small-tank power law (Telivarai Kulam), Imbulana ceiling-capped",validated_2021_2025,
13,Marikkaragama Wewa,1/24/2024,2024,1,4.753427614,18.83606869,25.2357734,S1_SAR,,0,0.051019216,"Sri Lanka small-tank power law (Telivarai Kulam), Imbulana ceiling-capped",validated_2021_2025,
13,Marikkaragama Wewa,2/5/2024,2024,2,4.253066848,18.83606869,22.57937639,S1_SAR,,0,0.044416274,"Sri Lanka small-tank power law (Telivarai Kulam), Imbulana ceiling-capped",validated_2021_2025,
13,Marikkaragama Wewa,2/17/2024,2024,2,4.102958601,18.83606869,21.7824572,S1_SAR,,0,0.042471432,"Sri Lanka small-tank power law (Telivarai Kulam), Imbulana ceiling-capped",validated_2021_2025,
13,Marikkaragama Wewa,2/29/2024,2024,2,4.17300908,18.83606869,22.15435263,S1_SAR,,0,0.043376884,"Sri Lanka small-tank power law (Telivarai Kulam), Imbulana ceiling-capped",validated_2021_2025,
13,Marikkaragama Wewa,3/12/2024,2024,3,4.38316064,18.83606869,23.27003958,S1_SAR,,0,0.046115546,"Sri Lanka small-tank power law (Telivarai Kulam), Imbulana ceiling-capped",validated_2021_2025,
13,Marikkaragama Wewa,3/24/2024,2024,3,4.052922514,18.83606869,21.51681744,S1_SAR,,0,0.041827001,"Sri Lanka small-tank power law (Telivarai Kulam), Imbulana ceiling-capped",validated_2021_2025,
13,Marikkaragama Wewa,4/5/2024,2024,4,4.072936993,18.83606869,21.62307358,S1_SAR,,0,0.042084541,"Sri Lanka small-tank power law (Telivarai Kulam), Imbulana ceiling-capped",validated_2021_2025,
13,Marikkaragama Wewa,4/17/2024,2024,4,4.442576081,18.83606869,23.58547398,S1_SAR,,0,0.046895785,"Sri Lanka small-tank power law (Telivarai Kulam), Imbulana ceiling-capped",validated_2021_2025,
13,Marikkaragama Wewa,4/29/2024,2024,4,3.922828732,18.83606869,20.82615431,S1_SAR,,0,0.040160678,"Sri Lanka small-tank power law (Telivarai Kulam), Imbulana ceiling-capped",validated_2021_2025,
13,Marikkaragama Wewa,5/11/2024,2024,5,3.842770977,18.83606869,20.40113062,S1_SAR,,0,0.039141958,"Sri Lanka small-tank power law (Telivarai Kulam), Imbulana ceiling-capped",validated_2021_2025,
13,Marikkaragama Wewa,5/23/2024,2024,5,2.771998956,18.83606869,14.7164411,S1_SAR,,0,0.026054565,"Sri Lanka small-tank power law (Telivarai Kulam), Imbulana ceiling-capped",validated_2021_2025,
13,Marikkaragama Wewa,6/4/2024,2024,6,3.662641142,18.83606869,19.4448279,S1_SAR,,0,0.036869016,"Sri Lanka small-tank power law (Telivarai Kulam), Imbulana ceiling-capped",validated_2021_2025,
13,Marikkaragama Wewa,6/16/2024,2024,6,3.822756515,18.83606869,20.29487457,S1_SAR,,0,0.038888089,"Sri Lanka small-tank power law (Telivarai Kulam), Imbulana ceiling-capped",validated_2021_2025,
13,Marikkaragama Wewa,7/10/2024,2024,7,3.733986724,18.83606869,19.82359899,S1_SAR,,0,0.037766064,"Sri Lanka small-tank power law (Telivarai Kulam), Imbulana ceiling-capped",validated_2021_2025,
13,Marikkaragama Wewa,7/22/2024,2024,7,4.283088548,18.83606869,22.7387605,S1_SAR,,0,0.044807294,"Sri Lanka small-tank power law (Telivarai Kulam), Imbulana ceiling-capped",validated_2021_2025,
13,Marikkaragama Wewa,8/3/2024,2024,8,3.682655517,18.83606869,19.55108349,S1_SAR,,0,0.037120232,"Sri Lanka small-tank power law (Telivarai Kulam), Imbulana ceiling-capped",validated_2021_2025,
13,Marikkaragama Wewa,8/15/2024,2024,8,3.692662756,18.83606869,19.60421156,S1_SAR,,0,0.037245967,"Sri Lanka small-tank power law (Telivarai Kulam), Imbulana ceiling-capped",validated_2021_2025,
13,Marikkaragama Wewa,8/27/2024,2024,8,3.552561739,18.83606869,18.86042038,S1_SAR,,0,0.035493394,"Sri Lanka small-tank power law (Telivarai Kulam), Imbulana ceiling-capped",validated_2021_2025,
13,Marikkaragama Wewa,9/20/2024,2024,9,2.581861841,18.83606869,13.70701011,S1_SAR,,0,0.023846772,"Sri Lanka small-tank power law (Telivarai Kulam), Imbulana ceiling-capped",validated_2021_2025,
13,Marikkaragama Wewa,10/2/2024,2024,10,2.131537173,18.83606869,11.31625292,S1_SAR,,0,0.018780429,"Sri Lanka small-tank power law (Telivarai Kulam), Imbulana ceiling-capped",validated_2021_2025,
13,Marikkaragama Wewa,10/14/2024,2024,10,2.661919574,18.83606869,14.13203369,S1_SAR,,0,0.024771658,"Sri Lanka small-tank power law (Telivarai Kulam), Imbulana ceiling-capped",validated_2021_2025,
13,Marikkaragama Wewa,10/26/2024,2024,10,2.401731947,18.83606869,12.75070709,S1_SAR,,0,0.021791747,"Sri Lanka small-tank power law (Telivarai Kulam), Imbulana ceiling-capped",validated_2021_2025,
13,Marikkaragama Wewa,11/7/2024,2024,11,4.73341312,18.83606869,25.12951719,S1_SAR,,0,0.050751673,"Sri Lanka small-tank power law (Telivarai Kulam), Imbulana ceiling-capped",validated_2021_2025,
13,Marikkaragama Wewa,11/19/2024,2024,11,3.712677223,18.83606869,19.71046763,S1_SAR,,0,0.037497688,"Sri Lanka small-tank power law (Telivarai Kulam), Imbulana ceiling-capped",validated_2021_2025,
13,Marikkaragama Wewa,12/13/2024,2024,12,3.502525697,18.83606869,18.59478086,S1_SAR,,0,0.034871552,"Sri Lanka small-tank power law (Telivarai Kulam), Imbulana ceiling-capped",validated_2021_2025,
13,Marikkaragama Wewa,12/25/2024,2024,12,2.852056651,18.83606869,15.14146448,S1_SAR,,0,0.026995523,"Sri Lanka small-tank power law (Telivarai Kulam), Imbulana ceiling-capped",validated_2021_2025,
13,Marikkaragama Wewa,1/6/2025,2025,1,3.032186568,18.83606869,16.09776763,S1_SAR,,0,0.029136326,"Sri Lanka small-tank power law (Telivarai Kulam), Imbulana ceiling-capped",validated_2021_2025,
13,Marikkaragama Wewa,1/18/2025,2025,1,2.812027798,18.83606869,14.92895277,S1_SAR,,0,0.02652422,"Sri Lanka small-tank power law (Telivarai Kulam), Imbulana ceiling-capped",validated_2021_2025,
13,Marikkaragama Wewa,1/30/2025,2025,1,2.952128812,18.83606869,15.67274392,S1_SAR,,0,0.028180879,"Sri Lanka small-tank power law (Telivarai Kulam), Imbulana ceiling-capped",validated_2021_2025,
13,Marikkaragama Wewa,2/11/2025,2025,2,3.052201003,18.83606869,16.20402353,S1_SAR,,0,0.029376166,"Sri Lanka small-tank power law (Telivarai Kulam), Imbulana ceiling-capped",validated_2021_2025,
13,Marikkaragama Wewa,2/23/2025,2025,2,3.182294794,18.83606869,16.89468671,S1_SAR,,0,0.030944482,"Sri Lanka small-tank power law (Telivarai Kulam), Imbulana ceiling-capped",validated_2021_2025,
13,Marikkaragama Wewa,3/7/2025,2025,3,3.422467975,18.83606869,18.16975734,S1_SAR,,0,0.033881153,"Sri Lanka small-tank power law (Telivarai Kulam), Imbulana ceiling-capped",validated_2021_2025,
13,Marikkaragama Wewa,3/19/2025,2025,3,3.232330884,18.83606869,17.16032648,S1_SAR,,0,0.03155193,"Sri Lanka small-tank power law (Telivarai Kulam), Imbulana ceiling-capped",validated_2021_2025,
13,Marikkaragama Wewa,3/31/2025,2025,3,3.41246079,18.83606869,18.11662957,S1_SAR,,0,0.033757752,"Sri Lanka small-tank power law (Telivarai Kulam), Imbulana ceiling-capped",validated_2021_2025,
13,Marikkaragama Wewa,4/12/2025,2025,4,3.232330849,18.83606869,17.1603263,S1_SAR,,0,0.03155193,"Sri Lanka small-tank power law (Telivarai Kulam), Imbulana ceiling-capped",validated_2021_2025,
13,Marikkaragama Wewa,4/24/2025,2025,4,3.282366931,18.83606869,17.42596603,S1_SAR,,0,0.032161697,"Sri Lanka small-tank power law (Telivarai Kulam), Imbulana ceiling-capped",validated_2021_2025,
13,Marikkaragama Wewa,5/6/2025,2025,5,3.942843276,18.83606869,20.93241079,S1_SAR,,0,0.040416163,"Sri Lanka small-tank power law (Telivarai Kulam), Imbulana ceiling-capped",validated_2021_2025,
13,Marikkaragama Wewa,5/18/2025,2025,5,3.562569036,18.83606869,18.91354876,S1_SAR,,0,0.035618023,"Sri Lanka small-tank power law (Telivarai Kulam), Imbulana ceiling-capped",validated_2021_2025,
13,Marikkaragama Wewa,5/30/2025,2025,5,3.262352541,18.83606869,17.31971036,S1_SAR,,0,0.031917514,"Sri Lanka small-tank power law (Telivarai Kulam), Imbulana ceiling-capped",validated_2021_2025,
13,Marikkaragama Wewa,6/11/2025,2025,6,3.482511342,18.83606869,18.48852538,S1_SAR,,0,0.034623426,"Sri Lanka small-tank power law (Telivarai Kulam), Imbulana ceiling-capped",validated_2021_2025,
13,Marikkaragama Wewa,6/23/2025,2025,6,3.242338116,18.83606869,17.21345451,S1_SAR,,0,0.031673699,"Sri Lanka small-tank power law (Telivarai Kulam), Imbulana ceiling-capped",validated_2021_2025,
13,Marikkaragama Wewa,7/5/2025,2025,7,3.066171891,18.83606869,16.27819446,S1_SAR,,0,0.029543814,"Sri Lanka small-tank power law (Telivarai Kulam), Imbulana ceiling-capped",validated_2021_2025,
13,Marikkaragama Wewa,7/17/2025,2025,7,3.482511338,18.83606869,18.48852536,S1_SAR,,0,0.034623426,"Sri Lanka small-tank power law (Telivarai Kulam), Imbulana ceiling-capped",validated_2021_2025,
13,Marikkaragama Wewa,7/29/2025,2025,7,3.822756731,18.83606869,20.29487572,S1_SAR,,0,0.038888092,"Sri Lanka small-tank power law (Telivarai Kulam), Imbulana ceiling-capped",validated_2021_2025,
13,Marikkaragama Wewa,8/10/2025,2025,8,3.4624969,18.83606869,18.38226945,S1_SAR,,0,0.034375649,"Sri Lanka small-tank power law (Telivarai Kulam), Imbulana ceiling-capped",validated_2021_2025,
13,Marikkaragama Wewa,8/22/2025,2025,8,3.702670087,18.83606869,19.65734011,S1_SAR,,0,0.037371787,"Sri Lanka small-tank power law (Telivarai Kulam), Imbulana ceiling-capped",validated_2021_2025,
13,Marikkaragama Wewa,9/3/2025,2025,9,3.222323668,18.83606869,17.10719854,S1_SAR,,0,0.031430254,"Sri Lanka small-tank power law (Telivarai Kulam), Imbulana ceiling-capped",validated_2021_2025,
13,Marikkaragama Wewa,9/15/2025,2025,9,3.212316409,18.83606869,17.05407037,S1_SAR,,0,0.031308671,"Sri Lanka small-tank power law (Telivarai Kulam), Imbulana ceiling-capped",validated_2021_2025,
13,Marikkaragama Wewa,9/27/2025,2025,9,3.662641126,18.83606869,19.44482782,S1_SAR,,0,0.036869016,"Sri Lanka small-tank power law (Telivarai Kulam), Imbulana ceiling-capped",validated_2021_2025,
13,Marikkaragama Wewa,10/9/2025,2025,10,3.602597833,18.83606869,19.12606018,S1_SAR,,0,0.036117396,"Sri Lanka small-tank power law (Telivarai Kulam), Imbulana ceiling-capped",validated_2021_2025,
13,Marikkaragama Wewa,10/21/2025,2025,10,3.472503994,18.83606869,18.43539674,S1_SAR,,0,0.034499492,"Sri Lanka small-tank power law (Telivarai Kulam), Imbulana ceiling-capped",validated_2021_2025,
13,Marikkaragama Wewa,11/2/2025,2025,11,3.852778236,18.83606869,20.45425879,S1_SAR,,0,0.039269015,"Sri Lanka small-tank power law (Telivarai Kulam), Imbulana ceiling-capped",validated_2021_2025,
13,Marikkaragama Wewa,11/14/2025,2025,11,3.552561771,18.83606869,18.86042055,S1_SAR,,0,0.035493394,"Sri Lanka small-tank power law (Telivarai Kulam), Imbulana ceiling-capped",validated_2021_2025,
13,Marikkaragama Wewa,11/26/2025,2025,11,3.782727596,18.83606869,20.0823625,S1_SAR,,0,0.038381332,"Sri Lanka small-tank power law (Telivarai Kulam), Imbulana ceiling-capped",validated_2021_2025,
13,Marikkaragama Wewa,12/2/2025,2025,12,6.370435541,18.83606869,33.82040937,S1_SAR,,0,0.073483282,"Sri Lanka small-tank power law (Telivarai Kulam), Imbulana ceiling-capped",validated_2021_2025,
13,Marikkaragama Wewa,12/8/2025,2025,12,5.179263502,18.83606869,27.49652056,S1_SAR,,0,0.056775929,"Sri Lanka small-tank power law (Telivarai Kulam), Imbulana ceiling-capped",validated_2021_2025,
13,Marikkaragama Wewa,12/20/2025,2025,12,5.044617566,18.83606869,26.78169021,S1_SAR,,0,0.054942619,"Sri Lanka small-tank power law (Telivarai Kulam), Imbulana ceiling-capped",validated_2021_2025,
15,Mawatha Wewa,1/3/2021,2021,1,4.133005743,17.88431705,23.10966492,S1_SAR,,0,0.04285935,"Sri Lanka small-tank power law (Telivarai Kulam), Imbulana ceiling-capped",validated_2021_2025,
15,Mawatha Wewa,1/15/2021,2021,1,3.982896577,17.88431705,22.27033085,S1_SAR,,0,0.040928402,"Sri Lanka small-tank power law (Telivarai Kulam), Imbulana ceiling-capped",validated_2021_2025,
15,Mawatha Wewa,1/27/2021,2021,1,4.303129476,17.88431705,24.06091027,S1_SAR,,0,0.045068694,"Sri Lanka small-tank power law (Telivarai Kulam), Imbulana ceiling-capped",validated_2021_2025,
15,Mawatha Wewa,2/8/2021,2021,2,4.263100301,17.88431705,23.83708749,S1_SAR,,0,0.04454688,"Sri Lanka small-tank power law (Telivarai Kulam), Imbulana ceiling-capped",validated_2021_2025,
15,Mawatha Wewa,2/20/2021,2021,2,4.243085779,17.88431705,23.72517647,S1_SAR,,0,0.044286425,"Sri Lanka small-tank power law (Telivarai Kulam), Imbulana ceiling-capped",validated_2021_2025,
15,Mawatha Wewa,3/4/2021,2021,3,4.333151286,17.88431705,24.22877695,S1_SAR,,0,0.045460839,"Sri Lanka small-tank power law (Telivarai Kulam), Imbulana ceiling-capped",validated_2021_2025,
15,Mawatha Wewa,3/16/2021,2021,3,4.523289527,17.88431705,25.29193324,S1_SAR,,0,0.047959823,"Sri Lanka small-tank power law (Telivarai Kulam), Imbulana ceiling-capped",validated_2021_2025,
15,Mawatha Wewa,3/28/2021,2021,3,4.653384156,17.88431705,26.0193562,S1_SAR,,0,0.049684679,"Sri Lanka small-tank power law (Telivarai Kulam), Imbulana ceiling-capped",validated_2021_2025,
15,Mawatha Wewa,4/9/2021,2021,4,4.273107614,17.88431705,23.89304329,S1_SAR,,0,0.044677222,"Sri Lanka small-tank power law (Telivarai Kulam), Imbulana ceiling-capped",validated_2021_2025,
15,Mawatha Wewa,4/21/2021,2021,4,4.273107589,17.88431705,23.89304315,S1_SAR,,0,0.044677221,"Sri Lanka small-tank power law (Telivarai Kulam), Imbulana ceiling-capped",validated_2021_2025,
15,Mawatha Wewa,5/3/2021,2021,5,3.872816553,17.88431705,21.65481937,S1_SAR,,0,0.039523676,"Sri Lanka small-tank power law (Telivarai Kulam), Imbulana ceiling-capped",validated_2021_2025,
15,Mawatha Wewa,5/15/2021,2021,5,3.712700108,17.88431705,20.75952969,S1_SAR,,0,0.037497976,"Sri Lanka small-tank power law (Telivarai Kulam), Imbulana ceiling-capped",validated_2021_2025,
15,Mawatha Wewa,5/27/2021,2021,5,3.482532686,17.88431705,19.4725506,S1_SAR,,0,0.03462369,"Sri Lanka small-tank power law (Telivarai Kulam), Imbulana ceiling-capped",validated_2021_2025,
15,Mawatha Wewa,6/8/2021,2021,6,3.002183384,17.88431705,16.78668174,S1_SAR,,0,0.028777518,"Sri Lanka small-tank power law (Telivarai Kulam), Imbulana ceiling-capped",validated_2021_2025,
15,Mawatha Wewa,6/14/2021,2021,6,2.541848627,17.88431705,14.21272404,S1_SAR,,0,0.023387135,"Sri Lanka small-tank power law (Telivarai Kulam), Imbulana ceiling-capped",validated_2021_2025,
15,Mawatha Wewa,6/20/2021,2021,6,2.451783132,17.88431705,13.70912362,S1_SAR,,0,0.022359076,"Sri Lanka small-tank power law (Telivarai Kulam), Imbulana ceiling-capped",validated_2021_2025,
15,Mawatha Wewa,7/2/2021,2021,7,1.751273659,17.88431705,9.792231116,S1_SAR,,0,0.014701652,"Sri Lanka small-tank power law (Telivarai Kulam), Imbulana ceiling-capped",validated_2021_2025,
15,Mawatha Wewa,7/14/2021,2021,7,1.270924302,17.88431705,7.106361952,S1_SAR,,0,0.00985981,"Sri Lanka small-tank power law (Telivarai Kulam), Imbulana ceiling-capped",validated_2021_2025,
15,Mawatha Wewa,7/26/2021,2021,7,1.210880621,17.88431705,6.770628245,S1_SAR,,0,0.009282777,"Sri Lanka small-tank power law (Telivarai Kulam), Imbulana ceiling-capped",validated_2021_2025,
15,Mawatha Wewa,8/7/2021,2021,8,1.290938875,17.88431705,7.218273259,S1_SAR,,0,0.010053666,"Sri Lanka small-tank power law (Telivarai Kulam), Imbulana ceiling-capped",validated_2021_2025,
15,Mawatha Wewa,8/19/2021,2021,8,1.831332026,17.88431705,10.23987677,S1_SAR,,0,0.015543773,"Sri Lanka small-tank power law (Telivarai Kulam), Imbulana ceiling-capped",validated_2021_2025,
15,Mawatha Wewa,8/31/2021,2021,8,1.981441055,17.88431705,11.07921007,S1_SAR,,0,0.017147074,"Sri Lanka small-tank power law (Telivarai Kulam), Imbulana ceiling-capped",validated_2021_2025,
15,Mawatha Wewa,9/12/2021,2021,9,2.181586729,17.88431705,12.19832283,S1_SAR,,0,0.019331498,"Sri Lanka small-tank power law (Telivarai Kulam), Imbulana ceiling-capped",validated_2021_2025,
15,Mawatha Wewa,9/24/2021,2021,9,1.310953436,17.88431705,7.330184497,S1_SAR,,0,0.010248263,"Sri Lanka small-tank power law (Telivarai Kulam), Imbulana ceiling-capped",validated_2021_2025,
15,Mawatha Wewa,10/6/2021,2021,10,0.750545851,17.88431705,4.196670464,S1_SAR,,0,0.005114891,"Sri Lanka small-tank power law (Telivarai Kulam), Imbulana ceiling-capped",validated_2021_2025,
15,Mawatha Wewa,10/18/2021,2021,10,0.660480325,17.88431705,3.693069876,S1_SAR,,0,0.004361713,"Sri Lanka small-tank power law (Telivarai Kulam), Imbulana ceiling-capped",validated_2021_2025,
15,Mawatha Wewa,10/30/2021,2021,10,1.441048032,17.88431705,8.057607281,S1_SAR,,0,0.011530638,"Sri Lanka small-tank power law (Telivarai Kulam), Imbulana ceiling-capped",validated_2021_2025,
15,Mawatha Wewa,11/17/2021,2021,11,3.002183487,17.88431705,16.78668232,S1_SAR,,0,0.028777519,"Sri Lanka small-tank power law (Telivarai Kulam), Imbulana ceiling-capped",validated_2021_2025,
15,Mawatha Wewa,11/23/2021,2021,11,1.360989778,17.88431705,7.609962263,S1_SAR,,0,0.010737942,"Sri Lanka small-tank power law (Telivarai Kulam), Imbulana ceiling-capped",validated_2021_2025,
15,Mawatha Wewa,12/5/2021,2021,12,0.570414848,17.88431705,3.189469556,S1_SAR,,0,0.003633458,"Sri Lanka small-tank power law (Telivarai Kulam), Imbulana ceiling-capped",validated_2021_2025,
15,Mawatha Wewa,12/17/2021,2021,12,1.050764217,17.88431705,5.875338794,S1_SAR,,0,0.007779006,"Sri Lanka small-tank power law (Telivarai Kulam), Imbulana ceiling-capped",validated_2021_2025,
15,Mawatha Wewa,12/29/2021,2021,12,1.791302736,17.88431705,10.01605335,S1_SAR,,0,0.015121553,"Sri Lanka small-tank power law (Telivarai Kulam), Imbulana ceiling-capped",validated_2021_2025,
15,Mawatha Wewa,1/10/2022,2022,1,3.452510857,17.88431705,19.30468381,S1_SAR,,0,0.034252155,"Sri Lanka small-tank power law (Telivarai Kulam), Imbulana ceiling-capped",validated_2021_2025,
15,Mawatha Wewa,1/22/2022,2022,1,2.992176099,17.88431705,16.73072609,S1_SAR,,0,0.028658036,"Sri Lanka small-tank power law (Telivarai Kulam), Imbulana ceiling-capped",validated_2021_2025,
15,Mawatha Wewa,2/3/2022,2022,2,3.482532648,17.88431705,19.47255039,S1_SAR,,0,0.03462369,"Sri Lanka small-tank power law (Telivarai Kulam), Imbulana ceiling-capped",validated_2021_2025,
15,Mawatha Wewa,2/15/2022,2022,2,3.512554514,17.88431705,19.64041739,S1_SAR,,0,0.034996015,"Sri Lanka small-tank power law (Telivarai Kulam), Imbulana ceiling-capped",validated_2021_2025,
15,Mawatha Wewa,2/27/2022,2022,2,3.402474443,17.88431705,19.02490564,S1_SAR,,0,0.033634696,"Sri Lanka small-tank power law (Telivarai Kulam), Imbulana ceiling-capped",validated_2021_2025,
15,Mawatha Wewa,3/11/2022,2022,3,3.742721865,17.88431705,20.92739608,S1_SAR,,0,0.037876186,"Sri Lanka small-tank power law (Telivarai Kulam), Imbulana ceiling-capped",validated_2021_2025,
15,Mawatha Wewa,3/23/2022,2022,3,3.812772807,17.88431705,21.3190853,S1_SAR,,0,0.038761575,"Sri Lanka small-tank power law (Telivarai Kulam), Imbulana ceiling-capped",validated_2021_2025,
15,Mawatha Wewa,4/4/2022,2022,4,3.602620016,17.88431705,20.14401784,S1_SAR,,0,0.036117673,"Sri Lanka small-tank power law (Telivarai Kulam), Imbulana ceiling-capped",validated_2021_2025,
15,Mawatha Wewa,4/16/2022,2022,4,3.322416237,17.88431705,18.57726089,S1_SAR,,0,0.032651412,"Sri Lanka small-tank power law (Telivarai Kulam), Imbulana ceiling-capped",validated_2021_2025,
15,Mawatha Wewa,4/28/2022,2022,4,3.352438081,17.88431705,18.74512777,S1_SAR,,0,0.033019468,"Sri Lanka small-tank power law (Telivarai Kulam), Imbulana ceiling-capped",validated_2021_2025,
15,Mawatha Wewa,5/10/2022,2022,5,2.331695739,17.88431705,13.03765603,S1_SAR,,0,0.021002769,"Sri Lanka small-tank power law (Telivarai Kulam), Imbulana ceiling-capped",validated_2021_2025,
15,Mawatha Wewa,5/22/2022,2022,5,1.84133914,17.88431705,10.29583145,S1_SAR,,0,0.015649683,"Sri Lanka small-tank power law (Telivarai Kulam), Imbulana ceiling-capped",validated_2021_2025,
15,Mawatha Wewa,6/3/2022,2022,6,1.110807854,17.88431705,6.211072253,S1_SAR,,0,0.008336748,"Sri Lanka small-tank power law (Telivarai Kulam), Imbulana ceiling-capped",validated_2021_2025,
15,Mawatha Wewa,6/15/2022,2022,6,0.440320235,17.88431705,2.462046688,S1_SAR,,0,0.002631678,"Sri Lanka small-tank power law (Telivarai Kulam), Imbulana ceiling-capped",validated_2021_2025,
15,Mawatha Wewa,6/27/2022,2022,6,0.050036427,17.88431705,0.279778239,S1_SAR,,0,0.000175117,"Sri Lanka small-tank power law (Telivarai Kulam), Imbulana ceiling-capped",validated_2021_2025,
15,Mawatha Wewa,7/9/2022,2022,7,0.16011657,17.88431705,0.895290381,S1_SAR,,0,0.000746084,"Sri Lanka small-tank power law (Telivarai Kulam), Imbulana ceiling-capped",validated_2021_2025,
15,Mawatha Wewa,7/21/2022,2022,7,0.0,17.88431705,0.0,S1_SAR,,0,0.0,"Sri Lanka small-tank power law (Telivarai Kulam), Imbulana ceiling-capped",validated_2021_2025,
15,Mawatha Wewa,8/2/2022,2022,8,0.0,17.88431705,0.0,S1_SAR,,0,0.0,"Sri Lanka small-tank power law (Telivarai Kulam), Imbulana ceiling-capped",validated_2021_2025,
15,Mawatha Wewa,8/14/2022,2022,8,0.0,17.88431705,0.0,S1_SAR,,0,0.0,"Sri Lanka small-tank power law (Telivarai Kulam), Imbulana ceiling-capped",validated_2021_2025,
15,Mawatha Wewa,8/26/2022,2022,8,0.110080145,17.88431705,0.615512151,S1_SAR,,0,0.000467753,"Sri Lanka small-tank power law (Telivarai Kulam), Imbulana ceiling-capped",validated_2021_2025,
15,Mawatha Wewa,9/7/2022,2022,9,0.780567706,17.88431705,4.364537396,S1_SAR,,0,0.005371076,"Sri Lanka small-tank power law (Telivarai Kulam), Imbulana ceiling-capped",validated_2021_2025,
15,Mawatha Wewa,9/19/2022,2022,9,0.62045126,17.88431705,3.46924771,S1_SAR,,0,0.004034811,"Sri Lanka small-tank power law (Telivarai Kulam), Imbulana ceiling-capped",validated_2021_2025,
15,Mawatha Wewa,10/1/2022,2022,10,2.041484763,17.88431705,11.41494393,S1_SAR,,0,0.017796946,"Sri Lanka small-tank power law (Telivarai Kulam), Imbulana ceiling-capped",validated_2021_2025,
15,Mawatha Wewa,10/13/2022,2022,10,2.952147211,17.88431705,16.50690492,S1_SAR,,0,0.028181098,"Sri Lanka small-tank power law (Telivarai Kulam), Imbulana ceiling-capped",validated_2021_2025,
15,Mawatha Wewa,10/25/2022,2022,10,3.2023288,17.88431705,17.90579306,S1_SAR,,0,0.031187419,"Sri Lanka small-tank power law (Telivarai Kulam), Imbulana ceiling-capped",validated_2021_2025,
15,Mawatha Wewa,11/6/2022,2022,11,3.272379758,17.88431705,18.29748237,S1_SAR,,0,0.032039804,"Sri Lanka small-tank power law (Telivarai Kulam), Imbulana ceiling-capped",validated_2021_2025,
15,Mawatha Wewa,11/18/2022,2022,11,3.742721821,17.88431705,20.92739584,S1_SAR,,0,0.037876185,"Sri Lanka small-tank power law (Telivarai Kulam), Imbulana ceiling-capped",validated_2021_2025,
15,Mawatha Wewa,11/30/2022,2022,11,3.452510699,17.88431705,19.30468292,S1_SAR,,0,0.034252153,"Sri Lanka small-tank power law (Telivarai Kulam), Imbulana ceiling-capped",validated_2021_2025,
15,Mawatha Wewa,12/12/2022,2022,12,3.642649066,17.88431705,20.36783992,S1_SAR,,0,0.036618416,"Sri Lanka small-tank power law (Telivarai Kulam), Imbulana ceiling-capped",validated_2021_2025,
15,Mawatha Wewa,12/24/2022,2022,12,3.902838291,17.88431705,21.82268566,S1_SAR,,0,0.03990582,"Sri Lanka small-tank power law (Telivarai Kulam), Imbulana ceiling-capped",validated_2021_2025,
15,Mawatha Wewa,1/5/2023,2023,1,3.742721859,17.88431705,20.92739605,S1_SAR,,0,0.037876186,"Sri Lanka small-tank power law (Telivarai Kulam), Imbulana ceiling-capped",validated_2021_2025,
15,Mawatha Wewa,1/17/2023,2023,1,3.722707312,17.88431705,20.81548489,S1_SAR,,0,0.037623962,"Sri Lanka small-tank power law (Telivarai Kulam), Imbulana ceiling-capped",validated_2021_2025,
15,Mawatha Wewa,1/29/2023,2023,1,3.712700014,17.88431705,20.75952917,S1_SAR,,0,0.037497975,"Sri Lanka small-tank power law (Telivarai Kulam), Imbulana ceiling-capped",validated_2021_2025,
15,Mawatha Wewa,2/10/2023,2023,2,3.542576307,17.88431705,19.80828397,S1_SAR,,0,0.035369123,"Sri Lanka small-tank power law (Telivarai Kulam), Imbulana ceiling-capped",validated_2021_2025,
15,Mawatha Wewa,2/22/2023,2023,2,3.76273638,17.88431705,21.03930707,S1_SAR,,0,0.038128741,"Sri Lanka small-tank power law (Telivarai Kulam), Imbulana ceiling-capped",validated_2021_2025,
15,Mawatha Wewa,3/6/2023,2023,3,3.742721848,17.88431705,20.92739599,S1_SAR,,0,0.037876185,"Sri Lanka small-tank power law (Telivarai Kulam), Imbulana ceiling-capped",validated_2021_2025,
15,Mawatha Wewa,3/18/2023,2023,3,3.412481683,17.88431705,19.08086103,S1_SAR,,0,0.033758009,"Sri Lanka small-tank power law (Telivarai Kulam), Imbulana ceiling-capped",validated_2021_2025,
15,Mawatha Wewa,3/30/2023,2023,3,3.582605391,17.88431705,20.03210624,S1_SAR,,0,0.035867812,"Sri Lanka small-tank power law (Telivarai Kulam), Imbulana ceiling-capped",validated_2021_2025,
15,Mawatha Wewa,4/11/2023,2023,4,3.412481715,17.88431705,19.08086122,S1_SAR,,0,0.03375801,"Sri Lanka small-tank power law (Telivarai Kulam), Imbulana ceiling-capped",validated_2021_2025,
15,Mawatha Wewa,4/23/2023,2023,4,3.332423507,17.88431705,18.63321646,S1_SAR,,0,0.032774006,"Sri Lanka small-tank power law (Telivarai Kulam), Imbulana ceiling-capped",validated_2021_2025,
15,Mawatha Wewa,5/5/2023,2023,5,3.162299778,17.88431705,17.68197114,S1_SAR,,0,0.030702393,"Sri Lanka small-tank power law (Telivarai Kulam), Imbulana ceiling-capped",validated_2021_2025,
15,Mawatha Wewa,5/17/2023,2023,5,3.102256086,17.88431705,17.34623737,S1_SAR,,0,0.029977685,"Sri Lanka small-tank power law (Telivarai Kulam), Imbulana ceiling-capped",validated_2021_2025,
15,Mawatha Wewa,5/29/2023,2023,5,2.882095992,17.88431705,16.11521416,S1_SAR,,0,0.027350281,"Sri Lanka small-tank power law (Telivarai Kulam), Imbulana ceiling-capped",validated_2021_2025,
15,Mawatha Wewa,6/10/2023,2023,6,2.641921335,17.88431705,14.77227969,S1_SAR,,0,0.024539974,"Sri Lanka small-tank power law (Telivarai Kulam), Imbulana ceiling-capped",validated_2021_2025,
15,Mawatha Wewa,6/22/2023,2023,6,2.671943186,17.88431705,14.94014661,S1_SAR,,0,0.024887946,"Sri Lanka small-tank power law (Telivarai Kulam), Imbulana ceiling-capped",validated_2021_2025,
15,Mawatha Wewa,7/4/2023,2023,7,3.152292886,17.88431705,17.62601769,S1_SAR,,0,0.030581376,"Sri Lanka small-tank power law (Telivarai Kulam), Imbulana ceiling-capped",validated_2021_2025,
15,Mawatha Wewa,7/16/2023,2023,7,2.872088969,17.88431705,16.05925998,S1_SAR,,0,0.027231999,"Sri Lanka small-tank power law (Telivarai Kulam), Imbulana ceiling-capped",validated_2021_2025,
15,Mawatha Wewa,7/28/2023,2023,7,2.581877891,17.88431705,14.43654731,S1_SAR,,0,0.023846957,"Sri Lanka small-tank power law (Telivarai Kulam), Imbulana ceiling-capped",validated_2021_2025,
15,Mawatha Wewa,8/9/2023,2023,8,2.912118418,17.88431705,16.28308428,S1_SAR,,0,0.02770575,"Sri Lanka small-tank power law (Telivarai Kulam), Imbulana ceiling-capped",validated_2021_2025,
15,Mawatha Wewa,9/2/2023,2023,9,3.312409733,17.88431705,18.52130962,S1_SAR,,0,0.032528917,"Sri Lanka small-tank power law (Telivarai Kulam), Imbulana ceiling-capped",validated_2021_2025,
15,Mawatha Wewa,9/14/2023,2023,9,2.691958222,17.88431705,15.0520605,S1_SAR,,0,0.025120468,"Sri Lanka small-tank power law (Telivarai Kulam), Imbulana ceiling-capped",validated_2021_2025,
15,Mawatha Wewa,9/26/2023,2023,9,2.311681663,17.88431705,12.9257475,S1_SAR,,0,0.020778367,"Sri Lanka small-tank power law (Telivarai Kulam), Imbulana ceiling-capped",validated_2021_2025,
15,Mawatha Wewa,10/8/2023,2023,10,2.171579647,17.88431705,12.14236832,S1_SAR,,0,0.019221064,"Sri Lanka small-tank power law (Telivarai Kulam), Imbulana ceiling-capped",validated_2021_2025,
15,Mawatha Wewa,10/20/2023,2023,10,2.271652042,17.88431705,12.70192223,S1_SAR,,0,0.020330982,"Sri Lanka small-tank power law (Telivarai Kulam), Imbulana ceiling-capped",validated_2021_2025,
15,Mawatha Wewa,11/1/2023,2023,11,2.351710329,17.88431705,13.14956743,S1_SAR,,0,0.021227652,"Sri Lanka small-tank power law (Telivarai Kulam), Imbulana ceiling-capped",validated_2021_2025,
15,Mawatha Wewa,11/13/2023,2023,11,8.29603481,17.88431705,46.38720499,S1_SAR,,0,0.102121246,"Sri Lanka small-tank power law (Telivarai Kulam), Imbulana ceiling-capped",validated_2021_2025,
15,Mawatha Wewa,11/25/2023,2023,11,3.552583729,17.88431705,19.86424038,S1_SAR,,0,0.035493668,"Sri Lanka small-tank power law (Telivarai Kulam), Imbulana ceiling-capped",validated_2021_2025,
15,Mawatha Wewa,12/7/2023,2023,12,3.322416295,17.88431705,18.57726122,S1_SAR,,0,0.032651412,"Sri Lanka small-tank power law (Telivarai Kulam), Imbulana ceiling-capped",validated_2021_2025,
15,Mawatha Wewa,12/19/2023,2023,12,3.562590976,17.88431705,19.92019582,S1_SAR,,0,0.035618297,"Sri Lanka small-tank power law (Telivarai Kulam), Imbulana ceiling-capped",validated_2021_2025,
15,Mawatha Wewa,12/31/2023,2023,12,2.932132395,17.88431705,16.39499226,S1_SAR,,0,0.027943219,"Sri Lanka small-tank power law (Telivarai Kulam), Imbulana ceiling-capped",validated_2021_2025,
15,Mawatha Wewa,1/12/2024,2024,1,3.752729208,17.88431705,20.98335205,S1_SAR,,0,0.038002423,"Sri Lanka small-tank power law (Telivarai Kulam), Imbulana ceiling-capped",validated_2021_2025,
15,Mawatha Wewa,1/24/2024,2024,1,3.862809245,17.88431705,21.5988636,S1_SAR,,0,0.039396456,"Sri Lanka small-tank power law (Telivarai Kulam), Imbulana ceiling-capped",validated_2021_2025,
15,Mawatha Wewa,2/5/2024,2024,2,3.912845618,17.88431705,21.87864154,S1_SAR,,0,0.040033363,"Sri Lanka small-tank power law (Telivarai Kulam), Imbulana ceiling-capped",validated_2021_2025,
15,Mawatha Wewa,2/17/2024,2024,2,3.862809227,17.88431705,21.5988635,S1_SAR,,0,0.039396455,"Sri Lanka small-tank power law (Telivarai Kulam), Imbulana ceiling-capped",validated_2021_2025,
15,Mawatha Wewa,2/29/2024,2024,2,4.122998422,17.88431705,23.05370908,S1_SAR,,0,0.042730075,"Sri Lanka small-tank power law (Telivarai Kulam), Imbulana ceiling-capped",validated_2021_2025,
15,Mawatha Wewa,3/12/2024,2024,3,3.772743704,17.88431705,21.09526293,S1_SAR,,0,0.038255143,"Sri Lanka small-tank power law (Telivarai Kulam), Imbulana ceiling-capped",validated_2021_2025,
15,Mawatha Wewa,3/24/2024,2024,3,3.792758224,17.88431705,21.20717394,S1_SAR,,0,0.038508194,"Sri Lanka small-tank power law (Telivarai Kulam), Imbulana ceiling-capped",validated_2021_2025,
15,Mawatha Wewa,4/5/2024,2024,4,3.61262727,17.88431705,20.19997331,S1_SAR,,0,0.036242731,"Sri Lanka small-tank power law (Telivarai Kulam), Imbulana ceiling-capped",validated_2021_2025,
15,Mawatha Wewa,4/17/2024,2024,4,3.502547205,17.88431705,19.5844616,S1_SAR,,0,0.034871819,"Sri Lanka small-tank power law (Telivarai Kulam), Imbulana ceiling-capped",validated_2021_2025,
15,Mawatha Wewa,4/29/2024,2024,4,2.852074171,17.88431705,15.94734741,S1_SAR,,0,0.02699573,"Sri Lanka small-tank power law (Telivarai Kulam), Imbulana ceiling-capped",validated_2021_2025,
15,Mawatha Wewa,5/11/2024,2024,5,2.381732091,17.88431705,13.31743384,S1_SAR,,0,0.021565858,"Sri Lanka small-tank power law (Telivarai Kulam), Imbulana ceiling-capped",validated_2021_2025,
15,Mawatha Wewa,5/23/2024,2024,5,1.170851403,17.88431705,6.546805226,S1_SAR,,0,0.00890196,"Sri Lanka small-tank power law (Telivarai Kulam), Imbulana ceiling-capped",validated_2021_2025,
15,Mawatha Wewa,6/4/2024,2024,6,1.491084312,17.88431705,8.337384696,S1_SAR,,0,0.012031643,"Sri Lanka small-tank power law (Telivarai Kulam), Imbulana ceiling-capped",validated_2021_2025,
15,Mawatha Wewa,6/16/2024,2024,6,1.120815064,17.88431705,6.267027482,S1_SAR,,0,0.008430439,"Sri Lanka small-tank power law (Telivarai Kulam), Imbulana ceiling-capped",validated_2021_2025,
15,Mawatha Wewa,7/10/2024,2024,7,0.990720403,17.88431705,5.53960434,S1_SAR,,0,0.007229054,"Sri Lanka small-tank power law (Telivarai Kulam), Imbulana ceiling-capped",validated_2021_2025,
15,Mawatha Wewa,7/22/2024,2024,7,1.170851398,17.88431705,6.546805201,S1_SAR,,0,0.00890196,"Sri Lanka small-tank power law (Telivarai Kulam), Imbulana ceiling-capped",validated_2021_2025,
15,Mawatha Wewa,8/3/2024,2024,8,0.530385665,17.88431705,2.965646738,S1_SAR,,0,0.003318525,"Sri Lanka small-tank power law (Telivarai Kulam), Imbulana ceiling-capped",validated_2021_2025,
15,Mawatha Wewa,8/15/2024,2024,8,0.820596684,17.88431705,4.588359075,S1_SAR,,0,0.005716435,"Sri Lanka small-tank power law (Telivarai Kulam), Imbulana ceiling-capped",validated_2021_2025,
15,Mawatha Wewa,8/27/2024,2024,8,0.67048756,17.88431705,3.749025241,S1_SAR,,0,0.004444215,"Sri Lanka small-tank power law (Telivarai Kulam), Imbulana ceiling-capped",validated_2021_2025,
15,Mawatha Wewa,9/20/2024,2024,9,0.470341999,17.88431705,2.629913112,S1_SAR,,0,0.00285711,"Sri Lanka small-tank power law (Telivarai Kulam), Imbulana ceiling-capped",validated_2021_2025,
15,Mawatha Wewa,10/2/2024,2024,10,0.460334737,17.88431705,2.573957593,S1_SAR,,0,0.002781561,"Sri Lanka small-tank power law (Telivarai Kulam), Imbulana ceiling-capped",validated_2021_2025,
15,Mawatha Wewa,10/14/2024,2024,10,0.640465725,17.88431705,3.581158415,S1_SAR,,0,0.004197633,"Sri Lanka small-tank power law (Telivarai Kulam), Imbulana ceiling-capped",validated_2021_2025,
15,Mawatha Wewa,10/26/2024,2024,10,0.520378443,17.88431705,2.909691445,S1_SAR,,0,0.003240686,"Sri Lanka small-tank power law (Telivarai Kulam), Imbulana ceiling-capped",validated_2021_2025,
15,Mawatha Wewa,11/7/2024,2024,11,2.832060397,17.88431705,15.83544057,S1_SAR,,0,0.026759881,"Sri Lanka small-tank power law (Telivarai Kulam), Imbulana ceiling-capped",validated_2021_2025,
15,Mawatha Wewa,11/19/2024,2024,11,1.411026221,17.88431705,7.889740591,S1_SAR,,0,0.011232073,"Sri Lanka small-tank power law (Telivarai Kulam), Imbulana ceiling-capped",validated_2021_2025,
15,Mawatha Wewa,12/13/2024,2024,12,1.591157062,17.88431705,8.896940586,S1_SAR,,0,0.013046019,"Sri Lanka small-tank power law (Telivarai Kulam), Imbulana ceiling-capped",validated_2021_2025,
15,Mawatha Wewa,12/25/2024,2024,12,2.764755615,17.88431705,15.45910648,S1_SAR,,0,0.025969757,"Sri Lanka small-tank power law (Telivarai Kulam), Imbulana ceiling-capped",validated_2021_2025,
15,Mawatha Wewa,1/6/2025,2025,1,4.173034866,17.88431705,23.33348741,S1_SAR,,0,0.043377218,"Sri Lanka small-tank power law (Telivarai Kulam), Imbulana ceiling-capped",validated_2021_2025,
15,Mawatha Wewa,1/18/2025,2025,1,5.107636231,17.88431705,28.55930265,S1_SAR,,0,0.055799188,"Sri Lanka small-tank power law (Telivarai Kulam), Imbulana ceiling-capped",validated_2021_2025,
15,Mawatha Wewa,1/30/2025,2025,1,5.443959436,17.88431705,30.43985086,S1_SAR,,0,0.060414065,"Sri Lanka small-tank power law (Telivarai Kulam), Imbulana ceiling-capped",validated_2021_2025,
15,Mawatha Wewa,2/11/2025,2025,2,7.044457116,17.88431705,39.38901943,S1_SAR,,0,0.083294337,"Sri Lanka small-tank power law (Telivarai Kulam), Imbulana ceiling-capped",validated_2021_2025,
15,Mawatha Wewa,2/23/2025,2025,2,7.155204429,17.88431705,40.00826205,S1_SAR,,0,0.084929211,"Sri Lanka small-tank power law (Telivarai Kulam), Imbulana ceiling-capped",validated_2021_2025,
15,Mawatha Wewa,3/7/2025,2025,3,6.294578812,17.88431705,35.19608155,S1_SAR,,0,0.072394547,"Sri Lanka small-tank power law (Telivarai Kulam), Imbulana ceiling-capped",validated_2021_2025,
15,Mawatha Wewa,3/19/2025,2025,3,5.421433847,17.88431705,30.31389923,S1_SAR,,0,0.060102732,"Sri Lanka small-tank power law (Telivarai Kulam), Imbulana ceiling-capped",validated_2021_2025,
15,Mawatha Wewa,3/31/2025,2025,3,5.609805867,17.88431705,31.36717971,S1_SAR,,0,0.062715979,"Sri Lanka small-tank power law (Telivarai Kulam), Imbulana ceiling-capped",validated_2021_2025,
15,Mawatha Wewa,4/12/2025,2025,4,6.11593841,17.88431705,34.19721533,S1_SAR,,0,0.069843398,"Sri Lanka small-tank power law (Telivarai Kulam), Imbulana ceiling-capped",validated_2021_2025,
15,Mawatha Wewa,4/24/2025,2025,4,6.254470394,17.88431705,34.97181569,S1_SAR,,0,0.071820192,"Sri Lanka small-tank power law (Telivarai Kulam), Imbulana ceiling-capped",validated_2021_2025,
15,Mawatha Wewa,5/6/2025,2025,5,4.812049078,17.88431705,26.9065297,S1_SAR,,0,0.051804429,"Sri Lanka small-tank power law (Telivarai Kulam), Imbulana ceiling-capped",validated_2021_2025,
15,Mawatha Wewa,5/18/2025,2025,5,5.504787739,17.88431705,30.77997178,S1_SAR,,0,0.061256373,"Sri Lanka small-tank power law (Telivarai Kulam), Imbulana ceiling-capped",validated_2021_2025,
15,Mawatha Wewa,5/30/2025,2025,5,6.814721233,17.88431705,38.10445328,S1_SAR,,0,0.079923148,"Sri Lanka small-tank power law (Telivarai Kulam), Imbulana ceiling-capped",validated_2021_2025,
15,Mawatha Wewa,6/11/2025,2025,6,6.814367906,17.88431705,38.10247765,S1_SAR,,0,0.079917984,"Sri Lanka small-tank power law (Telivarai Kulam), Imbulana ceiling-capped",validated_2021_2025,
15,Mawatha Wewa,6/23/2025,2025,6,6.664494183,17.88431705,37.26446006,S1_SAR,,0,0.077733705,"Sri Lanka small-tank power law (Telivarai Kulam), Imbulana ceiling-capped",validated_2021_2025,
15,Mawatha Wewa,7/5/2025,2025,7,6.810835893,17.88431705,38.08272843,S1_SAR,,0,0.079866371,"Sri Lanka small-tank power law (Telivarai Kulam), Imbulana ceiling-capped",validated_2021_2025,
15,Mawatha Wewa,7/17/2025,2025,7,6.890109259,17.88431705,38.52598476,S1_SAR,,0,0.08102637,"Sri Lanka small-tank power law (Telivarai Kulam), Imbulana ceiling-capped",validated_2021_2025,
15,Mawatha Wewa,7/29/2025,2025,7,6.986296868,17.88431705,39.06381692,S1_SAR,,0,0.082438288,"Sri Lanka small-tank power law (Telivarai Kulam), Imbulana ceiling-capped",validated_2021_2025,
15,Mawatha Wewa,8/10/2025,2025,8,6.880258915,17.88431705,38.47090665,S1_SAR,,0,0.080882052,"Sri Lanka small-tank power law (Telivarai Kulam), Imbulana ceiling-capped",validated_2021_2025,
15,Mawatha Wewa,8/22/2025,2025,8,6.751145444,17.88431705,37.74896982,S1_SAR,,0,0.078995115,"Sri Lanka small-tank power law (Telivarai Kulam), Imbulana ceiling-capped",validated_2021_2025,
15,Mawatha Wewa,9/3/2025,2025,9,6.944109369,17.88431705,38.82792589,S1_SAR,,0,0.081818433,"Sri Lanka small-tank power law (Telivarai Kulam), Imbulana ceiling-capped",validated_2021_2025,
15,Mawatha Wewa,9/15/2025,2025,9,7.24860528,17.88431705,40.53051207,S1_SAR,,0,0.086312866,"Sri Lanka small-tank power law (Telivarai Kulam), Imbulana ceiling-capped",validated_2021_2025,
15,Mawatha Wewa,9/27/2025,2025,9,6.860401471,17.88431705,38.35987392,S1_SAR,,0,0.080591272,"Sri Lanka small-tank power law (Telivarai Kulam), Imbulana ceiling-capped",validated_2021_2025,
15,Mawatha Wewa,10/9/2025,2025,10,6.256746616,17.88431705,34.98454316,S1_SAR,,0,0.071852763,"Sri Lanka small-tank power law (Telivarai Kulam), Imbulana ceiling-capped",validated_2021_2025,
15,Mawatha Wewa,10/21/2025,2025,10,6.93096262,17.88431705,38.75441596,S1_SAR,,0,0.081625459,"Sri Lanka small-tank power law (Telivarai Kulam), Imbulana ceiling-capped",validated_2021_2025,
15,Mawatha Wewa,11/2/2025,2025,11,6.769590324,17.88431705,37.8521042,S1_SAR,,0,0.079264139,"Sri Lanka small-tank power law (Telivarai Kulam), Imbulana ceiling-capped",validated_2021_2025,
15,Mawatha Wewa,11/14/2025,2025,11,6.274563548,17.88431705,35.08416638,S1_SAR,,0,0.072107814,"Sri Lanka small-tank power law (Telivarai Kulam), Imbulana ceiling-capped",validated_2021_2025,
15,Mawatha Wewa,11/26/2025,2025,11,6.55755366,17.88431705,36.66650308,S1_SAR,,0,0.076182498,"Sri Lanka small-tank power law (Telivarai Kulam), Imbulana ceiling-capped",validated_2021_2025,
15,Mawatha Wewa,12/2/2025,2025,12,11.76593178,17.88431705,65.78910313,S1_SAR,,0,0.157839771,"Sri Lanka small-tank power law (Telivarai Kulam), Imbulana ceiling-capped",validated_2021_2025,
15,Mawatha Wewa,12/8/2025,2025,12,10.37013187,17.88431705,57.98450029,S1_SAR,,0,0.134858609,"Sri Lanka small-tank power law (Telivarai Kulam), Imbulana ceiling-capped",validated_2021_2025,
15,Mawatha Wewa,12/20/2025,2025,12,9.076366768,17.88431705,50.75042421,S1_SAR,,0,0.114226018,"Sri Lanka small-tank power law (Telivarai Kulam), Imbulana ceiling-capped",validated_2021_2025,
16,Meegassegama Wewa,1/3/2021,2021,1,7.015129898,30.0555193,23.34057126,S1_SAR,,0,0.082862457,"Sri Lanka small-tank power law (Telivarai Kulam), Imbulana ceiling-capped",validated_2021_2025,
16,Meegassegama Wewa,1/15/2021,2021,1,7.165239639,30.0555193,23.84001277,S1_SAR,,0,0.085077662,"Sri Lanka small-tank power law (Telivarai Kulam), Imbulana ceiling-capped",validated_2021_2025,
16,Meegassegama Wewa,1/27/2021,2021,1,6.84500554,30.0555193,22.77453759,S1_SAR,,0,0.080365967,"Sri Lanka small-tank power law (Telivarai Kulam), Imbulana ceiling-capped",validated_2021_2025,
16,Meegassegama Wewa,2/8/2021,2021,2,6.753409159,30.0555193,22.46978032,S1_SAR,,0,0.079028122,"Sri Lanka small-tank power law (Telivarai Kulam), Imbulana ceiling-capped",validated_2021_2025,
16,Meegassegama Wewa,2/20/2021,2021,2,6.194529846,30.0555193,20.61029053,S1_SAR,,0,0.070963528,"Sri Lanka small-tank power law (Telivarai Kulam), Imbulana ceiling-capped",validated_2021_2025,
16,Meegassegama Wewa,3/4/2021,2021,3,5.884302998,30.0555193,19.57811123,S1_SAR,,0,0.066562702,"Sri Lanka small-tank power law (Telivarai Kulam), Imbulana ceiling-capped",validated_2021_2025,
16,Meegassegama Wewa,3/16/2021,2021,3,6.782371507,30.0555193,22.56614314,S1_SAR,,0,0.079450663,"Sri Lanka small-tank power law (Telivarai Kulam), Imbulana ceiling-capped",validated_2021_2025,
16,Meegassegama Wewa,3/28/2021,2021,3,6.554793231,30.0555193,21.80895019,S1_SAR,,0,0.076142539,"Sri Lanka small-tank power law (Telivarai Kulam), Imbulana ceiling-capped",validated_2021_2025,
16,Meegassegama Wewa,4/9/2021,2021,4,5.914324889,30.0555193,19.67799934,S1_SAR,,0,0.066986143,"Sri Lanka small-tank power law (Telivarai Kulam), Imbulana ceiling-capped",validated_2021_2025,
16,Meegassegama Wewa,4/21/2021,2021,4,5.674149321,30.0555193,18.87889298,S1_SAR,,0,0.063613599,"Sri Lanka small-tank power law (Telivarai Kulam), Imbulana ceiling-capped",validated_2021_2025,
16,Meegassegama Wewa,5/3/2021,2021,5,5.073710145,30.0555193,16.88112621,S1_SAR,,0,0.055337729,"Sri Lanka small-tank power law (Telivarai Kulam), Imbulana ceiling-capped",validated_2021_2025,
16,Meegassegama Wewa,5/15/2021,2021,5,5.143761409,30.0555193,17.11419909,S1_SAR,,0,0.056291388,"Sri Lanka small-tank power law (Telivarai Kulam), Imbulana ceiling-capped",validated_2021_2025,
16,Meegassegama Wewa,5/27/2021,2021,5,4.663410053,30.0555193,15.51598562,S1_SAR,,0,0.049818105,"Sri Lanka small-tank power law (Telivarai Kulam), Imbulana ceiling-capped",validated_2021_2025,
16,Meegassegama Wewa,6/8/2021,2021,6,4.333168711,30.0555193,14.41721458,S1_SAR,,0,0.045461067,"Sri Lanka small-tank power law (Telivarai Kulam), Imbulana ceiling-capped",validated_2021_2025,
16,Meegassegama Wewa,6/14/2021,2021,6,3.912861372,30.0555193,13.01877813,S1_SAR,,0,0.040033564,"Sri Lanka small-tank power law (Telivarai Kulam), Imbulana ceiling-capped",validated_2021_2025,
16,Meegassegama Wewa,6/20/2021,2021,6,4.032949149,30.0555193,13.41833129,S1_SAR,,0,0.041570303,"Sri Lanka small-tank power law (Telivarai Kulam), Imbulana ceiling-capped",validated_2021_2025,
16,Meegassegama Wewa,7/2/2021,2021,7,3.922868695,30.0555193,13.05207425,S1_SAR,,0,0.040161188,"Sri Lanka small-tank power law (Telivarai Kulam), Imbulana ceiling-capped",validated_2021_2025,
16,Meegassegama Wewa,7/14/2021,2021,7,4.263117487,30.0555193,14.18414184,S1_SAR,,0,0.044547104,"Sri Lanka small-tank power law (Telivarai Kulam), Imbulana ceiling-capped",validated_2021_2025,
16,Meegassegama Wewa,7/26/2021,2021,7,3.892846734,30.0555193,12.9521859,S1_SAR,,0,0.039778558,"Sri Lanka small-tank power law (Telivarai Kulam), Imbulana ceiling-capped",validated_2021_2025,
16,Meegassegama Wewa,8/7/2021,2021,8,3.842810135,30.0555193,12.78570534,S1_SAR,,0,0.039142455,"Sri Lanka small-tank power law (Telivarai Kulam), Imbulana ceiling-capped",validated_2021_2025,
16,Meegassegama Wewa,8/19/2021,2021,8,3.668682745,30.0555193,12.20635288,S1_SAR,,0,0.036944813,"Sri Lanka small-tank power law (Telivarai Kulam), Imbulana ceiling-capped",validated_2021_2025,
16,Meegassegama Wewa,8/31/2021,2021,8,4.092993037,30.0555193,13.61810786,S1_SAR,,0,0.042342927,"Sri Lanka small-tank power law (Telivarai Kulam), Imbulana ceiling-capped",validated_2021_2025,
16,Meegassegama Wewa,9/12/2021,2021,9,4.543322779,30.0555193,15.11643414,S1_SAR,,0,0.048224648,"Sri Lanka small-tank power law (Telivarai Kulam), Imbulana ceiling-capped",validated_2021_2025,
16,Meegassegama Wewa,9/24/2021,2021,9,5.10436033,30.0555193,16.98310476,S1_SAR,,0,0.055754596,"Sri Lanka small-tank power law (Telivarai Kulam), Imbulana ceiling-capped",validated_2021_2025,
16,Meegassegama Wewa,10/6/2021,2021,10,3.752744269,30.0555193,12.48604036,S1_SAR,,0,0.038002613,"Sri Lanka small-tank power law (Telivarai Kulam), Imbulana ceiling-capped",validated_2021_2025,
16,Meegassegama Wewa,10/18/2021,2021,10,3.592627242,30.0555193,11.95330284,S1_SAR,,0,0.035992881,"Sri Lanka small-tank power law (Telivarai Kulam), Imbulana ceiling-capped",validated_2021_2025,
16,Meegassegama Wewa,10/30/2021,2021,10,4.803512609,30.0555193,15.98213147,S1_SAR,,0,0.051689939,"Sri Lanka small-tank power law (Telivarai Kulam), Imbulana ceiling-capped",validated_2021_2025,
16,Meegassegama Wewa,11/17/2021,2021,11,11.11773854,30.0555193,36.99067193,S1_SAR,,0,0.14707894,"Sri Lanka small-tank power law (Telivarai Kulam), Imbulana ceiling-capped",validated_2021_2025,
16,Meegassegama Wewa,11/23/2021,2021,11,9.476930717,30.0555193,31.53141566,S1_SAR,,0,0.120541381,"Sri Lanka small-tank power law (Telivarai Kulam), Imbulana ceiling-capped",validated_2021_2025,
16,Meegassegama Wewa,12/5/2021,2021,12,6.915057111,30.0555193,23.00761149,S1_SAR,,0,0.081392111,"Sri Lanka small-tank power law (Telivarai Kulam), Imbulana ceiling-capped",validated_2021_2025,
16,Meegassegama Wewa,12/17/2021,2021,12,7.755671872,30.0555193,25.80448468,S1_SAR,,0,0.093900249,"Sri Lanka small-tank power law (Telivarai Kulam), Imbulana ceiling-capped",validated_2021_2025,
16,Meegassegama Wewa,12/29/2021,2021,12,7.785693812,30.0555193,25.90437295,S1_SAR,,0,0.094353397,"Sri Lanka small-tank power law (Telivarai Kulam), Imbulana ceiling-capped",validated_2021_2025,
16,Meegassegama Wewa,1/10/2022,2022,1,8.175979137,30.0555193,27.20292089,S1_SAR,,0,0.100283022,"Sri Lanka small-tank power law (Telivarai Kulam), Imbulana ceiling-capped",validated_2021_2025,
16,Meegassegama Wewa,1/22/2022,2022,1,8.346103512,30.0555193,27.76895461,S1_SAR,,0,0.102889812,"Sri Lanka small-tank power law (Telivarai Kulam), Imbulana ceiling-capped",validated_2021_2025,
16,Meegassegama Wewa,2/3/2022,2022,2,8.135949768,30.0555193,27.06973614,S1_SAR,,0,0.099671585,"Sri Lanka small-tank power law (Telivarai Kulam), Imbulana ceiling-capped",validated_2021_2025,
16,Meegassegama Wewa,2/15/2022,2022,2,8.386132807,30.0555193,27.90213912,S1_SAR,,0,0.103505087,"Sri Lanka small-tank power law (Telivarai Kulam), Imbulana ceiling-capped",validated_2021_2025,
16,Meegassegama Wewa,2/27/2022,2022,2,8.185986325,30.0555193,27.23621656,S1_SAR,,0,0.100435994,"Sri Lanka small-tank power law (Telivarai Kulam), Imbulana ceiling-capped",validated_2021_2025,
16,Meegassegama Wewa,3/11/2022,2022,3,7.912923937,30.0555193,26.32768996,S1_SAR,,0,0.096278554,"Sri Lanka small-tank power law (Telivarai Kulam), Imbulana ceiling-capped",validated_2021_2025,
16,Meegassegama Wewa,3/23/2022,2022,3,8.306074197,30.0555193,27.63577004,S1_SAR,,0,0.102275262,"Sri Lanka small-tank power law (Telivarai Kulam), Imbulana ceiling-capped",validated_2021_2025,
16,Meegassegama Wewa,4/4/2022,2022,4,8.19599363,30.0555193,27.26951263,S1_SAR,,0,0.100589014,"Sri Lanka small-tank power law (Telivarai Kulam), Imbulana ceiling-capped",validated_2021_2025,
16,Meegassegama Wewa,4/16/2022,2022,4,8.316081514,30.0555193,27.66906614,S1_SAR,,0,0.102428831,"Sri Lanka small-tank power law (Telivarai Kulam), Imbulana ceiling-capped",validated_2021_2025,
16,Meegassegama Wewa,4/28/2022,2022,4,7.085181418,30.0555193,23.57364499,S1_SAR,,0,0.083894788,"Sri Lanka small-tank power law (Telivarai Kulam), Imbulana ceiling-capped",validated_2021_2025,
16,Meegassegama Wewa,5/10/2022,2022,5,5.363922931,30.0555193,17.8467152,S1_SAR,,0,0.059309302,"Sri Lanka small-tank power law (Telivarai Kulam), Imbulana ceiling-capped",validated_2021_2025,
16,Meegassegama Wewa,5/22/2022,2022,5,4.453256908,30.0555193,14.81676914,S1_SAR,,0,0.047036318,"Sri Lanka small-tank power law (Telivarai Kulam), Imbulana ceiling-capped",validated_2021_2025,
16,Meegassegama Wewa,6/3/2022,2022,6,3.972905683,30.0555193,13.21855611,S1_SAR,,0,0.04080051,"Sri Lanka small-tank power law (Telivarai Kulam), Imbulana ceiling-capped",validated_2021_2025,
16,Meegassegama Wewa,6/15/2022,2022,6,2.932144391,30.0555193,9.755760205,S1_SAR,,0,0.027943362,"Sri Lanka small-tank power law (Telivarai Kulam), Imbulana ceiling-capped",validated_2021_2025,
16,Meegassegama Wewa,6/27/2022,2022,6,2.541858987,30.0555193,8.457212007,S1_SAR,,0,0.023387254,"Sri Lanka small-tank power law (Telivarai Kulam), Imbulana ceiling-capped",validated_2021_2025,
16,Meegassegama Wewa,7/9/2022,2022,7,2.401756496,30.0555193,7.991066373,S1_SAR,,0,0.021792024,"Sri Lanka small-tank power law (Telivarai Kulam), Imbulana ceiling-capped",validated_2021_2025,
16,Meegassegama Wewa,7/21/2022,2022,7,2.491822338,30.0555193,8.290731275,S1_SAR,,0,0.022814979,"Sri Lanka small-tank power law (Telivarai Kulam), Imbulana ceiling-capped",validated_2021_2025,
16,Meegassegama Wewa,8/2/2022,2022,8,2.281668627,30.0555193,7.591512909,S1_SAR,,0,0.02044275,"Sri Lanka small-tank power law (Telivarai Kulam), Imbulana ceiling-capped",validated_2021_2025,
16,Meegassegama Wewa,8/14/2022,2022,8,2.461800425,30.0555193,8.190843088,S1_SAR,,0,0.022472967,"Sri Lanka small-tank power law (Telivarai Kulam), Imbulana ceiling-capped",validated_2021_2025,
16,Meegassegama Wewa,8/26/2022,2022,8,2.621917561,30.0555193,8.723580966,S1_SAR,,0,0.024308657,"Sri Lanka small-tank power law (Telivarai Kulam), Imbulana ceiling-capped",validated_2021_2025,
16,Meegassegama Wewa,9/7/2022,2022,9,2.351719833,30.0555193,7.824585595,S1_SAR,,0,0.021227759,"Sri Lanka small-tank power law (Telivarai Kulam), Imbulana ceiling-capped",validated_2021_2025,
16,Meegassegama Wewa,9/19/2022,2022,9,2.701936625,30.0555193,8.989818472,S1_SAR,,0,0.02523655,"Sri Lanka small-tank power law (Telivarai Kulam), Imbulana ceiling-capped",validated_2021_2025,
16,Meegassegama Wewa,10/1/2022,2022,10,2.111544179,30.0555193,7.025478941,S1_SAR,,0,0.018561182,"Sri Lanka small-tank power law (Telivarai Kulam), Imbulana ceiling-capped",validated_2021_2025,
16,Meegassegama Wewa,10/13/2022,2022,10,2.451792976,30.0555193,8.157546547,S1_SAR,,0,0.022359188,"Sri Lanka small-tank power law (Telivarai Kulam), Imbulana ceiling-capped",validated_2021_2025,
16,Meegassegama Wewa,10/25/2022,2022,10,2.68196123,30.0555193,8.923356819,S1_SAR,,0,0.025004276,"Sri Lanka small-tank power law (Telivarai Kulam), Imbulana ceiling-capped",validated_2021_2025,
16,Meegassegama Wewa,11/6/2022,2022,11,3.072246594,30.0555193,10.22190488,S1_SAR,,0,0.029616768,"Sri Lanka small-tank power law (Telivarai Kulam), Imbulana ceiling-capped",validated_2021_2025,
16,Meegassegama Wewa,11/18/2022,2022,11,6.244566308,30.0555193,20.77677064,S1_SAR,,0,0.071678504,"Sri Lanka small-tank power law (Telivarai Kulam), Imbulana ceiling-capped",validated_2021_2025,
16,Meegassegama Wewa,11/30/2022,2022,11,4.453256419,30.0555193,14.81676751,S1_SAR,,0,0.047036312,"Sri Lanka small-tank power law (Telivarai Kulam), Imbulana ceiling-capped",validated_2021_2025,
16,Meegassegama Wewa,12/12/2022,2022,12,4.193066267,30.0555193,13.95106911,S1_SAR,,0,0.04363683,"Sri Lanka small-tank power law (Telivarai Kulam), Imbulana ceiling-capped",validated_2021_2025,
16,Meegassegama Wewa,12/24/2022,2022,12,8.806440186,30.0555193,29.30057571,S1_SAR,,0,0.110008648,"Sri Lanka small-tank power law (Telivarai Kulam), Imbulana ceiling-capped",validated_2021_2025,
16,Meegassegama Wewa,1/5/2023,2023,1,6.314617651,30.0555193,21.00984378,S1_SAR,,0,0.072681843,"Sri Lanka small-tank power law (Telivarai Kulam), Imbulana ceiling-capped",validated_2021_2025,
16,Meegassegama Wewa,1/17/2023,2023,1,5.694163857,30.0555193,18.94548486,S1_SAR,,0,0.063893323,"Sri Lanka small-tank power law (Telivarai Kulam), Imbulana ceiling-capped",validated_2021_2025,
16,Meegassegama Wewa,1/29/2023,2023,1,5.343907776,30.0555193,17.78012126,S1_SAR,,0,0.059033659,"Sri Lanka small-tank power law (Telivarai Kulam), Imbulana ceiling-capped",validated_2021_2025,
16,Meegassegama Wewa,2/10/2023,2023,2,4.943615022,30.0555193,16.44827685,S1_SAR,,0,0.053575255,"Sri Lanka small-tank power law (Telivarai Kulam), Imbulana ceiling-capped",validated_2021_2025,
16,Meegassegama Wewa,2/22/2023,2023,2,5.143761376,30.0555193,17.11419898,S1_SAR,,0,0.056291388,"Sri Lanka small-tank power law (Telivarai Kulam), Imbulana ceiling-capped",validated_2021_2025,
16,Meegassegama Wewa,3/6/2023,2023,3,5.263849141,30.0555193,17.5137521,S1_SAR,,0,0.057933662,"Sri Lanka small-tank power law (Telivarai Kulam), Imbulana ceiling-capped",validated_2021_2025,
16,Meegassegama Wewa,3/18/2023,2023,3,5.123746705,30.0555193,17.04760665,S1_SAR,,0,0.056018585,"Sri Lanka small-tank power law (Telivarai Kulam), Imbulana ceiling-capped",validated_2021_2025,
16,Meegassegama Wewa,3/30/2023,2023,3,4.713446767,30.0555193,15.68246657,S1_SAR,,0,0.050485051,"Sri Lanka small-tank power law (Telivarai Kulam), Imbulana ceiling-capped",validated_2021_2025,
16,Meegassegama Wewa,4/11/2023,2023,4,4.323161446,30.0555193,14.38391865,S1_SAR,,0,0.045330278,"Sri Lanka small-tank power law (Telivarai Kulam), Imbulana ceiling-capped",validated_2021_2025,
16,Meegassegama Wewa,4/23/2023,2023,4,3.060983609,30.0555193,10.18443095,S1_SAR,,0,0.029481533,"Sri Lanka small-tank power law (Telivarai Kulam), Imbulana ceiling-capped",validated_2021_2025,
16,Meegassegama Wewa,5/5/2023,2023,5,3.072246818,30.0555193,10.22190563,S1_SAR,,0,0.02961677,"Sri Lanka small-tank power law (Telivarai Kulam), Imbulana ceiling-capped",validated_2021_2025,
16,Meegassegama Wewa,5/17/2023,2023,5,3.292407845,30.0555193,10.95442009,S1_SAR,,0,0.032284338,"Sri Lanka small-tank power law (Telivarai Kulam), Imbulana ceiling-capped",validated_2021_2025,
16,Meegassegama Wewa,5/29/2023,2023,5,2.481815069,30.0555193,8.25743533,S1_SAR,,0,0.022700862,"Sri Lanka small-tank power law (Telivarai Kulam), Imbulana ceiling-capped",validated_2021_2025,
16,Meegassegama Wewa,6/10/2023,2023,6,2.061507661,30.0555193,6.858998646,S1_SAR,,0,0.018014715,"Sri Lanka small-tank power law (Telivarai Kulam), Imbulana ceiling-capped",validated_2021_2025,
16,Meegassegama Wewa,6/22/2023,2023,6,2.541858972,30.0555193,8.457211959,S1_SAR,,0,0.023387254,"Sri Lanka small-tank power law (Telivarai Kulam), Imbulana ceiling-capped",validated_2021_2025,
16,Meegassegama Wewa,7/4/2023,2023,7,2.021478389,30.0555193,6.725814214,S1_SAR,,0,0.017579881,"Sri Lanka small-tank power law (Telivarai Kulam), Imbulana ceiling-capped",validated_2021_2025,
16,Meegassegama Wewa,7/16/2023,2023,7,1.82133202,30.0555193,6.059892035,S1_SAR,,0,0.01543808,"Sri Lanka small-tank power law (Telivarai Kulam), Imbulana ceiling-capped",validated_2021_2025,
16,Meegassegama Wewa,7/28/2023,2023,7,2.02147844,30.0555193,6.725814384,S1_SAR,,0,0.017579881,"Sri Lanka small-tank power law (Telivarai Kulam), Imbulana ceiling-capped",validated_2021_2025,
16,Meegassegama Wewa,8/9/2023,2023,8,2.021478447,30.0555193,6.725814407,S1_SAR,,0,0.017579882,"Sri Lanka small-tank power law (Telivarai Kulam), Imbulana ceiling-capped",validated_2021_2025,
16,Meegassegama Wewa,9/2/2023,2023,9,2.341712714,30.0555193,7.791290147,S1_SAR,,0,0.02111526,"Sri Lanka small-tank power law (Telivarai Kulam), Imbulana ceiling-capped",validated_2021_2025,
16,Meegassegama Wewa,9/14/2023,2023,9,1.230900188,30.0555193,4.095421462,S1_SAR,,0,0.009474404,"Sri Lanka small-tank power law (Telivarai Kulam), Imbulana ceiling-capped",validated_2021_2025,
16,Meegassegama Wewa,9/26/2023,2023,9,1.160849002,30.0555193,3.862348844,S1_SAR,,0,0.008807298,"Sri Lanka small-tank power law (Telivarai Kulam), Imbulana ceiling-capped",validated_2021_2025,
16,Meegassegama Wewa,10/8/2023,2023,10,0.370270766,30.0555193,1.231955977,S1_SAR,,0,0.002120635,"Sri Lanka small-tank power law (Telivarai Kulam), Imbulana ceiling-capped",validated_2021_2025,
16,Meegassegama Wewa,10/20/2023,2023,10,4.593358791,30.0555193,15.28291275,S1_SAR,,0,0.04888734,"Sri Lanka small-tank power law (Telivarai Kulam), Imbulana ceiling-capped",validated_2021_2025,
16,Meegassegama Wewa,11/1/2023,2023,11,5.113739383,30.0555193,17.01431053,S1_SAR,,0,0.055882282,"Sri Lanka small-tank power law (Telivarai Kulam), Imbulana ceiling-capped",validated_2021_2025,
16,Meegassegama Wewa,11/13/2023,2023,11,16.46121539,30.0555193,54.76935943,S1_SAR,,0,0.239850004,"Sri Lanka small-tank power law (Telivarai Kulam), Imbulana ceiling-capped",validated_2021_2025,
16,Meegassegama Wewa,11/25/2023,2023,11,15.03762482,30.0555193,50.03282315,S1_SAR,,0,0.214284258,"Sri Lanka small-tank power law (Telivarai Kulam), Imbulana ceiling-capped",validated_2021_2025,
16,Meegassegama Wewa,12/7/2023,2023,12,14.93091943,30.0555193,49.67779555,S1_SAR,,0,0.212391198,"Sri Lanka small-tank power law (Telivarai Kulam), Imbulana ceiling-capped",validated_2021_2025,
16,Meegassegama Wewa,12/19/2023,2023,12,14.07028997,30.0555193,46.81432993,S1_SAR,,0,0.19724596,"Sri Lanka small-tank power law (Telivarai Kulam), Imbulana ceiling-capped",validated_2021_2025,
16,Meegassegama Wewa,12/31/2023,2023,12,13.97021677,30.0555193,46.4813688,S1_SAR,,0,0.195499378,"Sri Lanka small-tank power law (Telivarai Kulam), Imbulana ceiling-capped",validated_2021_2025,
16,Meegassegama Wewa,1/12/2024,2024,1,13.3697777,30.0555193,44.48360239,S1_SAR,,0,0.185085078,"Sri Lanka small-tank power law (Telivarai Kulam), Imbulana ceiling-capped",validated_2021_2025,
16,Meegassegama Wewa,1/24/2024,2024,1,13.03953599,30.0555193,43.38483014,S1_SAR,,0,0.179405762,"Sri Lanka small-tank power law (Telivarai Kulam), Imbulana ceiling-capped",validated_2021_2025,
16,Meegassegama Wewa,2/5/2024,2024,2,12.36904548,30.0555193,41.15399025,S1_SAR,,0,0.167984318,"Sri Lanka small-tank power law (Telivarai Kulam), Imbulana ceiling-capped",validated_2021_2025,
16,Meegassegama Wewa,2/17/2024,2024,2,11.38832824,30.0555193,37.89097147,S1_SAR,,0,0.151552808,"Sri Lanka small-tank power law (Telivarai Kulam), Imbulana ceiling-capped",validated_2021_2025,
16,Meegassegama Wewa,2/29/2024,2024,2,10.86794759,30.0555193,36.15957351,S1_SAR,,0,0.142972659,"Sri Lanka small-tank power law (Telivarai Kulam), Imbulana ceiling-capped",validated_2021_2025,
16,Meegassegama Wewa,3/12/2024,2024,3,10.00260874,30.0555193,33.28043893,S1_SAR,,0,0.128929206,"Sri Lanka small-tank power law (Telivarai Kulam), Imbulana ceiling-capped",validated_2021_2025,
16,Meegassegama Wewa,3/24/2024,2024,3,8.946542262,30.0555193,29.76671996,S1_SAR,,0,0.112193712,"Sri Lanka small-tank power law (Telivarai Kulam), Imbulana ceiling-capped",validated_2021_2025,
16,Meegassegama Wewa,4/5/2024,2024,4,8.606293167,30.0555193,28.63465137,S1_SAR,,0,0.106901947,"Sri Lanka small-tank power law (Telivarai Kulam), Imbulana ceiling-capped",validated_2021_2025,
16,Meegassegama Wewa,4/17/2024,2024,4,8.466190757,30.0555193,28.168506,S1_SAR,,0,0.104737795,"Sri Lanka small-tank power law (Telivarai Kulam), Imbulana ceiling-capped",validated_2021_2025,
16,Meegassegama Wewa,4/29/2024,2024,4,8.506220118,30.0555193,28.30169073,S1_SAR,,0,0.105355233,"Sri Lanka small-tank power law (Telivarai Kulam), Imbulana ceiling-capped",validated_2021_2025,
16,Meegassegama Wewa,5/11/2024,2024,5,7.725649413,30.0555193,25.70459468,S1_SAR,,0,0.093447525,"Sri Lanka small-tank power law (Telivarai Kulam), Imbulana ceiling-capped",validated_2021_2025,
16,Meegassegama Wewa,5/23/2024,2024,5,14.03771735,30.0555193,46.70595511,S1_SAR,,0,0.196677132,"Sri Lanka small-tank power law (Telivarai Kulam), Imbulana ceiling-capped",validated_2021_2025,
16,Meegassegama Wewa,6/4/2024,2024,6,9.556400661,30.0555193,31.79582614,S1_SAR,,0,0.121802237,"Sri Lanka small-tank power law (Telivarai Kulam), Imbulana ceiling-capped",validated_2021_2025,
16,Meegassegama Wewa,6/16/2024,2024,6,8.326088799,30.0555193,27.70236214,S1_SAR,,0,0.102582445,"Sri Lanka small-tank power law (Telivarai Kulam), Imbulana ceiling-capped",validated_2021_2025,
16,Meegassegama Wewa,7/10/2024,2024,7,10.21747202,30.0555193,33.99532684,S1_SAR,,0,0.132389297,"Sri Lanka small-tank power law (Telivarai Kulam), Imbulana ceiling-capped",validated_2021_2025,
16,Meegassegama Wewa,7/22/2024,2024,7,8.836461614,30.0555193,29.40046228,S1_SAR,,0,0.110476154,"Sri Lanka small-tank power law (Telivarai Kulam), Imbulana ceiling-capped",validated_2021_2025,
16,Meegassegama Wewa,8/3/2024,2024,8,7.195261465,30.0555193,23.93990067,S1_SAR,,0,0.085522081,"Sri Lanka small-tank power law (Telivarai Kulam), Imbulana ceiling-capped",validated_2021_2025,
16,Meegassegama Wewa,8/15/2024,2024,8,9.156696048,30.0555193,30.46593858,S1_SAR,,0,0.115487106,"Sri Lanka small-tank power law (Telivarai Kulam), Imbulana ceiling-capped",validated_2021_2025,
16,Meegassegama Wewa,8/27/2024,2024,8,7.41542256,30.0555193,24.67241536,S1_SAR,,0,0.088795029,"Sri Lanka small-tank power law (Telivarai Kulam), Imbulana ceiling-capped",validated_2021_2025,
16,Meegassegama Wewa,9/20/2024,2024,9,4.072978466,30.0555193,13.55151587,S1_SAR,,0,0.042085075,"Sri Lanka small-tank power law (Telivarai Kulam), Imbulana ceiling-capped",validated_2021_2025,
16,Meegassegama Wewa,10/2/2024,2024,10,4.603366172,30.0555193,15.31620907,S1_SAR,,0,0.049020094,"Sri Lanka small-tank power law (Telivarai Kulam), Imbulana ceiling-capped",validated_2021_2025,
16,Meegassegama Wewa,10/14/2024,2024,10,4.133022227,30.0555193,13.75129202,S1_SAR,,0,0.042859563,"Sri Lanka small-tank power law (Telivarai Kulam), Imbulana ceiling-capped",validated_2021_2025,
16,Meegassegama Wewa,10/26/2024,2024,10,3.612641761,30.0555193,12.01989467,S1_SAR,,0,0.036242912,"Sri Lanka small-tank power law (Telivarai Kulam), Imbulana ceiling-capped",validated_2021_2025,
16,Meegassegama Wewa,11/7/2024,2024,11,14.93091955,30.0555193,49.67779597,S1_SAR,,0,0.2123912,"Sri Lanka small-tank power law (Telivarai Kulam), Imbulana ceiling-capped",validated_2021_2025,
16,Meegassegama Wewa,11/19/2024,2024,11,12.52916268,30.0555193,41.68672835,S1_SAR,,0,0.170698297,"Sri Lanka small-tank power law (Telivarai Kulam), Imbulana ceiling-capped",validated_2021_2025,
16,Meegassegama Wewa,12/13/2024,2024,12,11.72371086,30.0555193,39.00684843,S1_SAR,,0,0.15713431,"Sri Lanka small-tank power law (Telivarai Kulam), Imbulana ceiling-capped",validated_2021_2025,
16,Meegassegama Wewa,12/25/2024,2024,12,11.16816731,30.0555193,37.15845731,S1_SAR,,0,0.147910707,"Sri Lanka small-tank power law (Telivarai Kulam), Imbulana ceiling-capped",validated_2021_2025,
16,Meegassegama Wewa,1/6/2025,2025,1,10.88796244,30.0555193,36.22616643,S1_SAR,,0,0.143300832,"Sri Lanka small-tank power law (Telivarai Kulam), Imbulana ceiling-capped",validated_2021_2025,
16,Meegassegama Wewa,1/18/2025,2025,1,10.37758903,30.0555193,34.52806429,S1_SAR,,0,0.134979461,"Sri Lanka small-tank power law (Telivarai Kulam), Imbulana ceiling-capped",validated_2021_2025,
16,Meegassegama Wewa,1/30/2025,2025,1,10.75786727,30.0555193,35.79331691,S1_SAR,,0,0.141170391,"Sri Lanka small-tank power law (Telivarai Kulam), Imbulana ceiling-capped",validated_2021_2025,
16,Meegassegama Wewa,2/11/2025,2025,2,10.15742806,30.0555193,33.79555002,S1_SAR,,0,0.131420548,"Sri Lanka small-tank power law (Telivarai Kulam), Imbulana ceiling-capped",validated_2021_2025,
16,Meegassegama Wewa,2/23/2025,2025,2,8.576271667,30.0555193,28.53476456,S1_SAR,,0,0.106437472,"Sri Lanka small-tank power law (Telivarai Kulam), Imbulana ceiling-capped",validated_2021_2025,
16,Meegassegama Wewa,3/7/2025,2025,3,9.526966923,30.0555193,31.69789492,S1_SAR,,0,0.121334944,"Sri Lanka small-tank power law (Telivarai Kulam), Imbulana ceiling-capped",validated_2021_2025,
16,Meegassegama Wewa,3/19/2025,2025,3,9.096652139,30.0555193,30.26616193,S1_SAR,,0,0.114544219,"Sri Lanka small-tank power law (Telivarai Kulam), Imbulana ceiling-capped",validated_2021_2025,
16,Meegassegama Wewa,3/31/2025,2025,3,8.96655706,30.0555193,29.83331272,S1_SAR,,0,0.112506558,"Sri Lanka small-tank power law (Telivarai Kulam), Imbulana ceiling-capped",validated_2021_2025,
16,Meegassegama Wewa,4/12/2025,2025,4,9.454992637,30.0555193,31.45842381,S1_SAR,,0,0.120193773,"Sri Lanka small-tank power law (Telivarai Kulam), Imbulana ceiling-capped",validated_2021_2025,
16,Meegassegama Wewa,4/24/2025,2025,4,9.233497353,30.0555193,30.72147003,S1_SAR,,0,0.116695358,"Sri Lanka small-tank power law (Telivarai Kulam), Imbulana ceiling-capped",validated_2021_2025,
16,Meegassegama Wewa,5/6/2025,2025,5,9.156696036,30.0555193,30.46593854,S1_SAR,,0,0.115487106,"Sri Lanka small-tank power law (Telivarai Kulam), Imbulana ceiling-capped",validated_2021_2025,
16,Meegassegama Wewa,5/18/2025,2025,5,9.707098663,30.0555193,32.2972249,S1_SAR,,0,0.124200264,"Sri Lanka small-tank power law (Telivarai Kulam), Imbulana ceiling-capped",validated_2021_2025,
16,Meegassegama Wewa,5/30/2025,2025,5,8.496213252,30.0555193,28.26839613,S1_SAR,,0,0.105200814,"Sri Lanka small-tank power law (Telivarai Kulam), Imbulana ceiling-capped",validated_2021_2025,
16,Meegassegama Wewa,6/11/2025,2025,6,9.366850031,30.0555193,31.16515785,S1_SAR,,0,0.118799158,"Sri Lanka small-tank power law (Telivarai Kulam), Imbulana ceiling-capped",validated_2021_2025,
16,Meegassegama Wewa,6/23/2025,2025,6,8.145564571,30.0555193,27.10172628,S1_SAR,,0,0.099818381,"Sri Lanka small-tank power law (Telivarai Kulam), Imbulana ceiling-capped",validated_2021_2025,
16,Meegassegama Wewa,7/5/2025,2025,7,7.815715345,30.0555193,26.00425988,S1_SAR,,0,0.094806969,"Sri Lanka small-tank power law (Telivarai Kulam), Imbulana ceiling-capped",validated_2021_2025,
16,Meegassegama Wewa,7/17/2025,2025,7,7.655598014,30.0555193,25.47152135,S1_SAR,,0,0.092392869,"Sri Lanka small-tank power law (Telivarai Kulam), Imbulana ceiling-capped",validated_2021_2025,
16,Meegassegama Wewa,7/29/2025,2025,7,8.095920279,30.0555193,26.93655098,S1_SAR,,0,0.099060886,"Sri Lanka small-tank power law (Telivarai Kulam), Imbulana ceiling-capped",validated_2021_2025,
16,Meegassegama Wewa,8/10/2025,2025,8,7.865751856,30.0555193,26.17074015,S1_SAR,,0,0.095563884,"Sri Lanka small-tank power law (Telivarai Kulam), Imbulana ceiling-capped",validated_2021_2025,
16,Meegassegama Wewa,8/22/2025,2025,8,7.265312952,30.0555193,24.17297429,S1_SAR,,0,0.08656084,"Sri Lanka small-tank power law (Telivarai Kulam), Imbulana ceiling-capped",validated_2021_2025,
16,Meegassegama Wewa,9/3/2025,2025,9,5.644127368,30.0555193,18.77900466,S1_SAR,,0,0.063194466,"Sri Lanka small-tank power law (Telivarai Kulam), Imbulana ceiling-capped",validated_2021_2025,
16,Meegassegama Wewa,9/15/2025,2025,9,5.584083413,30.0555193,18.57922785,S1_SAR,,0,0.062357846,"Sri Lanka small-tank power law (Telivarai Kulam), Imbulana ceiling-capped",validated_2021_2025,
16,Meegassegama Wewa,9/27/2025,2025,9,4.9636296,30.0555193,16.51486887,S1_SAR,,0,0.05384567,"Sri Lanka small-tank power law (Telivarai Kulam), Imbulana ceiling-capped",validated_2021_2025,
16,Meegassegama Wewa,10/9/2025,2025,10,4.403219844,30.0555193,14.65028703,S1_SAR,,0,0.046378672,"Sri Lanka small-tank power law (Telivarai Kulam), Imbulana ceiling-capped",validated_2021_2025,
16,Meegassegama Wewa,10/21/2025,2025,10,11.62850397,30.0555193,38.69007836,S1_SAR,,0,0.155545813,"Sri Lanka small-tank power law (Telivarai Kulam), Imbulana ceiling-capped",validated_2021_2025,
16,Meegassegama Wewa,11/2/2025,2025,11,10.75786714,30.0555193,35.79331649,S1_SAR,,0,0.141170389,"Sri Lanka small-tank power law (Telivarai Kulam), Imbulana ceiling-capped",validated_2021_2025,
16,Meegassegama Wewa,11/14/2025,2025,11,9.988559368,30.0555193,33.23369418,S1_SAR,,0,0.128703591,"Sri Lanka small-tank power law (Telivarai Kulam), Imbulana ceiling-capped",validated_2021_2025,
16,Meegassegama Wewa,11/26/2025,2025,11,15.45130028,30.0555193,51.40919418,S1_SAR,,0,0.221654393,"Sri Lanka small-tank power law (Telivarai Kulam), Imbulana ceiling-capped",validated_2021_2025,
16,Meegassegama Wewa,12/2/2025,2025,12,16.2819078,30.0555193,54.17277152,S1_SAR,,0,0.236598835,"Sri Lanka small-tank power law (Telivarai Kulam), Imbulana ceiling-capped",validated_2021_2025,
16,Meegassegama Wewa,12/8/2025,2025,12,12.81937532,30.0555193,42.65231686,S1_SAR,,0,0.175639122,"Sri Lanka small-tank power law (Telivarai Kulam), Imbulana ceiling-capped",validated_2021_2025,
16,Meegassegama Wewa,12/20/2025,2025,12,10.6377796,30.0555193,35.39376409,S1_SAR,,0,0.13920945,"Sri Lanka small-tank power law (Telivarai Kulam), Imbulana ceiling-capped",validated_2021_2025,
31,Nachchaduwa Wewa,1/3/2021,2021,1,1240.41858,1649.774276,75.18716944,S1_SAR_fallback,,0,46.62693304,Validated (R²=0.618 vs gauge),validated_2021_2025,
31,Nachchaduwa Wewa,1/15/2021,2021,1,1349.129566,1649.774276,81.77661549,S1_SAR_fallback,,0,52.57883604,Validated (R²=0.618 vs gauge),validated_2021_2025,
31,Nachchaduwa Wewa,1/27/2021,2021,1,1401.141272,1649.774276,84.92927137,S2_MNDWI,1/25/2021,2,55.50132967,Validated (R²=0.618 vs gauge),validated_2021_2025,
31,Nachchaduwa Wewa,2/8/2021,2021,2,1318.67973,1649.774276,79.93091838,S2_MNDWI,2/9/2021,1,50.8901202,Validated (R²=0.618 vs gauge),validated_2021_2025,
31,Nachchaduwa Wewa,2/20/2021,2021,2,1281.485808,1649.774276,77.67643284,S1_SAR_fallback,,0,48.8500451,Validated (R²=0.618 vs gauge),validated_2021_2025,
31,Nachchaduwa Wewa,3/4/2021,2021,3,1101.710897,1649.774276,66.77949296,S2_MNDWI,3/1/2021,3,39.35418892,Validated (R²=0.618 vs gauge),validated_2021_2025,
31,Nachchaduwa Wewa,3/16/2021,2021,3,1232.755384,1649.774276,74.72266975,S1_SAR_fallback,,0,46.2155592,Validated (R²=0.618 vs gauge),validated_2021_2025,
31,Nachchaduwa Wewa,3/28/2021,2021,3,746.6110019,1649.774276,45.25534267,S2_MNDWI,3/31/2021,3,22.56104465,Validated (R²=0.618 vs gauge),validated_2021_2025,
31,Nachchaduwa Wewa,4/9/2021,2021,4,1192.821703,1649.774276,72.3021155,S1_SAR_fallback,,0,44.08971028,Validated (R²=0.618 vs gauge),validated_2021_2025,
31,Nachchaduwa Wewa,4/21/2021,2021,4,1189.740801,1649.774276,72.11536865,S1_SAR_fallback,,0,43.92695533,Validated (R²=0.618 vs gauge),validated_2021_2025,
31,Nachchaduwa Wewa,5/3/2021,2021,5,1149.542509,1649.774276,69.67877518,S1_SAR_fallback,,0,41.82009691,Validated (R²=0.618 vs gauge),validated_2021_2025,
31,Nachchaduwa Wewa,5/15/2021,2021,5,1181.196006,1649.774276,71.5974314,S1_SAR_fallback,,0,43.4765076,Validated (R²=0.618 vs gauge),validated_2021_2025,
31,Nachchaduwa Wewa,5/27/2021,2021,5,1148.778581,1649.774276,69.6324702,S1_SAR_fallback,,0,41.78036073,Validated (R²=0.618 vs gauge),validated_2021_2025,
31,Nachchaduwa Wewa,6/8/2021,2021,6,1172.218323,1649.774276,71.053255,S1_SAR_fallback,,0,43.004747,Validated (R²=0.618 vs gauge),validated_2021_2025,
31,Nachchaduwa Wewa,6/14/2021,2021,6,1146.277826,1649.774276,69.48088855,S1_SAR_fallback,,0,41.65036183,Validated (R²=0.618 vs gauge),validated_2021_2025,
31,Nachchaduwa Wewa,6/20/2021,2021,6,989.2713635,1649.774276,59.96404344,S2_MNDWI,6/19/2021,1,33.73924111,Validated (R²=0.618 vs gauge),validated_2021_2025,
31,Nachchaduwa Wewa,7/2/2021,2021,7,1133.657899,1649.774276,68.71593987,S1_SAR_fallback,,0,40.9961922,Validated (R²=0.618 vs gauge),validated_2021_2025,
31,Nachchaduwa Wewa,7/14/2021,2021,7,1128.505269,1649.774276,68.40361653,S1_SAR_fallback,,0,40.72999619,Validated (R²=0.618 vs gauge),validated_2021_2025,
31,Nachchaduwa Wewa,7/26/2021,2021,7,1049.328312,1649.774276,63.60435647,S1_SAR_fallback,,0,36.70603906,Validated (R²=0.618 vs gauge),validated_2021_2025,
31,Nachchaduwa Wewa,8/7/2021,2021,8,975.2102158,1649.774276,59.11173607,S1_SAR_fallback,,0,33.05557531,Validated (R²=0.618 vs gauge),validated_2021_2025,
31,Nachchaduwa Wewa,8/19/2021,2021,8,949.5213271,1649.774276,57.55462071,S1_SAR_fallback,,0,31.81749533,Validated (R²=0.618 vs gauge),validated_2021_2025,
31,Nachchaduwa Wewa,8/31/2021,2021,8,1015.054384,1649.774276,61.52686451,S1_SAR_fallback,,0,35.00369966,Validated (R²=0.618 vs gauge),validated_2021_2025,
31,Nachchaduwa Wewa,9/12/2021,2021,9,1050.010567,1649.774276,63.64571096,S1_SAR_fallback,,0,36.74017172,Validated (R²=0.618 vs gauge),validated_2021_2025,
31,Nachchaduwa Wewa,9/24/2021,2021,9,1015.626999,1649.774276,61.5615732,S1_SAR_fallback,,0,35.0319404,Validated (R²=0.618 vs gauge),validated_2021_2025,
31,Nachchaduwa Wewa,10/6/2021,2021,10,991.2659711,1649.774276,60.08494529,S1_SAR_fallback,,0,33.83656098,Validated (R²=0.618 vs gauge),validated_2021_2025,
31,Nachchaduwa Wewa,10/18/2021,2021,10,1127.121003,1649.774276,68.31971014,S1_SAR_fallback,,0,40.65857094,Validated (R²=0.618 vs gauge),validated_2021_2025,
31,Nachchaduwa Wewa,10/30/2021,2021,10,1218.4657,1649.774276,73.85650981,S1_SAR_fallback,,0,45.45139998,Validated (R²=0.618 vs gauge),validated_2021_2025,
31,Nachchaduwa Wewa,11/17/2021,2021,11,1262.544482,1649.774276,76.52831664,S1_SAR_fallback,,0,47.82081769,Validated (R²=0.618 vs gauge),validated_2021_2025,
31,Nachchaduwa Wewa,11/23/2021,2021,11,1295.219535,1649.774276,78.50889382,S2_MNDWI,11/21/2021,2,49.60041107,Validated (R²=0.618 vs gauge),validated_2021_2025,
31,Nachchaduwa Wewa,12/5/2021,2021,12,1212.174622,1649.774276,73.47518017,S1_SAR_fallback,,0,45.11619362,Validated (R²=0.618 vs gauge),validated_2021_2025,
31,Nachchaduwa Wewa,12/17/2021,2021,12,1225.386146,1649.774276,74.27598818,S1_SAR_fallback,,0,45.82100131,Validated (R²=0.618 vs gauge),validated_2021_2025,
31,Nachchaduwa Wewa,12/29/2021,2021,12,1196.783815,1649.774276,72.5422764,S1_SAR_fallback,,0,44.29928284,Validated (R²=0.618 vs gauge),validated_2021_2025,
31,Nachchaduwa Wewa,1/10/2022,2022,1,1196.829351,1649.774276,72.54503654,S1_SAR_fallback,,0,44.30169317,Validated (R²=0.618 vs gauge),validated_2021_2025,
31,Nachchaduwa Wewa,1/22/2022,2022,1,1240.213481,1649.774276,75.17473749,S2_MNDWI,1/20/2022,2,46.61590869,Validated (R²=0.618 vs gauge),validated_2021_2025,
31,Nachchaduwa Wewa,2/3/2022,2022,2,1202.762896,1649.774276,72.9046945,S2_MNDWI,2/4/2022,1,44.61610623,Validated (R²=0.618 vs gauge),validated_2021_2025,
31,Nachchaduwa Wewa,2/15/2022,2022,2,1165.927408,1649.774276,70.67193521,S1_SAR_fallback,,0,42.67509487,Validated (R²=0.618 vs gauge),validated_2021_2025,
31,Nachchaduwa Wewa,2/27/2022,2022,2,1139.383774,1649.774276,69.06301002,S1_SAR_fallback,,0,41.29261407,Validated (R²=0.618 vs gauge),validated_2021_2025,
31,Nachchaduwa Wewa,3/11/2022,2022,3,1130.319936,1649.774276,68.51361134,S1_SAR_fallback,,0,40.82368628,Validated (R²=0.618 vs gauge),validated_2021_2025,
31,Nachchaduwa Wewa,3/23/2022,2022,3,1203.786569,1649.774276,72.96674378,S2_MNDWI,3/21/2022,2,44.6704173,Validated (R²=0.618 vs gauge),validated_2021_2025,
31,Nachchaduwa Wewa,4/4/2022,2022,4,1146.95176,1649.774276,69.52173861,S1_SAR_fallback,,0,41.68538352,Validated (R²=0.618 vs gauge),validated_2021_2025,
31,Nachchaduwa Wewa,4/16/2022,2022,4,1198.786915,1649.774276,72.663693,S1_SAR_fallback,,0,44.40534875,Validated (R²=0.618 vs gauge),validated_2021_2025,
31,Nachchaduwa Wewa,4/28/2022,2022,4,1172.122024,1649.774276,71.04741787,S1_SAR_fallback,,0,42.99969504,Validated (R²=0.618 vs gauge),validated_2021_2025,
31,Nachchaduwa Wewa,5/10/2022,2022,5,1149.68996,1649.774276,69.68771283,S1_SAR_fallback,,0,41.82776798,Validated (R²=0.618 vs gauge),validated_2021_2025,
31,Nachchaduwa Wewa,5/22/2022,2022,5,1128.427033,1649.774276,68.39887426,S1_SAR_fallback,,0,40.72595834,Validated (R²=0.618 vs gauge),validated_2021_2025,
31,Nachchaduwa Wewa,6/3/2022,2022,6,1119.724009,1649.774276,67.87134611,S1_SAR_fallback,,0,40.27754117,Validated (R²=0.618 vs gauge),validated_2021_2025,
31,Nachchaduwa Wewa,6/15/2022,2022,6,1111.349746,1649.774276,67.36374556,S1_SAR_fallback,,0,39.84747555,Validated (R²=0.618 vs gauge),validated_2021_2025,
31,Nachchaduwa Wewa,6/27/2022,2022,6,969.5755028,1649.774276,58.77019159,S2_MNDWI,6/29/2022,2,32.78279446,Validated (R²=0.618 vs gauge),validated_2021_2025,
31,Nachchaduwa Wewa,7/9/2022,2022,7,1089.928339,1649.774276,66.06530086,S1_SAR_fallback,,0,38.75371088,Validated (R²=0.618 vs gauge),validated_2021_2025,
31,Nachchaduwa Wewa,7/21/2022,2022,7,1075.604129,1649.774276,65.19704815,S1_SAR_fallback,,0,38.02745428,Validated (R²=0.618 vs gauge),validated_2021_2025,
31,Nachchaduwa Wewa,8/2/2022,2022,8,1067.386078,1649.774276,64.69891628,S1_SAR_fallback,,0,37.61265819,Validated (R²=0.618 vs gauge),validated_2021_2025,
31,Nachchaduwa Wewa,8/14/2022,2022,8,972.1221691,1649.774276,58.92455612,S1_SAR_fallback,,0,32.90599638,Validated (R²=0.618 vs gauge),validated_2021_2025,
31,Nachchaduwa Wewa,8/26/2022,2022,8,884.317839,1649.774276,53.60235348,S1_SAR_fallback,,0,28.73983205,Validated (R²=0.618 vs gauge),validated_2021_2025,
31,Nachchaduwa Wewa,9/7/2022,2022,9,995.6523852,1649.774276,60.35082493,S1_SAR_fallback,,0,34.05087685,Validated (R²=0.618 vs gauge),validated_2021_2025,
31,Nachchaduwa Wewa,9/19/2022,2022,9,1081.118995,1649.774276,65.53132815,S1_SAR_fallback,,0,38.30657609,Validated (R²=0.618 vs gauge),validated_2021_2025,
31,Nachchaduwa Wewa,10/1/2022,2022,10,1026.407476,1649.774276,62.21502483,S1_SAR_fallback,,0,35.56489716,Validated (R²=0.618 vs gauge),validated_2021_2025,
31,Nachchaduwa Wewa,10/13/2022,2022,10,992.1842555,1649.774276,60.1406065,S1_SAR_fallback,,0,33.88139377,Validated (R²=0.618 vs gauge),validated_2021_2025,
31,Nachchaduwa Wewa,10/25/2022,2022,10,1011.437285,1649.774276,61.30761643,S2_MNDWI,10/27/2022,2,34.82546673,Validated (R²=0.618 vs gauge),validated_2021_2025,
31,Nachchaduwa Wewa,11/6/2022,2022,11,969.3253435,1649.774276,58.75502834,S1_SAR_fallback,,0,32.77069982,Validated (R²=0.618 vs gauge),validated_2021_2025,
31,Nachchaduwa Wewa,11/18/2022,2022,11,939.8453592,1649.774276,56.96811818,S1_SAR_fallback,,0,31.35486158,Validated (R²=0.618 vs gauge),validated_2021_2025,
31,Nachchaduwa Wewa,11/30/2022,2022,11,901.7193816,1649.774276,54.65713672,S1_SAR_fallback,,0,29.55196355,Validated (R²=0.618 vs gauge),validated_2021_2025,
31,Nachchaduwa Wewa,12/12/2022,2022,12,982.1025266,1649.774276,59.52950903,S1_SAR_fallback,,0,33.39015988,Validated (R²=0.618 vs gauge),validated_2021_2025,
31,Nachchaduwa Wewa,12/24/2022,2022,12,1101.682757,1649.774276,66.77778728,S1_SAR_fallback,,0,39.35275151,Validated (R²=0.618 vs gauge),validated_2021_2025,
31,Nachchaduwa Wewa,1/5/2023,2023,1,1107.222279,1649.774276,67.11356182,S1_SAR_fallback,,0,39.63601832,Validated (R²=0.618 vs gauge),validated_2021_2025,
31,Nachchaduwa Wewa,1/17/2023,2023,1,1121.759966,1649.774276,67.99475433,S1_SAR_fallback,,0,40.3823086,Validated (R²=0.618 vs gauge),validated_2021_2025,
31,Nachchaduwa Wewa,1/29/2023,2023,1,1146.650284,1649.774276,69.50346485,S1_SAR_fallback,,0,41.66971591,Validated (R²=0.618 vs gauge),validated_2021_2025,
31,Nachchaduwa Wewa,2/10/2023,2023,2,1178.653489,1649.774276,71.44331842,S1_SAR_fallback,,0,43.34274603,Validated (R²=0.618 vs gauge),validated_2021_2025,
31,Nachchaduwa Wewa,2/22/2023,2023,2,1124.832436,1649.774276,68.1809901,S1_SAR_fallback,,0,40.54056832,Validated (R²=0.618 vs gauge),validated_2021_2025,
31,Nachchaduwa Wewa,3/6/2023,2023,3,1106.812785,1649.774276,67.08874064,S1_SAR_fallback,,0,39.61505772,Validated (R²=0.618 vs gauge),validated_2021_2025,
31,Nachchaduwa Wewa,3/18/2023,2023,3,1078.140581,1649.774276,65.35079353,S1_SAR_fallback,,0,38.15575452,Validated (R²=0.618 vs gauge),validated_2021_2025,
31,Nachchaduwa Wewa,3/30/2023,2023,3,1089.146776,1649.774276,66.01792694,S1_SAR_fallback,,0,38.71397817,Validated (R²=0.618 vs gauge),validated_2021_2025,
31,Nachchaduwa Wewa,4/11/2023,2023,4,1062.854488,1649.774276,64.42423689,S1_SAR_fallback,,0,37.38451778,Validated (R²=0.618 vs gauge),validated_2021_2025,
31,Nachchaduwa Wewa,4/23/2023,2023,4,1008.748282,1649.774276,61.14462423,S1_SAR_fallback,,0,34.69314325,Validated (R²=0.618 vs gauge),validated_2021_2025,
31,Nachchaduwa Wewa,5/5/2023,2023,5,1030.738202,1649.774276,62.47752902,S1_SAR_fallback,,0,35.77967626,Validated (R²=0.618 vs gauge),validated_2021_2025,
31,Nachchaduwa Wewa,5/17/2023,2023,5,962.3249904,1649.774276,58.33070647,S1_SAR_fallback,,0,32.43279347,Validated (R²=0.618 vs gauge),validated_2021_2025,
31,Nachchaduwa Wewa,5/29/2023,2023,5,922.874132,1649.774276,55.93941822,S1_SAR_fallback,,0,30.54836495,Validated (R²=0.618 vs gauge),validated_2021_2025,
31,Nachchaduwa Wewa,6/10/2023,2023,6,937.263914,1649.774276,56.81164554,S1_SAR_fallback,,0,31.23178065,Validated (R²=0.618 vs gauge),validated_2021_2025,
31,Nachchaduwa Wewa,6/22/2023,2023,6,953.3468949,1649.774276,57.78650502,S1_SAR_fallback,,0,32.00096697,Validated (R²=0.618 vs gauge),validated_2021_2025,
31,Nachchaduwa Wewa,7/4/2023,2023,7,929.5463667,1649.774276,56.34385141,S1_SAR_fallback,,0,30.86468482,Validated (R²=0.618 vs gauge),validated_2021_2025,
31,Nachchaduwa Wewa,7/16/2023,2023,7,870.7580206,1649.774276,52.78043386,S1_SAR_fallback,,0,28.11173404,Validated (R²=0.618 vs gauge),validated_2021_2025,
31,Nachchaduwa Wewa,7/28/2023,2023,7,694.1519594,1649.774276,42.07557176,S2_MNDWI,7/29/2023,1,20.32891716,Validated (R²=0.618 vs gauge),validated_2021_2025,
31,Nachchaduwa Wewa,8/9/2023,2023,8,741.4691974,1649.774276,44.94367552,S1_SAR_fallback,,0,22.3391882,Validated (R²=0.618 vs gauge),validated_2021_2025,
31,Nachchaduwa Wewa,9/2/2023,2023,9,668.1223449,1649.774276,40.49780352,S1_SAR_fallback,,0,19.24767643,Validated (R²=0.618 vs gauge),validated_2021_2025,
31,Nachchaduwa Wewa,9/14/2023,2023,9,639.4216198,1649.774276,38.75812765,S1_SAR_fallback,,0,18.07632314,Validated (R²=0.618 vs gauge),validated_2021_2025,
31,Nachchaduwa Wewa,9/26/2023,2023,9,640.3495459,1649.774276,38.81437329,S1_SAR_fallback,,0,18.11384701,Validated (R²=0.618 vs gauge),validated_2021_2025,
31,Nachchaduwa Wewa,10/8/2023,2023,10,616.4407682,1649.774276,37.3651582,S1_SAR_fallback,,0,17.15453178,Validated (R²=0.618 vs gauge),validated_2021_2025,
31,Nachchaduwa Wewa,10/20/2023,2023,10,755.3520612,1649.774276,45.78517632,S1_SAR_fallback,,0,22.93970891,Validated (R²=0.618 vs gauge),validated_2021_2025,
31,Nachchaduwa Wewa,11/1/2023,2023,11,994.302534,1649.774276,60.26900458,S1_SAR_fallback,,0,33.98488112,Validated (R²=0.618 vs gauge),validated_2021_2025,
31,Nachchaduwa Wewa,11/13/2023,2023,11,1276.483146,1649.774276,77.37319972,S1_SAR_fallback,,0,48.57757213,Validated (R²=0.618 vs gauge),validated_2021_2025,
31,Nachchaduwa Wewa,11/25/2023,2023,11,1301.833873,1649.774276,78.90981766,S1_SAR_fallback,,0,49.96302163,Validated (R²=0.618 vs gauge),validated_2021_2025,
31,Nachchaduwa Wewa,12/7/2023,2023,12,1305.195147,1649.774276,79.1135591,S1_SAR_fallback,,0,50.14759709,Validated (R²=0.618 vs gauge),validated_2021_2025,
31,Nachchaduwa Wewa,12/19/2023,2023,12,1292.837946,1649.774276,78.36453534,S1_SAR_fallback,,0,49.47004248,Validated (R²=0.618 vs gauge),validated_2021_2025,
31,Nachchaduwa Wewa,12/31/2023,2023,12,1274.3306,1649.774276,77.24272458,S1_SAR_fallback,,0,48.46047357,Validated (R²=0.618 vs gauge),validated_2021_2025,
31,Nachchaduwa Wewa,1/12/2024,2024,1,1307.169082,1649.774276,79.2332079,S1_SAR_fallback,,0,50.25608585,Validated (R²=0.618 vs gauge),validated_2021_2025,
31,Nachchaduwa Wewa,1/24/2024,2024,1,1242.371666,1649.774276,75.30555447,S2_MNDWI,1/25/2024,1,46.73195325,Validated (R²=0.618 vs gauge),validated_2021_2025,
31,Nachchaduwa Wewa,2/5/2024,2024,2,1246.329955,1649.774276,75.54548357,S1_SAR_fallback,,0,46.94501383,Validated (R²=0.618 vs gauge),validated_2021_2025,
31,Nachchaduwa Wewa,2/17/2024,2024,2,1229.456455,1649.774276,74.52270732,S1_SAR_fallback,,0,46.03880482,Validated (R²=0.618 vs gauge),validated_2021_2025,
31,Nachchaduwa Wewa,2/29/2024,2024,2,1235.523651,1649.774276,74.89046647,S1_SAR_fallback,,0,46.36403815,Validated (R²=0.618 vs gauge),validated_2021_2025,
31,Nachchaduwa Wewa,3/12/2024,2024,3,1233.539101,1649.774276,74.77017425,S2_MNDWI,3/10/2024,2,46.25758017,Validated (R²=0.618 vs gauge),validated_2021_2025,
31,Nachchaduwa Wewa,3/24/2024,2024,3,1227.130897,1649.774276,74.38174513,S1_SAR_fallback,,0,45.91432544,Validated (R²=0.618 vs gauge),validated_2021_2025,
31,Nachchaduwa Wewa,4/5/2024,2024,4,1219.42869,1649.774276,73.9148808,S1_SAR_fallback,,0,45.50277658,Validated (R²=0.618 vs gauge),validated_2021_2025,
31,Nachchaduwa Wewa,4/17/2024,2024,4,1203.22445,1649.774276,72.93267129,S1_SAR_fallback,,0,44.64059156,Validated (R²=0.618 vs gauge),validated_2021_2025,
31,Nachchaduwa Wewa,4/29/2024,2024,4,1184.725817,1649.774276,71.81138861,S1_SAR_fallback,,0,43.66241597,Validated (R²=0.618 vs gauge),validated_2021_2025,
31,Nachchaduwa Wewa,5/11/2024,2024,5,1169.408157,1649.774276,70.88291858,S1_SAR_fallback,,0,42.85739638,Validated (R²=0.618 vs gauge),validated_2021_2025,
31,Nachchaduwa Wewa,5/23/2024,2024,5,1095.230194,1649.774276,66.3866694,S1_SAR_fallback,,0,39.02356734,Validated (R²=0.618 vs gauge),validated_2021_2025,
31,Nachchaduwa Wewa,6/4/2024,2024,6,1194.139258,1649.774276,72.38197829,S1_SAR_fallback,,0,44.1593681,Validated (R²=0.618 vs gauge),validated_2021_2025,
31,Nachchaduwa Wewa,6/16/2024,2024,6,1171.64061,1649.774276,71.01823731,S1_SAR_fallback,,0,42.97444231,Validated (R²=0.618 vs gauge),validated_2021_2025,
31,Nachchaduwa Wewa,7/10/2024,2024,7,1140.291285,1649.774276,69.11801822,S1_SAR_fallback,,0,41.33965378,Validated (R²=0.618 vs gauge),validated_2021_2025,
31,Nachchaduwa Wewa,7/22/2024,2024,7,1115.407315,1649.774276,67.60969252,S1_SAR_fallback,,0,40.05568125,Validated (R²=0.618 vs gauge),validated_2021_2025,
31,Nachchaduwa Wewa,8/3/2024,2024,8,1104.928991,1649.774276,66.97455568,S1_SAR_fallback,,0,39.51867558,Validated (R²=0.618 vs gauge),validated_2021_2025,
31,Nachchaduwa Wewa,8/15/2024,2024,8,1145.482147,1649.774276,69.43265896,S1_SAR_fallback,,0,41.60902491,Validated (R²=0.618 vs gauge),validated_2021_2025,
31,Nachchaduwa Wewa,8/27/2024,2024,8,1166.029179,1649.774276,70.67810402,S1_SAR_fallback,,0,42.68042175,Validated (R²=0.618 vs gauge),validated_2021_2025,
31,Nachchaduwa Wewa,9/20/2024,2024,9,1182.290219,1649.774276,71.66375643,S1_SAR_fallback,,0,43.53411219,Validated (R²=0.618 vs gauge),validated_2021_2025,
31,Nachchaduwa Wewa,10/2/2024,2024,10,1109.015224,1649.774276,67.22224006,S2_MNDWI,10/1/2024,1,39.72783244,Validated (R²=0.618 vs gauge),validated_2021_2025,
31,Nachchaduwa Wewa,10/14/2024,2024,10,1167.339934,1649.774276,70.75755457,S1_SAR_fallback,,0,42.74904665,Validated (R²=0.618 vs gauge),validated_2021_2025,
31,Nachchaduwa Wewa,10/26/2024,2024,10,1162.354397,1649.774276,70.45535947,S1_SAR_fallback,,0,42.48820449,Validated (R²=0.618 vs gauge),validated_2021_2025,
31,Nachchaduwa Wewa,11/7/2024,2024,11,1167.336705,1649.774276,70.75735888,S1_SAR_fallback,,0,42.74887758,Validated (R²=0.618 vs gauge),validated_2021_2025,
31,Nachchaduwa Wewa,11/19/2024,2024,11,1152.166673,1649.774276,69.83783719,S1_SAR_fallback,,0,41.95668098,Validated (R²=0.618 vs gauge),validated_2021_2025,
31,Nachchaduwa Wewa,12/13/2024,2024,12,1208.081688,1649.774276,73.22708961,S1_SAR_fallback,,0,44.89851165,Validated (R²=0.618 vs gauge),validated_2021_2025,
31,Nachchaduwa Wewa,12/25/2024,2024,12,1238.479579,1649.774276,75.06963813,S1_SAR_fallback,,0,46.52274048,Validated (R²=0.618 vs gauge),validated_2021_2025,
31,Nachchaduwa Wewa,1/6/2025,2025,1,1262.962529,1649.774276,76.55365632,S1_SAR_fallback,,0,47.8434622,Validated (R²=0.618 vs gauge),validated_2021_2025,
31,Nachchaduwa Wewa,1/18/2025,2025,1,1260.001535,1649.774276,76.37417754,S1_SAR_fallback,,0,47.68314256,Validated (R²=0.618 vs gauge),validated_2021_2025,
31,Nachchaduwa Wewa,1/30/2025,2025,1,1244.717445,1649.774276,75.44774235,S1_SAR_fallback,,0,46.85818301,Validated (R²=0.618 vs gauge),validated_2021_2025,
31,Nachchaduwa Wewa,2/11/2025,2025,2,1234.127292,1649.774276,74.80582709,S1_SAR_fallback,,0,46.28912507,Validated (R²=0.618 vs gauge),validated_2021_2025,
31,Nachchaduwa Wewa,2/23/2025,2025,2,1219.635164,1649.774276,73.9273961,S1_SAR_fallback,,0,45.51379449,Validated (R²=0.618 vs gauge),validated_2021_2025,
31,Nachchaduwa Wewa,3/7/2025,2025,3,1223.698536,1649.774276,74.1736948,S2_MNDWI,3/5/2025,2,45.73078791,Validated (R²=0.618 vs gauge),validated_2021_2025,
31,Nachchaduwa Wewa,3/19/2025,2025,3,1234.432165,1649.774276,74.82430676,S1_SAR_fallback,,0,46.30547805,Validated (R²=0.618 vs gauge),validated_2021_2025,
31,Nachchaduwa Wewa,3/31/2025,2025,3,1213.868038,1649.774276,73.57782551,S1_SAR_fallback,,0,45.20635021,Validated (R²=0.618 vs gauge),validated_2021_2025,
31,Nachchaduwa Wewa,4/12/2025,2025,4,1211.324122,1649.774276,73.42362769,S1_SAR_fallback,,0,45.0709339,Validated (R²=0.618 vs gauge),validated_2021_2025,
31,Nachchaduwa Wewa,4/24/2025,2025,4,1210.008973,1649.774276,73.34391079,S1_SAR_fallback,,0,45.00097455,Validated (R²=0.618 vs gauge),validated_2021_2025,
31,Nachchaduwa Wewa,5/6/2025,2025,5,1215.727553,1649.774276,73.69053881,S1_SAR_fallback,,0,45.30541211,Validated (R²=0.618 vs gauge),validated_2021_2025,
31,Nachchaduwa Wewa,5/18/2025,2025,5,1208.381741,1649.774276,73.24527716,S1_SAR_fallback,,0,44.91445918,Validated (R²=0.618 vs gauge),validated_2021_2025,
31,Nachchaduwa Wewa,5/30/2025,2025,5,1204.688404,1649.774276,73.02140794,S1_SAR_fallback,,0,44.71828072,Validated (R²=0.618 vs gauge),validated_2021_2025,
31,Nachchaduwa Wewa,6/11/2025,2025,6,1211.895587,1649.774276,73.45826665,S1_SAR_fallback,,0,45.10134315,Validated (R²=0.618 vs gauge),validated_2021_2025,
31,Nachchaduwa Wewa,6/23/2025,2025,6,1214.846778,1649.774276,73.63715122,S1_SAR_fallback,,0,45.25848249,Validated (R²=0.618 vs gauge),validated_2021_2025,
31,Nachchaduwa Wewa,7/5/2025,2025,7,1205.758079,1649.774276,73.08624557,S1_SAR_fallback,,0,44.77507191,Validated (R²=0.618 vs gauge),validated_2021_2025,
31,Nachchaduwa Wewa,7/17/2025,2025,7,1176.498569,1649.774276,71.31269935,S1_SAR_fallback,,0,43.22947297,Validated (R²=0.618 vs gauge),validated_2021_2025,
31,Nachchaduwa Wewa,7/29/2025,2025,7,1104.147076,1649.774276,66.92716042,S2_MNDWI,7/28/2025,1,39.47869055,Validated (R²=0.618 vs gauge),validated_2021_2025,
31,Nachchaduwa Wewa,8/10/2025,2025,8,1123.726178,1649.774276,68.11393499,S1_SAR_fallback,,0,40.48356468,Validated (R²=0.618 vs gauge),validated_2021_2025,
31,Nachchaduwa Wewa,8/22/2025,2025,8,1002.307284,1649.774276,60.75420735,S2_MNDWI,8/22/2025,0,34.37680431,Validated (R²=0.618 vs gauge),validated_2021_2025,
31,Nachchaduwa Wewa,9/3/2025,2025,9,1069.430266,1649.774276,64.82282341,S1_SAR_fallback,,0,37.71570821,Validated (R²=0.618 vs gauge),validated_2021_2025,
31,Nachchaduwa Wewa,9/15/2025,2025,9,1058.070582,1649.774276,64.13426357,S1_SAR_fallback,,0,37.14412815,Validated (R²=0.618 vs gauge),validated_2021_2025,
31,Nachchaduwa Wewa,9/27/2025,2025,9,1133.243382,1649.774276,68.69081416,S1_SAR_fallback,,0,40.97475806,Validated (R²=0.618 vs gauge),validated_2021_2025,
31,Nachchaduwa Wewa,10/9/2025,2025,10,1202.357707,1649.774276,72.88013427,S1_SAR_fallback,,0,44.59461441,Validated (R²=0.618 vs gauge),validated_2021_2025,
31,Nachchaduwa Wewa,10/21/2025,2025,10,1255.073491,1649.774276,76.07546736,S1_SAR_fallback,,0,47.41667842,Validated (R²=0.618 vs gauge),validated_2021_2025,
31,Nachchaduwa Wewa,11/2/2025,2025,11,1275.938816,1649.774276,77.34020553,S2_MNDWI,10/31/2025,2,48.54795254,Validated (R²=0.618 vs gauge),validated_2021_2025,
31,Nachchaduwa Wewa,11/14/2025,2025,11,1189.216818,1649.774276,72.08360776,S1_SAR_fallback,,0,43.89929287,Validated (R²=0.618 vs gauge),validated_2021_2025,
31,Nachchaduwa Wewa,11/26/2025,2025,11,1255.616054,1649.774276,76.10835445,S1_SAR_fallback,,0,47.44599332,Validated (R²=0.618 vs gauge),validated_2021_2025,
31,Nachchaduwa Wewa,12/2/2025,2025,12,1357.118144,1649.774276,82.26083797,S1_SAR_fallback,,0,53.02461004,Validated (R²=0.618 vs gauge),validated_2021_2025,
31,Nachchaduwa Wewa,12/8/2025,2025,12,1267.163856,1649.774276,76.80831701,S1_SAR_fallback,,0,48.07121563,Validated (R²=0.618 vs gauge),validated_2021_2025,
31,Nachchaduwa Wewa,12/20/2025,2025,12,1313.063584,1649.774276,79.59049933,S1_SAR_fallback,,0,50.58047069,Validated (R²=0.618 vs gauge),validated_2021_2025,
10,Pahala Amanakkattuwa Wewa,1/3/2021,2021,1,0.0,20.86676457,0.0,S1_SAR,,0,0.0,"Sri Lanka small-tank power law (Telivarai Kulam), Imbulana ceiling-capped",validated_2021_2025,
10,Pahala Amanakkattuwa Wewa,1/15/2021,2021,1,0.0,20.86676457,0.0,S1_SAR,,0,0.0,"Sri Lanka small-tank power law (Telivarai Kulam), Imbulana ceiling-capped",validated_2021_2025,
10,Pahala Amanakkattuwa Wewa,1/27/2021,2021,1,0.0,20.86676457,0.0,S1_SAR,,0,0.0,"Sri Lanka small-tank power law (Telivarai Kulam), Imbulana ceiling-capped",validated_2021_2025,
10,Pahala Amanakkattuwa Wewa,2/8/2021,2021,2,0.0,20.86676457,0.0,S1_SAR,,0,0.0,"Sri Lanka small-tank power law (Telivarai Kulam), Imbulana ceiling-capped",validated_2021_2025,
10,Pahala Amanakkattuwa Wewa,2/20/2021,2021,2,0.0,20.86676457,0.0,S1_SAR,,0,0.0,"Sri Lanka small-tank power law (Telivarai Kulam), Imbulana ceiling-capped",validated_2021_2025,
10,Pahala Amanakkattuwa Wewa,3/4/2021,2021,3,0.0,20.86676457,0.0,S1_SAR,,0,0.0,"Sri Lanka small-tank power law (Telivarai Kulam), Imbulana ceiling-capped",validated_2021_2025,
10,Pahala Amanakkattuwa Wewa,3/16/2021,2021,3,0.0,20.86676457,0.0,S1_SAR,,0,0.0,"Sri Lanka small-tank power law (Telivarai Kulam), Imbulana ceiling-capped",validated_2021_2025,
10,Pahala Amanakkattuwa Wewa,3/28/2021,2021,3,0.0,20.86676457,0.0,S1_SAR,,0,0.0,"Sri Lanka small-tank power law (Telivarai Kulam), Imbulana ceiling-capped",validated_2021_2025,
10,Pahala Amanakkattuwa Wewa,4/9/2021,2021,4,0.0,20.86676457,0.0,S1_SAR,,0,0.0,"Sri Lanka small-tank power law (Telivarai Kulam), Imbulana ceiling-capped",validated_2021_2025,
10,Pahala Amanakkattuwa Wewa,4/21/2021,2021,4,0.0,20.86676457,0.0,S1_SAR,,0,0.0,"Sri Lanka small-tank power law (Telivarai Kulam), Imbulana ceiling-capped",validated_2021_2025,
10,Pahala Amanakkattuwa Wewa,5/3/2021,2021,5,0.0,20.86676457,0.0,S1_SAR,,0,0.0,"Sri Lanka small-tank power law (Telivarai Kulam), Imbulana ceiling-capped",validated_2021_2025,
10,Pahala Amanakkattuwa Wewa,5/15/2021,2021,5,0.0,20.86676457,0.0,S1_SAR,,0,0.0,"Sri Lanka small-tank power law (Telivarai Kulam), Imbulana ceiling-capped",validated_2021_2025,
10,Pahala Amanakkattuwa Wewa,5/27/2021,2021,5,0.0,20.86676457,0.0,S1_SAR,,0,0.0,"Sri Lanka small-tank power law (Telivarai Kulam), Imbulana ceiling-capped",validated_2021_2025,
10,Pahala Amanakkattuwa Wewa,6/8/2021,2021,6,0.0,20.86676457,0.0,S1_SAR,,0,0.0,"Sri Lanka small-tank power law (Telivarai Kulam), Imbulana ceiling-capped",validated_2021_2025,
10,Pahala Amanakkattuwa Wewa,6/14/2021,2021,6,0.0,20.86676457,0.0,S1_SAR,,0,0.0,"Sri Lanka small-tank power law (Telivarai Kulam), Imbulana ceiling-capped",validated_2021_2025,
10,Pahala Amanakkattuwa Wewa,6/20/2021,2021,6,0.0,20.86676457,0.0,S1_SAR,,0,0.0,"Sri Lanka small-tank power law (Telivarai Kulam), Imbulana ceiling-capped",validated_2021_2025,
10,Pahala Amanakkattuwa Wewa,7/2/2021,2021,7,0.0,20.86676457,0.0,S1_SAR,,0,0.0,"Sri Lanka small-tank power law (Telivarai Kulam), Imbulana ceiling-capped",validated_2021_2025,
10,Pahala Amanakkattuwa Wewa,7/14/2021,2021,7,0.0,20.86676457,0.0,S1_SAR,,0,0.0,"Sri Lanka small-tank power law (Telivarai Kulam), Imbulana ceiling-capped",validated_2021_2025,
10,Pahala Amanakkattuwa Wewa,7/26/2021,2021,7,0.0,20.86676457,0.0,S1_SAR,,0,0.0,"Sri Lanka small-tank power law (Telivarai Kulam), Imbulana ceiling-capped",validated_2021_2025,
10,Pahala Amanakkattuwa Wewa,8/7/2021,2021,8,0.0,20.86676457,0.0,S1_SAR,,0,0.0,"Sri Lanka small-tank power law (Telivarai Kulam), Imbulana ceiling-capped",validated_2021_2025,
10,Pahala Amanakkattuwa Wewa,8/19/2021,2021,8,0.010007237,20.86676457,0.047957781,S1_SAR,,0,2.36e-05,"Sri Lanka small-tank power law (Telivarai Kulam), Imbulana ceiling-capped",validated_2021_2025,
10,Pahala Amanakkattuwa Wewa,8/31/2021,2021,8,0.0,20.86676457,0.0,S1_SAR,,0,0.0,"Sri Lanka small-tank power law (Telivarai Kulam), Imbulana ceiling-capped",validated_2021_2025,
10,Pahala Amanakkattuwa Wewa,9/12/2021,2021,9,0.0,20.86676457,0.0,S1_SAR,,0,0.0,"Sri Lanka small-tank power law (Telivarai Kulam), Imbulana ceiling-capped",validated_2021_2025,
10,Pahala Amanakkattuwa Wewa,9/24/2021,2021,9,0.0,20.86676457,0.0,S1_SAR,,0,0.0,"Sri Lanka small-tank power law (Telivarai Kulam), Imbulana ceiling-capped",validated_2021_2025,
10,Pahala Amanakkattuwa Wewa,10/6/2021,2021,10,0.0,20.86676457,0.0,S1_SAR,,0,0.0,"Sri Lanka small-tank power law (Telivarai Kulam), Imbulana ceiling-capped",validated_2021_2025,
10,Pahala Amanakkattuwa Wewa,10/18/2021,2021,10,0.0,20.86676457,0.0,S1_SAR,,0,0.0,"Sri Lanka small-tank power law (Telivarai Kulam), Imbulana ceiling-capped",validated_2021_2025,
10,Pahala Amanakkattuwa Wewa,10/30/2021,2021,10,0.0,20.86676457,0.0,S1_SAR,,0,0.0,"Sri Lanka small-tank power law (Telivarai Kulam), Imbulana ceiling-capped",validated_2021_2025,
10,Pahala Amanakkattuwa Wewa,11/17/2021,2021,11,1.69122349,20.86676457,8.104866879,S1_SAR,,0,0.014076161,"Sri Lanka small-tank power law (Telivarai Kulam), Imbulana ceiling-capped",validated_2021_2025,
10,Pahala Amanakkattuwa Wewa,11/23/2021,2021,11,1.080781789,20.86676457,5.179441144,S1_SAR,,0,0.008056884,"Sri Lanka small-tank power law (Telivarai Kulam), Imbulana ceiling-capped",validated_2021_2025,
10,Pahala Amanakkattuwa Wewa,12/5/2021,2021,12,0.290209932,20.86676457,1.390775896,S1_SAR,,0,0.001565386,"Sri Lanka small-tank power law (Telivarai Kulam), Imbulana ceiling-capped",validated_2021_2025,
10,Pahala Amanakkattuwa Wewa,12/17/2021,2021,12,0.110079611,20.86676457,0.527535598,S1_SAR,,0,0.00046775,"Sri Lanka small-tank power law (Telivarai Kulam), Imbulana ceiling-capped",validated_2021_2025,
10,Pahala Amanakkattuwa Wewa,12/29/2021,2021,12,0.14010134,20.86676457,0.671409021,S1_SAR,,0,0.000631717,"Sri Lanka small-tank power law (Telivarai Kulam), Imbulana ceiling-capped",validated_2021_2025,
10,Pahala Amanakkattuwa Wewa,1/10/2022,2022,1,0.250180959,20.86676457,1.198944655,S1_SAR,,0,0.001301072,"Sri Lanka small-tank power law (Telivarai Kulam), Imbulana ceiling-capped",validated_2021_2025,
10,Pahala Amanakkattuwa Wewa,1/22/2022,2022,1,0.040028951,20.86676457,0.191831131,S1_SAR,,0,0.000132608,"Sri Lanka small-tank power law (Telivarai Kulam), Imbulana ceiling-capped",validated_2021_2025,
10,Pahala Amanakkattuwa Wewa,2/3/2022,2022,2,0.080057899,20.86676457,0.383662255,S1_SAR,,0,0.000314541,"Sri Lanka small-tank power law (Telivarai Kulam), Imbulana ceiling-capped",validated_2021_2025,
10,Pahala Amanakkattuwa Wewa,2/15/2022,2022,2,0.150108559,20.86676457,0.719366714,S1_SAR,,0,0.000688429,"Sri Lanka small-tank power law (Telivarai Kulam), Imbulana ceiling-capped",validated_2021_2025,
10,Pahala Amanakkattuwa Wewa,2/27/2022,2022,2,0.160115799,20.86676457,0.76732451,S1_SAR,,0,0.00074608,"Sri Lanka small-tank power law (Telivarai Kulam), Imbulana ceiling-capped",validated_2021_2025,
10,Pahala Amanakkattuwa Wewa,3/11/2022,2022,3,0.080057898,20.86676457,0.383662248,S1_SAR,,0,0.000314541,"Sri Lanka small-tank power law (Telivarai Kulam), Imbulana ceiling-capped",validated_2021_2025,
10,Pahala Amanakkattuwa Wewa,3/23/2022,2022,3,0.190137511,20.86676457,0.911197853,S1_SAR,,0,0.000924241,"Sri Lanka small-tank power law (Telivarai Kulam), Imbulana ceiling-capped",validated_2021_2025,
10,Pahala Amanakkattuwa Wewa,4/4/2022,2022,4,0.140101323,20.86676457,0.671408941,S1_SAR,,0,0.000631717,"Sri Lanka small-tank power law (Telivarai Kulam), Imbulana ceiling-capped",validated_2021_2025,
10,Pahala Amanakkattuwa Wewa,4/16/2022,2022,4,0.130094092,20.86676457,0.623451189,S1_SAR,,0,0.000575994,"Sri Lanka small-tank power law (Telivarai Kulam), Imbulana ceiling-capped",validated_2021_2025,
10,Pahala Amanakkattuwa Wewa,4/28/2022,2022,4,0.150108559,20.86676457,0.719366718,S1_SAR,,0,0.000688429,"Sri Lanka small-tank power law (Telivarai Kulam), Imbulana ceiling-capped",validated_2021_2025,
10,Pahala Amanakkattuwa Wewa,5/10/2022,2022,5,0.040028951,20.86676457,0.191831131,S1_SAR,,0,0.000132608,"Sri Lanka small-tank power law (Telivarai Kulam), Imbulana ceiling-capped",validated_2021_2025,
10,Pahala Amanakkattuwa Wewa,5/22/2022,2022,5,0.0,20.86676457,0.0,S1_SAR,,0,0.0,"Sri Lanka small-tank power law (Telivarai Kulam), Imbulana ceiling-capped",validated_2021_2025,
10,Pahala Amanakkattuwa Wewa,6/3/2022,2022,6,0.070050661,20.86676457,0.335704467,S1_SAR,,0,0.000266326,"Sri Lanka small-tank power law (Telivarai Kulam), Imbulana ceiling-capped",validated_2021_2025,
10,Pahala Amanakkattuwa Wewa,6/15/2022,2022,6,0.060043425,20.86676457,0.287746693,S1_SAR,,0,0.000219782,"Sri Lanka small-tank power law (Telivarai Kulam), Imbulana ceiling-capped",validated_2021_2025,
10,Pahala Amanakkattuwa Wewa,6/27/2022,2022,6,0.0,20.86676457,0.0,S1_SAR,,0,0.0,"Sri Lanka small-tank power law (Telivarai Kulam), Imbulana ceiling-capped",validated_2021_2025,
10,Pahala Amanakkattuwa Wewa,7/9/2022,2022,7,0.030021712,20.86676457,0.143873343,S1_SAR,,0,9.27e-05,"Sri Lanka small-tank power law (Telivarai Kulam), Imbulana ceiling-capped",validated_2021_2025,
10,Pahala Amanakkattuwa Wewa,7/21/2022,2022,7,0.040028957,20.86676457,0.19183116,S1_SAR,,0,0.000132608,"Sri Lanka small-tank power law (Telivarai Kulam), Imbulana ceiling-capped",validated_2021_2025,
10,Pahala Amanakkattuwa Wewa,8/2/2022,2022,8,0.0,20.86676457,0.0,S1_SAR,,0,0.0,"Sri Lanka small-tank power law (Telivarai Kulam), Imbulana ceiling-capped",validated_2021_2025,
10,Pahala Amanakkattuwa Wewa,8/14/2022,2022,8,0.030021712,20.86676457,0.143873343,S1_SAR,,0,9.27e-05,"Sri Lanka small-tank power law (Telivarai Kulam), Imbulana ceiling-capped",validated_2021_2025,
10,Pahala Amanakkattuwa Wewa,8/26/2022,2022,8,0.0,20.86676457,0.0,S1_SAR,,0,0.0,"Sri Lanka small-tank power law (Telivarai Kulam), Imbulana ceiling-capped",validated_2021_2025,
10,Pahala Amanakkattuwa Wewa,9/7/2022,2022,9,0.0,20.86676457,0.0,S1_SAR,,0,0.0,"Sri Lanka small-tank power law (Telivarai Kulam), Imbulana ceiling-capped",validated_2021_2025,
10,Pahala Amanakkattuwa Wewa,9/19/2022,2022,9,0.070050677,20.86676457,0.335704547,S1_SAR,,0,0.000266326,"Sri Lanka small-tank power law (Telivarai Kulam), Imbulana ceiling-capped",validated_2021_2025,
10,Pahala Amanakkattuwa Wewa,10/1/2022,2022,10,0.0,20.86676457,0.0,S1_SAR,,0,0.0,"Sri Lanka small-tank power law (Telivarai Kulam), Imbulana ceiling-capped",validated_2021_2025,
10,Pahala Amanakkattuwa Wewa,10/13/2022,2022,10,0.070050665,20.86676457,0.335704485,S1_SAR,,0,0.000266326,"Sri Lanka small-tank power law (Telivarai Kulam), Imbulana ceiling-capped",validated_2021_2025,
10,Pahala Amanakkattuwa Wewa,10/25/2022,2022,10,0.080057901,20.86676457,0.383662262,S1_SAR,,0,0.000314541,"Sri Lanka small-tank power law (Telivarai Kulam), Imbulana ceiling-capped",validated_2021_2025,
10,Pahala Amanakkattuwa Wewa,11/6/2022,2022,11,0.040028951,20.86676457,0.191831131,S1_SAR,,0,0.000132608,"Sri Lanka small-tank power law (Telivarai Kulam), Imbulana ceiling-capped",validated_2021_2025,
10,Pahala Amanakkattuwa Wewa,11/18/2022,2022,11,0.0,20.86676457,0.0,S1_SAR,,0,0.0,"Sri Lanka small-tank power law (Telivarai Kulam), Imbulana ceiling-capped",validated_2021_2025,
10,Pahala Amanakkattuwa Wewa,11/30/2022,2022,11,0.0,20.86676457,0.0,S1_SAR,,0,0.0,"Sri Lanka small-tank power law (Telivarai Kulam), Imbulana ceiling-capped",validated_2021_2025,
10,Pahala Amanakkattuwa Wewa,12/12/2022,2022,12,0.0,20.86676457,0.0,S1_SAR,,0,0.0,"Sri Lanka small-tank power law (Telivarai Kulam), Imbulana ceiling-capped",validated_2021_2025,
10,Pahala Amanakkattuwa Wewa,12/24/2022,2022,12,0.0,20.86676457,0.0,S1_SAR,,0,0.0,"Sri Lanka small-tank power law (Telivarai Kulam), Imbulana ceiling-capped",validated_2021_2025,
10,Pahala Amanakkattuwa Wewa,1/5/2023,2023,1,0.0,20.86676457,0.0,S1_SAR,,0,0.0,"Sri Lanka small-tank power law (Telivarai Kulam), Imbulana ceiling-capped",validated_2021_2025,
10,Pahala Amanakkattuwa Wewa,1/17/2023,2023,1,0.0,20.86676457,0.0,S1_SAR,,0,0.0,"Sri Lanka small-tank power law (Telivarai Kulam), Imbulana ceiling-capped",validated_2021_2025,
10,Pahala Amanakkattuwa Wewa,1/29/2023,2023,1,0.0,20.86676457,0.0,S1_SAR,,0,0.0,"Sri Lanka small-tank power law (Telivarai Kulam), Imbulana ceiling-capped",validated_2021_2025,
10,Pahala Amanakkattuwa Wewa,2/10/2023,2023,2,0.060043425,20.86676457,0.287746693,S1_SAR,,0,0.000219782,"Sri Lanka small-tank power law (Telivarai Kulam), Imbulana ceiling-capped",validated_2021_2025,
10,Pahala Amanakkattuwa Wewa,2/22/2023,2023,2,0.0,20.86676457,0.0,S1_SAR,,0,0.0,"Sri Lanka small-tank power law (Telivarai Kulam), Imbulana ceiling-capped",validated_2021_2025,
10,Pahala Amanakkattuwa Wewa,3/6/2023,2023,3,0.0,20.86676457,0.0,S1_SAR,,0,0.0,"Sri Lanka small-tank power law (Telivarai Kulam), Imbulana ceiling-capped",validated_2021_2025,
10,Pahala Amanakkattuwa Wewa,3/18/2023,2023,3,0.0,20.86676457,0.0,S1_SAR,,0,0.0,"Sri Lanka small-tank power law (Telivarai Kulam), Imbulana ceiling-capped",validated_2021_2025,
10,Pahala Amanakkattuwa Wewa,3/30/2023,2023,3,0.0,20.86676457,0.0,S1_SAR,,0,0.0,"Sri Lanka small-tank power law (Telivarai Kulam), Imbulana ceiling-capped",validated_2021_2025,
10,Pahala Amanakkattuwa Wewa,4/11/2023,2023,4,0.0,20.86676457,0.0,S1_SAR,,0,0.0,"Sri Lanka small-tank power law (Telivarai Kulam), Imbulana ceiling-capped",validated_2021_2025,
10,Pahala Amanakkattuwa Wewa,4/23/2023,2023,4,0.0,20.86676457,0.0,S1_SAR,,0,0.0,"Sri Lanka small-tank power law (Telivarai Kulam), Imbulana ceiling-capped",validated_2021_2025,
10,Pahala Amanakkattuwa Wewa,5/5/2023,2023,5,0.0,20.86676457,0.0,S1_SAR,,0,0.0,"Sri Lanka small-tank power law (Telivarai Kulam), Imbulana ceiling-capped",validated_2021_2025,
10,Pahala Amanakkattuwa Wewa,5/17/2023,2023,5,0.050036189,20.86676457,0.239788916,S1_SAR,,0,0.000175116,"Sri Lanka small-tank power law (Telivarai Kulam), Imbulana ceiling-capped",validated_2021_2025,
10,Pahala Amanakkattuwa Wewa,5/29/2023,2023,5,0.0,20.86676457,0.0,S1_SAR,,0,0.0,"Sri Lanka small-tank power law (Telivarai Kulam), Imbulana ceiling-capped",validated_2021_2025,
10,Pahala Amanakkattuwa Wewa,6/10/2023,2023,6,0.010007237,20.86676457,0.047957781,S1_SAR,,0,2.36e-05,"Sri Lanka small-tank power law (Telivarai Kulam), Imbulana ceiling-capped",validated_2021_2025,
10,Pahala Amanakkattuwa Wewa,6/22/2023,2023,6,0.040028951,20.86676457,0.191831131,S1_SAR,,0,0.000132608,"Sri Lanka small-tank power law (Telivarai Kulam), Imbulana ceiling-capped",validated_2021_2025,
10,Pahala Amanakkattuwa Wewa,7/4/2023,2023,7,0.100072375,20.86676457,0.479577821,S1_SAR,,0,0.00041537,"Sri Lanka small-tank power law (Telivarai Kulam), Imbulana ceiling-capped",validated_2021_2025,
10,Pahala Amanakkattuwa Wewa,7/16/2023,2023,7,0.06004343,20.86676457,0.287746715,S1_SAR,,0,0.000219782,"Sri Lanka small-tank power law (Telivarai Kulam), Imbulana ceiling-capped",validated_2021_2025,
10,Pahala Amanakkattuwa Wewa,7/28/2023,2023,7,0.200144771,20.86676457,0.959155743,S1_SAR,,0,0.000985243,"Sri Lanka small-tank power law (Telivarai Kulam), Imbulana ceiling-capped",validated_2021_2025,
10,Pahala Amanakkattuwa Wewa,8/9/2023,2023,8,0.0,20.86676457,0.0,S1_SAR,,0,0.0,"Sri Lanka small-tank power law (Telivarai Kulam), Imbulana ceiling-capped",validated_2021_2025,
10,Pahala Amanakkattuwa Wewa,9/2/2023,2023,9,0.390282282,20.86676457,1.8703536,S1_SAR,,0,0.002264387,"Sri Lanka small-tank power law (Telivarai Kulam), Imbulana ceiling-capped",validated_2021_2025,
10,Pahala Amanakkattuwa Wewa,9/14/2023,2023,9,0.160115798,20.86676457,0.767324506,S1_SAR,,0,0.00074608,"Sri Lanka small-tank power law (Telivarai Kulam), Imbulana ceiling-capped",validated_2021_2025,
10,Pahala Amanakkattuwa Wewa,9/26/2023,2023,9,0.130094094,20.86676457,0.6234512,S1_SAR,,0,0.000575994,"Sri Lanka small-tank power law (Telivarai Kulam), Imbulana ceiling-capped",validated_2021_2025,
10,Pahala Amanakkattuwa Wewa,10/8/2023,2023,10,0.0,20.86676457,0.0,S1_SAR,,0,0.0,"Sri Lanka small-tank power law (Telivarai Kulam), Imbulana ceiling-capped",validated_2021_2025,
10,Pahala Amanakkattuwa Wewa,10/20/2023,2023,10,0.0,20.86676457,0.0,S1_SAR,,0,0.0,"Sri Lanka small-tank power law (Telivarai Kulam), Imbulana ceiling-capped",validated_2021_2025,
10,Pahala Amanakkattuwa Wewa,11/1/2023,2023,11,0.0,20.86676457,0.0,S1_SAR,,0,0.0,"Sri Lanka small-tank power law (Telivarai Kulam), Imbulana ceiling-capped",validated_2021_2025,
10,Pahala Amanakkattuwa Wewa,11/13/2023,2023,11,3.162287126,20.86676457,15.15465953,S1_SAR,,0,0.03070224,"Sri Lanka small-tank power law (Telivarai Kulam), Imbulana ceiling-capped",validated_2021_2025,
10,Pahala Amanakkattuwa Wewa,11/25/2023,2023,11,1.801302873,20.86676457,8.632401383,S1_SAR,,0,0.015226817,"Sri Lanka small-tank power law (Telivarai Kulam), Imbulana ceiling-capped",validated_2021_2025,
10,Pahala Amanakkattuwa Wewa,12/7/2023,2023,12,0.500361906,20.86676457,2.39788926,S1_SAR,,0,0.003086099,"Sri Lanka small-tank power law (Telivarai Kulam), Imbulana ceiling-capped",validated_2021_2025,
10,Pahala Amanakkattuwa Wewa,12/19/2023,2023,12,1.000723795,20.86676457,4.795778432,S1_SAR,,0,0.007320121,"Sri Lanka small-tank power law (Telivarai Kulam), Imbulana ceiling-capped",validated_2021_2025,
10,Pahala Amanakkattuwa Wewa,12/31/2023,2023,12,0.620448727,20.86676457,2.973382507,S1_SAR,,0,0.00403479,"Sri Lanka small-tank power law (Telivarai Kulam), Imbulana ceiling-capped",validated_2021_2025,
10,Pahala Amanakkattuwa Wewa,1/12/2024,2024,1,0.580419775,20.86676457,2.781551365,S1_SAR,,0,0.003713041,"Sri Lanka small-tank power law (Telivarai Kulam), Imbulana ceiling-capped",validated_2021_2025,
10,Pahala Amanakkattuwa Wewa,1/24/2024,2024,1,0.510369123,20.86676457,2.445846942,S1_SAR,,0,0.003163198,"Sri Lanka small-tank power law (Telivarai Kulam), Imbulana ceiling-capped",validated_2021_2025,
10,Pahala Amanakkattuwa Wewa,2/5/2024,2024,2,0.45032569,20.86676457,2.158100212,S1_SAR,,0,0.002706401,"Sri Lanka small-tank power law (Telivarai Kulam), Imbulana ceiling-capped",validated_2021_2025,
10,Pahala Amanakkattuwa Wewa,2/17/2024,2024,2,0.300217131,20.86676457,1.438733494,S1_SAR,,0,0.001632931,"Sri Lanka small-tank power law (Telivarai Kulam), Imbulana ceiling-capped",validated_2021_2025,
10,Pahala Amanakkattuwa Wewa,2/29/2024,2024,2,0.350253312,20.86676457,1.678522374,S1_SAR,,0,0.001978741,"Sri Lanka small-tank power law (Telivarai Kulam), Imbulana ceiling-capped",validated_2021_2025,
10,Pahala Amanakkattuwa Wewa,3/12/2024,2024,3,0.230166467,20.86676457,1.103029013,S1_SAR,,0,0.001172676,"Sri Lanka small-tank power law (Telivarai Kulam), Imbulana ceiling-capped",validated_2021_2025,
10,Pahala Amanakkattuwa Wewa,3/24/2024,2024,3,0.410296741,20.86676457,1.966269085,S1_SAR,,0,0.002409987,"Sri Lanka small-tank power law (Telivarai Kulam), Imbulana ceiling-capped",validated_2021_2025,
10,Pahala Amanakkattuwa Wewa,4/5/2024,2024,4,0.170123039,20.86676457,0.815282305,S1_SAR,,0,0.000804625,"Sri Lanka small-tank power law (Telivarai Kulam), Imbulana ceiling-capped",validated_2021_2025,
10,Pahala Amanakkattuwa Wewa,4/17/2024,2024,4,0.230166457,20.86676457,1.103028966,S1_SAR,,0,0.001172676,"Sri Lanka small-tank power law (Telivarai Kulam), Imbulana ceiling-capped",validated_2021_2025,
10,Pahala Amanakkattuwa Wewa,4/29/2024,2024,4,0.180130276,20.86676457,0.863240086,S1_SAR,,0,0.000864024,"Sri Lanka small-tank power law (Telivarai Kulam), Imbulana ceiling-capped",validated_2021_2025,
10,Pahala Amanakkattuwa Wewa,5/11/2024,2024,5,0.070050661,20.86676457,0.33570447,S1_SAR,,0,0.000266326,"Sri Lanka small-tank power law (Telivarai Kulam), Imbulana ceiling-capped",validated_2021_2025,
10,Pahala Amanakkattuwa Wewa,5/23/2024,2024,5,0.670484913,20.86676457,3.213171408,S1_SAR,,0,0.004444193,"Sri Lanka small-tank power law (Telivarai Kulam), Imbulana ceiling-capped",validated_2021_2025,
10,Pahala Amanakkattuwa Wewa,6/4/2024,2024,6,1.401013254,20.86676457,6.714089524,S1_SAR,,0,0.01113284,"Sri Lanka small-tank power law (Telivarai Kulam), Imbulana ceiling-capped",validated_2021_2025,
10,Pahala Amanakkattuwa Wewa,6/16/2024,2024,6,1.110803368,20.86676457,5.32331385,S1_SAR,,0,0.008336706,"Sri Lanka small-tank power law (Telivarai Kulam), Imbulana ceiling-capped",validated_2021_2025,
10,Pahala Amanakkattuwa Wewa,7/10/2024,2024,7,1.300940867,20.86676457,6.234511645,S1_SAR,,0,0.010150821,"Sri Lanka small-tank power law (Telivarai Kulam), Imbulana ceiling-capped",validated_2021_2025,
10,Pahala Amanakkattuwa Wewa,7/22/2024,2024,7,1.531107374,20.86676457,7.337540848,S1_SAR,,0,0.012435384,"Sri Lanka small-tank power law (Telivarai Kulam), Imbulana ceiling-capped",validated_2021_2025,
10,Pahala Amanakkattuwa Wewa,8/3/2024,2024,8,1.060767209,20.86676457,5.083525074,S1_SAR,,0,0.007871391,"Sri Lanka small-tank power law (Telivarai Kulam), Imbulana ceiling-capped",validated_2021_2025,
10,Pahala Amanakkattuwa Wewa,8/15/2024,2024,8,1.050759988,20.86676457,5.035567373,S1_SAR,,0,0.007778967,"Sri Lanka small-tank power law (Telivarai Kulam), Imbulana ceiling-capped",validated_2021_2025,
10,Pahala Amanakkattuwa Wewa,8/27/2024,2024,8,0.0,20.86676457,0.0,S1_SAR,,0,0.0,"Sri Lanka small-tank power law (Telivarai Kulam), Imbulana ceiling-capped",validated_2021_2025,
10,Pahala Amanakkattuwa Wewa,9/20/2024,2024,9,0.0,20.86676457,0.0,S1_SAR,,0,0.0,"Sri Lanka small-tank power law (Telivarai Kulam), Imbulana ceiling-capped",validated_2021_2025,
10,Pahala Amanakkattuwa Wewa,10/2/2024,2024,10,0.0,20.86676457,0.0,S1_SAR,,0,0.0,"Sri Lanka small-tank power law (Telivarai Kulam), Imbulana ceiling-capped",validated_2021_2025,
10,Pahala Amanakkattuwa Wewa,10/14/2024,2024,10,0.0,20.86676457,0.0,S1_SAR,,0,0.0,"Sri Lanka small-tank power law (Telivarai Kulam), Imbulana ceiling-capped",validated_2021_2025,
10,Pahala Amanakkattuwa Wewa,10/26/2024,2024,10,0.0,20.86676457,0.0,S1_SAR,,0,0.0,"Sri Lanka small-tank power law (Telivarai Kulam), Imbulana ceiling-capped",validated_2021_2025,
10,Pahala Amanakkattuwa Wewa,11/7/2024,2024,11,2.431759097,20.86676457,11.65374291,S1_SAR,,0,0.022131759,"Sri Lanka small-tank power law (Telivarai Kulam), Imbulana ceiling-capped",validated_2021_2025,
10,Pahala Amanakkattuwa Wewa,11/19/2024,2024,11,2.892092169,20.86676457,13.8598016,S1_SAR,,0,0.027468536,"Sri Lanka small-tank power law (Telivarai Kulam), Imbulana ceiling-capped",validated_2021_2025,
10,Pahala Amanakkattuwa Wewa,12/13/2024,2024,12,4.213047444,20.86676457,20.19022849,S1_SAR,,0,0.043896095,"Sri Lanka small-tank power law (Telivarai Kulam), Imbulana ceiling-capped",validated_2021_2025,
10,Pahala Amanakkattuwa Wewa,12/25/2024,2024,12,3.9828809,20.86676457,19.0871991,S1_SAR,,0,0.040928201,"Sri Lanka small-tank power law (Telivarai Kulam), Imbulana ceiling-capped",validated_2021_2025,
10,Pahala Amanakkattuwa Wewa,1/6/2025,2025,1,4.032917139,20.86676457,19.32698826,S1_SAR,,0,0.041569892,"Sri Lanka small-tank power law (Telivarai Kulam), Imbulana ceiling-capped",validated_2021_2025,
10,Pahala Amanakkattuwa Wewa,1/18/2025,2025,1,4.313119928,20.86676457,20.66980683,S1_SAR,,0,0.045199115,"Sri Lanka small-tank power law (Telivarai Kulam), Imbulana ceiling-capped",validated_2021_2025,
10,Pahala Amanakkattuwa Wewa,1/30/2025,2025,1,3.992888175,20.86676457,19.13515707,S1_SAR,,0,0.041056382,"Sri Lanka small-tank power law (Telivarai Kulam), Imbulana ceiling-capped",validated_2021_2025,
10,Pahala Amanakkattuwa Wewa,2/11/2025,2025,2,4.032917173,20.86676457,19.32698843,S1_SAR,,0,0.041569892,"Sri Lanka small-tank power law (Telivarai Kulam), Imbulana ceiling-capped",validated_2021_2025,
10,Pahala Amanakkattuwa Wewa,2/23/2025,2025,2,3.862794077,20.86676457,18.51170585,S1_SAR,,0,0.039396263,"Sri Lanka small-tank power law (Telivarai Kulam), Imbulana ceiling-capped",validated_2021_2025,
10,Pahala Amanakkattuwa Wewa,3/7/2025,2025,3,3.762721716,20.86676457,18.03212809,S1_SAR,,0,0.038128556,"Sri Lanka small-tank power law (Telivarai Kulam), Imbulana ceiling-capped",validated_2021_2025,
10,Pahala Amanakkattuwa Wewa,3/19/2025,2025,3,3.462504581,20.86676457,16.59339458,S1_SAR,,0,0.034375744,"Sri Lanka small-tank power law (Telivarai Kulam), Imbulana ceiling-capped",validated_2021_2025,
10,Pahala Amanakkattuwa Wewa,3/31/2025,2025,3,3.98288094,20.86676457,19.0871993,S1_SAR,,0,0.040928202,"Sri Lanka small-tank power law (Telivarai Kulam), Imbulana ceiling-capped",validated_2021_2025,
10,Pahala Amanakkattuwa Wewa,4/12/2025,2025,4,3.74270719,20.86676457,17.93621229,S1_SAR,,0,0.037876001,"Sri Lanka small-tank power law (Telivarai Kulam), Imbulana ceiling-capped",validated_2021_2025,
10,Pahala Amanakkattuwa Wewa,4/24/2025,2025,4,3.372439509,20.86676457,16.16177485,S1_SAR,,0,0.033265128,"Sri Lanka small-tank power law (Telivarai Kulam), Imbulana ceiling-capped",validated_2021_2025,
10,Pahala Amanakkattuwa Wewa,5/6/2025,2025,5,3.54083565,20.86676457,16.96878133,S1_SAR,,0,0.035347469,"Sri Lanka small-tank power law (Telivarai Kulam), Imbulana ceiling-capped",validated_2021_2025,
10,Pahala Amanakkattuwa Wewa,5/18/2025,2025,5,2.411744406,20.86676457,11.55782631,S1_SAR,,0,0.021905007,"Sri Lanka small-tank power law (Telivarai Kulam), Imbulana ceiling-capped",validated_2021_2025,
10,Pahala Amanakkattuwa Wewa,5/30/2025,2025,5,2.952135286,20.86676457,14.14754681,S1_SAR,,0,0.028180956,"Sri Lanka small-tank power law (Telivarai Kulam), Imbulana ceiling-capped",validated_2021_2025,
10,Pahala Amanakkattuwa Wewa,6/11/2025,2025,6,3.392453769,20.86676457,16.25768939,S1_SAR,,0,0.033511306,"Sri Lanka small-tank power law (Telivarai Kulam), Imbulana ceiling-capped",validated_2021_2025,
10,Pahala Amanakkattuwa Wewa,6/23/2025,2025,6,3.912830178,20.86676457,18.75149435,S1_SAR,,0,0.040033166,"Sri Lanka small-tank power law (Telivarai Kulam), Imbulana ceiling-capped",validated_2021_2025,
10,Pahala Amanakkattuwa Wewa,7/5/2025,2025,7,4.273090815,20.86676457,20.47797492,S1_SAR,,0,0.044677003,"Sri Lanka small-tank power law (Telivarai Kulam), Imbulana ceiling-capped",validated_2021_2025,
10,Pahala Amanakkattuwa Wewa,7/17/2025,2025,7,4.333134252,20.86676457,20.76572167,S1_SAR,,0,0.045460617,"Sri Lanka small-tank power law (Telivarai Kulam), Imbulana ceiling-capped",validated_2021_2025,
10,Pahala Amanakkattuwa Wewa,7/29/2025,2025,7,3.88280849,20.86676457,18.60762112,S1_SAR,,0,0.039650782,"Sri Lanka small-tank power law (Telivarai Kulam), Imbulana ceiling-capped",validated_2021_2025,
10,Pahala Amanakkattuwa Wewa,8/10/2025,2025,8,2.151556336,20.86676457,10.31092448,S1_SAR,,0,0.019000471,"Sri Lanka small-tank power law (Telivarai Kulam), Imbulana ceiling-capped",validated_2021_2025,
10,Pahala Amanakkattuwa Wewa,8/22/2025,2025,8,1.230890438,20.86676457,5.898808289,S1_SAR,,0,0.009474311,"Sri Lanka small-tank power law (Telivarai Kulam), Imbulana ceiling-capped",validated_2021_2025,
10,Pahala Amanakkattuwa Wewa,9/3/2025,2025,9,0.200144818,20.86676457,0.95915597,S1_SAR,,0,0.000985243,"Sri Lanka small-tank power law (Telivarai Kulam), Imbulana ceiling-capped",validated_2021_2025,
10,Pahala Amanakkattuwa Wewa,9/15/2025,2025,9,0.130094098,20.86676457,0.623451218,S1_SAR,,0,0.000575994,"Sri Lanka small-tank power law (Telivarai Kulam), Imbulana ceiling-capped",validated_2021_2025,
10,Pahala Amanakkattuwa Wewa,9/27/2025,2025,9,0.070050661,20.86676457,0.33570447,S1_SAR,,0,0.000266326,"Sri Lanka small-tank power law (Telivarai Kulam), Imbulana ceiling-capped",validated_2021_2025,
10,Pahala Amanakkattuwa Wewa,10/9/2025,2025,10,0.0,20.86676457,0.0,S1_SAR,,0,0.0,"Sri Lanka small-tank power law (Telivarai Kulam), Imbulana ceiling-capped",validated_2021_2025,
10,Pahala Amanakkattuwa Wewa,10/21/2025,2025,10,4.703401984,20.86676457,22.54015935,S1_SAR,,0,0.050351023,"Sri Lanka small-tank power law (Telivarai Kulam), Imbulana ceiling-capped",validated_2021_2025,
10,Pahala Amanakkattuwa Wewa,11/2/2025,2025,11,4.253076321,20.86676457,20.38205926,S1_SAR,,0,0.044416398,"Sri Lanka small-tank power law (Telivarai Kulam), Imbulana ceiling-capped",validated_2021_2025,
10,Pahala Amanakkattuwa Wewa,11/14/2025,2025,11,3.582591418,20.86676457,17.16888791,S1_SAR,,0,0.035867637,"Sri Lanka small-tank power law (Telivarai Kulam), Imbulana ceiling-capped",validated_2021_2025,
10,Pahala Amanakkattuwa Wewa,11/26/2025,2025,11,3.922837479,20.86676457,18.79945243,S1_SAR,,0,0.040160789,"Sri Lanka small-tank power law (Telivarai Kulam), Imbulana ceiling-capped",validated_2021_2025,
10,Pahala Amanakkattuwa Wewa,12/2/2025,2025,12,5.383894232,20.86676457,25.801289,S1_SAR,,0,0.059584593,"Sri Lanka small-tank power law (Telivarai Kulam), Imbulana ceiling-capped",validated_2021_2025,
10,Pahala Amanakkattuwa Wewa,12/8/2025,2025,12,3.762721685,20.86676457,18.03212795,S1_SAR,,0,0.038128555,"Sri Lanka small-tank power law (Telivarai Kulam), Imbulana ceiling-capped",validated_2021_2025,
10,Pahala Amanakkattuwa Wewa,12/20/2025,2025,12,3.562577023,20.86676457,17.07297272,S1_SAR,,0,0.035618123,"Sri Lanka small-tank power law (Telivarai Kulam), Imbulana ceiling-capped",validated_2021_2025,
3,Pansala Wewa,1/3/2021,2021,1,2.1315812,31.7694151,6.709538696,S1_SAR,,0,0.018780913,"Sri Lanka small-tank power law (Telivarai Kulam), Imbulana ceiling-capped",validated_2021_2025,
3,Pansala Wewa,1/15/2021,2021,1,2.021499602,31.7694151,6.363036888,S1_SAR,,0,0.017580111,"Sri Lanka small-tank power law (Telivarai Kulam), Imbulana ceiling-capped",validated_2021_2025,
3,Pansala Wewa,1/27/2021,2021,1,1.611195097,31.7694151,5.071528992,S1_SAR,,0,0.013251059,"Sri Lanka small-tank power law (Telivarai Kulam), Imbulana ceiling-capped",validated_2021_2025,
3,Pansala Wewa,2/8/2021,2021,2,3.302449592,31.7694151,10.39505947,S1_SAR,,0,0.032407081,"Sri Lanka small-tank power law (Telivarai Kulam), Imbulana ceiling-capped",validated_2021_2025,
3,Pansala Wewa,2/20/2021,2021,2,3.382508976,31.7694151,10.64706091,S1_SAR,,0,0.033388939,"Sri Lanka small-tank power law (Telivarai Kulam), Imbulana ceiling-capped",validated_2021_2025,
3,Pansala Wewa,3/4/2021,2021,3,2.491848349,31.7694151,7.843544936,S1_SAR,,0,0.022815276,"Sri Lanka small-tank power law (Telivarai Kulam), Imbulana ceiling-capped",validated_2021_2025,
3,Pansala Wewa,3/16/2021,2021,3,3.402523755,31.7694151,10.71006106,S1_SAR,,0,0.033635303,"Sri Lanka small-tank power law (Telivarai Kulam), Imbulana ceiling-capped",validated_2021_2025,
3,Pansala Wewa,3/28/2021,2021,3,3.952932146,31.7694151,12.44257137,S1_SAR,,0,0.040545069,"Sri Lanka small-tank power law (Telivarai Kulam), Imbulana ceiling-capped",validated_2021_2025,
3,Pansala Wewa,4/9/2021,2021,4,3.392516292,31.7694151,10.67856075,S1_SAR,,0,0.033512075,"Sri Lanka small-tank power law (Telivarai Kulam), Imbulana ceiling-capped",validated_2021_2025,
3,Pansala Wewa,4/21/2021,2021,4,4.073021112,31.7694151,12.82057318,S1_SAR,,0,0.042085624,"Sri Lanka small-tank power law (Telivarai Kulam), Imbulana ceiling-capped",validated_2021_2025,
3,Pansala Wewa,5/3/2021,2021,5,3.612679643,31.7694151,11.37156486,S1_SAR,,0,0.036243386,"Sri Lanka small-tank power law (Telivarai Kulam), Imbulana ceiling-capped",validated_2021_2025,
3,Pansala Wewa,5/15/2021,2021,5,5.994446044,31.7694151,18.86860688,S1_SAR,,0,0.068118791,"Sri Lanka small-tank power law (Telivarai Kulam), Imbulana ceiling-capped",validated_2021_2025,
3,Pansala Wewa,5/27/2021,2021,5,4.533362543,31.7694151,14.26958139,S1_SAR,,0,0.048092945,"Sri Lanka small-tank power law (Telivarai Kulam), Imbulana ceiling-capped",validated_2021_2025,
3,Pansala Wewa,6/8/2021,2021,6,4.823577764,31.7694151,15.18308647,S1_SAR,,0,0.051959129,"Sri Lanka small-tank power law (Telivarai Kulam), Imbulana ceiling-capped",validated_2021_2025,
3,Pansala Wewa,6/14/2021,2021,6,4.413273592,31.7694151,13.89157962,S1_SAR,,0,0.046510663,"Sri Lanka small-tank power law (Telivarai Kulam), Imbulana ceiling-capped",validated_2021_2025,
3,Pansala Wewa,6/20/2021,2021,6,5.183845121,31.7694151,16.31709336,S1_SAR,,0,0.05683852,"Sri Lanka small-tank power law (Telivarai Kulam), Imbulana ceiling-capped",validated_2021_2025,
3,Pansala Wewa,7/2/2021,2021,7,4.943667021,31.7694151,15.5610892,S1_SAR,,0,0.053575958,"Sri Lanka small-tank power law (Telivarai Kulam), Imbulana ceiling-capped",validated_2021_2025,
3,Pansala Wewa,7/14/2021,2021,7,4.273169677,31.7694151,13.45057712,S1_SAR,,0,0.04467803,"Sri Lanka small-tank power law (Telivarai Kulam), Imbulana ceiling-capped",validated_2021_2025,
3,Pansala Wewa,7/26/2021,2021,7,4.583399784,31.7694151,14.42708268,S1_SAR,,0,0.048755297,"Sri Lanka small-tank power law (Telivarai Kulam), Imbulana ceiling-capped",validated_2021_2025,
3,Pansala Wewa,8/7/2021,2021,8,4.473318172,31.7694151,14.08058083,S1_SAR,,0,0.047300499,"Sri Lanka small-tank power law (Telivarai Kulam), Imbulana ceiling-capped",validated_2021_2025,
3,Pansala Wewa,8/19/2021,2021,8,2.82209334,31.7694151,8.883050983,S1_SAR,,0,0.026642578,"Sri Lanka small-tank power law (Telivarai Kulam), Imbulana ceiling-capped",validated_2021_2025,
3,Pansala Wewa,8/31/2021,2021,8,1.771313815,31.7694151,5.575531718,S1_SAR,,0,0.014911579,"Sri Lanka small-tank power law (Telivarai Kulam), Imbulana ceiling-capped",validated_2021_2025,
3,Pansala Wewa,9/12/2021,2021,9,0.840623515,31.7694151,2.646015081,S1_SAR,,0,0.005890796,"Sri Lanka small-tank power law (Telivarai Kulam), Imbulana ceiling-capped",validated_2021_2025,
3,Pansala Wewa,9/24/2021,2021,9,0.430319217,31.7694151,1.354507836,S1_SAR,,0,0.002557405,"Sri Lanka small-tank power law (Telivarai Kulam), Imbulana ceiling-capped",validated_2021_2025,
3,Pansala Wewa,10/6/2021,2021,10,0.650482486,31.7694151,2.047511684,S1_SAR,,0,0.004279595,"Sri Lanka small-tank power law (Telivarai Kulam), Imbulana ceiling-capped",validated_2021_2025,
3,Pansala Wewa,10/18/2021,2021,10,0.610452787,31.7694151,1.921510941,S1_SAR,,0,0.003953952,"Sri Lanka small-tank power law (Telivarai Kulam), Imbulana ceiling-capped",validated_2021_2025,
3,Pansala Wewa,10/30/2021,2021,10,0.620460216,31.7694151,1.953011139,S1_SAR,,0,0.004034884,"Sri Lanka small-tank power law (Telivarai Kulam), Imbulana ceiling-capped",validated_2021_2025,
3,Pansala Wewa,11/17/2021,2021,11,6.534845964,31.7694151,20.56961371,S1_SAR,,0,0.075853913,"Sri Lanka small-tank power law (Telivarai Kulam), Imbulana ceiling-capped",validated_2021_2025,
3,Pansala Wewa,11/23/2021,2021,11,12.21906254,31.7694151,38.46171704,S1_SAR,,0,0.165449941,"Sri Lanka small-tank power law (Telivarai Kulam), Imbulana ceiling-capped",validated_2021_2025,
3,Pansala Wewa,12/5/2021,2021,12,3.972946786,31.7694151,12.50557108,S1_SAR,,0,0.040801036,"Sri Lanka small-tank power law (Telivarai Kulam), Imbulana ceiling-capped",validated_2021_2025,
3,Pansala Wewa,12/17/2021,2021,12,3.402523582,31.7694151,10.71006051,S1_SAR,,0,0.033635301,"Sri Lanka small-tank power law (Telivarai Kulam), Imbulana ceiling-capped",validated_2021_2025,
3,Pansala Wewa,12/29/2021,2021,12,2.331729603,31.7694151,7.339542121,S1_SAR,,0,0.021003149,"Sri Lanka small-tank power law (Telivarai Kulam), Imbulana ceiling-capped",validated_2021_2025,
3,Pansala Wewa,1/10/2022,2022,1,2.511863209,31.7694151,7.906545339,S1_SAR,,0,0.023043853,"Sri Lanka small-tank power law (Telivarai Kulam), Imbulana ceiling-capped",validated_2021_2025,
3,Pansala Wewa,1/22/2022,2022,1,2.171610817,31.7694151,6.835539182,S1_SAR,,0,0.019221408,"Sri Lanka small-tank power law (Telivarai Kulam), Imbulana ceiling-capped",validated_2021_2025,
3,Pansala Wewa,2/3/2022,2022,2,2.231655409,31.7694151,7.024540434,S1_SAR,,0,0.019885899,"Sri Lanka small-tank power law (Telivarai Kulam), Imbulana ceiling-capped",validated_2021_2025,
3,Pansala Wewa,2/15/2022,2022,2,2.221647949,31.7694151,6.993040137,S1_SAR,,0,0.019774841,"Sri Lanka small-tank power law (Telivarai Kulam), Imbulana ceiling-capped",validated_2021_2025,
3,Pansala Wewa,2/27/2022,2022,2,1.951447569,31.7694151,6.142535402,S1_SAR,,0,0.016824247,"Sri Lanka small-tank power law (Telivarai Kulam), Imbulana ceiling-capped",validated_2021_2025,
3,Pansala Wewa,3/11/2022,2022,3,1.691254553,31.7694151,5.32353066,S1_SAR,,0,0.014076483,"Sri Lanka small-tank power law (Telivarai Kulam), Imbulana ceiling-capped",validated_2021_2025,
3,Pansala Wewa,3/23/2022,2022,3,1.320979877,31.7694151,4.158023913,S1_SAR,,0,0.010346024,"Sri Lanka small-tank power law (Telivarai Kulam), Imbulana ceiling-capped",validated_2021_2025,
3,Pansala Wewa,4/4/2022,2022,4,1.501113502,31.7694151,4.725027191,S1_SAR,,0,0.012132567,"Sri Lanka small-tank power law (Telivarai Kulam), Imbulana ceiling-capped",validated_2021_2025,
3,Pansala Wewa,4/16/2022,2022,4,2.17161059,31.7694151,6.835538466,S1_SAR,,0,0.019221405,"Sri Lanka small-tank power law (Telivarai Kulam), Imbulana ceiling-capped",validated_2021_2025,
3,Pansala Wewa,4/28/2022,2022,4,0.820608664,31.7694151,2.583014706,S1_SAR,,0,0.005716539,"Sri Lanka small-tank power law (Telivarai Kulam), Imbulana ceiling-capped",validated_2021_2025,
3,Pansala Wewa,5/10/2022,2022,5,0.570423065,31.7694151,1.795510126,S1_SAR,,0,0.003633523,"Sri Lanka small-tank power law (Telivarai Kulam), Imbulana ceiling-capped",validated_2021_2025,
3,Pansala Wewa,5/22/2022,2022,5,0.310230091,31.7694151,0.976505517,S1_SAR,,0,0.001701071,"Sri Lanka small-tank power law (Telivarai Kulam), Imbulana ceiling-capped",validated_2021_2025,
3,Pansala Wewa,6/3/2022,2022,6,0.360267243,31.7694151,1.134006535,S1_SAR,,0,0.002049482,"Sri Lanka small-tank power law (Telivarai Kulam), Imbulana ceiling-capped",validated_2021_2025,
3,Pansala Wewa,6/15/2022,2022,6,0.560415661,31.7694151,1.764010005,S1_SAR,,0,0.003554263,"Sri Lanka small-tank power law (Telivarai Kulam), Imbulana ceiling-capped",validated_2021_2025,
3,Pansala Wewa,6/27/2022,2022,6,0.410304344,31.7694151,1.291507391,S1_SAR,,0,0.002410042,"Sri Lanka small-tank power law (Telivarai Kulam), Imbulana ceiling-capped",validated_2021_2025,
3,Pansala Wewa,7/9/2022,2022,7,0.360267238,31.7694151,1.134006518,S1_SAR,,0,0.002049482,"Sri Lanka small-tank power law (Telivarai Kulam), Imbulana ceiling-capped",validated_2021_2025,
3,Pansala Wewa,7/21/2022,2022,7,0.420311785,31.7694151,1.323007628,S1_SAR,,0,0.002483508,"Sri Lanka small-tank power law (Telivarai Kulam), Imbulana ceiling-capped",validated_2021_2025,
3,Pansala Wewa,8/2/2022,2022,8,0.530393437,31.7694151,1.669509607,S1_SAR,,0,0.003318586,"Sri Lanka small-tank power law (Telivarai Kulam), Imbulana ceiling-capped",validated_2021_2025,
3,Pansala Wewa,8/14/2022,2022,8,0.600445422,31.7694151,1.890010942,S1_SAR,,0,0.003873346,"Sri Lanka small-tank power law (Telivarai Kulam), Imbulana ceiling-capped",validated_2021_2025,
3,Pansala Wewa,8/26/2022,2022,8,0.560415718,31.7694151,1.764010185,S1_SAR,,0,0.003554263,"Sri Lanka small-tank power law (Telivarai Kulam), Imbulana ceiling-capped",validated_2021_2025,
3,Pansala Wewa,9/7/2022,2022,9,0.450334062,31.7694151,1.417508194,S1_SAR,,0,0.002706464,"Sri Lanka small-tank power law (Telivarai Kulam), Imbulana ceiling-capped",validated_2021_2025,
3,Pansala Wewa,9/19/2022,2022,9,0.200148463,31.7694151,0.630003612,S1_SAR,,0,0.000985266,"Sri Lanka small-tank power law (Telivarai Kulam), Imbulana ceiling-capped",validated_2021_2025,
3,Pansala Wewa,10/1/2022,2022,10,0.030022269,31.7694151,0.094500542,S1_SAR,,0,9.27e-05,"Sri Lanka small-tank power law (Telivarai Kulam), Imbulana ceiling-capped",validated_2021_2025,
3,Pansala Wewa,10/13/2022,2022,10,0.0,31.7694151,0.0,S1_SAR,,0,0.0,"Sri Lanka small-tank power law (Telivarai Kulam), Imbulana ceiling-capped",validated_2021_2025,
3,Pansala Wewa,10/25/2022,2022,10,0.210155896,31.7694151,0.661503825,S1_SAR,,0,0.001047025,"Sri Lanka small-tank power law (Telivarai Kulam), Imbulana ceiling-capped",validated_2021_2025,
3,Pansala Wewa,11/6/2022,2022,11,0.140103938,31.7694151,0.441002574,S1_SAR,,0,0.000631732,"Sri Lanka small-tank power law (Telivarai Kulam), Imbulana ceiling-capped",validated_2021_2025,
3,Pansala Wewa,11/18/2022,2022,11,1.17086842,31.7694151,3.68552086,S1_SAR,,0,0.008902122,"Sri Lanka small-tank power law (Telivarai Kulam), Imbulana ceiling-capped",validated_2021_2025,
3,Pansala Wewa,11/30/2022,2022,11,0.440326623,31.7694151,1.386007962,S1_SAR,,0,0.002631726,"Sri Lanka small-tank power law (Telivarai Kulam), Imbulana ceiling-capped",validated_2021_2025,
3,Pansala Wewa,12/12/2022,2022,12,0.380282083,31.7694151,1.197006876,S1_SAR,,0,0.002192318,"Sri Lanka small-tank power law (Telivarai Kulam), Imbulana ceiling-capped",validated_2021_2025,
3,Pansala Wewa,12/24/2022,2022,12,0.160118765,31.7694151,0.504002874,S1_SAR,,0,0.000746097,"Sri Lanka small-tank power law (Telivarai Kulam), Imbulana ceiling-capped",validated_2021_2025,
3,Pansala Wewa,1/5/2023,2023,1,0.170126186,31.7694151,0.535503046,S1_SAR,,0,0.000804643,"Sri Lanka small-tank power law (Telivarai Kulam), Imbulana ceiling-capped",validated_2021_2025,
3,Pansala Wewa,1/17/2023,2023,1,0.1801336,31.7694151,0.567003199,S1_SAR,,0,0.000864044,"Sri Lanka small-tank power law (Telivarai Kulam), Imbulana ceiling-capped",validated_2021_2025,
3,Pansala Wewa,1/29/2023,2023,1,0.120089072,31.7694151,0.378002151,S1_SAR,,0,0.000521328,"Sri Lanka small-tank power law (Telivarai Kulam), Imbulana ceiling-capped",validated_2021_2025,
3,Pansala Wewa,2/10/2023,2023,2,0.25018551,31.7694151,0.787504301,S1_SAR,,0,0.001301101,"Sri Lanka small-tank power law (Telivarai Kulam), Imbulana ceiling-capped",validated_2021_2025,
3,Pansala Wewa,2/22/2023,2023,2,0.590437788,31.7694151,1.858510098,S1_SAR,,0,0.003793068,"Sri Lanka small-tank power law (Telivarai Kulam), Imbulana ceiling-capped",validated_2021_2025,
3,Pansala Wewa,3/6/2023,2023,3,0.860638117,31.7694151,2.709014675,S1_SAR,,0,0.006066074,"Sri Lanka small-tank power law (Telivarai Kulam), Imbulana ceiling-capped",validated_2021_2025,
3,Pansala Wewa,3/18/2023,2023,3,0.420311572,31.7694151,1.323006956,S1_SAR,,0,0.002483506,"Sri Lanka small-tank power law (Telivarai Kulam), Imbulana ceiling-capped",validated_2021_2025,
3,Pansala Wewa,3/30/2023,2023,3,0.520385802,31.7694151,1.63800876,S1_SAR,,0,0.003240743,"Sri Lanka small-tank power law (Telivarai Kulam), Imbulana ceiling-capped",validated_2021_2025,
3,Pansala Wewa,4/11/2023,2023,4,0.250185439,31.7694151,0.787504078,S1_SAR,,0,0.001301101,"Sri Lanka small-tank power law (Telivarai Kulam), Imbulana ceiling-capped",validated_2021_2025,
3,Pansala Wewa,4/23/2023,2023,4,0.250185419,31.7694151,0.787504015,S1_SAR,,0,0.001301101,"Sri Lanka small-tank power law (Telivarai Kulam), Imbulana ceiling-capped",validated_2021_2025,
3,Pansala Wewa,5/5/2023,2023,5,0.08005934,31.7694151,0.252001303,S1_SAR,,0,0.000314548,"Sri Lanka small-tank power law (Telivarai Kulam), Imbulana ceiling-capped",validated_2021_2025,
3,Pansala Wewa,5/17/2023,2023,5,0.0,31.7694151,0.0,S1_SAR,,0,0.0,"Sri Lanka small-tank power law (Telivarai Kulam), Imbulana ceiling-capped",validated_2021_2025,
3,Pansala Wewa,5/29/2023,2023,5,0.0,31.7694151,0.0,S1_SAR,,0,0.0,"Sri Lanka small-tank power law (Telivarai Kulam), Imbulana ceiling-capped",validated_2021_2025,
3,Pansala Wewa,6/10/2023,2023,6,0.0,31.7694151,0.0,S1_SAR,,0,0.0,"Sri Lanka small-tank power law (Telivarai Kulam), Imbulana ceiling-capped",validated_2021_2025,
3,Pansala Wewa,6/22/2023,2023,6,0.0,31.7694151,0.0,S1_SAR,,0,0.0,"Sri Lanka small-tank power law (Telivarai Kulam), Imbulana ceiling-capped",validated_2021_2025,
3,Pansala Wewa,7/4/2023,2023,7,0.0,31.7694151,0.0,S1_SAR,,0,0.0,"Sri Lanka small-tank power law (Telivarai Kulam), Imbulana ceiling-capped",validated_2021_2025,
3,Pansala Wewa,7/16/2023,2023,7,0.0,31.7694151,0.0,S1_SAR,,0,0.0,"Sri Lanka small-tank power law (Telivarai Kulam), Imbulana ceiling-capped",validated_2021_2025,
3,Pansala Wewa,7/28/2023,2023,7,0.0,31.7694151,0.0,S1_SAR,,0,0.0,"Sri Lanka small-tank power law (Telivarai Kulam), Imbulana ceiling-capped",validated_2021_2025,
3,Pansala Wewa,8/9/2023,2023,8,0.0,31.7694151,0.0,S1_SAR,,0,0.0,"Sri Lanka small-tank power law (Telivarai Kulam), Imbulana ceiling-capped",validated_2021_2025,
3,Pansala Wewa,9/2/2023,2023,9,0.0,31.7694151,0.0,S1_SAR,,0,0.0,"Sri Lanka small-tank power law (Telivarai Kulam), Imbulana ceiling-capped",validated_2021_2025,
3,Pansala Wewa,9/14/2023,2023,9,0.0,31.7694151,0.0,S1_SAR,,0,0.0,"Sri Lanka small-tank power law (Telivarai Kulam), Imbulana ceiling-capped",validated_2021_2025,
3,Pansala Wewa,9/26/2023,2023,9,0.070051964,31.7694151,0.22050127,S1_SAR,,0,0.000266332,"Sri Lanka small-tank power law (Telivarai Kulam), Imbulana ceiling-capped",validated_2021_2025,
3,Pansala Wewa,10/8/2023,2023,10,0.0,31.7694151,0.0,S1_SAR,,0,0.0,"Sri Lanka small-tank power law (Telivarai Kulam), Imbulana ceiling-capped",validated_2021_2025,
3,Pansala Wewa,10/20/2023,2023,10,0.0,31.7694151,0.0,S1_SAR,,0,0.0,"Sri Lanka small-tank power law (Telivarai Kulam), Imbulana ceiling-capped",validated_2021_2025,
3,Pansala Wewa,11/1/2023,2023,11,1.060786623,31.7694151,3.339018424,S1_SAR,,0,0.007871571,"Sri Lanka small-tank power law (Telivarai Kulam), Imbulana ceiling-capped",validated_2021_2025,
3,Pansala Wewa,11/13/2023,2023,11,12.03892973,31.7694151,37.89471634,S1_SAR,,0,0.162416209,"Sri Lanka small-tank power law (Telivarai Kulam), Imbulana ceiling-capped",validated_2021_2025,
3,Pansala Wewa,11/25/2023,2023,11,5.764275517,31.7694151,18.14410338,S1_SAR,,0,0.064875112,"Sri Lanka small-tank power law (Telivarai Kulam), Imbulana ceiling-capped",validated_2021_2025,
3,Pansala Wewa,12/7/2023,2023,12,3.312456973,31.7694151,10.42655952,S1_SAR,,0,0.032529495,"Sri Lanka small-tank power law (Telivarai Kulam), Imbulana ceiling-capped",validated_2021_2025,
3,Pansala Wewa,12/19/2023,2023,12,1.801336185,31.7694151,5.670032577,S1_SAR,,0,0.015227168,"Sri Lanka small-tank power law (Telivarai Kulam), Imbulana ceiling-capped",validated_2021_2025,
3,Pansala Wewa,12/31/2023,2023,12,1.711269371,31.7694151,5.386530932,S1_SAR,,0,0.014284363,"Sri Lanka small-tank power law (Telivarai Kulam), Imbulana ceiling-capped",validated_2021_2025,
3,Pansala Wewa,1/12/2024,2024,1,2.211640504,31.7694151,6.961539889,S1_SAR,,0,0.019663906,"Sri Lanka small-tank power law (Telivarai Kulam), Imbulana ceiling-capped",validated_2021_2025,
3,Pansala Wewa,1/24/2024,2024,1,0.220163319,31.7694151,0.693004006,S1_SAR,,0,0.001109512,"Sri Lanka small-tank power law (Telivarai Kulam), Imbulana ceiling-capped",validated_2021_2025,
3,Pansala Wewa,2/5/2024,2024,2,0.36026719,31.7694151,1.134006366,S1_SAR,,0,0.002049482,"Sri Lanka small-tank power law (Telivarai Kulam), Imbulana ceiling-capped",validated_2021_2025,
3,Pansala Wewa,2/17/2024,2024,2,0.400296948,31.7694151,1.260007296,S1_SAR,,0,0.002337017,"Sri Lanka small-tank power law (Telivarai Kulam), Imbulana ceiling-capped",validated_2021_2025,
3,Pansala Wewa,2/29/2024,2024,2,0.20014842,31.7694151,0.630003478,S1_SAR,,0,0.000985265,"Sri Lanka small-tank power law (Telivarai Kulam), Imbulana ceiling-capped",validated_2021_2025,
3,Pansala Wewa,3/12/2024,2024,3,0.0,31.7694151,0.0,S1_SAR,,0,0.0,"Sri Lanka small-tank power law (Telivarai Kulam), Imbulana ceiling-capped",validated_2021_2025,
3,Pansala Wewa,3/24/2024,2024,3,0.0,31.7694151,0.0,S1_SAR,,0,0.0,"Sri Lanka small-tank power law (Telivarai Kulam), Imbulana ceiling-capped",validated_2021_2025,
3,Pansala Wewa,4/5/2024,2024,4,0.0,31.7694151,0.0,S1_SAR,,0,0.0,"Sri Lanka small-tank power law (Telivarai Kulam), Imbulana ceiling-capped",validated_2021_2025,
3,Pansala Wewa,4/17/2024,2024,4,0.0,31.7694151,0.0,S1_SAR,,0,0.0,"Sri Lanka small-tank power law (Telivarai Kulam), Imbulana ceiling-capped",validated_2021_2025,
3,Pansala Wewa,4/29/2024,2024,4,0.0,31.7694151,0.0,S1_SAR,,0,0.0,"Sri Lanka small-tank power law (Telivarai Kulam), Imbulana ceiling-capped",validated_2021_2025,
3,Pansala Wewa,5/11/2024,2024,5,0.080059392,31.7694151,0.252001466,S1_SAR,,0,0.000314548,"Sri Lanka small-tank power law (Telivarai Kulam), Imbulana ceiling-capped",validated_2021_2025,
3,Pansala Wewa,5/23/2024,2024,5,16.87251441,31.7694151,53.10930137,S1_SAR,,0,0.247340446,"Sri Lanka small-tank power law (Telivarai Kulam), Imbulana ceiling-capped",validated_2021_2025,
3,Pansala Wewa,6/4/2024,2024,6,15.34137815,31.7694151,48.2897721,S1_SAR,,0,0.219691202,"Sri Lanka small-tank power law (Telivarai Kulam), Imbulana ceiling-capped",validated_2021_2025,
3,Pansala Wewa,6/16/2024,2024,6,13.20979688,31.7694151,41.58023317,S1_SAR,,0,0.182329451,"Sri Lanka small-tank power law (Telivarai Kulam), Imbulana ceiling-capped",validated_2021_2025,
3,Pansala Wewa,7/10/2024,2024,7,8.886590385,31.7694151,27.97215611,S1_SAR,,0,0.11125765,"Sri Lanka small-tank power law (Telivarai Kulam), Imbulana ceiling-capped",validated_2021_2025,
3,Pansala Wewa,7/22/2024,2024,7,9.096746192,31.7694151,28.63365965,S1_SAR,,0,0.114545695,"Sri Lanka small-tank power law (Telivarai Kulam), Imbulana ceiling-capped",validated_2021_2025,
3,Pansala Wewa,8/3/2024,2024,8,8.666427184,31.7694151,27.27915247,S1_SAR,,0,0.107833504,"Sri Lanka small-tank power law (Telivarai Kulam), Imbulana ceiling-capped",validated_2021_2025,
3,Pansala Wewa,8/15/2024,2024,8,7.665684942,31.7694151,24.12913464,S1_SAR,,0,0.092544587,"Sri Lanka small-tank power law (Telivarai Kulam), Imbulana ceiling-capped",validated_2021_2025,
3,Pansala Wewa,8/27/2024,2024,8,6.284660567,31.7694151,19.78210977,S1_SAR,,0,0.072252433,"Sri Lanka small-tank power law (Telivarai Kulam), Imbulana ceiling-capped",validated_2021_2025,
3,Pansala Wewa,9/20/2024,2024,9,6.865090889,31.7694151,21.60911955,S1_SAR,,0,0.080659922,"Sri Lanka small-tank power law (Telivarai Kulam), Imbulana ceiling-capped",validated_2021_2025,
3,Pansala Wewa,10/2/2024,2024,10,7.305417362,31.7694151,22.99512704,S1_SAR,,0,0.087156641,"Sri Lanka small-tank power law (Telivarai Kulam), Imbulana ceiling-capped",validated_2021_2025,
3,Pansala Wewa,10/14/2024,2024,10,7.085254186,31.7694151,22.30212349,S1_SAR,,0,0.083895861,"Sri Lanka small-tank power law (Telivarai Kulam), Imbulana ceiling-capped",validated_2021_2025,
3,Pansala Wewa,10/26/2024,2024,10,7.525580626,31.7694151,23.68813087,S1_SAR,,0,0.090441698,"Sri Lanka small-tank power law (Telivarai Kulam), Imbulana ceiling-capped",validated_2021_2025,
3,Pansala Wewa,11/7/2024,2024,11,13.30987108,31.7694151,41.8952349,S1_SAR,,0,0.184052247,"Sri Lanka small-tank power law (Telivarai Kulam), Imbulana ceiling-capped",validated_2021_2025,
3,Pansala Wewa,11/19/2024,2024,11,11.62862432,31.7694151,36.60320558,S1_SAR,,0,0.155547819,"Sri Lanka small-tank power law (Telivarai Kulam), Imbulana ceiling-capped",validated_2021_2025,
3,Pansala Wewa,12/13/2024,2024,12,15.60157127,31.7694151,49.10877718,S1_SAR,,0,0.22434377,"Sri Lanka small-tank power law (Telivarai Kulam), Imbulana ceiling-capped",validated_2021_2025,
3,Pansala Wewa,12/25/2024,2024,12,11.99889841,31.7694151,37.76871047,S1_SAR,,0,0.161743525,"Sri Lanka small-tank power law (Telivarai Kulam), Imbulana ceiling-capped",validated_2021_2025,
3,Pansala Wewa,1/6/2025,2025,1,12.14900962,31.7694151,38.24121274,S1_SAR,,0,0.164268818,"Sri Lanka small-tank power law (Telivarai Kulam), Imbulana ceiling-capped",validated_2021_2025,
3,Pansala Wewa,1/18/2025,2025,1,11.83877957,31.7694151,37.26470737,S1_SAR,,0,0.159058435,"Sri Lanka small-tank power law (Telivarai Kulam), Imbulana ceiling-capped",validated_2021_2025,
3,Pansala Wewa,1/30/2025,2025,1,11.01817071,31.7694151,34.68169204,S1_SAR,,0,0.145439407,"Sri Lanka small-tank power law (Telivarai Kulam), Imbulana ceiling-capped",validated_2021_2025,
3,Pansala Wewa,2/11/2025,2025,2,10.04745056,31.7694151,31.6261742,S1_SAR,,0,0.129649828,"Sri Lanka small-tank power law (Telivarai Kulam), Imbulana ceiling-capped",validated_2021_2025,
3,Pansala Wewa,2/23/2025,2025,2,9.857309689,31.7694151,31.02767129,S1_SAR,,0,0.126599676,"Sri Lanka small-tank power law (Telivarai Kulam), Imbulana ceiling-capped",validated_2021_2025,
3,Pansala Wewa,3/7/2025,2025,3,9.907346939,31.7694151,31.18517262,S1_SAR,,0,0.127400959,"Sri Lanka small-tank power law (Telivarai Kulam), Imbulana ceiling-capped",validated_2021_2025,
3,Pansala Wewa,3/19/2025,2025,3,9.527065244,31.7694151,29.98816697,S1_SAR,,0,0.121336505,"Sri Lanka small-tank power law (Telivarai Kulam), Imbulana ceiling-capped",validated_2021_2025,
3,Pansala Wewa,3/31/2025,2025,3,10.04745105,31.7694151,31.62617574,S1_SAR,,0,0.129649835,"Sri Lanka small-tank power law (Telivarai Kulam), Imbulana ceiling-capped",validated_2021_2025,
3,Pansala Wewa,4/12/2025,2025,4,10.45775533,31.7694151,32.91768292,S1_SAR,,0,0.136279996,"Sri Lanka small-tank power law (Telivarai Kulam), Imbulana ceiling-capped",validated_2021_2025,
3,Pansala Wewa,4/24/2025,2025,4,9.697191243,31.7694151,30.52366943,S1_SAR,,0,0.124042326,"Sri Lanka small-tank power law (Telivarai Kulam), Imbulana ceiling-capped",validated_2021_2025,
3,Pansala Wewa,5/6/2025,2025,5,10.2275845,31.7694151,32.19317846,S1_SAR,,0,0.13255259,"Sri Lanka small-tank power law (Telivarai Kulam), Imbulana ceiling-capped",validated_2021_2025,
3,Pansala Wewa,5/18/2025,2025,5,8.246115228,31.7694151,25.9561443,S1_SAR,,0,0.101356105,"Sri Lanka small-tank power law (Telivarai Kulam), Imbulana ceiling-capped",validated_2021_2025,
3,Pansala Wewa,5/30/2025,2025,5,8.406233842,31.7694151,26.4601467,S1_SAR,,0,0.103814325,"Sri Lanka small-tank power law (Telivarai Kulam), Imbulana ceiling-capped",validated_2021_2025,
3,Pansala Wewa,6/11/2025,2025,6,6.835068623,31.7694151,21.51461902,S1_SAR,,0,0.080220616,"Sri Lanka small-tank power law (Telivarai Kulam), Imbulana ceiling-capped",validated_2021_2025,
3,Pansala Wewa,6/23/2025,2025,6,6.734994455,31.7694151,21.19961741,S1_SAR,,0,0.078759696,"Sri Lanka small-tank power law (Telivarai Kulam), Imbulana ceiling-capped",validated_2021_2025,
3,Pansala Wewa,7/5/2025,2025,7,6.664942401,31.7694151,20.97911586,S1_SAR,,0,0.07774022,"Sri Lanka small-tank power law (Telivarai Kulam), Imbulana ceiling-capped",validated_2021_2025,
3,Pansala Wewa,7/17/2025,2025,7,6.99518735,31.7694151,22.01862177,S1_SAR,,0,0.082569032,"Sri Lanka small-tank power law (Telivarai Kulam), Imbulana ceiling-capped",validated_2021_2025,
3,Pansala Wewa,7/29/2025,2025,7,6.935142814,31.7694151,21.8296207,S1_SAR,,0,0.081686808,"Sri Lanka small-tank power law (Telivarai Kulam), Imbulana ceiling-capped",validated_2021_2025,
3,Pansala Wewa,8/10/2025,2025,8,7.345447081,31.7694151,23.12112785,S1_SAR,,0,0.087752135,"Sri Lanka small-tank power law (Telivarai Kulam), Imbulana ceiling-capped",validated_2021_2025,
3,Pansala Wewa,8/22/2025,2025,8,7.305417357,31.7694151,22.99512702,S1_SAR,,0,0.087156641,"Sri Lanka small-tank power law (Telivarai Kulam), Imbulana ceiling-capped",validated_2021_2025,
3,Pansala Wewa,9/3/2025,2025,9,8.39622626,31.7694151,26.42864602,S1_SAR,,0,0.103660344,"Sri Lanka small-tank power law (Telivarai Kulam), Imbulana ceiling-capped",validated_2021_2025,
3,Pansala Wewa,9/15/2025,2025,9,9.416983243,31.7694151,29.64166389,S1_SAR,,0,0.119591984,"Sri Lanka small-tank power law (Telivarai Kulam), Imbulana ceiling-capped",validated_2021_2025,
3,Pansala Wewa,9/27/2025,2025,9,8.776508424,31.7694151,27.62565315,S1_SAR,,0,0.109542929,"Sri Lanka small-tank power law (Telivarai Kulam), Imbulana ceiling-capped",validated_2021_2025,
3,Pansala Wewa,10/9/2025,2025,10,9.036701263,31.7694151,28.44465734,S1_SAR,,0,0.11360432,"Sri Lanka small-tank power law (Telivarai Kulam), Imbulana ceiling-capped",validated_2021_2025,
3,Pansala Wewa,10/21/2025,2025,10,16.21202342,31.7694151,51.0302861,S1_SAR,,0,0.235334084,"Sri Lanka small-tank power law (Telivarai Kulam), Imbulana ceiling-capped",validated_2021_2025,
3,Pansala Wewa,11/2/2025,2025,11,15.81172668,31.7694151,49.77027946,S1_SAR,,0,0.228115583,"Sri Lanka small-tank power law (Telivarai Kulam), Imbulana ceiling-capped",validated_2021_2025,
3,Pansala Wewa,11/14/2025,2025,11,15.17125167,31.7694151,47.75426812,S1_SAR,,0,0.216659596,"Sri Lanka small-tank power law (Telivarai Kulam), Imbulana ceiling-capped",validated_2021_2025,
3,Pansala Wewa,11/26/2025,2025,11,16.98259616,31.7694151,53.45580366,S1_SAR,,0,0.249352899,"Sri Lanka small-tank power law (Telivarai Kulam), Imbulana ceiling-capped",validated_2021_2025,
3,Pansala Wewa,12/2/2025,2025,12,19.49445894,31.7694151,61.36234767,S1_SAR,,0,0.296117225,"Sri Lanka small-tank power law (Telivarai Kulam), Imbulana ceiling-capped",validated_2021_2025,
3,Pansala Wewa,12/8/2025,2025,12,18.54375376,31.7694151,58.36983055,S1_SAR,,0,0.278231819,"Sri Lanka small-tank power law (Telivarai Kulam), Imbulana ceiling-capped",validated_2021_2025,
3,Pansala Wewa,12/20/2025,2025,12,17.79319683,31.7694151,56.00731639,S1_SAR,,0,0.26426977,"Sri Lanka small-tank power law (Telivarai Kulam), Imbulana ceiling-capped",validated_2021_2025,
14,Periyakulama Wewa,1/3/2021,2021,1,17.37285082,91.64671331,18.95632718,S1_SAR_fallback,,0,0.256513093,"Sri Lanka small-tank power law (Telivarai Kulam), Imbulana ceiling-capped",validated_2021_2025,
14,Periyakulama Wewa,1/15/2021,2021,1,25.37563232,91.64671331,27.68853503,S1_SAR_fallback,,0,0.397154589,"Sri Lanka small-tank power law (Telivarai Kulam), Imbulana ceiling-capped",validated_2021_2025,
14,Periyakulama Wewa,1/27/2021,2021,1,30.02696318,91.64671331,32.7638189,S2_MNDWI,1/25/2021,2,0.469952672,"Sri Lanka small-tank power law (Telivarai Kulam), Imbulana ceiling-capped",validated_2021_2025,
14,Periyakulama Wewa,2/8/2021,2021,2,38.15739296,91.64671331,41.63530975,S2_MNDWI,2/9/2021,1,0.597202211,"Sri Lanka small-tank power law (Telivarai Kulam), Imbulana ceiling-capped",validated_2021_2025,
14,Periyakulama Wewa,2/20/2021,2021,2,36.05667197,91.64671331,39.34311517,S1_SAR_fallback,,0,0.56432378,"Sri Lanka small-tank power law (Telivarai Kulam), Imbulana ceiling-capped",validated_2021_2025,
14,Periyakulama Wewa,3/4/2021,2021,3,38.43587089,91.64671331,41.93917,S2_MNDWI,3/1/2021,3,0.601560675,"Sri Lanka small-tank power law (Telivarai Kulam), Imbulana ceiling-capped",validated_2021_2025,
14,Periyakulama Wewa,3/16/2021,2021,3,36.62709517,91.64671331,39.96553051,S1_SAR_fallback,,0,0.573251486,"Sri Lanka small-tank power law (Telivarai Kulam), Imbulana ceiling-capped",validated_2021_2025,
14,Periyakulama Wewa,3/28/2021,2021,3,9.18608478,91.64671331,10.02336521,S2_MNDWI,3/31/2021,3,0.115949162,"Sri Lanka small-tank power law (Telivarai Kulam), Imbulana ceiling-capped",validated_2021_2025,
14,Periyakulama Wewa,4/9/2021,2021,4,33.51478633,91.64671331,36.56954529,S1_SAR_fallback,,0,0.524540671,"Sri Lanka small-tank power law (Telivarai Kulam), Imbulana ceiling-capped",validated_2021_2025,
14,Periyakulama Wewa,4/21/2021,2021,4,34.44547328,91.64671331,37.58506119,S1_SAR_fallback,,0,0.539106873,"Sri Lanka small-tank power law (Telivarai Kulam), Imbulana ceiling-capped",validated_2021_2025,
14,Periyakulama Wewa,5/3/2021,2021,5,30.5425855,91.64671331,33.32643845,S1_SAR_fallback,,0,0.478022689,"Sri Lanka small-tank power law (Telivarai Kulam), Imbulana ceiling-capped",validated_2021_2025,
14,Periyakulama Wewa,5/15/2021,2021,5,38.89876873,91.64671331,42.4442594,S1_SAR_fallback,,0,0.6088055,"Sri Lanka small-tank power law (Telivarai Kulam), Imbulana ceiling-capped",validated_2021_2025,
14,Periyakulama Wewa,5/27/2021,2021,5,37.38765009,91.64671331,40.79540743,S1_SAR_fallback,,0,0.585154948,"Sri Lanka small-tank power law (Telivarai Kulam), Imbulana ceiling-capped",validated_2021_2025,
14,Periyakulama Wewa,6/8/2021,2021,6,36.7972121,91.64671331,40.15115303,S1_SAR_fallback,,0,0.57591399,"Sri Lanka small-tank power law (Telivarai Kulam), Imbulana ceiling-capped",validated_2021_2025,
14,Periyakulama Wewa,6/14/2021,2021,6,37.41767117,91.64671331,40.82816482,S1_SAR_fallback,,0,0.585624809,"Sri Lanka small-tank power law (Telivarai Kulam), Imbulana ceiling-capped",validated_2021_2025,
14,Periyakulama Wewa,6/20/2021,2021,6,17.11138434,91.64671331,18.67102891,S2_MNDWI,6/19/2021,1,0.251711409,"Sri Lanka small-tank power law (Telivarai Kulam), Imbulana ceiling-capped",validated_2021_2025,
14,Periyakulama Wewa,7/2/2021,2021,7,39.13866946,91.64671331,42.70602627,S1_SAR_fallback,,0,0.612560191,"Sri Lanka small-tank power law (Telivarai Kulam), Imbulana ceiling-capped",validated_2021_2025,
14,Periyakulama Wewa,7/14/2021,2021,7,38.77867758,91.64671331,42.31322235,S1_SAR_fallback,,0,0.60692595,"Sri Lanka small-tank power law (Telivarai Kulam), Imbulana ceiling-capped",validated_2021_2025,
14,Periyakulama Wewa,7/26/2021,2021,7,38.23827743,91.64671331,41.72356656,S1_SAR_fallback,,0,0.598468135,"Sri Lanka small-tank power law (Telivarai Kulam), Imbulana ceiling-capped",validated_2021_2025,
14,Periyakulama Wewa,8/7/2021,2021,8,38.15323327,91.64671331,41.63077091,S1_SAR_fallback,,0,0.597137107,"Sri Lanka small-tank power law (Telivarai Kulam), Imbulana ceiling-capped",validated_2021_2025,
14,Periyakulama Wewa,8/19/2021,2021,8,36.33329892,91.64671331,39.64495573,S1_SAR_fallback,,0,0.568653274,"Sri Lanka small-tank power law (Telivarai Kulam), Imbulana ceiling-capped",validated_2021_2025,
14,Periyakulama Wewa,8/31/2021,2021,8,35.89403242,91.64671331,39.16565158,S1_SAR_fallback,,0,0.561778304,"Sri Lanka small-tank power law (Telivarai Kulam), Imbulana ceiling-capped",validated_2021_2025,
14,Periyakulama Wewa,9/12/2021,2021,9,35.25081224,91.64671331,38.46380406,S1_SAR_fallback,,0,0.551711251,"Sri Lanka small-tank power law (Telivarai Kulam), Imbulana ceiling-capped",validated_2021_2025,
14,Periyakulama Wewa,9/24/2021,2021,9,36.23550041,91.64671331,39.53824321,S1_SAR_fallback,,0,0.567122628,"Sri Lanka small-tank power law (Telivarai Kulam), Imbulana ceiling-capped",validated_2021_2025,
14,Periyakulama Wewa,10/6/2021,2021,10,35.09504909,91.64671331,38.29384364,S1_SAR_fallback,,0,0.549273398,"Sri Lanka small-tank power law (Telivarai Kulam), Imbulana ceiling-capped",validated_2021_2025,
14,Periyakulama Wewa,10/18/2021,2021,10,32.65269412,91.64671331,35.62887631,S1_SAR_fallback,,0,0.511048046,"Sri Lanka small-tank power law (Telivarai Kulam), Imbulana ceiling-capped",validated_2021_2025,
14,Periyakulama Wewa,10/30/2021,2021,10,34.38542604,91.64671331,37.51954085,S1_SAR_fallback,,0,0.538167072,"Sri Lanka small-tank power law (Telivarai Kulam), Imbulana ceiling-capped",validated_2021_2025,
14,Periyakulama Wewa,11/17/2021,2021,11,40.14329425,91.64671331,43.8022192,S1_SAR_fallback,,0,0.628283596,"Sri Lanka small-tank power law (Telivarai Kulam), Imbulana ceiling-capped",validated_2021_2025,
14,Periyakulama Wewa,11/23/2021,2021,11,52.83101693,91.64671331,57.64638472,S2_MNDWI,11/21/2021,2,0.826859428,"Sri Lanka small-tank power law (Telivarai Kulam), Imbulana ceiling-capped",validated_2021_2025,
14,Periyakulama Wewa,12/5/2021,2021,12,44.67723948,91.64671331,48.74941814,S1_SAR_fallback,,0,0.699244475,"Sri Lanka small-tank power law (Telivarai Kulam), Imbulana ceiling-capped",validated_2021_2025,
14,Periyakulama Wewa,12/17/2021,2021,12,43.88064956,91.64671331,47.88022175,S1_SAR_fallback,,0,0.686777028,"Sri Lanka small-tank power law (Telivarai Kulam), Imbulana ceiling-capped",validated_2021_2025,
14,Periyakulama Wewa,12/29/2021,2021,12,43.34680363,91.64671331,47.29771758,S1_SAR_fallback,,0,0.678421793,"Sri Lanka small-tank power law (Telivarai Kulam), Imbulana ceiling-capped",validated_2021_2025,
14,Periyakulama Wewa,1/10/2022,2022,1,41.22048624,91.64671331,44.97759358,S1_SAR_fallback,,0,0.645142752,"Sri Lanka small-tank power law (Telivarai Kulam), Imbulana ceiling-capped",validated_2021_2025,
14,Periyakulama Wewa,1/22/2022,2022,1,40.59358942,91.64671331,44.29355724,S1_SAR_fallback,,0,0.635331176,"Sri Lanka small-tank power law (Telivarai Kulam), Imbulana ceiling-capped",validated_2021_2025,
14,Periyakulama Wewa,2/3/2022,2022,2,38.926569,91.64671331,42.47459357,S2_MNDWI,2/4/2022,1,0.609240602,"Sri Lanka small-tank power law (Telivarai Kulam), Imbulana ceiling-capped",validated_2021_2025,
14,Periyakulama Wewa,2/15/2022,2022,2,40.20569396,91.64671331,43.87030643,S1_SAR_fallback,,0,0.629260216,"Sri Lanka small-tank power law (Telivarai Kulam), Imbulana ceiling-capped",validated_2021_2025,
14,Periyakulama Wewa,2/27/2022,2022,2,37.99617642,91.64671331,41.45939887,S1_SAR_fallback,,0,0.594679007,"Sri Lanka small-tank power law (Telivarai Kulam), Imbulana ceiling-capped",validated_2021_2025,
14,Periyakulama Wewa,3/11/2022,2022,3,37.24683677,91.64671331,40.64175945,S1_SAR_fallback,,0,0.582951076,"Sri Lanka small-tank power law (Telivarai Kulam), Imbulana ceiling-capped",validated_2021_2025,
14,Periyakulama Wewa,3/23/2022,2022,3,36.39707085,91.64671331,39.71454025,S2_MNDWI,3/21/2022,2,0.56965137,"Sri Lanka small-tank power law (Telivarai Kulam), Imbulana ceiling-capped",validated_2021_2025,
14,Periyakulama Wewa,4/4/2022,2022,4,38.56852073,91.64671331,42.08391041,S1_SAR_fallback,,0,0.603636781,"Sri Lanka small-tank power law (Telivarai Kulam), Imbulana ceiling-capped",validated_2021_2025,
14,Periyakulama Wewa,4/16/2022,2022,4,37.88632991,91.64671331,41.33954022,S1_SAR_fallback,,0,0.592959797,"Sri Lanka small-tank power law (Telivarai Kulam), Imbulana ceiling-capped",validated_2021_2025,
14,Periyakulama Wewa,4/28/2022,2022,4,36.88837517,91.64671331,40.25062529,S1_SAR_fallback,,0,0.577340785,"Sri Lanka small-tank power law (Telivarai Kulam), Imbulana ceiling-capped",validated_2021_2025,
14,Periyakulama Wewa,5/10/2022,2022,5,35.55590009,91.64671331,38.79669963,S1_SAR_fallback,,0,0.556486188,"Sri Lanka small-tank power law (Telivarai Kulam), Imbulana ceiling-capped",validated_2021_2025,
14,Periyakulama Wewa,5/22/2022,2022,5,30.80277706,91.64671331,33.61034559,S1_SAR_fallback,,0,0.482094953,"Sri Lanka small-tank power law (Telivarai Kulam), Imbulana ceiling-capped",validated_2021_2025,
14,Periyakulama Wewa,6/3/2022,2022,6,31.75348252,91.64671331,34.64770461,S1_SAR_fallback,,0,0.496974465,"Sri Lanka small-tank power law (Telivarai Kulam), Imbulana ceiling-capped",validated_2021_2025,
14,Periyakulama Wewa,6/15/2022,2022,6,32.34391855,91.64671331,35.29195689,S1_SAR_fallback,,0,0.506215393,"Sri Lanka small-tank power law (Telivarai Kulam), Imbulana ceiling-capped",validated_2021_2025,
14,Periyakulama Wewa,6/27/2022,2022,6,31.43335045,91.64671331,34.2983936,S2_MNDWI,6/29/2022,2,0.491964071,"Sri Lanka small-tank power law (Telivarai Kulam), Imbulana ceiling-capped",validated_2021_2025,
14,Periyakulama Wewa,7/9/2022,2022,7,30.49254986,91.64671331,33.27184222,S1_SAR_fallback,,0,0.47723958,"Sri Lanka small-tank power law (Telivarai Kulam), Imbulana ceiling-capped",validated_2021_2025,
14,Periyakulama Wewa,7/21/2022,2022,7,31.40322338,91.64671331,34.26552055,S1_SAR_fallback,,0,0.491492552,"Sri Lanka small-tank power law (Telivarai Kulam), Imbulana ceiling-capped",validated_2021_2025,
14,Periyakulama Wewa,8/2/2022,2022,8,27.2801743,91.64671331,29.76666955,S1_SAR_fallback,,0,0.426962618,"Sri Lanka small-tank power law (Telivarai Kulam), Imbulana ceiling-capped",validated_2021_2025,
14,Periyakulama Wewa,8/14/2022,2022,8,30.97290526,91.64671331,33.79598039,S1_SAR_fallback,,0,0.484757633,"Sri Lanka small-tank power law (Telivarai Kulam), Imbulana ceiling-capped",validated_2021_2025,
14,Periyakulama Wewa,8/26/2022,2022,8,30.93805655,91.64671331,33.75795534,S1_SAR_fallback,,0,0.484212215,"Sri Lanka small-tank power law (Telivarai Kulam), Imbulana ceiling-capped",validated_2021_2025,
14,Periyakulama Wewa,9/7/2022,2022,9,28.63117422,91.64671331,31.24080852,S1_SAR_fallback,,0,0.448107148,"Sri Lanka small-tank power law (Telivarai Kulam), Imbulana ceiling-capped",validated_2021_2025,
14,Periyakulama Wewa,9/19/2022,2022,9,29.21160354,91.64671331,31.874142,S1_SAR_fallback,,0,0.45719146,"Sri Lanka small-tank power law (Telivarai Kulam), Imbulana ceiling-capped",validated_2021_2025,
14,Periyakulama Wewa,10/1/2022,2022,10,28.85114102,91.64671331,31.48082455,S1_SAR_fallback,,0,0.451549854,"Sri Lanka small-tank power law (Telivarai Kulam), Imbulana ceiling-capped",validated_2021_2025,
14,Periyakulama Wewa,10/13/2022,2022,10,29.72496366,91.64671331,32.43429315,S1_SAR_fallback,,0,0.465226071,"Sri Lanka small-tank power law (Telivarai Kulam), Imbulana ceiling-capped",validated_2021_2025,
14,Periyakulama Wewa,10/25/2022,2022,10,31.32720463,91.64671331,34.18257295,S2_MNDWI,10/27/2022,2,0.490302781,"Sri Lanka small-tank power law (Telivarai Kulam), Imbulana ceiling-capped",validated_2021_2025,
14,Periyakulama Wewa,11/6/2022,2022,11,29.28165498,91.64671331,31.9505784,S1_SAR_fallback,,0,0.458287837,"Sri Lanka small-tank power law (Telivarai Kulam), Imbulana ceiling-capped",validated_2021_2025,
14,Periyakulama Wewa,11/18/2022,2022,11,31.44325255,91.64671331,34.30919824,S1_SAR_fallback,,0,0.492119049,"Sri Lanka small-tank power law (Telivarai Kulam), Imbulana ceiling-capped",validated_2021_2025,
14,Periyakulama Wewa,11/30/2022,2022,11,29.882099,91.64671331,32.60575084,S1_SAR_fallback,,0,0.4676854,"Sri Lanka small-tank power law (Telivarai Kulam), Imbulana ceiling-capped",validated_2021_2025,
14,Periyakulama Wewa,12/12/2022,2022,12,29.97196908,91.64671331,32.70381227,S1_SAR_fallback,,0,0.469091959,"Sri Lanka small-tank power law (Telivarai Kulam), Imbulana ceiling-capped",validated_2021_2025,
14,Periyakulama Wewa,12/24/2022,2022,12,34.80562086,91.64671331,37.97803501,S1_SAR_fallback,,0,0.544743551,"Sri Lanka small-tank power law (Telivarai Kulam), Imbulana ceiling-capped",validated_2021_2025,
14,Periyakulama Wewa,1/5/2023,2023,1,38.76572994,91.64671331,42.29909457,S1_SAR_fallback,,0,0.606723306,"Sri Lanka small-tank power law (Telivarai Kulam), Imbulana ceiling-capped",validated_2021_2025,
14,Periyakulama Wewa,1/17/2023,2023,1,38.98023957,91.64671331,42.53315604,S1_SAR_fallback,,0,0.610080602,"Sri Lanka small-tank power law (Telivarai Kulam), Imbulana ceiling-capped",validated_2021_2025,
14,Periyakulama Wewa,1/29/2023,2023,1,41.22962897,91.64671331,44.98756963,S1_SAR_fallback,,0,0.645285845,"Sri Lanka small-tank power law (Telivarai Kulam), Imbulana ceiling-capped",validated_2021_2025,
14,Periyakulama Wewa,2/10/2023,2023,2,42.27126259,91.64671331,46.12414462,S1_SAR_fallback,,0,0.661588476,"Sri Lanka small-tank power law (Telivarai Kulam), Imbulana ceiling-capped",validated_2021_2025,
14,Periyakulama Wewa,2/22/2023,2023,2,43.48937923,91.64671331,47.45328846,S1_SAR_fallback,,0,0.680653247,"Sri Lanka small-tank power law (Telivarai Kulam), Imbulana ceiling-capped",validated_2021_2025,
14,Periyakulama Wewa,3/6/2023,2023,3,42.08112285,91.64671331,45.91667429,S1_SAR_fallback,,0,0.658612595,"Sri Lanka small-tank power law (Telivarai Kulam), Imbulana ceiling-capped",validated_2021_2025,
14,Periyakulama Wewa,3/18/2023,2023,3,42.91044147,91.64671331,46.82158249,S1_SAR_fallback,,0,0.671592279,"Sri Lanka small-tank power law (Telivarai Kulam), Imbulana ceiling-capped",validated_2021_2025,
14,Periyakulama Wewa,3/30/2023,2023,3,40.6095612,91.64671331,44.3109848,S1_SAR_fallback,,0,0.635581151,"Sri Lanka small-tank power law (Telivarai Kulam), Imbulana ceiling-capped",validated_2021_2025,
14,Periyakulama Wewa,4/11/2023,2023,4,42.25124994,91.64671331,46.10230788,S1_SAR_fallback,,0,0.661275258,"Sri Lanka small-tank power law (Telivarai Kulam), Imbulana ceiling-capped",validated_2021_2025,
14,Periyakulama Wewa,4/23/2023,2023,4,40.49995039,91.64671331,44.19138333,S1_SAR_fallback,,0,0.63386563,"Sri Lanka small-tank power law (Telivarai Kulam), Imbulana ceiling-capped",validated_2021_2025,
14,Periyakulama Wewa,5/5/2023,2023,5,44.24271649,91.64671331,48.27528986,S1_SAR_fallback,,0,0.692443746,"Sri Lanka small-tank power law (Telivarai Kulam), Imbulana ceiling-capped",validated_2021_2025,
14,Periyakulama Wewa,5/17/2023,2023,5,47.26432548,91.64671331,51.57230824,S1_SAR_fallback,,0,0.739735015,"Sri Lanka small-tank power law (Telivarai Kulam), Imbulana ceiling-capped",validated_2021_2025,
14,Periyakulama Wewa,5/29/2023,2023,5,47.5549717,91.64671331,51.88944588,S1_SAR_fallback,,0,0.744283926,"Sri Lanka small-tank power law (Telivarai Kulam), Imbulana ceiling-capped",validated_2021_2025,
14,Periyakulama Wewa,6/10/2023,2023,6,47.03972777,91.64671331,51.32723921,S1_SAR_fallback,,0,0.736219832,"Sri Lanka small-tank power law (Telivarai Kulam), Imbulana ceiling-capped",validated_2021_2025,
14,Periyakulama Wewa,6/22/2023,2023,6,45.88251904,91.64671331,50.06455483,S1_SAR_fallback,,0,0.718108332,"Sri Lanka small-tank power law (Telivarai Kulam), Imbulana ceiling-capped",validated_2021_2025,
14,Periyakulama Wewa,7/4/2023,2023,7,41.58063089,91.64671331,45.37056419,S1_SAR_fallback,,0,0.650779384,"Sri Lanka small-tank power law (Telivarai Kulam), Imbulana ceiling-capped",validated_2021_2025,
14,Periyakulama Wewa,7/16/2023,2023,7,40.26978035,91.64671331,43.94023407,S1_SAR_fallback,,0,0.630263233,"Sri Lanka small-tank power law (Telivarai Kulam), Imbulana ceiling-capped",validated_2021_2025,
14,Periyakulama Wewa,7/28/2023,2023,7,29.73162481,91.64671331,32.44156144,S2_MNDWI,7/29/2023,1,0.465330325,"Sri Lanka small-tank power law (Telivarai Kulam), Imbulana ceiling-capped",validated_2021_2025,
14,Periyakulama Wewa,8/9/2023,2023,8,32.5182817,91.64671331,35.48221264,S1_SAR_fallback,,0,0.508944354,"Sri Lanka small-tank power law (Telivarai Kulam), Imbulana ceiling-capped",validated_2021_2025,
14,Periyakulama Wewa,9/2/2023,2023,9,26.12578896,91.64671331,28.5070659,S1_SAR_fallback,,0,0.408895307,"Sri Lanka small-tank power law (Telivarai Kulam), Imbulana ceiling-capped",validated_2021_2025,
14,Periyakulama Wewa,9/14/2023,2023,9,23.48257923,91.64671331,25.62293658,S1_SAR_fallback,,0,0.367526373,"Sri Lanka small-tank power law (Telivarai Kulam), Imbulana ceiling-capped",validated_2021_2025,
14,Periyakulama Wewa,9/26/2023,2023,9,22.44589186,91.64671331,24.49175868,S1_SAR_fallback,,0,0.351301156,"Sri Lanka small-tank power law (Telivarai Kulam), Imbulana ceiling-capped",validated_2021_2025,
14,Periyakulama Wewa,10/8/2023,2023,10,21.46418453,91.64671331,23.42057206,S1_SAR_fallback,,0,0.333851978,"Sri Lanka small-tank power law (Telivarai Kulam), Imbulana ceiling-capped",validated_2021_2025,
14,Periyakulama Wewa,10/20/2023,2023,10,23.81721882,91.64671331,25.98807743,S1_SAR_fallback,,0,0.372763825,"Sri Lanka small-tank power law (Telivarai Kulam), Imbulana ceiling-capped",validated_2021_2025,
14,Periyakulama Wewa,11/1/2023,2023,11,23.75686035,91.64671331,25.92221749,S1_SAR_fallback,,0,0.371819153,"Sri Lanka small-tank power law (Telivarai Kulam), Imbulana ceiling-capped",validated_2021_2025,
14,Periyakulama Wewa,11/13/2023,2023,11,36.97734892,91.64671331,40.3477087,S1_SAR_fallback,,0,0.578733315,"Sri Lanka small-tank power law (Telivarai Kulam), Imbulana ceiling-capped",validated_2021_2025,
14,Periyakulama Wewa,11/25/2023,2023,11,38.12918122,91.64671331,41.6045266,S1_SAR_fallback,,0,0.596760668,"Sri Lanka small-tank power law (Telivarai Kulam), Imbulana ceiling-capped",validated_2021_2025,
14,Periyakulama Wewa,12/7/2023,2023,12,33.79181576,91.64671331,36.87182501,S1_SAR_fallback,,0,0.528876464,"Sri Lanka small-tank power law (Telivarai Kulam), Imbulana ceiling-capped",validated_2021_2025,
14,Periyakulama Wewa,12/19/2023,2023,12,31.75289577,91.64671331,34.64706439,S1_SAR_fallback,,0,0.496965282,"Sri Lanka small-tank power law (Telivarai Kulam), Imbulana ceiling-capped",validated_2021_2025,
14,Periyakulama Wewa,12/31/2023,2023,12,31.01293642,91.64671331,33.83966025,S1_SAR_fallback,,0,0.485384162,"Sri Lanka small-tank power law (Telivarai Kulam), Imbulana ceiling-capped",validated_2021_2025,
14,Periyakulama Wewa,1/12/2024,2024,1,31.95324014,91.64671331,34.86566947,S1_SAR_fallback,,0,0.500100876,"Sri Lanka small-tank power law (Telivarai Kulam), Imbulana ceiling-capped",validated_2021_2025,
14,Periyakulama Wewa,1/24/2024,2024,1,37.47557211,91.64671331,40.89134324,S2_MNDWI,1/25/2024,1,0.586531017,"Sri Lanka small-tank power law (Telivarai Kulam), Imbulana ceiling-capped",validated_2021_2025,
14,Periyakulama Wewa,2/5/2024,2024,2,30.17863248,91.64671331,32.92931235,S1_SAR_fallback,,0,0.472326452,"Sri Lanka small-tank power law (Telivarai Kulam), Imbulana ceiling-capped",validated_2021_2025,
14,Periyakulama Wewa,2/17/2024,2024,2,28.60197527,91.64671331,31.20894818,S1_SAR_fallback,,0,0.447650155,"Sri Lanka small-tank power law (Telivarai Kulam), Imbulana ceiling-capped",validated_2021_2025,
14,Periyakulama Wewa,2/29/2024,2024,2,29.74513426,91.64671331,32.45630223,S1_SAR_fallback,,0,0.465541762,"Sri Lanka small-tank power law (Telivarai Kulam), Imbulana ceiling-capped",validated_2021_2025,
14,Periyakulama Wewa,3/12/2024,2024,3,39.58321728,91.64671331,43.19109311,S2_MNDWI,3/10/2024,2,0.619517819,"Sri Lanka small-tank power law (Telivarai Kulam), Imbulana ceiling-capped",validated_2021_2025,
14,Periyakulama Wewa,3/24/2024,2024,3,30.19629142,91.64671331,32.94858083,S1_SAR_fallback,,0,0.472602832,"Sri Lanka small-tank power law (Telivarai Kulam), Imbulana ceiling-capped",validated_2021_2025,
14,Periyakulama Wewa,4/5/2024,2024,4,29.66016902,91.64671331,32.36359271,S1_SAR_fallback,,0,0.464211969,"Sri Lanka small-tank power law (Telivarai Kulam), Imbulana ceiling-capped",validated_2021_2025,
14,Periyakulama Wewa,4/17/2024,2024,4,29.20842296,91.64671331,31.87067153,S1_SAR_fallback,,0,0.457141681,"Sri Lanka small-tank power law (Telivarai Kulam), Imbulana ceiling-capped",validated_2021_2025,
14,Periyakulama Wewa,4/29/2024,2024,4,29.24130972,91.64671331,31.9065558,S1_SAR_fallback,,0,0.457656393,"Sri Lanka small-tank power law (Telivarai Kulam), Imbulana ceiling-capped",validated_2021_2025,
14,Periyakulama Wewa,5/11/2024,2024,5,29.00113212,91.64671331,31.64448682,S1_SAR_fallback,,0,0.453897368,"Sri Lanka small-tank power law (Telivarai Kulam), Imbulana ceiling-capped",validated_2021_2025,
14,Periyakulama Wewa,5/23/2024,2024,5,30.85281937,91.64671331,33.66494908,S1_SAR_fallback,,0,0.482878166,"Sri Lanka small-tank power law (Telivarai Kulam), Imbulana ceiling-capped",validated_2021_2025,
14,Periyakulama Wewa,6/4/2024,2024,6,38.46845355,91.64671331,41.97472245,S1_SAR_fallback,,0,0.602070627,"Sri Lanka small-tank power law (Telivarai Kulam), Imbulana ceiling-capped",validated_2021_2025,
14,Periyakulama Wewa,6/16/2024,2024,6,35.83289589,91.64671331,39.09894267,S1_SAR_fallback,,0,0.560821455,"Sri Lanka small-tank power law (Telivarai Kulam), Imbulana ceiling-capped",validated_2021_2025,
14,Periyakulama Wewa,7/10/2024,2024,7,31.50330014,91.64671331,34.37471896,S1_SAR_fallback,,0,0.493058855,"Sri Lanka small-tank power law (Telivarai Kulam), Imbulana ceiling-capped",validated_2021_2025,
14,Periyakulama Wewa,7/22/2024,2024,7,32.2030325,91.64671331,35.13822955,S1_SAR_fallback,,0,0.504010382,"Sri Lanka small-tank power law (Telivarai Kulam), Imbulana ceiling-capped",validated_2021_2025,
14,Periyakulama Wewa,8/3/2024,2024,8,31.50584934,91.64671331,34.37750051,S1_SAR_fallback,,0,0.493098753,"Sri Lanka small-tank power law (Telivarai Kulam), Imbulana ceiling-capped",validated_2021_2025,
14,Periyakulama Wewa,8/15/2024,2024,8,31.19295057,91.64671331,34.03608208,S1_SAR_fallback,,0,0.488201567,"Sri Lanka small-tank power law (Telivarai Kulam), Imbulana ceiling-capped",validated_2021_2025,
14,Periyakulama Wewa,8/27/2024,2024,8,31.70344677,91.64671331,34.59310827,S1_SAR_fallback,,0,0.496191355,"Sri Lanka small-tank power law (Telivarai Kulam), Imbulana ceiling-capped",validated_2021_2025,
14,Periyakulama Wewa,9/20/2024,2024,9,29.03877018,91.64671331,31.68555547,S1_SAR_fallback,,0,0.454486442,"Sri Lanka small-tank power law (Telivarai Kulam), Imbulana ceiling-capped",validated_2021_2025,
14,Periyakulama Wewa,10/2/2024,2024,10,28.96448566,91.64671331,31.60450016,S2_MNDWI,10/1/2024,1,0.453323813,"Sri Lanka small-tank power law (Telivarai Kulam), Imbulana ceiling-capped",validated_2021_2025,
14,Periyakulama Wewa,10/14/2024,2024,10,29.54184789,91.64671331,32.234487,S1_SAR_fallback,,0,0.462360122,"Sri Lanka small-tank power law (Telivarai Kulam), Imbulana ceiling-capped",validated_2021_2025,
14,Periyakulama Wewa,10/26/2024,2024,10,28.2247946,91.64671331,30.79738878,S1_SAR_fallback,,0,0.441746892,"Sri Lanka small-tank power law (Telivarai Kulam), Imbulana ceiling-capped",validated_2021_2025,
14,Periyakulama Wewa,11/7/2024,2024,11,31.26849659,91.64671331,34.11851386,S1_SAR_fallback,,0,0.48938394,"Sri Lanka small-tank power law (Telivarai Kulam), Imbulana ceiling-capped",validated_2021_2025,
14,Periyakulama Wewa,11/19/2024,2024,11,30.94806428,91.64671331,33.76887524,S1_SAR_fallback,,0,0.484368846,"Sri Lanka small-tank power law (Telivarai Kulam), Imbulana ceiling-capped",validated_2021_2025,
14,Periyakulama Wewa,12/13/2024,2024,12,42.39017919,91.64671331,46.25390006,S1_SAR_fallback,,0,0.663449643,"Sri Lanka small-tank power law (Telivarai Kulam), Imbulana ceiling-capped",validated_2021_2025,
14,Periyakulama Wewa,12/25/2024,2024,12,39.49921569,91.64671331,43.09943506,S1_SAR_fallback,,0,0.618203108,"Sri Lanka small-tank power law (Telivarai Kulam), Imbulana ceiling-capped",validated_2021_2025,
14,Periyakulama Wewa,1/6/2025,2025,1,39.66400337,91.64671331,43.27924257,S1_SAR_fallback,,0,0.620782204,"Sri Lanka small-tank power law (Telivarai Kulam), Imbulana ceiling-capped",validated_2021_2025,
14,Periyakulama Wewa,1/18/2025,2025,1,41.31055448,91.64671331,45.07587123,S1_SAR_fallback,,0,0.646552412,"Sri Lanka small-tank power law (Telivarai Kulam), Imbulana ceiling-capped",validated_2021_2025,
14,Periyakulama Wewa,1/30/2025,2025,1,40.29976789,91.64671331,43.97295487,S1_SAR_fallback,,0,0.630732569,"Sri Lanka small-tank power law (Telivarai Kulam), Imbulana ceiling-capped",validated_2021_2025,
14,Periyakulama Wewa,2/11/2025,2025,2,40.68534577,91.64671331,44.39367687,S1_SAR_fallback,,0,0.636767257,"Sri Lanka small-tank power law (Telivarai Kulam), Imbulana ceiling-capped",validated_2021_2025,
14,Periyakulama Wewa,2/23/2025,2025,2,40.34584091,91.64671331,44.02322729,S1_SAR_fallback,,0,0.631453659,"Sri Lanka small-tank power law (Telivarai Kulam), Imbulana ceiling-capped",validated_2021_2025,
14,Periyakulama Wewa,3/7/2025,2025,3,34.09128502,91.64671331,37.19858988,S2_MNDWI,3/5/2025,2,0.533563465,"Sri Lanka small-tank power law (Telivarai Kulam), Imbulana ceiling-capped",validated_2021_2025,
14,Periyakulama Wewa,3/19/2025,2025,3,42.27126378,91.64671331,46.12414592,S1_SAR_fallback,,0,0.661588495,"Sri Lanka small-tank power law (Telivarai Kulam), Imbulana ceiling-capped",validated_2021_2025,
14,Periyakulama Wewa,3/31/2025,2025,3,41.9885837,91.64671331,45.81570051,S1_SAR_fallback,,0,0.657164263,"Sri Lanka small-tank power law (Telivarai Kulam), Imbulana ceiling-capped",validated_2021_2025,
14,Periyakulama Wewa,4/12/2025,2025,4,40.44991328,91.64671331,44.13678551,S1_SAR_fallback,,0,0.633082498,"Sri Lanka small-tank power law (Telivarai Kulam), Imbulana ceiling-capped",validated_2021_2025,
14,Periyakulama Wewa,4/24/2025,2025,4,41.16043917,91.64671331,44.91207342,S1_SAR_fallback,,0,0.644202954,"Sri Lanka small-tank power law (Telivarai Kulam), Imbulana ceiling-capped",validated_2021_2025,
14,Periyakulama Wewa,5/6/2025,2025,5,41.78917695,91.64671331,45.59811852,S1_SAR_fallback,,0,0.654043343,"Sri Lanka small-tank power law (Telivarai Kulam), Imbulana ceiling-capped",validated_2021_2025,
14,Periyakulama Wewa,5/18/2025,2025,5,40.07869418,91.64671331,43.73173105,S1_SAR_fallback,,0,0.627272539,"Sri Lanka small-tank power law (Telivarai Kulam), Imbulana ceiling-capped",validated_2021_2025,
14,Periyakulama Wewa,5/30/2025,2025,5,35.37435527,91.64671331,38.59860762,S1_SAR_fallback,,0,0.553644826,"Sri Lanka small-tank power law (Telivarai Kulam), Imbulana ceiling-capped",validated_2021_2025,
14,Periyakulama Wewa,6/11/2025,2025,6,39.11892824,91.64671331,42.6844857,S1_SAR_fallback,,0,0.612251221,"Sri Lanka small-tank power law (Telivarai Kulam), Imbulana ceiling-capped",validated_2021_2025,
14,Periyakulama Wewa,6/23/2025,2025,6,38.21826273,91.64671331,41.70172759,S1_SAR_fallback,,0,0.598154885,"Sri Lanka small-tank power law (Telivarai Kulam), Imbulana ceiling-capped",validated_2021_2025,
14,Periyakulama Wewa,7/5/2025,2025,7,39.87949049,91.64671331,43.51437062,S1_SAR_fallback,,0,0.624154798,"Sri Lanka small-tank power law (Telivarai Kulam), Imbulana ceiling-capped",validated_2021_2025,
14,Periyakulama Wewa,7/17/2025,2025,7,39.33889532,91.64671331,42.92450204,S1_SAR_fallback,,0,0.615693931,"Sri Lanka small-tank power law (Telivarai Kulam), Imbulana ceiling-capped",validated_2021_2025,
14,Periyakulama Wewa,7/29/2025,2025,7,23.36829479,91.64671331,25.4982355,S2_MNDWI,7/28/2025,1,0.365737705,"Sri Lanka small-tank power law (Telivarai Kulam), Imbulana ceiling-capped",validated_2021_2025,
14,Periyakulama Wewa,8/10/2025,2025,8,35.23605867,91.64671331,38.44770576,S1_SAR_fallback,,0,0.551480342,"Sri Lanka small-tank power law (Telivarai Kulam), Imbulana ceiling-capped",validated_2021_2025,
14,Periyakulama Wewa,8/22/2025,2025,8,28.20720582,91.64671331,30.77819684,S2_MNDWI,8/22/2025,0,0.441471609,"Sri Lanka small-tank power law (Telivarai Kulam), Imbulana ceiling-capped",validated_2021_2025,
14,Periyakulama Wewa,9/3/2025,2025,9,29.17157432,91.64671331,31.83046426,S1_SAR_fallback,,0,0.456564962,"Sri Lanka small-tank power law (Telivarai Kulam), Imbulana ceiling-capped",validated_2021_2025,
14,Periyakulama Wewa,9/15/2025,2025,9,29.99218124,91.64671331,32.72586671,S1_SAR_fallback,,0,0.4694083,"Sri Lanka small-tank power law (Telivarai Kulam), Imbulana ceiling-capped",validated_2021_2025,
14,Periyakulama Wewa,9/27/2025,2025,9,28.91094976,91.64671331,31.54608465,S1_SAR_fallback,,0,0.452485921,"Sri Lanka small-tank power law (Telivarai Kulam), Imbulana ceiling-capped",validated_2021_2025,
14,Periyakulama Wewa,10/9/2025,2025,10,29.30167033,91.64671331,31.97241807,S1_SAR_fallback,,0,0.458601098,"Sri Lanka small-tank power law (Telivarai Kulam), Imbulana ceiling-capped",validated_2021_2025,
14,Periyakulama Wewa,10/21/2025,2025,10,39.05484333,91.64671331,42.61455967,S1_SAR_fallback,,0,0.611248227,"Sri Lanka small-tank power law (Telivarai Kulam), Imbulana ceiling-capped",validated_2021_2025,
14,Periyakulama Wewa,11/2/2025,2025,11,39.05269905,91.64671331,42.61221995,S2_MNDWI,10/31/2025,2,0.611214666,"Sri Lanka small-tank power law (Telivarai Kulam), Imbulana ceiling-capped",validated_2021_2025,
14,Periyakulama Wewa,11/14/2025,2025,11,34.61559956,91.64671331,37.7706939,S1_SAR_fallback,,0,0.541769523,"Sri Lanka small-tank power law (Telivarai Kulam), Imbulana ceiling-capped",validated_2021_2025,
14,Periyakulama Wewa,11/26/2025,2025,11,36.77720133,91.64671331,40.12931834,S1_SAR_fallback,,0,0.575600801,"Sri Lanka small-tank power law (Telivarai Kulam), Imbulana ceiling-capped",validated_2021_2025,
14,Periyakulama Wewa,12/2/2025,2025,12,62.90476117,91.64671331,68.63831653,S1_SAR_fallback,,0,0.984523824,"Sri Lanka small-tank power law (Telivarai Kulam), Imbulana ceiling-capped",validated_2021_2025,
14,Periyakulama Wewa,12/8/2025,2025,12,57.12625085,91.64671331,62.33311462,S1_SAR_fallback,,0,0.89408423,"Sri Lanka small-tank power law (Telivarai Kulam), Imbulana ceiling-capped",validated_2021_2025,
14,Periyakulama Wewa,12/20/2025,2025,12,55.06072197,91.64671331,60.07931979,S1_SAR_fallback,,0,0.861756591,"Sri Lanka small-tank power law (Telivarai Kulam), Imbulana ceiling-capped",validated_2021_2025,
25,Sembukulama Wewa,1/3/2021,2021,1,4.613350117,23.17753387,19.9044046,S1_SAR,,0,0.049152609,"Sri Lanka small-tank power law (Telivarai Kulam), Imbulana ceiling-capped",validated_2021_2025,
25,Sembukulama Wewa,1/15/2021,2021,1,4.923575598,23.17753387,21.24287953,S1_SAR,,0,0.053304776,"Sri Lanka small-tank power law (Telivarai Kulam), Imbulana ceiling-capped",validated_2021_2025,
25,Sembukulama Wewa,1/27/2021,2021,1,5.133728403,23.17753387,22.14958861,S1_SAR,,0,0.056154604,"Sri Lanka small-tank power law (Telivarai Kulam), Imbulana ceiling-capped",validated_2021_2025,
25,Sembukulama Wewa,2/8/2021,2021,2,6.334600015,23.17753387,27.33077665,S1_SAR,,0,0.072968552,"Sri Lanka small-tank power law (Telivarai Kulam), Imbulana ceiling-capped",validated_2021_2025,
25,Sembukulama Wewa,2/20/2021,2021,2,6.174484032,23.17753387,26.63995258,S1_SAR,,0,0.07067749,"Sri Lanka small-tank power law (Telivarai Kulam), Imbulana ceiling-capped",validated_2021_2025,
25,Sembukulama Wewa,3/4/2021,2021,3,4.052943742,23.17753387,17.48651848,S1_SAR,,0,0.041827274,"Sri Lanka small-tank power law (Telivarai Kulam), Imbulana ceiling-capped",validated_2021_2025,
25,Sembukulama Wewa,3/16/2021,2021,3,3.092246181,23.17753387,13.34156687,S1_SAR,,0,0.029857202,"Sri Lanka small-tank power law (Telivarai Kulam), Imbulana ceiling-capped",validated_2021_2025,
25,Sembukulama Wewa,3/28/2021,2021,3,5.854251049,23.17753387,25.25830005,S1_SAR,,0,0.066139368,"Sri Lanka small-tank power law (Telivarai Kulam), Imbulana ceiling-capped",validated_2021_2025,
25,Sembukulama Wewa,4/9/2021,2021,4,6.293275486,23.17753387,27.15248103,S1_SAR,,0,0.072375869,"Sri Lanka small-tank power law (Telivarai Kulam), Imbulana ceiling-capped",validated_2021_2025,
25,Sembukulama Wewa,4/21/2021,2021,4,7.18521742,23.17753387,31.0007849,S1_SAR,,0,0.085373346,"Sri Lanka small-tank power law (Telivarai Kulam), Imbulana ceiling-capped",validated_2021_2025,
25,Sembukulama Wewa,5/3/2021,2021,5,6.014367004,23.17753387,25.949124,S1_SAR,,0,0.068400988,"Sri Lanka small-tank power law (Telivarai Kulam), Imbulana ceiling-capped",validated_2021_2025,
25,Sembukulama Wewa,5/15/2021,2021,5,6.664839561,23.17753387,28.75560273,S1_SAR,,0,0.077738725,"Sri Lanka small-tank power law (Telivarai Kulam), Imbulana ceiling-capped",validated_2021_2025,
25,Sembukulama Wewa,5/27/2021,2021,5,7.615529796,23.17753387,32.85737749,S1_SAR,,0,0.091790689,"Sri Lanka small-tank power law (Telivarai Kulam), Imbulana ceiling-capped",validated_2021_2025,
25,Sembukulama Wewa,6/8/2021,2021,6,7.495442571,23.17753387,32.33925841,S1_SAR,,0,0.089990593,"Sri Lanka small-tank power law (Telivarai Kulam), Imbulana ceiling-capped",validated_2021_2025,
25,Sembukulama Wewa,6/14/2021,2021,6,7.785653448,23.17753387,33.59137988,S1_SAR,,0,0.094352788,"Sri Lanka small-tank power law (Telivarai Kulam), Imbulana ceiling-capped",validated_2021_2025,
25,Sembukulama Wewa,6/20/2021,2021,6,8.134416445,23.17753387,35.0961258,S1_SAR,,0,0.099648179,"Sri Lanka small-tank power law (Telivarai Kulam), Imbulana ceiling-capped",validated_2021_2025,
25,Sembukulama Wewa,7/2/2021,2021,7,7.925755069,23.17753387,34.19585153,S1_SAR,,0,0.096473131,"Sri Lanka small-tank power law (Telivarai Kulam), Imbulana ceiling-capped",validated_2021_2025,
25,Sembukulama Wewa,7/14/2021,2021,7,7.415384442,23.17753387,31.99384578,S1_SAR,,0,0.08879446,"Sri Lanka small-tank power law (Telivarai Kulam), Imbulana ceiling-capped",validated_2021_2025,
25,Sembukulama Wewa,7/26/2021,2021,7,7.305304576,23.17753387,31.51890368,S1_SAR,,0,0.087154964,"Sri Lanka small-tank power law (Telivarai Kulam), Imbulana ceiling-capped",validated_2021_2025,
25,Sembukulama Wewa,8/7/2021,2021,8,7.645551588,23.17753387,32.9869072,S1_SAR,,0,0.09224181,"Sri Lanka small-tank power law (Telivarai Kulam), Imbulana ceiling-capped",validated_2021_2025,
25,Sembukulama Wewa,8/19/2021,2021,8,7.245260931,23.17753387,31.259844,S1_SAR,,0,0.086263246,"Sri Lanka small-tank power law (Telivarai Kulam), Imbulana ceiling-capped",validated_2021_2025,
25,Sembukulama Wewa,8/31/2021,2021,8,6.80494115,23.17753387,29.36007424,S1_SAR,,0,0.079780246,"Sri Lanka small-tank power law (Telivarai Kulam), Imbulana ceiling-capped",validated_2021_2025,
25,Sembukulama Wewa,9/12/2021,2021,9,6.424665013,23.17753387,27.71936415,S1_SAR,,0,0.074263571,"Sri Lanka small-tank power law (Telivarai Kulam), Imbulana ceiling-capped",validated_2021_2025,
25,Sembukulama Wewa,9/24/2021,2021,9,6.945042744,23.17753387,29.96454577,S1_SAR,,0,0.081832137,"Sri Lanka small-tank power law (Telivarai Kulam), Imbulana ceiling-capped",validated_2021_2025,
25,Sembukulama Wewa,10/6/2021,2021,10,6.254541418,23.17753387,26.985362,S1_SAR,,0,0.071821208,"Sri Lanka small-tank power law (Telivarai Kulam), Imbulana ceiling-capped",validated_2021_2025,
25,Sembukulama Wewa,10/18/2021,2021,10,5.734163546,23.17753387,24.74017977,S1_SAR,,0,0.064453086,"Sri Lanka small-tank power law (Telivarai Kulam), Imbulana ceiling-capped",validated_2021_2025,
25,Sembukulama Wewa,10/30/2021,2021,10,6.064403229,23.17753387,26.16500644,S1_SAR,,0,0.069110807,"Sri Lanka small-tank power law (Telivarai Kulam), Imbulana ceiling-capped",validated_2021_2025,
25,Sembukulama Wewa,11/17/2021,2021,11,8.966511605,23.17753387,38.68621941,S1_SAR,,0,0.112505848,"Sri Lanka small-tank power law (Telivarai Kulam), Imbulana ceiling-capped",validated_2021_2025,
25,Sembukulama Wewa,11/23/2021,2021,11,8.255995428,23.17753387,35.62068111,S1_SAR,,0,0.101507453,"Sri Lanka small-tank power law (Telivarai Kulam), Imbulana ceiling-capped",validated_2021_2025,
25,Sembukulama Wewa,12/5/2021,2021,12,6.68485405,23.17753387,28.8419557,S1_SAR,,0,0.07802973,"Sri Lanka small-tank power law (Telivarai Kulam), Imbulana ceiling-capped",validated_2021_2025,
25,Sembukulama Wewa,12/17/2021,2021,12,6.854977599,23.17753387,29.57595764,S1_SAR,,0,0.080511885,"Sri Lanka small-tank power law (Telivarai Kulam), Imbulana ceiling-capped",validated_2021_2025,
25,Sembukulama Wewa,12/29/2021,2021,12,5.734163387,23.17753387,24.74017909,S1_SAR,,0,0.064453083,"Sri Lanka small-tank power law (Telivarai Kulam), Imbulana ceiling-capped",validated_2021_2025,
25,Sembukulama Wewa,1/10/2022,2022,1,5.103705582,23.17753387,22.02005447,S1_SAR,,0,0.055745685,"Sri Lanka small-tank power law (Telivarai Kulam), Imbulana ceiling-capped",validated_2021_2025,
25,Sembukulama Wewa,1/22/2022,2022,1,5.974338067,23.17753387,25.77641824,S1_SAR,,0,0.067834178,"Sri Lanka small-tank power law (Telivarai Kulam), Imbulana ceiling-capped",validated_2021_2025,
25,Sembukulama Wewa,2/3/2022,2022,2,6.194497836,23.17753387,26.72630259,S1_SAR,,0,0.070963071,"Sri Lanka small-tank power law (Telivarai Kulam), Imbulana ceiling-capped",validated_2021_2025,
25,Sembukulama Wewa,2/15/2022,2022,2,5.874265186,23.17753387,25.3446515,S1_SAR,,0,0.066421242,"Sri Lanka small-tank power law (Telivarai Kulam), Imbulana ceiling-capped",validated_2021_2025,
25,Sembukulama Wewa,2/27/2022,2022,2,5.994352374,23.17753387,25.86277042,S1_SAR,,0,0.068117465,"Sri Lanka small-tank power law (Telivarai Kulam), Imbulana ceiling-capped",validated_2021_2025,
25,Sembukulama Wewa,3/11/2022,2022,3,6.134454115,23.17753387,26.46724259,S1_SAR,,0,0.070106977,"Sri Lanka small-tank power law (Telivarai Kulam), Imbulana ceiling-capped",validated_2021_2025,
25,Sembukulama Wewa,3/23/2022,2022,3,5.64609928,23.17753387,24.36022448,S1_SAR,,0,0.063221979,"Sri Lanka small-tank power law (Telivarai Kulam), Imbulana ceiling-capped",validated_2021_2025,
25,Sembukulama Wewa,4/4/2022,2022,4,6.794934115,23.17753387,29.31689865,S1_SAR,,0,0.079634081,"Sri Lanka small-tank power law (Telivarai Kulam), Imbulana ceiling-capped",validated_2021_2025,
25,Sembukulama Wewa,4/16/2022,2022,4,5.243807354,23.17753387,22.62452677,S1_SAR,,0,0.057658931,"Sri Lanka small-tank power law (Telivarai Kulam), Imbulana ceiling-capped",validated_2021_2025,
25,Sembukulama Wewa,4/28/2022,2022,4,4.303124177,23.17753387,18.56592768,S1_SAR,,0,0.045068625,"Sri Lanka small-tank power law (Telivarai Kulam), Imbulana ceiling-capped",validated_2021_2025,
25,Sembukulama Wewa,5/10/2022,2022,5,2.992172269,23.17753387,12.90979569,S1_SAR,,0,0.02865799,"Sri Lanka small-tank power law (Telivarai Kulam), Imbulana ceiling-capped",validated_2021_2025,
25,Sembukulama Wewa,5/22/2022,2022,5,2.531838021,23.17753387,10.92367305,S1_SAR,,0,0.023272419,"Sri Lanka small-tank power law (Telivarai Kulam), Imbulana ceiling-capped",validated_2021_2025,
25,Sembukulama Wewa,6/3/2022,2022,6,2.48180164,23.17753387,10.70778994,S1_SAR,,0,0.022700709,"Sri Lanka small-tank power law (Telivarai Kulam), Imbulana ceiling-capped",validated_2021_2025,
25,Sembukulama Wewa,6/15/2022,2022,6,2.271648981,23.17753387,9.801081489,S1_SAR,,0,0.020330948,"Sri Lanka small-tank power law (Telivarai Kulam), Imbulana ceiling-capped",validated_2021_2025,
25,Sembukulama Wewa,6/27/2022,2022,6,2.011224664,23.17753387,8.677474813,S1_SAR,,0,0.017468835,"Sri Lanka small-tank power law (Telivarai Kulam), Imbulana ceiling-capped",validated_2021_2025,
25,Sembukulama Wewa,7/9/2022,2022,7,2.021467455,23.17753387,8.721667568,S1_SAR,,0,0.017579762,"Sri Lanka small-tank power law (Telivarai Kulam), Imbulana ceiling-capped",validated_2021_2025,
25,Sembukulama Wewa,7/21/2022,2022,7,1.901380286,23.17753387,8.203548735,S1_SAR,,0,0.016288083,"Sri Lanka small-tank power law (Telivarai Kulam), Imbulana ceiling-capped",validated_2021_2025,
25,Sembukulama Wewa,8/2/2022,2022,8,1.411024335,23.17753387,6.087896769,S1_SAR,,0,0.011232054,"Sri Lanka small-tank power law (Telivarai Kulam), Imbulana ceiling-capped",validated_2021_2025,
25,Sembukulama Wewa,8/14/2022,2022,8,1.821322061,23.17753387,7.858135691,S1_SAR,,0,0.015437975,"Sri Lanka small-tank power law (Telivarai Kulam), Imbulana ceiling-capped",validated_2021_2025,
25,Sembukulama Wewa,8/26/2022,2022,8,1.360987901,23.17753387,5.872013429,S1_SAR,,0,0.010737924,"Sri Lanka small-tank power law (Telivarai Kulam), Imbulana ceiling-capped",validated_2021_2025,
25,Sembukulama Wewa,9/7/2022,2022,9,1.190864425,23.17753387,5.138011799,S1_SAR,,0,0.00909196,"Sri Lanka small-tank power law (Telivarai Kulam), Imbulana ceiling-capped",validated_2021_2025,
25,Sembukulama Wewa,9/19/2022,2022,9,1.250907983,23.17753387,5.397071106,S1_SAR,,0,0.009666687,"Sri Lanka small-tank power law (Telivarai Kulam), Imbulana ceiling-capped",validated_2021_2025,
25,Sembukulama Wewa,10/1/2022,2022,10,1.270922517,23.17753387,5.483424267,S1_SAR,,0,0.009859793,"Sri Lanka small-tank power law (Telivarai Kulam), Imbulana ceiling-capped",validated_2021_2025,
25,Sembukulama Wewa,10/13/2022,2022,10,1.501089606,23.17753387,6.476485437,S1_SAR,,0,0.012132326,"Sri Lanka small-tank power law (Telivarai Kulam), Imbulana ceiling-capped",validated_2021_2025,
25,Sembukulama Wewa,10/25/2022,2022,10,1.511096878,23.17753387,6.519662043,S1_SAR,,0,0.012233195,"Sri Lanka small-tank power law (Telivarai Kulam), Imbulana ceiling-capped",validated_2021_2025,
25,Sembukulama Wewa,11/6/2022,2022,11,1.731256721,23.17753387,7.469546723,S1_SAR,,0,0.014492557,"Sri Lanka small-tank power law (Telivarai Kulam), Imbulana ceiling-capped",validated_2021_2025,
25,Sembukulama Wewa,11/18/2022,2022,11,3.802760774,23.17753387,16.40709834,S1_SAR,,0,0.038634783,"Sri Lanka small-tank power law (Telivarai Kulam), Imbulana ceiling-capped",validated_2021_2025,
25,Sembukulama Wewa,11/30/2022,2022,11,3.20232485,23.17753387,13.81650381,S1_SAR,,0,0.031187371,"Sri Lanka small-tank power law (Telivarai Kulam), Imbulana ceiling-capped",validated_2021_2025,
25,Sembukulama Wewa,12/12/2022,2022,12,3.812768135,23.17753387,16.45027533,S1_SAR,,0,0.038761515,"Sri Lanka small-tank power law (Telivarai Kulam), Imbulana ceiling-capped",validated_2021_2025,
25,Sembukulama Wewa,12/24/2022,2022,12,4.643371278,23.17753387,20.03393158,S1_SAR,,0,0.049551498,"Sri Lanka small-tank power law (Telivarai Kulam), Imbulana ceiling-capped",validated_2021_2025,
25,Sembukulama Wewa,1/5/2023,2023,1,5.684127206,23.17753387,24.52429684,S1_SAR,,0,0.06375302,"Sri Lanka small-tank power law (Telivarai Kulam), Imbulana ceiling-capped",validated_2021_2025,
25,Sembukulama Wewa,1/17/2023,2023,1,4.573320663,23.17753387,19.73169661,S1_SAR,,0,0.048621734,"Sri Lanka small-tank power law (Telivarai Kulam), Imbulana ceiling-capped",validated_2021_2025,
25,Sembukulama Wewa,1/29/2023,2023,1,5.554032835,23.17753387,23.9630017,S1_SAR,,0,0.061939966,"Sri Lanka small-tank power law (Telivarai Kulam), Imbulana ceiling-capped",validated_2021_2025,
25,Sembukulama Wewa,2/10/2023,2023,2,5.46396768,23.17753387,23.57441353,S1_SAR,,0,0.060690871,"Sri Lanka small-tank power law (Telivarai Kulam), Imbulana ceiling-capped",validated_2021_2025,
25,Sembukulama Wewa,2/22/2023,2023,2,5.824229547,23.17753387,25.12877159,S1_SAR,,0,0.065716998,"Sri Lanka small-tank power law (Telivarai Kulam), Imbulana ceiling-capped",validated_2021_2025,
25,Sembukulama Wewa,3/6/2023,2023,3,6.324593201,23.17753387,27.28760203,S1_SAR,,0,0.072824945,"Sri Lanka small-tank power law (Telivarai Kulam), Imbulana ceiling-capped",validated_2021_2025,
25,Sembukulama Wewa,3/18/2023,2023,3,5.013641537,23.17753387,21.63147108,S1_SAR,,0,0.054522545,"Sri Lanka small-tank power law (Telivarai Kulam), Imbulana ceiling-capped",validated_2021_2025,
25,Sembukulama Wewa,3/30/2023,2023,3,5.353888233,23.17753387,23.09947324,S1_SAR,,0,0.059171075,"Sri Lanka small-tank power law (Telivarai Kulam), Imbulana ceiling-capped",validated_2021_2025,
25,Sembukulama Wewa,4/11/2023,2023,4,5.544026591,23.17753387,23.91982953,S1_SAR,,0,0.061800944,"Sri Lanka small-tank power law (Telivarai Kulam), Imbulana ceiling-capped",validated_2021_2025,
25,Sembukulama Wewa,4/23/2023,2023,4,6.204505926,23.17753387,26.76948273,S1_SAR,,0,0.071105964,"Sri Lanka small-tank power law (Telivarai Kulam), Imbulana ceiling-capped",validated_2021_2025,
25,Sembukulama Wewa,5/5/2023,2023,5,6.314585458,23.17753387,27.24442339,S1_SAR,,0,0.072681381,"Sri Lanka small-tank power law (Telivarai Kulam), Imbulana ceiling-capped",validated_2021_2025,
25,Sembukulama Wewa,5/17/2023,2023,5,6.945043164,23.17753387,29.96454758,S1_SAR,,0,0.081832144,"Sri Lanka small-tank power law (Telivarai Kulam), Imbulana ceiling-capped",validated_2021_2025,
25,Sembukulama Wewa,5/29/2023,2023,5,7.035108549,23.17753387,30.35313674,S1_SAR,,0,0.08315662,"Sri Lanka small-tank power law (Telivarai Kulam), Imbulana ceiling-capped",validated_2021_2025,
25,Sembukulama Wewa,6/10/2023,2023,6,6.364621649,23.17753387,27.46030568,S1_SAR,,0,0.073399724,"Sri Lanka small-tank power law (Telivarai Kulam), Imbulana ceiling-capped",validated_2021_2025,
25,Sembukulama Wewa,6/22/2023,2023,6,7.015093958,23.17753387,30.26678333,S1_SAR,,0,0.082861928,"Sri Lanka small-tank power law (Telivarai Kulam), Imbulana ceiling-capped",validated_2021_2025,
25,Sembukulama Wewa,7/4/2023,2023,7,6.524737886,23.17753387,28.15113085,S1_SAR,,0,0.075707737,"Sri Lanka small-tank power law (Telivarai Kulam), Imbulana ceiling-capped",validated_2021_2025,
25,Sembukulama Wewa,7/16/2023,2023,7,6.564766953,23.17753387,28.32383717,S1_SAR,,0,0.076286935,"Sri Lanka small-tank power law (Telivarai Kulam), Imbulana ceiling-capped",validated_2021_2025,
25,Sembukulama Wewa,7/28/2023,2023,7,6.995079504,23.17753387,30.18043051,S1_SAR,,0,0.082567446,"Sri Lanka small-tank power law (Telivarai Kulam), Imbulana ceiling-capped",validated_2021_2025,
25,Sembukulama Wewa,8/9/2023,2023,8,6.274556184,23.17753387,27.07171617,S1_SAR,,0,0.072107709,"Sri Lanka small-tank power law (Telivarai Kulam), Imbulana ceiling-capped",validated_2021_2025,
25,Sembukulama Wewa,9/2/2023,2023,9,5.792990712,23.17753387,24.99399093,S1_SAR,,0,0.065278069,"Sri Lanka small-tank power law (Telivarai Kulam), Imbulana ceiling-capped",validated_2021_2025,
25,Sembukulama Wewa,9/14/2023,2023,9,4.102979126,23.17753387,17.70239728,S1_SAR,,0,0.042471697,"Sri Lanka small-tank power law (Telivarai Kulam), Imbulana ceiling-capped",validated_2021_2025,
25,Sembukulama Wewa,9/26/2023,2023,9,4.336560729,23.17753387,18.71019045,S1_SAR,,0,0.045505416,"Sri Lanka small-tank power law (Telivarai Kulam), Imbulana ceiling-capped",validated_2021_2025,
25,Sembukulama Wewa,10/8/2023,2023,10,3.892826616,23.17753387,16.79568947,S1_SAR,,0,0.039778301,"Sri Lanka small-tank power law (Telivarai Kulam), Imbulana ceiling-capped",validated_2021_2025,
25,Sembukulama Wewa,10/20/2023,2023,10,6.714876617,23.17753387,28.97148875,S1_SAR,,0,0.07846665,"Sri Lanka small-tank power law (Telivarai Kulam), Imbulana ceiling-capped",validated_2021_2025,
25,Sembukulama Wewa,11/1/2023,2023,11,7.165203378,23.17753387,30.91443386,S1_SAR,,0,0.085077126,"Sri Lanka small-tank power law (Telivarai Kulam), Imbulana ceiling-capped",validated_2021_2025,
25,Sembukulama Wewa,11/13/2023,2023,11,14.36843806,23.17753387,61.99295466,S1_SAR,,0,0.202467626,"Sri Lanka small-tank power law (Telivarai Kulam), Imbulana ceiling-capped",validated_2021_2025,
25,Sembukulama Wewa,11/25/2023,2023,11,12.05875954,23.17753387,52.02779385,S1_SAR,,0,0.162749632,"Sri Lanka small-tank power law (Telivarai Kulam), Imbulana ceiling-capped",validated_2021_2025,
25,Sembukulama Wewa,12/7/2023,2023,12,11.65846854,23.17753387,50.30072916,S1_SAR,,0,0.156045419,"Sri Lanka small-tank power law (Telivarai Kulam), Imbulana ceiling-capped",validated_2021_2025,
25,Sembukulama Wewa,12/19/2023,2023,12,11.00799597,23.17753387,47.49425039,S1_SAR,,0,0.145272069,"Sri Lanka small-tank power law (Telivarai Kulam), Imbulana ceiling-capped",validated_2021_2025,
25,Sembukulama Wewa,12/31/2023,2023,12,10.52764683,23.17753387,45.42177305,S1_SAR,,0,0.137415847,"Sri Lanka small-tank power law (Telivarai Kulam), Imbulana ceiling-capped",validated_2021_2025,
25,Sembukulama Wewa,1/12/2024,2024,1,9.817130759,23.17753387,42.3562352,S1_SAR,,0,0.125956986,"Sri Lanka small-tank power law (Telivarai Kulam), Imbulana ceiling-capped",validated_2021_2025,
25,Sembukulama Wewa,1/24/2024,2024,1,8.085872751,23.17753387,34.88668293,S1_SAR,,0,0.098907716,"Sri Lanka small-tank power law (Telivarai Kulam), Imbulana ceiling-capped",validated_2021_2025,
25,Sembukulama Wewa,2/5/2024,2024,2,7.145189179,23.17753387,30.82808214,S1_SAR,,0,0.084781106,"Sri Lanka small-tank power law (Telivarai Kulam), Imbulana ceiling-capped",validated_2021_2025,
25,Sembukulama Wewa,2/17/2024,2024,2,7.655559881,23.17753387,33.03008821,S1_SAR,,0,0.092392296,"Sri Lanka small-tank power law (Telivarai Kulam), Imbulana ceiling-capped",validated_2021_2025,
25,Sembukulama Wewa,2/29/2024,2024,2,7.995806828,23.17753387,34.49809144,S1_SAR,,0,0.097536791,"Sri Lanka small-tank power law (Telivarai Kulam), Imbulana ceiling-capped",validated_2021_2025,
25,Sembukulama Wewa,3/12/2024,2024,3,7.385363496,23.17753387,31.86431973,S1_SAR,,0,0.088346739,"Sri Lanka small-tank power law (Telivarai Kulam), Imbulana ceiling-capped",validated_2021_2025,
25,Sembukulama Wewa,3/24/2024,2024,3,6.484709866,23.17753387,27.97842904,S1_SAR,,0,0.075129428,"Sri Lanka small-tank power law (Telivarai Kulam), Imbulana ceiling-capped",validated_2021_2025,
25,Sembukulama Wewa,4/5/2024,2024,4,5.093699361,23.17753387,21.9768824,S1_SAR,,0,0.055609528,"Sri Lanka small-tank power law (Telivarai Kulam), Imbulana ceiling-capped",validated_2021_2025,
25,Sembukulama Wewa,4/17/2024,2024,4,6.674847639,23.17753387,28.79878281,S1_SAR,,0,0.077884213,"Sri Lanka small-tank power law (Telivarai Kulam), Imbulana ceiling-capped",validated_2021_2025,
25,Sembukulama Wewa,4/29/2024,2024,4,4.403198295,23.17753387,18.99769975,S1_SAR,,0,0.046378389,"Sri Lanka small-tank power law (Telivarai Kulam), Imbulana ceiling-capped",validated_2021_2025,
25,Sembukulama Wewa,5/11/2024,2024,5,3.612623724,23.17753387,15.58674768,S1_SAR,,0,0.036242687,"Sri Lanka small-tank power law (Telivarai Kulam), Imbulana ceiling-capped",validated_2021_2025,
25,Sembukulama Wewa,5/23/2024,2024,5,7.235254339,23.17753387,31.21667033,S1_SAR,,0,0.086114813,"Sri Lanka small-tank power law (Telivarai Kulam), Imbulana ceiling-capped",validated_2021_2025,
25,Sembukulama Wewa,6/4/2024,2024,6,8.866439368,23.17753387,38.25445545,S1_SAR,,0,0.11094337,"Sri Lanka small-tank power law (Telivarai Kulam), Imbulana ceiling-capped",validated_2021_2025,
25,Sembukulama Wewa,6/16/2024,2024,6,8.496170576,23.17753387,36.65692228,S1_SAR,,0,0.105200155,"Sri Lanka small-tank power law (Telivarai Kulam), Imbulana ceiling-capped",validated_2021_2025,
25,Sembukulama Wewa,7/10/2024,2024,7,6.93503643,23.17753387,29.9213733,S1_SAR,,0,0.081685247,"Sri Lanka small-tank power law (Telivarai Kulam), Imbulana ceiling-capped",validated_2021_2025,
25,Sembukulama Wewa,7/22/2024,2024,7,7.065130927,23.17753387,30.48266898,S1_SAR,,0,0.083599051,"Sri Lanka small-tank power law (Telivarai Kulam), Imbulana ceiling-capped",validated_2021_2025,
25,Sembukulama Wewa,8/3/2024,2024,8,6.184491338,23.17753387,26.68312933,S1_SAR,,0,0.070820258,"Sri Lanka small-tank power law (Telivarai Kulam), Imbulana ceiling-capped",validated_2021_2025,
25,Sembukulama Wewa,8/15/2024,2024,8,5.4439541,23.17753387,23.48806448,S1_SAR,,0,0.060413991,"Sri Lanka small-tank power law (Telivarai Kulam), Imbulana ceiling-capped",validated_2021_2025,
25,Sembukulama Wewa,8/27/2024,2024,8,7.775647573,23.17753387,33.5482093,S1_SAR,,0,0.094201712,"Sri Lanka small-tank power law (Telivarai Kulam), Imbulana ceiling-capped",validated_2021_2025,
25,Sembukulama Wewa,9/20/2024,2024,9,8.626265452,23.17753387,37.21821959,S1_SAR,,0,0.107211168,"Sri Lanka small-tank power law (Telivarai Kulam), Imbulana ceiling-capped",validated_2021_2025,
25,Sembukulama Wewa,10/2/2024,2024,10,7.575502576,23.17753387,32.68467913,S1_SAR,,0,0.091189903,"Sri Lanka small-tank power law (Telivarai Kulam), Imbulana ceiling-capped",validated_2021_2025,
25,Sembukulama Wewa,10/14/2024,2024,10,8.446134321,23.17753387,36.44103971,S1_SAR,,0,0.104428701,"Sri Lanka small-tank power law (Telivarai Kulam), Imbulana ceiling-capped",validated_2021_2025,
25,Sembukulama Wewa,10/26/2024,2024,10,8.446134393,23.17753387,36.44104002,S1_SAR,,0,0.104428703,"Sri Lanka small-tank power law (Telivarai Kulam), Imbulana ceiling-capped",validated_2021_2025,
25,Sembukulama Wewa,11/7/2024,2024,11,14.23033829,23.17753387,61.39712005,S1_SAR,,0,0.200045644,"Sri Lanka small-tank power law (Telivarai Kulam), Imbulana ceiling-capped",validated_2021_2025,
25,Sembukulama Wewa,11/19/2024,2024,11,13.98576819,23.17753387,60.34191675,S1_SAR,,0,0.195770596,"Sri Lanka small-tank power law (Telivarai Kulam), Imbulana ceiling-capped",validated_2021_2025,
25,Sembukulama Wewa,12/13/2024,2024,12,14.11295818,23.17753387,60.89068085,S1_SAR,,0,0.197991582,"Sri Lanka small-tank power law (Telivarai Kulam), Imbulana ceiling-capped",validated_2021_2025,
25,Sembukulama Wewa,12/25/2024,2024,12,13.58759628,23.17753387,58.62399494,S1_SAR,,0,0.188849995,"Sri Lanka small-tank power law (Telivarai Kulam), Imbulana ceiling-capped",validated_2021_2025,
25,Sembukulama Wewa,1/6/2025,2025,1,13.94530712,23.17753387,60.16734655,S1_SAR,,0,0.195065106,"Sri Lanka small-tank power law (Telivarai Kulam), Imbulana ceiling-capped",validated_2021_2025,
25,Sembukulama Wewa,1/18/2025,2025,1,13.66047261,23.17753387,58.93842152,S1_SAR,,0,0.190112968,"Sri Lanka small-tank power law (Telivarai Kulam), Imbulana ceiling-capped",validated_2021_2025,
25,Sembukulama Wewa,1/30/2025,2025,1,13.24554364,23.17753387,57.14820101,S1_SAR,,0,0.18294447,"Sri Lanka small-tank power law (Telivarai Kulam), Imbulana ceiling-capped",validated_2021_2025,
25,Sembukulama Wewa,2/11/2025,2025,2,13.68649103,23.17753387,59.05067859,S1_SAR,,0,0.190564279,"Sri Lanka small-tank power law (Telivarai Kulam), Imbulana ceiling-capped",validated_2021_2025,
25,Sembukulama Wewa,2/23/2025,2025,2,13.69457557,23.17753387,59.08555952,S1_SAR,,0,0.190704555,"Sri Lanka small-tank power law (Telivarai Kulam), Imbulana ceiling-capped",validated_2021_2025,
25,Sembukulama Wewa,3/7/2025,2025,3,13.7785581,23.17753387,59.44790406,S1_SAR,,0,0.192162951,"Sri Lanka small-tank power law (Telivarai Kulam), Imbulana ceiling-capped",validated_2021_2025,
25,Sembukulama Wewa,3/19/2025,2025,3,13.27662485,23.17753387,57.28230157,S1_SAR,,0,0.183479552,"Sri Lanka small-tank power law (Telivarai Kulam), Imbulana ceiling-capped",validated_2021_2025,
25,Sembukulama Wewa,3/31/2025,2025,3,12.15467219,23.17753387,52.44161117,S1_SAR,,0,0.164364229,"Sri Lanka small-tank power law (Telivarai Kulam), Imbulana ceiling-capped",validated_2021_2025,
25,Sembukulama Wewa,4/12/2025,2025,4,11.26206276,23.17753387,48.59042736,S1_SAR,,0,0.14946187,"Sri Lanka small-tank power law (Telivarai Kulam), Imbulana ceiling-capped",validated_2021_2025,
25,Sembukulama Wewa,4/24/2025,2025,4,7.815676843,23.17753387,33.7209165,S1_SAR,,0,0.094806387,"Sri Lanka small-tank power law (Telivarai Kulam), Imbulana ceiling-capped",validated_2021_2025,
25,Sembukulama Wewa,5/6/2025,2025,5,10.84642688,23.17753387,46.79715685,S1_SAR,,0,0.14261996,"Sri Lanka small-tank power law (Telivarai Kulam), Imbulana ceiling-capped",validated_2021_2025,
25,Sembukulama Wewa,5/18/2025,2025,5,9.541988824,23.17753387,41.16912903,S1_SAR,,0,0.121573389,"Sri Lanka small-tank power law (Telivarai Kulam), Imbulana ceiling-capped",validated_2021_2025,
25,Sembukulama Wewa,5/30/2025,2025,5,9.086128705,23.17753387,39.20231012,S1_SAR,,0,0.114379124,"Sri Lanka small-tank power law (Telivarai Kulam), Imbulana ceiling-capped",validated_2021_2025,
25,Sembukulama Wewa,6/11/2025,2025,6,8.17001214,23.17753387,35.24970425,S1_SAR,,0,0.100191831,"Sri Lanka small-tank power law (Telivarai Kulam), Imbulana ceiling-capped",validated_2021_2025,
25,Sembukulama Wewa,6/23/2025,2025,6,8.02531873,23.17753387,34.62542122,S1_SAR,,0,0.097985585,"Sri Lanka small-tank power law (Telivarai Kulam), Imbulana ceiling-capped",validated_2021_2025,
25,Sembukulama Wewa,7/5/2025,2025,7,7.54548021,23.17753387,32.55514695,S1_SAR,,0,0.090739797,"Sri Lanka small-tank power law (Telivarai Kulam), Imbulana ceiling-capped",validated_2021_2025,
25,Sembukulama Wewa,7/17/2025,2025,7,7.715603532,23.17753387,33.28914791,S1_SAR,,0,0.093296135,"Sri Lanka small-tank power law (Telivarai Kulam), Imbulana ceiling-capped",validated_2021_2025,
25,Sembukulama Wewa,7/29/2025,2025,7,7.67557439,23.17753387,33.11644127,S1_SAR,,0,0.092693382,"Sri Lanka small-tank power law (Telivarai Kulam), Imbulana ceiling-capped",validated_2021_2025,
25,Sembukulama Wewa,8/10/2025,2025,8,7.345334407,23.17753387,31.6916133,S1_SAR,,0,0.087750458,"Sri Lanka small-tank power law (Telivarai Kulam), Imbulana ceiling-capped",validated_2021_2025,
25,Sembukulama Wewa,8/22/2025,2025,8,7.445406989,23.17753387,32.12337875,S1_SAR,,0,0.089242651,"Sri Lanka small-tank power law (Telivarai Kulam), Imbulana ceiling-capped",validated_2021_2025,
25,Sembukulama Wewa,9/3/2025,2025,9,6.364621978,23.17753387,27.4603071,S1_SAR,,0,0.073399729,"Sri Lanka small-tank power law (Telivarai Kulam), Imbulana ceiling-capped",validated_2021_2025,
25,Sembukulama Wewa,9/15/2025,2025,9,6.424665618,23.17753387,27.71936676,S1_SAR,,0,0.074263579,"Sri Lanka small-tank power law (Telivarai Kulam), Imbulana ceiling-capped",validated_2021_2025,
25,Sembukulama Wewa,9/27/2025,2025,9,5.503996915,23.17753387,23.74712058,S1_SAR,,0,0.061245408,"Sri Lanka small-tank power law (Telivarai Kulam), Imbulana ceiling-capped",validated_2021_2025,
25,Sembukulama Wewa,10/9/2025,2025,10,4.913568177,23.17753387,21.19970228,S1_SAR,,0,0.053169803,"Sri Lanka small-tank power law (Telivarai Kulam), Imbulana ceiling-capped",validated_2021_2025,
25,Sembukulama Wewa,10/21/2025,2025,10,12.95502007,23.17753387,55.89473038,S1_SAR,,0,0.177957947,"Sri Lanka small-tank power law (Telivarai Kulam), Imbulana ceiling-capped",validated_2021_2025,
25,Sembukulama Wewa,11/2/2025,2025,11,13.94605289,23.17753387,60.17056417,S1_SAR,,0,0.195078105,"Sri Lanka small-tank power law (Telivarai Kulam), Imbulana ceiling-capped",validated_2021_2025,
25,Sembukulama Wewa,11/14/2025,2025,11,12.85149228,23.17753387,55.4480574,S1_SAR,,0,0.176187613,"Sri Lanka small-tank power law (Telivarai Kulam), Imbulana ceiling-capped",validated_2021_2025,
25,Sembukulama Wewa,11/26/2025,2025,11,13.97713388,23.17753387,60.3046638,S1_SAR,,0,0.195620004,"Sri Lanka small-tank power law (Telivarai Kulam), Imbulana ceiling-capped",validated_2021_2025,
25,Sembukulama Wewa,12/2/2025,2025,12,14.11911939,23.17753387,60.91726355,S1_SAR,,0,0.198099294,"Sri Lanka small-tank power law (Telivarai Kulam), Imbulana ceiling-capped",validated_2021_2025,
25,Sembukulama Wewa,12/8/2025,2025,12,13.08676124,23.17753387,56.46313069,S1_SAR,,0,0.180215769,"Sri Lanka small-tank power law (Telivarai Kulam), Imbulana ceiling-capped",validated_2021_2025,
25,Sembukulama Wewa,12/20/2025,2025,12,12.73018817,23.17753387,54.92468801,S1_SAR,,0,0.174117765,"Sri Lanka small-tank power law (Telivarai Kulam), Imbulana ceiling-capped",validated_2021_2025,
2,Settikulama  Wewa,1/3/2021,2021,1,0.720534137,11.52965708,6.249397808,S1_SAR,,0,0.0048613,"Sri Lanka small-tank power law (Telivarai Kulam), Imbulana ceiling-capped",validated_2021_2025,
2,Settikulama  Wewa,1/15/2021,2021,1,0.630467356,11.52965708,5.468222963,S1_SAR,,0,0.004116135,"Sri Lanka small-tank power law (Telivarai Kulam), Imbulana ceiling-capped",validated_2021_2025,
2,Settikulama  Wewa,1/27/2021,2021,1,0.280207731,11.52965708,2.430321464,S1_SAR,,0,0.001498445,"Sri Lanka small-tank power law (Telivarai Kulam), Imbulana ceiling-capped",validated_2021_2025,
2,Settikulama  Wewa,2/8/2021,2021,2,0.970719583,11.52965708,8.419327445,S1_SAR,,0,0.007047653,"Sri Lanka small-tank power law (Telivarai Kulam), Imbulana ceiling-capped",validated_2021_2025,
2,Settikulama  Wewa,2/20/2021,2021,2,1.180875368,11.52965708,10.24206843,S1_SAR,,0,0.008997027,"Sri Lanka small-tank power law (Telivarai Kulam), Imbulana ceiling-capped",validated_2021_2025,
2,Settikulama  Wewa,3/4/2021,2021,3,0.790586062,11.52965708,6.856978106,S1_SAR,,0,0.005457112,"Sri Lanka small-tank power law (Telivarai Kulam), Imbulana ceiling-capped",validated_2021_2025,
2,Settikulama  Wewa,3/16/2021,2021,3,1.060786333,11.52965708,9.200502019,S1_SAR,,0,0.007871568,"Sri Lanka small-tank power law (Telivarai Kulam), Imbulana ceiling-capped",validated_2021_2025,
2,Settikulama  Wewa,3/28/2021,2021,3,0.900667635,11.52965708,7.811746942,S1_SAR,,0,0.006419636,"Sri Lanka small-tank power law (Telivarai Kulam), Imbulana ceiling-capped",validated_2021_2025,
2,Settikulama  Wewa,4/9/2021,2021,4,0.840623141,11.52965708,7.290963943,S1_SAR,,0,0.005890792,"Sri Lanka small-tank power law (Telivarai Kulam), Imbulana ceiling-capped",validated_2021_2025,
2,Settikulama  Wewa,4/21/2021,2021,4,0.840623145,11.52965708,7.290963983,S1_SAR,,0,0.005890792,"Sri Lanka small-tank power law (Telivarai Kulam), Imbulana ceiling-capped",validated_2021_2025,
2,Settikulama  Wewa,5/3/2021,2021,5,0.430318993,11.52965708,3.732279202,S1_SAR,,0,0.002557403,"Sri Lanka small-tank power law (Telivarai Kulam), Imbulana ceiling-capped",validated_2021_2025,
2,Settikulama  Wewa,5/15/2021,2021,5,0.61045254,11.52965708,5.29462876,S1_SAR,,0,0.00395395,"Sri Lanka small-tank power law (Telivarai Kulam), Imbulana ceiling-capped",validated_2021_2025,
2,Settikulama  Wewa,5/27/2021,2021,5,0.0,11.52965708,0.0,S1_SAR,,0,0.0,"Sri Lanka small-tank power law (Telivarai Kulam), Imbulana ceiling-capped",validated_2021_2025,
2,Settikulama  Wewa,6/8/2021,2021,6,0.0,11.52965708,0.0,S1_SAR,,0,0.0,"Sri Lanka small-tank power law (Telivarai Kulam), Imbulana ceiling-capped",validated_2021_2025,
2,Settikulama  Wewa,6/14/2021,2021,6,0.0,11.52965708,0.0,S1_SAR,,0,0.0,"Sri Lanka small-tank power law (Telivarai Kulam), Imbulana ceiling-capped",validated_2021_2025,
2,Settikulama  Wewa,6/20/2021,2021,6,0.0,11.52965708,0.0,S1_SAR,,0,0.0,"Sri Lanka small-tank power law (Telivarai Kulam), Imbulana ceiling-capped",validated_2021_2025,
2,Settikulama  Wewa,7/2/2021,2021,7,0.0,11.52965708,0.0,S1_SAR,,0,0.0,"Sri Lanka small-tank power law (Telivarai Kulam), Imbulana ceiling-capped",validated_2021_2025,
2,Settikulama  Wewa,7/14/2021,2021,7,0.0,11.52965708,0.0,S1_SAR,,0,0.0,"Sri Lanka small-tank power law (Telivarai Kulam), Imbulana ceiling-capped",validated_2021_2025,
2,Settikulama  Wewa,7/26/2021,2021,7,0.0,11.52965708,0.0,S1_SAR,,0,0.0,"Sri Lanka small-tank power law (Telivarai Kulam), Imbulana ceiling-capped",validated_2021_2025,
2,Settikulama  Wewa,8/7/2021,2021,8,0.0,11.52965708,0.0,S1_SAR,,0,0.0,"Sri Lanka small-tank power law (Telivarai Kulam), Imbulana ceiling-capped",validated_2021_2025,
2,Settikulama  Wewa,8/19/2021,2021,8,0.0,11.52965708,0.0,S1_SAR,,0,0.0,"Sri Lanka small-tank power law (Telivarai Kulam), Imbulana ceiling-capped",validated_2021_2025,
2,Settikulama  Wewa,8/31/2021,2021,8,0.0,11.52965708,0.0,S1_SAR,,0,0.0,"Sri Lanka small-tank power law (Telivarai Kulam), Imbulana ceiling-capped",validated_2021_2025,
2,Settikulama  Wewa,9/12/2021,2021,9,0.0,11.52965708,0.0,S1_SAR,,0,0.0,"Sri Lanka small-tank power law (Telivarai Kulam), Imbulana ceiling-capped",validated_2021_2025,
2,Settikulama  Wewa,9/24/2021,2021,9,0.0,11.52965708,0.0,S1_SAR,,0,0.0,"Sri Lanka small-tank power law (Telivarai Kulam), Imbulana ceiling-capped",validated_2021_2025,
2,Settikulama  Wewa,10/6/2021,2021,10,0.0,11.52965708,0.0,S1_SAR,,0,0.0,"Sri Lanka small-tank power law (Telivarai Kulam), Imbulana ceiling-capped",validated_2021_2025,
2,Settikulama  Wewa,10/18/2021,2021,10,0.0,11.52965708,0.0,S1_SAR,,0,0.0,"Sri Lanka small-tank power law (Telivarai Kulam), Imbulana ceiling-capped",validated_2021_2025,
2,Settikulama  Wewa,10/30/2021,2021,10,0.0,11.52965708,0.0,S1_SAR,,0,0.0,"Sri Lanka small-tank power law (Telivarai Kulam), Imbulana ceiling-capped",validated_2021_2025,
2,Settikulama  Wewa,11/17/2021,2021,11,0.160118723,11.52965708,1.388755289,S1_SAR,,0,0.000746097,"Sri Lanka small-tank power law (Telivarai Kulam), Imbulana ceiling-capped",validated_2021_2025,
2,Settikulama  Wewa,11/23/2021,2021,11,0.390289411,11.52965708,3.385091233,S1_SAR,,0,0.002264439,"Sri Lanka small-tank power law (Telivarai Kulam), Imbulana ceiling-capped",validated_2021_2025,
2,Settikulama  Wewa,12/5/2021,2021,12,0.220163251,11.52965708,1.909538592,S1_SAR,,0,0.001109512,"Sri Lanka small-tank power law (Telivarai Kulam), Imbulana ceiling-capped",validated_2021_2025,
2,Settikulama  Wewa,12/17/2021,2021,12,0.100074205,11.52965708,0.867972085,S1_SAR,,0,0.000415379,"Sri Lanka small-tank power law (Telivarai Kulam), Imbulana ceiling-capped",validated_2021_2025,
2,Settikulama  Wewa,12/29/2021,2021,12,0.160118729,11.52965708,1.388755348,S1_SAR,,0,0.000746097,"Sri Lanka small-tank power law (Telivarai Kulam), Imbulana ceiling-capped",validated_2021_2025,
2,Settikulama  Wewa,1/10/2022,2022,1,0.180133568,11.52965708,1.562349743,S1_SAR,,0,0.000864043,"Sri Lanka small-tank power law (Telivarai Kulam), Imbulana ceiling-capped",validated_2021_2025,
2,Settikulama  Wewa,1/22/2022,2022,1,0.120089048,11.52965708,1.04156652,S1_SAR,,0,0.000521328,"Sri Lanka small-tank power law (Telivarai Kulam), Imbulana ceiling-capped",validated_2021_2025,
2,Settikulama  Wewa,2/3/2022,2022,2,0.170126149,11.52965708,1.475552549,S1_SAR,,0,0.000804643,"Sri Lanka small-tank power law (Telivarai Kulam), Imbulana ceiling-capped",validated_2021_2025,
2,Settikulama  Wewa,2/15/2022,2022,2,0.140103884,11.52965708,1.215160894,S1_SAR,,0,0.000631731,"Sri Lanka small-tank power law (Telivarai Kulam), Imbulana ceiling-capped",validated_2021_2025,
2,Settikulama  Wewa,2/27/2022,2022,2,0.180133575,11.52965708,1.562349803,S1_SAR,,0,0.000864043,"Sri Lanka small-tank power law (Telivarai Kulam), Imbulana ceiling-capped",validated_2021_2025,
2,Settikulama  Wewa,3/11/2022,2022,3,0.070051943,11.52965708,0.607580457,S1_SAR,,0,0.000266332,"Sri Lanka small-tank power law (Telivarai Kulam), Imbulana ceiling-capped",validated_2021_2025,
2,Settikulama  Wewa,3/23/2022,2022,3,0.290215198,11.52965708,2.517119075,S1_SAR,,0,0.001565421,"Sri Lanka small-tank power law (Telivarai Kulam), Imbulana ceiling-capped",validated_2021_2025,
2,Settikulama  Wewa,4/4/2022,2022,4,0.070051941,11.52965708,0.607580437,S1_SAR,,0,0.000266332,"Sri Lanka small-tank power law (Telivarai Kulam), Imbulana ceiling-capped",validated_2021_2025,
2,Settikulama  Wewa,4/16/2022,2022,4,0.170126149,11.52965708,1.475552549,S1_SAR,,0,0.000804643,"Sri Lanka small-tank power law (Telivarai Kulam), Imbulana ceiling-capped",validated_2021_2025,
2,Settikulama  Wewa,4/28/2022,2022,4,0.020014841,11.52965708,0.173594414,S1_SAR,,0,5.59e-05,"Sri Lanka small-tank power law (Telivarai Kulam), Imbulana ceiling-capped",validated_2021_2025,
2,Settikulama  Wewa,5/10/2022,2022,5,0.0,11.52965708,0.0,S1_SAR,,0,0.0,"Sri Lanka small-tank power law (Telivarai Kulam), Imbulana ceiling-capped",validated_2021_2025,
2,Settikulama  Wewa,5/22/2022,2022,5,0.080059364,11.52965708,0.694377664,S1_SAR,,0,0.000314548,"Sri Lanka small-tank power law (Telivarai Kulam), Imbulana ceiling-capped",validated_2021_2025,
2,Settikulama  Wewa,6/3/2022,2022,6,0.080059363,11.52965708,0.694377658,S1_SAR,,0,0.000314548,"Sri Lanka small-tank power law (Telivarai Kulam), Imbulana ceiling-capped",validated_2021_2025,
2,Settikulama  Wewa,6/15/2022,2022,6,0.020014842,11.52965708,0.173594428,S1_SAR,,0,5.59e-05,"Sri Lanka small-tank power law (Telivarai Kulam), Imbulana ceiling-capped",validated_2021_2025,
2,Settikulama  Wewa,6/27/2022,2022,6,0.040029682,11.52965708,0.347188835,S1_SAR,,0,0.000132611,"Sri Lanka small-tank power law (Telivarai Kulam), Imbulana ceiling-capped",validated_2021_2025,
2,Settikulama  Wewa,7/9/2022,2022,7,0.0,11.52965708,0.0,S1_SAR,,0,0.0,"Sri Lanka small-tank power law (Telivarai Kulam), Imbulana ceiling-capped",validated_2021_2025,
2,Settikulama  Wewa,7/21/2022,2022,7,0.020014841,11.52965708,0.173594414,S1_SAR,,0,5.59e-05,"Sri Lanka small-tank power law (Telivarai Kulam), Imbulana ceiling-capped",validated_2021_2025,
2,Settikulama  Wewa,8/2/2022,2022,8,0.100074205,11.52965708,0.867972085,S1_SAR,,0,0.000415379,"Sri Lanka small-tank power law (Telivarai Kulam), Imbulana ceiling-capped",validated_2021_2025,
2,Settikulama  Wewa,8/14/2022,2022,8,0.12008905,11.52965708,1.041566539,S1_SAR,,0,0.000521328,"Sri Lanka small-tank power law (Telivarai Kulam), Imbulana ceiling-capped",validated_2021_2025,
2,Settikulama  Wewa,8/26/2022,2022,8,0.050037105,11.52965708,0.433986063,S1_SAR,,0,0.00017512,"Sri Lanka small-tank power law (Telivarai Kulam), Imbulana ceiling-capped",validated_2021_2025,
2,Settikulama  Wewa,9/7/2022,2022,9,0.0,11.52965708,0.0,S1_SAR,,0,0.0,"Sri Lanka small-tank power law (Telivarai Kulam), Imbulana ceiling-capped",validated_2021_2025,
2,Settikulama  Wewa,9/19/2022,2022,9,0.0,11.52965708,0.0,S1_SAR,,0,0.0,"Sri Lanka small-tank power law (Telivarai Kulam), Imbulana ceiling-capped",validated_2021_2025,
2,Settikulama  Wewa,10/1/2022,2022,10,0.0,11.52965708,0.0,S1_SAR,,0,0.0,"Sri Lanka small-tank power law (Telivarai Kulam), Imbulana ceiling-capped",validated_2021_2025,
2,Settikulama  Wewa,10/13/2022,2022,10,0.0,11.52965708,0.0,S1_SAR,,0,0.0,"Sri Lanka small-tank power law (Telivarai Kulam), Imbulana ceiling-capped",validated_2021_2025,
2,Settikulama  Wewa,10/25/2022,2022,10,0.0,11.52965708,0.0,S1_SAR,,0,0.0,"Sri Lanka small-tank power law (Telivarai Kulam), Imbulana ceiling-capped",validated_2021_2025,
2,Settikulama  Wewa,11/6/2022,2022,11,0.01000742,11.52965708,0.086797207,S1_SAR,,0,2.36e-05,"Sri Lanka small-tank power law (Telivarai Kulam), Imbulana ceiling-capped",validated_2021_2025,
2,Settikulama  Wewa,11/18/2022,2022,11,0.310230019,11.52965708,2.690713318,S1_SAR,,0,0.001701071,"Sri Lanka small-tank power law (Telivarai Kulam), Imbulana ceiling-capped",validated_2021_2025,
2,Settikulama  Wewa,11/30/2022,2022,11,0.0,11.52965708,0.0,S1_SAR,,0,0.0,"Sri Lanka small-tank power law (Telivarai Kulam), Imbulana ceiling-capped",validated_2021_2025,
2,Settikulama  Wewa,12/12/2022,2022,12,0.0,11.52965708,0.0,S1_SAR,,0,0.0,"Sri Lanka small-tank power law (Telivarai Kulam), Imbulana ceiling-capped",validated_2021_2025,
2,Settikulama  Wewa,12/24/2022,2022,12,0.0,11.52965708,0.0,S1_SAR,,0,0.0,"Sri Lanka small-tank power law (Telivarai Kulam), Imbulana ceiling-capped",validated_2021_2025,
2,Settikulama  Wewa,1/5/2023,2023,1,0.0,11.52965708,0.0,S1_SAR,,0,0.0,"Sri Lanka small-tank power law (Telivarai Kulam), Imbulana ceiling-capped",validated_2021_2025,
2,Settikulama  Wewa,1/17/2023,2023,1,0.0,11.52965708,0.0,S1_SAR,,0,0.0,"Sri Lanka small-tank power law (Telivarai Kulam), Imbulana ceiling-capped",validated_2021_2025,
2,Settikulama  Wewa,1/29/2023,2023,1,0.050037102,11.52965708,0.433986036,S1_SAR,,0,0.00017512,"Sri Lanka small-tank power law (Telivarai Kulam), Imbulana ceiling-capped",validated_2021_2025,
2,Settikulama  Wewa,2/10/2023,2023,2,0.040029682,11.52965708,0.347188835,S1_SAR,,0,0.000132611,"Sri Lanka small-tank power law (Telivarai Kulam), Imbulana ceiling-capped",validated_2021_2025,
2,Settikulama  Wewa,2/22/2023,2023,2,0.060044522,11.52965708,0.520783243,S1_SAR,,0,0.000219787,"Sri Lanka small-tank power law (Telivarai Kulam), Imbulana ceiling-capped",validated_2021_2025,
2,Settikulama  Wewa,3/6/2023,2023,3,0.0,11.52965708,0.0,S1_SAR,,0,0.0,"Sri Lanka small-tank power law (Telivarai Kulam), Imbulana ceiling-capped",validated_2021_2025,
2,Settikulama  Wewa,3/18/2023,2023,3,0.0,11.52965708,0.0,S1_SAR,,0,0.0,"Sri Lanka small-tank power law (Telivarai Kulam), Imbulana ceiling-capped",validated_2021_2025,
2,Settikulama  Wewa,3/30/2023,2023,3,0.0,11.52965708,0.0,S1_SAR,,0,0.0,"Sri Lanka small-tank power law (Telivarai Kulam), Imbulana ceiling-capped",validated_2021_2025,
2,Settikulama  Wewa,4/11/2023,2023,4,0.0,11.52965708,0.0,S1_SAR,,0,0.0,"Sri Lanka small-tank power law (Telivarai Kulam), Imbulana ceiling-capped",validated_2021_2025,
2,Settikulama  Wewa,4/23/2023,2023,4,0.0,11.52965708,0.0,S1_SAR,,0,0.0,"Sri Lanka small-tank power law (Telivarai Kulam), Imbulana ceiling-capped",validated_2021_2025,
2,Settikulama  Wewa,5/5/2023,2023,5,0.0,11.52965708,0.0,S1_SAR,,0,0.0,"Sri Lanka small-tank power law (Telivarai Kulam), Imbulana ceiling-capped",validated_2021_2025,
2,Settikulama  Wewa,5/17/2023,2023,5,0.0,11.52965708,0.0,S1_SAR,,0,0.0,"Sri Lanka small-tank power law (Telivarai Kulam), Imbulana ceiling-capped",validated_2021_2025,
2,Settikulama  Wewa,5/29/2023,2023,5,0.0,11.52965708,0.0,S1_SAR,,0,0.0,"Sri Lanka small-tank power law (Telivarai Kulam), Imbulana ceiling-capped",validated_2021_2025,
2,Settikulama  Wewa,6/10/2023,2023,6,0.0,11.52965708,0.0,S1_SAR,,0,0.0,"Sri Lanka small-tank power law (Telivarai Kulam), Imbulana ceiling-capped",validated_2021_2025,
2,Settikulama  Wewa,6/22/2023,2023,6,0.0,11.52965708,0.0,S1_SAR,,0,0.0,"Sri Lanka small-tank power law (Telivarai Kulam), Imbulana ceiling-capped",validated_2021_2025,
2,Settikulama  Wewa,7/4/2023,2023,7,0.0,11.52965708,0.0,S1_SAR,,0,0.0,"Sri Lanka small-tank power law (Telivarai Kulam), Imbulana ceiling-capped",validated_2021_2025,
2,Settikulama  Wewa,7/16/2023,2023,7,0.0,11.52965708,0.0,S1_SAR,,0,0.0,"Sri Lanka small-tank power law (Telivarai Kulam), Imbulana ceiling-capped",validated_2021_2025,
2,Settikulama  Wewa,7/28/2023,2023,7,0.0,11.52965708,0.0,S1_SAR,,0,0.0,"Sri Lanka small-tank power law (Telivarai Kulam), Imbulana ceiling-capped",validated_2021_2025,
2,Settikulama  Wewa,8/9/2023,2023,8,0.0,11.52965708,0.0,S1_SAR,,0,0.0,"Sri Lanka small-tank power law (Telivarai Kulam), Imbulana ceiling-capped",validated_2021_2025,
2,Settikulama  Wewa,9/2/2023,2023,9,0.0,11.52965708,0.0,S1_SAR,,0,0.0,"Sri Lanka small-tank power law (Telivarai Kulam), Imbulana ceiling-capped",validated_2021_2025,
2,Settikulama  Wewa,9/14/2023,2023,9,0.0,11.52965708,0.0,S1_SAR,,0,0.0,"Sri Lanka small-tank power law (Telivarai Kulam), Imbulana ceiling-capped",validated_2021_2025,
2,Settikulama  Wewa,9/26/2023,2023,9,0.0,11.52965708,0.0,S1_SAR,,0,0.0,"Sri Lanka small-tank power law (Telivarai Kulam), Imbulana ceiling-capped",validated_2021_2025,
2,Settikulama  Wewa,10/8/2023,2023,10,0.0,11.52965708,0.0,S1_SAR,,0,0.0,"Sri Lanka small-tank power law (Telivarai Kulam), Imbulana ceiling-capped",validated_2021_2025,
2,Settikulama  Wewa,10/20/2023,2023,10,0.0,11.52965708,0.0,S1_SAR,,0,0.0,"Sri Lanka small-tank power law (Telivarai Kulam), Imbulana ceiling-capped",validated_2021_2025,
2,Settikulama  Wewa,11/1/2023,2023,11,0.0,11.52965708,0.0,S1_SAR,,0,0.0,"Sri Lanka small-tank power law (Telivarai Kulam), Imbulana ceiling-capped",validated_2021_2025,
2,Settikulama  Wewa,11/13/2023,2023,11,0.850630578,11.52965708,7.377761296,S1_SAR,,0,0.005978306,"Sri Lanka small-tank power law (Telivarai Kulam), Imbulana ceiling-capped",validated_2021_2025,
2,Settikulama  Wewa,11/25/2023,2023,11,0.540400584,11.52965708,4.68704819,S1_SAR,,0,0.003396787,"Sri Lanka small-tank power law (Telivarai Kulam), Imbulana ceiling-capped",validated_2021_2025,
2,Settikulama  Wewa,12/7/2023,2023,12,0.32023737,11.52965708,2.777509923,S1_SAR,,0,0.001769716,"Sri Lanka small-tank power law (Telivarai Kulam), Imbulana ceiling-capped",validated_2021_2025,
2,Settikulama  Wewa,12/19/2023,2023,12,0.0,11.52965708,0.0,S1_SAR,,0,0.0,"Sri Lanka small-tank power law (Telivarai Kulam), Imbulana ceiling-capped",validated_2021_2025,
2,Settikulama  Wewa,12/31/2023,2023,12,0.10007419,11.52965708,0.867971953,S1_SAR,,0,0.000415379,"Sri Lanka small-tank power law (Telivarai Kulam), Imbulana ceiling-capped",validated_2021_2025,
2,Settikulama  Wewa,1/12/2024,2024,1,0.170126093,11.52965708,1.475552066,S1_SAR,,0,0.000804643,"Sri Lanka small-tank power law (Telivarai Kulam), Imbulana ceiling-capped",validated_2021_2025,
2,Settikulama  Wewa,1/24/2024,2024,1,0.0,11.52965708,0.0,S1_SAR,,0,0.0,"Sri Lanka small-tank power law (Telivarai Kulam), Imbulana ceiling-capped",validated_2021_2025,
2,Settikulama  Wewa,2/5/2024,2024,2,0.070051921,11.52965708,0.607580265,S1_SAR,,0,0.000266332,"Sri Lanka small-tank power law (Telivarai Kulam), Imbulana ceiling-capped",validated_2021_2025,
2,Settikulama  Wewa,2/17/2024,2024,2,0.13009646,11.52965708,1.128363654,S1_SAR,,0,0.000576007,"Sri Lanka small-tank power law (Telivarai Kulam), Imbulana ceiling-capped",validated_2021_2025,
2,Settikulama  Wewa,2/29/2024,2024,2,0.220163209,11.52965708,1.909538221,S1_SAR,,0,0.001109512,"Sri Lanka small-tank power law (Telivarai Kulam), Imbulana ceiling-capped",validated_2021_2025,
2,Settikulama  Wewa,3/12/2024,2024,3,0.260192853,11.52965708,2.256726726,S1_SAR,,0,0.001366268,"Sri Lanka small-tank power law (Telivarai Kulam), Imbulana ceiling-capped",validated_2021_2025,
2,Settikulama  Wewa,3/24/2024,2024,3,0.020014836,11.52965708,0.173594375,S1_SAR,,0,5.59e-05,"Sri Lanka small-tank power law (Telivarai Kulam), Imbulana ceiling-capped",validated_2021_2025,
2,Settikulama  Wewa,4/5/2024,2024,4,0.210155788,11.52965708,1.822741014,S1_SAR,,0,0.001047024,"Sri Lanka small-tank power law (Telivarai Kulam), Imbulana ceiling-capped",validated_2021_2025,
2,Settikulama  Wewa,4/17/2024,2024,4,0.0,11.52965708,0.0,S1_SAR,,0,0.0,"Sri Lanka small-tank power law (Telivarai Kulam), Imbulana ceiling-capped",validated_2021_2025,
2,Settikulama  Wewa,4/29/2024,2024,4,0.07005192,11.52965708,0.607580252,S1_SAR,,0,0.000266332,"Sri Lanka small-tank power law (Telivarai Kulam), Imbulana ceiling-capped",validated_2021_2025,
2,Settikulama  Wewa,5/11/2024,2024,5,0.0,11.52965708,0.0,S1_SAR,,0,0.0,"Sri Lanka small-tank power law (Telivarai Kulam), Imbulana ceiling-capped",validated_2021_2025,
2,Settikulama  Wewa,5/23/2024,2024,5,1.511120272,11.52965708,13.10637655,S1_SAR,,0,0.012233431,"Sri Lanka small-tank power law (Telivarai Kulam), Imbulana ceiling-capped",validated_2021_2025,
2,Settikulama  Wewa,6/4/2024,2024,6,0.75055643,11.52965708,6.509789707,S1_SAR,,0,0.005114981,"Sri Lanka small-tank power law (Telivarai Kulam), Imbulana ceiling-capped",validated_2021_2025,
2,Settikulama  Wewa,6/16/2024,2024,6,0.670497111,11.52965708,5.815412427,S1_SAR,,0,0.004444294,"Sri Lanka small-tank power law (Telivarai Kulam), Imbulana ceiling-capped",validated_2021_2025,
2,Settikulama  Wewa,7/10/2024,2024,7,0.130096458,11.52965708,1.128363641,S1_SAR,,0,0.000576007,"Sri Lanka small-tank power law (Telivarai Kulam), Imbulana ceiling-capped",validated_2021_2025,
2,Settikulama  Wewa,7/22/2024,2024,7,0.110081625,11.52965708,0.954769293,S1_SAR,,0,0.00046776,"Sri Lanka small-tank power law (Telivarai Kulam), Imbulana ceiling-capped",validated_2021_2025,
2,Settikulama  Wewa,8/3/2024,2024,8,0.0,11.52965708,0.0,S1_SAR,,0,0.0,"Sri Lanka small-tank power law (Telivarai Kulam), Imbulana ceiling-capped",validated_2021_2025,
2,Settikulama  Wewa,8/15/2024,2024,8,0.030022263,11.52965708,0.260391635,S1_SAR,,0,9.27e-05,"Sri Lanka small-tank power law (Telivarai Kulam), Imbulana ceiling-capped",validated_2021_2025,
2,Settikulama  Wewa,8/27/2024,2024,8,0.0,11.52965708,0.0,S1_SAR,,0,0.0,"Sri Lanka small-tank power law (Telivarai Kulam), Imbulana ceiling-capped",validated_2021_2025,
2,Settikulama  Wewa,9/20/2024,2024,9,0.0,11.52965708,0.0,S1_SAR,,0,0.0,"Sri Lanka small-tank power law (Telivarai Kulam), Imbulana ceiling-capped",validated_2021_2025,
2,Settikulama  Wewa,10/2/2024,2024,10,0.0,11.52965708,0.0,S1_SAR,,0,0.0,"Sri Lanka small-tank power law (Telivarai Kulam), Imbulana ceiling-capped",validated_2021_2025,
2,Settikulama  Wewa,10/14/2024,2024,10,0.0,11.52965708,0.0,S1_SAR,,0,0.0,"Sri Lanka small-tank power law (Telivarai Kulam), Imbulana ceiling-capped",validated_2021_2025,
2,Settikulama  Wewa,10/26/2024,2024,10,0.0,11.52965708,0.0,S1_SAR,,0,0.0,"Sri Lanka small-tank power law (Telivarai Kulam), Imbulana ceiling-capped",validated_2021_2025,
2,Settikulama  Wewa,11/7/2024,2024,11,0.040029678,11.52965708,0.347188802,S1_SAR,,0,0.000132611,"Sri Lanka small-tank power law (Telivarai Kulam), Imbulana ceiling-capped",validated_2021_2025,
2,Settikulama  Wewa,11/19/2024,2024,11,0.02001484,11.52965708,0.173594408,S1_SAR,,0,5.59e-05,"Sri Lanka small-tank power law (Telivarai Kulam), Imbulana ceiling-capped",validated_2021_2025,
2,Settikulama  Wewa,12/13/2024,2024,12,0.170126139,11.52965708,1.475552463,S1_SAR,,0,0.000804643,"Sri Lanka small-tank power law (Telivarai Kulam), Imbulana ceiling-capped",validated_2021_2025,
2,Settikulama  Wewa,12/25/2024,2024,12,0.130096455,11.52965708,1.128363608,S1_SAR,,0,0.000576007,"Sri Lanka small-tank power law (Telivarai Kulam), Imbulana ceiling-capped",validated_2021_2025,
2,Settikulama  Wewa,1/6/2025,2025,1,0.32023744,11.52965708,2.777510532,S1_SAR,,0,0.001769717,"Sri Lanka small-tank power law (Telivarai Kulam), Imbulana ceiling-capped",validated_2021_2025,
2,Settikulama  Wewa,1/18/2025,2025,1,0.300222587,11.52965708,2.603916011,S1_SAR,,0,0.001632968,"Sri Lanka small-tank power law (Telivarai Kulam), Imbulana ceiling-capped",validated_2021_2025,
2,Settikulama  Wewa,1/30/2025,2025,1,0.220163234,11.52965708,1.90953844,S1_SAR,,0,0.001109512,"Sri Lanka small-tank power law (Telivarai Kulam), Imbulana ceiling-capped",validated_2021_2025,
2,Settikulama  Wewa,2/11/2025,2025,2,0.28020775,11.52965708,2.43032163,S1_SAR,,0,0.001498445,"Sri Lanka small-tank power law (Telivarai Kulam), Imbulana ceiling-capped",validated_2021_2025,
2,Settikulama  Wewa,2/23/2025,2025,2,0.240178075,11.52965708,2.083132861,S1_SAR,,0,0.001236573,"Sri Lanka small-tank power law (Telivarai Kulam), Imbulana ceiling-capped",validated_2021_2025,
2,Settikulama  Wewa,3/7/2025,2025,3,0.5704229,11.52965708,4.947440288,S1_SAR,,0,0.003633522,"Sri Lanka small-tank power law (Telivarai Kulam), Imbulana ceiling-capped",validated_2021_2025,
2,Settikulama  Wewa,3/19/2025,2025,3,0.540400631,11.52965708,4.687048601,S1_SAR,,0,0.003396787,"Sri Lanka small-tank power law (Telivarai Kulam), Imbulana ceiling-capped",validated_2021_2025,
2,Settikulama  Wewa,3/31/2025,2025,3,0.330244825,11.52965708,2.864307434,S1_SAR,,0,0.001838892,"Sri Lanka small-tank power law (Telivarai Kulam), Imbulana ceiling-capped",validated_2021_2025,
2,Settikulama  Wewa,4/12/2025,2025,4,0.500370967,11.52965708,4.339859924,S1_SAR,,0,0.003086168,"Sri Lanka small-tank power law (Telivarai Kulam), Imbulana ceiling-capped",validated_2021_2025,
2,Settikulama  Wewa,4/24/2025,2025,4,0.520385786,11.52965708,4.513454153,S1_SAR,,0,0.003240743,"Sri Lanka small-tank power law (Telivarai Kulam), Imbulana ceiling-capped",validated_2021_2025,
2,Settikulama  Wewa,5/6/2025,2025,5,0.540400616,11.52965708,4.687048475,S1_SAR,,0,0.003396787,"Sri Lanka small-tank power law (Telivarai Kulam), Imbulana ceiling-capped",validated_2021_2025,
2,Settikulama  Wewa,5/18/2025,2025,5,0.340252254,11.52965708,2.951104714,S1_SAR,,0,0.001908586,"Sri Lanka small-tank power law (Telivarai Kulam), Imbulana ceiling-capped",validated_2021_2025,
2,Settikulama  Wewa,5/30/2025,2025,5,0.210155794,11.52965708,1.82274106,S1_SAR,,0,0.001047024,"Sri Lanka small-tank power law (Telivarai Kulam), Imbulana ceiling-capped",validated_2021_2025,
2,Settikulama  Wewa,6/11/2025,2025,6,0.080059349,11.52965708,0.694377539,S1_SAR,,0,0.000314548,"Sri Lanka small-tank power law (Telivarai Kulam), Imbulana ceiling-capped",validated_2021_2025,
2,Settikulama  Wewa,6/23/2025,2025,6,0.240178064,11.52965708,2.083132761,S1_SAR,,0,0.001236573,"Sri Lanka small-tank power law (Telivarai Kulam), Imbulana ceiling-capped",validated_2021_2025,
2,Settikulama  Wewa,7/5/2025,2025,7,0.380281947,11.52965708,3.298293649,S1_SAR,,0,0.002192317,"Sri Lanka small-tank power law (Telivarai Kulam), Imbulana ceiling-capped",validated_2021_2025,
2,Settikulama  Wewa,7/17/2025,2025,7,0.640474839,11.52965708,5.555020712,S1_SAR,,0,0.004197707,"Sri Lanka small-tank power law (Telivarai Kulam), Imbulana ceiling-capped",validated_2021_2025,
2,Settikulama  Wewa,7/29/2025,2025,7,0.660489675,11.52965708,5.728615087,S1_SAR,,0,0.00436179,"Sri Lanka small-tank power law (Telivarai Kulam), Imbulana ceiling-capped",validated_2021_2025,
2,Settikulama  Wewa,8/10/2025,2025,8,0.620459988,11.52965708,5.381426212,S1_SAR,,0,0.004034882,"Sri Lanka small-tank power law (Telivarai Kulam), Imbulana ceiling-capped",validated_2021_2025,
2,Settikulama  Wewa,8/22/2025,2025,8,0.290215148,11.52965708,2.517118645,S1_SAR,,0,0.001565421,"Sri Lanka small-tank power law (Telivarai Kulam), Imbulana ceiling-capped",validated_2021_2025,
2,Settikulama  Wewa,9/3/2025,2025,9,0.0,11.52965708,0.0,S1_SAR,,0,0.0,"Sri Lanka small-tank power law (Telivarai Kulam), Imbulana ceiling-capped",validated_2021_2025,
2,Settikulama  Wewa,9/15/2025,2025,9,0.0,11.52965708,0.0,S1_SAR,,0,0.0,"Sri Lanka small-tank power law (Telivarai Kulam), Imbulana ceiling-capped",validated_2021_2025,
2,Settikulama  Wewa,9/27/2025,2025,9,0.0,11.52965708,0.0,S1_SAR,,0,0.0,"Sri Lanka small-tank power law (Telivarai Kulam), Imbulana ceiling-capped",validated_2021_2025,
2,Settikulama  Wewa,10/9/2025,2025,10,0.0,11.52965708,0.0,S1_SAR,,0,0.0,"Sri Lanka small-tank power law (Telivarai Kulam), Imbulana ceiling-capped",validated_2021_2025,
2,Settikulama  Wewa,10/21/2025,2025,10,0.750556404,11.52965708,6.509789482,S1_SAR,,0,0.00511498,"Sri Lanka small-tank power law (Telivarai Kulam), Imbulana ceiling-capped",validated_2021_2025,
2,Settikulama  Wewa,11/2/2025,2025,11,0.520385786,11.52965708,4.513454153,S1_SAR,,0,0.003240743,"Sri Lanka small-tank power law (Telivarai Kulam), Imbulana ceiling-capped",validated_2021_2025,
2,Settikulama  Wewa,11/14/2025,2025,11,0.290215143,11.52965708,2.517118599,S1_SAR,,0,0.001565421,"Sri Lanka small-tank power law (Telivarai Kulam), Imbulana ceiling-capped",validated_2021_2025,
2,Settikulama  Wewa,11/26/2025,2025,11,0.55040802,11.52965708,4.773845536,S1_SAR,,0,0.003475348,"Sri Lanka small-tank power law (Telivarai Kulam), Imbulana ceiling-capped",validated_2021_2025,
2,Settikulama  Wewa,12/2/2025,2025,12,0.760563811,11.52965708,6.596586577,S1_SAR,,0,0.005200102,"Sri Lanka small-tank power law (Telivarai Kulam), Imbulana ceiling-capped",validated_2021_2025,
2,Settikulama  Wewa,12/8/2025,2025,12,0.540400614,11.52965708,4.687048455,S1_SAR,,0,0.003396787,"Sri Lanka small-tank power law (Telivarai Kulam), Imbulana ceiling-capped",validated_2021_2025,
2,Settikulama  Wewa,12/20/2025,2025,12,0.480356089,11.52965708,4.166265185,S1_SAR,,0,0.002933108,"Sri Lanka small-tank power law (Telivarai Kulam), Imbulana ceiling-capped",validated_2021_2025,
1,Tawalanhalmillewa Wewa,1/3/2021,2021,1,0.620460963,11.21789508,5.53099274,S1_SAR,,0,0.00403489,"Sri Lanka small-tank power law (Telivarai Kulam), Imbulana ceiling-capped",validated_2021_2025,
1,Tawalanhalmillewa Wewa,1/15/2021,2021,1,0.950706275,11.21789508,8.474907887,S1_SAR,,0,0.006867057,"Sri Lanka small-tank power law (Telivarai Kulam), Imbulana ceiling-capped",validated_2021_2025,
1,Tawalanhalmillewa Wewa,1/27/2021,2021,1,0.840624515,11.21789508,7.493602931,S1_SAR,,0,0.005890804,"Sri Lanka small-tank power law (Telivarai Kulam), Imbulana ceiling-capped",validated_2021_2025,
1,Tawalanhalmillewa Wewa,2/8/2021,2021,2,0.91067654,11.21789508,8.118069688,S1_SAR,,0,0.006508652,"Sri Lanka small-tank power law (Telivarai Kulam), Imbulana ceiling-capped",validated_2021_2025,
1,Tawalanhalmillewa Wewa,2/20/2021,2021,2,0.990736003,11.21789508,8.831746025,S1_SAR,,0,0.007229196,"Sri Lanka small-tank power law (Telivarai Kulam), Imbulana ceiling-capped",validated_2021_2025,
1,Tawalanhalmillewa Wewa,3/4/2021,2021,3,0.800594769,11.21789508,7.136764637,S1_SAR,,0,0.005543333,"Sri Lanka small-tank power law (Telivarai Kulam), Imbulana ceiling-capped",validated_2021_2025,
1,Tawalanhalmillewa Wewa,3/16/2021,2021,3,0.810602205,11.21789508,7.225974203,S1_SAR,,0,0.005629808,"Sri Lanka small-tank power law (Telivarai Kulam), Imbulana ceiling-capped",validated_2021_2025,
1,Tawalanhalmillewa Wewa,3/28/2021,2021,3,0.780579899,11.21789508,6.95834551,S1_SAR,,0,0.005371181,"Sri Lanka small-tank power law (Telivarai Kulam), Imbulana ceiling-capped",validated_2021_2025,
1,Tawalanhalmillewa Wewa,4/9/2021,2021,4,0.800594772,11.21789508,7.136764657,S1_SAR,,0,0.005543333,"Sri Lanka small-tank power law (Telivarai Kulam), Imbulana ceiling-capped",validated_2021_2025,
1,Tawalanhalmillewa Wewa,4/21/2021,2021,4,0.770572462,11.21789508,6.869135936,S1_SAR,,0,0.00528551,"Sri Lanka small-tank power law (Telivarai Kulam), Imbulana ceiling-capped",validated_2021_2025,
1,Tawalanhalmillewa Wewa,5/3/2021,2021,5,0.810602209,11.21789508,7.225974237,S1_SAR,,0,0.005629808,"Sri Lanka small-tank power law (Telivarai Kulam), Imbulana ceiling-capped",validated_2021_2025,
1,Tawalanhalmillewa Wewa,5/15/2021,2021,5,1.01075093,11.21789508,9.010165655,S1_SAR,,0,0.00741163,"Sri Lanka small-tank power law (Telivarai Kulam), Imbulana ceiling-capped",validated_2021_2025,
1,Tawalanhalmillewa Wewa,5/27/2021,2021,5,0.690512971,11.21789508,6.155459347,S1_SAR,,0,0.004610218,"Sri Lanka small-tank power law (Telivarai Kulam), Imbulana ceiling-capped",validated_2021_2025,
1,Tawalanhalmillewa Wewa,6/8/2021,2021,6,0.900669135,11.21789508,8.028860393,S1_SAR,,0,0.006419649,"Sri Lanka small-tank power law (Telivarai Kulam), Imbulana ceiling-capped",validated_2021_2025,
1,Tawalanhalmillewa Wewa,6/14/2021,2021,6,0.480356831,11.21789508,4.282058513,S1_SAR,,0,0.002933114,"Sri Lanka small-tank power law (Telivarai Kulam), Imbulana ceiling-capped",validated_2021_2025,
1,Tawalanhalmillewa Wewa,6/20/2021,2021,6,0.820609637,11.21789508,7.315183736,S1_SAR,,0,0.005716547,"Sri Lanka small-tank power law (Telivarai Kulam), Imbulana ceiling-capped",validated_2021_2025,
1,Tawalanhalmillewa Wewa,7/2/2021,2021,7,0.820609634,11.21789508,7.315183709,S1_SAR,,0,0.005716547,"Sri Lanka small-tank power law (Telivarai Kulam), Imbulana ceiling-capped",validated_2021_2025,
1,Tawalanhalmillewa Wewa,7/14/2021,2021,7,0.80059478,11.21789508,7.136764732,S1_SAR,,0,0.005543333,"Sri Lanka small-tank power law (Telivarai Kulam), Imbulana ceiling-capped",validated_2021_2025,
1,Tawalanhalmillewa Wewa,7/26/2021,2021,7,0.730542731,11.21789508,6.512297771,S1_SAR,,0,0.004945586,"Sri Lanka small-tank power law (Telivarai Kulam), Imbulana ceiling-capped",validated_2021_2025,
1,Tawalanhalmillewa Wewa,8/7/2021,2021,8,0.710527857,11.21789508,6.33387861,S1_SAR,,0,0.004777321,"Sri Lanka small-tank power law (Telivarai Kulam), Imbulana ceiling-capped",validated_2021_2025,
1,Tawalanhalmillewa Wewa,8/19/2021,2021,8,0.710527871,11.21789508,6.333878733,S1_SAR,,0,0.004777321,"Sri Lanka small-tank power law (Telivarai Kulam), Imbulana ceiling-capped",validated_2021_2025,
1,Tawalanhalmillewa Wewa,8/31/2021,2021,8,0.500371733,11.21789508,4.460477918,S1_SAR,,0,0.003086174,"Sri Lanka small-tank power law (Telivarai Kulam), Imbulana ceiling-capped",validated_2021_2025,
1,Tawalanhalmillewa Wewa,9/12/2021,2021,9,0.270200738,11.21789508,2.408658093,S1_SAR,,0,0.001432058,"Sri Lanka small-tank power law (Telivarai Kulam), Imbulana ceiling-capped",validated_2021_2025,
1,Tawalanhalmillewa Wewa,9/24/2021,2021,9,0.380282533,11.21789508,3.389963355,S1_SAR,,0,0.002192322,"Sri Lanka small-tank power law (Telivarai Kulam), Imbulana ceiling-capped",validated_2021_2025,
1,Tawalanhalmillewa Wewa,10/6/2021,2021,10,0.570423767,11.21789508,5.08494475,S1_SAR,,0,0.003633529,"Sri Lanka small-tank power law (Telivarai Kulam), Imbulana ceiling-capped",validated_2021_2025,
1,Tawalanhalmillewa Wewa,10/18/2021,2021,10,0.480356874,11.21789508,4.282058894,S1_SAR,,0,0.002933114,"Sri Lanka small-tank power law (Telivarai Kulam), Imbulana ceiling-capped",validated_2021_2025,
1,Tawalanhalmillewa Wewa,10/30/2021,2021,10,0.48035688,11.21789508,4.282058948,S1_SAR,,0,0.002933114,"Sri Lanka small-tank power law (Telivarai Kulam), Imbulana ceiling-capped",validated_2021_2025,
1,Tawalanhalmillewa Wewa,11/17/2021,2021,11,1.070795477,11.21789508,9.545422457,S1_SAR,,0,0.007964225,"Sri Lanka small-tank power law (Telivarai Kulam), Imbulana ceiling-capped",validated_2021_2025,
1,Tawalanhalmillewa Wewa,11/23/2021,2021,11,1.320981324,11.21789508,11.77566125,S1_SAR,,0,0.010346038,"Sri Lanka small-tank power law (Telivarai Kulam), Imbulana ceiling-capped",validated_2021_2025,
1,Tawalanhalmillewa Wewa,12/5/2021,2021,12,0.830617085,11.21789508,7.404393412,S1_SAR,,0,0.005803547,"Sri Lanka small-tank power law (Telivarai Kulam), Imbulana ceiling-capped",validated_2021_2025,
1,Tawalanhalmillewa Wewa,12/17/2021,2021,12,0.820609612,11.21789508,7.315183512,S1_SAR,,0,0.005716547,"Sri Lanka small-tank power law (Telivarai Kulam), Imbulana ceiling-capped",validated_2021_2025,
1,Tawalanhalmillewa Wewa,12/29/2021,2021,12,0.790587319,11.21789508,7.047554941,S1_SAR,,0,0.005457123,"Sri Lanka small-tank power law (Telivarai Kulam), Imbulana ceiling-capped",validated_2021_2025,
1,Tawalanhalmillewa Wewa,1/10/2022,2022,1,0.590438657,11.21789508,5.263364047,S1_SAR,,0,0.003793075,"Sri Lanka small-tank power law (Telivarai Kulam), Imbulana ceiling-capped",validated_2021_2025,
1,Tawalanhalmillewa Wewa,1/22/2022,2022,1,0.850631933,11.21789508,7.582812341,S1_SAR,,0,0.005978318,"Sri Lanka small-tank power law (Telivarai Kulam), Imbulana ceiling-capped",validated_2021_2025,
1,Tawalanhalmillewa Wewa,2/3/2022,2022,2,0.770572461,11.21789508,6.869135923,S1_SAR,,0,0.00528551,"Sri Lanka small-tank power law (Telivarai Kulam), Imbulana ceiling-capped",validated_2021_2025,
1,Tawalanhalmillewa Wewa,2/15/2022,2022,2,0.870646799,11.21789508,7.761231434,S1_SAR,,0,0.006154104,"Sri Lanka small-tank power law (Telivarai Kulam), Imbulana ceiling-capped",validated_2021_2025,
1,Tawalanhalmillewa Wewa,2/27/2022,2022,2,0.790587334,11.21789508,7.047555077,S1_SAR,,0,0.005457123,"Sri Lanka small-tank power law (Telivarai Kulam), Imbulana ceiling-capped",validated_2021_2025,
1,Tawalanhalmillewa Wewa,3/11/2022,2022,3,0.750557574,11.21789508,6.690716646,S1_SAR,,0,0.00511499,"Sri Lanka small-tank power law (Telivarai Kulam), Imbulana ceiling-capped",validated_2021_2025,
1,Tawalanhalmillewa Wewa,3/23/2022,2022,3,0.69051298,11.21789508,6.155459422,S1_SAR,,0,0.004610218,"Sri Lanka small-tank power law (Telivarai Kulam), Imbulana ceiling-capped",validated_2021_2025,
1,Tawalanhalmillewa Wewa,4/4/2022,2022,4,1.060788049,11.21789508,9.456212965,S1_SAR,,0,0.007871584,"Sri Lanka small-tank power law (Telivarai Kulam), Imbulana ceiling-capped",validated_2021_2025,
1,Tawalanhalmillewa Wewa,4/16/2022,2022,4,1.551152309,11.21789508,13.82748098,S1_SAR,,0,0.012638574,"Sri Lanka small-tank power law (Telivarai Kulam), Imbulana ceiling-capped",validated_2021_2025,
1,Tawalanhalmillewa Wewa,4/28/2022,2022,4,0.650483192,11.21789508,5.798620747,S1_SAR,,0,0.004279601,"Sri Lanka small-tank power law (Telivarai Kulam), Imbulana ceiling-capped",validated_2021_2025,
1,Tawalanhalmillewa Wewa,5/10/2022,2022,5,0.0,11.21789508,0.0,S1_SAR,,0,0.0,"Sri Lanka small-tank power law (Telivarai Kulam), Imbulana ceiling-capped",validated_2021_2025,
1,Tawalanhalmillewa Wewa,5/22/2022,2022,5,0.280208179,11.21789508,2.497867714,S1_SAR,,0,0.001498448,"Sri Lanka small-tank power law (Telivarai Kulam), Imbulana ceiling-capped",validated_2021_2025,
1,Tawalanhalmillewa Wewa,6/3/2022,2022,6,0.500371731,11.21789508,4.460477898,S1_SAR,,0,0.003086174,"Sri Lanka small-tank power law (Telivarai Kulam), Imbulana ceiling-capped",validated_2021_2025,
1,Tawalanhalmillewa Wewa,6/15/2022,2022,6,0.81060219,11.21789508,7.225974074,S1_SAR,,0,0.005629808,"Sri Lanka small-tank power law (Telivarai Kulam), Imbulana ceiling-capped",validated_2021_2025,
1,Tawalanhalmillewa Wewa,6/27/2022,2022,6,0.550408907,11.21789508,4.906525711,S1_SAR,,0,0.003475355,"Sri Lanka small-tank power law (Telivarai Kulam), Imbulana ceiling-capped",validated_2021_2025,
1,Tawalanhalmillewa Wewa,7/9/2022,2022,7,0.660490702,11.21789508,5.88783098,S1_SAR,,0,0.004361799,"Sri Lanka small-tank power law (Telivarai Kulam), Imbulana ceiling-capped",validated_2021_2025,
1,Tawalanhalmillewa Wewa,7/21/2022,2022,7,1.070795457,11.21789508,9.545422287,S1_SAR,,0,0.007964225,"Sri Lanka small-tank power law (Telivarai Kulam), Imbulana ceiling-capped",validated_2021_2025,
1,Tawalanhalmillewa Wewa,8/2/2022,2022,8,0.400297386,11.21789508,3.568382332,S1_SAR,,0,0.00233702,"Sri Lanka small-tank power law (Telivarai Kulam), Imbulana ceiling-capped",validated_2021_2025,
1,Tawalanhalmillewa Wewa,8/14/2022,2022,8,0.830617076,11.21789508,7.404393337,S1_SAR,,0,0.005803547,"Sri Lanka small-tank power law (Telivarai Kulam), Imbulana ceiling-capped",validated_2021_2025,
1,Tawalanhalmillewa Wewa,8/26/2022,2022,8,0.680505556,11.21789508,6.066249957,S1_SAR,,0,0.00452711,"Sri Lanka small-tank power law (Telivarai Kulam), Imbulana ceiling-capped",validated_2021_2025,
1,Tawalanhalmillewa Wewa,9/7/2022,2022,9,0.180133826,11.21789508,1.605772073,S1_SAR,,0,0.000864045,"Sri Lanka small-tank power law (Telivarai Kulam), Imbulana ceiling-capped",validated_2021_2025,
1,Tawalanhalmillewa Wewa,9/19/2022,2022,9,0.310230473,11.21789508,2.765496299,S1_SAR,,0,0.001701074,"Sri Lanka small-tank power law (Telivarai Kulam), Imbulana ceiling-capped",validated_2021_2025,
1,Tawalanhalmillewa Wewa,10/1/2022,2022,10,0.190141252,11.21789508,1.694981552,S1_SAR,,0,0.000924263,"Sri Lanka small-tank power law (Telivarai Kulam), Imbulana ceiling-capped",validated_2021_2025,
1,Tawalanhalmillewa Wewa,10/13/2022,2022,10,0.010007435,11.21789508,0.08920956,S1_SAR,,0,2.36e-05,"Sri Lanka small-tank power law (Telivarai Kulam), Imbulana ceiling-capped",validated_2021_2025,
1,Tawalanhalmillewa Wewa,10/25/2022,2022,10,0.0,11.21789508,0.0,S1_SAR,,0,0.0,"Sri Lanka small-tank power law (Telivarai Kulam), Imbulana ceiling-capped",validated_2021_2025,
1,Tawalanhalmillewa Wewa,11/6/2022,2022,11,0.240178439,11.21789508,2.14102946,S1_SAR,,0,0.001236575,"Sri Lanka small-tank power law (Telivarai Kulam), Imbulana ceiling-capped",validated_2021_2025,
1,Tawalanhalmillewa Wewa,11/18/2022,2022,11,0.430319688,11.21789508,3.836010985,S1_SAR,,0,0.002557408,"Sri Lanka small-tank power law (Telivarai Kulam), Imbulana ceiling-capped",validated_2021_2025,
1,Tawalanhalmillewa Wewa,11/30/2022,2022,11,0.530394048,11.21789508,4.728106694,S1_SAR,,0,0.00331859,"Sri Lanka small-tank power law (Telivarai Kulam), Imbulana ceiling-capped",validated_2021_2025,
1,Tawalanhalmillewa Wewa,12/12/2022,2022,12,0.430319687,11.21789508,3.836010978,S1_SAR,,0,0.002557408,"Sri Lanka small-tank power law (Telivarai Kulam), Imbulana ceiling-capped",validated_2021_2025,
1,Tawalanhalmillewa Wewa,12/24/2022,2022,12,0.450334565,11.21789508,4.014430173,S1_SAR,,0,0.002706467,"Sri Lanka small-tank power law (Telivarai Kulam), Imbulana ceiling-capped",validated_2021_2025,
1,Tawalanhalmillewa Wewa,1/5/2023,2023,1,0.590438638,11.21789508,5.263363883,S1_SAR,,0,0.003793075,"Sri Lanka small-tank power law (Telivarai Kulam), Imbulana ceiling-capped",validated_2021_2025,
1,Tawalanhalmillewa Wewa,1/17/2023,2023,1,0.540401457,11.21789508,4.817316022,S1_SAR,,0,0.003396794,"Sri Lanka small-tank power law (Telivarai Kulam), Imbulana ceiling-capped",validated_2021_2025,
1,Tawalanhalmillewa Wewa,1/29/2023,2023,1,0.480356863,11.21789508,4.282058798,S1_SAR,,0,0.002933114,"Sri Lanka small-tank power law (Telivarai Kulam), Imbulana ceiling-capped",validated_2021_2025,
1,Tawalanhalmillewa Wewa,2/10/2023,2023,2,0.59043863,11.21789508,5.263363809,S1_SAR,,0,0.003793075,"Sri Lanka small-tank power law (Telivarai Kulam), Imbulana ceiling-capped",validated_2021_2025,
1,Tawalanhalmillewa Wewa,2/22/2023,2023,2,0.590438624,11.21789508,5.263363754,S1_SAR,,0,0.003793075,"Sri Lanka small-tank power law (Telivarai Kulam), Imbulana ceiling-capped",validated_2021_2025,
1,Tawalanhalmillewa Wewa,3/6/2023,2023,3,0.49036431,11.21789508,4.37126846,S1_SAR,,0,0.003009452,"Sri Lanka small-tank power law (Telivarai Kulam), Imbulana ceiling-capped",validated_2021_2025,
1,Tawalanhalmillewa Wewa,3/18/2023,2023,3,0.670498116,11.21789508,5.977040357,S1_SAR,,0,0.004444302,"Sri Lanka small-tank power law (Telivarai Kulam), Imbulana ceiling-capped",validated_2021_2025,
1,Tawalanhalmillewa Wewa,3/30/2023,2023,3,0.360267628,11.21789508,3.211543922,S1_SAR,,0,0.002049485,"Sri Lanka small-tank power law (Telivarai Kulam), Imbulana ceiling-capped",validated_2021_2025,
1,Tawalanhalmillewa Wewa,4/11/2023,2023,4,0.420312248,11.21789508,3.746801384,S1_SAR,,0,0.002483511,"Sri Lanka small-tank power law (Telivarai Kulam), Imbulana ceiling-capped",validated_2021_2025,
1,Tawalanhalmillewa Wewa,4/23/2023,2023,4,0.450334541,11.21789508,4.014429955,S1_SAR,,0,0.002706467,"Sri Lanka small-tank power law (Telivarai Kulam), Imbulana ceiling-capped",validated_2021_2025,
1,Tawalanhalmillewa Wewa,5/5/2023,2023,5,0.150111514,11.21789508,1.338143325,S1_SAR,,0,0.000688446,"Sri Lanka small-tank power law (Telivarai Kulam), Imbulana ceiling-capped",validated_2021_2025,
1,Tawalanhalmillewa Wewa,5/17/2023,2023,5,0.410304845,11.21789508,3.657592103,S1_SAR,,0,0.002410046,"Sri Lanka small-tank power law (Telivarai Kulam), Imbulana ceiling-capped",validated_2021_2025,
1,Tawalanhalmillewa Wewa,5/29/2023,2023,5,0.510379177,11.21789508,4.54968756,S1_SAR,,0,0.003163275,"Sri Lanka small-tank power law (Telivarai Kulam), Imbulana ceiling-capped",validated_2021_2025,
1,Tawalanhalmillewa Wewa,6/10/2023,2023,6,0.310230475,11.21789508,2.765496312,S1_SAR,,0,0.001701074,"Sri Lanka small-tank power law (Telivarai Kulam), Imbulana ceiling-capped",validated_2021_2025,
1,Tawalanhalmillewa Wewa,6/22/2023,2023,6,0.530394048,11.21789508,4.728106694,S1_SAR,,0,0.00331859,"Sri Lanka small-tank power law (Telivarai Kulam), Imbulana ceiling-capped",validated_2021_2025,
1,Tawalanhalmillewa Wewa,7/4/2023,2023,7,0.230170992,11.21789508,2.051819792,S1_SAR,,0,0.001172704,"Sri Lanka small-tank power law (Telivarai Kulam), Imbulana ceiling-capped",validated_2021_2025,
1,Tawalanhalmillewa Wewa,7/16/2023,2023,7,0.240178436,11.21789508,2.14102944,S1_SAR,,0,0.001236575,"Sri Lanka small-tank power law (Telivarai Kulam), Imbulana ceiling-capped",validated_2021_2025,
1,Tawalanhalmillewa Wewa,7/28/2023,2023,7,0.340252769,11.21789508,3.033124904,S1_SAR,,0,0.00190859,"Sri Lanka small-tank power law (Telivarai Kulam), Imbulana ceiling-capped",validated_2021_2025,
1,Tawalanhalmillewa Wewa,8/9/2023,2023,8,0.220163558,11.21789508,1.962610245,S1_SAR,,0,0.001109514,"Sri Lanka small-tank power law (Telivarai Kulam), Imbulana ceiling-capped",validated_2021_2025,
1,Tawalanhalmillewa Wewa,9/2/2023,2023,9,0.0,11.21789508,0.0,S1_SAR,,0,0.0,"Sri Lanka small-tank power law (Telivarai Kulam), Imbulana ceiling-capped",validated_2021_2025,
1,Tawalanhalmillewa Wewa,9/14/2023,2023,9,0.0,11.21789508,0.0,S1_SAR,,0,0.0,"Sri Lanka small-tank power law (Telivarai Kulam), Imbulana ceiling-capped",validated_2021_2025,
1,Tawalanhalmillewa Wewa,9/26/2023,2023,9,0.0,11.21789508,0.0,S1_SAR,,0,0.0,"Sri Lanka small-tank power law (Telivarai Kulam), Imbulana ceiling-capped",validated_2021_2025,
1,Tawalanhalmillewa Wewa,10/8/2023,2023,10,0.0,11.21789508,0.0,S1_SAR,,0,0.0,"Sri Lanka small-tank power law (Telivarai Kulam), Imbulana ceiling-capped",validated_2021_2025,
1,Tawalanhalmillewa Wewa,10/20/2023,2023,10,0.0,11.21789508,0.0,S1_SAR,,0,0.0,"Sri Lanka small-tank power law (Telivarai Kulam), Imbulana ceiling-capped",validated_2021_2025,
1,Tawalanhalmillewa Wewa,11/1/2023,2023,11,0.090066913,11.21789508,0.802886033,S1_SAR,,0,0.000364274,"Sri Lanka small-tank power law (Telivarai Kulam), Imbulana ceiling-capped",validated_2021_2025,
1,Tawalanhalmillewa Wewa,11/13/2023,2023,11,0.790587351,11.21789508,7.047555226,S1_SAR,,0,0.005457123,"Sri Lanka small-tank power law (Telivarai Kulam), Imbulana ceiling-capped",validated_2021_2025,
1,Tawalanhalmillewa Wewa,11/25/2023,2023,11,0.620460956,11.21789508,5.530992679,S1_SAR,,0,0.00403489,"Sri Lanka small-tank power law (Telivarai Kulam), Imbulana ceiling-capped",validated_2021_2025,
1,Tawalanhalmillewa Wewa,12/7/2023,2023,12,0.560416362,11.21789508,4.995735455,S1_SAR,,0,0.003554268,"Sri Lanka small-tank power law (Telivarai Kulam), Imbulana ceiling-capped",validated_2021_2025,
1,Tawalanhalmillewa Wewa,12/19/2023,2023,12,0.580431223,11.21789508,5.174154493,S1_SAR,,0,0.003713133,"Sri Lanka small-tank power law (Telivarai Kulam), Imbulana ceiling-capped",validated_2021_2025,
1,Tawalanhalmillewa Wewa,12/31/2023,2023,12,0.680505573,11.21789508,6.066250114,S1_SAR,,0,0.00452711,"Sri Lanka small-tank power law (Telivarai Kulam), Imbulana ceiling-capped",validated_2021_2025,
1,Tawalanhalmillewa Wewa,1/12/2024,2024,1,0.52038661,11.21789508,4.6388971,S1_SAR,,0,0.003240749,"Sri Lanka small-tank power law (Telivarai Kulam), Imbulana ceiling-capped",validated_2021_2025,
1,Tawalanhalmillewa Wewa,1/24/2024,2024,1,0.610453517,11.21789508,5.441783085,S1_SAR,,0,0.003953957,"Sri Lanka small-tank power law (Telivarai Kulam), Imbulana ceiling-capped",validated_2021_2025,
1,Tawalanhalmillewa Wewa,2/5/2024,2024,2,0.710527863,11.21789508,6.333878658,S1_SAR,,0,0.004777321,"Sri Lanka small-tank power law (Telivarai Kulam), Imbulana ceiling-capped",validated_2021_2025,
1,Tawalanhalmillewa Wewa,2/17/2024,2024,2,0.720535287,11.21789508,6.423088123,S1_SAR,,0,0.00486131,"Sri Lanka small-tank power law (Telivarai Kulam), Imbulana ceiling-capped",validated_2021_2025,
1,Tawalanhalmillewa Wewa,2/29/2024,2024,2,1.020758315,11.21789508,9.099374773,S1_SAR,,0,0.007503181,"Sri Lanka small-tank power law (Telivarai Kulam), Imbulana ceiling-capped",validated_2021_2025,
1,Tawalanhalmillewa Wewa,3/12/2024,2024,3,0.970721163,11.21789508,8.65332717,S1_SAR,,0,0.007047667,"Sri Lanka small-tank power law (Telivarai Kulam), Imbulana ceiling-capped",validated_2021_2025,
1,Tawalanhalmillewa Wewa,3/24/2024,2024,3,0.840624499,11.21789508,7.493602788,S1_SAR,,0,0.005890804,"Sri Lanka small-tank power law (Telivarai Kulam), Imbulana ceiling-capped",validated_2021_2025,
1,Tawalanhalmillewa Wewa,4/5/2024,2024,4,0.660490687,11.21789508,5.887830844,S1_SAR,,0,0.004361799,"Sri Lanka small-tank power law (Telivarai Kulam), Imbulana ceiling-capped",validated_2021_2025,
1,Tawalanhalmillewa Wewa,4/17/2024,2024,4,1.050780631,11.21789508,9.367003555,S1_SAR,,0,0.007779157,"Sri Lanka small-tank power law (Telivarai Kulam), Imbulana ceiling-capped",validated_2021_2025,
1,Tawalanhalmillewa Wewa,4/29/2024,2024,4,0.740550169,11.21789508,6.601507351,S1_SAR,,0,0.005030148,"Sri Lanka small-tank power law (Telivarai Kulam), Imbulana ceiling-capped",validated_2021_2025,
1,Tawalanhalmillewa Wewa,5/11/2024,2024,5,0.800594764,11.21789508,7.136764589,S1_SAR,,0,0.005543333,"Sri Lanka small-tank power law (Telivarai Kulam), Imbulana ceiling-capped",validated_2021_2025,
1,Tawalanhalmillewa Wewa,5/23/2024,2024,5,0.990736077,11.21789508,8.831746685,S1_SAR,,0,0.007229197,"Sri Lanka small-tank power law (Telivarai Kulam), Imbulana ceiling-capped",validated_2021_2025,
1,Tawalanhalmillewa Wewa,6/4/2024,2024,6,1.841368037,11.21789508,16.41455927,S1_SAR,,0,0.015649989,"Sri Lanka small-tank power law (Telivarai Kulam), Imbulana ceiling-capped",validated_2021_2025,
1,Tawalanhalmillewa Wewa,6/16/2024,2024,6,1.571167265,11.21789508,14.00590087,S1_SAR,,0,0.012842106,"Sri Lanka small-tank power law (Telivarai Kulam), Imbulana ceiling-capped",validated_2021_2025,
1,Tawalanhalmillewa Wewa,7/10/2024,2024,7,1.170869862,11.21789508,10.43751839,S1_SAR,,0,0.008902135,"Sri Lanka small-tank power law (Telivarai Kulam), Imbulana ceiling-capped",validated_2021_2025,
1,Tawalanhalmillewa Wewa,7/22/2024,2024,7,1.371018528,11.21789508,12.22170931,S1_SAR,,0,0.010836627,"Sri Lanka small-tank power law (Telivarai Kulam), Imbulana ceiling-capped",validated_2021_2025,
1,Tawalanhalmillewa Wewa,8/3/2024,2024,8,1.030765784,11.21789508,9.188584632,S1_SAR,,0,0.007594955,"Sri Lanka small-tank power law (Telivarai Kulam), Imbulana ceiling-capped",validated_2021_2025,
1,Tawalanhalmillewa Wewa,8/15/2024,2024,8,0.840624483,11.21789508,7.493602652,S1_SAR,,0,0.005890804,"Sri Lanka small-tank power law (Telivarai Kulam), Imbulana ceiling-capped",validated_2021_2025,
1,Tawalanhalmillewa Wewa,8/27/2024,2024,8,0.520386595,11.21789508,4.63889697,S1_SAR,,0,0.003240749,"Sri Lanka small-tank power law (Telivarai Kulam), Imbulana ceiling-capped",validated_2021_2025,
1,Tawalanhalmillewa Wewa,9/20/2024,2024,9,0.410304799,11.21789508,3.657591695,S1_SAR,,0,0.002410046,"Sri Lanka small-tank power law (Telivarai Kulam), Imbulana ceiling-capped",validated_2021_2025,
1,Tawalanhalmillewa Wewa,10/2/2024,2024,10,0.26019331,11.21789508,2.319448594,S1_SAR,,0,0.001366271,"Sri Lanka small-tank power law (Telivarai Kulam), Imbulana ceiling-capped",validated_2021_2025,
1,Tawalanhalmillewa Wewa,10/14/2024,2024,10,0.0,11.21789508,0.0,S1_SAR,,0,0.0,"Sri Lanka small-tank power law (Telivarai Kulam), Imbulana ceiling-capped",validated_2021_2025,
1,Tawalanhalmillewa Wewa,10/26/2024,2024,10,0.0,11.21789508,0.0,S1_SAR,,0,0.0,"Sri Lanka small-tank power law (Telivarai Kulam), Imbulana ceiling-capped",validated_2021_2025,
1,Tawalanhalmillewa Wewa,11/7/2024,2024,11,0.0,11.21789508,0.0,S1_SAR,,0,0.0,"Sri Lanka small-tank power law (Telivarai Kulam), Imbulana ceiling-capped",validated_2021_2025,
1,Tawalanhalmillewa Wewa,11/19/2024,2024,11,0.480356884,11.21789508,4.282058982,S1_SAR,,0,0.002933114,"Sri Lanka small-tank power law (Telivarai Kulam), Imbulana ceiling-capped",validated_2021_2025,
1,Tawalanhalmillewa Wewa,12/13/2024,2024,12,1.280951546,11.21789508,11.41882266,S1_SAR,,0,0.009956838,"Sri Lanka small-tank power law (Telivarai Kulam), Imbulana ceiling-capped",validated_2021_2025,
1,Tawalanhalmillewa Wewa,12/25/2024,2024,12,1.020758305,11.21789508,9.099374678,S1_SAR,,0,0.007503181,"Sri Lanka small-tank power law (Telivarai Kulam), Imbulana ceiling-capped",validated_2021_2025,
1,Tawalanhalmillewa Wewa,1/6/2025,2025,1,1.050780614,11.21789508,9.367003399,S1_SAR,,0,0.007779157,"Sri Lanka small-tank power law (Telivarai Kulam), Imbulana ceiling-capped",validated_2021_2025,
1,Tawalanhalmillewa Wewa,1/18/2025,2025,1,1.17086978,11.21789508,10.43751766,S1_SAR,,0,0.008902135,"Sri Lanka small-tank power law (Telivarai Kulam), Imbulana ceiling-capped",validated_2021_2025,
1,Tawalanhalmillewa Wewa,1/30/2025,2025,1,1.140847512,11.21789508,10.1698893,S1_SAR,,0,0.008618607,"Sri Lanka small-tank power law (Telivarai Kulam), Imbulana ceiling-capped",validated_2021_2025,
1,Tawalanhalmillewa Wewa,2/11/2025,2025,2,1.230914426,11.21789508,10.97277534,S1_SAR,,0,0.009474541,"Sri Lanka small-tank power law (Telivarai Kulam), Imbulana ceiling-capped",validated_2021_2025,
1,Tawalanhalmillewa Wewa,2/23/2025,2025,2,1.050780605,11.21789508,9.367003317,S1_SAR,,0,0.007779157,"Sri Lanka small-tank power law (Telivarai Kulam), Imbulana ceiling-capped",validated_2021_2025,
1,Tawalanhalmillewa Wewa,3/7/2025,2025,3,0.870646776,11.21789508,7.761231223,S1_SAR,,0,0.006154104,"Sri Lanka small-tank power law (Telivarai Kulam), Imbulana ceiling-capped",validated_2021_2025,
1,Tawalanhalmillewa Wewa,3/19/2025,2025,3,1.040773189,11.21789508,9.277793927,S1_SAR,,0,0.007686947,"Sri Lanka small-tank power law (Telivarai Kulam), Imbulana ceiling-capped",validated_2021_2025,
1,Tawalanhalmillewa Wewa,3/31/2025,2025,3,0.94069882,11.21789508,8.38569815,S1_SAR,,0,0.006777101,"Sri Lanka small-tank power law (Telivarai Kulam), Imbulana ceiling-capped",validated_2021_2025,
1,Tawalanhalmillewa Wewa,4/12/2025,2025,4,0.900669093,11.21789508,8.028860012,S1_SAR,,0,0.006419649,"Sri Lanka small-tank power law (Telivarai Kulam), Imbulana ceiling-capped",validated_2021_2025,
1,Tawalanhalmillewa Wewa,4/24/2025,2025,4,0.810602171,11.21789508,7.225973904,S1_SAR,,0,0.005629808,"Sri Lanka small-tank power law (Telivarai Kulam), Imbulana ceiling-capped",validated_2021_2025,
1,Tawalanhalmillewa Wewa,5/6/2025,2025,5,0.900669081,11.21789508,8.02885991,S1_SAR,,0,0.006419648,"Sri Lanka small-tank power law (Telivarai Kulam), Imbulana ceiling-capped",validated_2021_2025,
1,Tawalanhalmillewa Wewa,5/18/2025,2025,5,0.630468367,11.21789508,5.620202028,S1_SAR,,0,0.004116143,"Sri Lanka small-tank power law (Telivarai Kulam), Imbulana ceiling-capped",validated_2021_2025,
1,Tawalanhalmillewa Wewa,5/30/2025,2025,5,0.720535256,11.21789508,6.423087851,S1_SAR,,0,0.00486131,"Sri Lanka small-tank power law (Telivarai Kulam), Imbulana ceiling-capped",validated_2021_2025,
1,Tawalanhalmillewa Wewa,6/11/2025,2025,6,0.700520399,11.21789508,6.244668846,S1_SAR,,0,0.004693622,"Sri Lanka small-tank power law (Telivarai Kulam), Imbulana ceiling-capped",validated_2021_2025,
1,Tawalanhalmillewa Wewa,6/23/2025,2025,6,0.610453512,11.21789508,5.441783037,S1_SAR,,0,0.003953957,"Sri Lanka small-tank power law (Telivarai Kulam), Imbulana ceiling-capped",validated_2021_2025,
1,Tawalanhalmillewa Wewa,7/5/2025,2025,7,0.640475796,11.21789508,5.709411534,S1_SAR,,0,0.004197715,"Sri Lanka small-tank power law (Telivarai Kulam), Imbulana ceiling-capped",validated_2021_2025,
1,Tawalanhalmillewa Wewa,7/17/2025,2025,7,0.280208182,11.21789508,2.497867734,S1_SAR,,0,0.001498448,"Sri Lanka small-tank power law (Telivarai Kulam), Imbulana ceiling-capped",validated_2021_2025,
1,Tawalanhalmillewa Wewa,7/29/2025,2025,7,0.450334551,11.21789508,4.01443005,S1_SAR,,0,0.002706467,"Sri Lanka small-tank power law (Telivarai Kulam), Imbulana ceiling-capped",validated_2021_2025,
1,Tawalanhalmillewa Wewa,8/10/2025,2025,8,0.0,11.21789508,0.0,S1_SAR,,0,0.0,"Sri Lanka small-tank power law (Telivarai Kulam), Imbulana ceiling-capped",validated_2021_2025,
1,Tawalanhalmillewa Wewa,8/22/2025,2025,8,0.010007436,11.21789508,0.089209574,S1_SAR,,0,2.36e-05,"Sri Lanka small-tank power law (Telivarai Kulam), Imbulana ceiling-capped",validated_2021_2025,
1,Tawalanhalmillewa Wewa,9/3/2025,2025,9,0.0,11.21789508,0.0,S1_SAR,,0,0.0,"Sri Lanka small-tank power law (Telivarai Kulam), Imbulana ceiling-capped",validated_2021_2025,
1,Tawalanhalmillewa Wewa,9/15/2025,2025,9,0.0,11.21789508,0.0,S1_SAR,,0,0.0,"Sri Lanka small-tank power law (Telivarai Kulam), Imbulana ceiling-capped",validated_2021_2025,
1,Tawalanhalmillewa Wewa,9/27/2025,2025,9,0.0,11.21789508,0.0,S1_SAR,,0,0.0,"Sri Lanka small-tank power law (Telivarai Kulam), Imbulana ceiling-capped",validated_2021_2025,
1,Tawalanhalmillewa Wewa,10/9/2025,2025,10,0.0,11.21789508,0.0,S1_SAR,,0,0.0,"Sri Lanka small-tank power law (Telivarai Kulam), Imbulana ceiling-capped",validated_2021_2025,
1,Tawalanhalmillewa Wewa,10/21/2025,2025,10,2.141590943,11.21789508,19.09084483,S1_SAR,,0,0.018890873,"Sri Lanka small-tank power law (Telivarai Kulam), Imbulana ceiling-capped",validated_2021_2025,
1,Tawalanhalmillewa Wewa,11/2/2025,2025,11,1.85137532,11.21789508,16.50376747,S1_SAR,,0,0.015756043,"Sri Lanka small-tank power law (Telivarai Kulam), Imbulana ceiling-capped",validated_2021_2025,
1,Tawalanhalmillewa Wewa,11/14/2025,2025,11,1.801338223,11.21789508,16.05772036,S1_SAR,,0,0.015227189,"Sri Lanka small-tank power law (Telivarai Kulam), Imbulana ceiling-capped",validated_2021_2025,
1,Tawalanhalmillewa Wewa,11/26/2025,2025,11,1.721278731,11.21789508,15.34404376,S1_SAR,,0,0.014388549,"Sri Lanka small-tank power law (Telivarai Kulam), Imbulana ceiling-capped",validated_2021_2025,
1,Tawalanhalmillewa Wewa,12/2/2025,2025,12,2.812089026,11.21789508,25.06788488,S1_SAR,,0,0.026524939,"Sri Lanka small-tank power law (Telivarai Kulam), Imbulana ceiling-capped",validated_2021_2025,
1,Tawalanhalmillewa Wewa,12/8/2025,2025,12,1.881397629,11.21789508,16.77139619,S1_SAR,,0,0.016075054,"Sri Lanka small-tank power law (Telivarai Kulam), Imbulana ceiling-capped",validated_2021_2025,
1,Tawalanhalmillewa Wewa,12/20/2025,2025,12,1.781323307,11.21789508,15.87930083,S1_SAR,,0,0.015016652,"Sri Lanka small-tank power law (Telivarai Kulam), Imbulana ceiling-capped",validated_2021_2025,
27,Tirappane Wewa,1/3/2021,2021,1,6.594820121,52.504108,12.5605793,S1_SAR_fallback,,0,0.076722359,"Sri Lanka small-tank power law (Telivarai Kulam), Imbulana ceiling-capped",validated_2021_2025,
27,Tirappane Wewa,1/15/2021,2021,1,4.663407987,52.504108,8.881986886,S1_SAR_fallback,,0,0.049818077,"Sri Lanka small-tank power law (Telivarai Kulam), Imbulana ceiling-capped",validated_2021_2025,
27,Tirappane Wewa,1/27/2021,2021,1,3.235874253,52.504108,6.163087758,S2_MNDWI,1/25/2021,2,0.031595036,"Sri Lanka small-tank power law (Telivarai Kulam), Imbulana ceiling-capped",validated_2021_2025,
27,Tirappane Wewa,2/8/2021,2021,2,1.956924895,52.504108,3.727184348,S2_MNDWI,2/9/2021,1,0.01688311,"Sri Lanka small-tank power law (Telivarai Kulam), Imbulana ceiling-capped",validated_2021_2025,
27,Tirappane Wewa,2/20/2021,2021,2,6.534774143,52.504108,12.44621496,S1_SAR_fallback,,0,0.075852874,"Sri Lanka small-tank power law (Telivarai Kulam), Imbulana ceiling-capped",validated_2021_2025,
27,Tirappane Wewa,3/4/2021,2021,3,3.618829793,52.504108,6.89246981,S2_MNDWI,3/1/2021,3,0.036320285,"Sri Lanka small-tank power law (Telivarai Kulam), Imbulana ceiling-capped",validated_2021_2025,
27,Tirappane Wewa,3/16/2021,2021,3,6.955081477,52.504108,13.24673772,S1_SAR_fallback,,0,0.081979556,"Sri Lanka small-tank power law (Telivarai Kulam), Imbulana ceiling-capped",validated_2021_2025,
27,Tirappane Wewa,3/28/2021,2021,3,3.070245344,52.504108,5.847628807,S2_MNDWI,3/31/2021,3,0.02959273,"Sri Lanka small-tank power law (Telivarai Kulam), Imbulana ceiling-capped",validated_2021_2025,
27,Tirappane Wewa,4/9/2021,2021,4,4.693428773,52.504108,8.939164861,S1_SAR_fallback,,0,0.050218018,"Sri Lanka small-tank power law (Telivarai Kulam), Imbulana ceiling-capped",validated_2021_2025,
27,Tirappane Wewa,4/21/2021,2021,4,5.664137798,52.504108,10.78798977,S1_SAR_fallback,,0,0.063473768,"Sri Lanka small-tank power law (Telivarai Kulam), Imbulana ceiling-capped",validated_2021_2025,
27,Tirappane Wewa,5/3/2021,2021,5,4.35317992,52.504108,8.291122516,S1_SAR_fallback,,0,0.045722826,"Sri Lanka small-tank power law (Telivarai Kulam), Imbulana ceiling-capped",validated_2021_2025,
27,Tirappane Wewa,5/15/2021,2021,5,6.865014858,52.504108,13.07519567,S1_SAR_fallback,,0,0.080658809,"Sri Lanka small-tank power law (Telivarai Kulam), Imbulana ceiling-capped",validated_2021_2025,
27,Tirappane Wewa,5/27/2021,2021,5,8.896499049,52.504108,16.94438662,S1_SAR_fallback,,0,0.111412253,"Sri Lanka small-tank power law (Telivarai Kulam), Imbulana ceiling-capped",validated_2021_2025,
27,Tirappane Wewa,6/8/2021,2021,6,9.426887026,52.504108,17.95457039,S1_SAR_fallback,,0,0.11974873,"Sri Lanka small-tank power law (Telivarai Kulam), Imbulana ceiling-capped",validated_2021_2025,
27,Tirappane Wewa,6/14/2021,2021,6,9.687076983,52.504108,18.45013153,S1_SAR_fallback,,0,0.123881132,"Sri Lanka small-tank power law (Telivarai Kulam), Imbulana ceiling-capped",validated_2021_2025,
27,Tirappane Wewa,6/20/2021,2021,6,5.69690977,52.504108,10.85040769,S2_MNDWI,6/19/2021,1,0.063931719,"Sri Lanka small-tank power law (Telivarai Kulam), Imbulana ceiling-capped",validated_2021_2025,
27,Tirappane Wewa,7/2/2021,2021,7,10.36757429,52.504108,19.74621545,S1_SAR_fallback,,0,0.134817166,"Sri Lanka small-tank power law (Telivarai Kulam), Imbulana ceiling-capped",validated_2021_2025,
27,Tirappane Wewa,7/14/2021,2021,7,11.69854676,52.504108,22.28120277,S1_SAR_fallback,,0,0.156714145,"Sri Lanka small-tank power law (Telivarai Kulam), Imbulana ceiling-capped",validated_2021_2025,
27,Tirappane Wewa,7/26/2021,2021,7,12.57919052,52.504108,23.95848819,S1_SAR_fallback,,0,0.171548024,"Sri Lanka small-tank power law (Telivarai Kulam), Imbulana ceiling-capped",validated_2021_2025,
27,Tirappane Wewa,8/7/2021,2021,8,12.41907353,52.504108,23.65352732,S1_SAR_fallback,,0,0.168831368,"Sri Lanka small-tank power law (Telivarai Kulam), Imbulana ceiling-capped",validated_2021_2025,
27,Tirappane Wewa,8/19/2021,2021,8,12.08883216,52.504108,23.02454536,S1_SAR_fallback,,0,0.163255537,"Sri Lanka small-tank power law (Telivarai Kulam), Imbulana ceiling-capped",validated_2021_2025,
27,Tirappane Wewa,8/31/2021,2021,8,10.92798415,52.504108,20.8135793,S1_SAR_fallback,,0,0.143957493,"Sri Lanka small-tank power law (Telivarai Kulam), Imbulana ceiling-capped",validated_2021_2025,
27,Tirappane Wewa,9/12/2021,2021,9,9.376851011,52.504108,17.85927115,S1_SAR_fallback,,0,0.118957234,"Sri Lanka small-tank power law (Telivarai Kulam), Imbulana ceiling-capped",validated_2021_2025,
27,Tirappane Wewa,9/24/2021,2021,9,7.885761784,52.504108,15.01932341,S1_SAR_fallback,,0,0.095866911,"Sri Lanka small-tank power law (Telivarai Kulam), Imbulana ceiling-capped",validated_2021_2025,
27,Tirappane Wewa,10/6/2021,2021,10,7.015125698,52.504108,13.36109871,S1_SAR_fallback,,0,0.082862395,"Sri Lanka small-tank power law (Telivarai Kulam), Imbulana ceiling-capped",validated_2021_2025,
27,Tirappane Wewa,10/18/2021,2021,10,6.184518797,52.504108,11.77911412,S1_SAR_fallback,,0,0.07082065,"Sri Lanka small-tank power law (Telivarai Kulam), Imbulana ceiling-capped",validated_2021_2025,
27,Tirappane Wewa,10/30/2021,2021,10,8.936530647,52.504108,17.02063131,S1_SAR_fallback,,0,0.112037287,"Sri Lanka small-tank power law (Telivarai Kulam), Imbulana ceiling-capped",validated_2021_2025,
27,Tirappane Wewa,11/17/2021,2021,11,23.80268987,52.504108,45.33490955,S1_SAR_fallback,,0,0.372536432,"Sri Lanka small-tank power law (Telivarai Kulam), Imbulana ceiling-capped",validated_2021_2025,
27,Tirappane Wewa,11/23/2021,2021,11,25.3959589,52.504108,48.36947025,S2_MNDWI,11/21/2021,2,0.397472721,"Sri Lanka small-tank power law (Telivarai Kulam), Imbulana ceiling-capped",validated_2021_2025,
27,Tirappane Wewa,12/5/2021,2021,12,14.5536569,52.504108,27.71908228,S1_SAR_fallback,,0,0.205724976,"Sri Lanka small-tank power law (Telivarai Kulam), Imbulana ceiling-capped",validated_2021_2025,
27,Tirappane Wewa,12/17/2021,2021,12,15.50435166,52.504108,29.52978777,S1_SAR_fallback,,0,0.222603114,"Sri Lanka small-tank power law (Telivarai Kulam), Imbulana ceiling-capped",validated_2021_2025,
27,Tirappane Wewa,12/29/2021,2021,12,14.55950436,52.504108,27.73021944,S1_SAR_fallback,,0,0.205827979,"Sri Lanka small-tank power law (Telivarai Kulam), Imbulana ceiling-capped",validated_2021_2025,
27,Tirappane Wewa,1/10/2022,2022,1,13.94124876,52.504108,26.55268187,S1_SAR_fallback,,0,0.194994371,"Sri Lanka small-tank power law (Telivarai Kulam), Imbulana ceiling-capped",validated_2021_2025,
27,Tirappane Wewa,1/22/2022,2022,1,18.25378445,52.504108,34.76639285,S2_MNDWI,1/20/2022,2,0.272820931,"Sri Lanka small-tank power law (Telivarai Kulam), Imbulana ceiling-capped",validated_2021_2025,
27,Tirappane Wewa,2/3/2022,2022,2,17.23886996,52.504108,32.83337365,S2_MNDWI,2/4/2022,1,0.254050372,"Sri Lanka small-tank power law (Telivarai Kulam), Imbulana ceiling-capped",validated_2021_2025,
27,Tirappane Wewa,2/15/2022,2022,2,17.84237261,52.504108,33.98281256,S1_SAR_fallback,,0,0.265180186,"Sri Lanka small-tank power law (Telivarai Kulam), Imbulana ceiling-capped",validated_2021_2025,
27,Tirappane Wewa,2/27/2022,2022,2,17.86470271,52.504108,34.02534275,S1_SAR_fallback,,0,0.265593797,"Sri Lanka small-tank power law (Telivarai Kulam), Imbulana ceiling-capped",validated_2021_2025,
27,Tirappane Wewa,3/11/2022,2022,3,16.13967746,52.504108,30.73983746,S1_SAR_fallback,,0,0.234026197,"Sri Lanka small-tank power law (Telivarai Kulam), Imbulana ceiling-capped",validated_2021_2025,
27,Tirappane Wewa,3/23/2022,2022,3,34.08550601,52.504108,64.91969353,S2_MNDWI,3/21/2022,2,0.533473017,"Sri Lanka small-tank power law (Telivarai Kulam), Imbulana ceiling-capped",validated_2021_2025,
27,Tirappane Wewa,4/4/2022,2022,4,16.9389667,52.504108,32.26217405,S1_SAR_fallback,,0,0.248554905,"Sri Lanka small-tank power law (Telivarai Kulam), Imbulana ceiling-capped",validated_2021_2025,
27,Tirappane Wewa,4/16/2022,2022,4,17.36767178,52.504108,33.07869125,S1_SAR_fallback,,0,0.256417809,"Sri Lanka small-tank power law (Telivarai Kulam), Imbulana ceiling-capped",validated_2021_2025,
27,Tirappane Wewa,4/28/2022,2022,4,15.18725449,52.504108,28.92584042,S1_SAR_fallback,,0,0.216944407,"Sri Lanka small-tank power law (Telivarai Kulam), Imbulana ceiling-capped",validated_2021_2025,
27,Tirappane Wewa,5/10/2022,2022,5,12.93478493,52.504108,24.6357579,S1_SAR_fallback,,0,0.17761165,"Sri Lanka small-tank power law (Telivarai Kulam), Imbulana ceiling-capped",validated_2021_2025,
27,Tirappane Wewa,5/22/2022,2022,5,11.92977629,52.504108,22.72160549,S1_SAR_fallback,,0,0.160583303,"Sri Lanka small-tank power law (Telivarai Kulam), Imbulana ceiling-capped",validated_2021_2025,
27,Tirappane Wewa,6/3/2022,2022,6,12.89883731,52.504108,24.56729159,S1_SAR_fallback,,0,0.176996784,"Sri Lanka small-tank power law (Telivarai Kulam), Imbulana ceiling-capped",validated_2021_2025,
27,Tirappane Wewa,6/15/2022,2022,6,13.13006488,52.504108,25.00769059,S1_SAR_fallback,,0,0.180959145,"Sri Lanka small-tank power law (Telivarai Kulam), Imbulana ceiling-capped",validated_2021_2025,
27,Tirappane Wewa,6/27/2022,2022,6,8.862407594,52.504108,16.87945559,S2_MNDWI,6/29/2022,2,0.11088051,"Sri Lanka small-tank power law (Telivarai Kulam), Imbulana ceiling-capped",validated_2021_2025,
27,Tirappane Wewa,7/9/2022,2022,7,12.69390297,52.504108,24.17697102,S1_SAR_fallback,,0,0.17349956,"Sri Lanka small-tank power law (Telivarai Kulam), Imbulana ceiling-capped",validated_2021_2025,
27,Tirappane Wewa,7/21/2022,2022,7,12.81654125,52.504108,24.41054945,S1_SAR_fallback,,0,0.175590738,"Sri Lanka small-tank power law (Telivarai Kulam), Imbulana ceiling-capped",validated_2021_2025,
27,Tirappane Wewa,8/2/2022,2022,8,10.42416565,52.504108,19.85400008,S1_SAR_fallback,,0,0.135734772,"Sri Lanka small-tank power law (Telivarai Kulam), Imbulana ceiling-capped",validated_2021_2025,
27,Tirappane Wewa,8/14/2022,2022,8,12.10119492,52.504108,23.04809163,S1_SAR_fallback,,0,0.163463602,"Sri Lanka small-tank power law (Telivarai Kulam), Imbulana ceiling-capped",validated_2021_2025,
27,Tirappane Wewa,8/26/2022,2022,8,11.79779702,52.504108,22.47023608,S1_SAR_fallback,,0,0.158372614,"Sri Lanka small-tank power law (Telivarai Kulam), Imbulana ceiling-capped",validated_2021_2025,
27,Tirappane Wewa,9/7/2022,2022,9,10.53895538,52.504108,20.07263009,S1_SAR_fallback,,0,0.137599805,"Sri Lanka small-tank power law (Telivarai Kulam), Imbulana ceiling-capped",validated_2021_2025,
27,Tirappane Wewa,9/19/2022,2022,9,10.60512165,52.504108,20.19865122,S1_SAR_fallback,,0,0.13867711,"Sri Lanka small-tank power law (Telivarai Kulam), Imbulana ceiling-capped",validated_2021_2025,
27,Tirappane Wewa,10/1/2022,2022,10,8.706243327,52.504108,16.58202312,S1_SAR_fallback,,0,0.108451186,"Sri Lanka small-tank power law (Telivarai Kulam), Imbulana ceiling-capped",validated_2021_2025,
27,Tirappane Wewa,10/13/2022,2022,10,9.116660328,52.504108,17.36370862,S1_SAR_fallback,,0,0.114858244,"Sri Lanka small-tank power law (Telivarai Kulam), Imbulana ceiling-capped",validated_2021_2025,
27,Tirappane Wewa,10/25/2022,2022,10,9.440386058,52.504108,17.98028082,S2_MNDWI,10/27/2022,2,0.119962442,"Sri Lanka small-tank power law (Telivarai Kulam), Imbulana ceiling-capped",validated_2021_2025,
27,Tirappane Wewa,11/6/2022,2022,11,14.0502648,52.504108,26.76031522,S1_SAR_fallback,,0,0.196896215,"Sri Lanka small-tank power law (Telivarai Kulam), Imbulana ceiling-capped",validated_2021_2025,
27,Tirappane Wewa,11/18/2022,2022,11,15.30749819,52.504108,29.15485811,S1_SAR_fallback,,0,0.219086808,"Sri Lanka small-tank power law (Telivarai Kulam), Imbulana ceiling-capped",validated_2021_2025,
27,Tirappane Wewa,11/30/2022,2022,11,14.62068183,52.504108,27.84673882,S1_SAR_fallback,,0,0.206906232,"Sri Lanka small-tank power law (Telivarai Kulam), Imbulana ceiling-capped",validated_2021_2025,
27,Tirappane Wewa,12/12/2022,2022,12,15.50132508,52.504108,29.52402331,S1_SAR_fallback,,0,0.222548968,"Sri Lanka small-tank power law (Telivarai Kulam), Imbulana ceiling-capped",validated_2021_2025,
27,Tirappane Wewa,12/24/2022,2022,12,20.34321711,52.504108,38.74595319,S1_SAR_fallback,,0,0.312267467,"Sri Lanka small-tank power law (Telivarai Kulam), Imbulana ceiling-capped",validated_2021_2025,
27,Tirappane Wewa,1/5/2023,2023,1,18.90616776,52.504108,36.0089305,S1_SAR_fallback,,0,0.285023844,"Sri Lanka small-tank power law (Telivarai Kulam), Imbulana ceiling-capped",validated_2021_2025,
27,Tirappane Wewa,1/17/2023,2023,1,17.30633162,52.504108,32.96186199,S1_SAR_fallback,,0,0.255289808,"Sri Lanka small-tank power law (Telivarai Kulam), Imbulana ceiling-capped",validated_2021_2025,
27,Tirappane Wewa,1/29/2023,2023,1,15.77336785,52.504108,30.04215946,S1_SAR_fallback,,0,0.227426203,"Sri Lanka small-tank power law (Telivarai Kulam), Imbulana ceiling-capped",validated_2021_2025,
27,Tirappane Wewa,2/10/2023,2023,2,13.57921602,52.504108,25.86314964,S1_SAR_fallback,,0,0.188704869,"Sri Lanka small-tank power law (Telivarai Kulam), Imbulana ceiling-capped",validated_2021_2025,
27,Tirappane Wewa,2/22/2023,2023,2,12.98949102,52.504108,24.73995182,S1_SAR_fallback,,0,0.178548178,"Sri Lanka small-tank power law (Telivarai Kulam), Imbulana ceiling-capped",validated_2021_2025,
27,Tirappane Wewa,3/6/2023,2023,3,12.35903036,52.504108,23.53916832,S1_SAR_fallback,,0,0.167814848,"Sri Lanka small-tank power law (Telivarai Kulam), Imbulana ceiling-capped",validated_2021_2025,
27,Tirappane Wewa,3/18/2023,2023,3,11.3457014,52.504108,21.60916894,S1_SAR_fallback,,0,0.150846273,"Sri Lanka small-tank power law (Telivarai Kulam), Imbulana ceiling-capped",validated_2021_2025,
27,Tirappane Wewa,3/30/2023,2023,3,9.136675039,52.504108,17.4018289,S1_SAR_fallback,,0,0.115172541,"Sri Lanka small-tank power law (Telivarai Kulam), Imbulana ceiling-capped",validated_2021_2025,
27,Tirappane Wewa,4/11/2023,2023,4,8.62630233,52.504108,16.42976647,S1_SAR_fallback,,0,0.107211739,"Sri Lanka small-tank power law (Telivarai Kulam), Imbulana ceiling-capped",validated_2021_2025,
27,Tirappane Wewa,4/23/2023,2023,4,8.426155918,52.504108,16.04856503,S1_SAR_fallback,,0,0.10412099,"Sri Lanka small-tank power law (Telivarai Kulam), Imbulana ceiling-capped",validated_2021_2025,
27,Tirappane Wewa,5/5/2023,2023,5,7.735651488,52.504108,14.73342141,S1_SAR_fallback,,0,0.093598304,"Sri Lanka small-tank power law (Telivarai Kulam), Imbulana ceiling-capped",validated_2021_2025,
27,Tirappane Wewa,5/17/2023,2023,5,7.635578535,52.504108,14.54282117,S1_SAR_fallback,,0,0.092091902,"Sri Lanka small-tank power law (Telivarai Kulam), Imbulana ceiling-capped",validated_2021_2025,
27,Tirappane Wewa,5/29/2023,2023,5,7.805702702,52.504108,14.86684185,S1_SAR_fallback,,0,0.094655648,"Sri Lanka small-tank power law (Telivarai Kulam), Imbulana ceiling-capped",validated_2021_2025,
27,Tirappane Wewa,6/10/2023,2023,6,7.58514931,52.504108,14.44677302,S1_SAR_fallback,,0,0.091334624,"Sri Lanka small-tank power law (Telivarai Kulam), Imbulana ceiling-capped",validated_2021_2025,
27,Tirappane Wewa,6/22/2023,2023,6,8.526228986,52.504108,16.23916549,S1_SAR_fallback,,0,0.105664131,"Sri Lanka small-tank power law (Telivarai Kulam), Imbulana ceiling-capped",validated_2021_2025,
27,Tirappane Wewa,7/4/2023,2023,7,7.905775861,52.504108,15.05744248,S1_SAR_fallback,,0,0.096170191,"Sri Lanka small-tank power law (Telivarai Kulam), Imbulana ceiling-capped",validated_2021_2025,
27,Tirappane Wewa,7/16/2023,2023,7,9.146682653,52.504108,17.42088953,S1_SAR_fallback,,0,0.115329757,"Sri Lanka small-tank power law (Telivarai Kulam), Imbulana ceiling-capped",validated_2021_2025,
27,Tirappane Wewa,7/28/2023,2023,7,3.736820438,52.504108,7.117196312,S2_MNDWI,7/29/2023,1,0.037801781,"Sri Lanka small-tank power law (Telivarai Kulam), Imbulana ceiling-capped",validated_2021_2025,
27,Tirappane Wewa,8/9/2023,2023,8,9.316806439,52.504108,17.74490948,S1_SAR_fallback,,0,0.11800879,"Sri Lanka small-tank power law (Telivarai Kulam), Imbulana ceiling-capped",validated_2021_2025,
27,Tirappane Wewa,9/2/2023,2023,9,9.11673869,52.504108,17.36385787,S1_SAR_fallback,,0,0.114859474,"Sri Lanka small-tank power law (Telivarai Kulam), Imbulana ceiling-capped",validated_2021_2025,
27,Tirappane Wewa,9/14/2023,2023,9,8.135943634,52.504108,15.49582298,S1_SAR_fallback,,0,0.099671491,"Sri Lanka small-tank power law (Telivarai Kulam), Imbulana ceiling-capped",validated_2021_2025,
27,Tirappane Wewa,9/26/2023,2023,9,8.93346737,52.504108,17.01479696,S1_SAR_fallback,,0,0.111989434,"Sri Lanka small-tank power law (Telivarai Kulam), Imbulana ceiling-capped",validated_2021_2025,
27,Tirappane Wewa,10/8/2023,2023,10,9.4662094,52.504108,18.02946429,S1_SAR_fallback,,0,0.120371477,"Sri Lanka small-tank power law (Telivarai Kulam), Imbulana ceiling-capped",validated_2021_2025,
27,Tirappane Wewa,10/20/2023,2023,10,17.56283148,52.504108,33.45039492,S1_SAR_fallback,,0,0.260013168,"Sri Lanka small-tank power law (Telivarai Kulam), Imbulana ceiling-capped",validated_2021_2025,
27,Tirappane Wewa,11/1/2023,2023,11,14.89088047,52.504108,28.36136265,S1_SAR_fallback,,0,0.211681724,"Sri Lanka small-tank power law (Telivarai Kulam), Imbulana ceiling-capped",validated_2021_2025,
27,Tirappane Wewa,11/13/2023,2023,11,23.14691481,52.504108,44.08591192,S1_SAR_fallback,,0,0.362272881,"Sri Lanka small-tank power law (Telivarai Kulam), Imbulana ceiling-capped",validated_2021_2025,
27,Tirappane Wewa,11/25/2023,2023,11,17.57284204,52.504108,33.46946118,S1_SAR_fallback,,0,0.260197855,"Sri Lanka small-tank power law (Telivarai Kulam), Imbulana ceiling-capped",validated_2021_2025,
27,Tirappane Wewa,12/7/2023,2023,12,15.69146713,52.504108,29.8861703,S1_SAR_fallback,,0,0.225955676,"Sri Lanka small-tank power law (Telivarai Kulam), Imbulana ceiling-capped",validated_2021_2025,
27,Tirappane Wewa,12/19/2023,2023,12,16.29190555,52.504108,31.02977305,S1_SAR_fallback,,0,0.236779881,"Sri Lanka small-tank power law (Telivarai Kulam), Imbulana ceiling-capped",validated_2021_2025,
27,Tirappane Wewa,12/31/2023,2023,12,14.6206841,52.504108,27.84674316,S1_SAR_fallback,,0,0.206906272,"Sri Lanka small-tank power law (Telivarai Kulam), Imbulana ceiling-capped",validated_2021_2025,
27,Tirappane Wewa,1/12/2024,2024,1,15.58138592,52.504108,29.67650821,S1_SAR_fallback,,0,0.223982144,"Sri Lanka small-tank power law (Telivarai Kulam), Imbulana ceiling-capped",validated_2021_2025,
27,Tirappane Wewa,1/24/2024,2024,1,16.14768711,52.504108,30.75509274,S2_MNDWI,1/25/2024,1,0.234170927,"Sri Lanka small-tank power law (Telivarai Kulam), Imbulana ceiling-capped",validated_2021_2025,
27,Tirappane Wewa,2/5/2024,2024,2,12.17889978,52.504108,23.1960893,S1_SAR_fallback,,0,0.164772575,"Sri Lanka small-tank power law (Telivarai Kulam), Imbulana ceiling-capped",validated_2021_2025,
27,Tirappane Wewa,2/17/2024,2024,2,11.22820523,52.504108,21.38538423,S1_SAR_fallback,,0,0.148902172,"Sri Lanka small-tank power law (Telivarai Kulam), Imbulana ceiling-capped",validated_2021_2025,
27,Tirappane Wewa,2/29/2024,2024,2,10.707825,52.504108,20.39426133,S1_SAR_fallback,,0,0.14035258,"Sri Lanka small-tank power law (Telivarai Kulam), Imbulana ceiling-capped",validated_2021_2025,
27,Tirappane Wewa,3/12/2024,2024,3,14.07012499,52.504108,26.79814118,S2_MNDWI,3/10/2024,2,0.197243078,"Sri Lanka small-tank power law (Telivarai Kulam), Imbulana ceiling-capped",validated_2021_2025,
27,Tirappane Wewa,3/24/2024,2024,3,8.946538182,52.504108,17.03969179,S1_SAR_fallback,,0,0.112193648,"Sri Lanka small-tank power law (Telivarai Kulam), Imbulana ceiling-capped",validated_2021_2025,
27,Tirappane Wewa,4/5/2024,2024,4,7.655594707,52.504108,14.58094423,S1_SAR_fallback,,0,0.09239282,"Sri Lanka small-tank power law (Telivarai Kulam), Imbulana ceiling-capped",validated_2021_2025,
27,Tirappane Wewa,4/17/2024,2024,4,5.894307402,52.504108,11.22637376,S1_SAR_fallback,,0,0.066703749,"Sri Lanka small-tank power law (Telivarai Kulam), Imbulana ceiling-capped",validated_2021_2025,
27,Tirappane Wewa,4/29/2024,2024,4,5.544051398,52.504108,10.55927166,S1_SAR_fallback,,0,0.061801288,"Sri Lanka small-tank power law (Telivarai Kulam), Imbulana ceiling-capped",validated_2021_2025,
27,Tirappane Wewa,5/11/2024,2024,5,4.973634418,52.504108,9.472848141,S1_SAR_fallback,,0,0.053980944,"Sri Lanka small-tank power law (Telivarai Kulam), Imbulana ceiling-capped",validated_2021_2025,
27,Tirappane Wewa,5/23/2024,2024,5,5.433971481,52.504108,10.34961204,S1_SAR_fallback,,0,0.060275979,"Sri Lanka small-tank power law (Telivarai Kulam), Imbulana ceiling-capped",validated_2021_2025,
27,Tirappane Wewa,6/4/2024,2024,6,6.55479005,52.504108,12.48433751,S1_SAR_fallback,,0,0.076142493,"Sri Lanka small-tank power law (Telivarai Kulam), Imbulana ceiling-capped",validated_2021_2025,
27,Tirappane Wewa,6/16/2024,2024,6,5.624109898,52.504108,10.71175211,S1_SAR_fallback,,0,0.062915308,"Sri Lanka small-tank power law (Telivarai Kulam), Imbulana ceiling-capped",validated_2021_2025,
27,Tirappane Wewa,7/10/2024,2024,7,3.732727393,52.504108,7.109400645,S1_SAR_fallback,,0,0.037750194,"Sri Lanka small-tank power law (Telivarai Kulam), Imbulana ceiling-capped",validated_2021_2025,
27,Tirappane Wewa,7/22/2024,2024,7,4.693428883,52.504108,8.939165071,S1_SAR_fallback,,0,0.05021802,"Sri Lanka small-tank power law (Telivarai Kulam), Imbulana ceiling-capped",validated_2021_2025,
27,Tirappane Wewa,8/3/2024,2024,8,5.253838055,52.504108,10.00652759,S1_SAR_fallback,,0,0.057796398,"Sri Lanka small-tank power law (Telivarai Kulam), Imbulana ceiling-capped",validated_2021_2025,
27,Tirappane Wewa,8/15/2024,2024,8,7.395402783,52.504108,14.08537934,S1_SAR_fallback,,0,0.088496411,"Sri Lanka small-tank power law (Telivarai Kulam), Imbulana ceiling-capped",validated_2021_2025,
27,Tirappane Wewa,8/27/2024,2024,8,5.794232552,52.504108,11.03576991,S1_SAR_fallback,,0,0.065295507,"Sri Lanka small-tank power law (Telivarai Kulam), Imbulana ceiling-capped",validated_2021_2025,
27,Tirappane Wewa,9/20/2024,2024,9,7.405409659,52.504108,14.10443857,S1_SAR_fallback,,0,0.08864565,"Sri Lanka small-tank power law (Telivarai Kulam), Imbulana ceiling-capped",validated_2021_2025,
27,Tirappane Wewa,10/2/2024,2024,10,1.98642682,52.504108,3.783374093,S2_MNDWI,10/1/2024,1,0.017200854,"Sri Lanka small-tank power law (Telivarai Kulam), Imbulana ceiling-capped",validated_2021_2025,
27,Tirappane Wewa,10/14/2024,2024,10,9.356835653,52.504108,17.82114964,S1_SAR_fallback,,0,0.118640912,"Sri Lanka small-tank power law (Telivarai Kulam), Imbulana ceiling-capped",validated_2021_2025,
27,Tirappane Wewa,10/26/2024,2024,10,10.15742016,52.504108,19.34595321,S1_SAR_fallback,,0,0.13142042,"Sri Lanka small-tank power law (Telivarai Kulam), Imbulana ceiling-capped",validated_2021_2025,
27,Tirappane Wewa,11/7/2024,2024,11,9.406872276,52.504108,17.91645004,S1_SAR_fallback,,0,0.119432002,"Sri Lanka small-tank power law (Telivarai Kulam), Imbulana ceiling-capped",validated_2021_2025,
27,Tirappane Wewa,11/19/2024,2024,11,17.00242437,52.504108,32.38303634,S1_SAR_fallback,,0,0.249715729,"Sri Lanka small-tank power law (Telivarai Kulam), Imbulana ceiling-capped",validated_2021_2025,
27,Tirappane Wewa,12/13/2024,2024,12,16.0917599,52.504108,30.64857305,S1_SAR_fallback,,0,0.233160726,"Sri Lanka small-tank power law (Telivarai Kulam), Imbulana ceiling-capped",validated_2021_2025,
27,Tirappane Wewa,12/25/2024,2024,12,17.95311724,52.504108,34.19373822,S1_SAR_fallback,,0,0.267232714,"Sri Lanka small-tank power law (Telivarai Kulam), Imbulana ceiling-capped",validated_2021_2025,
27,Tirappane Wewa,1/6/2025,2025,1,19.65436264,52.504108,37.43395211,S1_SAR_fallback,,0,0.299146895,"Sri Lanka small-tank power law (Telivarai Kulam), Imbulana ceiling-capped",validated_2021_2025,
27,Tirappane Wewa,1/18/2025,2025,1,24.40783543,52.504108,46.48747758,S1_SAR_fallback,,0,0.382007578,"Sri Lanka small-tank power law (Telivarai Kulam), Imbulana ceiling-capped",validated_2021_2025,
27,Tirappane Wewa,1/30/2025,2025,1,24.89819364,52.504108,47.42142014,S1_SAR_fallback,,0,0.389682186,"Sri Lanka small-tank power law (Telivarai Kulam), Imbulana ceiling-capped",validated_2021_2025,
27,Tirappane Wewa,2/11/2025,2025,2,24.77810599,52.504108,47.19269964,S1_SAR_fallback,,0,0.387802691,"Sri Lanka small-tank power law (Telivarai Kulam), Imbulana ceiling-capped",validated_2021_2025,
27,Tirappane Wewa,2/23/2025,2025,2,25.05831092,52.504108,47.72638156,S1_SAR_fallback,,0,0.392188185,"Sri Lanka small-tank power law (Telivarai Kulam), Imbulana ceiling-capped",validated_2021_2025,
27,Tirappane Wewa,3/7/2025,2025,3,24.27706081,52.504108,46.23840254,S2_MNDWI,3/5/2025,2,0.379960822,"Sri Lanka small-tank power law (Telivarai Kulam), Imbulana ceiling-capped",validated_2021_2025,
27,Tirappane Wewa,3/19/2025,2025,3,24.54793786,52.504108,46.75431846,S1_SAR_fallback,,0,0.384200325,"Sri Lanka small-tank power law (Telivarai Kulam), Imbulana ceiling-capped",validated_2021_2025,
27,Tirappane Wewa,3/31/2025,2025,3,23.90746968,52.504108,45.53447452,S1_SAR_fallback,,0,0.374176343,"Sri Lanka small-tank power law (Telivarai Kulam), Imbulana ceiling-capped",validated_2021_2025,
27,Tirappane Wewa,4/12/2025,2025,4,23.01681714,52.504108,43.83812622,S1_SAR_fallback,,0,0.36023672,"Sri Lanka small-tank power law (Telivarai Kulam), Imbulana ceiling-capped",validated_2021_2025,
27,Tirappane Wewa,4/24/2025,2025,4,23.86743847,52.504108,45.45823057,S1_SAR_fallback,,0,0.373549814,"Sri Lanka small-tank power law (Telivarai Kulam), Imbulana ceiling-capped",validated_2021_2025,
27,Tirappane Wewa,5/6/2025,2025,5,18.16327306,52.504108,34.59400368,S1_SAR_fallback,,0,0.27113628,"Sri Lanka small-tank power law (Telivarai Kulam), Imbulana ceiling-capped",validated_2021_2025,
27,Tirappane Wewa,5/18/2025,2025,5,22.30629684,52.504108,42.48486013,S1_SAR_fallback,,0,0.349116351,"Sri Lanka small-tank power law (Telivarai Kulam), Imbulana ceiling-capped",validated_2021_2025,
27,Tirappane Wewa,5/30/2025,2025,5,25.26846227,52.504108,48.12663852,S1_SAR_fallback,,0,0.395477268,"Sri Lanka small-tank power law (Telivarai Kulam), Imbulana ceiling-capped",validated_2021_2025,
27,Tirappane Wewa,6/11/2025,2025,6,26.87963956,52.504108,51.19530754,S1_SAR_fallback,,0,0.42069384,"Sri Lanka small-tank power law (Telivarai Kulam), Imbulana ceiling-capped",validated_2021_2025,
27,Tirappane Wewa,6/23/2025,2025,6,27.35999066,52.504108,52.11019042,S1_SAR_fallback,,0,0.428211826,"Sri Lanka small-tank power law (Telivarai Kulam), Imbulana ceiling-capped",validated_2021_2025,
27,Tirappane Wewa,7/5/2025,2025,7,27.83033414,52.504108,53.00601268,S1_SAR_fallback,,0,0.435573182,"Sri Lanka small-tank power law (Telivarai Kulam), Imbulana ceiling-capped",validated_2021_2025,
27,Tirappane Wewa,7/17/2025,2025,7,27.98044386,52.504108,53.29191359,S1_SAR_fallback,,0,0.437922553,"Sri Lanka small-tank power law (Telivarai Kulam), Imbulana ceiling-capped",validated_2021_2025,
27,Tirappane Wewa,7/29/2025,2025,7,14.70150286,52.504108,28.0006716,S2_MNDWI,7/28/2025,1,0.208332406,"Sri Lanka small-tank power law (Telivarai Kulam), Imbulana ceiling-capped",validated_2021_2025,
27,Tirappane Wewa,8/10/2025,2025,8,24.54793456,52.504108,46.75431218,S1_SAR_fallback,,0,0.384200273,"Sri Lanka small-tank power law (Telivarai Kulam), Imbulana ceiling-capped",validated_2021_2025,
27,Tirappane Wewa,8/22/2025,2025,8,20.48108763,52.504108,39.00854316,S2_MNDWI,8/22/2025,0,0.314906757,"Sri Lanka small-tank power law (Telivarai Kulam), Imbulana ceiling-capped",validated_2021_2025,
27,Tirappane Wewa,9/3/2025,2025,9,20.52499475,52.504108,39.09216923,S1_SAR_fallback,,0,0.315748201,"Sri Lanka small-tank power law (Telivarai Kulam), Imbulana ceiling-capped",validated_2021_2025,
27,Tirappane Wewa,9/15/2025,2025,9,18.0431814,52.504108,34.36527556,S1_SAR_fallback,,0,0.268904253,"Sri Lanka small-tank power law (Telivarai Kulam), Imbulana ceiling-capped",validated_2021_2025,
27,Tirappane Wewa,9/27/2025,2025,9,12.85939381,52.504108,24.492167,S1_SAR_fallback,,0,0.176322607,"Sri Lanka small-tank power law (Telivarai Kulam), Imbulana ceiling-capped",validated_2021_2025,
27,Tirappane Wewa,10/9/2025,2025,10,11.91870644,52.504108,22.70052171,S1_SAR_fallback,,0,0.160397648,"Sri Lanka small-tank power law (Telivarai Kulam), Imbulana ceiling-capped",validated_2021_2025,
27,Tirappane Wewa,10/21/2025,2025,10,29.38146816,52.504108,55.9603225,S1_SAR_fallback,,0,0.459850016,"Sri Lanka small-tank power law (Telivarai Kulam), Imbulana ceiling-capped",validated_2021_2025,
27,Tirappane Wewa,11/2/2025,2025,11,33.82392683,52.504108,64.42148647,S2_MNDWI,10/31/2025,2,0.529379036,"Sri Lanka small-tank power law (Telivarai Kulam), Imbulana ceiling-capped",validated_2021_2025,
27,Tirappane Wewa,11/14/2025,2025,11,29.16126809,52.504108,55.54092661,S1_SAR_fallback,,0,0.456403659,"Sri Lanka small-tank power law (Telivarai Kulam), Imbulana ceiling-capped",validated_2021_2025,
27,Tirappane Wewa,11/26/2025,2025,11,30.06196602,52.504108,57.25640749,S1_SAR_fallback,,0,0.470500503,"Sri Lanka small-tank power law (Telivarai Kulam), Imbulana ceiling-capped",validated_2021_2025,
27,Tirappane Wewa,12/2/2025,2025,12,31.69716114,52.504108,60.37082115,S1_SAR_fallback,,0,0.496092978,"Sri Lanka small-tank power law (Telivarai Kulam), Imbulana ceiling-capped",validated_2021_2025,
27,Tirappane Wewa,12/8/2025,2025,12,28.83577552,52.504108,54.92098927,S1_SAR_fallback,,0,0.451309368,"Sri Lanka small-tank power law (Telivarai Kulam), Imbulana ceiling-capped",validated_2021_2025,
27,Tirappane Wewa,12/20/2025,2025,12,27.40002025,52.504108,52.18643131,S1_SAR_fallback,,0,0.42883833,"Sri Lanka small-tank power law (Telivarai Kulam), Imbulana ceiling-capped",validated_2021_2025,
28,Todamaduwa Wewa,1/3/2021,2021,1,15.21118786,58.83226056,25.85518168,S1_SAR_fallback,,0,0.2173705,"Sri Lanka small-tank power law (Telivarai Kulam), Imbulana ceiling-capped",validated_2021_2025,
28,Todamaduwa Wewa,1/15/2021,2021,1,15.24120917,58.83226056,25.90621035,S1_SAR_fallback,,0,0.217905212,"Sri Lanka small-tank power law (Telivarai Kulam), Imbulana ceiling-capped",validated_2021_2025,
28,Todamaduwa Wewa,1/27/2021,2021,1,16.12542602,58.83226056,27.4091559,S2_MNDWI,1/25/2021,2,0.233768726,"Sri Lanka small-tank power law (Telivarai Kulam), Imbulana ceiling-capped",validated_2021_2025,
28,Todamaduwa Wewa,2/8/2021,2021,2,18.93307644,58.83226056,32.18145327,S2_MNDWI,2/9/2021,1,0.285529428,"Sri Lanka small-tank power law (Telivarai Kulam), Imbulana ceiling-capped",validated_2021_2025,
28,Todamaduwa Wewa,2/20/2021,2021,2,15.43134824,58.83226056,26.22939879,S1_SAR_fallback,,0,0.221297797,"Sri Lanka small-tank power law (Telivarai Kulam), Imbulana ceiling-capped",validated_2021_2025,
28,Todamaduwa Wewa,3/4/2021,2021,3,15.00439139,58.83226056,25.50367986,S2_MNDWI,3/1/2021,3,0.213694308,"Sri Lanka small-tank power law (Telivarai Kulam), Imbulana ceiling-capped",validated_2021_2025,
28,Todamaduwa Wewa,3/16/2021,2021,3,14.04032499,58.83226056,23.86501021,S1_SAR_fallback,,0,0.196722658,"Sri Lanka small-tank power law (Telivarai Kulam), Imbulana ceiling-capped",validated_2021_2025,
28,Todamaduwa Wewa,3/28/2021,2021,3,8.201182803,58.83226056,13.93994167,S2_MNDWI,3/31/2021,3,0.100668378,"Sri Lanka small-tank power law (Telivarai Kulam), Imbulana ceiling-capped",validated_2021_2025,
28,Todamaduwa Wewa,4/9/2021,2021,4,10.14746194,58.83226056,17.24812517,S1_SAR_fallback,,0,0.131259891,"Sri Lanka small-tank power law (Telivarai Kulam), Imbulana ceiling-capped",validated_2021_2025,
28,Todamaduwa Wewa,4/21/2021,2021,4,11.82869825,58.83226056,20.10580273,S1_SAR_fallback,,0,0.158889675,"Sri Lanka small-tank power law (Telivarai Kulam), Imbulana ceiling-capped",validated_2021_2025,
28,Todamaduwa Wewa,5/3/2021,2021,5,4.503311319,58.83226056,7.654493089,S1_SAR_fallback,,0,0.047696014,"Sri Lanka small-tank power law (Telivarai Kulam), Imbulana ceiling-capped",validated_2021_2025,
28,Todamaduwa Wewa,5/15/2021,2021,5,3.762766758,58.83226056,6.395754169,S1_SAR_fallback,,0,0.038129124,"Sri Lanka small-tank power law (Telivarai Kulam), Imbulana ceiling-capped",validated_2021_2025,
28,Todamaduwa Wewa,5/27/2021,2021,5,2.732008748,58.83226056,4.643725605,S1_SAR_fallback,,0,0.025587026,"Sri Lanka small-tank power law (Telivarai Kulam), Imbulana ceiling-capped",validated_2021_2025,
28,Todamaduwa Wewa,6/8/2021,2021,6,4.433259614,58.83226056,7.535422864,S1_SAR_fallback,,0,0.046773271,"Sri Lanka small-tank power law (Telivarai Kulam), Imbulana ceiling-capped",validated_2021_2025,
28,Todamaduwa Wewa,6/14/2021,2021,6,3.332450275,58.83226056,5.664324713,S1_SAR_fallback,,0,0.032774334,"Sri Lanka small-tank power law (Telivarai Kulam), Imbulana ceiling-capped",validated_2021_2025,
28,Todamaduwa Wewa,6/20/2021,2021,6,5.249821239,58.83226056,8.923371613,S2_MNDWI,6/19/2021,1,0.057741341,"Sri Lanka small-tank power law (Telivarai Kulam), Imbulana ceiling-capped",validated_2021_2025,
28,Todamaduwa Wewa,7/2/2021,2021,7,3.392494332,58.83226056,5.766384462,S1_SAR_fallback,,0,0.033511805,"Sri Lanka small-tank power law (Telivarai Kulam), Imbulana ceiling-capped",validated_2021_2025,
28,Todamaduwa Wewa,7/14/2021,2021,7,3.892862425,58.83226056,6.616883981,S1_SAR_fallback,,0,0.039778757,"Sri Lanka small-tank power law (Telivarai Kulam), Imbulana ceiling-capped",validated_2021_2025,
28,Todamaduwa Wewa,7/26/2021,2021,7,0.280206117,58.83226056,0.476279705,S1_SAR_fallback,,0,0.001498434,"Sri Lanka small-tank power law (Telivarai Kulam), Imbulana ceiling-capped",validated_2021_2025,
28,Todamaduwa Wewa,8/7/2021,2021,8,0.180132589,58.83226056,0.306179955,S1_SAR_fallback,,0,0.000864038,"Sri Lanka small-tank power law (Telivarai Kulam), Imbulana ceiling-capped",validated_2021_2025,
28,Todamaduwa Wewa,8/19/2021,2021,8,0.110080992,58.83226056,0.187109914,S1_SAR_fallback,,0,0.000467757,"Sri Lanka small-tank power law (Telivarai Kulam), Imbulana ceiling-capped",validated_2021_2025,
28,Todamaduwa Wewa,8/31/2021,2021,8,0.040029456,58.83226056,0.068039975,S1_SAR_fallback,,0,0.00013261,"Sri Lanka small-tank power law (Telivarai Kulam), Imbulana ceiling-capped",validated_2021_2025,
28,Todamaduwa Wewa,9/12/2021,2021,9,0.190139905,58.83226056,0.323189867,S1_SAR_fallback,,0,0.000924255,"Sri Lanka small-tank power law (Telivarai Kulam), Imbulana ceiling-capped",validated_2021_2025,
28,Todamaduwa Wewa,9/24/2021,2021,9,0.580426993,58.83226056,0.98657945,S1_SAR_fallback,,0,0.003713099,"Sri Lanka small-tank power law (Telivarai Kulam), Imbulana ceiling-capped",validated_2021_2025,
28,Todamaduwa Wewa,10/6/2021,2021,10,0.11008097,58.83226056,0.187109876,S1_SAR_fallback,,0,0.000467757,"Sri Lanka small-tank power law (Telivarai Kulam), Imbulana ceiling-capped",validated_2021_2025,
28,Todamaduwa Wewa,10/18/2021,2021,10,0.040029445,58.83226056,0.068039957,S1_SAR_fallback,,0,0.00013261,"Sri Lanka small-tank power law (Telivarai Kulam), Imbulana ceiling-capped",validated_2021_2025,
28,Todamaduwa Wewa,10/30/2021,2021,10,24.76821458,58.83226056,42.09971594,S1_SAR_fallback,,0,0.38764788,"Sri Lanka small-tank power law (Telivarai Kulam), Imbulana ceiling-capped",validated_2021_2025,
28,Todamaduwa Wewa,11/17/2021,2021,11,37.41371227,58.83226056,63.59387165,S1_SAR_fallback,,0,0.585562848,"Sri Lanka small-tank power law (Telivarai Kulam), Imbulana ceiling-capped",validated_2021_2025,
28,Todamaduwa Wewa,11/23/2021,2021,11,27.4267717,58.83226056,46.6185923,S2_MNDWI,11/21/2021,2,0.429257017,"Sri Lanka small-tank power law (Telivarai Kulam), Imbulana ceiling-capped",validated_2021_2025,
28,Todamaduwa Wewa,12/5/2021,2021,12,17.2126574,58.83226056,29.25717496,S1_SAR_fallback,,0,0.253569105,"Sri Lanka small-tank power law (Telivarai Kulam), Imbulana ceiling-capped",validated_2021_2025,
28,Todamaduwa Wewa,12/17/2021,2021,12,16.32200194,58.83226056,27.74328538,S1_SAR_fallback,,0,0.237325053,"Sri Lanka small-tank power law (Telivarai Kulam), Imbulana ceiling-capped",validated_2021_2025,
28,Todamaduwa Wewa,12/29/2021,2021,12,15.05106754,58.83226056,25.58301753,S1_SAR_fallback,,0,0.214522981,"Sri Lanka small-tank power law (Telivarai Kulam), Imbulana ceiling-capped",validated_2021_2025,
28,Todamaduwa Wewa,1/10/2022,2022,1,14.09036125,58.83226056,23.95005923,S1_SAR_fallback,,0,0.197596634,"Sri Lanka small-tank power law (Telivarai Kulam), Imbulana ceiling-capped",validated_2021_2025,
28,Todamaduwa Wewa,1/22/2022,2022,1,13.40986083,58.83226056,22.7933802,S1_SAR_fallback,,0,0.185776775,"Sri Lanka small-tank power law (Telivarai Kulam), Imbulana ceiling-capped",validated_2021_2025,
28,Todamaduwa Wewa,2/3/2022,2022,2,9.520073789,58.83226056,16.18172359,S2_MNDWI,2/4/2022,1,0.12122556,"Sri Lanka small-tank power law (Telivarai Kulam), Imbulana ceiling-capped",validated_2021_2025,
28,Todamaduwa Wewa,2/15/2022,2022,2,11.43841091,58.83226056,19.44241271,S1_SAR_fallback,,0,0.152383755,"Sri Lanka small-tank power law (Telivarai Kulam), Imbulana ceiling-capped",validated_2021_2025,
28,Todamaduwa Wewa,2/27/2022,2022,2,9.036644468,58.83226056,15.36001571,S1_SAR_fallback,,0,0.11360343,"Sri Lanka small-tank power law (Telivarai Kulam), Imbulana ceiling-capped",validated_2021_2025,
28,Todamaduwa Wewa,3/11/2022,2022,3,8.246063203,58.83226056,14.01622702,S1_SAR_fallback,,0,0.101355308,"Sri Lanka small-tank power law (Telivarai Kulam), Imbulana ceiling-capped",validated_2021_2025,
28,Todamaduwa Wewa,3/23/2022,2022,3,43.58432511,58.83226056,74.08235666,S2_MNDWI,3/21/2022,2,0.682139247,"Sri Lanka small-tank power law (Telivarai Kulam), Imbulana ceiling-capped",validated_2021_2025,
28,Todamaduwa Wewa,4/4/2022,2022,4,7.365415828,58.83226056,12.51934867,S1_SAR_fallback,,0,0.088049495,"Sri Lanka small-tank power law (Telivarai Kulam), Imbulana ceiling-capped",validated_2021_2025,
28,Todamaduwa Wewa,4/16/2022,2022,4,7.965857216,58.83226056,13.53994754,S1_SAR_fallback,,0,0.097081757,"Sri Lanka small-tank power law (Telivarai Kulam), Imbulana ceiling-capped",validated_2021_2025,
28,Todamaduwa Wewa,4/28/2022,2022,4,3.88285495,58.83226056,6.599873798,S1_SAR_fallback,,0,0.039651373,"Sri Lanka small-tank power law (Telivarai Kulam), Imbulana ceiling-capped",validated_2021_2025,
28,Todamaduwa Wewa,5/10/2022,2022,5,2.121560177,58.83226056,3.606117046,S1_SAR_fallback,,0,0.018670956,"Sri Lanka small-tank power law (Telivarai Kulam), Imbulana ceiling-capped",validated_2021_2025,
28,Todamaduwa Wewa,5/22/2022,2022,5,1.140839169,58.83226056,1.939138762,S1_SAR_fallback,,0,0.008618529,"Sri Lanka small-tank power law (Telivarai Kulam), Imbulana ceiling-capped",validated_2021_2025,
28,Todamaduwa Wewa,6/3/2022,2022,6,1.891390775,58.83226056,3.214887132,S1_SAR_fallback,,0,0.016181519,"Sri Lanka small-tank power law (Telivarai Kulam), Imbulana ceiling-capped",validated_2021_2025,
28,Todamaduwa Wewa,6/15/2022,2022,6,1.77130275,58.83226056,3.010767787,S1_SAR_fallback,,0,0.014911463,"Sri Lanka small-tank power law (Telivarai Kulam), Imbulana ceiling-capped",validated_2021_2025,
28,Todamaduwa Wewa,6/27/2022,2022,6,2.390209475,58.83226056,4.062753075,S2_MNDWI,6/29/2022,2,0.021661549,"Sri Lanka small-tank power law (Telivarai Kulam), Imbulana ceiling-capped",validated_2021_2025,
28,Todamaduwa Wewa,7/9/2022,2022,7,3.122295936,58.83226056,5.307115358,S1_SAR_fallback,,0,0.030219179,"Sri Lanka small-tank power law (Telivarai Kulam), Imbulana ceiling-capped",validated_2021_2025,
28,Todamaduwa Wewa,7/21/2022,2022,7,5.393966312,58.83226056,9.168381871,S1_SAR_fallback,,0,0.059723526,"Sri Lanka small-tank power law (Telivarai Kulam), Imbulana ceiling-capped",validated_2021_2025,
28,Todamaduwa Wewa,8/2/2022,2022,8,4.483296669,58.83226056,7.620473234,S1_SAR_fallback,,0,0.047432011,"Sri Lanka small-tank power law (Telivarai Kulam), Imbulana ceiling-capped",validated_2021_2025,
28,Todamaduwa Wewa,8/14/2022,2022,8,6.084474507,58.83226056,10.34207159,S1_SAR_fallback,,0,0.069395946,"Sri Lanka small-tank power law (Telivarai Kulam), Imbulana ceiling-capped",validated_2021_2025,
28,Todamaduwa Wewa,8/26/2022,2022,8,6.564827905,58.83226056,11.15855118,S1_SAR_fallback,,0,0.076287817,"Sri Lanka small-tank power law (Telivarai Kulam), Imbulana ceiling-capped",validated_2021_2025,
28,Todamaduwa Wewa,9/7/2022,2022,9,6.59484976,58.83226056,11.20958076,S1_SAR_fallback,,0,0.076722789,"Sri Lanka small-tank power law (Telivarai Kulam), Imbulana ceiling-capped",validated_2021_2025,
28,Todamaduwa Wewa,9/19/2022,2022,9,7.515527044,58.83226056,12.77449986,S1_SAR_fallback,,0,0.090291167,"Sri Lanka small-tank power law (Telivarai Kulam), Imbulana ceiling-capped",validated_2021_2025,
28,Todamaduwa Wewa,10/1/2022,2022,10,6.304636207,58.83226056,10.71629094,S1_SAR_fallback,,0,0.072538711,"Sri Lanka small-tank power law (Telivarai Kulam), Imbulana ceiling-capped",validated_2021_2025,
28,Todamaduwa Wewa,10/13/2022,2022,10,8.596321847,58.83226056,14.61157835,S1_SAR_fallback,,0,0.106747633,"Sri Lanka small-tank power law (Telivarai Kulam), Imbulana ceiling-capped",validated_2021_2025,
28,Todamaduwa Wewa,10/25/2022,2022,10,9.990901873,58.83226056,16.98201255,S2_MNDWI,10/27/2022,2,0.128741203,"Sri Lanka small-tank power law (Telivarai Kulam), Imbulana ceiling-capped",validated_2021_2025,
28,Todamaduwa Wewa,11/6/2022,2022,11,7.705666587,58.83226056,13.09768911,S1_SAR_fallback,,0,0.093146434,"Sri Lanka small-tank power law (Telivarai Kulam), Imbulana ceiling-capped",validated_2021_2025,
28,Todamaduwa Wewa,11/18/2022,2022,11,6.464753914,58.83226056,10.98845064,S1_SAR_fallback,,0,0.07484144,"Sri Lanka small-tank power law (Telivarai Kulam), Imbulana ceiling-capped",validated_2021_2025,
28,Todamaduwa Wewa,11/30/2022,2022,11,4.403237894,58.83226056,7.484393515,S1_SAR_fallback,,0,0.046378909,"Sri Lanka small-tank power law (Telivarai Kulam), Imbulana ceiling-capped",validated_2021_2025,
28,Todamaduwa Wewa,12/12/2022,2022,12,4.913613235,58.83226056,8.351902829,S1_SAR_fallback,,0,0.05317041,"Sri Lanka small-tank power law (Telivarai Kulam), Imbulana ceiling-capped",validated_2021_2025,
28,Todamaduwa Wewa,12/24/2022,2022,12,6.834242355,58.83226056,11.61648777,S1_SAR_fallback,,0,0.080208532,"Sri Lanka small-tank power law (Telivarai Kulam), Imbulana ceiling-capped",validated_2021_2025,
28,Todamaduwa Wewa,1/5/2023,2023,1,1.711258479,58.83226056,2.908707677,S1_SAR_fallback,,0,0.01428425,"Sri Lanka small-tank power law (Telivarai Kulam), Imbulana ceiling-capped",validated_2021_2025,
28,Todamaduwa Wewa,1/17/2023,2023,1,2.341721869,58.83226056,3.980336377,S1_SAR_fallback,,0,0.021115363,"Sri Lanka small-tank power law (Telivarai Kulam), Imbulana ceiling-capped",validated_2021_2025,
28,Todamaduwa Wewa,1/29/2023,2023,1,1.941427914,58.83226056,3.299937645,S1_SAR_fallback,,0,0.016716674,"Sri Lanka small-tank power law (Telivarai Kulam), Imbulana ceiling-capped",validated_2021_2025,
28,Todamaduwa Wewa,2/10/2023,2023,2,1.901398331,58.83226056,3.231897453,S1_SAR_fallback,,0,0.016288275,"Sri Lanka small-tank power law (Telivarai Kulam), Imbulana ceiling-capped",validated_2021_2025,
28,Todamaduwa Wewa,2/22/2023,2023,2,1.981457292,58.83226056,3.367977489,S1_SAR_fallback,,0,0.017147249,"Sri Lanka small-tank power law (Telivarai Kulam), Imbulana ceiling-capped",validated_2021_2025,
28,Todamaduwa Wewa,3/6/2023,2023,3,1.831346863,58.83226056,3.112827631,S1_SAR_fallback,,0,0.01554393,"Sri Lanka small-tank power law (Telivarai Kulam), Imbulana ceiling-capped",validated_2021_2025,
28,Todamaduwa Wewa,3/18/2023,2023,3,1.871376343,58.83226056,3.180867648,S1_SAR_fallback,,0,0.01596843,"Sri Lanka small-tank power law (Telivarai Kulam), Imbulana ceiling-capped",validated_2021_2025,
28,Todamaduwa Wewa,3/30/2023,2023,3,0.84061824,58.83226056,1.428838925,S1_SAR_fallback,,0,0.005890749,"Sri Lanka small-tank power law (Telivarai Kulam), Imbulana ceiling-capped",validated_2021_2025,
28,Todamaduwa Wewa,4/11/2023,2023,4,2.281678876,58.83226056,3.878278437,S1_SAR_fallback,,0,0.020442864,"Sri Lanka small-tank power law (Telivarai Kulam), Imbulana ceiling-capped",validated_2021_2025,
28,Todamaduwa Wewa,4/23/2023,2023,4,3.502576166,58.83226056,5.953495807,S1_SAR_fallback,,0,0.034872178,"Sri Lanka small-tank power law (Telivarai Kulam), Imbulana ceiling-capped",validated_2021_2025,
28,Todamaduwa Wewa,5/5/2023,2023,5,8.416189235,58.83226056,14.30539835,S1_SAR_fallback,,0,0.103967549,"Sri Lanka small-tank power law (Telivarai Kulam), Imbulana ceiling-capped",validated_2021_2025,
28,Todamaduwa Wewa,5/17/2023,2023,5,11.06813991,58.83226056,18.81304544,S1_SAR_fallback,,0,0.146261771,"Sri Lanka small-tank power law (Telivarai Kulam), Imbulana ceiling-capped",validated_2021_2025,
28,Todamaduwa Wewa,5/29/2023,2023,5,11.35835334,58.83226056,19.30633504,S1_SAR_fallback,,0,0.151055909,"Sri Lanka small-tank power law (Telivarai Kulam), Imbulana ceiling-capped",validated_2021_2025,
28,Todamaduwa Wewa,6/10/2023,2023,6,11.2482726,58.83226056,19.11922555,S1_SAR_fallback,,0,0.149233855,"Sri Lanka small-tank power law (Telivarai Kulam), Imbulana ceiling-capped",validated_2021_2025,
28,Todamaduwa Wewa,6/22/2023,2023,6,12.30905243,58.83226056,20.92228365,S1_SAR_fallback,,0,0.166969656,"Sri Lanka small-tank power law (Telivarai Kulam), Imbulana ceiling-capped",validated_2021_2025,
28,Todamaduwa Wewa,7/4/2023,2023,7,11.58852258,58.83226056,19.69756469,S1_SAR_fallback,,0,0.154879689,"Sri Lanka small-tank power law (Telivarai Kulam), Imbulana ceiling-capped",validated_2021_2025,
28,Todamaduwa Wewa,7/16/2023,2023,7,14.46063444,58.83226056,24.57943023,S1_SAR_fallback,,0,0.204087754,"Sri Lanka small-tank power law (Telivarai Kulam), Imbulana ceiling-capped",validated_2021_2025,
28,Todamaduwa Wewa,7/28/2023,2023,7,0.157337834,58.83226056,0.267434623,S2_MNDWI,7/29/2023,1,0.000729985,"Sri Lanka small-tank power law (Telivarai Kulam), Imbulana ceiling-capped",validated_2021_2025,
28,Todamaduwa Wewa,8/9/2023,2023,8,15.72156162,58.83226056,26.72268832,S1_SAR_fallback,,0,0.226495804,"Sri Lanka small-tank power law (Telivarai Kulam), Imbulana ceiling-capped",validated_2021_2025,
28,Todamaduwa Wewa,9/2/2023,2023,9,16.71970749,58.83226056,28.41928448,S1_SAR_fallback,,0,0.244552271,"Sri Lanka small-tank power law (Telivarai Kulam), Imbulana ceiling-capped",validated_2021_2025,
28,Todamaduwa Wewa,9/14/2023,2023,9,14.98101711,58.83226056,25.46394947,S1_SAR_fallback,,0,0.213279568,"Sri Lanka small-tank power law (Telivarai Kulam), Imbulana ceiling-capped",validated_2021_2025,
28,Todamaduwa Wewa,9/26/2023,2023,9,13.73009715,58.83226056,23.33770116,S1_SAR_fallback,,0,0.191321136,"Sri Lanka small-tank power law (Telivarai Kulam), Imbulana ceiling-capped",validated_2021_2025,
28,Todamaduwa Wewa,10/8/2023,2023,10,12.8094199,58.83226056,21.77278211,S1_SAR_fallback,,0,0.175469173,"Sri Lanka small-tank power law (Telivarai Kulam), Imbulana ceiling-capped",validated_2021_2025,
28,Todamaduwa Wewa,10/20/2023,2023,10,26.55019224,58.83226056,45.12862839,S1_SAR_fallback,,0,0.415537653,"Sri Lanka small-tank power law (Telivarai Kulam), Imbulana ceiling-capped",validated_2021_2025,
28,Todamaduwa Wewa,11/1/2023,2023,11,17.76306647,58.83226056,30.19273151,S1_SAR_fallback,,0,0.263712258,"Sri Lanka small-tank power law (Telivarai Kulam), Imbulana ceiling-capped",validated_2021_2025,
28,Todamaduwa Wewa,11/13/2023,2023,11,13.49993258,58.83226056,22.94647945,S1_SAR_fallback,,0,0.187332959,"Sri Lanka small-tank power law (Telivarai Kulam), Imbulana ceiling-capped",validated_2021_2025,
28,Todamaduwa Wewa,11/25/2023,2023,11,8.576310471,58.83226056,14.57756406,S1_SAR_fallback,,0,0.106438072,"Sri Lanka small-tank power law (Telivarai Kulam), Imbulana ceiling-capped",validated_2021_2025,
28,Todamaduwa Wewa,12/7/2023,2023,12,6.764975819,58.83226056,11.49875214,S1_SAR_fallback,,0,0.079196818,"Sri Lanka small-tank power law (Telivarai Kulam), Imbulana ceiling-capped",validated_2021_2025,
28,Todamaduwa Wewa,12/19/2023,2023,12,14.02031451,58.83226056,23.83099744,S1_SAR_fallback,,0,0.196373353,"Sri Lanka small-tank power law (Telivarai Kulam), Imbulana ceiling-capped",validated_2021_2025,
28,Todamaduwa Wewa,12/31/2023,2023,12,15.05107267,58.83226056,25.58302626,S1_SAR_fallback,,0,0.214523072,"Sri Lanka small-tank power law (Telivarai Kulam), Imbulana ceiling-capped",validated_2021_2025,
28,Todamaduwa Wewa,1/12/2024,2024,1,15.63126466,58.83226056,26.56920626,S1_SAR_fallback,,0,0.224875944,"Sri Lanka small-tank power law (Telivarai Kulam), Imbulana ceiling-capped",validated_2021_2025,
28,Todamaduwa Wewa,1/24/2024,2024,1,19.93334847,58.83226056,33.88166337,S2_MNDWI,1/25/2024,1,0.304447311,"Sri Lanka small-tank power law (Telivarai Kulam), Imbulana ceiling-capped",validated_2021_2025,
28,Todamaduwa Wewa,2/5/2024,2024,2,16.67226538,58.83226056,28.33864485,S1_SAR_fallback,,0,0.243687895,"Sri Lanka small-tank power law (Telivarai Kulam), Imbulana ceiling-capped",validated_2021_2025,
28,Todamaduwa Wewa,2/17/2024,2024,2,18.21339893,58.83226056,30.95818307,S1_SAR_fallback,,0,0.272068998,"Sri Lanka small-tank power law (Telivarai Kulam), Imbulana ceiling-capped",validated_2021_2025,
28,Todamaduwa Wewa,2/29/2024,2024,2,19.2341493,58.83226056,32.69320118,S1_SAR_fallback,,0,0.291198265,"Sri Lanka small-tank power law (Telivarai Kulam), Imbulana ceiling-capped",validated_2021_2025,
28,Todamaduwa Wewa,3/12/2024,2024,3,20.42762096,58.83226056,34.72180188,S2_MNDWI,3/10/2024,2,0.31388271,"Sri Lanka small-tank power law (Telivarai Kulam), Imbulana ceiling-capped",validated_2021_2025,
28,Todamaduwa Wewa,3/24/2024,2024,3,17.52289012,58.83226056,29.7844923,S1_SAR_fallback,,0,0.259276538,"Sri Lanka small-tank power law (Telivarai Kulam), Imbulana ceiling-capped",validated_2021_2025,
28,Todamaduwa Wewa,4/5/2024,2024,4,15.11111507,58.83226056,25.68508319,S1_SAR_fallback,,0,0.215589974,"Sri Lanka small-tank power law (Telivarai Kulam), Imbulana ceiling-capped",validated_2021_2025,
28,Todamaduwa Wewa,4/17/2024,2024,4,15.70154925,58.83226056,26.68867233,S1_SAR_fallback,,0,0.226136599,"Sri Lanka small-tank power law (Telivarai Kulam), Imbulana ceiling-capped",validated_2021_2025,
28,Todamaduwa Wewa,4/29/2024,2024,4,11.9487888,58.83226056,20.30992637,S1_SAR_fallback,,0,0.160902266,"Sri Lanka small-tank power law (Telivarai Kulam), Imbulana ceiling-capped",validated_2021_2025,
28,Todamaduwa Wewa,5/11/2024,2024,5,8.25607268,58.83226056,14.03324061,S1_SAR_fallback,,0,0.101508637,"Sri Lanka small-tank power law (Telivarai Kulam), Imbulana ceiling-capped",validated_2021_2025,
28,Todamaduwa Wewa,5/23/2024,2024,5,20.50990618,58.83226056,34.861666,S1_SAR_fallback,,0,0.315458991,"Sri Lanka small-tank power law (Telivarai Kulam), Imbulana ceiling-capped",validated_2021_2025,
28,Todamaduwa Wewa,6/4/2024,2024,6,27.82489309,58.83226056,47.29529824,S1_SAR_fallback,,0,0.435488024,"Sri Lanka small-tank power law (Telivarai Kulam), Imbulana ceiling-capped",validated_2021_2025,
28,Todamaduwa Wewa,6/16/2024,2024,6,29.8371569,58.83226056,50.71563903,S1_SAR_fallback,,0,0.46698201,"Sri Lanka small-tank power law (Telivarai Kulam), Imbulana ceiling-capped",validated_2021_2025,
28,Todamaduwa Wewa,7/10/2024,2024,7,25.13848572,58.83226056,42.72908346,S1_SAR_fallback,,0,0.393443002,"Sri Lanka small-tank power law (Telivarai Kulam), Imbulana ceiling-capped",validated_2021_2025,
28,Todamaduwa Wewa,7/22/2024,2024,7,23.006918,58.83226056,39.10595613,S1_SAR_fallback,,0,0.360081788,"Sri Lanka small-tank power law (Telivarai Kulam), Imbulana ceiling-capped",validated_2021_2025,
28,Todamaduwa Wewa,8/3/2024,2024,8,17.63296629,58.83226056,29.97159402,S1_SAR_fallback,,0,0.261307646,"Sri Lanka small-tank power law (Telivarai Kulam), Imbulana ceiling-capped",validated_2021_2025,
28,Todamaduwa Wewa,8/15/2024,2024,8,30.00206349,58.83226056,50.99593863,S1_SAR_fallback,,0,0.469562967,"Sri Lanka small-tank power law (Telivarai Kulam), Imbulana ceiling-capped",validated_2021_2025,
28,Todamaduwa Wewa,8/27/2024,2024,8,27.77042228,58.83226056,47.2027116,S1_SAR_fallback,,0,0.4346355,"Sri Lanka small-tank power law (Telivarai Kulam), Imbulana ceiling-capped",validated_2021_2025,
28,Todamaduwa Wewa,9/20/2024,2024,9,25.32862639,58.83226056,43.05227463,S1_SAR_fallback,,0,0.396418898,"Sri Lanka small-tank power law (Telivarai Kulam), Imbulana ceiling-capped",validated_2021_2025,
28,Todamaduwa Wewa,10/2/2024,2024,10,24.34790539,58.83226056,41.38529637,S2_MNDWI,10/1/2024,1,0.381069612,"Sri Lanka small-tank power law (Telivarai Kulam), Imbulana ceiling-capped",validated_2021_2025,
28,Todamaduwa Wewa,10/14/2024,2024,10,23.3671844,58.83226056,39.71831811,S1_SAR_fallback,,0,0.365720326,"Sri Lanka small-tank power law (Telivarai Kulam), Imbulana ceiling-capped",validated_2021_2025,
28,Todamaduwa Wewa,10/26/2024,2024,10,22.17630902,58.83226056,37.69413041,S1_SAR_fallback,,0,0.347081909,"Sri Lanka small-tank power law (Telivarai Kulam), Imbulana ceiling-capped",validated_2021_2025,
28,Todamaduwa Wewa,11/7/2024,2024,11,23.39720997,58.83226056,39.76935401,S1_SAR_fallback,,0,0.366190257,"Sri Lanka small-tank power law (Telivarai Kulam), Imbulana ceiling-capped",validated_2021_2025,
28,Todamaduwa Wewa,11/19/2024,2024,11,26.97984521,58.83226056,45.85893003,S1_SAR_fallback,,0,0.422262161,"Sri Lanka small-tank power law (Telivarai Kulam), Imbulana ceiling-capped",validated_2021_2025,
28,Todamaduwa Wewa,12/13/2024,2024,12,24.35791487,58.83226056,41.40230995,S1_SAR_fallback,,0,0.381226271,"Sri Lanka small-tank power law (Telivarai Kulam), Imbulana ceiling-capped",validated_2021_2025,
28,Todamaduwa Wewa,12/25/2024,2024,12,18.89389567,58.83226056,32.11485585,S1_SAR_fallback,,0,0.284793324,"Sri Lanka small-tank power law (Telivarai Kulam), Imbulana ceiling-capped",validated_2021_2025,
28,Todamaduwa Wewa,1/6/2025,2025,1,20.05474994,58.83226056,34.08801523,S1_SAR_fallback,,0,0.306759523,"Sri Lanka small-tank power law (Telivarai Kulam), Imbulana ceiling-capped",validated_2021_2025,
28,Todamaduwa Wewa,1/18/2025,2025,1,21.47587472,58.83226056,36.50356882,S1_SAR_fallback,,0,0.334078567,"Sri Lanka small-tank power law (Telivarai Kulam), Imbulana ceiling-capped",validated_2021_2025,
28,Todamaduwa Wewa,1/30/2025,2025,1,19.47907177,58.83226056,33.10950757,S1_SAR_fallback,,0,0.295826008,"Sri Lanka small-tank power law (Telivarai Kulam), Imbulana ceiling-capped",validated_2021_2025,
28,Todamaduwa Wewa,2/11/2025,2025,2,20.41403483,58.83226056,34.69870889,S1_SAR_fallback,,0,0.313622601,"Sri Lanka small-tank power law (Telivarai Kulam), Imbulana ceiling-capped",validated_2021_2025,
28,Todamaduwa Wewa,2/23/2025,2025,2,19.17437755,58.83226056,32.59160428,S1_SAR_fallback,,0,0.290071086,"Sri Lanka small-tank power law (Telivarai Kulam), Imbulana ceiling-capped",validated_2021_2025,
28,Todamaduwa Wewa,3/7/2025,2025,3,26.92608951,58.83226056,45.76755891,S2_MNDWI,3/5/2025,2,0.421420829,"Sri Lanka small-tank power law (Telivarai Kulam), Imbulana ceiling-capped",validated_2021_2025,
28,Todamaduwa Wewa,3/19/2025,2025,3,15.74789577,58.83226056,26.76744972,S1_SAR_fallback,,0,0.22696865,"Sri Lanka small-tank power law (Telivarai Kulam), Imbulana ceiling-capped",validated_2021_2025,
28,Todamaduwa Wewa,3/31/2025,2025,3,13.29978155,58.83226056,22.6062732,S1_SAR_fallback,,0,0.183878409,"Sri Lanka small-tank power law (Telivarai Kulam), Imbulana ceiling-capped",validated_2021_2025,
28,Todamaduwa Wewa,4/12/2025,2025,4,19.37424502,58.83226056,32.93132854,S1_SAR_fallback,,0,0.293843572,"Sri Lanka small-tank power law (Telivarai Kulam), Imbulana ceiling-capped",validated_2021_2025,
28,Todamaduwa Wewa,4/24/2025,2025,4,20.36497362,58.83226056,34.61531721,S1_SAR_fallback,,0,0.312683666,"Sri Lanka small-tank power law (Telivarai Kulam), Imbulana ceiling-capped",validated_2021_2025,
28,Todamaduwa Wewa,5/6/2025,2025,5,18.593672,58.83226056,31.60455135,S1_SAR_fallback,,0,0.279165416,"Sri Lanka small-tank power law (Telivarai Kulam), Imbulana ceiling-capped",validated_2021_2025,
28,Todamaduwa Wewa,5/18/2025,2025,5,21.51581903,58.83226056,36.57146406,S1_SAR_fallback,,0,0.334853027,"Sri Lanka small-tank power law (Telivarai Kulam), Imbulana ceiling-capped",validated_2021_2025,
28,Todamaduwa Wewa,5/30/2025,2025,5,24.24782936,58.83226056,41.21519236,S1_SAR_fallback,,0,0.37950332,"Sri Lanka small-tank power law (Telivarai Kulam), Imbulana ceiling-capped",validated_2021_2025,
28,Todamaduwa Wewa,6/11/2025,2025,6,24.2478288,58.83226056,41.21519141,S1_SAR_fallback,,0,0.379503311,"Sri Lanka small-tank power law (Telivarai Kulam), Imbulana ceiling-capped",validated_2021_2025,
28,Todamaduwa Wewa,6/23/2025,2025,6,24.58807921,58.83226056,41.79353126,S1_SAR_fallback,,0,0.384828578,"Sri Lanka small-tank power law (Telivarai Kulam), Imbulana ceiling-capped",validated_2021_2025,
28,Todamaduwa Wewa,7/5/2025,2025,7,23.19705687,58.83226056,39.42914423,S1_SAR_fallback,,0,0.363057656,"Sri Lanka small-tank power law (Telivarai Kulam), Imbulana ceiling-capped",validated_2021_2025,
28,Todamaduwa Wewa,7/17/2025,2025,7,21.47579128,58.83226056,36.50342698,S1_SAR_fallback,,0,0.334076949,"Sri Lanka small-tank power law (Telivarai Kulam), Imbulana ceiling-capped",validated_2021_2025,
28,Todamaduwa Wewa,7/29/2025,2025,7,14.03250956,58.83226056,23.85172596,S2_MNDWI,7/28/2025,1,0.196586217,"Sri Lanka small-tank power law (Telivarai Kulam), Imbulana ceiling-capped",validated_2021_2025,
28,Todamaduwa Wewa,8/10/2025,2025,8,19.09404036,58.83226056,32.45505132,S1_SAR_fallback,,0,0.288557446,"Sri Lanka small-tank power law (Telivarai Kulam), Imbulana ceiling-capped",validated_2021_2025,
28,Todamaduwa Wewa,8/22/2025,2025,8,13.54082865,58.83226056,23.01599245,S2_MNDWI,8/22/2025,0,0.188040372,"Sri Lanka small-tank power law (Telivarai Kulam), Imbulana ceiling-capped",validated_2021_2025,
28,Todamaduwa Wewa,9/3/2025,2025,9,15.1211188,58.83226056,25.70208702,S1_SAR_fallback,,0,0.215767833,"Sri Lanka small-tank power law (Telivarai Kulam), Imbulana ceiling-capped",validated_2021_2025,
28,Todamaduwa Wewa,9/15/2025,2025,9,12.77939681,58.83226056,21.72175042,S1_SAR_fallback,,0,0.174956844,"Sri Lanka small-tank power law (Telivarai Kulam), Imbulana ceiling-capped",validated_2021_2025,
28,Todamaduwa Wewa,9/27/2025,2025,9,11.57851374,58.83226056,19.68055218,S1_SAR_fallback,,0,0.154713021,"Sri Lanka small-tank power law (Telivarai Kulam), Imbulana ceiling-capped",validated_2021_2025,
28,Todamaduwa Wewa,10/9/2025,2025,10,9.847240475,58.83226056,16.73782442,S1_SAR_fallback,,0,0.126438552,"Sri Lanka small-tank power law (Telivarai Kulam), Imbulana ceiling-capped",validated_2021_2025,
28,Todamaduwa Wewa,10/21/2025,2025,10,24.18778526,58.83226056,41.11313253,S1_SAR_fallback,,0,0.378563568,"Sri Lanka small-tank power law (Telivarai Kulam), Imbulana ceiling-capped",validated_2021_2025,
28,Todamaduwa Wewa,11/2/2025,2025,11,32.6341308,58.83226056,55.46978899,S2_MNDWI,10/31/2025,2,0.510757511,"Sri Lanka small-tank power law (Telivarai Kulam), Imbulana ceiling-capped",validated_2021_2025,
28,Todamaduwa Wewa,11/14/2025,2025,11,21.66593319,58.83226056,36.82662026,S1_SAR_fallback,,0,0.337766675,"Sri Lanka small-tank power law (Telivarai Kulam), Imbulana ceiling-capped",validated_2021_2025,
28,Todamaduwa Wewa,11/26/2025,2025,11,28.36360671,58.83226056,48.21097547,S1_SAR_fallback,,0,0.443919443,"Sri Lanka small-tank power law (Telivarai Kulam), Imbulana ceiling-capped",validated_2021_2025,
28,Todamaduwa Wewa,12/2/2025,2025,12,32.33735315,58.83226056,54.96534187,S1_SAR_fallback,,0,0.506112638,"Sri Lanka small-tank power law (Telivarai Kulam), Imbulana ceiling-capped",validated_2021_2025,
28,Todamaduwa Wewa,12/8/2025,2025,12,32.24657986,58.83226056,54.81105018,S1_SAR_fallback,,0,0.504691943,"Sri Lanka small-tank power law (Telivarai Kulam), Imbulana ceiling-capped",validated_2021_2025,
28,Todamaduwa Wewa,12/20/2025,2025,12,27.41726254,58.83226056,46.60242913,S1_SAR_fallback,,0,0.429108189,"Sri Lanka small-tank power law (Telivarai Kulam), Imbulana ceiling-capped",validated_2021_2025,
6,Ulankulama Wewa,1/3/2021,2021,1,0.310229668,39.37143467,0.787956218,S1_SAR,,0,0.001701068,"Sri Lanka small-tank power law (Telivarai Kulam), Imbulana ceiling-capped",validated_2021_2025,
6,Ulankulama Wewa,1/15/2021,2021,1,0.200148166,39.37143467,0.508358833,S1_SAR,,0,0.000985264,"Sri Lanka small-tank power law (Telivarai Kulam), Imbulana ceiling-capped",validated_2021_2025,
6,Ulankulama Wewa,1/27/2021,2021,1,0.010007408,39.37143467,0.025417941,S1_SAR,,0,2.36e-05,"Sri Lanka small-tank power law (Telivarai Kulam), Imbulana ceiling-capped",validated_2021_2025,
6,Ulankulama Wewa,2/8/2021,2021,2,0.370274176,39.37143467,0.940464017,S1_SAR,,0,0.002120659,"Sri Lanka small-tank power law (Telivarai Kulam), Imbulana ceiling-capped",validated_2021_2025,
6,Ulankulama Wewa,2/20/2021,2021,2,0.330244526,39.37143467,0.838792207,S1_SAR,,0,0.00183889,"Sri Lanka small-tank power law (Telivarai Kulam), Imbulana ceiling-capped",validated_2021_2025,
6,Ulankulama Wewa,3/4/2021,2021,3,0.420311224,39.37143467,1.067553741,S1_SAR,,0,0.002483503,"Sri Lanka small-tank power law (Telivarai Kulam), Imbulana ceiling-capped",validated_2021_2025,
6,Ulankulama Wewa,3/16/2021,2021,3,0.540400145,39.37143467,1.372569096,S1_SAR,,0,0.003396784,"Sri Lanka small-tank power law (Telivarai Kulam), Imbulana ceiling-capped",validated_2021_2025,
6,Ulankulama Wewa,3/28/2021,2021,3,0.580429781,39.37143467,1.474240871,S1_SAR,,0,0.003713121,"Sri Lanka small-tank power law (Telivarai Kulam), Imbulana ceiling-capped",validated_2021_2025,
6,Ulankulama Wewa,4/9/2021,2021,4,0.070051862,39.37143467,0.177925602,S1_SAR,,0,0.000266332,"Sri Lanka small-tank power law (Telivarai Kulam), Imbulana ceiling-capped",validated_2021_2025,
6,Ulankulama Wewa,4/21/2021,2021,4,0.810599999,39.37143467,2.05885309,S1_SAR,,0,0.005629789,"Sri Lanka small-tank power law (Telivarai Kulam), Imbulana ceiling-capped",validated_2021_2025,
6,Ulankulama Wewa,5/3/2021,2021,5,0.960711178,39.37143467,2.440122352,S1_SAR,,0,0.006957224,"Sri Lanka small-tank power law (Telivarai Kulam), Imbulana ceiling-capped",validated_2021_2025,
6,Ulankulama Wewa,5/15/2021,2021,5,0.640473981,39.37143467,1.626747885,S1_SAR,,0,0.0041977,"Sri Lanka small-tank power law (Telivarai Kulam), Imbulana ceiling-capped",validated_2021_2025,
6,Ulankulama Wewa,5/27/2021,2021,5,3.602665814,39.37143467,9.15045602,S1_SAR,,0,0.036118245,"Sri Lanka small-tank power law (Telivarai Kulam), Imbulana ceiling-capped",validated_2021_2025,
6,Ulankulama Wewa,6/8/2021,2021,6,4.733502589,39.37143467,12.02268251,S1_SAR,,0,0.050752869,"Sri Lanka small-tank power law (Telivarai Kulam), Imbulana ceiling-capped",validated_2021_2025,
6,Ulankulama Wewa,6/14/2021,2021,6,4.393250783,39.37143467,11.15847268,S1_SAR,,0,0.046247866,"Sri Lanka small-tank power law (Telivarai Kulam), Imbulana ceiling-capped",validated_2021_2025,
6,Ulankulama Wewa,6/20/2021,2021,6,4.673458178,39.37143467,11.87017495,S1_SAR,,0,0.049951897,"Sri Lanka small-tank power law (Telivarai Kulam), Imbulana ceiling-capped",validated_2021_2025,
6,Ulankulama Wewa,7/2/2021,2021,7,4.913635917,39.37143467,12.4802054,S1_SAR,,0,0.053170716,"Sri Lanka small-tank power law (Telivarai Kulam), Imbulana ceiling-capped",validated_2021_2025,
6,Ulankulama Wewa,7/14/2021,2021,7,5.103776624,39.37143467,12.96314616,S1_SAR,,0,0.055746652,"Sri Lanka small-tank power law (Telivarai Kulam), Imbulana ceiling-capped",validated_2021_2025,
6,Ulankulama Wewa,7/26/2021,2021,7,7.455516494,39.37143467,18.93635971,S1_SAR,,0,0.08939367,"Sri Lanka small-tank power law (Telivarai Kulam), Imbulana ceiling-capped",validated_2021_2025,
6,Ulankulama Wewa,8/7/2021,2021,8,10.51778244,39.37143467,26.71424733,S1_SAR,,0,0.137255422,"Sri Lanka small-tank power law (Telivarai Kulam), Imbulana ceiling-capped",validated_2021_2025,
6,Ulankulama Wewa,8/19/2021,2021,8,10.10747922,39.37143467,25.67211305,S1_SAR,,0,0.130615746,"Sri Lanka small-tank power law (Telivarai Kulam), Imbulana ceiling-capped",validated_2021_2025,
6,Ulankulama Wewa,8/31/2021,2021,8,11.04817538,39.37143467,28.06139902,S1_SAR,,0,0.145933096,"Sri Lanka small-tank power law (Telivarai Kulam), Imbulana ceiling-capped",validated_2021_2025,
6,Ulankulama Wewa,9/12/2021,2021,9,8.966635042,39.37143467,22.77446864,S1_SAR,,0,0.112507777,"Sri Lanka small-tank power law (Telivarai Kulam), Imbulana ceiling-capped",validated_2021_2025,
6,Ulankulama Wewa,9/24/2021,2021,9,8.771314147,39.37143467,22.27837065,S1_SAR,,0,0.109462149,"Sri Lanka small-tank power law (Telivarai Kulam), Imbulana ceiling-capped",validated_2021_2025,
6,Ulankulama Wewa,10/6/2021,2021,10,11.04817531,39.37143467,28.06139884,S1_SAR,,0,0.145933095,"Sri Lanka small-tank power law (Telivarai Kulam), Imbulana ceiling-capped",validated_2021_2025,
6,Ulankulama Wewa,10/18/2021,2021,10,10.9280866,39.37143467,27.756384,S1_SAR,,0,0.143959174,"Sri Lanka small-tank power law (Telivarai Kulam), Imbulana ceiling-capped",validated_2021_2025,
6,Ulankulama Wewa,10/30/2021,2021,10,11.13824216,39.37143467,28.29016075,S1_SAR,,0,0.147417013,"Sri Lanka small-tank power law (Telivarai Kulam), Imbulana ceiling-capped",validated_2021_2025,
6,Ulankulama Wewa,11/17/2021,2021,11,14.78093751,39.37143467,37.5422883,S1_SAR,,0,0.209735996,"Sri Lanka small-tank power law (Telivarai Kulam), Imbulana ceiling-capped",validated_2021_2025,
6,Ulankulama Wewa,11/23/2021,2021,11,14.39064858,39.37143467,36.55098854,S1_SAR,,0,0.202857689,"Sri Lanka small-tank power law (Telivarai Kulam), Imbulana ceiling-capped",validated_2021_2025,
6,Ulankulama Wewa,12/5/2021,2021,12,12.4191901,39.37143467,31.54365646,S1_SAR,,0,0.168833342,"Sri Lanka small-tank power law (Telivarai Kulam), Imbulana ceiling-capped",validated_2021_2025,
6,Ulankulama Wewa,12/17/2021,2021,12,10.36767208,39.37143467,26.33298017,S1_SAR,,0,0.13481875,"Sri Lanka small-tank power law (Telivarai Kulam), Imbulana ceiling-capped",validated_2021_2025,
6,Ulankulama Wewa,12/29/2021,2021,12,10.56782039,39.37143467,26.84133935,S1_SAR,,0,0.138069575,"Sri Lanka small-tank power law (Telivarai Kulam), Imbulana ceiling-capped",validated_2021_2025,
6,Ulankulama Wewa,1/10/2022,2022,1,10.187539,39.37143467,25.87545788,S1_SAR,,0,0.131906182,"Sri Lanka small-tank power law (Telivarai Kulam), Imbulana ceiling-capped",validated_2021_2025,
6,Ulankulama Wewa,1/22/2022,2022,1,10.12749451,39.37143467,25.72295015,S1_SAR,,0,0.130938126,"Sri Lanka small-tank power law (Telivarai Kulam), Imbulana ceiling-capped",validated_2021_2025,
6,Ulankulama Wewa,2/3/2022,2022,2,9.60710955,39.37143467,24.40121786,S1_SAR,,0,0.122608126,"Sri Lanka small-tank power law (Telivarai Kulam), Imbulana ceiling-capped",validated_2021_2025,
6,Ulankulama Wewa,2/15/2022,2022,2,10.21756118,39.37143467,25.9517116,S1_SAR,,0,0.132390736,"Sri Lanka small-tank power law (Telivarai Kulam), Imbulana ceiling-capped",validated_2021_2025,
6,Ulankulama Wewa,2/27/2022,2022,2,9.316894579,39.37143467,23.66409722,S1_SAR,,0,0.118010181,"Sri Lanka small-tank power law (Telivarai Kulam), Imbulana ceiling-capped",validated_2021_2025,
6,Ulankulama Wewa,3/11/2022,2022,3,9.817264907,39.37143467,24.93499408,S1_SAR,,0,0.125959131,"Sri Lanka small-tank power law (Telivarai Kulam), Imbulana ceiling-capped",validated_2021_2025,
6,Ulankulama Wewa,3/23/2022,2022,3,9.777235219,39.37143467,24.83332218,S1_SAR,,0,0.125319469,"Sri Lanka small-tank power law (Telivarai Kulam), Imbulana ceiling-capped",validated_2021_2025,
6,Ulankulama Wewa,4/4/2022,2022,4,10.33764992,39.37143467,26.25672649,S1_SAR,,0,0.134332451,"Sri Lanka small-tank power law (Telivarai Kulam), Imbulana ceiling-capped",validated_2021_2025,
6,Ulankulama Wewa,4/16/2022,2022,4,10.33765001,39.37143467,26.25672672,S1_SAR,,0,0.134332453,"Sri Lanka small-tank power law (Telivarai Kulam), Imbulana ceiling-capped",validated_2021_2025,
6,Ulankulama Wewa,4/28/2022,2022,4,9.857294479,39.37143467,25.0366657,S1_SAR,,0,0.126599433,"Sri Lanka small-tank power law (Telivarai Kulam), Imbulana ceiling-capped",validated_2021_2025,
6,Ulankulama Wewa,5/10/2022,2022,5,8.196065372,39.37143467,20.81728908,S1_SAR,,0,0.100590111,"Sri Lanka small-tank power law (Telivarai Kulam), Imbulana ceiling-capped",validated_2021_2025,
6,Ulankulama Wewa,5/22/2022,2022,5,4.393251357,39.37143467,11.15847414,S1_SAR,,0,0.046247874,"Sri Lanka small-tank power law (Telivarai Kulam), Imbulana ceiling-capped",validated_2021_2025,
6,Ulankulama Wewa,6/3/2022,2022,6,6.494806655,39.37143467,16.49624076,S1_SAR,,0,0.07527522,"Sri Lanka small-tank power law (Telivarai Kulam), Imbulana ceiling-capped",validated_2021_2025,
6,Ulankulama Wewa,6/15/2022,2022,6,6.30466608,39.37143467,16.01330033,S1_SAR,,0,0.07253914,"Sri Lanka small-tank power law (Telivarai Kulam), Imbulana ceiling-capped",validated_2021_2025,
6,Ulankulama Wewa,6/27/2022,2022,6,4.943659047,39.37143467,12.55646153,S1_SAR,,0,0.05357585,"Sri Lanka small-tank power law (Telivarai Kulam), Imbulana ceiling-capped",validated_2021_2025,
6,Ulankulama Wewa,7/9/2022,2022,7,4.743510793,39.37143467,12.04810247,S1_SAR,,0,0.050886619,"Sri Lanka small-tank power law (Telivarai Kulam), Imbulana ceiling-capped",validated_2021_2025,
6,Ulankulama Wewa,7/21/2022,2022,7,4.723496095,39.37143467,11.99726689,S1_SAR,,0,0.050619211,"Sri Lanka small-tank power law (Telivarai Kulam), Imbulana ceiling-capped",validated_2021_2025,
6,Ulankulama Wewa,8/2/2022,2022,8,3.372495973,39.37143467,8.565844758,S1_SAR,,0,0.033265822,"Sri Lanka small-tank power law (Telivarai Kulam), Imbulana ceiling-capped",validated_2021_2025,
6,Ulankulama Wewa,8/14/2022,2022,8,3.50259265,39.37143467,8.896278936,S1_SAR,,0,0.034872383,"Sri Lanka small-tank power law (Telivarai Kulam), Imbulana ceiling-capped",validated_2021_2025,
6,Ulankulama Wewa,8/26/2022,2022,8,3.292437193,39.37143467,8.362502458,S1_SAR,,0,0.032284696,"Sri Lanka small-tank power law (Telivarai Kulam), Imbulana ceiling-capped",validated_2021_2025,
6,Ulankulama Wewa,9/7/2022,2022,9,2.521866731,39.37143467,6.405320894,S1_SAR,,0,0.023158265,"Sri Lanka small-tank power law (Telivarai Kulam), Imbulana ceiling-capped",validated_2021_2025,
6,Ulankulama Wewa,9/19/2022,2022,9,2.852032791,39.37143467,7.243913802,S1_SAR,,0,0.026995242,"Sri Lanka small-tank power law (Telivarai Kulam), Imbulana ceiling-capped",validated_2021_2025,
6,Ulankulama Wewa,10/1/2022,2022,10,1.851370435,39.37143467,4.702318954,S1_SAR,,0,0.015755991,"Sri Lanka small-tank power law (Telivarai Kulam), Imbulana ceiling-capped",validated_2021_2025,
6,Ulankulama Wewa,10/13/2022,2022,10,2.681985442,39.37143467,6.812008413,S1_SAR,,0,0.025004557,"Sri Lanka small-tank power law (Telivarai Kulam), Imbulana ceiling-capped",validated_2021_2025,
6,Ulankulama Wewa,10/25/2022,2022,10,2.792066913,39.37143467,7.091605719,S1_SAR,,0,0.026289813,"Sri Lanka small-tank power law (Telivarai Kulam), Imbulana ceiling-capped",validated_2021_2025,
6,Ulankulama Wewa,11/6/2022,2022,11,2.862118665,39.37143467,7.26953104,S1_SAR,,0,0.027114251,"Sri Lanka small-tank power law (Telivarai Kulam), Imbulana ceiling-capped",validated_2021_2025,
6,Ulankulama Wewa,11/18/2022,2022,11,7.955887579,39.37143467,20.2072585,S1_SAR,,0,0.096930378,"Sri Lanka small-tank power law (Telivarai Kulam), Imbulana ceiling-capped",validated_2021_2025,
6,Ulankulama Wewa,11/30/2022,2022,11,4.633429301,39.37143467,11.76850511,S1_SAR,,0,0.049419329,"Sri Lanka small-tank power law (Telivarai Kulam), Imbulana ceiling-capped",validated_2021_2025,
6,Ulankulama Wewa,12/12/2022,2022,12,5.514080849,39.37143467,14.005283,S1_SAR,,0,0.06138526,"Sri Lanka small-tank power law (Telivarai Kulam), Imbulana ceiling-capped",validated_2021_2025,
6,Ulankulama Wewa,12/24/2022,2022,12,5.814302782,39.37143467,14.76782045,S1_SAR,,0,0.065577456,"Sri Lanka small-tank power law (Telivarai Kulam), Imbulana ceiling-capped",validated_2021_2025,
6,Ulankulama Wewa,1/5/2023,2023,1,5.734243578,39.37143467,14.56447708,S1_SAR,,0,0.064454207,"Sri Lanka small-tank power law (Telivarai Kulam), Imbulana ceiling-capped",validated_2021_2025,
6,Ulankulama Wewa,1/17/2023,2023,1,5.624162234,39.37143467,14.28488009,S1_SAR,,0,0.062916038,"Sri Lanka small-tank power law (Telivarai Kulam), Imbulana ceiling-capped",validated_2021_2025,
6,Ulankulama Wewa,1/29/2023,2023,1,6.134539846,39.37143467,15.58119458,S1_SAR,,0,0.070108198,"Sri Lanka small-tank power law (Telivarai Kulam), Imbulana ceiling-capped",validated_2021_2025,
6,Ulankulama Wewa,2/10/2023,2023,2,7.055220944,39.37143467,17.91964403,S1_SAR,,0,0.083452959,"Sri Lanka small-tank power law (Telivarai Kulam), Imbulana ceiling-capped",validated_2021_2025,
6,Ulankulama Wewa,2/22/2023,2023,2,8.736465003,39.37143467,22.18985687,S1_SAR,,0,0.10892049,"Sri Lanka small-tank power law (Telivarai Kulam), Imbulana ceiling-capped",validated_2021_2025,
6,Ulankulama Wewa,3/6/2023,2023,3,8.546324333,39.37143467,21.7069162,S1_SAR,,0,0.105974543,"Sri Lanka small-tank power law (Telivarai Kulam), Imbulana ceiling-capped",validated_2021_2025,
6,Ulankulama Wewa,3/18/2023,2023,3,8.806516813,39.37143467,22.36778234,S1_SAR,,0,0.110009841,"Sri Lanka small-tank power law (Telivarai Kulam), Imbulana ceiling-capped",validated_2021_2025,
6,Ulankulama Wewa,3/30/2023,2023,3,9.106738981,39.37143467,23.13032039,S1_SAR,,0,0.114702509,"Sri Lanka small-tank power law (Telivarai Kulam), Imbulana ceiling-capped",validated_2021_2025,
6,Ulankulama Wewa,4/11/2023,2023,4,8.69643539,39.37143467,22.08818516,S1_SAR,,0,0.108298968,"Sri Lanka small-tank power law (Telivarai Kulam), Imbulana ceiling-capped",validated_2021_2025,
6,Ulankulama Wewa,4/23/2023,2023,4,9.116746365,39.37143467,23.15573827,S1_SAR,,0,0.114859595,"Sri Lanka small-tank power law (Telivarai Kulam), Imbulana ceiling-capped",validated_2021_2025,
6,Ulankulama Wewa,5/5/2023,2023,5,8.946620337,39.37143467,22.72363304,S1_SAR,,0,0.112194932,"Sri Lanka small-tank power law (Telivarai Kulam), Imbulana ceiling-capped",validated_2021_2025,
6,Ulankulama Wewa,5/17/2023,2023,5,9.517042557,39.37143467,24.17245558,S1_SAR,,0,0.121177464,"Sri Lanka small-tank power law (Telivarai Kulam), Imbulana ceiling-capped",validated_2021_2025,
6,Ulankulama Wewa,5/29/2023,2023,5,8.966635184,39.37143467,22.774469,S1_SAR,,0,0.11250778,"Sri Lanka small-tank power law (Telivarai Kulam), Imbulana ceiling-capped",validated_2021_2025,
6,Ulankulama Wewa,6/10/2023,2023,6,8.53631692,39.37143467,21.68149825,S1_SAR,,0,0.105819936,"Sri Lanka small-tank power law (Telivarai Kulam), Imbulana ceiling-capped",validated_2021_2025,
6,Ulankulama Wewa,6/22/2023,2023,6,8.906590823,39.37143467,22.62196157,S1_SAR,,0,0.111569756,"Sri Lanka small-tank power law (Telivarai Kulam), Imbulana ceiling-capped",validated_2021_2025,
6,Ulankulama Wewa,7/4/2023,2023,7,6.374717295,39.37143467,16.19122429,S1_SAR,,0,0.073544831,"Sri Lanka small-tank power law (Telivarai Kulam), Imbulana ceiling-capped",validated_2021_2025,
6,Ulankulama Wewa,7/16/2023,2023,7,7.265376402,39.37143467,18.45342051,S1_SAR,,0,0.086561782,"Sri Lanka small-tank power law (Telivarai Kulam), Imbulana ceiling-capped",validated_2021_2025,
6,Ulankulama Wewa,7/28/2023,2023,7,6.074495229,39.37143467,15.42868651,S1_SAR,,0,0.069254148,"Sri Lanka small-tank power law (Telivarai Kulam), Imbulana ceiling-capped",validated_2021_2025,
6,Ulankulama Wewa,8/9/2023,2023,8,5.373976881,39.37143467,13.64943118,S1_SAR,,0,0.059447858,"Sri Lanka small-tank power law (Telivarai Kulam), Imbulana ceiling-capped",validated_2021_2025,
6,Ulankulama Wewa,9/2/2023,2023,9,4.403258511,39.37143467,11.18389144,S1_SAR,,0,0.04637918,"Sri Lanka small-tank power law (Telivarai Kulam), Imbulana ceiling-capped",validated_2021_2025,
6,Ulankulama Wewa,9/14/2023,2023,9,3.96293275,39.37143467,10.06550252,S1_SAR,,0,0.040672927,"Sri Lanka small-tank power law (Telivarai Kulam), Imbulana ceiling-capped",validated_2021_2025,
6,Ulankulama Wewa,9/26/2023,2023,9,3.172347744,39.37143467,8.057485764,S1_SAR,,0,0.030824001,"Sri Lanka small-tank power law (Telivarai Kulam), Imbulana ceiling-capped",validated_2021_2025,
6,Ulankulama Wewa,10/8/2023,2023,10,2.431799684,39.37143467,6.176558473,S1_SAR,,0,0.022132219,"Sri Lanka small-tank power law (Telivarai Kulam), Imbulana ceiling-capped",validated_2021_2025,
6,Ulankulama Wewa,10/20/2023,2023,10,3.602666131,39.37143467,9.150456824,S1_SAR,,0,0.036118249,"Sri Lanka small-tank power law (Telivarai Kulam), Imbulana ceiling-capped",validated_2021_2025,
6,Ulankulama Wewa,11/1/2023,2023,11,3.622681013,39.37143467,9.201292873,S1_SAR,,0,0.036368456,"Sri Lanka small-tank power law (Telivarai Kulam), Imbulana ceiling-capped",validated_2021_2025,
6,Ulankulama Wewa,11/13/2023,2023,11,6.835057932,39.37143467,17.36044924,S1_SAR,,0,0.080220459,"Sri Lanka small-tank power law (Telivarai Kulam), Imbulana ceiling-capped",validated_2021_2025,
6,Ulankulama Wewa,11/25/2023,2023,11,6.865080129,39.37143467,17.436703,S1_SAR,,0,0.080659765,"Sri Lanka small-tank power law (Telivarai Kulam), Imbulana ceiling-capped",validated_2021_2025,
6,Ulankulama Wewa,12/7/2023,2023,12,5.804295179,39.37143467,14.74240202,S1_SAR,,0,0.065436838,"Sri Lanka small-tank power law (Telivarai Kulam), Imbulana ceiling-capped",validated_2021_2025,
6,Ulankulama Wewa,12/19/2023,2023,12,5.273902814,39.37143467,13.39525181,S1_SAR,,0,0.058071573,"Sri Lanka small-tank power law (Telivarai Kulam), Imbulana ceiling-capped",validated_2021_2025,
6,Ulankulama Wewa,12/31/2023,2023,12,4.64343623,39.37143467,11.79392183,S1_SAR,,0,0.049552361,"Sri Lanka small-tank power law (Telivarai Kulam), Imbulana ceiling-capped",validated_2021_2025,
6,Ulankulama Wewa,1/12/2024,2024,1,5.223865722,39.37143467,13.26816197,S1_SAR,,0,0.057385829,"Sri Lanka small-tank power law (Telivarai Kulam), Imbulana ceiling-capped",validated_2021_2025,
6,Ulankulama Wewa,1/24/2024,2024,1,4.573384394,39.37143467,11.6159963,S1_SAR,,0,0.048622578,"Sri Lanka small-tank power law (Telivarai Kulam), Imbulana ceiling-capped",validated_2021_2025,
6,Ulankulama Wewa,2/5/2024,2024,2,4.363228865,39.37143467,11.08221964,S1_SAR,,0,0.045854384,"Sri Lanka small-tank power law (Telivarai Kulam), Imbulana ceiling-capped",validated_2021_2025,
6,Ulankulama Wewa,2/17/2024,2024,2,3.52260681,39.37143467,8.947113152,S1_SAR,,0,0.035120857,"Sri Lanka small-tank power law (Telivarai Kulam), Imbulana ceiling-capped",validated_2021_2025,
6,Ulankulama Wewa,2/29/2024,2024,2,4.853591689,39.37143467,12.32769831,S1_SAR,,0,0.052362305,"Sri Lanka small-tank power law (Telivarai Kulam), Imbulana ceiling-capped",validated_2021_2025,
6,Ulankulama Wewa,3/12/2024,2024,3,4.283169651,39.37143467,10.87887624,S1_SAR,,0,0.044808351,"Sri Lanka small-tank power law (Telivarai Kulam), Imbulana ceiling-capped",validated_2021_2025,
6,Ulankulama Wewa,3/24/2024,2024,3,4.413265937,39.37143467,11.20930942,S1_SAR,,0,0.046510563,"Sri Lanka small-tank power law (Telivarai Kulam), Imbulana ceiling-capped",validated_2021_2025,
6,Ulankulama Wewa,4/5/2024,2024,4,4.633428781,39.37143467,11.76850379,S1_SAR,,0,0.049419322,"Sri Lanka small-tank power law (Telivarai Kulam), Imbulana ceiling-capped",validated_2021_2025,
6,Ulankulama Wewa,4/17/2024,2024,4,3.912895763,39.37143467,9.938412951,S1_SAR,,0,0.040034002,"Sri Lanka small-tank power law (Telivarai Kulam), Imbulana ceiling-capped",validated_2021_2025,
6,Ulankulama Wewa,4/29/2024,2024,4,3.812821741,39.37143467,9.684233689,S1_SAR,,0,0.038762194,"Sri Lanka small-tank power law (Telivarai Kulam), Imbulana ceiling-capped",validated_2021_2025,
6,Ulankulama Wewa,5/11/2024,2024,5,3.562636543,39.37143467,9.048785171,S1_SAR,,0,0.035618864,"Sri Lanka small-tank power law (Telivarai Kulam), Imbulana ceiling-capped",validated_2021_2025,
6,Ulankulama Wewa,5/23/2024,2024,5,1.571162643,39.37143467,3.990615675,S1_SAR,,0,0.012842058,"Sri Lanka small-tank power law (Telivarai Kulam), Imbulana ceiling-capped",validated_2021_2025,
6,Ulankulama Wewa,6/4/2024,2024,6,4.823569572,39.37143467,12.25144477,S1_SAR,,0,0.051959019,"Sri Lanka small-tank power law (Telivarai Kulam), Imbulana ceiling-capped",validated_2021_2025,
6,Ulankulama Wewa,6/16/2024,2024,6,4.433280791,39.37143467,11.2601454,S1_SAR,,0,0.046773549,"Sri Lanka small-tank power law (Telivarai Kulam), Imbulana ceiling-capped",validated_2021_2025,
6,Ulankulama Wewa,7/10/2024,2024,7,4.333206722,39.37143467,11.00596602,S1_SAR,,0,0.045461564,"Sri Lanka small-tank power law (Telivarai Kulam), Imbulana ceiling-capped",validated_2021_2025,
6,Ulankulama Wewa,7/22/2024,2024,7,5.363969411,39.37143467,13.62401308,S1_SAR,,0,0.059309942,"Sri Lanka small-tank power law (Telivarai Kulam), Imbulana ceiling-capped",validated_2021_2025,
6,Ulankulama Wewa,8/3/2024,2024,8,5.243880588,39.37143467,13.31899798,S1_SAR,,0,0.057659934,"Sri Lanka small-tank power law (Telivarai Kulam), Imbulana ceiling-capped",validated_2021_2025,
6,Ulankulama Wewa,8/15/2024,2024,8,5.003702726,39.37143467,12.70896722,S1_SAR,,0,0.054387898,"Sri Lanka small-tank power law (Telivarai Kulam), Imbulana ceiling-capped",validated_2021_2025,
6,Ulankulama Wewa,8/27/2024,2024,8,5.60414689,39.37143467,14.23404287,S1_SAR,,0,0.062637154,"Sri Lanka small-tank power law (Telivarai Kulam), Imbulana ceiling-capped",validated_2021_2025,
6,Ulankulama Wewa,9/20/2024,2024,9,5.594139465,39.37143467,14.20862488,S1_SAR,,0,0.062497808,"Sri Lanka small-tank power law (Telivarai Kulam), Imbulana ceiling-capped",validated_2021_2025,
6,Ulankulama Wewa,10/2/2024,2024,10,5.10377654,39.37143467,12.96314595,S1_SAR,,0,0.05574665,"Sri Lanka small-tank power law (Telivarai Kulam), Imbulana ceiling-capped",validated_2021_2025,
6,Ulankulama Wewa,10/14/2024,2024,10,5.363969165,39.37143467,13.62401246,S1_SAR,,0,0.059309939,"Sri Lanka small-tank power law (Telivarai Kulam), Imbulana ceiling-capped",validated_2021_2025,
6,Ulankulama Wewa,10/26/2024,2024,10,5.113784036,39.37143467,12.98856412,S1_SAR,,0,0.05588289,"Sri Lanka small-tank power law (Telivarai Kulam), Imbulana ceiling-capped",validated_2021_2025,
6,Ulankulama Wewa,11/7/2024,2024,11,6.775013256,39.37143467,17.20794102,S1_SAR,,0,0.079343269,"Sri Lanka small-tank power law (Telivarai Kulam), Imbulana ceiling-capped",validated_2021_2025,
6,Ulankulama Wewa,11/19/2024,2024,11,6.294657871,39.37143467,15.98788036,S1_SAR,,0,0.07239568,"Sri Lanka small-tank power law (Telivarai Kulam), Imbulana ceiling-capped",validated_2021_2025,
6,Ulankulama Wewa,12/13/2024,2024,12,8.045953448,39.37143467,20.43601793,S1_SAR,,0,0.098299624,"Sri Lanka small-tank power law (Telivarai Kulam), Imbulana ceiling-capped",validated_2021_2025,
6,Ulankulama Wewa,12/25/2024,2024,12,6.594879842,39.37143467,16.7504179,S1_SAR,,0,0.076723225,"Sri Lanka small-tank power law (Telivarai Kulam), Imbulana ceiling-capped",validated_2021_2025,
6,Ulankulama Wewa,1/6/2025,2025,1,5.063746783,39.37143467,12.86147387,S1_SAR,,0,0.055202352,"Sri Lanka small-tank power law (Telivarai Kulam), Imbulana ceiling-capped",validated_2021_2025,
6,Ulankulama Wewa,1/18/2025,2025,1,5.323939381,39.37143467,13.52234031,S1_SAR,,0,0.058758913,"Sri Lanka small-tank power law (Telivarai Kulam), Imbulana ceiling-capped",validated_2021_2025,
6,Ulankulama Wewa,1/30/2025,2025,1,4.663450607,39.37143467,11.8447566,S1_SAR,,0,0.049818645,"Sri Lanka small-tank power law (Telivarai Kulam), Imbulana ceiling-capped",validated_2021_2025,
6,Ulankulama Wewa,2/11/2025,2025,2,4.113043473,39.37143467,10.44677063,S1_SAR,,0,0.042601553,"Sri Lanka small-tank power law (Telivarai Kulam), Imbulana ceiling-capped",validated_2021_2025,
6,Ulankulama Wewa,2/23/2025,2025,2,4.193102713,39.37143467,10.65011409,S1_SAR,,0,0.043637302,"Sri Lanka small-tank power law (Telivarai Kulam), Imbulana ceiling-capped",validated_2021_2025,
6,Ulankulama Wewa,3/7/2025,2025,3,4.853591585,39.37143467,12.32769805,S1_SAR,,0,0.052362303,"Sri Lanka small-tank power law (Telivarai Kulam), Imbulana ceiling-capped",validated_2021_2025,
6,Ulankulama Wewa,3/19/2025,2025,3,4.553369562,39.37143467,11.56516037,S1_SAR,,0,0.048357567,"Sri Lanka small-tank power law (Telivarai Kulam), Imbulana ceiling-capped",validated_2021_2025,
6,Ulankulama Wewa,3/31/2025,2025,3,4.773532713,39.37143467,12.12435552,S1_SAR,,0,0.051288249,"Sri Lanka small-tank power law (Telivarai Kulam), Imbulana ceiling-capped",validated_2021_2025,
6,Ulankulama Wewa,4/12/2025,2025,4,5.123791827,39.37143467,13.01398303,S1_SAR,,0,0.0560192,"Sri Lanka small-tank power law (Telivarai Kulam), Imbulana ceiling-capped",validated_2021_2025,
6,Ulankulama Wewa,4/24/2025,2025,4,4.633428954,39.37143467,11.76850423,S1_SAR,,0,0.049419324,"Sri Lanka small-tank power law (Telivarai Kulam), Imbulana ceiling-capped",validated_2021_2025,
6,Ulankulama Wewa,5/6/2025,2025,5,5.724235962,39.37143467,14.53905861,S1_SAR,,0,0.064314067,"Sri Lanka small-tank power law (Telivarai Kulam), Imbulana ceiling-capped",validated_2021_2025,
6,Ulankulama Wewa,5/18/2025,2025,5,5.183836171,39.37143467,13.16649041,S1_SAR,,0,0.056838397,"Sri Lanka small-tank power law (Telivarai Kulam), Imbulana ceiling-capped",validated_2021_2025,
6,Ulankulama Wewa,5/30/2025,2025,5,7.025198778,39.37143467,17.84339036,S1_SAR,,0,0.083010684,"Sri Lanka small-tank power law (Telivarai Kulam), Imbulana ceiling-capped",validated_2021_2025,
6,Ulankulama Wewa,6/11/2025,2025,6,5.95440649,39.37143467,15.12367162,S1_SAR,,0,0.067552295,"Sri Lanka small-tank power law (Telivarai Kulam), Imbulana ceiling-capped",validated_2021_2025,
6,Ulankulama Wewa,6/23/2025,2025,6,5.49406595,39.37143467,13.95444691,S1_SAR,,0,0.061107738,"Sri Lanka small-tank power law (Telivarai Kulam), Imbulana ceiling-capped",validated_2021_2025,
6,Ulankulama Wewa,7/5/2025,2025,7,6.634910101,39.37143467,16.85209126,S1_SAR,,0,0.077303961,"Sri Lanka small-tank power law (Telivarai Kulam), Imbulana ceiling-capped",validated_2021_2025,
6,Ulankulama Wewa,7/17/2025,2025,7,7.135280431,39.37143467,18.12298812,S1_SAR,,0,0.084634627,"Sri Lanka small-tank power law (Telivarai Kulam), Imbulana ceiling-capped",validated_2021_2025,
6,Ulankulama Wewa,7/29/2025,2025,7,7.105258142,39.37143467,18.04673414,S1_SAR,,0,0.084191117,"Sri Lanka small-tank power law (Telivarai Kulam), Imbulana ceiling-capped",validated_2021_2025,
6,Ulankulama Wewa,8/10/2025,2025,8,7.595620966,39.37143467,19.29221282,S1_SAR,,0,0.091491772,"Sri Lanka small-tank power law (Telivarai Kulam), Imbulana ceiling-capped",validated_2021_2025,
6,Ulankulama Wewa,8/22/2025,2025,8,7.09525049,39.37143467,18.02131558,S1_SAR,,0,0.08404338,"Sri Lanka small-tank power law (Telivarai Kulam), Imbulana ceiling-capped",validated_2021_2025,
6,Ulankulama Wewa,9/3/2025,2025,9,5.624161868,39.37143467,14.28487916,S1_SAR,,0,0.062916033,"Sri Lanka small-tank power law (Telivarai Kulam), Imbulana ceiling-capped",validated_2021_2025,
6,Ulankulama Wewa,9/15/2025,2025,9,4.693473129,39.37143467,11.92101118,S1_SAR,,0,0.05021861,"Sri Lanka small-tank power law (Telivarai Kulam), Imbulana ceiling-capped",validated_2021_2025,
6,Ulankulama Wewa,9/27/2025,2025,9,5.534095001,39.37143467,14.0561172,S1_SAR,,0,0.06166302,"Sri Lanka small-tank power law (Telivarai Kulam), Imbulana ceiling-capped",validated_2021_2025,
6,Ulankulama Wewa,10/9/2025,2025,10,5.313932131,39.37143467,13.49692277,S1_SAR,,0,0.058621319,"Sri Lanka small-tank power law (Telivarai Kulam), Imbulana ceiling-capped",validated_2021_2025,
6,Ulankulama Wewa,10/21/2025,2025,10,10.61785687,39.37143467,26.96842764,S1_SAR,,0,0.138884652,"Sri Lanka small-tank power law (Telivarai Kulam), Imbulana ceiling-capped",validated_2021_2025,
6,Ulankulama Wewa,11/2/2025,2025,11,10.21756082,39.37143467,25.95171068,S1_SAR,,0,0.13239073,"Sri Lanka small-tank power law (Telivarai Kulam), Imbulana ceiling-capped",validated_2021_2025,
6,Ulankulama Wewa,11/14/2025,2025,11,9.416968301,39.37143467,23.91827572,S1_SAR,,0,0.119591748,"Sri Lanka small-tank power law (Telivarai Kulam), Imbulana ceiling-capped",validated_2021_2025,
6,Ulankulama Wewa,11/26/2025,2025,11,10.01741283,39.37143467,25.44335231,S1_SAR,,0,0.129167024,"Sri Lanka small-tank power law (Telivarai Kulam), Imbulana ceiling-capped",validated_2021_2025,
6,Ulankulama Wewa,12/2/2025,2025,12,12.46922771,39.37143467,31.67074763,S1_SAR,,0,0.169681397,"Sri Lanka small-tank power law (Telivarai Kulam), Imbulana ceiling-capped",validated_2021_2025,
6,Ulankulama Wewa,12/8/2025,2025,12,9.927346318,39.37143467,25.21459124,S1_SAR,,0,0.127721502,"Sri Lanka small-tank power law (Telivarai Kulam), Imbulana ceiling-capped",validated_2021_2025,
6,Ulankulama Wewa,12/20/2025,2025,12,9.597101696,39.37143467,24.37579879,S1_SAR,,0,0.122448993,"Sri Lanka small-tank power law (Telivarai Kulam), Imbulana ceiling-capped",validated_2021_2025,
21,Wagayakulama,1/3/2021,2021,1,0.260192434,16.51611906,1.575384828,S1_SAR,,0,0.001366265,"Sri Lanka small-tank power law (Telivarai Kulam), Imbulana ceiling-capped",validated_2021_2025,
21,Wagayakulama,1/15/2021,2021,1,0.820607007,16.51611906,4.968521986,S1_SAR,,0,0.005716524,"Sri Lanka small-tank power law (Telivarai Kulam), Imbulana ceiling-capped",validated_2021_2025,
21,Wagayakulama,1/27/2021,2021,1,0.49036265,16.51611906,2.968994401,S1_SAR,,0,0.003009439,"Sri Lanka small-tank power law (Telivarai Kulam), Imbulana ceiling-capped",validated_2021_2025,
21,Wagayakulama,2/8/2021,2021,2,0.710525491,16.51611906,4.302012403,S1_SAR,,0,0.004777301,"Sri Lanka small-tank power law (Telivarai Kulam), Imbulana ceiling-capped",validated_2021_2025,
21,Wagayakulama,2/20/2021,2021,2,0.750555092,16.51611906,4.544379276,S1_SAR,,0,0.005114969,"Sri Lanka small-tank power law (Telivarai Kulam), Imbulana ceiling-capped",validated_2021_2025,
21,Wagayakulama,3/4/2021,2021,3,0.500370065,16.51611906,3.029586208,S1_SAR,,0,0.003086161,"Sri Lanka small-tank power law (Telivarai Kulam), Imbulana ceiling-capped",validated_2021_2025,
21,Wagayakulama,3/16/2021,2021,3,0.740547686,16.51611906,4.483787524,S1_SAR,,0,0.005030127,"Sri Lanka small-tank power law (Telivarai Kulam), Imbulana ceiling-capped",validated_2021_2025,
21,Wagayakulama,3/28/2021,2021,3,0.69051068,16.51611906,4.180828909,S1_SAR,,0,0.004610199,"Sri Lanka small-tank power law (Telivarai Kulam), Imbulana ceiling-capped",validated_2021_2025,
21,Wagayakulama,4/9/2021,2021,4,0.690510671,16.51611906,4.180828853,S1_SAR,,0,0.004610198,"Sri Lanka small-tank power law (Telivarai Kulam), Imbulana ceiling-capped",validated_2021_2025,
21,Wagayakulama,4/21/2021,2021,4,0.600444064,16.51611906,3.635503361,S1_SAR,,0,0.003873335,"Sri Lanka small-tank power law (Telivarai Kulam), Imbulana ceiling-capped",validated_2021_2025,
21,Wagayakulama,5/3/2021,2021,5,0.56041448,16.51611906,3.393136594,S1_SAR,,0,0.003554253,"Sri Lanka small-tank power law (Telivarai Kulam), Imbulana ceiling-capped",validated_2021_2025,
21,Wagayakulama,5/15/2021,2021,5,0.640473682,16.51611906,3.87787034,S1_SAR,,0,0.004197698,"Sri Lanka small-tank power law (Telivarai Kulam), Imbulana ceiling-capped",validated_2021_2025,
21,Wagayakulama,5/27/2021,2021,5,0.480355267,16.51611906,2.908402784,S1_SAR,,0,0.002933102,"Sri Lanka small-tank power law (Telivarai Kulam), Imbulana ceiling-capped",validated_2021_2025,
21,Wagayakulama,6/8/2021,2021,6,0.52038487,16.51611906,3.15076967,S1_SAR,,0,0.003240736,"Sri Lanka small-tank power law (Telivarai Kulam), Imbulana ceiling-capped",validated_2021_2025,
21,Wagayakulama,6/14/2021,2021,6,0.620458889,16.51611906,3.756686947,S1_SAR,,0,0.004034873,"Sri Lanka small-tank power law (Telivarai Kulam), Imbulana ceiling-capped",validated_2021_2025,
21,Wagayakulama,6/20/2021,2021,6,0.710525508,16.51611906,4.302012509,S1_SAR,,0,0.004777301,"Sri Lanka small-tank power law (Telivarai Kulam), Imbulana ceiling-capped",validated_2021_2025,
21,Wagayakulama,7/2/2021,2021,7,0.420310861,16.51611906,2.544852454,S1_SAR,,0,0.002483501,"Sri Lanka small-tank power law (Telivarai Kulam), Imbulana ceiling-capped",validated_2021_2025,
21,Wagayakulama,7/14/2021,2021,7,0.480355266,16.51611906,2.908402779,S1_SAR,,0,0.002933102,"Sri Lanka small-tank power law (Telivarai Kulam), Imbulana ceiling-capped",validated_2021_2025,
21,Wagayakulama,7/26/2021,2021,7,0.540399672,16.51611906,3.271953114,S1_SAR,,0,0.00339678,"Sri Lanka small-tank power law (Telivarai Kulam), Imbulana ceiling-capped",validated_2021_2025,
21,Wagayakulama,8/7/2021,2021,8,0.350259049,16.51611906,2.120710367,S1_SAR,,0,0.001978782,"Sri Lanka small-tank power law (Telivarai Kulam), Imbulana ceiling-capped",validated_2021_2025,
21,Wagayakulama,8/19/2021,2021,8,0.170125822,16.51611906,1.030059308,S1_SAR,,0,0.000804641,"Sri Lanka small-tank power law (Telivarai Kulam), Imbulana ceiling-capped",validated_2021_2025,
21,Wagayakulama,8/31/2021,2021,8,0.340251646,16.51611906,2.060118629,S1_SAR,,0,0.001908582,"Sri Lanka small-tank power law (Telivarai Kulam), Imbulana ceiling-capped",validated_2021_2025,
21,Wagayakulama,9/12/2021,2021,9,0.100074013,16.51611906,0.60591724,S1_SAR,,0,0.000415378,"Sri Lanka small-tank power law (Telivarai Kulam), Imbulana ceiling-capped",validated_2021_2025,
21,Wagayakulama,9/24/2021,2021,9,0.0,16.51611906,0.0,S1_SAR,,0,0.0,"Sri Lanka small-tank power law (Telivarai Kulam), Imbulana ceiling-capped",validated_2021_2025,
21,Wagayakulama,10/6/2021,2021,10,0.010007401,16.51611906,0.060591724,S1_SAR,,0,2.36e-05,"Sri Lanka small-tank power law (Telivarai Kulam), Imbulana ceiling-capped",validated_2021_2025,
21,Wagayakulama,10/18/2021,2021,10,0.010007401,16.51611906,0.060591724,S1_SAR,,0,2.36e-05,"Sri Lanka small-tank power law (Telivarai Kulam), Imbulana ceiling-capped",validated_2021_2025,
21,Wagayakulama,10/30/2021,2021,10,1.140843748,16.51611906,6.907456548,S1_SAR,,0,0.008618572,"Sri Lanka small-tank power law (Telivarai Kulam), Imbulana ceiling-capped",validated_2021_2025,
21,Wagayakulama,11/17/2021,2021,11,4.683464944,16.51611906,28.35693377,S1_SAR,,0,0.050085209,"Sri Lanka small-tank power law (Telivarai Kulam), Imbulana ceiling-capped",validated_2021_2025,
21,Wagayakulama,11/23/2021,2021,11,4.543361325,16.51611906,27.50864963,S1_SAR,,0,0.048225157,"Sri Lanka small-tank power law (Telivarai Kulam), Imbulana ceiling-capped",validated_2021_2025,
21,Wagayakulama,12/5/2021,2021,12,3.96293179,16.51611906,23.99432806,S1_SAR,,0,0.040672915,"Sri Lanka small-tank power law (Telivarai Kulam), Imbulana ceiling-capped",validated_2021_2025,
21,Wagayakulama,12/17/2021,2021,12,3.782798586,16.51611906,22.90367714,S1_SAR,,0,0.03838223,"Sri Lanka small-tank power law (Telivarai Kulam), Imbulana ceiling-capped",validated_2021_2025,
21,Wagayakulama,12/29/2021,2021,12,3.192361755,16.51611906,19.32876448,S1_SAR,,0,0.031066509,"Sri Lanka small-tank power law (Telivarai Kulam), Imbulana ceiling-capped",validated_2021_2025,
21,Wagayakulama,1/10/2022,2022,1,3.242398802,16.51611906,19.63172335,S1_SAR,,0,0.031674438,"Sri Lanka small-tank power law (Telivarai Kulam), Imbulana ceiling-capped",validated_2021_2025,
21,Wagayakulama,1/22/2022,2022,1,3.65270224,16.51611906,22.11598394,S1_SAR,,0,0.03674439,"Sri Lanka small-tank power law (Telivarai Kulam), Imbulana ceiling-capped",validated_2021_2025,
21,Wagayakulama,2/3/2022,2022,2,3.042250567,16.51611906,18.4198876,S1_SAR,,0,0.029256878,"Sri Lanka small-tank power law (Telivarai Kulam), Imbulana ceiling-capped",validated_2021_2025,
21,Wagayakulama,2/15/2022,2022,2,3.682724471,16.51611906,22.29775928,S1_SAR,,0,0.037121098,"Sri Lanka small-tank power law (Telivarai Kulam), Imbulana ceiling-capped",validated_2021_2025,
21,Wagayakulama,2/27/2022,2022,2,2.782057999,16.51611906,16.84450196,S1_SAR,,0,0.026172431,"Sri Lanka small-tank power law (Telivarai Kulam), Imbulana ceiling-capped",validated_2021_2025,
21,Wagayakulama,3/11/2022,2022,3,3.19236151,16.51611906,19.328763,S1_SAR,,0,0.031066506,"Sri Lanka small-tank power law (Telivarai Kulam), Imbulana ceiling-capped",validated_2021_2025,
21,Wagayakulama,3/23/2022,2022,3,2.101554472,16.51611906,12.72426327,S1_SAR,,0,0.018451823,"Sri Lanka small-tank power law (Telivarai Kulam), Imbulana ceiling-capped",validated_2021_2025,
21,Wagayakulama,4/4/2022,2022,4,2.071532298,16.51611906,12.54248828,S1_SAR,,0,0.018123939,"Sri Lanka small-tank power law (Telivarai Kulam), Imbulana ceiling-capped",validated_2021_2025,
21,Wagayakulama,4/16/2022,2022,4,2.661969292,16.51611906,16.11740193,S1_SAR,,0,0.024772235,"Sri Lanka small-tank power law (Telivarai Kulam), Imbulana ceiling-capped",validated_2021_2025,
21,Wagayakulama,4/28/2022,2022,4,1.421050982,16.51611906,8.60402481,S1_SAR,,0,0.011331596,"Sri Lanka small-tank power law (Telivarai Kulam), Imbulana ceiling-capped",validated_2021_2025,
21,Wagayakulama,5/10/2022,2022,5,0.78057728,16.51611906,4.726154351,S1_SAR,,0,0.005371159,"Sri Lanka small-tank power law (Telivarai Kulam), Imbulana ceiling-capped",validated_2021_2025,
21,Wagayakulama,5/22/2022,2022,5,0.230170222,16.51611906,1.393609605,S1_SAR,,0,0.001172699,"Sri Lanka small-tank power law (Telivarai Kulam), Imbulana ceiling-capped",validated_2021_2025,
21,Wagayakulama,6/3/2022,2022,6,0.100074011,16.51611906,0.605917231,S1_SAR,,0,0.000415378,"Sri Lanka small-tank power law (Telivarai Kulam), Imbulana ceiling-capped",validated_2021_2025,
21,Wagayakulama,6/15/2022,2022,6,0.020014803,16.51611906,0.121183448,S1_SAR,,0,5.59e-05,"Sri Lanka small-tank power law (Telivarai Kulam), Imbulana ceiling-capped",validated_2021_2025,
21,Wagayakulama,6/27/2022,2022,6,0.0,16.51611906,0.0,S1_SAR,,0,0.0,"Sri Lanka small-tank power law (Telivarai Kulam), Imbulana ceiling-capped",validated_2021_2025,
21,Wagayakulama,7/9/2022,2022,7,0.010007401,16.51611906,0.060591724,S1_SAR,,0,2.36e-05,"Sri Lanka small-tank power law (Telivarai Kulam), Imbulana ceiling-capped",validated_2021_2025,
21,Wagayakulama,7/21/2022,2022,7,0.0,16.51611906,0.0,S1_SAR,,0,0.0,"Sri Lanka small-tank power law (Telivarai Kulam), Imbulana ceiling-capped",validated_2021_2025,
21,Wagayakulama,8/2/2022,2022,8,0.0,16.51611906,0.0,S1_SAR,,0,0.0,"Sri Lanka small-tank power law (Telivarai Kulam), Imbulana ceiling-capped",validated_2021_2025,
21,Wagayakulama,8/14/2022,2022,8,0.0,16.51611906,0.0,S1_SAR,,0,0.0,"Sri Lanka small-tank power law (Telivarai Kulam), Imbulana ceiling-capped",validated_2021_2025,
21,Wagayakulama,8/26/2022,2022,8,0.0,16.51611906,0.0,S1_SAR,,0,0.0,"Sri Lanka small-tank power law (Telivarai Kulam), Imbulana ceiling-capped",validated_2021_2025,
21,Wagayakulama,9/7/2022,2022,9,0.0,16.51611906,0.0,S1_SAR,,0,0.0,"Sri Lanka small-tank power law (Telivarai Kulam), Imbulana ceiling-capped",validated_2021_2025,
21,Wagayakulama,9/19/2022,2022,9,0.0,16.51611906,0.0,S1_SAR,,0,0.0,"Sri Lanka small-tank power law (Telivarai Kulam), Imbulana ceiling-capped",validated_2021_2025,
21,Wagayakulama,10/1/2022,2022,10,0.0,16.51611906,0.0,S1_SAR,,0,0.0,"Sri Lanka small-tank power law (Telivarai Kulam), Imbulana ceiling-capped",validated_2021_2025,
21,Wagayakulama,10/13/2022,2022,10,0.0,16.51611906,0.0,S1_SAR,,0,0.0,"Sri Lanka small-tank power law (Telivarai Kulam), Imbulana ceiling-capped",validated_2021_2025,
21,Wagayakulama,10/25/2022,2022,10,0.0,16.51611906,0.0,S1_SAR,,0,0.0,"Sri Lanka small-tank power law (Telivarai Kulam), Imbulana ceiling-capped",validated_2021_2025,
21,Wagayakulama,11/6/2022,2022,11,0.0,16.51611906,0.0,S1_SAR,,0,0.0,"Sri Lanka small-tank power law (Telivarai Kulam), Imbulana ceiling-capped",validated_2021_2025,
21,Wagayakulama,11/18/2022,2022,11,0.490362708,16.51611906,2.968994748,S1_SAR,,0,0.00300944,"Sri Lanka small-tank power law (Telivarai Kulam), Imbulana ceiling-capped",validated_2021_2025,
21,Wagayakulama,11/30/2022,2022,11,0.580429353,16.51611906,3.514320467,S1_SAR,,0,0.003713118,"Sri Lanka small-tank power law (Telivarai Kulam), Imbulana ceiling-capped",validated_2021_2025,
21,Wagayakulama,12/12/2022,2022,12,0.690510753,16.51611906,4.180829348,S1_SAR,,0,0.004610199,"Sri Lanka small-tank power law (Telivarai Kulam), Imbulana ceiling-capped",validated_2021_2025,
21,Wagayakulama,12/24/2022,2022,12,1.120829033,16.51611906,6.786273631,S1_SAR,,0,0.00843057,"Sri Lanka small-tank power law (Telivarai Kulam), Imbulana ceiling-capped",validated_2021_2025,
21,Wagayakulama,1/5/2023,2023,1,0.720532925,16.51611906,4.362604326,S1_SAR,,0,0.00486129,"Sri Lanka small-tank power law (Telivarai Kulam), Imbulana ceiling-capped",validated_2021_2025,
21,Wagayakulama,1/17/2023,2023,1,0.75055513,16.51611906,4.544379507,S1_SAR,,0,0.00511497,"Sri Lanka small-tank power law (Telivarai Kulam), Imbulana ceiling-capped",validated_2021_2025,
21,Wagayakulama,1/29/2023,2023,1,0.890658735,16.51611906,5.392663564,S1_SAR,,0,0.006330862,"Sri Lanka small-tank power law (Telivarai Kulam), Imbulana ceiling-capped",validated_2021_2025,
21,Wagayakulama,2/10/2023,2023,2,0.940695772,16.51611906,5.695622369,S1_SAR,,0,0.006777074,"Sri Lanka small-tank power law (Telivarai Kulam), Imbulana ceiling-capped",validated_2021_2025,
21,Wagayakulama,2/22/2023,2023,2,0.830614339,16.51611906,5.029113294,S1_SAR,,0,0.005803523,"Sri Lanka small-tank power law (Telivarai Kulam), Imbulana ceiling-capped",validated_2021_2025,
21,Wagayakulama,3/6/2023,2023,3,0.770569921,16.51611906,4.665562885,S1_SAR,,0,0.005285488,"Sri Lanka small-tank power law (Telivarai Kulam), Imbulana ceiling-capped",validated_2021_2025,
21,Wagayakulama,3/18/2023,2023,3,0.610451497,16.51611906,3.696095279,S1_SAR,,0,0.003953941,"Sri Lanka small-tank power law (Telivarai Kulam), Imbulana ceiling-capped",validated_2021_2025,
21,Wagayakulama,3/30/2023,2023,3,0.910673547,16.51611906,5.513847072,S1_SAR,,0,0.006508626,"Sri Lanka small-tank power law (Telivarai Kulam), Imbulana ceiling-capped",validated_2021_2025,
21,Wagayakulama,4/11/2023,2023,4,0.460340483,16.51611906,2.787219451,S1_SAR,,0,0.002781604,"Sri Lanka small-tank power law (Telivarai Kulam), Imbulana ceiling-capped",validated_2021_2025,
21,Wagayakulama,4/23/2023,2023,4,0.520384895,16.51611906,3.150769823,S1_SAR,,0,0.003240736,"Sri Lanka small-tank power law (Telivarai Kulam), Imbulana ceiling-capped",validated_2021_2025,
21,Wagayakulama,5/5/2023,2023,5,0.640473713,16.51611906,3.877870524,S1_SAR,,0,0.004197698,"Sri Lanka small-tank power law (Telivarai Kulam), Imbulana ceiling-capped",validated_2021_2025,
21,Wagayakulama,5/17/2023,2023,5,0.440325687,16.51611906,2.666036045,S1_SAR,,0,0.002631719,"Sri Lanka small-tank power law (Telivarai Kulam), Imbulana ceiling-capped",validated_2021_2025,
21,Wagayakulama,5/29/2023,2023,5,0.42031089,16.51611906,2.544852629,S1_SAR,,0,0.002483501,"Sri Lanka small-tank power law (Telivarai Kulam), Imbulana ceiling-capped",validated_2021_2025,
21,Wagayakulama,6/10/2023,2023,6,0.200148032,16.51611906,1.211834521,S1_SAR,,0,0.000985263,"Sri Lanka small-tank power law (Telivarai Kulam), Imbulana ceiling-capped",validated_2021_2025,
21,Wagayakulama,6/22/2023,2023,6,0.400296094,16.51611906,2.423669218,S1_SAR,,0,0.002337011,"Sri Lanka small-tank power law (Telivarai Kulam), Imbulana ceiling-capped",validated_2021_2025,
21,Wagayakulama,7/4/2023,2023,7,0.160118429,16.51611906,0.969467635,S1_SAR,,0,0.000746095,"Sri Lanka small-tank power law (Telivarai Kulam), Imbulana ceiling-capped",validated_2021_2025,
21,Wagayakulama,7/16/2023,2023,7,0.0,16.51611906,0.0,S1_SAR,,0,0.0,"Sri Lanka small-tank power law (Telivarai Kulam), Imbulana ceiling-capped",validated_2021_2025,
21,Wagayakulama,7/28/2023,2023,7,0.0,16.51611906,0.0,S1_SAR,,0,0.0,"Sri Lanka small-tank power law (Telivarai Kulam), Imbulana ceiling-capped",validated_2021_2025,
21,Wagayakulama,8/9/2023,2023,8,0.0,16.51611906,0.0,S1_SAR,,0,0.0,"Sri Lanka small-tank power law (Telivarai Kulam), Imbulana ceiling-capped",validated_2021_2025,
21,Wagayakulama,9/2/2023,2023,9,0.090066663,16.51611906,0.54532583,S1_SAR,,0,0.000364272,"Sri Lanka small-tank power law (Telivarai Kulam), Imbulana ceiling-capped",validated_2021_2025,
21,Wagayakulama,9/14/2023,2023,9,0.0,16.51611906,0.0,S1_SAR,,0,0.0,"Sri Lanka small-tank power law (Telivarai Kulam), Imbulana ceiling-capped",validated_2021_2025,
21,Wagayakulama,9/26/2023,2023,9,0.030022205,16.51611906,0.181775177,S1_SAR,,0,9.27e-05,"Sri Lanka small-tank power law (Telivarai Kulam), Imbulana ceiling-capped",validated_2021_2025,
21,Wagayakulama,10/8/2023,2023,10,0.040029618,16.51611906,0.242366974,S1_SAR,,0,0.00013261,"Sri Lanka small-tank power law (Telivarai Kulam), Imbulana ceiling-capped",validated_2021_2025,
21,Wagayakulama,10/20/2023,2023,10,0.870643916,16.51611906,5.271480014,S1_SAR,,0,0.006154079,"Sri Lanka small-tank power law (Telivarai Kulam), Imbulana ceiling-capped",validated_2021_2025,
21,Wagayakulama,11/1/2023,2023,11,0.430318285,16.51611906,2.605444316,S1_SAR,,0,0.002557398,"Sri Lanka small-tank power law (Telivarai Kulam), Imbulana ceiling-capped",validated_2021_2025,
21,Wagayakulama,11/13/2023,2023,11,4.82356867,16.51611906,29.20521856,S1_SAR,,0,0.051959007,"Sri Lanka small-tank power law (Telivarai Kulam), Imbulana ceiling-capped",validated_2021_2025,
21,Wagayakulama,11/25/2023,2023,11,4.903627792,16.51611906,29.68995182,S1_SAR,,0,0.053035801,"Sri Lanka small-tank power law (Telivarai Kulam), Imbulana ceiling-capped",validated_2021_2025,
21,Wagayakulama,12/7/2023,2023,12,3.982946629,16.51611906,24.11551172,S1_SAR,,0,0.040929043,"Sri Lanka small-tank power law (Telivarai Kulam), Imbulana ceiling-capped",validated_2021_2025,
21,Wagayakulama,12/19/2023,2023,12,3.732761532,16.51611906,22.60071823,S1_SAR,,0,0.037750624,"Sri Lanka small-tank power law (Telivarai Kulam), Imbulana ceiling-capped",validated_2021_2025,
21,Wagayakulama,12/31/2023,2023,12,3.782798407,16.51611906,22.90367605,S1_SAR,,0,0.038382227,"Sri Lanka small-tank power law (Telivarai Kulam), Imbulana ceiling-capped",validated_2021_2025,
21,Wagayakulama,1/12/2024,2024,1,3.502591123,16.51611906,21.20710749,S1_SAR,,0,0.034872364,"Sri Lanka small-tank power law (Telivarai Kulam), Imbulana ceiling-capped",validated_2021_2025,
21,Wagayakulama,1/24/2024,2024,1,3.272420799,16.51611906,19.81349727,S1_SAR,,0,0.032040304,"Sri Lanka small-tank power law (Telivarai Kulam), Imbulana ceiling-capped",validated_2021_2025,
21,Wagayakulama,2/5/2024,2024,2,3.772790942,16.51611906,22.84308395,S1_SAR,,0,0.03825574,"Sri Lanka small-tank power law (Telivarai Kulam), Imbulana ceiling-capped",validated_2021_2025,
21,Wagayakulama,2/17/2024,2024,2,2.982206107,16.51611906,18.05633693,S1_SAR,,0,0.028539097,"Sri Lanka small-tank power law (Telivarai Kulam), Imbulana ceiling-capped",validated_2021_2025,
21,Wagayakulama,2/29/2024,2024,2,3.672716853,16.51611906,22.23716625,S1_SAR,,0,0.036995442,"Sri Lanka small-tank power law (Telivarai Kulam), Imbulana ceiling-capped",validated_2021_2025,
21,Wagayakulama,3/12/2024,2024,3,2.842102297,16.51611906,17.20805164,S1_SAR,,0,0.026878167,"Sri Lanka small-tank power law (Telivarai Kulam), Imbulana ceiling-capped",validated_2021_2025,
21,Wagayakulama,3/24/2024,2024,3,2.401776588,16.51611906,14.54201547,S1_SAR,,0,0.021792251,"Sri Lanka small-tank power law (Telivarai Kulam), Imbulana ceiling-capped",validated_2021_2025,
21,Wagayakulama,4/5/2024,2024,4,2.571902477,16.51611906,15.57207518,S1_SAR,,0,0.023732203,"Sri Lanka small-tank power law (Telivarai Kulam), Imbulana ceiling-capped",validated_2021_2025,
21,Wagayakulama,4/17/2024,2024,4,1.491102914,16.51611906,9.028167627,S1_SAR,,0,0.01203183,"Sri Lanka small-tank power law (Telivarai Kulam), Imbulana ceiling-capped",validated_2021_2025,
21,Wagayakulama,4/29/2024,2024,4,1.00074023,16.51611906,6.059173017,S1_SAR,,0,0.007320271,"Sri Lanka small-tank power law (Telivarai Kulam), Imbulana ceiling-capped",validated_2021_2025,
21,Wagayakulama,5/11/2024,2024,5,0.430318307,16.51611906,2.605444445,S1_SAR,,0,0.002557398,"Sri Lanka small-tank power law (Telivarai Kulam), Imbulana ceiling-capped",validated_2021_2025,
21,Wagayakulama,5/23/2024,2024,5,0.670496022,16.51611906,4.059646334,S1_SAR,,0,0.004444285,"Sri Lanka small-tank power law (Telivarai Kulam), Imbulana ceiling-capped",validated_2021_2025,
21,Wagayakulama,6/4/2024,2024,6,0.330244292,16.51611906,1.999527192,S1_SAR,,0,0.001838888,"Sri Lanka small-tank power law (Telivarai Kulam), Imbulana ceiling-capped",validated_2021_2025,
21,Wagayakulama,6/16/2024,2024,6,0.280207253,16.51611906,1.696568378,S1_SAR,,0,0.001498442,"Sri Lanka small-tank power law (Telivarai Kulam), Imbulana ceiling-capped",validated_2021_2025,
21,Wagayakulama,7/10/2024,2024,7,0.390288739,16.51611906,2.363077776,S1_SAR,,0,0.002264434,"Sri Lanka small-tank power law (Telivarai Kulam), Imbulana ceiling-capped",validated_2021_2025,
21,Wagayakulama,7/22/2024,2024,7,0.370273977,16.51611906,2.241894573,S1_SAR,,0,0.002120658,"Sri Lanka small-tank power law (Telivarai Kulam), Imbulana ceiling-capped",validated_2021_2025,
21,Wagayakulama,8/3/2024,2024,8,0.36026655,16.51611906,2.181302696,S1_SAR,,0,0.002049478,"Sri Lanka small-tank power law (Telivarai Kulam), Imbulana ceiling-capped",validated_2021_2025,
21,Wagayakulama,8/15/2024,2024,8,0.350259111,16.51611906,2.120710741,S1_SAR,,0,0.001978782,"Sri Lanka small-tank power law (Telivarai Kulam), Imbulana ceiling-capped",validated_2021_2025,
21,Wagayakulama,8/27/2024,2024,8,0.130096254,16.51611906,0.787692638,S1_SAR,,0,0.000576006,"Sri Lanka small-tank power law (Telivarai Kulam), Imbulana ceiling-capped",validated_2021_2025,
21,Wagayakulama,9/20/2024,2024,9,0.370273991,16.51611906,2.24189466,S1_SAR,,0,0.002120658,"Sri Lanka small-tank power law (Telivarai Kulam), Imbulana ceiling-capped",validated_2021_2025,
21,Wagayakulama,10/2/2024,2024,10,0.090066636,16.51611906,0.545325664,S1_SAR,,0,0.000364272,"Sri Lanka small-tank power law (Telivarai Kulam), Imbulana ceiling-capped",validated_2021_2025,
21,Wagayakulama,10/14/2024,2024,10,0.0,16.51611906,0.0,S1_SAR,,0,0.0,"Sri Lanka small-tank power law (Telivarai Kulam), Imbulana ceiling-capped",validated_2021_2025,
21,Wagayakulama,10/26/2024,2024,10,0.0,16.51611906,0.0,S1_SAR,,0,0.0,"Sri Lanka small-tank power law (Telivarai Kulam), Imbulana ceiling-capped",validated_2021_2025,
21,Wagayakulama,11/7/2024,2024,11,3.062265317,16.51611906,18.54107073,S1_SAR,,0,0.029496917,"Sri Lanka small-tank power law (Telivarai Kulam), Imbulana ceiling-capped",validated_2021_2025,
21,Wagayakulama,11/19/2024,2024,11,2.912154264,16.51611906,17.63219466,S1_SAR,,0,0.027706175,"Sri Lanka small-tank power law (Telivarai Kulam), Imbulana ceiling-capped",validated_2021_2025,
21,Wagayakulama,12/13/2024,2024,12,3.372494776,16.51611906,20.41941429,S1_SAR,,0,0.033265808,"Sri Lanka small-tank power law (Telivarai Kulam), Imbulana ceiling-capped",validated_2021_2025,
21,Wagayakulama,12/25/2024,2024,12,3.142324575,16.51611906,19.02580481,S1_SAR,,0,0.030460919,"Sri Lanka small-tank power law (Telivarai Kulam), Imbulana ceiling-capped",validated_2021_2025,
21,Wagayakulama,1/6/2025,2025,1,3.012228298,16.51611906,18.23811203,S1_SAR,,0,0.028897547,"Sri Lanka small-tank power law (Telivarai Kulam), Imbulana ceiling-capped",validated_2021_2025,
21,Wagayakulama,1/18/2025,2025,1,2.641954328,16.51611906,15.9962175,S1_SAR,,0,0.024540356,"Sri Lanka small-tank power law (Telivarai Kulam), Imbulana ceiling-capped",validated_2021_2025,
21,Wagayakulama,1/30/2025,2025,1,3.142324487,16.51611906,19.02580427,S1_SAR,,0,0.030460918,"Sri Lanka small-tank power law (Telivarai Kulam), Imbulana ceiling-capped",validated_2021_2025,
21,Wagayakulama,2/11/2025,2025,2,3.352479939,16.51611906,20.29823063,S1_SAR,,0,0.033019981,"Sri Lanka small-tank power law (Telivarai Kulam), Imbulana ceiling-capped",validated_2021_2025,
21,Wagayakulama,2/23/2025,2025,2,2.892139395,16.51611906,17.51101081,S1_SAR,,0,0.027469095,"Sri Lanka small-tank power law (Telivarai Kulam), Imbulana ceiling-capped",validated_2021_2025,
21,Wagayakulama,3/7/2025,2025,3,2.631946984,16.51611906,15.93562612,S1_SAR,,0,0.02442458,"Sri Lanka small-tank power law (Telivarai Kulam), Imbulana ceiling-capped",validated_2021_2025,
21,Wagayakulama,3/19/2025,2025,3,3.022235663,16.51611906,18.29870354,S1_SAR,,0,0.029017226,"Sri Lanka small-tank power law (Telivarai Kulam), Imbulana ceiling-capped",validated_2021_2025,
21,Wagayakulama,3/31/2025,2025,3,3.282428114,16.51611906,19.87408846,S1_SAR,,0,0.032162444,"Sri Lanka small-tank power law (Telivarai Kulam), Imbulana ceiling-capped",validated_2021_2025,
21,Wagayakulama,4/12/2025,2025,4,3.412524419,16.51611906,20.66178142,S1_SAR,,0,0.033758536,"Sri Lanka small-tank power law (Telivarai Kulam), Imbulana ceiling-capped",validated_2021_2025,
21,Wagayakulama,4/24/2025,2025,4,2.832094996,16.51611906,17.14746052,S1_SAR,,0,0.026760288,"Sri Lanka small-tank power law (Telivarai Kulam), Imbulana ceiling-capped",validated_2021_2025,
21,Wagayakulama,5/6/2025,2025,5,3.2423985,16.51611906,19.63172152,S1_SAR,,0,0.031674434,"Sri Lanka small-tank power law (Telivarai Kulam), Imbulana ceiling-capped",validated_2021_2025,
21,Wagayakulama,5/18/2025,2025,5,2.351739635,16.51611906,14.23905716,S1_SAR,,0,0.021227981,"Sri Lanka small-tank power law (Telivarai Kulam), Imbulana ceiling-capped",validated_2021_2025,
21,Wagayakulama,5/30/2025,2025,5,2.121569336,16.51611906,12.84544709,S1_SAR,,0,0.018671056,"Sri Lanka small-tank power law (Telivarai Kulam), Imbulana ceiling-capped",validated_2021_2025,
21,Wagayakulama,6/11/2025,2025,6,1.250925283,16.51611906,7.573966246,S1_SAR,,0,0.009666853,"Sri Lanka small-tank power law (Telivarai Kulam), Imbulana ceiling-capped",validated_2021_2025,
21,Wagayakulama,6/23/2025,2025,6,1.110821636,16.51611906,6.725681935,S1_SAR,,0,0.008336877,"Sri Lanka small-tank power law (Telivarai Kulam), Imbulana ceiling-capped",validated_2021_2025,
21,Wagayakulama,7/5/2025,2025,7,1.340991846,16.51611906,8.119291471,S1_SAR,,0,0.010541692,"Sri Lanka small-tank power law (Telivarai Kulam), Imbulana ceiling-capped",validated_2021_2025,
21,Wagayakulama,7/17/2025,2025,7,1.230910439,16.51611906,7.452782544,S1_SAR,,0,0.009474503,"Sri Lanka small-tank power law (Telivarai Kulam), Imbulana ceiling-capped",validated_2021_2025,
21,Wagayakulama,7/29/2025,2025,7,1.08079938,16.51611906,6.543906449,S1_SAR,,0,0.008057047,"Sri Lanka small-tank power law (Telivarai Kulam), Imbulana ceiling-capped",validated_2021_2025,
21,Wagayakulama,8/10/2025,2025,8,0.930688359,16.51611906,5.635030575,S1_SAR,,0,0.006687353,"Sri Lanka small-tank power law (Telivarai Kulam), Imbulana ceiling-capped",validated_2021_2025,
21,Wagayakulama,8/22/2025,2025,8,0.730540343,16.51611906,4.423196156,S1_SAR,,0,0.004945566,"Sri Lanka small-tank power law (Telivarai Kulam), Imbulana ceiling-capped",validated_2021_2025,
21,Wagayakulama,9/3/2025,2025,9,0.470347979,16.51611906,2.847811748,S1_SAR,,0,0.002857155,"Sri Lanka small-tank power law (Telivarai Kulam), Imbulana ceiling-capped",validated_2021_2025,
21,Wagayakulama,9/15/2025,2025,9,0.260192515,16.51611906,1.575385318,S1_SAR,,0,0.001366266,"Sri Lanka small-tank power law (Telivarai Kulam), Imbulana ceiling-capped",validated_2021_2025,
21,Wagayakulama,9/27/2025,2025,9,0.0,16.51611906,0.0,S1_SAR,,0,0.0,"Sri Lanka small-tank power law (Telivarai Kulam), Imbulana ceiling-capped",validated_2021_2025,
21,Wagayakulama,10/9/2025,2025,10,0.0,16.51611906,0.0,S1_SAR,,0,0.0,"Sri Lanka small-tank power law (Telivarai Kulam), Imbulana ceiling-capped",validated_2021_2025,
21,Wagayakulama,10/21/2025,2025,10,2.661969167,16.51611906,16.11740117,S1_SAR,,0,0.024772233,"Sri Lanka small-tank power law (Telivarai Kulam), Imbulana ceiling-capped",validated_2021_2025,
21,Wagayakulama,11/2/2025,2025,11,1.280947663,16.51611906,7.755742485,S1_SAR,,0,0.0099568,"Sri Lanka small-tank power law (Telivarai Kulam), Imbulana ceiling-capped",validated_2021_2025,
21,Wagayakulama,11/14/2025,2025,11,0.350259138,16.51611906,2.120710903,S1_SAR,,0,0.001978782,"Sri Lanka small-tank power law (Telivarai Kulam), Imbulana ceiling-capped",validated_2021_2025,
21,Wagayakulama,11/26/2025,2025,11,0.640473856,16.51611906,3.877871388,S1_SAR,,0,0.004197699,"Sri Lanka small-tank power law (Telivarai Kulam), Imbulana ceiling-capped",validated_2021_2025,
21,Wagayakulama,12/2/2025,2025,12,6.154553649,16.51611906,37.26392154,S1_SAR,,0,0.070393325,"Sri Lanka small-tank power law (Telivarai Kulam), Imbulana ceiling-capped",validated_2021_2025,
21,Wagayakulama,12/8/2025,2025,12,5.514079695,16.51611906,33.38604956,S1_SAR,,0,0.061385244,"Sri Lanka small-tank power law (Telivarai Kulam), Imbulana ceiling-capped",validated_2021_2025,
21,Wagayakulama,12/20/2025,2025,12,5.414005605,16.51611906,32.78013184,S1_SAR,,0,0.060000134,"Sri Lanka small-tank power law (Telivarai Kulam), Imbulana ceiling-capped",validated_2021_2025,
20,Wagayakulama Wewa,1/3/2021,2021,1,0.0,10.71311025,0.0,S1_SAR,,0,0.0,"Sri Lanka small-tank power law (Telivarai Kulam), Imbulana ceiling-capped",validated_2021_2025,
20,Wagayakulama Wewa,1/15/2021,2021,1,0.115651774,10.71311025,1.079534991,S1_SAR,,0,0.000497435,"Sri Lanka small-tank power law (Telivarai Kulam), Imbulana ceiling-capped",validated_2021_2025,
20,Wagayakulama Wewa,1/27/2021,2021,1,0.0,10.71311025,0.0,S1_SAR,,0,0.0,"Sri Lanka small-tank power law (Telivarai Kulam), Imbulana ceiling-capped",validated_2021_2025,
20,Wagayakulama Wewa,2/8/2021,2021,2,0.130093653,10.71311025,1.214340655,S1_SAR,,0,0.000575991,"Sri Lanka small-tank power law (Telivarai Kulam), Imbulana ceiling-capped",validated_2021_2025,
20,Wagayakulama Wewa,2/20/2021,2021,2,0.190136878,10.71311025,1.774805578,S1_SAR,,0,0.000924237,"Sri Lanka small-tank power law (Telivarai Kulam), Imbulana ceiling-capped",validated_2021_2025,
20,Wagayakulama Wewa,3/4/2021,2021,3,0.0,10.71311025,0.0,S1_SAR,,0,0.0,"Sri Lanka small-tank power law (Telivarai Kulam), Imbulana ceiling-capped",validated_2021_2025,
20,Wagayakulama Wewa,3/16/2021,2021,3,0.0,10.71311025,0.0,S1_SAR,,0,0.0,"Sri Lanka small-tank power law (Telivarai Kulam), Imbulana ceiling-capped",validated_2021_2025,
20,Wagayakulama Wewa,3/28/2021,2021,3,0.0,10.71311025,0.0,S1_SAR,,0,0.0,"Sri Lanka small-tank power law (Telivarai Kulam), Imbulana ceiling-capped",validated_2021_2025,
20,Wagayakulama Wewa,4/9/2021,2021,4,0.120086417,10.71311025,1.12092954,S1_SAR,,0,0.000521314,"Sri Lanka small-tank power law (Telivarai Kulam), Imbulana ceiling-capped",validated_2021_2025,
20,Wagayakulama Wewa,4/21/2021,2021,4,0.130093623,10.71311025,1.21434037,S1_SAR,,0,0.000575991,"Sri Lanka small-tank power law (Telivarai Kulam), Imbulana ceiling-capped",validated_2021_2025,
20,Wagayakulama Wewa,5/3/2021,2021,5,0.060043211,10.71311025,0.560464788,S1_SAR,,0,0.000219781,"Sri Lanka small-tank power law (Telivarai Kulam), Imbulana ceiling-capped",validated_2021_2025,
20,Wagayakulama Wewa,5/15/2021,2021,5,0.090064824,10.71311025,0.840697256,S1_SAR,,0,0.000364263,"Sri Lanka small-tank power law (Telivarai Kulam), Imbulana ceiling-capped",validated_2021_2025,
20,Wagayakulama Wewa,5/27/2021,2021,5,0.400288107,10.71311025,3.73643226,S1_SAR,,0,0.002336953,"Sri Lanka small-tank power law (Telivarai Kulam), Imbulana ceiling-capped",validated_2021_2025,
20,Wagayakulama Wewa,6/8/2021,2021,6,0.360259306,10.71311025,3.362789125,S1_SAR,,0,0.002049426,"Sri Lanka small-tank power law (Telivarai Kulam), Imbulana ceiling-capped",validated_2021_2025,
20,Wagayakulama Wewa,6/14/2021,2021,6,0.370266519,10.71311025,3.456200027,S1_SAR,,0,0.002120605,"Sri Lanka small-tank power law (Telivarai Kulam), Imbulana ceiling-capped",validated_2021_2025,
20,Wagayakulama Wewa,6/20/2021,2021,6,0.310223312,10.71311025,2.895735274,S1_SAR,,0,0.001701025,"Sri Lanka small-tank power law (Telivarai Kulam), Imbulana ceiling-capped",validated_2021_2025,
20,Wagayakulama Wewa,7/2/2021,2021,7,0.110079249,10.71311025,1.027519052,S1_SAR,,0,0.000467748,"Sri Lanka small-tank power law (Telivarai Kulam), Imbulana ceiling-capped",validated_2021_2025,
20,Wagayakulama Wewa,7/14/2021,2021,7,0.030021613,10.71311025,0.280232462,S1_SAR,,0,9.27e-05,"Sri Lanka small-tank power law (Telivarai Kulam), Imbulana ceiling-capped",validated_2021_2025,
20,Wagayakulama Wewa,7/26/2021,2021,7,0.0,10.71311025,0.0,S1_SAR,,0,0.0,"Sri Lanka small-tank power law (Telivarai Kulam), Imbulana ceiling-capped",validated_2021_2025,
20,Wagayakulama Wewa,8/7/2021,2021,8,0.0,10.71311025,0.0,S1_SAR,,0,0.0,"Sri Lanka small-tank power law (Telivarai Kulam), Imbulana ceiling-capped",validated_2021_2025,
20,Wagayakulama Wewa,8/19/2021,2021,8,0.0,10.71311025,0.0,S1_SAR,,0,0.0,"Sri Lanka small-tank power law (Telivarai Kulam), Imbulana ceiling-capped",validated_2021_2025,
20,Wagayakulama Wewa,8/31/2021,2021,8,0.0,10.71311025,0.0,S1_SAR,,0,0.0,"Sri Lanka small-tank power law (Telivarai Kulam), Imbulana ceiling-capped",validated_2021_2025,
20,Wagayakulama Wewa,9/12/2021,2021,9,0.0,10.71311025,0.0,S1_SAR,,0,0.0,"Sri Lanka small-tank power law (Telivarai Kulam), Imbulana ceiling-capped",validated_2021_2025,
20,Wagayakulama Wewa,9/24/2021,2021,9,0.013735373,10.71311025,0.128210884,S1_SAR,,0,3.5e-05,"Sri Lanka small-tank power law (Telivarai Kulam), Imbulana ceiling-capped",validated_2021_2025,
20,Wagayakulama Wewa,10/6/2021,2021,10,0.0,10.71311025,0.0,S1_SAR,,0,0.0,"Sri Lanka small-tank power law (Telivarai Kulam), Imbulana ceiling-capped",validated_2021_2025,
20,Wagayakulama Wewa,10/18/2021,2021,10,0.0,10.71311025,0.0,S1_SAR,,0,0.0,"Sri Lanka small-tank power law (Telivarai Kulam), Imbulana ceiling-capped",validated_2021_2025,
20,Wagayakulama Wewa,10/30/2021,2021,10,0.140100823,10.71311025,1.307751157,S1_SAR,,0,0.000631714,"Sri Lanka small-tank power law (Telivarai Kulam), Imbulana ceiling-capped",validated_2021_2025,
20,Wagayakulama Wewa,11/17/2021,2021,11,0.838917562,10.71311025,7.830756362,S1_SAR,,0,0.005875903,"Sri Lanka small-tank power law (Telivarai Kulam), Imbulana ceiling-capped",validated_2021_2025,
20,Wagayakulama Wewa,11/23/2021,2021,11,0.680489758,10.71311025,6.35193461,S1_SAR,,0,0.004526979,"Sri Lanka small-tank power law (Telivarai Kulam), Imbulana ceiling-capped",validated_2021_2025,
20,Wagayakulama Wewa,12/5/2021,2021,12,0.050036024,10.71311025,0.467054136,S1_SAR,,0,0.000175115,"Sri Lanka small-tank power law (Telivarai Kulam), Imbulana ceiling-capped",validated_2021_2025,
20,Wagayakulama Wewa,12/17/2021,2021,12,0.0,10.71311025,0.0,S1_SAR,,0,0.0,"Sri Lanka small-tank power law (Telivarai Kulam), Imbulana ceiling-capped",validated_2021_2025,
20,Wagayakulama Wewa,12/29/2021,2021,12,0.0,10.71311025,0.0,S1_SAR,,0,0.0,"Sri Lanka small-tank power law (Telivarai Kulam), Imbulana ceiling-capped",validated_2021_2025,
20,Wagayakulama Wewa,1/10/2022,2022,1,0.090064848,10.71311025,0.840697477,S1_SAR,,0,0.000364263,"Sri Lanka small-tank power law (Telivarai Kulam), Imbulana ceiling-capped",validated_2021_2025,
20,Wagayakulama Wewa,1/22/2022,2022,1,0.100072052,10.71311025,0.9341083,S1_SAR,,0,0.000415368,"Sri Lanka small-tank power law (Telivarai Kulam), Imbulana ceiling-capped",validated_2021_2025,
20,Wagayakulama Wewa,2/3/2022,2022,2,0.320230569,10.71311025,2.989146589,S1_SAR,,0,0.001769669,"Sri Lanka small-tank power law (Telivarai Kulam), Imbulana ceiling-capped",validated_2021_2025,
20,Wagayakulama Wewa,2/15/2022,2022,2,0.230165716,10.71311025,2.148449055,S1_SAR,,0,0.001172671,"Sri Lanka small-tank power law (Telivarai Kulam), Imbulana ceiling-capped",validated_2021_2025,
20,Wagayakulama Wewa,2/27/2022,2022,2,0.230165717,10.71311025,2.148449069,S1_SAR,,0,0.001172671,"Sri Lanka small-tank power law (Telivarai Kulam), Imbulana ceiling-capped",validated_2021_2025,
20,Wagayakulama Wewa,3/11/2022,2022,3,0.16011528,10.71311025,1.494573252,S1_SAR,,0,0.000746077,"Sri Lanka small-tank power law (Telivarai Kulam), Imbulana ceiling-capped",validated_2021_2025,
20,Wagayakulama Wewa,3/23/2022,2022,3,0.230165719,10.71311025,2.148449083,S1_SAR,,0,0.001172671,"Sri Lanka small-tank power law (Telivarai Kulam), Imbulana ceiling-capped",validated_2021_2025,
20,Wagayakulama Wewa,4/4/2022,2022,4,0.0,10.71311025,0.0,S1_SAR,,0,0.0,"Sri Lanka small-tank power law (Telivarai Kulam), Imbulana ceiling-capped",validated_2021_2025,
20,Wagayakulama Wewa,4/16/2022,2022,4,0.240172921,10.71311025,2.241859885,S1_SAR,,0,0.00123654,"Sri Lanka small-tank power law (Telivarai Kulam), Imbulana ceiling-capped",validated_2021_2025,
20,Wagayakulama Wewa,4/28/2022,2022,4,0.230165717,10.71311025,2.148449062,S1_SAR,,0,0.001172671,"Sri Lanka small-tank power law (Telivarai Kulam), Imbulana ceiling-capped",validated_2021_2025,
20,Wagayakulama Wewa,5/10/2022,2022,5,0.200144083,10.71311025,1.868216401,S1_SAR,,0,0.000985239,"Sri Lanka small-tank power law (Telivarai Kulam), Imbulana ceiling-capped",validated_2021_2025,
20,Wagayakulama Wewa,5/22/2022,2022,5,0.330237734,10.71311025,3.082557041,S1_SAR,,0,0.001838843,"Sri Lanka small-tank power law (Telivarai Kulam), Imbulana ceiling-capped",validated_2021_2025,
20,Wagayakulama Wewa,6/3/2022,2022,6,0.280201716,10.71311025,2.615502962,S1_SAR,,0,0.001498405,"Sri Lanka small-tank power law (Telivarai Kulam), Imbulana ceiling-capped",validated_2021_2025,
20,Wagayakulama Wewa,6/15/2022,2022,6,0.320230527,10.71311025,2.989146197,S1_SAR,,0,0.001769669,"Sri Lanka small-tank power law (Telivarai Kulam), Imbulana ceiling-capped",validated_2021_2025,
20,Wagayakulama Wewa,6/27/2022,2022,6,0.180129677,10.71311025,1.681394783,S1_SAR,,0,0.00086402,"Sri Lanka small-tank power law (Telivarai Kulam), Imbulana ceiling-capped",validated_2021_2025,
20,Wagayakulama Wewa,7/9/2022,2022,7,0.41029537,10.71311025,3.829843631,S1_SAR,,0,0.002409977,"Sri Lanka small-tank power law (Telivarai Kulam), Imbulana ceiling-capped",validated_2021_2025,
20,Wagayakulama Wewa,7/21/2022,2022,7,0.160115265,10.71311025,1.494573109,S1_SAR,,0,0.000746077,"Sri Lanka small-tank power law (Telivarai Kulam), Imbulana ceiling-capped",validated_2021_2025,
20,Wagayakulama Wewa,8/2/2022,2022,8,0.300216125,10.71311025,2.802324608,S1_SAR,,0,0.001632924,"Sri Lanka small-tank power law (Telivarai Kulam), Imbulana ceiling-capped",validated_2021_2025,
20,Wagayakulama Wewa,8/14/2022,2022,8,0.260187305,10.71311025,2.428681295,S1_SAR,,0,0.001366232,"Sri Lanka small-tank power law (Telivarai Kulam), Imbulana ceiling-capped",validated_2021_2025,
20,Wagayakulama Wewa,8/26/2022,2022,8,0.140100863,10.71311025,1.307751527,S1_SAR,,0,0.000631714,"Sri Lanka small-tank power law (Telivarai Kulam), Imbulana ceiling-capped",validated_2021_2025,
20,Wagayakulama Wewa,9/7/2022,2022,9,0.080057634,10.71311025,0.747286569,S1_SAR,,0,0.000314539,"Sri Lanka small-tank power law (Telivarai Kulam), Imbulana ceiling-capped",validated_2021_2025,
20,Wagayakulama Wewa,9/19/2022,2022,9,0.110079247,10.71311025,1.02751903,S1_SAR,,0,0.000467748,"Sri Lanka small-tank power law (Telivarai Kulam), Imbulana ceiling-capped",validated_2021_2025,
20,Wagayakulama Wewa,10/1/2022,2022,10,0.040028818,10.71311025,0.373643292,S1_SAR,,0,0.000132607,"Sri Lanka small-tank power law (Telivarai Kulam), Imbulana ceiling-capped",validated_2021_2025,
20,Wagayakulama Wewa,10/13/2022,2022,10,0.0,10.71311025,0.0,S1_SAR,,0,0.0,"Sri Lanka small-tank power law (Telivarai Kulam), Imbulana ceiling-capped",validated_2021_2025,
20,Wagayakulama Wewa,10/25/2022,2022,10,0.0,10.71311025,0.0,S1_SAR,,0,0.0,"Sri Lanka small-tank power law (Telivarai Kulam), Imbulana ceiling-capped",validated_2021_2025,
20,Wagayakulama Wewa,11/6/2022,2022,11,0.0,10.71311025,0.0,S1_SAR,,0,0.0,"Sri Lanka small-tank power law (Telivarai Kulam), Imbulana ceiling-capped",validated_2021_2025,
20,Wagayakulama Wewa,11/18/2022,2022,11,0.0,10.71311025,0.0,S1_SAR,,0,0.0,"Sri Lanka small-tank power law (Telivarai Kulam), Imbulana ceiling-capped",validated_2021_2025,
20,Wagayakulama Wewa,11/30/2022,2022,11,0.0,10.71311025,0.0,S1_SAR,,0,0.0,"Sri Lanka small-tank power law (Telivarai Kulam), Imbulana ceiling-capped",validated_2021_2025,
20,Wagayakulama Wewa,12/12/2022,2022,12,0.0,10.71311025,0.0,S1_SAR,,0,0.0,"Sri Lanka small-tank power law (Telivarai Kulam), Imbulana ceiling-capped",validated_2021_2025,
20,Wagayakulama Wewa,12/24/2022,2022,12,0.0,10.71311025,0.0,S1_SAR,,0,0.0,"Sri Lanka small-tank power law (Telivarai Kulam), Imbulana ceiling-capped",validated_2021_2025,
20,Wagayakulama Wewa,1/5/2023,2023,1,0.0,10.71311025,0.0,S1_SAR,,0,0.0,"Sri Lanka small-tank power law (Telivarai Kulam), Imbulana ceiling-capped",validated_2021_2025,
20,Wagayakulama Wewa,1/17/2023,2023,1,0.0,10.71311025,0.0,S1_SAR,,0,0.0,"Sri Lanka small-tank power law (Telivarai Kulam), Imbulana ceiling-capped",validated_2021_2025,
20,Wagayakulama Wewa,1/29/2023,2023,1,0.0,10.71311025,0.0,S1_SAR,,0,0.0,"Sri Lanka small-tank power law (Telivarai Kulam), Imbulana ceiling-capped",validated_2021_2025,
20,Wagayakulama Wewa,2/10/2023,2023,2,0.0,10.71311025,0.0,S1_SAR,,0,0.0,"Sri Lanka small-tank power law (Telivarai Kulam), Imbulana ceiling-capped",validated_2021_2025,
20,Wagayakulama Wewa,2/22/2023,2023,2,0.0,10.71311025,0.0,S1_SAR,,0,0.0,"Sri Lanka small-tank power law (Telivarai Kulam), Imbulana ceiling-capped",validated_2021_2025,
20,Wagayakulama Wewa,3/6/2023,2023,3,0.0,10.71311025,0.0,S1_SAR,,0,0.0,"Sri Lanka small-tank power law (Telivarai Kulam), Imbulana ceiling-capped",validated_2021_2025,
20,Wagayakulama Wewa,3/18/2023,2023,3,0.0,10.71311025,0.0,S1_SAR,,0,0.0,"Sri Lanka small-tank power law (Telivarai Kulam), Imbulana ceiling-capped",validated_2021_2025,
20,Wagayakulama Wewa,3/30/2023,2023,3,0.0,10.71311025,0.0,S1_SAR,,0,0.0,"Sri Lanka small-tank power law (Telivarai Kulam), Imbulana ceiling-capped",validated_2021_2025,
20,Wagayakulama Wewa,4/11/2023,2023,4,0.0,10.71311025,0.0,S1_SAR,,0,0.0,"Sri Lanka small-tank power law (Telivarai Kulam), Imbulana ceiling-capped",validated_2021_2025,
20,Wagayakulama Wewa,4/23/2023,2023,4,0.0,10.71311025,0.0,S1_SAR,,0,0.0,"Sri Lanka small-tank power law (Telivarai Kulam), Imbulana ceiling-capped",validated_2021_2025,
20,Wagayakulama Wewa,5/5/2023,2023,5,0.0,10.71311025,0.0,S1_SAR,,0,0.0,"Sri Lanka small-tank power law (Telivarai Kulam), Imbulana ceiling-capped",validated_2021_2025,
20,Wagayakulama Wewa,5/17/2023,2023,5,0.0,10.71311025,0.0,S1_SAR,,0,0.0,"Sri Lanka small-tank power law (Telivarai Kulam), Imbulana ceiling-capped",validated_2021_2025,
20,Wagayakulama Wewa,5/29/2023,2023,5,0.0,10.71311025,0.0,S1_SAR,,0,0.0,"Sri Lanka small-tank power law (Telivarai Kulam), Imbulana ceiling-capped",validated_2021_2025,
20,Wagayakulama Wewa,6/10/2023,2023,6,0.030021612,10.71311025,0.280232454,S1_SAR,,0,9.27e-05,"Sri Lanka small-tank power law (Telivarai Kulam), Imbulana ceiling-capped",validated_2021_2025,
20,Wagayakulama Wewa,6/22/2023,2023,6,0.140100854,10.71311025,1.307751442,S1_SAR,,0,0.000631714,"Sri Lanka small-tank power law (Telivarai Kulam), Imbulana ceiling-capped",validated_2021_2025,
20,Wagayakulama Wewa,7/4/2023,2023,7,0.060043224,10.71311025,0.560464909,S1_SAR,,0,0.000219781,"Sri Lanka small-tank power law (Telivarai Kulam), Imbulana ceiling-capped",validated_2021_2025,
20,Wagayakulama Wewa,7/16/2023,2023,7,0.220158487,10.71311025,2.055038004,S1_SAR,,0,0.001109482,"Sri Lanka small-tank power law (Telivarai Kulam), Imbulana ceiling-capped",validated_2021_2025,
20,Wagayakulama Wewa,7/28/2023,2023,7,0.320230531,10.71311025,2.989146233,S1_SAR,,0,0.001769669,"Sri Lanka small-tank power law (Telivarai Kulam), Imbulana ceiling-capped",validated_2021_2025,
20,Wagayakulama Wewa,8/9/2023,2023,8,0.443181792,10.71311025,4.13681724,S1_SAR,,0,0.002653006,"Sri Lanka small-tank power law (Telivarai Kulam), Imbulana ceiling-capped",validated_2021_2025,
20,Wagayakulama Wewa,9/2/2023,2023,9,0.712983867,10.71311025,6.655246244,S1_SAR,,0,0.004797907,"Sri Lanka small-tank power law (Telivarai Kulam), Imbulana ceiling-capped",validated_2021_2025,
20,Wagayakulama Wewa,9/14/2023,2023,9,0.832717057,10.71311025,7.77287863,S1_SAR,,0,0.005821836,"Sri Lanka small-tank power law (Telivarai Kulam), Imbulana ceiling-capped",validated_2021_2025,
20,Wagayakulama Wewa,9/26/2023,2023,9,0.817686611,10.71311025,7.632579074,S1_SAR,,0,0.005691185,"Sri Lanka small-tank power law (Telivarai Kulam), Imbulana ceiling-capped",validated_2021_2025,
20,Wagayakulama Wewa,10/8/2023,2023,10,0.544352663,10.71311025,5.081182309,S1_SAR,,0,0.00342777,"Sri Lanka small-tank power law (Telivarai Kulam), Imbulana ceiling-capped",validated_2021_2025,
20,Wagayakulama Wewa,10/20/2023,2023,10,0.600432259,10.71311025,5.604649309,S1_SAR,,0,0.00387324,"Sri Lanka small-tank power law (Telivarai Kulam), Imbulana ceiling-capped",validated_2021_2025,
20,Wagayakulama Wewa,11/1/2023,2023,11,0.030021613,10.71311025,0.280232469,S1_SAR,,0,9.27e-05,"Sri Lanka small-tank power law (Telivarai Kulam), Imbulana ceiling-capped",validated_2021_2025,
20,Wagayakulama Wewa,11/13/2023,2023,11,4.431384902,10.71311025,41.36413049,S1_SAR,,0,0.046748626,"Sri Lanka small-tank power law (Telivarai Kulam), Imbulana ceiling-capped",validated_2021_2025,
20,Wagayakulama Wewa,11/25/2023,2023,11,3.804580908,10.71311025,35.51331799,S1_SAR,,0,0.038657827,"Sri Lanka small-tank power law (Telivarai Kulam), Imbulana ceiling-capped",validated_2021_2025,
20,Wagayakulama Wewa,12/7/2023,2023,12,3.927649786,10.71311025,36.66208688,S1_SAR,,0,0.040222189,"Sri Lanka small-tank power law (Telivarai Kulam), Imbulana ceiling-capped",validated_2021_2025,
20,Wagayakulama Wewa,12/19/2023,2023,12,3.610127369,10.71311025,33.69821916,S1_SAR,,0,0.036211482,"Sri Lanka small-tank power law (Telivarai Kulam), Imbulana ceiling-capped",validated_2021_2025,
20,Wagayakulama Wewa,12/31/2023,2023,12,3.410885922,10.71311025,31.83842827,S1_SAR,,0,0.033738339,"Sri Lanka small-tank power law (Telivarai Kulam), Imbulana ceiling-capped",validated_2021_2025,
20,Wagayakulama Wewa,1/12/2024,2024,1,3.67939287,10.71311025,34.34476809,S1_SAR,,0,0.037079257,"Sri Lanka small-tank power law (Telivarai Kulam), Imbulana ceiling-capped",validated_2021_2025,
20,Wagayakulama Wewa,1/24/2024,2024,1,3.260071551,10.71311025,30.43067304,S1_SAR,,0,0.031889708,"Sri Lanka small-tank power law (Telivarai Kulam), Imbulana ceiling-capped",validated_2021_2025,
20,Wagayakulama Wewa,2/5/2024,2024,2,2.949652299,10.71311025,27.53310879,S1_SAR,,0,0.028151424,"Sri Lanka small-tank power law (Telivarai Kulam), Imbulana ceiling-capped",validated_2021_2025,
20,Wagayakulama Wewa,2/17/2024,2024,2,2.711951844,10.71311025,25.31432779,S1_SAR,,0,0.025353167,"Sri Lanka small-tank power law (Telivarai Kulam), Imbulana ceiling-capped",validated_2021_2025,
20,Wagayakulama Wewa,2/29/2024,2024,2,2.741973631,10.71311025,25.59456188,S1_SAR,,0,0.025703373,"Sri Lanka small-tank power law (Telivarai Kulam), Imbulana ceiling-capped",validated_2021_2025,
20,Wagayakulama Wewa,3/12/2024,2024,3,2.842045575,10.71311025,26.52866917,S1_SAR,,0,0.026877498,"Sri Lanka small-tank power law (Telivarai Kulam), Imbulana ceiling-capped",validated_2021_2025,
20,Wagayakulama Wewa,3/24/2024,2024,3,2.611879851,10.71311025,24.38022004,S1_SAR,,0,0.024192747,"Sri Lanka small-tank power law (Telivarai Kulam), Imbulana ceiling-capped",validated_2021_2025,
20,Wagayakulama Wewa,4/5/2024,2024,4,2.341685439,10.71311025,21.85812882,S1_SAR,,0,0.021114954,"Sri Lanka small-tank power law (Telivarai Kulam), Imbulana ceiling-capped",validated_2021_2025,
20,Wagayakulama Wewa,4/17/2024,2024,4,2.411735693,10.71311025,22.51200293,S1_SAR,,0,0.021904908,"Sri Lanka small-tank power law (Telivarai Kulam), Imbulana ceiling-capped",validated_2021_2025,
20,Wagayakulama Wewa,4/29/2024,2024,4,2.001440421,10.71311025,18.68216022,S1_SAR,,0,0.017363003,"Sri Lanka small-tank power law (Telivarai Kulam), Imbulana ceiling-capped",validated_2021_2025,
20,Wagayakulama Wewa,5/11/2024,2024,5,1.931389732,10.71311025,18.02828205,S1_SAR,,0,0.016609039,"Sri Lanka small-tank power law (Telivarai Kulam), Imbulana ceiling-capped",validated_2021_2025,
20,Wagayakulama Wewa,5/23/2024,2024,5,1.409720088,10.71311025,13.15883115,S1_SAR,,0,0.011219119,"Sri Lanka small-tank power law (Telivarai Kulam), Imbulana ceiling-capped",validated_2021_2025,
20,Wagayakulama Wewa,6/4/2024,2024,6,2.511375322,10.71311025,23.44207484,S1_SAR,,0,0.023038276,"Sri Lanka small-tank power law (Telivarai Kulam), Imbulana ceiling-capped",validated_2021_2025,
20,Wagayakulama Wewa,6/16/2024,2024,6,2.126039273,10.71311025,19.84521044,S1_SAR,,0,0.018720087,"Sri Lanka small-tank power law (Telivarai Kulam), Imbulana ceiling-capped",validated_2021_2025,
20,Wagayakulama Wewa,7/10/2024,2024,7,1.38295583,10.71311025,12.909004,S1_SAR,,0,0.010954325,"Sri Lanka small-tank power law (Telivarai Kulam), Imbulana ceiling-capped",validated_2021_2025,
20,Wagayakulama Wewa,7/22/2024,2024,7,1.523135075,10.71311025,14.21748717,S1_SAR,,0,0.012354752,"Sri Lanka small-tank power law (Telivarai Kulam), Imbulana ceiling-capped",validated_2021_2025,
20,Wagayakulama Wewa,8/3/2024,2024,8,1.030741663,10.71311025,9.621311082,S1_SAR,,0,0.007594733,"Sri Lanka small-tank power law (Telivarai Kulam), Imbulana ceiling-capped",validated_2021_2025,
20,Wagayakulama Wewa,8/15/2024,2024,8,0.371600652,10.71311025,3.468653295,S1_SAR,,0,0.00213013,"Sri Lanka small-tank power law (Telivarai Kulam), Imbulana ceiling-capped",validated_2021_2025,
20,Wagayakulama Wewa,8/27/2024,2024,8,0.200144013,10.71311025,1.868215753,S1_SAR,,0,0.000985238,"Sri Lanka small-tank power law (Telivarai Kulam), Imbulana ceiling-capped",validated_2021_2025,
20,Wagayakulama Wewa,9/20/2024,2024,9,0.040028781,10.71311025,0.37364295,S1_SAR,,0,0.000132607,"Sri Lanka small-tank power law (Telivarai Kulam), Imbulana ceiling-capped",validated_2021_2025,
20,Wagayakulama Wewa,10/2/2024,2024,10,0.0,10.71311025,0.0,S1_SAR,,0,0.0,"Sri Lanka small-tank power law (Telivarai Kulam), Imbulana ceiling-capped",validated_2021_2025,
20,Wagayakulama Wewa,10/14/2024,2024,10,0.170122329,10.71311025,1.587982622,S1_SAR,,0,0.000804621,"Sri Lanka small-tank power law (Telivarai Kulam), Imbulana ceiling-capped",validated_2021_2025,
20,Wagayakulama Wewa,10/26/2024,2024,10,0.210151122,10.71311025,1.961625685,S1_SAR,,0,0.001046995,"Sri Lanka small-tank power law (Telivarai Kulam), Imbulana ceiling-capped",validated_2021_2025,
20,Wagayakulama Wewa,11/7/2024,2024,11,0.362417648,10.71311025,3.382935854,S1_SAR,,0,0.002064737,"Sri Lanka small-tank power law (Telivarai Kulam), Imbulana ceiling-capped",validated_2021_2025,
20,Wagayakulama Wewa,11/19/2024,2024,11,0.465707628,10.71311025,4.347081446,S1_SAR,,0,0.002822073,"Sri Lanka small-tank power law (Telivarai Kulam), Imbulana ceiling-capped",validated_2021_2025,
20,Wagayakulama Wewa,12/13/2024,2024,12,2.430768389,10.71311025,22.68966092,S1_SAR,,0,0.022120524,"Sri Lanka small-tank power law (Telivarai Kulam), Imbulana ceiling-capped",validated_2021_2025,
20,Wagayakulama Wewa,12/25/2024,2024,12,2.394820697,10.71311025,22.35411232,S1_SAR,,0,0.021713635,"Sri Lanka small-tank power law (Telivarai Kulam), Imbulana ceiling-capped",validated_2021_2025,
20,Wagayakulama Wewa,1/6/2025,2025,1,3.052196512,10.71311025,28.49029312,S1_SAR,,0,0.029376112,"Sri Lanka small-tank power law (Telivarai Kulam), Imbulana ceiling-capped",validated_2021_2025,
20,Wagayakulama Wewa,1/18/2025,2025,1,3.64489742,10.71311025,34.02277524,S1_SAR,,0,0.036646582,"Sri Lanka small-tank power law (Telivarai Kulam), Imbulana ceiling-capped",validated_2021_2025,
20,Wagayakulama Wewa,1/30/2025,2025,1,3.421952723,10.71311025,31.94172975,S1_SAR,,0,0.033874797,"Sri Lanka small-tank power law (Telivarai Kulam), Imbulana ceiling-capped",validated_2021_2025,
20,Wagayakulama Wewa,2/11/2025,2025,2,4.026740887,10.71311025,37.58703864,S1_SAR,,0,0.041490578,"Sri Lanka small-tank power law (Telivarai Kulam), Imbulana ceiling-capped",validated_2021_2025,
20,Wagayakulama Wewa,2/23/2025,2025,2,3.582578176,10.71311025,33.44106514,S1_SAR,,0,0.035867472,"Sri Lanka small-tank power law (Telivarai Kulam), Imbulana ceiling-capped",validated_2021_2025,
20,Wagayakulama Wewa,3/7/2025,2025,3,2.922103031,10.71311025,27.27595408,S1_SAR,,0,0.027824169,"Sri Lanka small-tank power law (Telivarai Kulam), Imbulana ceiling-capped",validated_2021_2025,
20,Wagayakulama Wewa,3/19/2025,2025,3,2.8220313,10.71311025,26.34184877,S1_SAR,,0,0.026641848,"Sri Lanka small-tank power law (Telivarai Kulam), Imbulana ceiling-capped",validated_2021_2025,
20,Wagayakulama Wewa,3/31/2025,2025,3,2.960523064,10.71311025,27.6345804,S1_SAR,,0,0.028280764,"Sri Lanka small-tank power law (Telivarai Kulam), Imbulana ceiling-capped",validated_2021_2025,
20,Wagayakulama Wewa,4/12/2025,2025,4,2.874264138,10.71311025,26.82940876,S1_SAR,,0,0.027257701,"Sri Lanka small-tank power law (Telivarai Kulam), Imbulana ceiling-capped",validated_2021_2025,
20,Wagayakulama Wewa,4/24/2025,2025,4,3.488745392,10.71311025,32.5651964,S1_SAR,,0,0.034700674,"Sri Lanka small-tank power law (Telivarai Kulam), Imbulana ceiling-capped",validated_2021_2025,
20,Wagayakulama Wewa,5/6/2025,2025,5,2.55061916,10.71311025,23.80839085,S1_SAR,,0,0.023487732,"Sri Lanka small-tank power law (Telivarai Kulam), Imbulana ceiling-capped",validated_2021_2025,
20,Wagayakulama Wewa,5/18/2025,2025,5,2.307777591,10.71311025,21.54162085,S1_SAR,,0,0.020734649,"Sri Lanka small-tank power law (Telivarai Kulam), Imbulana ceiling-capped",validated_2021_2025,
20,Wagayakulama Wewa,5/30/2025,2025,5,2.64350946,10.71311025,24.67546212,S1_SAR,,0,0.024558357,"Sri Lanka small-tank power law (Telivarai Kulam), Imbulana ceiling-capped",validated_2021_2025,
20,Wagayakulama Wewa,6/11/2025,2025,6,2.776428715,10.71311025,25.91617795,S1_SAR,,0,0.026106457,"Sri Lanka small-tank power law (Telivarai Kulam), Imbulana ceiling-capped",validated_2021_2025,
20,Wagayakulama Wewa,6/23/2025,2025,6,3.391106382,10.71311025,31.65379898,S1_SAR,,0,0.033494721,"Sri Lanka small-tank power law (Telivarai Kulam), Imbulana ceiling-capped",validated_2021_2025,
20,Wagayakulama Wewa,7/5/2025,2025,7,2.689542789,10.71311025,25.10515366,S1_SAR,,0,0.025092384,"Sri Lanka small-tank power law (Telivarai Kulam), Imbulana ceiling-capped",validated_2021_2025,
20,Wagayakulama Wewa,7/17/2025,2025,7,2.911074884,10.71311025,27.17301341,S1_SAR,,0,0.027693379,"Sri Lanka small-tank power law (Telivarai Kulam), Imbulana ceiling-capped",validated_2021_2025,
20,Wagayakulama Wewa,7/29/2025,2025,7,2.892080917,10.71311025,26.99571693,S1_SAR,,0,0.027468403,"Sri Lanka small-tank power law (Telivarai Kulam), Imbulana ceiling-capped",validated_2021_2025,
20,Wagayakulama Wewa,8/10/2025,2025,8,2.661915265,10.71311025,24.84726848,S1_SAR,,0,0.024771608,"Sri Lanka small-tank power law (Telivarai Kulam), Imbulana ceiling-capped",validated_2021_2025,
20,Wagayakulama Wewa,8/22/2025,2025,8,2.301656148,10.71311025,21.48448112,S1_SAR,,0,0.020666138,"Sri Lanka small-tank power law (Telivarai Kulam), Imbulana ceiling-capped",validated_2021_2025,
20,Wagayakulama Wewa,9/3/2025,2025,9,1.411015522,10.71311025,13.17092319,S1_SAR,,0,0.011231967,"Sri Lanka small-tank power law (Telivarai Kulam), Imbulana ceiling-capped",validated_2021_2025,
20,Wagayakulama Wewa,9/15/2025,2025,9,1.551116222,10.71311025,14.4786732,S1_SAR,,0,0.012638207,"Sri Lanka small-tank power law (Telivarai Kulam), Imbulana ceiling-capped",validated_2021_2025,
20,Wagayakulama Wewa,9/27/2025,2025,9,1.611159484,10.71311025,15.03913847,S1_SAR,,0,0.013250694,"Sri Lanka small-tank power law (Telivarai Kulam), Imbulana ceiling-capped",validated_2021_2025,
20,Wagayakulama Wewa,10/9/2025,2025,10,1.100792204,10.71311025,10.27518787,S1_SAR,,0,0.008243185,"Sri Lanka small-tank power law (Telivarai Kulam), Imbulana ceiling-capped",validated_2021_2025,
20,Wagayakulama Wewa,10/21/2025,2025,10,3.202696035,10.71311025,29.89510946,S1_SAR,,0,0.031191875,"Sri Lanka small-tank power law (Telivarai Kulam), Imbulana ceiling-capped",validated_2021_2025,
20,Wagayakulama Wewa,11/2/2025,2025,11,3.903239439,10.71311025,36.43423197,S1_SAR,,0,0.039910931,"Sri Lanka small-tank power law (Telivarai Kulam), Imbulana ceiling-capped",validated_2021_2025,
20,Wagayakulama Wewa,11/14/2025,2025,11,2.351495315,10.71311025,21.94969772,S1_SAR,,0,0.021225233,"Sri Lanka small-tank power law (Telivarai Kulam), Imbulana ceiling-capped",validated_2021_2025,
20,Wagayakulama Wewa,11/26/2025,2025,11,2.890785516,10.71311025,26.9836252,S1_SAR,,0,0.027453073,"Sri Lanka small-tank power law (Telivarai Kulam), Imbulana ceiling-capped",validated_2021_2025,
20,Wagayakulama Wewa,12/2/2025,2025,12,3.720402037,10.71311025,34.72756232,S1_SAR,,0,0.037594932,"Sri Lanka small-tank power law (Telivarai Kulam), Imbulana ceiling-capped",validated_2021_2025,
20,Wagayakulama Wewa,12/8/2025,2025,12,2.848009761,10.71311025,26.58434101,S1_SAR,,0,0.0269478,"Sri Lanka small-tank power law (Telivarai Kulam), Imbulana ceiling-capped",validated_2021_2025,
20,Wagayakulama Wewa,12/20/2025,2025,12,2.696802871,10.71311025,25.17292186,S1_SAR,,0,0.025176814,"Sri Lanka small-tank power law (Telivarai Kulam), Imbulana ceiling-capped",validated_2021_2025,
11,Walagambahuwa Wewa,1/3/2021,2021,1,2.011462943,26.38099737,7.624666021,S1_SAR,,0,0.017471414,"Sri Lanka small-tank power law (Telivarai Kulam), Imbulana ceiling-capped",validated_2021_2025,
11,Walagambahuwa Wewa,1/15/2021,2021,1,5.654111939,26.38099737,21.43251773,S1_SAR,,0,0.063333798,"Sri Lanka small-tank power law (Telivarai Kulam), Imbulana ceiling-capped",validated_2021_2025,
11,Walagambahuwa Wewa,1/27/2021,2021,1,4.973616962,26.38099737,18.85302853,S1_SAR,,0,0.053980708,"Sri Lanka small-tank power law (Telivarai Kulam), Imbulana ceiling-capped",validated_2021_2025,
11,Walagambahuwa Wewa,2/8/2021,2021,2,5.734169701,26.38099737,21.73598527,S1_SAR,,0,0.064453172,"Sri Lanka small-tank power law (Telivarai Kulam), Imbulana ceiling-capped",validated_2021_2025,
11,Walagambahuwa Wewa,2/20/2021,2021,2,4.062954134,26.38099737,15.40106341,S1_SAR,,0,0.041956046,"Sri Lanka small-tank power law (Telivarai Kulam), Imbulana ceiling-capped",validated_2021_2025,
11,Walagambahuwa Wewa,3/4/2021,2021,3,3.932859402,26.38099737,14.90792538,S1_SAR,,0,0.040288679,"Sri Lanka small-tank power law (Telivarai Kulam), Imbulana ceiling-capped",validated_2021_2025,
11,Walagambahuwa Wewa,3/16/2021,2021,3,2.551855041,26.38099737,9.673080228,S1_SAR,,0,0.023501915,"Sri Lanka small-tank power law (Telivarai Kulam), Imbulana ceiling-capped",validated_2021_2025,
11,Walagambahuwa Wewa,3/28/2021,2021,3,2.331694913,26.38099737,8.838539653,S1_SAR,,0,0.02100276,"Sri Lanka small-tank power law (Telivarai Kulam), Imbulana ceiling-capped",validated_2021_2025,
11,Walagambahuwa Wewa,4/9/2021,2021,4,1.340974638,26.38099737,5.083108189,S1_SAR,,0,0.010541523,"Sri Lanka small-tank power law (Telivarai Kulam), Imbulana ceiling-capped",validated_2021_2025,
11,Walagambahuwa Wewa,4/21/2021,2021,4,1.290938234,26.38099737,4.893439834,S1_SAR,,0,0.01005366,"Sri Lanka small-tank power law (Telivarai Kulam), Imbulana ceiling-capped",validated_2021_2025,
11,Walagambahuwa Wewa,5/3/2021,2021,5,0.550400037,26.38099737,2.086350374,S1_SAR,,0,0.003475285,"Sri Lanka small-tank power law (Telivarai Kulam), Imbulana ceiling-capped",validated_2021_2025,
11,Walagambahuwa Wewa,5/15/2021,2021,5,0.930676398,26.38099737,3.527828704,S1_SAR,,0,0.006687246,"Sri Lanka small-tank power law (Telivarai Kulam), Imbulana ceiling-capped",validated_2021_2025,
11,Walagambahuwa Wewa,5/27/2021,2021,5,0.650472733,26.38099737,2.465686661,S1_SAR,,0,0.004279515,"Sri Lanka small-tank power law (Telivarai Kulam), Imbulana ceiling-capped",validated_2021_2025,
11,Walagambahuwa Wewa,6/8/2021,2021,6,0.550400027,26.38099737,2.086350334,S1_SAR,,0,0.003475285,"Sri Lanka small-tank power law (Telivarai Kulam), Imbulana ceiling-capped",validated_2021_2025,
11,Walagambahuwa Wewa,6/14/2021,2021,6,0.540392735,26.38099737,2.048416619,S1_SAR,,0,0.003396726,"Sri Lanka small-tank power law (Telivarai Kulam), Imbulana ceiling-capped",validated_2021_2025,
11,Walagambahuwa Wewa,6/20/2021,2021,6,0.220159996,26.38099737,0.834540078,S1_SAR,,0,0.001109491,"Sri Lanka small-tank power law (Telivarai Kulam), Imbulana ceiling-capped",validated_2021_2025,
11,Walagambahuwa Wewa,7/2/2021,2021,7,0.170123621,26.38099737,0.644871833,S1_SAR,,0,0.000804628,"Sri Lanka small-tank power law (Telivarai Kulam), Imbulana ceiling-capped",validated_2021_2025,
11,Walagambahuwa Wewa,7/14/2021,2021,7,0.050036388,26.38099737,0.189668294,S1_SAR,,0,0.000175117,"Sri Lanka small-tank power law (Telivarai Kulam), Imbulana ceiling-capped",validated_2021_2025,
11,Walagambahuwa Wewa,7/26/2021,2021,7,0.0,26.38099737,0.0,S1_SAR,,0,0.0,"Sri Lanka small-tank power law (Telivarai Kulam), Imbulana ceiling-capped",validated_2021_2025,
11,Walagambahuwa Wewa,8/7/2021,2021,8,0.160116508,26.38099737,0.606938799,S1_SAR,,0,0.000746084,"Sri Lanka small-tank power law (Telivarai Kulam), Imbulana ceiling-capped",validated_2021_2025,
11,Walagambahuwa Wewa,8/19/2021,2021,8,0.192728545,26.38099737,0.730558222,S1_SAR,,0,0.000939961,"Sri Lanka small-tank power law (Telivarai Kulam), Imbulana ceiling-capped",validated_2021_2025,
11,Walagambahuwa Wewa,8/31/2021,2021,8,0.120087422,26.38099737,0.455204254,S1_SAR,,0,0.000521319,"Sri Lanka small-tank power law (Telivarai Kulam), Imbulana ceiling-capped",validated_2021_2025,
11,Walagambahuwa Wewa,9/12/2021,2021,9,0.160116572,26.38099737,0.606939039,S1_SAR,,0,0.000746084,"Sri Lanka small-tank power law (Telivarai Kulam), Imbulana ceiling-capped",validated_2021_2025,
11,Walagambahuwa Wewa,9/24/2021,2021,9,0.683203393,26.38099737,2.589755737,S1_SAR,,0,0.004549485,"Sri Lanka small-tank power law (Telivarai Kulam), Imbulana ceiling-capped",validated_2021_2025,
11,Walagambahuwa Wewa,10/6/2021,2021,10,0.0,26.38099737,0.0,S1_SAR,,0,0.0,"Sri Lanka small-tank power law (Telivarai Kulam), Imbulana ceiling-capped",validated_2021_2025,
11,Walagambahuwa Wewa,10/18/2021,2021,10,0.0,26.38099737,0.0,S1_SAR,,0,0.0,"Sri Lanka small-tank power law (Telivarai Kulam), Imbulana ceiling-capped",validated_2021_2025,
11,Walagambahuwa Wewa,10/30/2021,2021,10,0.0,26.38099737,0.0,S1_SAR,,0,0.0,"Sri Lanka small-tank power law (Telivarai Kulam), Imbulana ceiling-capped",validated_2021_2025,
11,Walagambahuwa Wewa,11/17/2021,2021,11,8.225983611,26.38099737,31.18147315,S1_SAR,,0,0.10104786,"Sri Lanka small-tank power law (Telivarai Kulam), Imbulana ceiling-capped",validated_2021_2025,
11,Walagambahuwa Wewa,11/23/2021,2021,11,3.332424052,26.38099737,12.63191079,S1_SAR,,0,0.032774013,"Sri Lanka small-tank power law (Telivarai Kulam), Imbulana ceiling-capped",validated_2021_2025,
11,Walagambahuwa Wewa,12/5/2021,2021,12,0.190138306,26.38099737,0.720739644,S1_SAR,,0,0.000924245,"Sri Lanka small-tank power law (Telivarai Kulam), Imbulana ceiling-capped",validated_2021_2025,
11,Walagambahuwa Wewa,12/17/2021,2021,12,0.100072803,26.38099737,0.379336692,S1_SAR,,0,0.000415372,"Sri Lanka small-tank power law (Telivarai Kulam), Imbulana ceiling-capped",validated_2021_2025,
11,Walagambahuwa Wewa,12/29/2021,2021,12,0.0,26.38099737,0.0,S1_SAR,,0,0.0,"Sri Lanka small-tank power law (Telivarai Kulam), Imbulana ceiling-capped",validated_2021_2025,
11,Walagambahuwa Wewa,1/10/2022,2022,1,0.250181907,26.38099737,0.948341351,S1_SAR,,0,0.001301078,"Sri Lanka small-tank power law (Telivarai Kulam), Imbulana ceiling-capped",validated_2021_2025,
11,Walagambahuwa Wewa,1/22/2022,2022,1,0.120087305,26.38099737,0.455203808,S1_SAR,,0,0.000521319,"Sri Lanka small-tank power law (Telivarai Kulam), Imbulana ceiling-capped",validated_2021_2025,
11,Walagambahuwa Wewa,2/3/2022,2022,2,2.231622556,26.38099737,8.45920465,S1_SAR,,0,0.019885534,"Sri Lanka small-tank power law (Telivarai Kulam), Imbulana ceiling-capped",validated_2021_2025,
11,Walagambahuwa Wewa,2/15/2022,2022,2,4.643376651,26.38099737,17.60121722,S1_SAR,,0,0.049551569,"Sri Lanka small-tank power law (Telivarai Kulam), Imbulana ceiling-capped",validated_2021_2025,
11,Walagambahuwa Wewa,2/27/2022,2022,2,4.243085388,26.38099737,16.08387025,S1_SAR,,0,0.04428642,"Sri Lanka small-tank power law (Telivarai Kulam), Imbulana ceiling-capped",validated_2021_2025,
11,Walagambahuwa Wewa,3/11/2022,2022,3,4.052946774,26.38099737,15.36312944,S1_SAR,,0,0.041827313,"Sri Lanka small-tank power law (Telivarai Kulam), Imbulana ceiling-capped",validated_2021_2025,
11,Walagambahuwa Wewa,3/23/2022,2022,3,2.762008082,26.38099737,10.46968787,S1_SAR,,0,0.025937602,"Sri Lanka small-tank power law (Telivarai Kulam), Imbulana ceiling-capped",validated_2021_2025,
11,Walagambahuwa Wewa,4/4/2022,2022,4,3.492539223,26.38099737,13.23884452,S1_SAR,,0,0.034747702,"Sri Lanka small-tank power law (Telivarai Kulam), Imbulana ceiling-capped",validated_2021_2025,
11,Walagambahuwa Wewa,4/16/2022,2022,4,1.841338247,26.38099737,6.979790116,S1_SAR,,0,0.015649673,"Sri Lanka small-tank power law (Telivarai Kulam), Imbulana ceiling-capped",validated_2021_2025,
11,Walagambahuwa Wewa,4/28/2022,2022,4,1.991447447,26.38099737,7.548795139,S1_SAR,,0,0.017255044,"Sri Lanka small-tank power law (Telivarai Kulam), Imbulana ceiling-capped",validated_2021_2025,
11,Walagambahuwa Wewa,5/10/2022,2022,5,2.251636511,26.38099737,8.535069693,S1_SAR,,0,0.020108005,"Sri Lanka small-tank power law (Telivarai Kulam), Imbulana ceiling-capped",validated_2021_2025,
11,Walagambahuwa Wewa,5/22/2022,2022,5,2.161571045,26.38099737,8.193666883,S1_SAR,,0,0.019110738,"Sri Lanka small-tank power law (Telivarai Kulam), Imbulana ceiling-capped",validated_2021_2025,
11,Walagambahuwa Wewa,6/3/2022,2022,6,2.431767499,26.38099737,9.217875521,S1_SAR,,0,0.022131854,"Sri Lanka small-tank power law (Telivarai Kulam), Imbulana ceiling-capped",validated_2021_2025,
11,Walagambahuwa Wewa,6/15/2022,2022,6,2.721978436,26.38099737,10.31795121,S1_SAR,,0,0.025470022,"Sri Lanka small-tank power law (Telivarai Kulam), Imbulana ceiling-capped",validated_2021_2025,
11,Walagambahuwa Wewa,6/27/2022,2022,6,2.031476498,26.38099737,7.700529551,S1_SAR,,0,0.017688292,"Sri Lanka small-tank power law (Telivarai Kulam), Imbulana ceiling-capped",validated_2021_2025,
11,Walagambahuwa Wewa,7/9/2022,2022,7,2.291665655,26.38099737,8.686804454,S1_SAR,,0,0.02055442,"Sri Lanka small-tank power law (Telivarai Kulam), Imbulana ceiling-capped",validated_2021_2025,
11,Walagambahuwa Wewa,7/21/2022,2022,7,1.901381977,26.38099737,7.207392315,S1_SAR,,0,0.016288101,"Sri Lanka small-tank power law (Telivarai Kulam), Imbulana ceiling-capped",validated_2021_2025,
11,Walagambahuwa Wewa,8/2/2022,2022,8,1.340974645,26.38099737,5.083108218,S1_SAR,,0,0.010541524,"Sri Lanka small-tank power law (Telivarai Kulam), Imbulana ceiling-capped",validated_2021_2025,
11,Walagambahuwa Wewa,8/14/2022,2022,8,1.381003751,26.38099737,5.234842838,S1_SAR,,0,0.010935061,"Sri Lanka small-tank power law (Telivarai Kulam), Imbulana ceiling-capped",validated_2021_2025,
11,Walagambahuwa Wewa,8/26/2022,2022,8,1.210880131,26.38099737,4.589971007,S1_SAR,,0,0.009282772,"Sri Lanka small-tank power law (Telivarai Kulam), Imbulana ceiling-capped",validated_2021_2025,
11,Walagambahuwa Wewa,9/7/2022,2022,9,0.630458255,26.38099737,2.389819635,S1_SAR,,0,0.004116061,"Sri Lanka small-tank power law (Telivarai Kulam), Imbulana ceiling-capped",validated_2021_2025,
11,Walagambahuwa Wewa,9/19/2022,2022,9,0.410298239,26.38099737,1.555279482,S1_SAR,,0,0.002409998,"Sri Lanka small-tank power law (Telivarai Kulam), Imbulana ceiling-capped",validated_2021_2025,
11,Walagambahuwa Wewa,10/1/2022,2022,10,0.10007272,26.38099737,0.379336377,S1_SAR,,0,0.000415372,"Sri Lanka small-tank power law (Telivarai Kulam), Imbulana ceiling-capped",validated_2021_2025,
11,Walagambahuwa Wewa,10/13/2022,2022,10,0.25018214,26.38099737,0.948342233,S1_SAR,,0,0.00130108,"Sri Lanka small-tank power law (Telivarai Kulam), Imbulana ceiling-capped",validated_2021_2025,
11,Walagambahuwa Wewa,10/25/2022,2022,10,0.080058179,26.38099737,0.303469113,S1_SAR,,0,0.000314542,"Sri Lanka small-tank power law (Telivarai Kulam), Imbulana ceiling-capped",validated_2021_2025,
11,Walagambahuwa Wewa,11/6/2022,2022,11,0.490356401,26.38099737,1.858748531,S1_SAR,,0,0.003009391,"Sri Lanka small-tank power law (Telivarai Kulam), Imbulana ceiling-capped",validated_2021_2025,
11,Walagambahuwa Wewa,11/18/2022,2022,11,1.461062156,26.38099737,5.538312807,S1_SAR,,0,0.011730531,"Sri Lanka small-tank power law (Telivarai Kulam), Imbulana ceiling-capped",validated_2021_2025,
11,Walagambahuwa Wewa,11/30/2022,2022,11,1.150836498,26.38099737,4.362369178,S1_SAR,,0,0.008712741,"Sri Lanka small-tank power law (Telivarai Kulam), Imbulana ceiling-capped",validated_2021_2025,
11,Walagambahuwa Wewa,12/12/2022,2022,12,2.631913339,26.38099737,9.976549795,S1_SAR,,0,0.024424191,"Sri Lanka small-tank power law (Telivarai Kulam), Imbulana ceiling-capped",validated_2021_2025,
11,Walagambahuwa Wewa,12/24/2022,2022,12,5.584059944,26.38099737,21.16697813,S1_SAR,,0,0.062357519,"Sri Lanka small-tank power law (Telivarai Kulam), Imbulana ceiling-capped",validated_2021_2025,
11,Walagambahuwa Wewa,1/5/2023,2023,1,5.493994135,26.38099737,20.82557402,S1_SAR,,0,0.061106743,"Sri Lanka small-tank power law (Telivarai Kulam), Imbulana ceiling-capped",validated_2021_2025,
11,Walagambahuwa Wewa,1/17/2023,2023,1,6.71488211,26.38099737,25.45348083,S1_SAR,,0,0.07846673,"Sri Lanka small-tank power law (Telivarai Kulam), Imbulana ceiling-capped",validated_2021_2025,
11,Walagambahuwa Wewa,1/29/2023,2023,1,6.33460564,26.38099737,24.01200209,S1_SAR,,0,0.072968633,"Sri Lanka small-tank power law (Telivarai Kulam), Imbulana ceiling-capped",validated_2021_2025,
11,Walagambahuwa Wewa,2/10/2023,2023,2,5.81422701,26.38099737,22.03945108,S1_SAR,,0,0.065576391,"Sri Lanka small-tank power law (Telivarai Kulam), Imbulana ceiling-capped",validated_2021_2025,
11,Walagambahuwa Wewa,2/22/2023,2023,2,5.924307041,26.38099737,22.45672124,S1_SAR,,0,0.067127053,"Sri Lanka small-tank power law (Telivarai Kulam), Imbulana ceiling-capped",validated_2021_2025,
11,Walagambahuwa Wewa,3/6/2023,2023,3,6.414663747,26.38099737,24.31547093,S1_SAR,,0,0.074119544,"Sri Lanka small-tank power law (Telivarai Kulam), Imbulana ceiling-capped",validated_2021_2025,
11,Walagambahuwa Wewa,3/18/2023,2023,3,5.153746627,26.38099737,19.53582935,S1_SAR,,0,0.056427586,"Sri Lanka small-tank power law (Telivarai Kulam), Imbulana ceiling-capped",validated_2021_2025,
11,Walagambahuwa Wewa,3/30/2023,2023,3,5.423943098,26.38099737,20.56003805,S1_SAR,,0,0.060137398,"Sri Lanka small-tank power law (Telivarai Kulam), Imbulana ceiling-capped",validated_2021_2025,
11,Walagambahuwa Wewa,4/11/2023,2023,4,3.522560526,26.38099737,13.35264348,S1_SAR,,0,0.035120282,"Sri Lanka small-tank power law (Telivarai Kulam), Imbulana ceiling-capped",validated_2021_2025,
11,Walagambahuwa Wewa,4/23/2023,2023,4,3.092247619,26.38099737,11.72149625,S1_SAR,,0,0.029857219,"Sri Lanka small-tank power law (Telivarai Kulam), Imbulana ceiling-capped",validated_2021_2025,
11,Walagambahuwa Wewa,5/5/2023,2023,5,2.982167617,26.38099737,11.3042262,S1_SAR,,0,0.028538638,"Sri Lanka small-tank power law (Telivarai Kulam), Imbulana ceiling-capped",validated_2021_2025,
11,Walagambahuwa Wewa,5/17/2023,2023,5,2.541847518,26.38099737,9.635145641,S1_SAR,,0,0.023387123,"Sri Lanka small-tank power law (Telivarai Kulam), Imbulana ceiling-capped",validated_2021_2025,
11,Walagambahuwa Wewa,5/29/2023,2023,5,1.931403764,26.38099737,7.321193119,S1_SAR,,0,0.016609189,"Sri Lanka small-tank power law (Telivarai Kulam), Imbulana ceiling-capped",validated_2021_2025,
11,Walagambahuwa Wewa,6/10/2023,2023,6,1.441047423,26.38099737,5.462444814,S1_SAR,,0,0.011530631,"Sri Lanka small-tank power law (Telivarai Kulam), Imbulana ceiling-capped",validated_2021_2025,
11,Walagambahuwa Wewa,6/22/2023,2023,6,2.641920502,26.38099737,10.01448302,S1_SAR,,0,0.024539964,"Sri Lanka small-tank power law (Telivarai Kulam), Imbulana ceiling-capped",validated_2021_2025,
11,Walagambahuwa Wewa,7/4/2023,2023,7,4.24308485,26.38099737,16.08386821,S1_SAR,,0,0.044286413,"Sri Lanka small-tank power law (Telivarai Kulam), Imbulana ceiling-capped",validated_2021_2025,
11,Walagambahuwa Wewa,7/16/2023,2023,7,4.1830416,26.38099737,15.85626783,S1_SAR,,0,0.043506869,"Sri Lanka small-tank power law (Telivarai Kulam), Imbulana ceiling-capped",validated_2021_2025,
11,Walagambahuwa Wewa,7/28/2023,2023,7,4.423216088,26.38099737,16.76667499,S1_SAR,,0,0.046641267,"Sri Lanka small-tank power law (Telivarai Kulam), Imbulana ceiling-capped",validated_2021_2025,
11,Walagambahuwa Wewa,8/9/2023,2023,8,2.521833734,26.38099737,9.559281246,S1_SAR,,0,0.023157887,"Sri Lanka small-tank power law (Telivarai Kulam), Imbulana ceiling-capped",validated_2021_2025,
11,Walagambahuwa Wewa,9/2/2023,2023,9,2.231623177,26.38099737,8.459207001,S1_SAR,,0,0.019885541,"Sri Lanka small-tank power law (Telivarai Kulam), Imbulana ceiling-capped",validated_2021_2025,
11,Walagambahuwa Wewa,9/14/2023,2023,9,1.831331611,26.38099737,6.941858888,S1_SAR,,0,0.015543769,"Sri Lanka small-tank power law (Telivarai Kulam), Imbulana ceiling-capped",validated_2021_2025,
11,Walagambahuwa Wewa,9/26/2023,2023,9,1.016817567,26.38099737,3.854356046,S1_SAR,,0,0.007467103,"Sri Lanka small-tank power law (Telivarai Kulam), Imbulana ceiling-capped",validated_2021_2025,
11,Walagambahuwa Wewa,10/8/2023,2023,10,0.620450992,26.38099737,2.35188603,S1_SAR,,0,0.004034809,"Sri Lanka small-tank power law (Telivarai Kulam), Imbulana ceiling-capped",validated_2021_2025,
11,Walagambahuwa Wewa,10/20/2023,2023,10,3.02219818,26.38099737,11.45596634,S1_SAR,,0,0.029016777,"Sri Lanka small-tank power law (Telivarai Kulam), Imbulana ceiling-capped",validated_2021_2025,
11,Walagambahuwa Wewa,11/1/2023,2023,11,1.891375853,26.38099737,7.169463028,S1_SAR,,0,0.016181359,"Sri Lanka small-tank power law (Telivarai Kulam), Imbulana ceiling-capped",validated_2021_2025,
11,Walagambahuwa Wewa,11/13/2023,2023,11,14.17030813,26.38099737,53.71407278,S1_SAR,,0,0.198994639,"Sri Lanka small-tank power law (Telivarai Kulam), Imbulana ceiling-capped",validated_2021_2025,
11,Walagambahuwa Wewa,11/25/2023,2023,11,10.05731679,26.38099737,38.12333796,S1_SAR,,0,0.129808487,"Sri Lanka small-tank power law (Telivarai Kulam), Imbulana ceiling-capped",validated_2021_2025,
11,Walagambahuwa Wewa,12/7/2023,2023,12,10.50764434,26.38099737,39.83035287,S1_SAR,,0,0.137090584,"Sri Lanka small-tank power law (Telivarai Kulam), Imbulana ceiling-capped",validated_2021_2025,
11,Walagambahuwa Wewa,12/19/2023,2023,12,14.19032121,26.38099737,53.78993451,S1_SAR,,0,0.199344906,"Sri Lanka small-tank power law (Telivarai Kulam), Imbulana ceiling-capped",validated_2021_2025,
11,Walagambahuwa Wewa,12/31/2023,2023,12,13.12954909,26.38099737,49.768964,S1_SAR,,0,0.180950287,"Sri Lanka small-tank power law (Telivarai Kulam), Imbulana ceiling-capped",validated_2021_2025,
11,Walagambahuwa Wewa,1/12/2024,2024,1,13.83005864,26.38099737,52.4243206,S1_SAR,,0,0.193058366,"Sri Lanka small-tank power law (Telivarai Kulam), Imbulana ceiling-capped",validated_2021_2025,
11,Walagambahuwa Wewa,1/24/2024,2024,1,13.66994215,26.38099737,51.81738187,S1_SAR,,0,0.1902772,"Sri Lanka small-tank power law (Telivarai Kulam), Imbulana ceiling-capped",validated_2021_2025,
11,Walagambahuwa Wewa,2/5/2024,2024,2,13.69996401,26.38099737,51.93118294,S1_SAR,,0,0.190798062,"Sri Lanka small-tank power law (Telivarai Kulam), Imbulana ceiling-capped",validated_2021_2025,
11,Walagambahuwa Wewa,2/17/2024,2024,2,13.60989833,26.38099737,51.58977932,S1_SAR,,0,0.189236321,"Sri Lanka small-tank power law (Telivarai Kulam), Imbulana ceiling-capped",validated_2021_2025,
11,Walagambahuwa Wewa,2/29/2024,2024,2,14.14028397,26.38099737,53.60026299,S1_SAR,,0,0.198469388,"Sri Lanka small-tank power law (Telivarai Kulam), Imbulana ceiling-capped",validated_2021_2025,
11,Walagambahuwa Wewa,3/12/2024,2024,3,13.17958516,26.38099737,49.95863112,S1_SAR,,0,0.18180998,"Sri Lanka small-tank power law (Telivarai Kulam), Imbulana ceiling-capped",validated_2021_2025,
11,Walagambahuwa Wewa,3/24/2024,2024,3,13.24963624,26.38099737,50.22416726,S1_SAR,,0,0.183014909,"Sri Lanka small-tank power law (Telivarai Kulam), Imbulana ceiling-capped",validated_2021_2025,
11,Walagambahuwa Wewa,4/5/2024,2024,4,12.97943955,26.38099737,49.19995772,S1_SAR,,0,0.178376032,"Sri Lanka small-tank power law (Telivarai Kulam), Imbulana ceiling-capped",validated_2021_2025,
11,Walagambahuwa Wewa,4/17/2024,2024,4,12.22889388,26.38099737,46.35493385,S1_SAR,,0,0.165615835,"Sri Lanka small-tank power law (Telivarai Kulam), Imbulana ceiling-capped",validated_2021_2025,
11,Walagambahuwa Wewa,4/29/2024,2024,4,11.19814416,26.38099737,42.44776647,S1_SAR,,0,0.14840558,"Sri Lanka small-tank power law (Telivarai Kulam), Imbulana ceiling-capped",validated_2021_2025,
11,Walagambahuwa Wewa,5/11/2024,2024,5,10.14737996,26.38099737,38.46473209,S1_SAR,,0,0.131258569,"Sri Lanka small-tank power law (Telivarai Kulam), Imbulana ceiling-capped",validated_2021_2025,
11,Walagambahuwa Wewa,5/23/2024,2024,5,8.135917472,26.38099737,30.84006779,S1_SAR,,0,0.099671092,"Sri Lanka small-tank power law (Telivarai Kulam), Imbulana ceiling-capped",validated_2021_2025,
11,Walagambahuwa Wewa,6/4/2024,2024,6,10.86790443,26.38099737,41.19595737,S1_SAR,,0,0.142971951,"Sri Lanka small-tank power law (Telivarai Kulam), Imbulana ceiling-capped",validated_2021_2025,
11,Walagambahuwa Wewa,6/16/2024,2024,6,10.21743138,26.38099737,38.73026949,S1_SAR,,0,0.132388641,"Sri Lanka small-tank power law (Telivarai Kulam), Imbulana ceiling-capped",validated_2021_2025,
11,Walagambahuwa Wewa,7/10/2024,2024,7,9.326783543,26.38099737,35.35417336,S1_SAR,,0,0.118166281,"Sri Lanka small-tank power law (Telivarai Kulam), Imbulana ceiling-capped",validated_2021_2025,
11,Walagambahuwa Wewa,7/22/2024,2024,7,9.817140282,26.38099737,37.21292316,S1_SAR,,0,0.125957138,"Sri Lanka small-tank power law (Telivarai Kulam), Imbulana ceiling-capped",validated_2021_2025,
11,Walagambahuwa Wewa,8/3/2024,2024,8,8.195961012,26.38099737,31.06766926,S1_SAR,,0,0.100588515,"Sri Lanka small-tank power law (Telivarai Kulam), Imbulana ceiling-capped",validated_2021_2025,
11,Walagambahuwa Wewa,8/15/2024,2024,8,8.215975496,26.38099737,31.14353631,S1_SAR,,0,0.10089469,"Sri Lanka small-tank power law (Telivarai Kulam), Imbulana ceiling-capped",validated_2021_2025,
11,Walagambahuwa Wewa,8/27/2024,2024,8,6.024381126,26.38099737,22.8360628,S1_SAR,,0,0.068542934,"Sri Lanka small-tank power law (Telivarai Kulam), Imbulana ceiling-capped",validated_2021_2025,
11,Walagambahuwa Wewa,9/20/2024,2024,9,4.943594889,26.38099737,18.73922665,S1_SAR,,0,0.053574984,"Sri Lanka small-tank power law (Telivarai Kulam), Imbulana ceiling-capped",validated_2021_2025,
11,Walagambahuwa Wewa,10/2/2024,2024,10,4.533296287,26.38099737,17.18394579,S1_SAR,,0,0.048092069,"Sri Lanka small-tank power law (Telivarai Kulam), Imbulana ceiling-capped",validated_2021_2025,
11,Walagambahuwa Wewa,10/14/2024,2024,10,3.912845142,26.38099737,14.83205918,S1_SAR,,0,0.040033357,"Sri Lanka small-tank power law (Telivarai Kulam), Imbulana ceiling-capped",validated_2021_2025,
11,Walagambahuwa Wewa,10/26/2024,2024,10,4.363172392,26.38099737,16.53907292,S1_SAR,,0,0.045853644,"Sri Lanka small-tank power law (Telivarai Kulam), Imbulana ceiling-capped",validated_2021_2025,
11,Walagambahuwa Wewa,11/7/2024,2024,11,11.47834927,26.38099737,43.509914,S1_SAR,,0,0.153047035,"Sri Lanka small-tank power law (Telivarai Kulam), Imbulana ceiling-capped",validated_2021_2025,
11,Walagambahuwa Wewa,11/19/2024,2024,11,10.01728609,26.38099737,37.97159731,S1_SAR,,0,0.129164988,"Sri Lanka small-tank power law (Telivarai Kulam), Imbulana ceiling-capped",validated_2021_2025,
11,Walagambahuwa Wewa,12/13/2024,2024,12,15.25062352,26.38099737,57.80912413,S1_SAR,,0,0.218072945,"Sri Lanka small-tank power law (Telivarai Kulam), Imbulana ceiling-capped",validated_2021_2025,
11,Walagambahuwa Wewa,12/25/2024,2024,12,12.92940485,26.38099737,49.0102958,S1_SAR,,0,0.1775196,"Sri Lanka small-tank power law (Telivarai Kulam), Imbulana ceiling-capped",validated_2021_2025,
11,Walagambahuwa Wewa,1/6/2025,2025,1,12.93792017,26.38099737,49.04257406,S1_SAR,,0,0.177665297,"Sri Lanka small-tank power law (Telivarai Kulam), Imbulana ceiling-capped",validated_2021_2025,
11,Walagambahuwa Wewa,1/18/2025,2025,1,11.20815132,26.38099737,42.4856997,S1_SAR,,0,0.148570856,"Sri Lanka small-tank power law (Telivarai Kulam), Imbulana ceiling-capped",validated_2021_2025,
11,Walagambahuwa Wewa,1/30/2025,2025,1,11.04803483,26.38099737,41.87876098,S1_SAR,,0,0.145930783,"Sri Lanka small-tank power law (Telivarai Kulam), Imbulana ceiling-capped",validated_2021_2025,
11,Walagambahuwa Wewa,2/11/2025,2025,2,11.48835491,26.38099737,43.54784147,S1_SAR,,0,0.153213294,"Sri Lanka small-tank power law (Telivarai Kulam), Imbulana ceiling-capped",validated_2021_2025,
11,Walagambahuwa Wewa,2/23/2025,2025,2,11.48835501,26.38099737,43.54784183,S1_SAR,,0,0.153213295,"Sri Lanka small-tank power law (Telivarai Kulam), Imbulana ceiling-capped",validated_2021_2025,
11,Walagambahuwa Wewa,3/7/2025,2025,3,13.32706575,26.38099737,50.51767209,S1_SAR,,0,0.184348578,"Sri Lanka small-tank power law (Telivarai Kulam), Imbulana ceiling-capped",validated_2021_2025,
11,Walagambahuwa Wewa,3/19/2025,2025,3,12.53911952,26.38099737,47.53087742,S1_SAR,,0,0.170867349,"Sri Lanka small-tank power law (Telivarai Kulam), Imbulana ceiling-capped",validated_2021_2025,
11,Walagambahuwa Wewa,3/31/2025,2025,3,12.70924345,26.38099737,48.1757504,S1_SAR,,0,0.173760868,"Sri Lanka small-tank power law (Telivarai Kulam), Imbulana ceiling-capped",validated_2021_2025,
11,Walagambahuwa Wewa,4/12/2025,2025,4,12.95942588,26.38099737,49.12409374,S1_SAR,,0,0.178033365,"Sri Lanka small-tank power law (Telivarai Kulam), Imbulana ceiling-capped",validated_2021_2025,
11,Walagambahuwa Wewa,4/24/2025,2025,4,12.58915676,26.38099737,47.72054893,S1_SAR,,0,0.1717174,"Sri Lanka small-tank power law (Telivarai Kulam), Imbulana ceiling-capped",validated_2021_2025,
11,Walagambahuwa Wewa,5/6/2025,2025,5,11.54839939,26.38099737,43.7754465,S1_SAR,,0,0.15421177,"Sri Lanka small-tank power law (Telivarai Kulam), Imbulana ceiling-capped",validated_2021_2025,
11,Walagambahuwa Wewa,5/18/2025,2025,5,11.66848719,26.38099737,44.23065218,S1_SAR,,0,0.156212532,"Sri Lanka small-tank power law (Telivarai Kulam), Imbulana ceiling-capped",validated_2021_2025,
11,Walagambahuwa Wewa,5/30/2025,2025,5,7.525473573,26.38099737,28.52611471,S1_SAR,,0,0.090440094,"Sri Lanka small-tank power law (Telivarai Kulam), Imbulana ceiling-capped",validated_2021_2025,
11,Walagambahuwa Wewa,6/11/2025,2025,6,8.306041267,26.38099737,31.48494028,S1_SAR,,0,0.102274756,"Sri Lanka small-tank power law (Telivarai Kulam), Imbulana ceiling-capped",validated_2021_2025,
11,Walagambahuwa Wewa,6/23/2025,2025,6,9.637008985,26.38099737,36.53011616,S1_SAR,,0,0.123083793,"Sri Lanka small-tank power law (Telivarai Kulam), Imbulana ceiling-capped",validated_2021_2025,
11,Walagambahuwa Wewa,7/5/2025,2025,7,10.61772236,26.38099737,40.2476154,S1_SAR,,0,0.13888246,"Sri Lanka small-tank power law (Telivarai Kulam), Imbulana ceiling-capped",validated_2021_2025,
11,Walagambahuwa Wewa,7/17/2025,2025,7,11.63846458,26.38099737,44.11684824,S1_SAR,,0,0.155711853,"Sri Lanka small-tank power law (Telivarai Kulam), Imbulana ceiling-capped",validated_2021_2025,
11,Walagambahuwa Wewa,7/29/2025,2025,7,10.3875547,26.38099737,39.37514019,S1_SAR,,0,0.135141,"Sri Lanka small-tank power law (Telivarai Kulam), Imbulana ceiling-capped",validated_2021_2025,
11,Walagambahuwa Wewa,8/10/2025,2025,8,7.985807357,26.38099737,30.2710593,S1_SAR,,0,0.097384819,"Sri Lanka small-tank power law (Telivarai Kulam), Imbulana ceiling-capped",validated_2021_2025,
11,Walagambahuwa Wewa,8/22/2025,2025,8,7.015101007,26.38099737,26.59149276,S1_SAR,,0,0.082862032,"Sri Lanka small-tank power law (Telivarai Kulam), Imbulana ceiling-capped",validated_2021_2025,
11,Walagambahuwa Wewa,9/3/2025,2025,9,5.544031065,26.38099737,21.01524437,S1_SAR,,0,0.061801006,"Sri Lanka small-tank power law (Telivarai Kulam), Imbulana ceiling-capped",validated_2021_2025,
11,Walagambahuwa Wewa,9/15/2025,2025,9,5.243812951,26.38099737,19.87723541,S1_SAR,,0,0.057659007,"Sri Lanka small-tank power law (Telivarai Kulam), Imbulana ceiling-capped",validated_2021_2025,
11,Walagambahuwa Wewa,9/27/2025,2025,9,4.813499896,26.38099737,18.24608762,S1_SAR,,0,0.051823892,"Sri Lanka small-tank power law (Telivarai Kulam), Imbulana ceiling-capped",validated_2021_2025,
11,Walagambahuwa Wewa,10/9/2025,2025,10,4.953601437,26.38099737,18.77715754,S1_SAR,,0,0.053710147,"Sri Lanka small-tank power law (Telivarai Kulam), Imbulana ceiling-capped",validated_2021_2025,
11,Walagambahuwa Wewa,10/21/2025,2025,10,12.32896748,26.38099737,46.73427354,S1_SAR,,0,0.167306344,"Sri Lanka small-tank power law (Telivarai Kulam), Imbulana ceiling-capped",validated_2021_2025,
11,Walagambahuwa Wewa,11/2/2025,2025,11,7.43540757,26.38099737,28.18470987,S1_SAR,,0,0.089093325,"Sri Lanka small-tank power law (Telivarai Kulam), Imbulana ceiling-capped",validated_2021_2025,
11,Walagambahuwa Wewa,11/14/2025,2025,11,7.535479615,26.38099737,28.56404369,S1_SAR,,0,0.090589962,"Sri Lanka small-tank power law (Telivarai Kulam), Imbulana ceiling-capped",validated_2021_2025,
11,Walagambahuwa Wewa,11/26/2025,2025,11,12.45906213,26.38099737,47.22741127,S1_SAR,,0,0.169509039,"Sri Lanka small-tank power law (Telivarai Kulam), Imbulana ceiling-capped",validated_2021_2025,
11,Walagambahuwa Wewa,12/2/2025,2025,12,18.84414028,26.38099737,71.43073484,S1_SAR,,0,0.283859092,"Sri Lanka small-tank power law (Telivarai Kulam), Imbulana ceiling-capped",validated_2021_2025,
11,Walagambahuwa Wewa,12/8/2025,2025,12,14.85433566,26.38099737,56.30695251,S1_SAR,,0,0.211034575,"Sri Lanka small-tank power law (Telivarai Kulam), Imbulana ceiling-capped",validated_2021_2025,
11,Walagambahuwa Wewa,12/20/2025,2025,12,17.56242307,26.38099737,66.57224827,S1_SAR,,0,0.260005633,"Sri Lanka small-tank power law (Telivarai Kulam), Imbulana ceiling-capped",validated_2021_2025,
23,Wannanmaduwa Wewa,1/3/2021,2021,1,33.68862968,90.17898086,37.35751875,S1_SAR_fallback,,0,0.527261497,"Sri Lanka small-tank power law (Telivarai Kulam), Imbulana ceiling-capped",validated_2021_2025,
23,Wannanmaduwa Wewa,1/15/2021,2021,1,29.92055927,90.17898086,33.1790834,S1_SAR_fallback,,0,0.468287342,"Sri Lanka small-tank power law (Telivarai Kulam), Imbulana ceiling-capped",validated_2021_2025,
23,Wannanmaduwa Wewa,1/27/2021,2021,1,31.21981603,90.17898086,34.61983683,S2_MNDWI,1/25/2021,2,0.488622039,"Sri Lanka small-tank power law (Telivarai Kulam), Imbulana ceiling-capped",validated_2021_2025,
23,Wannanmaduwa Wewa,2/8/2021,2021,2,25.71152055,90.17898086,28.51165571,S2_MNDWI,2/9/2021,1,0.402411583,"Sri Lanka small-tank power law (Telivarai Kulam), Imbulana ceiling-capped",validated_2021_2025,
23,Wannanmaduwa Wewa,2/20/2021,2021,2,17.36279386,90.17898086,19.25370379,S1_SAR_fallback,,0,0.256328072,"Sri Lanka small-tank power law (Telivarai Kulam), Imbulana ceiling-capped",validated_2021_2025,
23,Wannanmaduwa Wewa,3/4/2021,2021,3,9.706357353,90.17898086,10.76343651,S2_MNDWI,3/1/2021,3,0.124188445,"Sri Lanka small-tank power law (Telivarai Kulam), Imbulana ceiling-capped",validated_2021_2025,
23,Wannanmaduwa Wewa,3/16/2021,2021,3,13.0095851,90.17898086,14.42640511,S1_SAR_fallback,,0,0.178892418,"Sri Lanka small-tank power law (Telivarai Kulam), Imbulana ceiling-capped",validated_2021_2025,
23,Wannanmaduwa Wewa,3/28/2021,2021,3,2.901079586,90.17898086,3.217024143,S2_MNDWI,3/31/2021,3,0.027574943,"Sri Lanka small-tank power law (Telivarai Kulam), Imbulana ceiling-capped",validated_2021_2025,
23,Wannanmaduwa Wewa,4/9/2021,2021,4,8.956597738,90.17898086,9.932023685,S1_SAR_fallback,,0,0.112350865,"Sri Lanka small-tank power law (Telivarai Kulam), Imbulana ceiling-capped",validated_2021_2025,
23,Wannanmaduwa Wewa,4/21/2021,2021,4,10.53776285,90.17898086,11.68538693,S1_SAR_fallback,,0,0.137580403,"Sri Lanka small-tank power law (Telivarai Kulam), Imbulana ceiling-capped",validated_2021_2025,
23,Wannanmaduwa Wewa,5/3/2021,2021,5,6.714946439,90.17898086,7.446243432,S1_SAR_fallback,,0,0.078467667,"Sri Lanka small-tank power law (Telivarai Kulam), Imbulana ceiling-capped",validated_2021_2025,
23,Wannanmaduwa Wewa,5/15/2021,2021,5,6.995153323,90.17898086,7.756966486,S1_SAR_fallback,,0,0.082568531,"Sri Lanka small-tank power law (Telivarai Kulam), Imbulana ceiling-capped",validated_2021_2025,
23,Wannanmaduwa Wewa,5/27/2021,2021,5,5.083745464,90.17898086,5.637395117,S1_SAR_fallback,,0,0.055474149,"Sri Lanka small-tank power law (Telivarai Kulam), Imbulana ceiling-capped",validated_2021_2025,
23,Wannanmaduwa Wewa,6/8/2021,2021,6,5.263878694,90.17898086,5.837145911,S1_SAR_fallback,,0,0.057934067,"Sri Lanka small-tank power law (Telivarai Kulam), Imbulana ceiling-capped",validated_2021_2025,
23,Wannanmaduwa Wewa,6/14/2021,2021,6,4.133045364,90.17898086,4.583158209,S1_SAR_fallback,,0,0.042859862,"Sri Lanka small-tank power law (Telivarai Kulam), Imbulana ceiling-capped",validated_2021_2025,
23,Wannanmaduwa Wewa,6/20/2021,2021,6,2.325925122,90.17898086,2.579231989,S2_MNDWI,6/19/2021,1,0.020938019,"Sri Lanka small-tank power law (Telivarai Kulam), Imbulana ceiling-capped",validated_2021_2025,
23,Wannanmaduwa Wewa,7/2/2021,2021,7,4.973665018,90.17898086,5.515326267,S1_SAR_fallback,,0,0.053981358,"Sri Lanka small-tank power law (Telivarai Kulam), Imbulana ceiling-capped",validated_2021_2025,
23,Wannanmaduwa Wewa,7/14/2021,2021,7,4.103023427,90.17898086,4.549866707,S1_SAR_fallback,,0,0.042472268,"Sri Lanka small-tank power law (Telivarai Kulam), Imbulana ceiling-capped",validated_2021_2025,
23,Wannanmaduwa Wewa,7/26/2021,2021,7,4.03297175,90.17898086,4.472185992,S1_SAR_fallback,,0,0.041570593,"Sri Lanka small-tank power law (Telivarai Kulam), Imbulana ceiling-capped",validated_2021_2025,
23,Wannanmaduwa Wewa,8/7/2021,2021,8,2.882123549,90.17898086,3.196003682,S1_SAR_fallback,,0,0.027350607,"Sri Lanka small-tank power law (Telivarai Kulam), Imbulana ceiling-capped",validated_2021_2025,
23,Wannanmaduwa Wewa,8/19/2021,2021,8,2.421784093,90.17898086,2.685530563,S1_SAR_fallback,,0,0.022018692,"Sri Lanka small-tank power law (Telivarai Kulam), Imbulana ceiling-capped",validated_2021_2025,
23,Wannanmaduwa Wewa,8/31/2021,2021,8,0.98072253,90.17898086,1.087528957,S1_SAR_fallback,,0,0.007138263,"Sri Lanka small-tank power law (Telivarai Kulam), Imbulana ceiling-capped",validated_2021_2025,
23,Wannanmaduwa Wewa,9/12/2021,2021,9,0.90066357,90.17898086,0.998751107,S1_SAR_fallback,,0,0.006419599,"Sri Lanka small-tank power law (Telivarai Kulam), Imbulana ceiling-capped",validated_2021_2025,
23,Wannanmaduwa Wewa,9/24/2021,2021,9,1.691245973,90.17898086,1.875432564,S1_SAR_fallback,,0,0.014076394,"Sri Lanka small-tank power law (Telivarai Kulam), Imbulana ceiling-capped",validated_2021_2025,
23,Wannanmaduwa Wewa,10/6/2021,2021,10,0.320235955,90.17898086,0.355111526,S1_SAR_fallback,,0,0.001769706,"Sri Lanka small-tank power law (Telivarai Kulam), Imbulana ceiling-capped",validated_2021_2025,
23,Wannanmaduwa Wewa,10/18/2021,2021,10,0.490361307,90.17898086,0.543764525,S1_SAR_fallback,,0,0.003009429,"Sri Lanka small-tank power law (Telivarai Kulam), Imbulana ceiling-capped",validated_2021_2025,
23,Wannanmaduwa Wewa,10/30/2021,2021,10,25.0584612,90.17898086,27.78747437,S1_SAR_fallback,,0,0.392190537,"Sri Lanka small-tank power law (Telivarai Kulam), Imbulana ceiling-capped",validated_2021_2025,
23,Wannanmaduwa Wewa,11/17/2021,2021,11,27.62034837,90.17898086,30.62836606,S1_SAR_fallback,,0,0.43228669,"Sri Lanka small-tank power law (Telivarai Kulam), Imbulana ceiling-capped",validated_2021_2025,
23,Wannanmaduwa Wewa,11/23/2021,2021,11,14.57428358,90.17898086,16.16150842,S2_MNDWI,11/21/2021,2,0.206088361,"Sri Lanka small-tank power law (Telivarai Kulam), Imbulana ceiling-capped",validated_2021_2025,
23,Wannanmaduwa Wewa,12/5/2021,2021,12,35.69629938,90.17898086,39.58383543,S1_SAR_fallback,,0,0.55868358,"Sri Lanka small-tank power law (Telivarai Kulam), Imbulana ceiling-capped",validated_2021_2025,
23,Wannanmaduwa Wewa,12/17/2021,2021,12,16.45212231,90.17898086,18.24385478,S1_SAR_fallback,,0,0.239684919,"Sri Lanka small-tank power law (Telivarai Kulam), Imbulana ceiling-capped",validated_2021_2025,
23,Wannanmaduwa Wewa,12/29/2021,2021,12,8.085957045,90.17898086,8.966565122,S1_SAR_fallback,,0,0.098909,"Sri Lanka small-tank power law (Telivarai Kulam), Imbulana ceiling-capped",validated_2021_2025,
23,Wannanmaduwa Wewa,1/10/2022,2022,1,10.26756488,90.17898086,11.38576282,S1_SAR_fallback,,0,0.133198568,"Sri Lanka small-tank power law (Telivarai Kulam), Imbulana ceiling-capped",validated_2021_2025,
23,Wannanmaduwa Wewa,1/22/2022,2022,1,3.982832536,90.17898086,4.416586324,S2_MNDWI,1/20/2022,2,0.040927582,"Sri Lanka small-tank power law (Telivarai Kulam), Imbulana ceiling-capped",validated_2021_2025,
23,Wannanmaduwa Wewa,2/3/2022,2022,2,3.98283124,90.17898086,4.416584887,S2_MNDWI,2/4/2022,1,0.040927565,"Sri Lanka small-tank power law (Telivarai Kulam), Imbulana ceiling-capped",validated_2021_2025,
23,Wannanmaduwa Wewa,2/15/2022,2022,2,7.775728896,90.17898086,8.62255131,S1_SAR_fallback,,0,0.09420294,"Sri Lanka small-tank power law (Telivarai Kulam), Imbulana ceiling-capped",validated_2021_2025,
23,Wannanmaduwa Wewa,2/27/2022,2022,2,5.08374494,90.17898086,5.637394536,S1_SAR_fallback,,0,0.055474142,"Sri Lanka small-tank power law (Telivarai Kulam), Imbulana ceiling-capped",validated_2021_2025,
23,Wannanmaduwa Wewa,3/11/2022,2022,3,5.303907175,90.17898086,5.881533728,S1_SAR_fallback,,0,0.058483544,"Sri Lanka small-tank power law (Telivarai Kulam), Imbulana ceiling-capped",validated_2021_2025,
23,Wannanmaduwa Wewa,3/23/2022,2022,3,25.06733129,90.17898086,27.79731047,S2_MNDWI,3/21/2022,2,0.392329363,"Sri Lanka small-tank power law (Telivarai Kulam), Imbulana ceiling-capped",validated_2021_2025,
23,Wannanmaduwa Wewa,4/4/2022,2022,4,7.295374772,90.17898086,8.089883809,S1_SAR_fallback,,0,0.08700737,"Sri Lanka small-tank power law (Telivarai Kulam), Imbulana ceiling-capped",validated_2021_2025,
23,Wannanmaduwa Wewa,4/16/2022,2022,4,23.7726162,90.17898086,26.36159332,S1_SAR_fallback,,0,0.372065748,"Sri Lanka small-tank power law (Telivarai Kulam), Imbulana ceiling-capped",validated_2021_2025,
23,Wannanmaduwa Wewa,4/28/2022,2022,4,6.284629788,90.17898086,6.969062777,S1_SAR_fallback,,0,0.072251992,"Sri Lanka small-tank power law (Telivarai Kulam), Imbulana ceiling-capped",validated_2021_2025,
23,Wannanmaduwa Wewa,5/10/2022,2022,5,3.152322222,90.17898086,3.495628573,S1_SAR_fallback,,0,0.03058173,"Sri Lanka small-tank power law (Telivarai Kulam), Imbulana ceiling-capped",validated_2021_2025,
23,Wannanmaduwa Wewa,5/22/2022,2022,5,2.792057025,90.17898086,3.096128386,S1_SAR_fallback,,0,0.026289697,"Sri Lanka small-tank power law (Telivarai Kulam), Imbulana ceiling-capped",validated_2021_2025,
23,Wannanmaduwa Wewa,6/3/2022,2022,6,2.69198323,90.17898086,2.985155969,S1_SAR_fallback,,0,0.025120759,"Sri Lanka small-tank power law (Telivarai Kulam), Imbulana ceiling-capped",validated_2021_2025,
23,Wannanmaduwa Wewa,6/15/2022,2022,6,2.361739954,90.17898086,2.618947266,S1_SAR_fallback,,0,0.021340522,"Sri Lanka small-tank power law (Telivarai Kulam), Imbulana ceiling-capped",validated_2021_2025,
23,Wannanmaduwa Wewa,6/27/2022,2022,6,0.494522715,90.17898086,0.548379135,S2_MNDWI,6/29/2022,2,0.003041286,"Sri Lanka small-tank power law (Telivarai Kulam), Imbulana ceiling-capped",validated_2021_2025,
23,Wannanmaduwa Wewa,7/9/2022,2022,7,2.541872698,90.17898086,2.818697521,S1_SAR_fallback,,0,0.023387411,"Sri Lanka small-tank power law (Telivarai Kulam), Imbulana ceiling-capped",validated_2021_2025,
23,Wannanmaduwa Wewa,7/21/2022,2022,7,2.64194651,90.17898086,2.929669957,S1_SAR_fallback,,0,0.024540265,"Sri Lanka small-tank power law (Telivarai Kulam), Imbulana ceiling-capped",validated_2021_2025,
23,Wannanmaduwa Wewa,8/2/2022,2022,8,1.481091063,90.17898086,1.642390553,S1_SAR_fallback,,0,0.011931247,"Sri Lanka small-tank power law (Telivarai Kulam), Imbulana ceiling-capped",validated_2021_2025,
23,Wannanmaduwa Wewa,8/14/2022,2022,8,2.361739997,90.17898086,2.618947314,S1_SAR_fallback,,0,0.021340522,"Sri Lanka small-tank power law (Telivarai Kulam), Imbulana ceiling-capped",validated_2021_2025,
23,Wannanmaduwa Wewa,8/26/2022,2022,8,2.071526218,90.17898086,2.297127554,S1_SAR_fallback,,0,0.018123872,"Sri Lanka small-tank power law (Telivarai Kulam), Imbulana ceiling-capped",validated_2021_2025,
23,Wannanmaduwa Wewa,9/7/2022,2022,9,1.17086253,90.17898086,1.298376316,S1_SAR_fallback,,0,0.008902066,"Sri Lanka small-tank power law (Telivarai Kulam), Imbulana ceiling-capped",validated_2021_2025,
23,Wannanmaduwa Wewa,9/19/2022,2022,9,1.250921335,90.17898086,1.387153994,S1_SAR_fallback,,0,0.009666815,"Sri Lanka small-tank power law (Telivarai Kulam), Imbulana ceiling-capped",validated_2021_2025,
23,Wannanmaduwa Wewa,10/1/2022,2022,10,1.040766792,90.17898086,1.154112391,S1_SAR_fallback,,0,0.007686888,"Sri Lanka small-tank power law (Telivarai Kulam), Imbulana ceiling-capped",validated_2021_2025,
23,Wannanmaduwa Wewa,10/13/2022,2022,10,1.421047037,90.17898086,1.575807381,S1_SAR_fallback,,0,0.011331557,"Sri Lanka small-tank power law (Telivarai Kulam), Imbulana ceiling-capped",validated_2021_2025,
23,Wannanmaduwa Wewa,10/25/2022,2022,10,0.354029935,90.17898086,0.392585868,S2_MNDWI,10/27/2022,2,0.002005363,"Sri Lanka small-tank power law (Telivarai Kulam), Imbulana ceiling-capped",validated_2021_2025,
23,Wannanmaduwa Wewa,11/6/2022,2022,11,0.490361247,90.17898086,0.543764459,S1_SAR_fallback,,0,0.003009428,"Sri Lanka small-tank power law (Telivarai Kulam), Imbulana ceiling-capped",validated_2021_2025,
23,Wannanmaduwa Wewa,11/18/2022,2022,11,7.815759975,90.17898086,8.666942008,S1_SAR_fallback,,0,0.094807643,"Sri Lanka small-tank power law (Telivarai Kulam), Imbulana ceiling-capped",validated_2021_2025,
23,Wannanmaduwa Wewa,11/30/2022,2022,11,2.241652308,90.17898086,2.485781372,S1_SAR_fallback,,0,0.019996962,"Sri Lanka small-tank power law (Telivarai Kulam), Imbulana ceiling-capped",validated_2021_2025,
23,Wannanmaduwa Wewa,12/12/2022,2022,12,1.140841125,90.17898086,1.265085404,S1_SAR_fallback,,0,0.008618547,"Sri Lanka small-tank power law (Telivarai Kulam), Imbulana ceiling-capped",validated_2021_2025,
23,Wannanmaduwa Wewa,12/24/2022,2022,12,25.34868313,90.17898086,28.10930317,S1_SAR_fallback,,0,0.396732807,"Sri Lanka small-tank power law (Telivarai Kulam), Imbulana ceiling-capped",validated_2021_2025,
23,Wannanmaduwa Wewa,1/5/2023,2023,1,25.00843213,90.17898086,27.73199685,S1_SAR_fallback,,0,0.391407531,"Sri Lanka small-tank power law (Telivarai Kulam), Imbulana ceiling-capped",validated_2021_2025,
23,Wannanmaduwa Wewa,1/17/2023,2023,1,21.93616816,90.17898086,24.32514534,S1_SAR_fallback,,0,0.343024329,"Sri Lanka small-tank power law (Telivarai Kulam), Imbulana ceiling-capped",validated_2021_2025,
23,Wannanmaduwa Wewa,1/29/2023,2023,1,16.21194892,90.17898086,17.9775251,S1_SAR_fallback,,0,0.235332737,"Sri Lanka small-tank power law (Telivarai Kulam), Imbulana ceiling-capped",validated_2021_2025,
23,Wannanmaduwa Wewa,2/10/2023,2023,2,13.9402748,90.17898086,15.45845236,S1_SAR_fallback,,0,0.194977396,"Sri Lanka small-tank power law (Telivarai Kulam), Imbulana ceiling-capped",validated_2021_2025,
23,Wannanmaduwa Wewa,2/22/2023,2023,2,12.10892516,90.17898086,13.42765802,S1_SAR_fallback,,0,0.163593729,"Sri Lanka small-tank power law (Telivarai Kulam), Imbulana ceiling-capped",validated_2021_2025,
23,Wannanmaduwa Wewa,3/6/2023,2023,3,10.30759643,90.17898086,11.43015404,S1_SAR_fallback,,0,0.133845993,"Sri Lanka small-tank power law (Telivarai Kulam), Imbulana ceiling-capped",validated_2021_2025,
23,Wannanmaduwa Wewa,3/18/2023,2023,3,6.494786643,90.17898086,7.202106945,S1_SAR_fallback,,0,0.075274931,"Sri Lanka small-tank power law (Telivarai Kulam), Imbulana ceiling-capped",validated_2021_2025,
23,Wannanmaduwa Wewa,3/30/2023,2023,3,3.722743286,90.17898086,4.128171832,S1_SAR_fallback,,0,0.037624415,"Sri Lanka small-tank power law (Telivarai Kulam), Imbulana ceiling-capped",validated_2021_2025,
23,Wannanmaduwa Wewa,4/11/2023,2023,4,2.581902789,90.17898086,2.863087124,S1_SAR_fallback,,0,0.023847244,"Sri Lanka small-tank power law (Telivarai Kulam), Imbulana ceiling-capped",validated_2021_2025,
23,Wannanmaduwa Wewa,4/23/2023,2023,4,2.361738834,90.17898086,2.618946025,S1_SAR_fallback,,0,0.021340509,"Sri Lanka small-tank power law (Telivarai Kulam), Imbulana ceiling-capped",validated_2021_2025,
23,Wannanmaduwa Wewa,5/5/2023,2023,5,12.22900971,90.17898086,13.56082048,S1_SAR_fallback,,0,0.16561779,"Sri Lanka small-tank power law (Telivarai Kulam), Imbulana ceiling-capped",validated_2021_2025,
23,Wannanmaduwa Wewa,5/17/2023,2023,5,7.90582147,90.17898086,8.766811727,S1_SAR_fallback,,0,0.096170882,"Sri Lanka small-tank power law (Telivarai Kulam), Imbulana ceiling-capped",validated_2021_2025,
23,Wannanmaduwa Wewa,5/29/2023,2023,5,7.465496956,90.17898086,8.278533295,S1_SAR_fallback,,0,0.089542812,"Sri Lanka small-tank power law (Telivarai Kulam), Imbulana ceiling-capped",validated_2021_2025,
23,Wannanmaduwa Wewa,6/10/2023,2023,6,7.435475172,90.17898086,8.245241964,S1_SAR_fallback,,0,0.089094334,"Sri Lanka small-tank power law (Telivarai Kulam), Imbulana ceiling-capped",validated_2021_2025,
23,Wannanmaduwa Wewa,6/22/2023,2023,6,8.236064825,90.17898086,9.133020517,S1_SAR_fallback,,0,0.101202195,"Sri Lanka small-tank power law (Telivarai Kulam), Imbulana ceiling-capped",validated_2021_2025,
23,Wannanmaduwa Wewa,7/4/2023,2023,7,7.355416425,90.17898086,8.15646435,S1_SAR_fallback,,0,0.087900566,"Sri Lanka small-tank power law (Telivarai Kulam), Imbulana ceiling-capped",validated_2021_2025,
23,Wannanmaduwa Wewa,7/16/2023,2023,7,8.756448373,90.17898086,9.710076882,S1_SAR_fallback,,0,0.109231026,"Sri Lanka small-tank power law (Telivarai Kulam), Imbulana ceiling-capped",validated_2021_2025,
23,Wannanmaduwa Wewa,7/28/2023,2023,7,1.807018234,90.17898086,2.003813102,S2_MNDWI,7/29/2023,1,0.015287043,"Sri Lanka small-tank power law (Telivarai Kulam), Imbulana ceiling-capped",validated_2021_2025,
23,Wannanmaduwa Wewa,8/9/2023,2023,8,9.186766233,90.17898086,10.18725888,S1_SAR_fallback,,0,0.11595988,"Sri Lanka small-tank power law (Telivarai Kulam), Imbulana ceiling-capped",validated_2021_2025,
23,Wannanmaduwa Wewa,9/2/2023,2023,9,12.67934091,90.17898086,14.06019539,S1_SAR_fallback,,0,0.173251583,"Sri Lanka small-tank power law (Telivarai Kulam), Imbulana ceiling-capped",validated_2021_2025,
23,Wannanmaduwa Wewa,9/14/2023,2023,9,9.036657173,90.17898086,10.02080206,S1_SAR_fallback,,0,0.113603629,"Sri Lanka small-tank power law (Telivarai Kulam), Imbulana ceiling-capped",validated_2021_2025,
23,Wannanmaduwa Wewa,9/26/2023,2023,9,14.10038813,90.17898086,15.63600298,S1_SAR_fallback,,0,0.197771864,"Sri Lanka small-tank power law (Telivarai Kulam), Imbulana ceiling-capped",validated_2021_2025,
23,Wannanmaduwa Wewa,10/8/2023,2023,10,11.15841733,90.17898086,12.37363433,S1_SAR_fallback,,0,0.14774982,"Sri Lanka small-tank power law (Telivarai Kulam), Imbulana ceiling-capped",validated_2021_2025,
23,Wannanmaduwa Wewa,10/20/2023,2023,10,32.40387205,90.17898086,35.93284349,S1_SAR_fallback,,0,0.507153726,"Sri Lanka small-tank power law (Telivarai Kulam), Imbulana ceiling-capped",validated_2021_2025,
23,Wannanmaduwa Wewa,11/1/2023,2023,11,18.14336789,90.17898086,20.11928691,S1_SAR_fallback,,0,0.270766071,"Sri Lanka small-tank power law (Telivarai Kulam), Imbulana ceiling-capped",validated_2021_2025,
23,Wannanmaduwa Wewa,11/13/2023,2023,11,66.4189399,90.17898086,73.65235143,S1_SAR_fallback,,0,1.039524314,"Sri Lanka small-tank power law (Telivarai Kulam), Imbulana ceiling-capped",validated_2021_2025,
23,Wannanmaduwa Wewa,11/25/2023,2023,11,54.98051072,90.17898086,60.96821033,S1_SAR_fallback,,0,0.860501203,"Sri Lanka small-tank power law (Telivarai Kulam), Imbulana ceiling-capped",validated_2021_2025,
23,Wannanmaduwa Wewa,12/7/2023,2023,12,42.06099055,90.17898086,46.64167875,S1_SAR_fallback,,0,0.658297504,"Sri Lanka small-tank power law (Telivarai Kulam), Imbulana ceiling-capped",validated_2021_2025,
23,Wannanmaduwa Wewa,12/19/2023,2023,12,39.46907894,90.17898086,43.76749279,S1_SAR_fallback,,0,0.617731438,"Sri Lanka small-tank power law (Telivarai Kulam), Imbulana ceiling-capped",validated_2021_2025,
23,Wannanmaduwa Wewa,12/31/2023,2023,12,33.15442552,90.17898086,36.76513662,S1_SAR_fallback,,0,0.518900655,"Sri Lanka small-tank power law (Telivarai Kulam), Imbulana ceiling-capped",validated_2021_2025,
23,Wannanmaduwa Wewa,1/12/2024,2024,1,31.55324536,90.17898086,34.98957856,S1_SAR_fallback,,0,0.493840549,"Sri Lanka small-tank power law (Telivarai Kulam), Imbulana ceiling-capped",validated_2021_2025,
23,Wannanmaduwa Wewa,1/24/2024,2024,1,12.65658292,90.17898086,14.03495893,S2_MNDWI,1/25/2024,1,0.172864177,"Sri Lanka small-tank power law (Telivarai Kulam), Imbulana ceiling-capped",validated_2021_2025,
23,Wannanmaduwa Wewa,2/5/2024,2024,2,17.7630843,90.17898086,19.69758821,S1_SAR_fallback,,0,0.263712588,"Sri Lanka small-tank power law (Telivarai Kulam), Imbulana ceiling-capped",validated_2021_2025,
23,Wannanmaduwa Wewa,2/17/2024,2024,2,14.77088041,90.17898086,16.3795158,S1_SAR_fallback,,0,0.209558187,"Sri Lanka small-tank power law (Telivarai Kulam), Imbulana ceiling-capped",validated_2021_2025,
23,Wannanmaduwa Wewa,2/29/2024,2024,2,14.42062212,90.17898086,15.99111232,S1_SAR_fallback,,0,0.203384321,"Sri Lanka small-tank power law (Telivarai Kulam), Imbulana ceiling-capped",validated_2021_2025,
23,Wannanmaduwa Wewa,3/12/2024,2024,3,11.68299382,90.17898086,12.95534027,S2_MNDWI,3/10/2024,2,0.156454569,"Sri Lanka small-tank power law (Telivarai Kulam), Imbulana ceiling-capped",validated_2021_2025,
23,Wannanmaduwa Wewa,3/24/2024,2024,3,13.59001061,90.17898086,15.07004235,S1_SAR_fallback,,0,0.18889181,"Sri Lanka small-tank power law (Telivarai Kulam), Imbulana ceiling-capped",validated_2021_2025,
23,Wannanmaduwa Wewa,4/5/2024,2024,4,13.74012099,90.17898086,15.23650063,S1_SAR_fallback,,0,0.1914952,"Sri Lanka small-tank power law (Telivarai Kulam), Imbulana ceiling-capped",validated_2021_2025,
23,Wannanmaduwa Wewa,4/17/2024,2024,4,12.45917751,90.17898086,13.81605491,S1_SAR_fallback,,0,0.169510995,"Sri Lanka small-tank power law (Telivarai Kulam), Imbulana ceiling-capped",validated_2021_2025,
23,Wannanmaduwa Wewa,4/29/2024,2024,4,10.96807883,90.17898086,12.16256685,S1_SAR_fallback,,0,0.144615944,"Sri Lanka small-tank power law (Telivarai Kulam), Imbulana ceiling-capped",validated_2021_2025,
23,Wannanmaduwa Wewa,5/11/2024,2024,5,10.33761454,90.17898086,11.4634413,S1_SAR_fallback,,0,0.134331879,"Sri Lanka small-tank power law (Telivarai Kulam), Imbulana ceiling-capped",validated_2021_2025,
23,Wannanmaduwa Wewa,5/23/2024,2024,5,27.38017415,90.17898086,30.36203547,S1_SAR_fallback,,0,0.428527718,"Sri Lanka small-tank power law (Telivarai Kulam), Imbulana ceiling-capped",validated_2021_2025,
23,Wannanmaduwa Wewa,6/4/2024,2024,6,36.59696321,90.17898086,40.58258683,S1_SAR_fallback,,0,0.57277989,"Sri Lanka small-tank power law (Telivarai Kulam), Imbulana ceiling-capped",validated_2021_2025,
23,Wannanmaduwa Wewa,6/16/2024,2024,6,37.94795529,90.17898086,42.08070986,S1_SAR_fallback,,0,0.593924297,"Sri Lanka small-tank power law (Telivarai Kulam), Imbulana ceiling-capped",validated_2021_2025,
23,Wannanmaduwa Wewa,7/10/2024,2024,7,26.04918876,90.17898086,28.88609797,S1_SAR_fallback,,0,0.407696436,"Sri Lanka small-tank power law (Telivarai Kulam), Imbulana ceiling-capped",validated_2021_2025,
23,Wannanmaduwa Wewa,7/22/2024,2024,7,27.43020684,90.17898086,30.41751701,S1_SAR_fallback,,0,0.429310781,"Sri Lanka small-tank power law (Telivarai Kulam), Imbulana ceiling-capped",validated_2021_2025,
23,Wannanmaduwa Wewa,8/3/2024,2024,8,22.41651366,90.17898086,24.85780327,S1_SAR_fallback,,0,0.350841357,"Sri Lanka small-tank power law (Telivarai Kulam), Imbulana ceiling-capped",validated_2021_2025,
23,Wannanmaduwa Wewa,8/15/2024,2024,8,22.93689683,90.17898086,25.43485922,S1_SAR_fallback,,0,0.358985885,"Sri Lanka small-tank power law (Telivarai Kulam), Imbulana ceiling-capped",validated_2021_2025,
23,Wannanmaduwa Wewa,8/27/2024,2024,8,18.92394106,90.17898086,20.98486907,S1_SAR_fallback,,0,0.285357764,"Sri Lanka small-tank power law (Telivarai Kulam), Imbulana ceiling-capped",validated_2021_2025,
23,Wannanmaduwa Wewa,9/20/2024,2024,9,16.73232766,90.17898086,18.55457613,S1_SAR_fallback,,0,0.244782307,"Sri Lanka small-tank power law (Telivarai Kulam), Imbulana ceiling-capped",validated_2021_2025,
23,Wannanmaduwa Wewa,10/2/2024,2024,10,8.742590273,90.17898086,9.694709554,S2_MNDWI,10/1/2024,1,0.109015657,"Sri Lanka small-tank power law (Telivarai Kulam), Imbulana ceiling-capped",validated_2021_2025,
23,Wannanmaduwa Wewa,10/14/2024,2024,10,10.88802058,90.17898086,12.07378979,S1_SAR_fallback,,0,0.143301785,"Sri Lanka small-tank power law (Telivarai Kulam), Imbulana ceiling-capped",validated_2021_2025,
23,Wannanmaduwa Wewa,10/26/2024,2024,10,11.27830818,90.17898086,12.50658199,S1_SAR_fallback,,0,0.14973057,"Sri Lanka small-tank power law (Telivarai Kulam), Imbulana ceiling-capped",validated_2021_2025,
23,Wannanmaduwa Wewa,11/7/2024,2024,11,49.8267146,90.17898086,55.25313562,S1_SAR_fallback,,0,0.779839025,"Sri Lanka small-tank power law (Telivarai Kulam), Imbulana ceiling-capped",validated_2021_2025,
23,Wannanmaduwa Wewa,11/19/2024,2024,11,57.91267048,90.17898086,64.21969945,S1_SAR_fallback,,0,0.906392501,"Sri Lanka small-tank power law (Telivarai Kulam), Imbulana ceiling-capped",validated_2021_2025,
23,Wannanmaduwa Wewa,12/13/2024,2024,12,56.50163039,90.17898086,62.65498884,S1_SAR_fallback,,0,0.884308281,"Sri Lanka small-tank power law (Telivarai Kulam), Imbulana ceiling-capped",validated_2021_2025,
23,Wannanmaduwa Wewa,12/25/2024,2024,12,50.34709527,90.17898086,55.8301888,S1_SAR_fallback,,0,0.787983514,"Sri Lanka small-tank power law (Telivarai Kulam), Imbulana ceiling-capped",validated_2021_2025,
23,Wannanmaduwa Wewa,1/6/2025,2025,1,49.77667463,90.17898086,55.19764601,S1_SAR_fallback,,0,0.779055848,"Sri Lanka small-tank power law (Telivarai Kulam), Imbulana ceiling-capped",validated_2021_2025,
23,Wannanmaduwa Wewa,1/18/2025,2025,1,52.48867519,90.17898086,58.20499932,S1_SAR_fallback,,0,0.82150143,"Sri Lanka small-tank power law (Telivarai Kulam), Imbulana ceiling-capped",validated_2021_2025,
23,Wannanmaduwa Wewa,1/30/2025,2025,1,51.53797483,90.17898086,57.15076211,S1_SAR_fallback,,0,0.806621997,"Sri Lanka small-tank power law (Telivarai Kulam), Imbulana ceiling-capped",validated_2021_2025,
23,Wannanmaduwa Wewa,2/11/2025,2025,2,53.23922855,90.17898086,59.03729233,S1_SAR_fallback,,0,0.833248357,"Sri Lanka small-tank power law (Telivarai Kulam), Imbulana ceiling-capped",validated_2021_2025,
23,Wannanmaduwa Wewa,2/23/2025,2025,2,49.98683118,90.17898086,55.43068983,S1_SAR_fallback,,0,0.782345013,"Sri Lanka small-tank power law (Telivarai Kulam), Imbulana ceiling-capped",validated_2021_2025,
23,Wannanmaduwa Wewa,3/7/2025,2025,3,48.62888632,90.17898086,53.92485683,S2_MNDWI,3/5/2025,2,0.761091788,"Sri Lanka small-tank power law (Telivarai Kulam), Imbulana ceiling-capped",validated_2021_2025,
23,Wannanmaduwa Wewa,3/19/2025,2025,3,53.13915669,90.17898086,58.92632205,S1_SAR_fallback,,0,0.83168213,"Sri Lanka small-tank power law (Telivarai Kulam), Imbulana ceiling-capped",validated_2021_2025,
23,Wannanmaduwa Wewa,3/31/2025,2025,3,50.27704678,90.17898086,55.75251162,S1_SAR_fallback,,0,0.786887184,"Sri Lanka small-tank power law (Telivarai Kulam), Imbulana ceiling-capped",validated_2021_2025,
23,Wannanmaduwa Wewa,4/12/2025,2025,4,46.96460277,90.17898086,52.07932306,S1_SAR_fallback,,0,0.735044049,"Sri Lanka small-tank power law (Telivarai Kulam), Imbulana ceiling-capped",validated_2021_2025,
23,Wannanmaduwa Wewa,4/24/2025,2025,4,42.17106906,90.17898086,46.76374545,S1_SAR_fallback,,0,0.660020345,"Sri Lanka small-tank power law (Telivarai Kulam), Imbulana ceiling-capped",validated_2021_2025,
23,Wannanmaduwa Wewa,5/6/2025,2025,5,41.59063994,90.17898086,46.1201042,S1_SAR_fallback,,0,0.650936036,"Sri Lanka small-tank power law (Telivarai Kulam), Imbulana ceiling-capped",validated_2021_2025,
23,Wannanmaduwa Wewa,5/18/2025,2025,5,41.27040249,90.17898086,45.76499102,S1_SAR_fallback,,0,0.645923993,"Sri Lanka small-tank power law (Telivarai Kulam), Imbulana ceiling-capped",validated_2021_2025,
23,Wannanmaduwa Wewa,5/30/2025,2025,5,43.18181189,90.17898086,47.88456409,S1_SAR_fallback,,0,0.675839504,"Sri Lanka small-tank power law (Telivarai Kulam), Imbulana ceiling-capped",validated_2021_2025,
23,Wannanmaduwa Wewa,6/11/2025,2025,6,42.81153906,90.17898086,47.47396639,S1_SAR_fallback,,0,0.670044356,"Sri Lanka small-tank power law (Telivarai Kulam), Imbulana ceiling-capped",validated_2021_2025,
23,Wannanmaduwa Wewa,6/23/2025,2025,6,43.22184124,90.17898086,47.92895287,S1_SAR_fallback,,0,0.676466004,"Sri Lanka small-tank power law (Telivarai Kulam), Imbulana ceiling-capped",validated_2021_2025,
23,Wannanmaduwa Wewa,7/5/2025,2025,7,40.09954146,90.17898086,44.46661637,S1_SAR_fallback,,0,0.627598821,"Sri Lanka small-tank power law (Telivarai Kulam), Imbulana ceiling-capped",validated_2021_2025,
23,Wannanmaduwa Wewa,7/17/2025,2025,7,38.18813365,90.17898086,42.34704505,S1_SAR_fallback,,0,0.597683334,"Sri Lanka small-tank power law (Telivarai Kulam), Imbulana ceiling-capped",validated_2021_2025,
23,Wannanmaduwa Wewa,7/29/2025,2025,7,26.50316496,90.17898086,29.38951483,S2_MNDWI,7/28/2025,1,0.414801628,"Sri Lanka small-tank power law (Telivarai Kulam), Imbulana ceiling-capped",validated_2021_2025,
23,Wannanmaduwa Wewa,8/10/2025,2025,8,33.80490511,90.17898086,37.48645725,S1_SAR_fallback,,0,0.529081326,"Sri Lanka small-tank power law (Telivarai Kulam), Imbulana ceiling-capped",validated_2021_2025,
23,Wannanmaduwa Wewa,8/22/2025,2025,8,25.74592933,90.17898086,28.54981181,S2_MNDWI,8/22/2025,0,0.402950116,"Sri Lanka small-tank power law (Telivarai Kulam), Imbulana ceiling-capped",validated_2021_2025,
23,Wannanmaduwa Wewa,9/3/2025,2025,9,30.62256205,90.17898086,33.9575384,S1_SAR_fallback,,0,0.479274404,"Sri Lanka small-tank power law (Telivarai Kulam), Imbulana ceiling-capped",validated_2021_2025,
23,Wannanmaduwa Wewa,9/15/2025,2025,9,31.28304945,90.17898086,34.68995674,S1_SAR_fallback,,0,0.489611707,"Sri Lanka small-tank power law (Telivarai Kulam), Imbulana ceiling-capped",validated_2021_2025,
23,Wannanmaduwa Wewa,9/27/2025,2025,9,25.77899273,90.17898086,28.58647601,S1_SAR_fallback,,0,0.403467592,"Sri Lanka small-tank power law (Telivarai Kulam), Imbulana ceiling-capped",validated_2021_2025,
23,Wannanmaduwa Wewa,10/9/2025,2025,10,21.45580808,90.17898086,23.79247123,S1_SAR_fallback,,0,0.333689638,"Sri Lanka small-tank power law (Telivarai Kulam), Imbulana ceiling-capped",validated_2021_2025,
23,Wannanmaduwa Wewa,10/21/2025,2025,10,48.35562656,90.17898086,53.62183748,S1_SAR_fallback,,0,0.756814993,"Sri Lanka small-tank power law (Telivarai Kulam), Imbulana ceiling-capped",validated_2021_2025,
23,Wannanmaduwa Wewa,11/2/2025,2025,11,55.00291231,90.17898086,60.99305158,S2_MNDWI,10/31/2025,2,0.860851811,"Sri Lanka small-tank power law (Telivarai Kulam), Imbulana ceiling-capped",validated_2021_2025,
23,Wannanmaduwa Wewa,11/14/2025,2025,11,53.00905878,90.17898086,58.78205572,S1_SAR_fallback,,0,0.829645965,"Sri Lanka small-tank power law (Telivarai Kulam), Imbulana ceiling-capped",validated_2021_2025,
23,Wannanmaduwa Wewa,11/26/2025,2025,11,65.88855133,90.17898086,73.06420044,S1_SAR_fallback,,0,1.031223191,"Sri Lanka small-tank power law (Telivarai Kulam), Imbulana ceiling-capped",validated_2021_2025,
23,Wannanmaduwa Wewa,12/2/2025,2025,12,72.96301781,90.17898086,80.90911775,S1_SAR_fallback,,0,1.141945824,"Sri Lanka small-tank power law (Telivarai Kulam), Imbulana ceiling-capped",validated_2021_2025,
23,Wannanmaduwa Wewa,12/8/2025,2025,12,69.04515141,90.17898086,76.56457275,S1_SAR_fallback,,0,1.080627209,"Sri Lanka small-tank power law (Telivarai Kulam), Imbulana ceiling-capped",validated_2021_2025,
23,Wannanmaduwa Wewa,12/20/2025,2025,12,70.1016542,90.17898086,77.73613488,S1_SAR_fallback,,0,1.097162558,"Sri Lanka small-tank power law (Telivarai Kulam), Imbulana ceiling-capped",validated_2021_2025,
24,Wellamaduwa Wewa,1/3/2021,2021,1,4.893519678,25.01709046,19.56070665,S1_SAR,,0,0.052899607,"Sri Lanka small-tank power law (Telivarai Kulam), Imbulana ceiling-capped",validated_2021_2025,
24,Wellamaduwa Wewa,1/15/2021,2021,1,10.43750664,25.01709046,41.72150498,S1_SAR,,0,0.13595127,"Sri Lanka small-tank power law (Telivarai Kulam), Imbulana ceiling-capped",validated_2021_2025,
24,Wellamaduwa Wewa,1/27/2021,2021,1,10.07724776,25.01709046,40.2814539,S1_SAR,,0,0.130129116,"Sri Lanka small-tank power law (Telivarai Kulam), Imbulana ceiling-capped",validated_2021_2025,
24,Wellamaduwa Wewa,2/8/2021,2021,2,9.686967306,25.01709046,38.72139857,S1_SAR,,0,0.123879384,"Sri Lanka small-tank power law (Telivarai Kulam), Imbulana ceiling-capped",validated_2021_2025,
24,Wellamaduwa Wewa,2/20/2021,2021,2,9.606910053,25.01709046,38.40138832,S1_SAR,,0,0.122604953,"Sri Lanka small-tank power law (Telivarai Kulam), Imbulana ceiling-capped",validated_2021_2025,
24,Wellamaduwa Wewa,3/4/2021,2021,3,9.25665825,25.01709046,37.00133821,S1_SAR,,0,0.117060216,"Sri Lanka small-tank power law (Telivarai Kulam), Imbulana ceiling-capped",validated_2021_2025,
24,Wellamaduwa Wewa,3/16/2021,2021,3,8.476097102,25.01709046,33.88122658,S1_SAR,,0,0.10489053,"Sri Lanka small-tank power law (Telivarai Kulam), Imbulana ceiling-capped",validated_2021_2025,
24,Wellamaduwa Wewa,3/28/2021,2021,3,6.544708285,25.01709046,26.16094904,S1_SAR,,0,0.075996588,"Sri Lanka small-tank power law (Telivarai Kulam), Imbulana ceiling-capped",validated_2021_2025,
24,Wellamaduwa Wewa,4/9/2021,2021,4,5.123686553,25.01709046,20.4807452,S1_SAR,,0,0.056017766,"Sri Lanka small-tank power law (Telivarai Kulam), Imbulana ceiling-capped",validated_2021_2025,
24,Wellamaduwa Wewa,4/21/2021,2021,4,4.913535329,25.01709046,19.64071456,S1_SAR,,0,0.05316936,"Sri Lanka small-tank power law (Telivarai Kulam), Imbulana ceiling-capped",validated_2021_2025,
24,Wellamaduwa Wewa,5/3/2021,2021,5,4.072930857,25.01709046,16.28059372,S1_SAR,,0,0.042084462,"Sri Lanka small-tank power law (Telivarai Kulam), Imbulana ceiling-capped",validated_2021_2025,
24,Wellamaduwa Wewa,5/15/2021,2021,5,3.452484267,25.01709046,13.80050279,S1_SAR,,0,0.034251826,"Sri Lanka small-tank power law (Telivarai Kulam), Imbulana ceiling-capped",validated_2021_2025,
24,Wellamaduwa Wewa,5/27/2021,2021,5,2.982145995,25.01709046,11.92043495,S1_SAR,,0,0.02853838,"Sri Lanka small-tank power law (Telivarai Kulam), Imbulana ceiling-capped",validated_2021_2025,
24,Wellamaduwa Wewa,6/8/2021,2021,6,3.122246793,25.01709046,12.4804553,S1_SAR,,0,0.030218586,"Sri Lanka small-tank power law (Telivarai Kulam), Imbulana ceiling-capped",validated_2021_2025,
24,Wellamaduwa Wewa,6/14/2021,2021,6,2.952124441,25.01709046,11.80043077,S1_SAR,,0,0.028180827,"Sri Lanka small-tank power law (Telivarai Kulam), Imbulana ceiling-capped",validated_2021_2025,
24,Wellamaduwa Wewa,6/20/2021,2021,6,3.282362086,25.01709046,13.12047895,S1_SAR,,0,0.032161637,"Sri Lanka small-tank power law (Telivarai Kulam), Imbulana ceiling-capped",validated_2021_2025,
24,Wellamaduwa Wewa,7/2/2021,2021,7,3.202304436,25.01709046,12.80046711,S1_SAR,,0,0.031187123,"Sri Lanka small-tank power law (Telivarai Kulam), Imbulana ceiling-capped",validated_2021_2025,
24,Wellamaduwa Wewa,7/14/2021,2021,7,2.932110003,25.01709046,11.72042771,S1_SAR,,0,0.027942953,"Sri Lanka small-tank power law (Telivarai Kulam), Imbulana ceiling-capped",validated_2021_2025,
24,Wellamaduwa Wewa,7/26/2021,2021,7,2.912095599,25.01709046,11.64042479,S1_SAR,,0,0.027705479,"Sri Lanka small-tank power law (Telivarai Kulam), Imbulana ceiling-capped",validated_2021_2025,
24,Wellamaduwa Wewa,8/7/2021,2021,8,3.202304462,25.01709046,12.80046722,S1_SAR,,0,0.031187123,"Sri Lanka small-tank power law (Telivarai Kulam), Imbulana ceiling-capped",validated_2021_2025,
24,Wellamaduwa Wewa,8/19/2021,2021,8,3.310539185,25.01709046,13.23311034,S1_SAR,,0,0.032506029,"Sri Lanka small-tank power law (Telivarai Kulam), Imbulana ceiling-capped",validated_2021_2025,
24,Wellamaduwa Wewa,8/31/2021,2021,8,3.472498729,25.01709046,13.88050595,S1_SAR,,0,0.034499427,"Sri Lanka small-tank power law (Telivarai Kulam), Imbulana ceiling-capped",validated_2021_2025,
24,Wellamaduwa Wewa,9/12/2021,2021,9,2.962131464,25.01709046,11.84043152,S1_SAR,,0,0.028299911,"Sri Lanka small-tank power law (Telivarai Kulam), Imbulana ceiling-capped",validated_2021_2025,
24,Wellamaduwa Wewa,9/24/2021,2021,9,3.499616476,25.01709046,13.98890283,S1_SAR,,0,0.034835464,"Sri Lanka small-tank power law (Telivarai Kulam), Imbulana ceiling-capped",validated_2021_2025,
24,Wellamaduwa Wewa,10/6/2021,2021,10,2.711951504,25.01709046,10.84039532,S1_SAR,,0,0.025353163,"Sri Lanka small-tank power law (Telivarai Kulam), Imbulana ceiling-capped",validated_2021_2025,
24,Wellamaduwa Wewa,10/18/2021,2021,10,1.360979359,25.01709046,5.440198419,S1_SAR,,0,0.01073784,"Sri Lanka small-tank power law (Telivarai Kulam), Imbulana ceiling-capped",validated_2021_2025,
24,Wellamaduwa Wewa,10/30/2021,2021,10,5.133692608,25.01709046,20.52074208,S1_SAR,,0,0.056154116,"Sri Lanka small-tank power law (Telivarai Kulam), Imbulana ceiling-capped",validated_2021_2025,
24,Wellamaduwa Wewa,11/17/2021,2021,11,11.62836294,25.01709046,46.48167602,S1_SAR,,0,0.155543462,"Sri Lanka small-tank power law (Telivarai Kulam), Imbulana ceiling-capped",validated_2021_2025,
24,Wellamaduwa Wewa,11/23/2021,2021,11,11.50827645,25.01709046,46.00165824,S1_SAR,,0,0.153544426,"Sri Lanka small-tank power law (Telivarai Kulam), Imbulana ceiling-capped",validated_2021_2025,
24,Wellamaduwa Wewa,12/5/2021,2021,12,10.85780902,25.01709046,43.40156598,S1_SAR,,0,0.142806478,"Sri Lanka small-tank power law (Telivarai Kulam), Imbulana ceiling-capped",validated_2021_2025,
24,Wellamaduwa Wewa,12/17/2021,2021,12,9.516844986,25.01709046,38.04137417,S1_SAR,,0,0.12117433,"Sri Lanka small-tank power law (Telivarai Kulam), Imbulana ceiling-capped",validated_2021_2025,
24,Wellamaduwa Wewa,12/29/2021,2021,12,8.155866314,25.01709046,32.60117849,S1_SAR,,0,0.099975712,"Sri Lanka small-tank power law (Telivarai Kulam), Imbulana ceiling-capped",validated_2021_2025,
24,Wellamaduwa Wewa,1/10/2022,2022,1,9.877104136,25.01709046,39.48142632,S1_SAR,,0,0.12691654,"Sri Lanka small-tank power law (Telivarai Kulam), Imbulana ceiling-capped",validated_2021_2025,
24,Wellamaduwa Wewa,1/22/2022,2022,1,8.456081978,25.01709046,33.80122078,S1_SAR,,0,0.104581984,"Sri Lanka small-tank power law (Telivarai Kulam), Imbulana ceiling-capped",validated_2021_2025,
24,Wellamaduwa Wewa,2/3/2022,2022,2,9.867096783,25.01709046,39.44142425,S1_SAR,,0,0.126756325,"Sri Lanka small-tank power law (Telivarai Kulam), Imbulana ceiling-capped",validated_2021_2025,
24,Wellamaduwa Wewa,2/15/2022,2022,2,11.05795332,25.01709046,44.20159625,S1_SAR,,0,0.146094051,"Sri Lanka small-tank power law (Telivarai Kulam), Imbulana ceiling-capped",validated_2021_2025,
24,Wellamaduwa Wewa,2/27/2022,2022,2,9.947154478,25.01709046,39.76143627,S1_SAR,,0,0.128039137,"Sri Lanka small-tank power law (Telivarai Kulam), Imbulana ceiling-capped",validated_2021_2025,
24,Wellamaduwa Wewa,3/11/2022,2022,3,10.10726951,25.01709046,40.40145888,S1_SAR,,0,0.130612369,"Sri Lanka small-tank power law (Telivarai Kulam), Imbulana ceiling-capped",validated_2021_2025,
24,Wellamaduwa Wewa,3/23/2022,2022,3,10.11727664,25.01709046,40.44146003,S1_SAR,,0,0.13077353,"Sri Lanka small-tank power law (Telivarai Kulam), Imbulana ceiling-capped",validated_2021_2025,
24,Wellamaduwa Wewa,4/4/2022,2022,4,11.9485936,25.01709046,47.7617236,S1_SAR,,0,0.16089899,"Sri Lanka small-tank power law (Telivarai Kulam), Imbulana ceiling-capped",validated_2021_2025,
24,Wellamaduwa Wewa,4/16/2022,2022,4,8.175879909,25.01709046,32.68117818,S1_SAR,,0,0.100281505,"Sri Lanka small-tank power law (Telivarai Kulam), Imbulana ceiling-capped",validated_2021_2025,
24,Wellamaduwa Wewa,4/28/2022,2022,4,6.955001603,25.01709046,27.80100114,S1_SAR,,0,0.081978383,"Sri Lanka small-tank power law (Telivarai Kulam), Imbulana ceiling-capped",validated_2021_2025,
24,Wellamaduwa Wewa,5/10/2022,2022,5,3.912813416,25.01709046,15.64056149,S1_SAR,,0,0.040032952,"Sri Lanka small-tank power law (Telivarai Kulam), Imbulana ceiling-capped",validated_2021_2025,
24,Wellamaduwa Wewa,5/22/2022,2022,5,2.912094112,25.01709046,11.64041885,S1_SAR,,0,0.027705461,"Sri Lanka small-tank power law (Telivarai Kulam), Imbulana ceiling-capped",validated_2021_2025,
24,Wellamaduwa Wewa,6/3/2022,2022,6,2.581856631,25.01709046,10.32037133,S1_SAR,,0,0.023846712,"Sri Lanka small-tank power law (Telivarai Kulam), Imbulana ceiling-capped",validated_2021_2025,
24,Wellamaduwa Wewa,6/15/2022,2022,6,4.503238969,25.01709046,18.0006503,S1_SAR,,0,0.047695059,"Sri Lanka small-tank power law (Telivarai Kulam), Imbulana ceiling-capped",validated_2021_2025,
24,Wellamaduwa Wewa,6/27/2022,2022,6,4.132972604,25.01709046,16.52059664,S1_SAR,,0,0.042858922,"Sri Lanka small-tank power law (Telivarai Kulam), Imbulana ceiling-capped",validated_2021_2025,
24,Wellamaduwa Wewa,7/9/2022,2022,7,5.604030466,25.01709046,22.40080826,S1_SAR,,0,0.062635533,"Sri Lanka small-tank power law (Telivarai Kulam), Imbulana ceiling-capped",validated_2021_2025,
24,Wellamaduwa Wewa,7/21/2022,2022,7,7.635491908,25.01709046,30.52110285,S1_SAR,,0,0.0920906,"Sri Lanka small-tank power law (Telivarai Kulam), Imbulana ceiling-capped",validated_2021_2025,
24,Wellamaduwa Wewa,8/2/2022,2022,8,10.66767246,25.01709046,42.64153931,S1_SAR,,0,0.139697072,"Sri Lanka small-tank power law (Telivarai Kulam), Imbulana ceiling-capped",validated_2021_2025,
24,Wellamaduwa Wewa,8/14/2022,2022,8,8.766305312,25.01709046,35.0412664,S1_SAR,,0,0.109384265,"Sri Lanka small-tank power law (Telivarai Kulam), Imbulana ceiling-capped",validated_2021_2025,
24,Wellamaduwa Wewa,8/26/2022,2022,8,9.216629207,25.01709046,36.84133142,S1_SAR,,0,0.116429773,"Sri Lanka small-tank power law (Telivarai Kulam), Imbulana ceiling-capped",validated_2021_2025,
24,Wellamaduwa Wewa,9/7/2022,2022,9,8.105829752,25.01709046,32.40116898,S1_SAR,,0,0.099211998,"Sri Lanka small-tank power law (Telivarai Kulam), Imbulana ceiling-capped",validated_2021_2025,
24,Wellamaduwa Wewa,9/19/2022,2022,9,6.304534377,25.01709046,25.20090971,S1_SAR,,0,0.072537251,"Sri Lanka small-tank power law (Telivarai Kulam), Imbulana ceiling-capped",validated_2021_2025,
24,Wellamaduwa Wewa,10/1/2022,2022,10,4.193015818,25.01709046,16.76060542,S1_SAR,,0,0.043636175,"Sri Lanka small-tank power law (Telivarai Kulam), Imbulana ceiling-capped",validated_2021_2025,
24,Wellamaduwa Wewa,10/13/2022,2022,10,4.453202992,25.01709046,17.80064312,S1_SAR,,0,0.047035608,"Sri Lanka small-tank power law (Telivarai Kulam), Imbulana ceiling-capped",validated_2021_2025,
24,Wellamaduwa Wewa,10/25/2022,2022,10,4.613318254,25.01709046,18.44066664,S1_SAR,,0,0.049152186,"Sri Lanka small-tank power law (Telivarai Kulam), Imbulana ceiling-capped",validated_2021_2025,
24,Wellamaduwa Wewa,11/6/2022,2022,11,4.993591914,25.01709046,19.96072214,S1_SAR,,0,0.054250987,"Sri Lanka small-tank power law (Telivarai Kulam), Imbulana ceiling-capped",validated_2021_2025,
24,Wellamaduwa Wewa,11/18/2022,2022,11,5.193735863,25.01709046,20.76075103,S1_SAR,,0,0.056973686,"Sri Lanka small-tank power law (Telivarai Kulam), Imbulana ceiling-capped",validated_2021_2025,
24,Wellamaduwa Wewa,11/30/2022,2022,11,5.594024219,25.01709046,22.36081062,S1_SAR,,0,0.062496203,"Sri Lanka small-tank power law (Telivarai Kulam), Imbulana ceiling-capped",validated_2021_2025,
24,Wellamaduwa Wewa,12/12/2022,2022,12,8.736283863,25.01709046,34.92126264,S1_SAR,,0,0.108917676,"Sri Lanka small-tank power law (Telivarai Kulam), Imbulana ceiling-capped",validated_2021_2025,
24,Wellamaduwa Wewa,12/24/2022,2022,12,10.0071978,25.01709046,40.00144547,S1_SAR,,0,0.129002917,"Sri Lanka small-tank power law (Telivarai Kulam), Imbulana ceiling-capped",validated_2021_2025,
24,Wellamaduwa Wewa,1/5/2023,2023,1,8.416053516,25.01709046,33.64121631,S1_SAR,,0,0.103965459,"Sri Lanka small-tank power law (Telivarai Kulam), Imbulana ceiling-capped",validated_2021_2025,
24,Wellamaduwa Wewa,1/17/2023,2023,1,8.606190221,25.01709046,34.40124356,S1_SAR,,0,0.106900354,"Sri Lanka small-tank power law (Telivarai Kulam), Imbulana ceiling-capped",validated_2021_2025,
24,Wellamaduwa Wewa,1/29/2023,2023,1,8.095823287,25.01709046,32.36117046,S1_SAR,,0,0.099059408,"Sri Lanka small-tank power law (Telivarai Kulam), Imbulana ceiling-capped",validated_2021_2025,
24,Wellamaduwa Wewa,2/10/2023,2023,2,7.635491801,25.01709046,30.52110242,S1_SAR,,0,0.092090598,"Sri Lanka small-tank power law (Telivarai Kulam), Imbulana ceiling-capped",validated_2021_2025,
24,Wellamaduwa Wewa,2/22/2023,2023,2,8.045787282,25.01709046,32.16116317,S1_SAR,,0,0.098297094,"Sri Lanka small-tank power law (Telivarai Kulam), Imbulana ceiling-capped",validated_2021_2025,
24,Wellamaduwa Wewa,3/6/2023,2023,3,7.995751608,25.01709046,31.9611572,S1_SAR,,0,0.097535952,"Sri Lanka small-tank power law (Telivarai Kulam), Imbulana ceiling-capped",validated_2021_2025,
24,Wellamaduwa Wewa,3/18/2023,2023,3,5.123686012,25.01709046,20.48074304,S1_SAR,,0,0.056017758,"Sri Lanka small-tank power law (Telivarai Kulam), Imbulana ceiling-capped",validated_2021_2025,
24,Wellamaduwa Wewa,3/30/2023,2023,3,6.804895442,25.01709046,27.20098668,S1_SAR,,0,0.079779578,"Sri Lanka small-tank power law (Telivarai Kulam), Imbulana ceiling-capped",validated_2021_2025,
24,Wellamaduwa Wewa,4/11/2023,2023,4,3.442476982,25.01709046,13.760501,S1_SAR,,0,0.034128157,"Sri Lanka small-tank power law (Telivarai Kulam), Imbulana ceiling-capped",validated_2021_2025,
24,Wellamaduwa Wewa,4/23/2023,2023,4,1.110799171,25.01709046,4.44016131,S1_SAR,,0,0.008336666,"Sri Lanka small-tank power law (Telivarai Kulam), Imbulana ceiling-capped",validated_2021_2025,
24,Wellamaduwa Wewa,5/5/2023,2023,5,1.010727261,25.01709046,4.040147127,S1_SAR,,0,0.007411414,"Sri Lanka small-tank power law (Telivarai Kulam), Imbulana ceiling-capped",validated_2021_2025,
24,Wellamaduwa Wewa,5/17/2023,2023,5,0.080057624,25.01709046,0.32001173,S1_SAR,,0,0.000314539,"Sri Lanka small-tank power law (Telivarai Kulam), Imbulana ceiling-capped",validated_2021_2025,
24,Wellamaduwa Wewa,5/29/2023,2023,5,0.0,25.01709046,0.0,S1_SAR,,0,0.0,"Sri Lanka small-tank power law (Telivarai Kulam), Imbulana ceiling-capped",validated_2021_2025,
24,Wellamaduwa Wewa,6/10/2023,2023,6,0.170122427,25.01709046,0.680024832,S1_SAR,,0,0.000804621,"Sri Lanka small-tank power law (Telivarai Kulam), Imbulana ceiling-capped",validated_2021_2025,
24,Wellamaduwa Wewa,6/22/2023,2023,6,0.720518464,25.01709046,2.880104963,S1_SAR,,0,0.004861168,"Sri Lanka small-tank power law (Telivarai Kulam), Imbulana ceiling-capped",validated_2021_2025,
24,Wellamaduwa Wewa,7/4/2023,2023,7,0.620446441,25.01709046,2.480090328,S1_SAR,,0,0.004034772,"Sri Lanka small-tank power law (Telivarai Kulam), Imbulana ceiling-capped",validated_2021_2025,
24,Wellamaduwa Wewa,7/16/2023,2023,7,2.421742649,25.01709046,9.68035293,S1_SAR,,0,0.022018222,"Sri Lanka small-tank power law (Telivarai Kulam), Imbulana ceiling-capped",validated_2021_2025,
24,Wellamaduwa Wewa,7/28/2023,2023,7,3.262347643,25.01709046,13.04047587,S1_SAR,,0,0.031917454,"Sri Lanka small-tank power law (Telivarai Kulam), Imbulana ceiling-capped",validated_2021_2025,
24,Wellamaduwa Wewa,8/9/2023,2023,8,2.681929835,25.01709046,10.72039068,S1_SAR,,0,0.025003911,"Sri Lanka small-tank power law (Telivarai Kulam), Imbulana ceiling-capped",validated_2021_2025,
24,Wellamaduwa Wewa,9/2/2023,2023,9,0.470337897,25.01709046,1.880066339,S1_SAR,,0,0.002857079,"Sri Lanka small-tank power law (Telivarai Kulam), Imbulana ceiling-capped",validated_2021_2025,
24,Wellamaduwa Wewa,9/14/2023,2023,9,0.550395607,25.01709046,2.200078414,S1_SAR,,0,0.00347525,"Sri Lanka small-tank power law (Telivarai Kulam), Imbulana ceiling-capped",validated_2021_2025,
24,Wellamaduwa Wewa,9/26/2023,2023,9,0.8506114,25.01709046,3.400121214,S1_SAR,,0,0.005978138,"Sri Lanka small-tank power law (Telivarai Kulam), Imbulana ceiling-capped",validated_2021_2025,
24,Wellamaduwa Wewa,10/8/2023,2023,10,0.440316523,25.01709046,1.760062881,S1_SAR,,0,0.00263165,"Sri Lanka small-tank power law (Telivarai Kulam), Imbulana ceiling-capped",validated_2021_2025,
24,Wellamaduwa Wewa,10/20/2023,2023,10,3.702664449,25.01709046,14.80053988,S1_SAR,,0,0.037371716,"Sri Lanka small-tank power law (Telivarai Kulam), Imbulana ceiling-capped",validated_2021_2025,
24,Wellamaduwa Wewa,11/1/2023,2023,11,4.162995538,25.01709046,16.64060633,S1_SAR,,0,0.043247221,"Sri Lanka small-tank power law (Telivarai Kulam), Imbulana ceiling-capped",validated_2021_2025,
24,Wellamaduwa Wewa,11/13/2023,2023,11,12.03865853,25.01709046,48.12173722,S1_SAR,,0,0.16241165,"Sri Lanka small-tank power law (Telivarai Kulam), Imbulana ceiling-capped",validated_2021_2025,
24,Wellamaduwa Wewa,11/25/2023,2023,11,10.11727721,25.01709046,40.44146231,S1_SAR,,0,0.130773539,"Sri Lanka small-tank power law (Telivarai Kulam), Imbulana ceiling-capped",validated_2021_2025,
24,Wellamaduwa Wewa,12/7/2023,2023,12,10.59762237,25.01709046,42.36153035,S1_SAR,,0,0.138554925,"Sri Lanka small-tank power law (Telivarai Kulam), Imbulana ceiling-capped",validated_2021_2025,
24,Wellamaduwa Wewa,12/19/2023,2023,12,10.56760077,25.01709046,42.24152598,S1_SAR,,0,0.138065999,"Sri Lanka small-tank power law (Telivarai Kulam), Imbulana ceiling-capped",validated_2021_2025,
24,Wellamaduwa Wewa,12/31/2023,2023,12,10.6876872,25.01709046,42.72154355,S1_SAR,,0,0.140023746,"Sri Lanka small-tank power law (Telivarai Kulam), Imbulana ceiling-capped",validated_2021_2025,
24,Wellamaduwa Wewa,1/12/2024,2024,1,10.28739948,25.01709046,41.12148651,S1_SAR,,0,0.133519273,"Sri Lanka small-tank power law (Telivarai Kulam), Imbulana ceiling-capped",validated_2021_2025,
24,Wellamaduwa Wewa,1/24/2024,2024,1,9.997190945,25.01709046,39.96144541,S1_SAR,,0,0.128842194,"Sri Lanka small-tank power law (Telivarai Kulam), Imbulana ceiling-capped",validated_2021_2025,
24,Wellamaduwa Wewa,2/5/2024,2024,2,9.546867027,25.01709046,38.16138029,S1_SAR,,0,0.121650841,"Sri Lanka small-tank power law (Telivarai Kulam), Imbulana ceiling-capped",validated_2021_2025,
24,Wellamaduwa Wewa,2/17/2024,2024,2,10.06724114,25.01709046,40.24145477,S1_SAR,,0,0.12996812,"Sri Lanka small-tank power law (Telivarai Kulam), Imbulana ceiling-capped",validated_2021_2025,
24,Wellamaduwa Wewa,2/29/2024,2024,2,10.1072699,25.01709046,40.40146042,S1_SAR,,0,0.130612375,"Sri Lanka small-tank power law (Telivarai Kulam), Imbulana ceiling-capped",validated_2021_2025,
24,Wellamaduwa Wewa,3/12/2024,2024,3,10.37746413,25.01709046,41.48149899,S1_SAR,,0,0.134977437,"Sri Lanka small-tank power law (Telivarai Kulam), Imbulana ceiling-capped",validated_2021_2025,
24,Wellamaduwa Wewa,3/24/2024,2024,3,10.0172052,25.01709046,40.04144773,S1_SAR,,0,0.129163688,"Sri Lanka small-tank power law (Telivarai Kulam), Imbulana ceiling-capped",validated_2021_2025,
24,Wellamaduwa Wewa,4/5/2024,2024,4,10.20734191,25.01709046,40.80147499,S1_SAR,,0,0.132225759,"Sri Lanka small-tank power law (Telivarai Kulam), Imbulana ceiling-capped",validated_2021_2025,
24,Wellamaduwa Wewa,4/17/2024,2024,4,9.847082952,25.01709046,39.36142362,S1_SAR,,0,0.126436031,"Sri Lanka small-tank power law (Telivarai Kulam), Imbulana ceiling-capped",validated_2021_2025,
24,Wellamaduwa Wewa,4/29/2024,2024,4,9.36673758,25.01709046,37.44135473,S1_SAR,,0,0.118797381,"Sri Lanka small-tank power law (Telivarai Kulam), Imbulana ceiling-capped",validated_2021_2025,
24,Wellamaduwa Wewa,5/11/2024,2024,5,9.466691822,25.01709046,37.84089856,S1_SAR,,0,0.120379121,"Sri Lanka small-tank power law (Telivarai Kulam), Imbulana ceiling-capped",validated_2021_2025,
24,Wellamaduwa Wewa,5/23/2024,2024,5,6.594744253,25.01709046,26.36095618,S1_SAR,,0,0.076721259,"Sri Lanka small-tank power law (Telivarai Kulam), Imbulana ceiling-capped",validated_2021_2025,
24,Wellamaduwa Wewa,6/4/2024,2024,6,9.326708882,25.01709046,37.28134932,S1_SAR,,0,0.118165102,"Sri Lanka small-tank power law (Telivarai Kulam), Imbulana ceiling-capped",validated_2021_2025,
24,Wellamaduwa Wewa,6/16/2024,2024,6,8.986464194,25.01709046,35.92130032,S1_SAR,,0,0.112817892,"Sri Lanka small-tank power law (Telivarai Kulam), Imbulana ceiling-capped",validated_2021_2025,
24,Wellamaduwa Wewa,7/10/2024,2024,7,7.764880105,25.01709046,31.03830207,S1_SAR,,0,0.094039192,"Sri Lanka small-tank power law (Telivarai Kulam), Imbulana ceiling-capped",validated_2021_2025,
24,Wellamaduwa Wewa,7/22/2024,2024,7,7.735564972,25.01709046,30.92112164,S1_SAR,,0,0.093596999,"Sri Lanka small-tank power law (Telivarai Kulam), Imbulana ceiling-capped",validated_2021_2025,
24,Wellamaduwa Wewa,8/3/2024,2024,8,7.155147581,25.01709046,28.60103813,S1_SAR,,0,0.08492837,"Sri Lanka small-tank power law (Telivarai Kulam), Imbulana ceiling-capped",validated_2021_2025,
24,Wellamaduwa Wewa,8/15/2024,2024,8,8.215910404,25.01709046,32.84119078,S1_SAR,,0,0.100893694,"Sri Lanka small-tank power law (Telivarai Kulam), Imbulana ceiling-capped",validated_2021_2025,
24,Wellamaduwa Wewa,8/27/2024,2024,8,6.644780547,25.01709046,26.56096463,S1_SAR,,0,0.077447289,"Sri Lanka small-tank power law (Telivarai Kulam), Imbulana ceiling-capped",validated_2021_2025,
24,Wellamaduwa Wewa,9/20/2024,2024,9,6.770243266,25.01709046,27.06247266,S1_SAR,,0,0.079273666,"Sri Lanka small-tank power law (Telivarai Kulam), Imbulana ceiling-capped",validated_2021_2025,
24,Wellamaduwa Wewa,10/2/2024,2024,10,7.185169055,25.01709046,28.72104199,S1_SAR,,0,0.08537263,"Sri Lanka small-tank power law (Telivarai Kulam), Imbulana ceiling-capped",validated_2021_2025,
24,Wellamaduwa Wewa,10/14/2024,2024,10,6.965010728,25.01709046,27.84101029,S1_SAR,,0,0.082125418,"Sri Lanka small-tank power law (Telivarai Kulam), Imbulana ceiling-capped",validated_2021_2025,
24,Wellamaduwa Wewa,10/26/2024,2024,10,7.455363235,25.01709046,29.80108038,S1_SAR,,0,0.08939138,"Sri Lanka small-tank power law (Telivarai Kulam), Imbulana ceiling-capped",validated_2021_2025,
24,Wellamaduwa Wewa,11/7/2024,2024,11,12.91897709,25.01709046,51.64060592,S1_SAR,,0,0.177341213,"Sri Lanka small-tank power law (Telivarai Kulam), Imbulana ceiling-capped",validated_2021_2025,
24,Wellamaduwa Wewa,11/19/2024,2024,11,11.27811155,25.01709046,45.08162758,S1_SAR,,0,0.149727317,"Sri Lanka small-tank power law (Telivarai Kulam), Imbulana ceiling-capped",validated_2021_2025,
24,Wellamaduwa Wewa,12/13/2024,2024,12,12.1987732,25.01709046,48.76175836,S1_SAR,,0,0.165107682,"Sri Lanka small-tank power law (Telivarai Kulam), Imbulana ceiling-capped",validated_2021_2025,
24,Wellamaduwa Wewa,12/25/2024,2024,12,12.39891724,25.01709046,49.5617876,S1_SAR,,0,0.16848999,"Sri Lanka small-tank power law (Telivarai Kulam), Imbulana ceiling-capped",validated_2021_2025,
24,Wellamaduwa Wewa,1/6/2025,2025,1,13.43966547,25.01709046,53.72193658,S1_SAR,,0,0.186291431,"Sri Lanka small-tank power law (Telivarai Kulam), Imbulana ceiling-capped",validated_2021_2025,
24,Wellamaduwa Wewa,1/18/2025,2025,1,13.94002534,25.01709046,55.72200878,S1_SAR,,0,0.194973049,"Sri Lanka small-tank power law (Telivarai Kulam), Imbulana ceiling-capped",validated_2021_2025,
24,Wellamaduwa Wewa,1/30/2025,2025,1,14.13016192,25.01709046,56.48203553,S1_SAR,,0,0.198292372,"Sri Lanka small-tank power law (Telivarai Kulam), Imbulana ceiling-capped",validated_2021_2025,
24,Wellamaduwa Wewa,2/11/2025,2025,2,14.1900874,25.01709046,56.7215737,S1_SAR,,0,0.199340813,"Sri Lanka small-tank power law (Telivarai Kulam), Imbulana ceiling-capped",validated_2021_2025,
24,Wellamaduwa Wewa,2/23/2025,2025,2,13.65982368,25.01709046,54.60196784,S1_SAR,,0,0.190101715,"Sri Lanka small-tank power law (Telivarai Kulam), Imbulana ceiling-capped",validated_2021_2025,
24,Wellamaduwa Wewa,3/7/2025,2025,3,13.65707675,25.01709046,54.59098762,S1_SAR,,0,0.19005408,"Sri Lanka small-tank power law (Telivarai Kulam), Imbulana ceiling-capped",validated_2021_2025,
24,Wellamaduwa Wewa,3/19/2025,2025,3,13.4096438,25.01709046,53.60193192,S1_SAR,,0,0.185773028,"Sri Lanka small-tank power law (Telivarai Kulam), Imbulana ceiling-capped",validated_2021_2025,
24,Wellamaduwa Wewa,3/31/2025,2025,3,12.70914027,25.01709046,50.801832,S1_SAR,,0,0.173759111,"Sri Lanka small-tank power law (Telivarai Kulam), Imbulana ceiling-capped",validated_2021_2025,
24,Wellamaduwa Wewa,4/12/2025,2025,4,12.19877345,25.01709046,48.76175936,S1_SAR,,0,0.165107686,"Sri Lanka small-tank power law (Telivarai Kulam), Imbulana ceiling-capped",validated_2021_2025,
24,Wellamaduwa Wewa,4/24/2025,2025,4,11.39819791,25.01709046,45.56164487,S1_SAR,,0,0.15171649,"Sri Lanka small-tank power law (Telivarai Kulam), Imbulana ceiling-capped",validated_2021_2025,
24,Wellamaduwa Wewa,5/6/2025,2025,5,11.79848578,25.01709046,47.16170251,S1_SAR,,0,0.158384135,"Sri Lanka small-tank power law (Telivarai Kulam), Imbulana ceiling-capped",validated_2021_2025,
24,Wellamaduwa Wewa,5/18/2025,2025,5,10.50724367,25.01709046,42.00026254,S1_SAR,,0,0.13708407,"Sri Lanka small-tank power law (Telivarai Kulam), Imbulana ceiling-capped",validated_2021_2025,
24,Wellamaduwa Wewa,5/30/2025,2025,5,9.286679707,25.01709046,37.121342,S1_SAR,,0,0.117533484,"Sri Lanka small-tank power law (Telivarai Kulam), Imbulana ceiling-capped",validated_2021_2025,
24,Wellamaduwa Wewa,6/11/2025,2025,6,8.946435125,25.01709046,35.76129343,S1_SAR,,0,0.112192038,"Sri Lanka small-tank power law (Telivarai Kulam), Imbulana ceiling-capped",validated_2021_2025,
24,Wellamaduwa Wewa,6/23/2025,2025,6,8.886391942,25.01709046,35.52128477,S1_SAR,,0,0.111254555,"Sri Lanka small-tank power law (Telivarai Kulam), Imbulana ceiling-capped",validated_2021_2025,
24,Wellamaduwa Wewa,7/5/2025,2025,7,8.406046726,25.01709046,33.6012165,S1_SAR,,0,0.103811446,"Sri Lanka small-tank power law (Telivarai Kulam), Imbulana ceiling-capped",validated_2021_2025,
24,Wellamaduwa Wewa,7/17/2025,2025,7,8.105830847,25.01709046,32.40117335,S1_SAR,,0,0.099212015,"Sri Lanka small-tank power law (Telivarai Kulam), Imbulana ceiling-capped",validated_2021_2025,
24,Wellamaduwa Wewa,7/29/2025,2025,7,7.610847727,25.01709046,30.42259347,S1_SAR,,0,0.091720374,"Sri Lanka small-tank power law (Telivarai Kulam), Imbulana ceiling-capped",validated_2021_2025,
24,Wellamaduwa Wewa,8/10/2025,2025,8,6.684808968,25.01709046,26.72096893,S1_SAR,,0,0.078029074,"Sri Lanka small-tank power law (Telivarai Kulam), Imbulana ceiling-capped",validated_2021_2025,
24,Wellamaduwa Wewa,8/22/2025,2025,8,6.124406223,25.01709046,24.48088931,S1_SAR,,0,0.069963917,"Sri Lanka small-tank power law (Telivarai Kulam), Imbulana ceiling-capped",validated_2021_2025,
24,Wellamaduwa Wewa,9/3/2025,2025,9,5.363859283,25.01709046,21.44077982,S1_SAR,,0,0.059308425,"Sri Lanka small-tank power law (Telivarai Kulam), Imbulana ceiling-capped",validated_2021_2025,
24,Wellamaduwa Wewa,9/15/2025,2025,9,4.813345787,25.01709046,19.24023018,S1_SAR,,0,0.051821824,"Sri Lanka small-tank power law (Telivarai Kulam), Imbulana ceiling-capped",validated_2021_2025,
24,Wellamaduwa Wewa,9/27/2025,2025,9,5.003600272,25.01709046,20.00072823,S1_SAR,,0,0.05438651,"Sri Lanka small-tank power law (Telivarai Kulam), Imbulana ceiling-capped",validated_2021_2025,
24,Wellamaduwa Wewa,10/9/2025,2025,10,4.693377193,25.01709046,18.76068363,S1_SAR,,0,0.050217331,"Sri Lanka small-tank power law (Telivarai Kulam), Imbulana ceiling-capped",validated_2021_2025,
24,Wellamaduwa Wewa,10/21/2025,2025,10,9.316543815,25.01709046,37.24071682,S1_SAR,,0,0.118004645,"Sri Lanka small-tank power law (Telivarai Kulam), Imbulana ceiling-capped",validated_2021_2025,
24,Wellamaduwa Wewa,11/2/2025,2025,11,8.595869023,25.01709046,34.35998698,S1_SAR,,0,0.106740626,"Sri Lanka small-tank power law (Telivarai Kulam), Imbulana ceiling-capped",validated_2021_2025,
24,Wellamaduwa Wewa,11/14/2025,2025,11,6.664245144,25.01709046,26.63876983,S1_SAR,,0,0.077730086,"Sri Lanka small-tank power law (Telivarai Kulam), Imbulana ceiling-capped",validated_2021_2025,
24,Wellamaduwa Wewa,11/26/2025,2025,11,8.075809235,25.01709046,32.28116894,S1_SAR,,0,0.098754348,"Sri Lanka small-tank power law (Telivarai Kulam), Imbulana ceiling-capped",validated_2021_2025,
24,Wellamaduwa Wewa,12/2/2025,2025,12,15.03080904,25.01709046,60.08216291,S1_SAR,,0,0.214163241,"Sri Lanka small-tank power law (Telivarai Kulam), Imbulana ceiling-capped",validated_2021_2025,
24,Wellamaduwa Wewa,12/8/2025,2025,12,13.79992398,25.01709046,55.16198618,S1_SAR,,0,0.19253433,"Sri Lanka small-tank power law (Telivarai Kulam), Imbulana ceiling-capped",validated_2021_2025,
24,Wellamaduwa Wewa,12/20/2025,2025,12,14.18019744,25.01709046,56.68204088,S1_SAR,,0,0.199167705,"Sri Lanka small-tank power law (Telivarai Kulam), Imbulana ceiling-capped",validated_2021_2025,
12,Wendarakulama Wewa,1/3/2021,2021,1,0.0,21.3586,0.0,S1_SAR,,0,0.0,"Sri Lanka small-tank power law (Telivarai Kulam), Imbulana ceiling-capped",validated_2021_2025,
12,Wendarakulama Wewa,1/15/2021,2021,1,0.270197797,21.3586,1.265053877,S1_SAR,,0,0.001432039,"Sri Lanka small-tank power law (Telivarai Kulam), Imbulana ceiling-capped",validated_2021_2025,
12,Wendarakulama Wewa,1/27/2021,2021,1,0.170124536,21.3586,0.79651539,S1_SAR,,0,0.000804634,"Sri Lanka small-tank power law (Telivarai Kulam), Imbulana ceiling-capped",validated_2021_2025,
12,Wendarakulama Wewa,2/8/2021,2021,2,0.630461465,21.3586,2.95179209,S1_SAR,,0,0.004116087,"Sri Lanka small-tank power law (Telivarai Kulam), Imbulana ceiling-capped",validated_2021_2025,
12,Wendarakulama Wewa,2/20/2021,2021,2,0.620454139,21.3586,2.90493824,S1_SAR,,0,0.004034834,"Sri Lanka small-tank power law (Telivarai Kulam), Imbulana ceiling-capped",validated_2021_2025,
12,Wendarakulama Wewa,3/4/2021,2021,3,0.420307675,21.3586,1.967861541,S1_SAR,,0,0.002483477,"Sri Lanka small-tank power law (Telivarai Kulam), Imbulana ceiling-capped",validated_2021_2025,
12,Wendarakulama Wewa,3/16/2021,2021,3,0.550402859,21.3586,2.576961312,S1_SAR,,0,0.003475307,"Sri Lanka small-tank power law (Telivarai Kulam), Imbulana ceiling-capped",validated_2021_2025,
12,Wendarakulama Wewa,3/28/2021,2021,3,0.450329618,21.3586,2.108422921,S1_SAR,,0,0.00270643,"Sri Lanka small-tank power law (Telivarai Kulam), Imbulana ceiling-capped",validated_2021_2025,
12,Wendarakulama Wewa,4/9/2021,2021,4,0.54039554,21.3586,2.530107497,S1_SAR,,0,0.003396748,"Sri Lanka small-tank power law (Telivarai Kulam), Imbulana ceiling-capped",validated_2021_2025,
12,Wendarakulama Wewa,4/21/2021,2021,4,0.470344265,21.3586,2.202130594,S1_SAR,,0,0.002857127,"Sri Lanka small-tank power law (Telivarai Kulam), Imbulana ceiling-capped",validated_2021_2025,
12,Wendarakulama Wewa,5/3/2021,2021,5,0.210153835,21.3586,0.983930756,S1_SAR,,0,0.001047012,"Sri Lanka small-tank power law (Telivarai Kulam), Imbulana ceiling-capped",validated_2021_2025,
12,Wendarakulama Wewa,5/15/2021,2021,5,0.430314954,21.3586,2.01471517,S1_SAR,,0,0.002557373,"Sri Lanka small-tank power law (Telivarai Kulam), Imbulana ceiling-capped",validated_2021_2025,
12,Wendarakulama Wewa,5/27/2021,2021,5,0.6104468,21.3586,2.858084332,S1_SAR,,0,0.003953903,"Sri Lanka small-tank power law (Telivarai Kulam), Imbulana ceiling-capped",validated_2021_2025,
12,Wendarakulama Wewa,6/8/2021,2021,6,0.510373549,21.3586,2.389545892,S1_SAR,,0,0.003163232,"Sri Lanka small-tank power law (Telivarai Kulam), Imbulana ceiling-capped",validated_2021_2025,
12,Wendarakulama Wewa,6/14/2021,2021,6,0.340249044,21.3586,1.593030648,S1_SAR,,0,0.001908564,"Sri Lanka small-tank power law (Telivarai Kulam), Imbulana ceiling-capped",validated_2021_2025,
12,Wendarakulama Wewa,6/20/2021,2021,6,0.350256356,21.3586,1.639884431,S1_SAR,,0,0.001978763,"Sri Lanka small-tank power law (Telivarai Kulam), Imbulana ceiling-capped",validated_2021_2025,
12,Wendarakulama Wewa,7/2/2021,2021,7,0.400292991,21.3586,1.874153694,S1_SAR,,0,0.002336988,"Sri Lanka small-tank power law (Telivarai Kulam), Imbulana ceiling-capped",validated_2021_2025,
12,Wendarakulama Wewa,7/14/2021,2021,7,0.170124538,21.3586,0.796515401,S1_SAR,,0,0.000804634,"Sri Lanka small-tank power law (Telivarai Kulam), Imbulana ceiling-capped",validated_2021_2025,
12,Wendarakulama Wewa,7/26/2021,2021,7,0.0,21.3586,0.0,S1_SAR,,0,0.0,"Sri Lanka small-tank power law (Telivarai Kulam), Imbulana ceiling-capped",validated_2021_2025,
12,Wendarakulama Wewa,8/7/2021,2021,8,0.0,21.3586,0.0,S1_SAR,,0,0.0,"Sri Lanka small-tank power law (Telivarai Kulam), Imbulana ceiling-capped",validated_2021_2025,
12,Wendarakulama Wewa,8/19/2021,2021,8,0.0,21.3586,0.0,S1_SAR,,0,0.0,"Sri Lanka small-tank power law (Telivarai Kulam), Imbulana ceiling-capped",validated_2021_2025,
12,Wendarakulama Wewa,8/31/2021,2021,8,0.0,21.3586,0.0,S1_SAR,,0,0.0,"Sri Lanka small-tank power law (Telivarai Kulam), Imbulana ceiling-capped",validated_2021_2025,
12,Wendarakulama Wewa,9/12/2021,2021,9,0.0,21.3586,0.0,S1_SAR,,0,0.0,"Sri Lanka small-tank power law (Telivarai Kulam), Imbulana ceiling-capped",validated_2021_2025,
12,Wendarakulama Wewa,9/24/2021,2021,9,0.21015381,21.3586,0.983930642,S1_SAR,,0,0.001047012,"Sri Lanka small-tank power law (Telivarai Kulam), Imbulana ceiling-capped",validated_2021_2025,
12,Wendarakulama Wewa,10/6/2021,2021,10,0.0,21.3586,0.0,S1_SAR,,0,0.0,"Sri Lanka small-tank power law (Telivarai Kulam), Imbulana ceiling-capped",validated_2021_2025,
12,Wendarakulama Wewa,10/18/2021,2021,10,0.0,21.3586,0.0,S1_SAR,,0,0.0,"Sri Lanka small-tank power law (Telivarai Kulam), Imbulana ceiling-capped",validated_2021_2025,
12,Wendarakulama Wewa,10/30/2021,2021,10,0.0,21.3586,0.0,S1_SAR,,0,0.0,"Sri Lanka small-tank power law (Telivarai Kulam), Imbulana ceiling-capped",validated_2021_2025,
12,Wendarakulama Wewa,11/17/2021,2021,11,1.210886185,21.3586,5.669314396,S1_SAR,,0,0.00928283,"Sri Lanka small-tank power law (Telivarai Kulam), Imbulana ceiling-capped",validated_2021_2025,
12,Wendarakulama Wewa,11/23/2021,2021,11,0.970710384,21.3586,4.544822149,S1_SAR,,0,0.00704757,"Sri Lanka small-tank power law (Telivarai Kulam), Imbulana ceiling-capped",validated_2021_2025,
12,Wendarakulama Wewa,12/5/2021,2021,12,0.440322234,21.3586,2.061568799,S1_SAR,,0,0.002631693,"Sri Lanka small-tank power law (Telivarai Kulam), Imbulana ceiling-capped",validated_2021_2025,
12,Wendarakulama Wewa,12/17/2021,2021,12,0.260190411,21.3586,1.218199748,S1_SAR,,0,0.001366252,"Sri Lanka small-tank power law (Telivarai Kulam), Imbulana ceiling-capped",validated_2021_2025,
12,Wendarakulama Wewa,12/29/2021,2021,12,0.270197732,21.3586,1.26505357,S1_SAR,,0,0.001432039,"Sri Lanka small-tank power law (Telivarai Kulam), Imbulana ceiling-capped",validated_2021_2025,
12,Wendarakulama Wewa,1/10/2022,2022,1,0.390285609,21.3586,1.827299586,S1_SAR,,0,0.002264411,"Sri Lanka small-tank power law (Telivarai Kulam), Imbulana ceiling-capped",validated_2021_2025,
12,Wendarakulama Wewa,1/22/2022,2022,1,0.310227013,21.3586,1.452468854,S1_SAR,,0,0.00170105,"Sri Lanka small-tank power law (Telivarai Kulam), Imbulana ceiling-capped",validated_2021_2025,
12,Wendarakulama Wewa,2/3/2022,2022,2,0.220161118,21.3586,1.030784403,S1_SAR,,0,0.001109498,"Sri Lanka small-tank power law (Telivarai Kulam), Imbulana ceiling-capped",validated_2021_2025,
12,Wendarakulama Wewa,2/15/2022,2022,2,0.070051264,21.3586,0.327976853,S1_SAR,,0,0.000266329,"Sri Lanka small-tank power law (Telivarai Kulam), Imbulana ceiling-capped",validated_2021_2025,
12,Wendarakulama Wewa,2/27/2022,2022,2,0.370270944,21.3586,1.733591828,S1_SAR,,0,0.002120636,"Sri Lanka small-tank power law (Telivarai Kulam), Imbulana ceiling-capped",validated_2021_2025,
12,Wendarakulama Wewa,3/11/2022,2022,3,0.130095203,21.3586,0.609099863,S1_SAR,,0,0.000576,"Sri Lanka small-tank power law (Telivarai Kulam), Imbulana ceiling-capped",validated_2021_2025,
12,Wendarakulama Wewa,3/23/2022,2022,3,0.020014645,21.3586,0.093707665,S1_SAR,,0,5.59e-05,"Sri Lanka small-tank power law (Telivarai Kulam), Imbulana ceiling-capped",validated_2021_2025,
12,Wendarakulama Wewa,4/4/2022,2022,4,0.010007324,21.3586,0.04685384,S1_SAR,,0,2.36e-05,"Sri Lanka small-tank power law (Telivarai Kulam), Imbulana ceiling-capped",validated_2021_2025,
12,Wendarakulama Wewa,4/16/2022,2022,4,0.040029286,21.3586,0.187415309,S1_SAR,,0,0.000132609,"Sri Lanka small-tank power law (Telivarai Kulam), Imbulana ceiling-capped",validated_2021_2025,
12,Wendarakulama Wewa,4/28/2022,2022,4,0.060043941,21.3586,0.281123017,S1_SAR,,0,0.000219785,"Sri Lanka small-tank power law (Telivarai Kulam), Imbulana ceiling-capped",validated_2021_2025,
12,Wendarakulama Wewa,5/10/2022,2022,5,0.0,21.3586,0.0,S1_SAR,,0,0.0,"Sri Lanka small-tank power law (Telivarai Kulam), Imbulana ceiling-capped",validated_2021_2025,
12,Wendarakulama Wewa,5/22/2022,2022,5,0.0,21.3586,0.0,S1_SAR,,0,0.0,"Sri Lanka small-tank power law (Telivarai Kulam), Imbulana ceiling-capped",validated_2021_2025,
12,Wendarakulama Wewa,6/3/2022,2022,6,0.080058586,21.3586,0.374830682,S1_SAR,,0,0.000314544,"Sri Lanka small-tank power law (Telivarai Kulam), Imbulana ceiling-capped",validated_2021_2025,
12,Wendarakulama Wewa,6/15/2022,2022,6,0.0,21.3586,0.0,S1_SAR,,0,0.0,"Sri Lanka small-tank power law (Telivarai Kulam), Imbulana ceiling-capped",validated_2021_2025,
12,Wendarakulama Wewa,6/27/2022,2022,6,0.070051308,21.3586,0.32797706,S1_SAR,,0,0.000266329,"Sri Lanka small-tank power law (Telivarai Kulam), Imbulana ceiling-capped",validated_2021_2025,
12,Wendarakulama Wewa,7/9/2022,2022,7,0.080765034,21.3586,0.378138239,S1_SAR,,0,0.000318006,"Sri Lanka small-tank power law (Telivarai Kulam), Imbulana ceiling-capped",validated_2021_2025,
12,Wendarakulama Wewa,7/21/2022,2022,7,0.0,21.3586,0.0,S1_SAR,,0,0.0,"Sri Lanka small-tank power law (Telivarai Kulam), Imbulana ceiling-capped",validated_2021_2025,
12,Wendarakulama Wewa,8/2/2022,2022,8,0.0,21.3586,0.0,S1_SAR,,0,0.0,"Sri Lanka small-tank power law (Telivarai Kulam), Imbulana ceiling-capped",validated_2021_2025,
12,Wendarakulama Wewa,8/14/2022,2022,8,0.0,21.3586,0.0,S1_SAR,,0,0.0,"Sri Lanka small-tank power law (Telivarai Kulam), Imbulana ceiling-capped",validated_2021_2025,
12,Wendarakulama Wewa,8/26/2022,2022,8,0.0,21.3586,0.0,S1_SAR,,0,0.0,"Sri Lanka small-tank power law (Telivarai Kulam), Imbulana ceiling-capped",validated_2021_2025,
12,Wendarakulama Wewa,9/7/2022,2022,9,0.0,21.3586,0.0,S1_SAR,,0,0.0,"Sri Lanka small-tank power law (Telivarai Kulam), Imbulana ceiling-capped",validated_2021_2025,
12,Wendarakulama Wewa,9/19/2022,2022,9,0.0,21.3586,0.0,S1_SAR,,0,0.0,"Sri Lanka small-tank power law (Telivarai Kulam), Imbulana ceiling-capped",validated_2021_2025,
12,Wendarakulama Wewa,10/1/2022,2022,10,0.0,21.3586,0.0,S1_SAR,,0,0.0,"Sri Lanka small-tank power law (Telivarai Kulam), Imbulana ceiling-capped",validated_2021_2025,
12,Wendarakulama Wewa,10/13/2022,2022,10,0.080058636,21.3586,0.374830918,S1_SAR,,0,0.000314544,"Sri Lanka small-tank power law (Telivarai Kulam), Imbulana ceiling-capped",validated_2021_2025,
12,Wendarakulama Wewa,10/25/2022,2022,10,0.0,21.3586,0.0,S1_SAR,,0,0.0,"Sri Lanka small-tank power law (Telivarai Kulam), Imbulana ceiling-capped",validated_2021_2025,
12,Wendarakulama Wewa,11/6/2022,2022,11,0.0,21.3586,0.0,S1_SAR,,0,0.0,"Sri Lanka small-tank power law (Telivarai Kulam), Imbulana ceiling-capped",validated_2021_2025,
12,Wendarakulama Wewa,11/18/2022,2022,11,0.0,21.3586,0.0,S1_SAR,,0,0.0,"Sri Lanka small-tank power law (Telivarai Kulam), Imbulana ceiling-capped",validated_2021_2025,
12,Wendarakulama Wewa,11/30/2022,2022,11,0.0,21.3586,0.0,S1_SAR,,0,0.0,"Sri Lanka small-tank power law (Telivarai Kulam), Imbulana ceiling-capped",validated_2021_2025,
12,Wendarakulama Wewa,12/12/2022,2022,12,0.0,21.3586,0.0,S1_SAR,,0,0.0,"Sri Lanka small-tank power law (Telivarai Kulam), Imbulana ceiling-capped",validated_2021_2025,
12,Wendarakulama Wewa,12/24/2022,2022,12,0.0,21.3586,0.0,S1_SAR,,0,0.0,"Sri Lanka small-tank power law (Telivarai Kulam), Imbulana ceiling-capped",validated_2021_2025,
12,Wendarakulama Wewa,1/5/2023,2023,1,0.130095239,21.3586,0.609100031,S1_SAR,,0,0.000576,"Sri Lanka small-tank power law (Telivarai Kulam), Imbulana ceiling-capped",validated_2021_2025,
12,Wendarakulama Wewa,1/17/2023,2023,1,0.010007327,21.3586,0.04685385,S1_SAR,,0,2.36e-05,"Sri Lanka small-tank power law (Telivarai Kulam), Imbulana ceiling-capped",validated_2021_2025,
12,Wendarakulama Wewa,1/29/2023,2023,1,0.0,21.3586,0.0,S1_SAR,,0,0.0,"Sri Lanka small-tank power law (Telivarai Kulam), Imbulana ceiling-capped",validated_2021_2025,
12,Wendarakulama Wewa,2/10/2023,2023,2,0.100073259,21.3586,0.468538476,S1_SAR,,0,0.000415374,"Sri Lanka small-tank power law (Telivarai Kulam), Imbulana ceiling-capped",validated_2021_2025,
12,Wendarakulama Wewa,2/22/2023,2023,2,0.020014651,21.3586,0.093707694,S1_SAR,,0,5.59e-05,"Sri Lanka small-tank power law (Telivarai Kulam), Imbulana ceiling-capped",validated_2021_2025,
12,Wendarakulama Wewa,3/6/2023,2023,3,0.070051279,21.3586,0.327976925,S1_SAR,,0,0.000266329,"Sri Lanka small-tank power law (Telivarai Kulam), Imbulana ceiling-capped",validated_2021_2025,
12,Wendarakulama Wewa,3/18/2023,2023,3,0.110080584,21.3586,0.515392319,S1_SAR,,0,0.000467755,"Sri Lanka small-tank power law (Telivarai Kulam), Imbulana ceiling-capped",validated_2021_2025,
12,Wendarakulama Wewa,3/30/2023,2023,3,0.080058605,21.3586,0.374830772,S1_SAR,,0,0.000314544,"Sri Lanka small-tank power law (Telivarai Kulam), Imbulana ceiling-capped",validated_2021_2025,
12,Wendarakulama Wewa,4/11/2023,2023,4,0.080058607,21.3586,0.374830782,S1_SAR,,0,0.000314544,"Sri Lanka small-tank power law (Telivarai Kulam), Imbulana ceiling-capped",validated_2021_2025,
12,Wendarakulama Wewa,4/23/2023,2023,4,0.0,21.3586,0.0,S1_SAR,,0,0.0,"Sri Lanka small-tank power law (Telivarai Kulam), Imbulana ceiling-capped",validated_2021_2025,
12,Wendarakulama Wewa,5/5/2023,2023,5,0.200146499,21.3586,0.937076863,S1_SAR,,0,0.000985254,"Sri Lanka small-tank power law (Telivarai Kulam), Imbulana ceiling-capped",validated_2021_2025,
12,Wendarakulama Wewa,5/17/2023,2023,5,0.220161124,21.3586,1.030784432,S1_SAR,,0,0.001109499,"Sri Lanka small-tank power law (Telivarai Kulam), Imbulana ceiling-capped",validated_2021_2025,
12,Wendarakulama Wewa,5/29/2023,2023,5,0.120087882,21.3586,0.562246038,S1_SAR,,0,0.000521322,"Sri Lanka small-tank power law (Telivarai Kulam), Imbulana ceiling-capped",validated_2021_2025,
12,Wendarakulama Wewa,6/10/2023,2023,6,0.310227048,21.3586,1.452469022,S1_SAR,,0,0.00170105,"Sri Lanka small-tank power law (Telivarai Kulam), Imbulana ceiling-capped",validated_2021_2025,
12,Wendarakulama Wewa,6/22/2023,2023,6,0.150109855,21.3586,0.702807557,S1_SAR,,0,0.000688437,"Sri Lanka small-tank power law (Telivarai Kulam), Imbulana ceiling-capped",validated_2021_2025,
12,Wendarakulama Wewa,7/4/2023,2023,7,0.230168452,21.3586,1.077638289,S1_SAR,,0,0.001172688,"Sri Lanka small-tank power law (Telivarai Kulam), Imbulana ceiling-capped",validated_2021_2025,
12,Wendarakulama Wewa,7/16/2023,2023,7,0.320234444,21.3586,1.499323194,S1_SAR,,0,0.001769696,"Sri Lanka small-tank power law (Telivarai Kulam), Imbulana ceiling-capped",validated_2021_2025,
12,Wendarakulama Wewa,7/28/2023,2023,7,0.310227048,21.3586,1.452469022,S1_SAR,,0,0.00170105,"Sri Lanka small-tank power law (Telivarai Kulam), Imbulana ceiling-capped",validated_2021_2025,
12,Wendarakulama Wewa,8/9/2023,2023,8,0.790578926,21.3586,3.701454805,S1_SAR,,0,0.005457051,"Sri Lanka small-tank power law (Telivarai Kulam), Imbulana ceiling-capped",validated_2021_2025,
12,Wendarakulama Wewa,9/2/2023,2023,9,0.800586269,21.3586,3.748308731,S1_SAR,,0,0.005543259,"Sri Lanka small-tank power law (Telivarai Kulam), Imbulana ceiling-capped",validated_2021_2025,
12,Wendarakulama Wewa,9/14/2023,2023,9,0.400293181,21.3586,1.874154583,S1_SAR,,0,0.00233699,"Sri Lanka small-tank power law (Telivarai Kulam), Imbulana ceiling-capped",validated_2021_2025,
12,Wendarakulama Wewa,9/26/2023,2023,9,0.400293153,21.3586,1.874154455,S1_SAR,,0,0.002336989,"Sri Lanka small-tank power law (Telivarai Kulam), Imbulana ceiling-capped",validated_2021_2025,
12,Wendarakulama Wewa,10/8/2023,2023,10,0.789911872,21.3586,3.698331689,S1_SAR,,0,0.005451314,"Sri Lanka small-tank power law (Telivarai Kulam), Imbulana ceiling-capped",validated_2021_2025,
12,Wendarakulama Wewa,10/20/2023,2023,10,0.28020507,21.3586,1.311907474,S1_SAR,,0,0.001498427,"Sri Lanka small-tank power law (Telivarai Kulam), Imbulana ceiling-capped",validated_2021_2025,
12,Wendarakulama Wewa,11/1/2023,2023,11,0.150109873,21.3586,0.702807643,S1_SAR,,0,0.000688437,"Sri Lanka small-tank power law (Telivarai Kulam), Imbulana ceiling-capped",validated_2021_2025,
12,Wendarakulama Wewa,11/13/2023,2023,11,3.442519913,21.3586,16.11772267,S1_SAR,,0,0.034128687,"Sri Lanka small-tank power law (Telivarai Kulam), Imbulana ceiling-capped",validated_2021_2025,
12,Wendarakulama Wewa,11/25/2023,2023,11,1.561142604,21.3586,7.309199123,S1_SAR,,0,0.012740085,"Sri Lanka small-tank power law (Telivarai Kulam), Imbulana ceiling-capped",validated_2021_2025,
12,Wendarakulama Wewa,12/7/2023,2023,12,0.880644553,21.3586,4.123137999,S1_SAR,,0,0.006242287,"Sri Lanka small-tank power law (Telivarai Kulam), Imbulana ceiling-capped",validated_2021_2025,
12,Wendarakulama Wewa,12/19/2023,2023,12,2.121552959,21.3586,9.933015078,S1_SAR,,0,0.018670877,"Sri Lanka small-tank power law (Telivarai Kulam), Imbulana ceiling-capped",validated_2021_2025,
12,Wendarakulama Wewa,12/31/2023,2023,12,0.80058594,21.3586,3.748307191,S1_SAR,,0,0.005543257,"Sri Lanka small-tank power law (Telivarai Kulam), Imbulana ceiling-capped",validated_2021_2025,
12,Wendarakulama Wewa,1/12/2024,2024,1,0.610446773,21.3586,2.858084204,S1_SAR,,0,0.003953903,"Sri Lanka small-tank power law (Telivarai Kulam), Imbulana ceiling-capped",validated_2021_2025,
12,Wendarakulama Wewa,1/24/2024,2024,1,0.560410159,21.3586,2.623815041,S1_SAR,,0,0.003554219,"Sri Lanka small-tank power law (Telivarai Kulam), Imbulana ceiling-capped",validated_2021_2025,
12,Wendarakulama Wewa,2/5/2024,2024,2,0.50036622,21.3586,2.342692031,S1_SAR,,0,0.003086132,"Sri Lanka small-tank power law (Telivarai Kulam), Imbulana ceiling-capped",validated_2021_2025,
12,Wendarakulama Wewa,2/17/2024,2024,2,0.440322288,21.3586,2.061569053,S1_SAR,,0,0.002631693,"Sri Lanka small-tank power law (Telivarai Kulam), Imbulana ceiling-capped",validated_2021_2025,
12,Wendarakulama Wewa,2/29/2024,2024,2,0.590432106,21.3586,2.764376438,S1_SAR,,0,0.003793022,"Sri Lanka small-tank power law (Telivarai Kulam), Imbulana ceiling-capped",validated_2021_2025,
12,Wendarakulama Wewa,3/12/2024,2024,3,0.510373545,21.3586,2.389545874,S1_SAR,,0,0.003163232,"Sri Lanka small-tank power law (Telivarai Kulam), Imbulana ceiling-capped",validated_2021_2025,
12,Wendarakulama Wewa,3/24/2024,2024,3,0.570417471,21.3586,2.67066882,S1_SAR,,0,0.003633479,"Sri Lanka small-tank power law (Telivarai Kulam), Imbulana ceiling-capped",validated_2021_2025,
12,Wendarakulama Wewa,4/5/2024,2024,4,0.470344259,21.3586,2.202130565,S1_SAR,,0,0.002857127,"Sri Lanka small-tank power law (Telivarai Kulam), Imbulana ceiling-capped",validated_2021_2025,
12,Wendarakulama Wewa,4/17/2024,2024,4,0.630461425,21.3586,2.951791901,S1_SAR,,0,0.004116087,"Sri Lanka small-tank power law (Telivarai Kulam), Imbulana ceiling-capped",validated_2021_2025,
12,Wendarakulama Wewa,4/29/2024,2024,4,0.320234366,21.3586,1.499322829,S1_SAR,,0,0.001769695,"Sri Lanka small-tank power law (Telivarai Kulam), Imbulana ceiling-capped",validated_2021_2025,
12,Wendarakulama Wewa,5/11/2024,2024,5,0.27019777,21.3586,1.265053748,S1_SAR,,0,0.001432039,"Sri Lanka small-tank power law (Telivarai Kulam), Imbulana ceiling-capped",validated_2021_2025,
12,Wendarakulama Wewa,5/23/2024,2024,5,0.550403098,21.3586,2.576962433,S1_SAR,,0,0.003475309,"Sri Lanka small-tank power law (Telivarai Kulam), Imbulana ceiling-capped",validated_2021_2025,
12,Wendarakulama Wewa,6/4/2024,2024,6,0.640468937,21.3586,2.99864662,S1_SAR,,0,0.004197659,"Sri Lanka small-tank power law (Telivarai Kulam), Imbulana ceiling-capped",validated_2021_2025,
12,Wendarakulama Wewa,6/16/2024,2024,6,0.340249033,21.3586,1.593030595,S1_SAR,,0,0.001908563,"Sri Lanka small-tank power law (Telivarai Kulam), Imbulana ceiling-capped",validated_2021_2025,
12,Wendarakulama Wewa,7/10/2024,2024,7,0.480351563,21.3586,2.248984308,S1_SAR,,0,0.002933073,"Sri Lanka small-tank power law (Telivarai Kulam), Imbulana ceiling-capped",validated_2021_2025,
12,Wendarakulama Wewa,7/22/2024,2024,7,0.440322266,21.3586,2.061568953,S1_SAR,,0,0.002631693,"Sri Lanka small-tank power law (Telivarai Kulam), Imbulana ceiling-capped",validated_2021_2025,
12,Wendarakulama Wewa,8/3/2024,2024,8,0.750549285,21.3586,3.514037835,S1_SAR,,0,0.00511492,"Sri Lanka small-tank power law (Telivarai Kulam), Imbulana ceiling-capped",validated_2021_2025,
12,Wendarakulama Wewa,8/15/2024,2024,8,0.51037353,21.3586,2.389545803,S1_SAR,,0,0.003163232,"Sri Lanka small-tank power law (Telivarai Kulam), Imbulana ceiling-capped",validated_2021_2025,
12,Wendarakulama Wewa,8/27/2024,2024,8,0.460336925,21.3586,2.155276679,S1_SAR,,0,0.002781577,"Sri Lanka small-tank power law (Telivarai Kulam), Imbulana ceiling-capped",validated_2021_2025,
12,Wendarakulama Wewa,9/20/2024,2024,9,0.600439444,21.3586,2.811230342,S1_SAR,,0,0.003873298,"Sri Lanka small-tank power law (Telivarai Kulam), Imbulana ceiling-capped",validated_2021_2025,
12,Wendarakulama Wewa,10/2/2024,2024,10,0.430314933,21.3586,2.01471507,S1_SAR,,0,0.002557373,"Sri Lanka small-tank power law (Telivarai Kulam), Imbulana ceiling-capped",validated_2021_2025,
12,Wendarakulama Wewa,10/14/2024,2024,10,0.510373525,21.3586,2.389545781,S1_SAR,,0,0.003163232,"Sri Lanka small-tank power law (Telivarai Kulam), Imbulana ceiling-capped",validated_2021_2025,
12,Wendarakulama Wewa,10/26/2024,2024,10,0.460336914,21.3586,2.155276629,S1_SAR,,0,0.002781577,"Sri Lanka small-tank power law (Telivarai Kulam), Imbulana ceiling-capped",validated_2021_2025,
12,Wendarakulama Wewa,11/7/2024,2024,11,0.19013915,21.3586,0.890222909,S1_SAR,,0,0.000924251,"Sri Lanka small-tank power law (Telivarai Kulam), Imbulana ceiling-capped",validated_2021_2025,
12,Wendarakulama Wewa,11/19/2024,2024,11,0.450329623,21.3586,2.108422943,S1_SAR,,0,0.00270643,"Sri Lanka small-tank power law (Telivarai Kulam), Imbulana ceiling-capped",validated_2021_2025,
12,Wendarakulama Wewa,12/13/2024,2024,12,1.421040426,21.3586,6.653247056,S1_SAR,,0,0.011331491,"Sri Lanka small-tank power law (Telivarai Kulam), Imbulana ceiling-capped",validated_2021_2025,
12,Wendarakulama Wewa,12/25/2024,2024,12,1.501098655,21.3586,7.028076067,S1_SAR,,0,0.012132418,"Sri Lanka small-tank power law (Telivarai Kulam), Imbulana ceiling-capped",validated_2021_2025,
12,Wendarakulama Wewa,1/6/2025,2025,1,1.270930476,21.3586,5.950439053,S1_SAR,,0,0.00985987,"Sri Lanka small-tank power law (Telivarai Kulam), Imbulana ceiling-capped",validated_2021_2025,
12,Wendarakulama Wewa,1/18/2025,2025,1,2.101538329,21.3586,9.839307488,S1_SAR,,0,0.018451647,"Sri Lanka small-tank power law (Telivarai Kulam), Imbulana ceiling-capped",validated_2021_2025,
12,Wendarakulama Wewa,1/30/2025,2025,1,2.161582323,21.3586,10.12043076,S1_SAR,,0,0.019110863,"Sri Lanka small-tank power law (Telivarai Kulam), Imbulana ceiling-capped",validated_2021_2025,
12,Wendarakulama Wewa,2/11/2025,2025,2,2.161582327,21.3586,10.12043077,S1_SAR,,0,0.019110863,"Sri Lanka small-tank power law (Telivarai Kulam), Imbulana ceiling-capped",validated_2021_2025,
12,Wendarakulama Wewa,2/23/2025,2025,2,1.931413804,21.3586,9.042792148,S1_SAR,,0,0.016609296,"Sri Lanka small-tank power law (Telivarai Kulam), Imbulana ceiling-capped",validated_2021_2025,
12,Wendarakulama Wewa,3/7/2025,2025,3,2.061508853,21.3586,9.65189129,S1_SAR,,0,0.018014728,"Sri Lanka small-tank power law (Telivarai Kulam), Imbulana ceiling-capped",validated_2021_2025,
12,Wendarakulama Wewa,3/19/2025,2025,3,2.451794639,21.3586,11.4791917,S1_SAR,,0,0.022359207,"Sri Lanka small-tank power law (Telivarai Kulam), Imbulana ceiling-capped",validated_2021_2025,
12,Wendarakulama Wewa,3/31/2025,2025,3,1.020747185,21.3586,4.779092191,S1_SAR,,0,0.007503079,"Sri Lanka small-tank power law (Telivarai Kulam), Imbulana ceiling-capped",validated_2021_2025,
12,Wendarakulama Wewa,4/12/2025,2025,4,2.742006828,21.3586,12.83795206,S1_SAR,,0,0.02570376,"Sri Lanka small-tank power law (Telivarai Kulam), Imbulana ceiling-capped",validated_2021_2025,
12,Wendarakulama Wewa,4/24/2025,2025,4,2.511838474,21.3586,11.76031422,S1_SAR,,0,0.02304357,"Sri Lanka small-tank power law (Telivarai Kulam), Imbulana ceiling-capped",validated_2021_2025,
12,Wendarakulama Wewa,5/6/2025,2025,5,0.63046139,21.3586,2.951791737,S1_SAR,,0,0.004116087,"Sri Lanka small-tank power law (Telivarai Kulam), Imbulana ceiling-capped",validated_2021_2025,
12,Wendarakulama Wewa,5/18/2025,2025,5,1.881376725,21.3586,8.808520806,S1_SAR,,0,0.016074832,"Sri Lanka small-tank power law (Telivarai Kulam), Imbulana ceiling-capped",validated_2021_2025,
12,Wendarakulama Wewa,5/30/2025,2025,5,3.202343571,21.3586,14.99322788,S1_SAR,,0,0.031187598,"Sri Lanka small-tank power law (Telivarai Kulam), Imbulana ceiling-capped",validated_2021_2025,
12,Wendarakulama Wewa,6/11/2025,2025,6,3.352453439,21.3586,15.6960355,S1_SAR,,0,0.033019656,"Sri Lanka small-tank power law (Telivarai Kulam), Imbulana ceiling-capped",validated_2021_2025,
12,Wendarakulama Wewa,6/23/2025,2025,6,3.12228499,21.3586,14.61839723,S1_SAR,,0,0.030219047,"Sri Lanka small-tank power law (Telivarai Kulam), Imbulana ceiling-capped",validated_2021_2025,
12,Wendarakulama Wewa,7/5/2025,2025,7,3.682695184,21.3586,17.24221243,S1_SAR,,0,0.03712073,"Sri Lanka small-tank power law (Telivarai Kulam), Imbulana ceiling-capped",validated_2021_2025,
12,Wendarakulama Wewa,7/17/2025,2025,7,3.432512074,21.3586,16.07086641,S1_SAR,,0,0.0340051,"Sri Lanka small-tank power law (Telivarai Kulam), Imbulana ceiling-capped",validated_2021_2025,
12,Wendarakulama Wewa,7/29/2025,2025,7,3.39248278,21.3586,15.88345107,S1_SAR,,0,0.033511663,"Sri Lanka small-tank power law (Telivarai Kulam), Imbulana ceiling-capped",validated_2021_2025,
12,Wendarakulama Wewa,8/10/2025,2025,8,3.572614582,21.3586,16.72682002,S1_SAR,,0,0.035743216,"Sri Lanka small-tank power law (Telivarai Kulam), Imbulana ceiling-capped",validated_2021_2025,
12,Wendarakulama Wewa,8/22/2025,2025,8,3.562607269,21.3586,16.67996624,S1_SAR,,0,0.0356185,"Sri Lanka small-tank power law (Telivarai Kulam), Imbulana ceiling-capped",validated_2021_2025,
12,Wendarakulama Wewa,9/3/2025,2025,9,3.232365594,21.3586,15.13378964,S1_SAR,,0,0.031552352,"Sri Lanka small-tank power law (Telivarai Kulam), Imbulana ceiling-capped",validated_2021_2025,
12,Wendarakulama Wewa,9/15/2025,2025,9,3.372468113,21.3586,15.7897433,S1_SAR,,0,0.03326548,"Sri Lanka small-tank power law (Telivarai Kulam), Imbulana ceiling-capped",validated_2021_2025,
12,Wendarakulama Wewa,9/27/2025,2025,9,3.35245355,21.3586,15.69603602,S1_SAR,,0,0.033019657,"Sri Lanka small-tank power law (Telivarai Kulam), Imbulana ceiling-capped",validated_2021_2025,
12,Wendarakulama Wewa,10/9/2025,2025,10,3.292409583,21.3586,15.41491288,S1_SAR,,0,0.032284359,"Sri Lanka small-tank power law (Telivarai Kulam), Imbulana ceiling-capped",validated_2021_2025,
12,Wendarakulama Wewa,10/21/2025,2025,10,3.44251945,21.3586,16.1177205,S1_SAR,,0,0.034128682,"Sri Lanka small-tank power law (Telivarai Kulam), Imbulana ceiling-capped",validated_2021_2025,
12,Wendarakulama Wewa,11/2/2025,2025,11,3.342446173,21.3586,15.64918194,S1_SAR,,0,0.03289688,"Sri Lanka small-tank power law (Telivarai Kulam), Imbulana ceiling-capped",validated_2021_2025,
12,Wendarakulama Wewa,11/14/2025,2025,11,3.302416908,21.3586,15.46176672,S1_SAR,,0,0.032406681,"Sri Lanka small-tank power law (Telivarai Kulam), Imbulana ceiling-capped",validated_2021_2025,
12,Wendarakulama Wewa,11/26/2025,2025,11,2.762021577,21.3586,12.9316602,S1_SAR,,0,0.02593776,"Sri Lanka small-tank power law (Telivarai Kulam), Imbulana ceiling-capped",validated_2021_2025,
12,Wendarakulama Wewa,12/2/2025,2025,12,7.81572095,21.3586,36.59285229,S1_SAR,,0,0.094807054,"Sri Lanka small-tank power law (Telivarai Kulam), Imbulana ceiling-capped",validated_2021_2025,
12,Wendarakulama Wewa,12/8/2025,2025,12,6.724922485,21.3586,31.48578317,S1_SAR,,0,0.078612956,"Sri Lanka small-tank power law (Telivarai Kulam), Imbulana ceiling-capped",validated_2021_2025,
12,Wendarakulama Wewa,12/20/2025,2025,12,5.784234267,21.3586,27.08152345,S1_SAR,,0,0.065155139,"Sri Lanka small-tank power law (Telivarai Kulam), Imbulana ceiling-capped",validated_2021_2025,
