pond_name,date,year,month,water_ha,total_ha,fill_pct,sensor_used,s2_date,day_gap
Alittana Wewa,2021-01-03,2021,1,19.06393932189941,50.55054522911701,37.71262848994678,S1_SAR_fallback,,0
Alittana Wewa,2021-01-15,2021,1,24.84816980056763,50.55054522911701,49.15509751268743,S1_SAR_fallback,,0
Alittana Wewa,2021-01-27,2021,1,24.30659694940904,50.55054522911701,48.08374833395167,S2_MNDWI,2021-01-25,2
Alittana Wewa,2021-02-08,2021,2,25.78553180773866,50.55054522911701,51.00940393593667,S2_MNDWI,2021-02-09,1
Alittana Wewa,2021-02-20,2021,2,19.564305533599853,50.55054522911701,38.70246195154954,S1_SAR_fallback,,0
Alittana Wewa,2021-03-04,2021,3,18.991973497006285,50.55054522911701,37.57026439759733,S2_MNDWI,2021-03-01,3
Alittana Wewa,2021-03-16,2021,3,20.695132162475584,50.55054522911701,40.93948357762762,S1_SAR_fallback,,0
Alittana Wewa,2021-03-28,2021,3,16.09889189529419,50.55054522911701,31.847118210747333,S2_MNDWI,2021-03-31,3
Alittana Wewa,2021-04-09,2021,4,19.74443724594116,50.55054522911701,39.05880175268298,S1_SAR_fallback,,0
Alittana Wewa,2021-04-21,2021,4,20.35488366775513,50.55054522911701,40.26639787068163,S1_SAR_fallback,,0
Alittana Wewa,2021-05-03,2021,5,19.534283589172365,50.55054522911701,38.64307199978658,S1_SAR_fallback,,0
Alittana Wewa,2021-05-15,2021,5,18.11324445877075,50.55054522911701,35.831946770650376,S1_SAR_fallback,,0
Alittana Wewa,2021-05-27,2021,5,17.542827616119386,50.55054522911701,34.70353788788563,S1_SAR_fallback,,0
Alittana Wewa,2021-06-08,2021,6,16.091766726684572,50.55054522911701,31.8330230737368,S1_SAR_fallback,,0
Alittana Wewa,2021-06-14,2021,6,16.191840299987792,50.55054522911701,32.03099042077458,S1_SAR_fallback,,0
Alittana Wewa,2021-06-20,2021,6,5.605600165557862,50.55054522911701,11.089099316636148,S2_MNDWI,2021-06-19,1
Alittana Wewa,2021-07-02,2021,7,13.429820222473143,50.55054522911701,26.56711250413496,S1_SAR_fallback,,0
Alittana Wewa,2021-07-14,2021,7,13.559915425109864,50.55054522911701,26.824469179611103,S1_SAR_fallback,,0
Alittana Wewa,2021-07-26,2021,7,13.649981456756592,50.55054522911701,27.002639427307763,S1_SAR_fallback,,0
Alittana Wewa,2021-08-07,2021,8,13.649981499481202,50.55054522911701,27.002639511826352,S1_SAR_fallback,,0
Alittana Wewa,2021-08-19,2021,8,12.70929341430664,50.55054522911701,25.14175338110125,S1_SAR_fallback,,0
Alittana Wewa,2021-08-31,2021,8,12.979490883636474,50.55054522911701,25.67626288659753,S1_SAR_fallback,,0
Alittana Wewa,2021-09-12,2021,9,11.928722557830811,50.55054522911701,23.597614039106134,S1_SAR_fallback,,0
Alittana Wewa,2021-09-24,2021,9,11.31827619857788,50.55054522911701,22.390018044866856,S1_SAR_fallback,,0
Alittana Wewa,2021-10-06,2021,10,9.376856463623048,50.55054522911701,18.54946652132645,S1_SAR_fallback,,0
Alittana Wewa,2021-10-18,2021,10,8.216007976531982,50.55054522911701,16.25305511403184,S1_SAR_fallback,,0
Alittana Wewa,2021-10-30,2021,10,8.616300749969483,50.55054522911701,17.044921495735938,S1_SAR_fallback,,0
Alittana Wewa,2021-11-17,2021,11,17.803019162750243,50.55054522911701,35.218253496691744,S1_SAR_fallback,,0
Alittana Wewa,2021-11-23,2021,11,7.401545490982954,50.55054522911701,14.6418707403371,S2_MNDWI,2021-11-21,2
Alittana Wewa,2021-12-05,2021,12,9.917252114105224,50.55054522911701,19.618486940459164,S1_SAR_fallback,,0
Alittana Wewa,2021-12-17,2021,12,7.995847057342529,50.55054522911701,15.817528814183666,S1_SAR_fallback,,0
Alittana Wewa,2021-12-29,2021,12,7.095188668823242,50.55054522911701,14.035830151118583,S1_SAR_fallback,,0
Alittana Wewa,2022-01-10,2022,1,13.700018450927734,50.55054522911701,27.101623511345537,S1_SAR_fallback,,0
Alittana Wewa,2022-01-22,2022,1,6.597919649789848,50.55054522911701,13.052123611892238,S2_MNDWI,2022-01-20,2
Alittana Wewa,2022-02-03,2022,2,11.486588785552978,50.55054522911701,22.7229770391017,S2_MNDWI,2022-02-04,1
Alittana Wewa,2022-02-15,2022,2,20.58505296936035,50.55054522911701,40.7217229330761,S1_SAR_fallback,,0
Alittana Wewa,2022-02-27,2022,2,19.54429182510376,50.55054522911701,38.66287047255484,S1_SAR_fallback,,0
Alittana Wewa,2022-03-11,2022,3,19.434211374664308,50.55054522911701,38.44510734074188,S1_SAR_fallback,,0
Alittana Wewa,2022-03-23,2022,3,25.664015005573948,50.55054522911701,50.769017206943055,S2_MNDWI,2022-03-21,2
Alittana Wewa,2022-04-04,2022,4,18.46350139846802,50.55054522911701,36.524831363902045,S1_SAR_fallback,,0
Alittana Wewa,2022-04-16,2022,4,18.63362587966919,50.55054522911701,36.86137467996341,S1_SAR_fallback,,0
Alittana Wewa,2022-04-28,2022,4,15.101042461395265,50.55054522911701,29.873154469354944,S1_SAR_fallback,,0
Alittana Wewa,2022-05-10,2022,5,10.287522958374025,50.55054522911701,20.3509634005855,S1_SAR_fallback,,0
Alittana Wewa,2022-05-22,2022,5,8.316081327056885,50.55054522911701,16.451022020365546,S1_SAR_fallback,,0
Alittana Wewa,2022-06-03,2022,6,6.905049629974365,50.55054522911701,13.659693676255486,S1_SAR_fallback,,0
Alittana Wewa,2022-06-15,2022,6,5.333900760650635,50.55054522911701,10.551618655100716,S1_SAR_fallback,,0
Alittana Wewa,2022-06-27,2022,6,1.239130216217041,50.55054522911701,2.4512697352734083,S2_MNDWI,2022-06-29,2
Alittana Wewa,2022-07-09,2022,7,2.491822373199463,50.55054522911701,4.929367946291068,S1_SAR_fallback,,0
Alittana Wewa,2022-07-21,2022,7,2.021478330230713,50.55054522911701,3.9989248801738855,S1_SAR_fallback,,0
Alittana Wewa,2022-08-02,2022,8,1.3109587745666504,50.55054522911701,2.5933622844715445,S1_SAR_fallback,,0
Alittana Wewa,2022-08-14,2022,8,1.6512075942993163,50.55054522911701,3.266448634362552,S1_SAR_fallback,,0
Alittana Wewa,2022-08-26,2022,8,1.2409075126647948,50.55054522911701,2.45478561515106,S1_SAR_fallback,,0
Alittana Wewa,2022-09-07,2022,9,1.060775811767578,50.55054522911701,2.098445836656522,S1_SAR_fallback,,0
Alittana Wewa,2022-09-19,2022,9,1.0007318992614749,50.55054522911701,1.9796658863435068,S1_SAR_fallback,,0
Alittana Wewa,2022-10-01,2022,10,0.6404684150695801,50.55054522911701,1.266986166354288,S1_SAR_fallback,,0
Alittana Wewa,2022-10-13,2022,10,0.7305342895507813,50.55054522911701,1.4451561031432654,S1_SAR_fallback,,0
Alittana Wewa,2022-10-25,2022,10,0.7572454277038574,50.55054522911701,1.4979965582402572,S2_MNDWI,2022-10-27,2
Alittana Wewa,2022-11-06,2022,11,0.4903586219787598,50.55054522911701,0.9700362671782108,S1_SAR_fallback,,0
Alittana Wewa,2022-11-18,2022,11,3.972905585479736,50.55054522911701,7.859273460796127,S1_SAR_fallback,,0
Alittana Wewa,2022-11-30,2022,11,1.0507684768676755,50.55054522911701,2.078649146325004,S1_SAR_fallback,,0
Alittana Wewa,2022-12-12,2022,12,4.103000350189209,50.55054522911701,8.116629269956695,S1_SAR_fallback,,0
Alittana Wewa,2022-12-24,2022,12,17.752981941986086,50.55054522911701,35.11926896440358,S1_SAR_fallback,,0
Alittana Wewa,2023-01-05,2023,1,16.04173065032959,50.55054522911701,31.734040805339497,S1_SAR_fallback,,0
Alittana Wewa,2023-01-17,2023,1,16.141803688812256,50.55054522911701,31.93200709438562,S1_SAR_fallback,,0
Alittana Wewa,2023-01-29,2023,1,15.821569590759278,50.55054522911701,31.29851422778737,S1_SAR_fallback,,0
Alittana Wewa,2023-02-10,2023,2,14.540632695770263,50.55054522911701,28.76454176679164,S1_SAR_fallback,,0
Alittana Wewa,2023-02-22,2023,2,13.96020852432251,50.55054522911701,27.616336205769464,S1_SAR_fallback,,0
Alittana Wewa,2023-03-06,2023,3,12.589205744934082,50.55054522911701,24.90419378836437,S1_SAR_fallback,,0
Alittana Wewa,2023-03-18,2023,3,11.728576461029052,50.55054522911701,23.201681421773102,S1_SAR_fallback,,0
Alittana Wewa,2023-03-30,2023,3,11.468386374664307,50.55054522911701,22.686968701691747,S1_SAR_fallback,,0
Alittana Wewa,2023-04-11,2023,4,9.006586151123047,50.55054522911701,17.816991113154742,S1_SAR_fallback,,0
Alittana Wewa,2023-04-23,2023,4,7.285327212524414,50.55054522911701,14.411965646471565,S1_SAR_fallback,,0
Alittana Wewa,2023-05-05,2023,5,7.0951884094238284,50.55054522911701,14.035829637969984,S1_SAR_fallback,,0
Alittana Wewa,2023-05-17,2023,5,6.054427262115478,50.55054522911701,11.976977171411676,S1_SAR_fallback,,0
Alittana Wewa,2023-05-29,2023,5,4.703439376831055,50.55054522911701,9.304428578392232,S1_SAR_fallback,,0
Alittana Wewa,2023-06-10,2023,6,3.07224652633667,50.55054522911701,6.077573471090995,S1_SAR_fallback,,0
Alittana Wewa,2023-06-22,2023,6,2.0615074409484864,50.55054522911701,4.078111188721783,S1_SAR_fallback,,0
Alittana Wewa,2023-07-04,2023,7,1.3910171852111817,50.55054522911701,2.751735275863965,S1_SAR_fallback,,0
Alittana Wewa,2023-07-16,2023,7,0.5641380309310613,50.55054522911701,1.1159880242124844,S1_SAR_fallback,,0
Alittana Wewa,2023-07-28,2023,7,0.0688403167724609,50.55054522911701,0.1361811558321413,S2_MNDWI,2023-07-29,1
Alittana Wewa,2023-08-09,2023,8,0.5003659339904785,50.55054522911701,0.9898329122319114,S1_SAR_fallback,,0
Alittana Wewa,2023-09-02,2023,9,2.972173700714112,50.55054522911701,5.879607603128572,S1_SAR_fallback,,0
Alittana Wewa,2023-09-14,2023,9,3.5225762588500977,50.55054522911701,6.968423867406876,S1_SAR_fallback,,0
Alittana Wewa,2023-09-26,2023,9,4.293924542819752,50.55054522911701,8.494318950187031,S1_SAR_fallback,,0
Alittana Wewa,2023-10-08,2023,10,2.9121298919677736,50.55054522911701,5.760827858074996,S1_SAR_fallback,,0
Alittana Wewa,2023-10-20,2023,10,11.068093260192873,50.55054522911701,21.895101645348173,S1_SAR_fallback,,0
Alittana Wewa,2023-11-01,2023,11,12.429088172149658,50.55054522911701,24.58744631895786,S1_SAR_fallback,,0
Alittana Wewa,2023-11-13,2023,11,30.241486096442724,50.55054522911701,59.82425305083295,S1_SAR_fallback,,0
Alittana Wewa,2023-11-25,2023,11,28.51084778518677,50.55054522911701,56.400673140048696,S1_SAR_fallback,,0
Alittana Wewa,2023-12-07,2023,12,28.240650094604494,50.55054522911701,55.86616319686684,S1_SAR_fallback,,0
Alittana Wewa,2023-12-19,2023,12,27.390027866363525,50.55054522911701,54.18344696821771,S1_SAR_fallback,,0
Alittana Wewa,2023-12-31,2023,12,27.29996208724976,50.55054522911701,54.00527722008631,S1_SAR_fallback,,0
Alittana Wewa,2024-01-12,2024,1,26.979727984619142,50.55054522911701,53.37178434443249,S1_SAR_fallback,,0
Alittana Wewa,2024-01-24,2024,1,22.84533320388794,50.55054522911701,45.19305004593516,S2_MNDWI,2024-01-25,1
Alittana Wewa,2024-02-05,2024,2,24.80814029388428,50.55054522911701,49.07591042083329,S1_SAR_fallback,,0
Alittana Wewa,2024-02-17,2024,2,25.52866717376709,50.55054522911701,50.50126968573749,S1_SAR_fallback,,0
Alittana Wewa,2024-02-29,2024,2,26.309237440490723,50.55054522911701,52.045407861074175,S1_SAR_fallback,,0
Alittana Wewa,2024-03-12,2024,3,26.385691430664064,50.55054522911701,52.19665052290269,S2_MNDWI,2024-03-10,2
Alittana Wewa,2024-03-24,2024,3,25.92895933074951,50.55054522911701,51.29313484795903,S1_SAR_fallback,,0
Alittana Wewa,2024-04-05,2024,4,25.378556690979003,50.55054522911701,50.20431842218984,S1_SAR_fallback,,0
Alittana Wewa,2024-04-17,2024,4,24.357810453033448,50.55054522911701,48.1850598102024,S1_SAR_fallback,,0
Alittana Wewa,2024-04-29,2024,4,23.257005383300783,50.55054522911701,46.00742737371069,S1_SAR_fallback,,0
Alittana Wewa,2024-05-11,2024,5,21.1154393447876,50.55054522911701,41.77094282382763,S1_SAR_fallback,,0
Alittana Wewa,2024-05-23,2024,5,21.37563063583374,50.55054522911701,42.28565792703146,S1_SAR_fallback,,0
Alittana Wewa,2024-06-04,2024,6,24.41785464248657,50.55054522911701,48.303840308377,S1_SAR_fallback,,0
Alittana Wewa,2024-06-16,2024,6,23.0668669128418,50.55054522911701,45.63129202324672,S1_SAR_fallback,,0
Alittana Wewa,2024-07-10,2024,7,20.50499305496216,50.55054522911701,40.56334696693108,S1_SAR_fallback,,0
Alittana Wewa,2024-07-22,2024,7,20.374897946167,50.55054522911701,40.30599047709399,S1_SAR_fallback,,0
Alittana Wewa,2024-08-03,2024,8,19.184027053070068,50.55054522911701,37.95018820493375,S1_SAR_fallback,,0
Alittana Wewa,2024-08-15,2024,8,20.43494190750122,50.55054522911701,40.42477052399968,S1_SAR_fallback,,0
Alittana Wewa,2024-08-27,2024,8,17.322665997314452,50.55054522911701,34.268010204045495,S1_SAR_fallback,,0
Alittana Wewa,2024-09-20,2024,9,14.690270988500258,50.55054522911701,29.060558935452768,S1_SAR_fallback,,0
Alittana Wewa,2024-10-02,2024,10,7.4721340015456255,50.55054522911701,14.781510204645016,S2_MNDWI,2024-10-01,1
Alittana Wewa,2024-10-14,2024,10,12.008780900573733,50.55054522911701,23.75598689617436,S1_SAR_fallback,,0
Alittana Wewa,2024-10-26,2024,10,9.516958778381348,50.55054522911701,18.826619446430023,S1_SAR_fallback,,0
Alittana Wewa,2024-11-07,2024,11,17.94312054977417,50.55054522911701,35.49540458653445,S1_SAR_fallback,,0
Alittana Wewa,2024-11-19,2024,11,17.392718016052246,50.55054522911701,34.406588370552484,S1_SAR_fallback,,0
Alittana Wewa,2024-12-13,2024,12,24.107627416992187,50.55054522911701,47.69014321749836,S1_SAR_fallback,,0
Alittana Wewa,2024-12-25,2024,12,24.277752038574217,50.55054522911701,48.02668681126367,S1_SAR_fallback,,0
Alittana Wewa,2025-01-06,2025,1,23.407115312957764,50.55054522911701,46.3043775430444,S1_SAR_fallback,,0
Alittana Wewa,2025-01-18,2025,1,23.817415884399413,50.55054522911701,47.11604153120118,S1_SAR_fallback,,0
Alittana Wewa,2025-01-30,2025,1,23.93750353775025,50.55054522911701,47.35360109224359,S1_SAR_fallback,,0
Alittana Wewa,2025-02-11,2025,2,23.8674524520874,50.55054522911701,47.21502477156231,S1_SAR_fallback,,0
Alittana Wewa,2025-02-23,2025,2,23.09688906555176,50.55054522911701,45.69068238703783,S1_SAR_fallback,,0
Alittana Wewa,2025-03-07,2025,3,15.0933644667143,50.55054522911701,29.857965721842604,S2_MNDWI,2025-03-05,2
Alittana Wewa,2025-03-19,2025,3,22.556494055175783,50.55054522911701,44.62166323417475,S1_SAR_fallback,,0
Alittana Wewa,2025-03-31,2025,3,20.975338018035888,50.55054522911701,41.49379185321652,S1_SAR_fallback,,0
Alittana Wewa,2025-04-12,2025,4,19.284101498413087,50.55054522911701,38.14815727705639,S1_SAR_fallback,,0
Alittana Wewa,2025-04-24,2025,4,15.07102137374878,50.55054522911701,29.81376621249161,S1_SAR_fallback,,0
Alittana Wewa,2025-05-06,2025,5,15.171094675445556,50.55054522911701,30.01173302223264,S1_SAR_fallback,,0
Alittana Wewa,2025-05-18,2025,5,12.90944076156616,50.55054522911701,25.537688472112364,S1_SAR_fallback,,0
Alittana Wewa,2025-05-30,2025,5,9.977296926879882,50.55054522911701,19.737268671699663,S1_SAR_fallback,,0
Alittana Wewa,2025-06-11,2025,6,10.187450617218015,50.55054522911701,20.152998491003547,S1_SAR_fallback,,0
Alittana Wewa,2025-06-23,2025,6,10.717838199615478,50.55054522911701,21.20222076940532,S1_SAR_fallback,,0
Alittana Wewa,2025-07-05,2025,7,10.46765530166626,50.55054522911701,20.70730444987745,S1_SAR_fallback,,0
Alittana Wewa,2025-07-17,2025,7,11.338291802978516,50.55054522911701,22.429613274374105,S1_SAR_fallback,,0
Alittana Wewa,2025-07-29,2025,7,2.252074861907959,50.55054522911701,4.455095096799804,S2_MNDWI,2025-07-28,1
Alittana Wewa,2025-08-10,2025,8,9.897237670898438,50.55054522911701,19.57889400804652,S1_SAR_fallback,,0
Alittana Wewa,2025-08-22,2025,8,4.336970532226562,50.55054522911701,8.579473302551989,S2_MNDWI,2025-08-22,0
Alittana Wewa,2025-09-03,2025,9,5.283864195251465,50.55054522911701,10.452635419267386,S1_SAR_fallback,,0
Alittana Wewa,2025-09-15,2025,9,6.935071369934082,50.55054522911701,13.719083223536618,S1_SAR_fallback,,0
Alittana Wewa,2025-09-27,2025,9,5.584083704376221,50.55054522911701,11.046535065184225,S1_SAR_fallback,,0
Alittana Wewa,2025-10-09,2025,10,5.664142595672607,50.55054522911701,11.20490900741081,S1_SAR_fallback,,0
Alittana Wewa,2025-10-21,2025,10,19.504263822937013,50.55054522911701,38.583686356962566,S1_SAR_fallback,,0
Alittana Wewa,2025-11-02,2025,11,7.523330828857421,50.55054522911701,14.882788691513454,S2_MNDWI,2025-10-31,2
Alittana Wewa,2025-11-14,2025,11,10.92799224395752,50.55054522911701,21.61795128900611,S1_SAR_fallback,,0
Alittana Wewa,2025-11-26,2025,11,13.189645558929444,50.55054522911701,26.09199465435683,S1_SAR_fallback,,0
Alittana Wewa,2025-12-02,2025,12,32.05708913604737,50.55054522911701,63.41591171915303,S1_SAR_fallback,,0
Alittana Wewa,2025-12-08,2025,12,26.48937057800293,50.55054522911701,52.40175048150639,S1_SAR_fallback,,0
Alittana Wewa,2025-12-20,2025,12,27.009750677490235,50.55054522911701,53.431175776780094,S1_SAR_fallback,,0
Amane Wewa,2021-01-03,2021,1,0.9606992286682128,27.66009283050944,3.473232120206586,S1_SAR,,0
Amane Wewa,2021-01-15,2021,1,1.4810781692504882,27.66009283050944,5.354566878448216,S1_SAR,,0
Amane Wewa,2021-01-27,2021,1,3.202331533813477,27.66009283050944,11.577443190216858,S1_SAR,,0
Amane Wewa,2021-02-08,2021,2,4.5333005172729495,27.66009283050944,16.3893177982131,S1_SAR,,0
Amane Wewa,2021-02-20,2021,2,4.743453553009033,27.66009283050944,17.14908761179913,S1_SAR,,0
Amane Wewa,2021-03-04,2021,3,4.69341732711792,27.66009283050944,16.9681908006506,S1_SAR,,0
Amane Wewa,2021-03-16,2021,3,5.023657772827148,27.66009283050944,18.162114652362945,S1_SAR,,0
Amane Wewa,2021-03-28,2021,3,4.533300847625733,27.66009283050944,16.389318992543085,S1_SAR,,0
Amane Wewa,2021-04-09,2021,4,5.023657063293457,27.66009283050944,18.162112087173828,S1_SAR,,0
Amane Wewa,2021-04-21,2021,4,5.89429095993042,27.66009283050944,21.30972949385384,S1_SAR,,0
Amane Wewa,2021-05-03,2021,5,5.3538975875854495,27.66009283050944,19.356036222987765,S1_SAR,,0
Amane Wewa,2021-05-15,2021,5,5.694145175933838,27.66009283050944,20.58613906621861,S1_SAR,,0
Amane Wewa,2021-05-27,2021,5,6.154480236053467,27.66009283050944,22.25039617099548,S1_SAR,,0
Amane Wewa,2021-06-08,2021,6,5.724167075347901,27.66009283050944,20.694677745383668,S1_SAR,,0
Amane Wewa,2021-06-14,2021,6,5.9543345703125,27.66009283050944,21.52680617089177,S1_SAR,,0
Amane Wewa,2021-06-20,2021,6,6.0644147537231445,27.66009283050944,21.92478091409012,S1_SAR,,0
Amane Wewa,2021-07-02,2021,7,5.894290869903564,27.66009283050944,21.309729168378222,S1_SAR,,0
Amane Wewa,2021-07-14,2021,7,5.343890145874023,27.66009283050944,19.31985615022825,S1_SAR,,0
Amane Wewa,2021-07-26,2021,7,5.243817251586914,27.66009283050944,18.958060928135843,S1_SAR,,0
Amane Wewa,2021-08-07,2021,8,4.953605995941162,27.66009283050944,17.908855282211018,S1_SAR,,0
Amane Wewa,2021-08-19,2021,8,3.8728191215515135,27.66009283050944,14.001468271573348,S1_SAR,,0
Amane Wewa,2021-08-31,2021,8,3.372454755401612,27.66009283050944,12.192492541752246,S1_SAR,,0
Amane Wewa,2021-09-12,2021,9,2.1415586471557617,27.66009283050944,7.742413086891721,S1_SAR,,0
Amane Wewa,2021-09-24,2021,9,1.481077862548828,27.66009283050944,5.354565769624533,S1_SAR,,0
Amane Wewa,2021-10-06,2021,10,1.8213255401611328,27.66009283050944,6.584668935572722,S1_SAR,,0
Amane Wewa,2021-10-18,2021,10,1.1608448150634765,27.66009283050944,4.196821833450428,S1_SAR,,0
Amane Wewa,2021-10-30,2021,10,1.310954116821289,27.66009283050944,4.739514523159119,S1_SAR,,0
Amane Wewa,2021-11-17,2021,11,2.7019666107177733,27.66009283050944,9.768465446860212,S1_SAR,,0
Amane Wewa,2021-11-23,2021,11,2.1515659286499025,27.66009283050944,7.778592580414976,S1_SAR,,0
Amane Wewa,2021-12-05,2021,12,1.6111725891113282,27.66009283050944,5.824899428154427,S1_SAR,,0
Amane Wewa,2021-12-17,2021,12,1.2108812805175782,27.66009283050944,4.377719510695063,S1_SAR,,0
Amane Wewa,2021-12-29,2021,12,1.1808593780517578,27.66009283050944,4.269180820496938,S1_SAR,,0
Amane Wewa,2022-01-10,2022,1,1.421034218597412,27.66009283050944,5.137488971222804,S1_SAR,,0
Amane Wewa,2022-01-22,2022,1,1.0707793083190915,27.66009283050944,3.871206488280503,S1_SAR,,0
Amane Wewa,2022-02-03,2022,2,1.481077864074707,27.66009283050944,5.354565775141069,S1_SAR,,0
Amane Wewa,2022-02-15,2022,2,1.5811508087158204,27.66009283050944,5.716361179279162,S1_SAR,,0
Amane Wewa,2022-02-27,2022,2,1.4810780082702637,27.66009283050944,5.354566296453696,S1_SAR,,0
Amane Wewa,2022-03-11,2022,3,1.6011654113769531,27.66009283050944,5.788720309755602,S1_SAR,,0
Amane Wewa,2022-03-23,2022,3,1.6111727409362793,27.66009283050944,5.824899977049733,S1_SAR,,0
Amane Wewa,2022-04-04,2022,4,1.8613548934936524,27.66009283050944,6.7293877316295685,S1_SAR,,0
Amane Wewa,2022-04-16,2022,4,1.4810780838012696,27.66009283050944,5.354566569522215,S1_SAR,,0
Amane Wewa,2022-04-28,2022,4,0.9106628982543944,27.66009283050944,3.292334931175363,S1_SAR,,0
Amane Wewa,2022-05-10,2022,5,0.4803496353149414,27.66009283050944,1.7366161359556591,S1_SAR,,0
Amane Wewa,2022-05-22,2022,5,0.0600437133789062,27.66009283050944,0.2170770494041048,S1_SAR,,0
Amane Wewa,2022-06-03,2022,6,0.0,27.66009283050944,0.0,S1_SAR,,0
Amane Wewa,2022-06-15,2022,6,0.0,27.66009283050944,0.0,S1_SAR,,0
Amane Wewa,2022-06-27,2022,6,0.0,27.66009283050944,0.0,S1_SAR,,0
Amane Wewa,2022-07-09,2022,7,0.0,27.66009283050944,0.0,S1_SAR,,0
Amane Wewa,2022-07-21,2022,7,0.0,27.66009283050944,0.0,S1_SAR,,0
Amane Wewa,2022-08-02,2022,8,0.0,27.66009283050944,0.0,S1_SAR,,0
Amane Wewa,2022-08-14,2022,8,0.0,27.66009283050944,0.0,S1_SAR,,0
Amane Wewa,2022-08-26,2022,8,0.0,27.66009283050944,0.0,S1_SAR,,0
Amane Wewa,2022-09-07,2022,9,0.0,27.66009283050944,0.0,S1_SAR,,0
Amane Wewa,2022-09-19,2022,9,0.0,27.66009283050944,0.0,S1_SAR,,0
Amane Wewa,2022-10-01,2022,10,0.0,27.66009283050944,0.0,S1_SAR,,0
Amane Wewa,2022-10-13,2022,10,0.0,27.66009283050944,0.0,S1_SAR,,0
Amane Wewa,2022-10-25,2022,10,0.0,27.66009283050944,0.0,S1_SAR,,0
Amane Wewa,2022-11-06,2022,11,0.0,27.66009283050944,0.0,S1_SAR,,0
Amane Wewa,2022-11-18,2022,11,0.0,27.66009283050944,0.0,S1_SAR,,0
Amane Wewa,2022-11-30,2022,11,0.0,27.66009283050944,0.0,S1_SAR,,0
Amane Wewa,2022-12-12,2022,12,0.0,27.66009283050944,0.0,S1_SAR,,0
Amane Wewa,2022-12-24,2022,12,0.0,27.66009283050944,0.0,S1_SAR,,0
Amane Wewa,2023-01-05,2023,1,0.200145669555664,27.66009283050944,0.7235900138950394,S1_SAR,,0
Amane Wewa,2023-01-17,2023,1,0.1100801216125488,27.66009283050944,0.3979745197786503,S1_SAR,,0
Amane Wewa,2023-01-29,2023,1,0.1801310935974121,27.66009283050944,0.6512309799579746,S1_SAR,,0
Amane Wewa,2023-02-10,2023,2,0.650473405456543,27.66009283050944,2.351667470685645,S1_SAR,,0
Amane Wewa,2023-02-22,2023,2,0.4102986030578613,27.66009283050944,1.4833594578731732,S1_SAR,,0
Amane Wewa,2023-03-06,2023,3,0.5303859733581543,27.66009283050944,1.917513352569561,S1_SAR,,0
Amane Wewa,2023-03-18,2023,3,0.4503277290344238,27.66009283050944,1.6280774319661957,S1_SAR,,0
Amane Wewa,2023-03-30,2023,3,0.1801310890197754,27.66009283050944,0.6512309634083674,S1_SAR,,0
Amane Wewa,2023-04-11,2023,4,0.0400291381835937,27.66009283050944,0.1447180182253079,S1_SAR,,0
Amane Wewa,2023-04-23,2023,4,0.4903568695068359,27.66009283050944,1.7727954584663068,S1_SAR,,0
Amane Wewa,2023-05-05,2023,5,0.360262149810791,27.66009283050944,1.3024618247608235,S1_SAR,,0
Amane Wewa,2023-05-17,2023,5,1.0907938499450684,27.66009283050944,3.9435653980955134,S1_SAR,,0
Amane Wewa,2023-05-29,2023,5,0.6504733703613281,27.66009283050944,2.351667343805324,S1_SAR,,0
Amane Wewa,2023-06-10,2023,6,0.6104442604064941,27.66009283050944,2.206949427635927,S1_SAR,,0
Amane Wewa,2023-06-22,2023,6,0.7505462394714355,27.66009283050944,2.713462474874897,S1_SAR,,0
Amane Wewa,2023-07-04,2023,7,0.4303131614685058,27.66009283050944,1.5557184283700771,S1_SAR,,0
Amane Wewa,2023-07-16,2023,7,1.0007283836364746,27.66009283050944,3.617950199113787,S1_SAR,,0
Amane Wewa,2023-07-28,2023,7,1.7913038955688476,27.66009283050944,6.476131177669137,S1_SAR,,0
Amane Wewa,2023-08-09,2023,8,1.7112456512451173,27.66009283050944,6.186695257065772,S1_SAR,,0
Amane Wewa,2023-09-02,2023,9,1.1408303833007811,27.66009283050944,4.12446332082599,S1_SAR,,0
Amane Wewa,2023-09-14,2023,9,0.2701966194152832,27.66009283050944,0.9768463940845956,S1_SAR,,0
Amane Wewa,2023-09-26,2023,9,0.3102257682800293,27.66009283050944,1.1215644509256537,S1_SAR,,0
Amane Wewa,2023-10-08,2023,10,0.3502548736572266,27.66009283050944,1.2662823505454432,S1_SAR,,0
Amane Wewa,2023-10-20,2023,10,0.3202330215454101,27.66009283050944,1.157743842392998,S1_SAR,,0
Amane Wewa,2023-11-01,2023,11,0.1100801055908203,27.66009283050944,0.397974461855025,S1_SAR,,0
Amane Wewa,2023-11-13,2023,11,2.051494039154053,27.66009283050944,7.416800990961347,S1_SAR,,0
Amane Wewa,2023-11-25,2023,11,0.1801311485290527,27.66009283050944,0.6512311785532612,S1_SAR,,0
Amane Wewa,2023-12-07,2023,12,0.0,27.66009283050944,0.0,S1_SAR,,0
Amane Wewa,2023-12-19,2023,12,0.1701238365173339,27.66009283050944,0.615051574699291,S1_SAR,,0
Amane Wewa,2023-12-31,2023,12,0.5003641807556153,27.66009283050944,1.808975059562009,S1_SAR,,0
Amane Wewa,2024-01-12,2024,1,0.460335131072998,27.66009283050944,1.664257361295774,S1_SAR,,0
Amane Wewa,2024-01-24,2024,1,0.3602623085021972,27.66009283050944,1.3024623984805404,S1_SAR,,0
Amane Wewa,2024-02-05,2024,2,0.4803496841430664,27.66009283050944,1.7366163124848029,S1_SAR,,0
Amane Wewa,2024-02-17,2024,2,0.3902841606140136,27.66009283050944,1.4110009066329856,S1_SAR,,0
Amane Wewa,2024-02-29,2024,2,1.0307504432678225,27.66009283050944,3.726489457515093,S1_SAR,,0
Amane Wewa,2024-03-12,2024,3,0.3902841766357421,27.66009283050944,1.4110009645566106,S1_SAR,,0
Amane Wewa,2024-03-24,2024,3,0.7705610328674316,27.66009283050944,2.7858222949183045,S1_SAR,,0
Amane Wewa,2024-04-05,2024,4,0.2601894142150879,27.66009283050944,0.9406671763881268,S1_SAR,,0
Amane Wewa,2024-04-17,2024,4,0.3602623329162597,27.66009283050944,1.3024624867451122,S1_SAR,,0
Amane Wewa,2024-04-29,2024,4,0.1801311500549316,27.66009283050944,0.6512311840697969,S1_SAR,,0
Amane Wewa,2024-05-11,2024,5,0.1801311477661132,27.66009283050944,0.6512311757949932,S1_SAR,,0
Amane Wewa,2024-05-23,2024,5,0.0100072875976562,27.66009283050944,0.0361795155893984,S1_SAR,,0
Amane Wewa,2024-06-04,2024,6,0.0,27.66009283050944,0.0,S1_SAR,,0
Amane Wewa,2024-06-16,2024,6,0.0700509719848632,27.66009283050944,0.2532564601793243,S1_SAR,,0
Amane Wewa,2024-07-10,2024,7,0.1100801445007324,27.66009283050944,0.3979746025266863,S1_SAR,,0
Amane Wewa,2024-07-22,2024,7,0.0,27.66009283050944,0.0,S1_SAR,,0
Amane Wewa,2024-08-03,2024,8,0.3002185676574707,27.66009283050944,1.085385249778792,S1_SAR,,0
Amane Wewa,2024-08-15,2024,8,0.6504734619140625,27.66009283050944,2.351667674797468,S1_SAR,,0
Amane Wewa,2024-08-27,2024,8,0.7505461967468262,27.66009283050944,2.713462320411897,S1_SAR,,0
Amane Wewa,2024-09-20,2024,9,1.3009468841552734,27.66009283050944,4.703335206165006,S1_SAR,,0
Amane Wewa,2024-10-02,2024,10,1.210881575012207,27.66009283050944,4.377720575386461,S1_SAR,,0
Amane Wewa,2024-10-14,2024,10,1.5311144653320312,27.66009283050944,5.535463943357385,S1_SAR,,0
Amane Wewa,2024-10-26,2024,10,1.250910521697998,27.66009283050944,4.522437901286533,S1_SAR,,0
Amane Wewa,2024-11-07,2024,11,0.5003643463134766,27.66009283050944,1.8089756581061367,S1_SAR,,0
Amane Wewa,2024-11-19,2024,11,0.920670290374756,27.66009283050944,3.32851482464746,S1_SAR,,0
Amane Wewa,2024-12-13,2024,12,0.1601166015625,27.66009283050944,0.5788722494303754,S1_SAR,,0
Amane Wewa,2024-12-25,2024,12,1.5911582931518555,27.66009283050944,5.752541406501671,S1_SAR,,0
Amane Wewa,2025-01-06,2025,1,2.3817341438293456,27.66009283050944,8.610723609727954,S1_SAR,,0
Amane Wewa,2025-01-18,2025,1,3.3224189544677736,27.66009283050944,12.011597266958924,S1_SAR,,0
Amane Wewa,2025-01-30,2025,1,3.502550063323975,27.66009283050944,12.662828302082255,S1_SAR,,0
Amane Wewa,2025-02-11,2025,2,3.6826813323974608,27.66009283050944,13.31405991644184,S1_SAR,,0
Amane Wewa,2025-02-23,2025,2,3.552586547088623,27.66009283050944,12.843726045525322,S1_SAR,,0
Amane Wewa,2025-03-07,2025,3,2.3817343673706053,27.66009283050944,8.610724417900439,S1_SAR,,0
Amane Wewa,2025-03-19,2025,3,2.611901696777344,27.66009283050944,9.442852244864422,S1_SAR,,0
Amane Wewa,2025-03-31,2025,3,3.7026957862854,27.66009283050944,13.386418509056048,S1_SAR,,0
Amane Wewa,2025-04-12,2025,4,4.833518689727783,27.66009283050944,17.474701619209135,S1_SAR,,0
Amane Wewa,2025-04-24,2025,4,5.063686302185059,27.66009283050944,18.3068304694905,S1_SAR,,0
Amane Wewa,2025-05-06,2025,5,4.062957964324951,27.66009283050944,14.68888043587278,S1_SAR,,0
Amane Wewa,2025-05-18,2025,5,5.0636861091613765,27.66009283050944,18.30682977164872,S1_SAR,,0
Amane Wewa,2025-05-30,2025,5,5.59407247390747,27.66009283050944,20.224344539209703,S1_SAR,,0
Amane Wewa,2025-06-11,2025,6,5.39392666015625,27.66009283050944,19.50075400400204,S1_SAR,,0
Amane Wewa,2025-06-23,2025,6,5.744181672668457,27.66009283050944,20.76703685655223,S1_SAR,,0
Amane Wewa,2025-07-05,2025,7,5.6441088493347165,27.66009283050944,20.40524189097873,S1_SAR,,0
Amane Wewa,2025-07-17,2025,7,6.034392977142334,27.66009283050944,21.816242679006194,S1_SAR,,0
Amane Wewa,2025-07-29,2025,7,5.994363739776611,27.66009283050944,21.671524302206063,S1_SAR,,0
Amane Wewa,2025-08-10,2025,8,5.954334643554687,27.66009283050944,21.52680643568549,S1_SAR,,0
Amane Wewa,2025-08-22,2025,8,5.894290944671631,27.66009283050944,21.309729438688475,S1_SAR,,0
Amane Wewa,2025-09-03,2025,9,5.83424720993042,27.66009283050944,21.09265231205287,S1_SAR,,0
Amane Wewa,2025-09-15,2025,9,5.684137863922119,27.66009283050944,20.549959462364644,S1_SAR,,0
Amane Wewa,2025-09-27,2025,9,5.954334569549561,27.66009283050944,21.526806168133508,S1_SAR,,0
Amane Wewa,2025-10-09,2025,10,5.854261849975586,27.66009283050944,21.165011577684435,S1_SAR,,0
Amane Wewa,2025-10-21,2025,10,6.234538675689698,27.66009283050944,22.539832797715416,S1_SAR,,0
Amane Wewa,2025-11-02,2025,11,5.944327440643311,27.66009283050944,21.490627226263825,S1_SAR,,0
Amane Wewa,2025-11-14,2025,11,6.374640742492676,27.66009283050944,23.04634616215519,S1_SAR,,0
Amane Wewa,2025-11-26,2025,11,7.0251148880004886,27.66009283050944,25.39801630836067,S1_SAR,,0
Amane Wewa,2025-12-02,2025,12,10.351929639482684,27.66009283050944,37.42550577438544,S1_SAR,,0
Amane Wewa,2025-12-08,2025,12,9.066601434326172,27.66009283050944,32.778637041758564,S1_SAR,,0
Amane Wewa,2025-12-20,2025,12,8.876462945556641,27.66009283050944,32.091226157295424,S1_SAR,,0
Ethiniwetuna Wewa,2021-01-03,2021,1,0.0500371589660644,10.250580156660064,0.4881397755185011,S1_SAR,,0
Ethiniwetuna Wewa,2021-01-15,2021,1,0.270200675201416,10.250580156660064,2.635954951543496,S1_SAR,,0
Ethiniwetuna Wewa,2021-01-27,2021,1,0.2601932464599609,10.250580156660064,2.538327026211358,S1_SAR,,0
Ethiniwetuna Wewa,2021-02-08,2021,2,0.470349324798584,10.250580156660064,4.588514187589529,S1_SAR,,0
Ethiniwetuna Wewa,2021-02-20,2021,2,0.2802081016540527,10.250580156660064,2.733582854546963,S1_SAR,,0
Ethiniwetuna Wewa,2021-03-04,2021,3,0.0,10.250580156660064,0.0,S1_SAR,,0
Ethiniwetuna Wewa,2021-03-16,2021,3,0.0,10.250580156660064,0.0,S1_SAR,,0
Ethiniwetuna Wewa,2021-03-28,2021,3,0.0,10.250580156660064,0.0,S1_SAR,,0
Ethiniwetuna Wewa,2021-04-09,2021,4,0.0,10.250580156660064,0.0,S1_SAR,,0
Ethiniwetuna Wewa,2021-04-21,2021,4,0.0,10.250580156660064,0.0,S1_SAR,,0
Ethiniwetuna Wewa,2021-05-03,2021,5,0.0,10.250580156660064,0.0,S1_SAR,,0
Ethiniwetuna Wewa,2021-05-15,2021,5,0.5203864761352539,10.250580156660064,5.076653888679125,S1_SAR,,0
Ethiniwetuna Wewa,2021-05-27,2021,5,0.7205350006103516,10.250580156660064,7.029211904091122,S1_SAR,,0
Ethiniwetuna Wewa,2021-06-08,2021,6,0.5404012718200684,10.250580156660064,5.271909136469274,S1_SAR,,0
Ethiniwetuna Wewa,2021-06-14,2021,6,0.8506316169738769,10.250580156660064,8.298375350210787,S1_SAR,,0
Ethiniwetuna Wewa,2021-06-20,2021,6,0.7505573143005371,10.250580156660064,7.322095948031593,S1_SAR,,0
Ethiniwetuna Wewa,2021-07-02,2021,7,0.7705721626281739,10.250580156660064,7.517351709381185,S1_SAR,,0
Ethiniwetuna Wewa,2021-07-14,2021,7,0.6004458549499512,10.250580156660064,5.857676792662571,S1_SAR,,0
Ethiniwetuna Wewa,2021-07-26,2021,7,0.7305424461364746,10.250580156660064,7.1268399931668505,S1_SAR,,0
Ethiniwetuna Wewa,2021-08-07,2021,8,0.6304681434631347,10.250580156660064,6.1505605909876575,S1_SAR,,0
Ethiniwetuna Wewa,2021-08-19,2021,8,0.470349242401123,10.250580156660064,4.588513383757358,S1_SAR,,0
Ethiniwetuna Wewa,2021-08-31,2021,8,0.2001486137390136,10.250580156660064,1.9525588862301808,S1_SAR,,0
Ethiniwetuna Wewa,2021-09-12,2021,9,0.0,10.250580156660064,0.0,S1_SAR,,0
Ethiniwetuna Wewa,2021-09-24,2021,9,0.0,10.250580156660064,0.0,S1_SAR,,0
Ethiniwetuna Wewa,2021-10-06,2021,10,0.0,10.250580156660064,0.0,S1_SAR,,0
Ethiniwetuna Wewa,2021-10-18,2021,10,0.0,10.250580156660064,0.0,S1_SAR,,0
Ethiniwetuna Wewa,2021-10-30,2021,10,0.0,10.250580156660064,0.0,S1_SAR,,0
Ethiniwetuna Wewa,2021-11-17,2021,11,0.8606390853881836,10.250580156660064,8.396003662573229,S1_SAR,,0
Ethiniwetuna Wewa,2021-11-23,2021,11,0.8906613876342774,10.250580156660064,8.688887594870344,S1_SAR,,0
Ethiniwetuna Wewa,2021-12-05,2021,12,0.5504087684631348,10.250580156660064,5.369537724218664,S1_SAR,,0
Ethiniwetuna Wewa,2021-12-17,2021,12,0.4303195854187012,10.250580156660064,4.198002248088481,S1_SAR,,0
Ethiniwetuna Wewa,2021-12-29,2021,12,0.3602675514221191,10.250580156660064,3.5146064507192225,S1_SAR,,0
Ethiniwetuna Wewa,2022-01-10,2022,1,0.4603418746948242,10.250580156660064,4.490886053856458,S1_SAR,,0
Ethiniwetuna Wewa,2022-01-22,2022,1,0.3502601287841796,10.250580156660064,3.4169785849302072,S1_SAR,,0
Ethiniwetuna Wewa,2022-02-03,2022,2,0.3502601135253906,10.250580156660064,3.416978436072398,S1_SAR,,0
Ethiniwetuna Wewa,2022-02-15,2022,2,0.4903641609191894,10.250580156660064,4.783769829852873,S1_SAR,,0
Ethiniwetuna Wewa,2022-02-27,2022,2,0.1601189155578613,10.250580156660064,1.5620473486452178,S1_SAR,,0
Ethiniwetuna Wewa,2022-03-11,2022,3,0.2201635124206543,10.250580156660064,2.147815138810542,S1_SAR,,0
Ethiniwetuna Wewa,2022-03-23,2022,3,0.4403270057678222,10.250580156660064,4.295630091548824,S1_SAR,,0
Ethiniwetuna Wewa,2022-04-04,2022,4,0.3002230010986328,10.250580156660064,2.9288391145702155,S1_SAR,,0
Ethiniwetuna Wewa,2022-04-16,2022,4,1.2108994659423828,10.250580156660064,11.81298470365729,S1_SAR,,0
Ethiniwetuna Wewa,2022-04-28,2022,4,0.7905872749328613,10.250580156660064,7.712610045970876,S1_SAR,,0
Ethiniwetuna Wewa,2022-05-10,2022,5,0.7005203910827636,10.250580156660064,6.833958472366246,S1_SAR,,0
Ethiniwetuna Wewa,2022-05-22,2022,5,0.2101560836791992,10.250580156660064,2.050187213478404,S1_SAR,,0
Ethiniwetuna Wewa,2022-06-03,2022,6,0.2802080902099609,10.250580156660064,2.7335827429036064,S1_SAR,,0
Ethiniwetuna Wewa,2022-06-15,2022,6,0.2301709373474121,10.250580156660064,2.245443026928229,S1_SAR,,0
Ethiniwetuna Wewa,2022-06-27,2022,6,0.2301709365844726,10.250580156660064,2.2454430194853385,S1_SAR,,0
Ethiniwetuna Wewa,2022-07-09,2022,7,0.2101560760498046,10.250580156660064,2.0501871390495,S1_SAR,,0
Ethiniwetuna Wewa,2022-07-21,2022,7,0.2101560745239258,10.250580156660064,2.0501871241637186,S1_SAR,,0
Ethiniwetuna Wewa,2022-08-02,2022,8,0.0900668876647949,10.250580156660064,0.8786516108190829,S1_SAR,,0
Ethiniwetuna Wewa,2022-08-14,2022,8,0.2702006652832031,10.250580156660064,2.63595485478592,S1_SAR,,0
Ethiniwetuna Wewa,2022-08-26,2022,8,0.2902155204772949,10.250580156660064,2.8312106831215256,S1_SAR,,0
Ethiniwetuna Wewa,2022-09-07,2022,9,0.2501858032226562,10.250580156660064,2.4406989594643007,S1_SAR,,0
Ethiniwetuna Wewa,2022-09-19,2022,9,0.3002229621887207,10.250580156660064,2.9288387349828016,S1_SAR,,0
Ethiniwetuna Wewa,2022-10-01,2022,10,0.2802080963134765,10.250580156660064,2.7335828024467297,S1_SAR,,0
Ethiniwetuna Wewa,2022-10-13,2022,10,0.2702006607055664,10.250580156660064,2.635954810128577,S1_SAR,,0
Ethiniwetuna Wewa,2022-10-25,2022,10,0.2201635070800781,10.250580156660064,2.1478150867103096,S1_SAR,,0
Ethiniwetuna Wewa,2022-11-06,2022,11,0.4203121253967285,10.250580156660064,4.100374017597833,S1_SAR,,0
Ethiniwetuna Wewa,2022-11-18,2022,11,0.3102303916931152,10.250580156660064,3.0264666677578305,S1_SAR,,0
Ethiniwetuna Wewa,2022-11-30,2022,11,0.2802080993652344,10.250580156660064,2.733582832218292,S1_SAR,,0
Ethiniwetuna Wewa,2022-12-12,2022,12,0.2702006637573242,10.250580156660064,2.635954839900139,S1_SAR,,0
Ethiniwetuna Wewa,2022-12-24,2022,12,0.1801337776184082,10.250580156660064,1.7573032439668372,S1_SAR,,0
Ethiniwetuna Wewa,2023-01-05,2023,1,0.2001486412048339,10.250580156660064,1.9525591541742373,S1_SAR,,0
Ethiniwetuna Wewa,2023-01-17,2023,1,0.3602675422668457,10.250580156660064,3.5146063614045366,S1_SAR,,0
Ethiniwetuna Wewa,2023-01-29,2023,1,0.2501858024597168,10.250580156660064,2.44069895202141,S1_SAR,,0
Ethiniwetuna Wewa,2023-02-10,2023,2,0.2201635025024414,10.250580156660064,2.147815042052967,S1_SAR,,0
Ethiniwetuna Wewa,2023-02-22,2023,2,0.2802080993652344,10.250580156660064,2.733582832218292,S1_SAR,,0
Ethiniwetuna Wewa,2023-03-06,2023,3,0.100074323272705,10.250580156660064,0.9762796031372354,S1_SAR,,0
Ethiniwetuna Wewa,2023-03-18,2023,3,0.430319563293457,10.250580156660064,4.1980020322446565,S1_SAR,,0
Ethiniwetuna Wewa,2023-03-30,2023,3,0.2702006607055664,10.250580156660064,2.635954810128577,S1_SAR,,0
Ethiniwetuna Wewa,2023-04-11,2023,4,0.4203121307373046,10.250580156660064,4.100374069698066,S1_SAR,,0
Ethiniwetuna Wewa,2023-04-23,2023,4,0.320237816619873,10.250580156660064,3.1240945558755167,S1_SAR,,0
Ethiniwetuna Wewa,2023-05-05,2023,5,0.2902155181884766,10.250580156660064,2.831210660792854,S1_SAR,,0
Ethiniwetuna Wewa,2023-05-17,2023,5,0.3102303848266601,10.250580156660064,3.0264666007718164,S1_SAR,,0
Ethiniwetuna Wewa,2023-05-29,2023,5,0.1601189125061035,10.250580156660064,1.562047318873656,S1_SAR,,0
Ethiniwetuna Wewa,2023-06-10,2023,6,0.1801337768554687,10.250580156660064,1.7573032365239465,S1_SAR,,0
Ethiniwetuna Wewa,2023-06-22,2023,6,0.0800594581604003,10.250580156660064,0.781023678044054,S1_SAR,,0
Ethiniwetuna Wewa,2023-07-04,2023,7,0.1701263442993164,10.250580156660064,1.659675273977356,S1_SAR,,0
Ethiniwetuna Wewa,2023-07-16,2023,7,0.1901412002563476,10.250580156660064,1.854931109755852,S1_SAR,,0
Ethiniwetuna Wewa,2023-07-28,2023,7,0.040029727935791,10.250580156660064,0.3905118278576913,S1_SAR,,0
Ethiniwetuna Wewa,2023-08-09,2023,8,0.1300966125488281,10.250580156660064,1.2691634089052124,S1_SAR,,0
Ethiniwetuna Wewa,2023-09-02,2023,9,0.0,10.250580156660064,0.0,S1_SAR,,0
Ethiniwetuna Wewa,2023-09-14,2023,9,0.0,10.250580156660064,0.0,S1_SAR,,0
Ethiniwetuna Wewa,2023-09-26,2023,9,0.0,10.250580156660064,0.0,S1_SAR,,0
Ethiniwetuna Wewa,2023-10-08,2023,10,0.0,10.250580156660064,0.0,S1_SAR,,0
Ethiniwetuna Wewa,2023-10-20,2023,10,0.0,10.250580156660064,0.0,S1_SAR,,0
Ethiniwetuna Wewa,2023-11-01,2023,11,0.0,10.250580156660064,0.0,S1_SAR,,0
Ethiniwetuna Wewa,2023-11-13,2023,11,4.153084504699707,10.250580156660064,40.515604397292,S1_SAR,,0
Ethiniwetuna Wewa,2023-11-25,2023,11,4.143077079772949,10.250580156660064,40.41797650917432,S1_SAR,,0
Ethiniwetuna Wewa,2023-12-07,2023,12,3.9729506500244143,10.250580156660064,38.75830040159324,S1_SAR,,0
Ethiniwetuna Wewa,2023-12-19,2023,12,3.6427054763793945,10.250580156660064,35.53657862001728,S1_SAR,,0
Ethiniwetuna Wewa,2023-12-31,2023,12,4.022987831115723,10.250580156660064,39.24644039295556,S1_SAR,,0
Ethiniwetuna Wewa,2024-01-12,2024,1,3.692742569732666,10.250580156660064,36.024717755447206,S1_SAR,,0
Ethiniwetuna Wewa,2024-01-24,2024,1,3.502601320648193,10.250580156660064,34.16978616934636,S1_SAR,,0
Ethiniwetuna Wewa,2024-02-05,2024,2,3.612683040618896,10.250580156660064,35.243693385214335,S1_SAR,,0
Ethiniwetuna Wewa,2024-02-17,2024,2,3.282437818145752,10.250580156660064,32.0219711272934,S1_SAR,,0
Ethiniwetuna Wewa,2024-02-29,2024,2,3.662720203399658,10.250580156660064,35.731833197947296,S1_SAR,,0
Ethiniwetuna Wewa,2024-03-12,2024,3,3.4025269493103028,10.250580156660064,33.19350609730703,S1_SAR,,0
Ethiniwetuna Wewa,2024-03-24,2024,3,3.412534366607666,10.250580156660064,33.29113391099581,S1_SAR,,0
Ethiniwetuna Wewa,2024-04-05,2024,4,3.482586385345459,10.250580156660064,33.97452955950726,S1_SAR,,0
Ethiniwetuna Wewa,2024-04-17,2024,4,3.3925194816589355,10.250580156660064,33.09587779238748,S1_SAR,,0
Ethiniwetuna Wewa,2024-04-29,2024,4,3.202378256225586,10.250580156660064,31.24094643701624,S1_SAR,,0
Ethiniwetuna Wewa,2024-05-11,2024,5,3.2524153938293456,10.250580156660064,31.729086004133805,S1_SAR,,0
Ethiniwetuna Wewa,2024-05-23,2024,5,2.922170202636719,10.250580156660064,28.507364051371376,S1_SAR,,0
Ethiniwetuna Wewa,2024-06-04,2024,6,4.022987812805176,10.250580156660064,39.24644021432619,S1_SAR,,0
Ethiniwetuna Wewa,2024-06-16,2024,6,3.842854023742676,10.250580156660064,37.489136858716,S1_SAR,,0
Ethiniwetuna Wewa,2024-07-10,2024,7,3.372504671478272,10.250580156660064,32.9006224031824,S1_SAR,,0
Ethiniwetuna Wewa,2024-07-22,2024,7,3.66272015914917,10.250580156660064,35.73183276625965,S1_SAR,,0
Ethiniwetuna Wewa,2024-08-03,2024,8,2.8921478134155274,10.250580156660064,28.214479270584743,S1_SAR,,0
Ethiniwetuna Wewa,2024-08-15,2024,8,2.6919991897583007,10.250580156660064,26.26192028759699,S1_SAR,,0
Ethiniwetuna Wewa,2024-08-27,2024,8,1.981471473693848,10.250580156660064,19.33033490213171,S1_SAR,,0
Ethiniwetuna Wewa,2024-09-20,2024,9,0.0300222915649414,10.250580156660064,0.2928838280966483,S1_SAR,,0
Ethiniwetuna Wewa,2024-10-02,2024,10,0.0900668739318847,10.250580156660064,0.8786514768470546,S1_SAR,,0
Ethiniwetuna Wewa,2024-10-14,2024,10,0.0,10.250580156660064,0.0,S1_SAR,,0
Ethiniwetuna Wewa,2024-10-26,2024,10,0.0,10.250580156660064,0.0,S1_SAR,,0
Ethiniwetuna Wewa,2024-11-07,2024,11,0.6604904640197754,10.250580156660064,6.443444701914143,S1_SAR,,0
Ethiniwetuna Wewa,2024-11-19,2024,11,0.8206093559265136,10.250580156660064,8.005491819829755,S1_SAR,,0
Ethiniwetuna Wewa,2024-12-13,2024,12,2.6419620666503905,10.250580156660064,25.77378086189434,S1_SAR,,0
Ethiniwetuna Wewa,2024-12-25,2024,12,2.201635036468506,10.250580156660064,21.478150532173025,S1_SAR,,0
Ethiniwetuna Wewa,2025-01-06,2025,1,1.9814715080261232,10.250580156660064,19.33033523706178,S1_SAR,,0
Ethiniwetuna Wewa,2025-01-18,2025,1,1.941441735839844,10.250580156660064,18.93982297751644,S1_SAR,,0
Ethiniwetuna Wewa,2025-01-30,2025,1,1.4710924293518066,10.250580156660064,14.351308968556284,S1_SAR,,0
Ethiniwetuna Wewa,2025-02-11,2025,2,1.6912559303283692,10.250580156660064,16.499123995723473,S1_SAR,,0
Ethiniwetuna Wewa,2025-02-23,2025,2,1.7913302444458008,10.250580156660064,17.47540350954602,S1_SAR,,0
Ethiniwetuna Wewa,2025-03-07,2025,3,1.681248519897461,10.250580156660064,16.401496249020703,S1_SAR,,0
Ethiniwetuna Wewa,2025-03-19,2025,3,1.6512262229919434,10.250580156660064,16.108612368823824,S1_SAR,,0
Ethiniwetuna Wewa,2025-03-31,2025,3,1.761307950592041,10.250580156660064,17.1825196591207,S1_SAR,,0
Ethiniwetuna Wewa,2025-04-12,2025,4,1.4010404235839844,10.250580156660064,13.667913446573971,S1_SAR,,0
Ethiniwetuna Wewa,2025-04-24,2025,4,1.5611593353271485,10.250580156660064,15.22996075800474,S1_SAR,,0
Ethiniwetuna Wewa,2025-05-06,2025,5,1.561159342956543,10.250580156660064,15.229960832433642,S1_SAR,,0
Ethiniwetuna Wewa,2025-05-18,2025,5,1.150854621887207,10.250580156660064,11.227214501995457,S1_SAR,,0
Ethiniwetuna Wewa,2025-05-30,2025,5,0.8106019485473632,10.250580156660064,7.907864102898551,S1_SAR,,0
Ethiniwetuna Wewa,2025-06-11,2025,6,0.6404756164550781,10.250580156660064,6.248188948007442,S1_SAR,,0
Ethiniwetuna Wewa,2025-06-23,2025,6,0.8706465293884277,10.250580156660064,8.493631736763176,S1_SAR,,0
Ethiniwetuna Wewa,2025-07-05,2025,7,0.8806539749145508,10.250580156660064,8.591259825838906,S1_SAR,,0
Ethiniwetuna Wewa,2025-07-17,2025,7,1.230914058685303,10.250580156660064,12.008237971638575,S1_SAR,,0
Ethiniwetuna Wewa,2025-07-29,2025,7,1.2509289329528808,10.250580156660064,12.20349398604644,S1_SAR,,0
Ethiniwetuna Wewa,2025-08-10,2025,8,0.8306168029785156,10.250580156660064,8.103119923791265,S1_SAR,,0
Ethiniwetuna Wewa,2025-08-22,2025,8,0.720535043334961,10.250580156660064,7.029212320892989,S1_SAR,,0
Ethiniwetuna Wewa,2025-09-03,2025,9,0.0300222969055175,10.250580156660064,0.2928838801968816,S1_SAR,,0
Ethiniwetuna Wewa,2025-09-15,2025,9,0.0,10.250580156660064,0.0,S1_SAR,,0
Ethiniwetuna Wewa,2025-09-27,2025,9,0.1200891693115234,10.250580156660064,1.1715353421581551,S1_SAR,,0
Ethiniwetuna Wewa,2025-10-09,2025,10,0.0,10.250580156660064,0.0,S1_SAR,,0
Ethiniwetuna Wewa,2025-10-21,2025,10,4.113054765319824,10.250580156660064,40.12509245779096,S1_SAR,,0
Ethiniwetuna Wewa,2025-11-02,2025,11,4.313203442382813,10.250580156660064,42.07765196178105,S1_SAR,,0
Ethiniwetuna Wewa,2025-11-14,2025,11,4.113054775238037,10.250580156660064,40.125092554548544,S1_SAR,,0
Ethiniwetuna Wewa,2025-11-26,2025,11,4.463314894104004,10.250580156660064,43.54207104272117,S1_SAR,,0
Ethiniwetuna Wewa,2025-12-02,2025,12,4.613426433563232,10.250580156660064,45.006490979593686,S1_SAR,,0
Ethiniwetuna Wewa,2025-12-08,2025,12,4.233143926239014,10.250580156660064,41.296627718077325,S1_SAR,,0
Ethiniwetuna Wewa,2025-12-20,2025,12,4.153084449005127,10.250580156660064,40.51560385396101,S1_SAR,,0
Galkulama Wewa,2021-01-03,2021,1,5.363885665130615,30.23834439055739,17.738688321856703,S1_SAR,,0
Galkulama Wewa,2021-01-15,2021,1,5.704132125854493,30.23834439055739,18.86390356621422,S1_SAR,,0
Galkulama Wewa,2021-01-27,2021,1,5.353878154754638,30.23834439055739,17.705592890947123,S1_SAR,,0
Galkulama Wewa,2021-02-08,2021,2,5.0436532569885255,30.23834439055739,16.679660737522127,S1_SAR,,0
Galkulama Wewa,2021-02-20,2021,2,4.753443025970459,30.23834439055739,15.719918275204344,S1_SAR,,0
Galkulama Wewa,2021-03-04,2021,3,4.263087628936767,30.23834439055739,14.09828386724775,S1_SAR,,0
Galkulama Wewa,2021-03-16,2021,3,4.163015104675293,30.23834439055739,13.767338088705973,S1_SAR,,0
Galkulama Wewa,2021-03-28,2021,3,4.483247087860107,30.23834439055739,14.82636426768161,S1_SAR,,0
Galkulama Wewa,2021-04-09,2021,4,4.323131132507324,30.23834439055739,14.296851298040378,S1_SAR,,0
Galkulama Wewa,2021-04-21,2021,4,4.243073136901855,30.23834439055739,14.032094753927238,S1_SAR,,0
Galkulama Wewa,2021-05-03,2021,5,3.94285560836792,30.23834439055739,13.039257564640891,S1_SAR,,0
Galkulama Wewa,2021-05-15,2021,5,3.6626527053833007,30.23834439055739,12.112609930215118,S1_SAR,,0
Galkulama Wewa,2021-05-27,2021,5,3.982884627532959,30.23834439055739,13.171635907343871,S1_SAR,,0
Galkulama Wewa,2021-06-08,2021,6,3.552572947692871,30.23834439055739,11.748569636644005,S1_SAR,,0
Galkulama Wewa,2021-06-14,2021,6,3.602609191131592,30.23834439055739,11.914042464099284,S1_SAR,,0
Galkulama Wewa,2021-06-20,2021,6,3.5325584281921385,30.23834439055739,11.682380432492396,S1_SAR,,0
Galkulama Wewa,2021-07-02,2021,7,3.392456986999512,30.23834439055739,11.219056649341171,S1_SAR,,0
Galkulama Wewa,2021-07-14,2021,7,2.762000367736817,30.23834439055739,9.134099182359051,S1_SAR,,0
Galkulama Wewa,2021-07-26,2021,7,2.121536491394043,30.23834439055739,7.016047122131928,S1_SAR,,0
Galkulama Wewa,2021-08-07,2021,8,1.6111668190002442,30.23834439055739,5.328224317411266,S1_SAR,,0
Galkulama Wewa,2021-08-19,2021,8,0.0,30.23834439055739,0.0,S1_SAR,,0
Galkulama Wewa,2021-08-31,2021,8,0.0,30.23834439055739,0.0,S1_SAR,,0
Galkulama Wewa,2021-09-12,2021,9,0.0,30.23834439055739,0.0,S1_SAR,,0
Galkulama Wewa,2021-09-24,2021,9,0.0,30.23834439055739,0.0,S1_SAR,,0
Galkulama Wewa,2021-10-06,2021,10,0.0600434745788574,30.23834439055739,0.1985673349153578,S1_SAR,,0
Galkulama Wewa,2021-10-18,2021,10,0.0200144912719726,30.23834439055739,0.0661891107974239,S1_SAR,,0
Galkulama Wewa,2021-10-30,2021,10,1.1007973190307616,30.23834439055739,3.640402082908053,S1_SAR,,0
Galkulama Wewa,2021-11-17,2021,11,13.23959009475708,30.23834439055739,43.7841104121145,S1_SAR,,0
Galkulama Wewa,2021-11-23,2021,11,13.409713668823242,30.23834439055739,44.34671917094353,S1_SAR,,0
Galkulama Wewa,2021-12-05,2021,12,10.867872718048096,30.23834439055739,35.94070025024861,S1_SAR,,0
Galkulama Wewa,2021-12-17,2021,12,9.777082724761962,30.23834439055739,32.3333929876633,S1_SAR,,0
Galkulama Wewa,2021-12-29,2021,12,9.556923358917237,30.23834439055739,31.605312895045945,S1_SAR,,0
Galkulama Wewa,2022-01-10,2022,1,8.476140458679199,30.23834439055739,28.03109968324213,S1_SAR,,0
Galkulama Wewa,2022-01-22,2022,1,8.746336225891113,30.23834439055739,28.92465312559359,S1_SAR,,0
Galkulama Wewa,2022-02-03,2022,2,9.366785632324218,30.23834439055739,30.9765161456697,S1_SAR,,0
Galkulama Wewa,2022-02-15,2022,2,9.496879959869386,30.23834439055739,31.40674580991611,S1_SAR,,0
Galkulama Wewa,2022-02-27,2022,2,9.126611672973633,30.23834439055739,30.182246604161385,S1_SAR,,0
Galkulama Wewa,2022-03-11,2022,3,9.386800079345702,30.23834439055739,31.04270511012813,S1_SAR,,0
Galkulama Wewa,2022-03-23,2022,3,9.066568064880371,30.23834439055739,29.98367882770597,S1_SAR,,0
Galkulama Wewa,2022-04-04,2022,4,9.056560706329346,30.23834439055739,29.95058389889052,S1_SAR,,0
Galkulama Wewa,2022-04-16,2022,4,9.266713008880616,30.23834439055739,30.64557003912673,S1_SAR,,0
Galkulama Wewa,2022-04-28,2022,4,9.14662613220215,30.23834439055739,30.2484356089892,S1_SAR,,0
Galkulama Wewa,2022-05-10,2022,5,8.125886786651611,30.23834439055739,26.872789997024785,S1_SAR,,0
Galkulama Wewa,2022-05-22,2022,5,7.155183351135254,30.23834439055739,23.662616109927047,S1_SAR,,0
Galkulama Wewa,2022-06-03,2022,6,8.516169440460205,30.23834439055739,28.1634779023139,S1_SAR,,0
Galkulama Wewa,2022-06-15,2022,6,7.375342890167237,30.23834439055739,24.390696775284944,S1_SAR,,0
Galkulama Wewa,2022-06-27,2022,6,6.975052909088134,30.23834439055739,23.066914044626905,S1_SAR,,0
Galkulama Wewa,2022-07-09,2022,7,6.324581736755371,30.23834439055739,20.915767262477388,S1_SAR,,0
Galkulama Wewa,2022-07-21,2022,7,5.714139569854736,30.23834439055739,18.896998777615305,S1_SAR,,0
Galkulama Wewa,2022-08-02,2022,8,5.3438712890625,30.23834439055739,17.672499592045277,S1_SAR,,0
Galkulama Wewa,2022-08-14,2022,8,5.954313489532471,30.23834439055739,19.691268187923143,S1_SAR,,0
Galkulama Wewa,2022-08-26,2022,8,4.683392777252197,30.23834439055739,15.488257944157462,S1_SAR,,0
Galkulama Wewa,2022-09-07,2022,9,3.69267502746582,30.23834439055739,12.211895531618264,S1_SAR,,0
Galkulama Wewa,2022-09-19,2022,9,2.621899234008789,30.23834439055739,8.67077641601151,S1_SAR,,0
Galkulama Wewa,2022-10-01,2022,10,1.541116284942627,30.23834439055739,5.096563042730195,S1_SAR,,0
Galkulama Wewa,2022-10-13,2022,10,2.19158738861084,30.23834439055739,7.247709597801964,S1_SAR,,0
Galkulama Wewa,2022-10-25,2022,10,3.282377640533447,30.23834439055739,10.855017715713444,S1_SAR,,0
Galkulama Wewa,2022-11-06,2022,11,2.8620732948303225,30.23834439055739,9.465046293090271,S1_SAR,,0
Galkulama Wewa,2022-11-18,2022,11,3.402464790344238,30.23834439055739,11.252153049115794,S1_SAR,,0
Galkulama Wewa,2022-11-30,2022,11,2.3617108001708984,30.23834439055739,7.810317819213661,S1_SAR,,0
Galkulama Wewa,2022-12-12,2022,12,3.032196493530273,30.23834439055739,10.027653810560956,S1_SAR,,0
Galkulama Wewa,2022-12-24,2022,12,7.525451201629639,30.23834439055739,24.887113872476537,S1_SAR,,0
Galkulama Wewa,2023-01-05,2023,1,7.565480292510986,30.23834439055739,25.019492452349603,S1_SAR,,0
Galkulama Wewa,2023-01-17,2023,1,7.205219414520264,30.23834439055739,23.828088341934013,S1_SAR,,0
Galkulama Wewa,2023-01-29,2023,1,7.865697882843017,30.23834439055739,26.01232984600592,S1_SAR,,0
Galkulama Wewa,2023-02-10,2023,2,8.896444441986084,30.23834439055739,29.421069907399428,S1_SAR,,0
Galkulama Wewa,2023-02-22,2023,2,9.046553205871582,30.23834439055739,29.91748850078105,S1_SAR,,0
Galkulama Wewa,2023-03-06,2023,3,7.920207911376953,30.23834439055739,26.19259774635749,S1_SAR,,0
Galkulama Wewa,2023-03-18,2023,3,6.92501642074585,30.23834439055739,22.901440407261,S1_SAR,,0
Galkulama Wewa,2023-03-30,2023,3,6.574762844085694,30.23834439055739,21.743131036429403,S1_SAR,,0
Galkulama Wewa,2023-04-11,2023,4,5.263813075256348,30.23834439055739,17.407742326329522,S1_SAR,,0
Galkulama Wewa,2023-04-23,2023,4,3.642638815307617,30.23834439055739,12.046422807609511,S1_SAR,,0
Galkulama Wewa,2023-05-05,2023,5,3.462508324432373,30.23834439055739,11.450720580831868,S1_SAR,,0
Galkulama Wewa,2023-05-17,2023,5,2.7119646224975584,30.23834439055739,8.968628002478967,S1_SAR,,0
Galkulama Wewa,2023-05-29,2023,5,2.7119645835876467,30.23834439055739,8.96862787380158,S1_SAR,,0
Galkulama Wewa,2023-06-10,2023,6,2.3717181632995605,30.23834439055739,7.843412763167628,S1_SAR,,0
Galkulama Wewa,2023-06-22,2023,6,2.421754475402832,30.23834439055739,8.008885817700655,S1_SAR,,0
Galkulama Wewa,2023-07-04,2023,7,1.8413339241027835,30.23834439055739,6.089400597864021,S1_SAR,,0
Galkulama Wewa,2023-07-16,2023,7,1.8313266609191887,30.23834439055739,6.056305984434329,S1_SAR,,0
Galkulama Wewa,2023-07-28,2023,7,1.7912976493835449,30.23834439055739,5.92392766696221,S1_SAR,,0
Galkulama Wewa,2023-08-09,2023,8,1.3109496528625488,30.23834439055739,4.335388326590799,S1_SAR,,0
Galkulama Wewa,2023-09-02,2023,9,1.0847466153971357,30.23834439055739,3.58732145314104,S1_SAR,,0
Galkulama Wewa,2023-09-14,2023,9,0.8406088539123535,30.23834439055739,2.779943382663677,S1_SAR,,0
Galkulama Wewa,2023-09-26,2023,9,0.9306741188049316,30.23834439055739,3.077794560391196,S1_SAR,,0
Galkulama Wewa,2023-10-08,2023,10,1.180855502319336,30.23834439055739,3.9051592477003614,S1_SAR,,0
Galkulama Wewa,2023-10-20,2023,10,7.645538321685791,30.23834439055739,25.28424910747853,S1_SAR,,0
Galkulama Wewa,2023-11-01,2023,11,8.28600210494995,30.23834439055739,27.402300859889152,S1_SAR,,0
Galkulama Wewa,2023-11-13,2023,11,12.469031855773926,30.23834439055739,41.23582857157902,S1_SAR,,0
Galkulama Wewa,2023-11-25,2023,11,9.787089213562012,30.23834439055739,32.36648504016064,S1_SAR,,0
Galkulama Wewa,2023-12-07,2023,12,8.356052584075927,30.23834439055739,27.633961952908027,S1_SAR,,0
Galkulama Wewa,2023-12-19,2023,12,8.896444046020507,30.23834439055739,29.42106859791776,S1_SAR,,0
Galkulama Wewa,2023-12-31,2023,12,7.735603325653076,30.23834439055739,25.582099422310616,S1_SAR,,0
Galkulama Wewa,2024-01-12,2024,1,8.416096091461181,30.23834439055739,27.832529396316087,S1_SAR,,0
Galkulama Wewa,2024-01-24,2024,1,6.955037722778321,30.23834439055739,23.00072263529808,S1_SAR,,0
Galkulama Wewa,2024-02-05,2024,2,7.225233393859863,30.23834439055739,23.89427575974069,S1_SAR,,0
Galkulama Wewa,2024-02-17,2024,2,5.413921408843994,30.23834439055739,17.904159496690614,S1_SAR,,0
Galkulama Wewa,2024-02-29,2024,2,6.784914358520508,30.23834439055739,22.43811457031772,S1_SAR,,0
Galkulama Wewa,2024-03-12,2024,3,4.45322559967041,30.23834439055739,14.727081424011528,S1_SAR,,0
Galkulama Wewa,2024-03-24,2024,3,4.263087589263916,30.23834439055739,14.098283736047277,S1_SAR,,0
Galkulama Wewa,2024-04-05,2024,4,1.711239401245117,30.23834439055739,5.659170287707585,S1_SAR,,0
Galkulama Wewa,2024-04-17,2024,4,2.0314714363098143,30.23834439055739,6.718196638253077,S1_SAR,,0
Galkulama Wewa,2024-04-29,2024,4,1.300942273712158,30.23834439055739,4.302293329652026,S1_SAR,,0
Galkulama Wewa,2024-05-11,2024,5,0.5103697235107422,30.23834439055739,1.6878229737674284,S1_SAR,,0
Galkulama Wewa,2024-05-23,2024,5,3.912834611511231,30.23834439055739,12.93997634583824,S1_SAR,,0
Galkulama Wewa,2024-06-04,2024,6,3.332414012145996,30.23834439055739,11.020490967047184,S1_SAR,,0
Galkulama Wewa,2024-06-16,2024,6,2.2216092964172365,30.23834439055739,7.34699382916938,S1_SAR,,0
Galkulama Wewa,2024-07-10,2024,7,1.3709930183410644,30.23834439055739,4.53395530070485,S1_SAR,,0
Galkulama Wewa,2024-07-22,2024,7,1.5211018264770508,30.23834439055739,5.030374040425472,S1_SAR,,0
Galkulama Wewa,2024-08-03,2024,8,1.2809278221130371,30.23834439055739,4.2361043500550775,S1_SAR,,0
Galkulama Wewa,2024-08-15,2024,8,1.7312540603637696,30.23834439055739,5.725359953583944,S1_SAR,,0
Galkulama Wewa,2024-08-27,2024,8,1.6712105209350585,30.23834439055739,5.52679240420627,S1_SAR,,0
Galkulama Wewa,2024-09-20,2024,9,1.090790104675293,30.23834439055739,3.6073076309558703,S1_SAR,,0
Galkulama Wewa,2024-10-02,2024,10,1.1108046379089356,30.23834439055739,3.673496880523027,S1_SAR,,0
Galkulama Wewa,2024-10-14,2024,10,0.990717601776123,30.23834439055739,3.2763619230605,S1_SAR,,0
Galkulama Wewa,2024-10-26,2024,10,1.030746601867676,30.23834439055739,3.408740202686328,S1_SAR,,0
Galkulama Wewa,2024-11-07,2024,11,3.782740328979492,30.23834439055739,12.509746830453912,S1_SAR,,0
Galkulama Wewa,2024-11-19,2024,11,3.86279815826416,30.23834439055739,12.774502824534292,S1_SAR,,0
Galkulama Wewa,2024-12-13,2024,12,6.504711666870117,30.23834439055739,21.51146763478678,S1_SAR,,0
Galkulama Wewa,2024-12-25,2024,12,3.852790347290039,30.23834439055739,12.741406399528806,S1_SAR,,0
Galkulama Wewa,2025-01-06,2025,1,4.673384722900391,30.23834439055739,15.455160714287524,S1_SAR,,0
Galkulama Wewa,2025-01-18,2025,1,5.503986292266846,30.23834439055739,18.202009412875096,S1_SAR,,0
Galkulama Wewa,2025-01-30,2025,1,5.033645634460449,30.23834439055739,16.6465649357189,S1_SAR,,0
Galkulama Wewa,2025-02-11,2025,2,4.253080187988282,30.23834439055739,14.065188665939008,S1_SAR,,0
Galkulama Wewa,2025-02-23,2025,2,3.432485887145996,30.23834439055739,11.351434598442724,S1_SAR,,0
Galkulama Wewa,2025-03-07,2025,3,3.7527180625915526,30.23834439055739,12.41046141323605,S1_SAR,,0
Galkulama Wewa,2025-03-19,2025,3,4.022913677978516,30.23834439055739,13.304014353493384,S1_SAR,,0
Galkulama Wewa,2025-03-31,2025,3,3.302391781616211,30.23834439055739,10.921205668414364,S1_SAR,,0
Galkulama Wewa,2025-04-12,2025,4,2.161565509033203,30.23834439055739,7.148425459788735,S1_SAR,,0
Galkulama Wewa,2025-04-24,2025,4,2.852065636444092,30.23834439055739,9.431950372701998,S1_SAR,,0
Galkulama Wewa,2025-05-06,2025,5,3.1322685791015625,30.23834439055739,10.358598138328247,S1_SAR,,0
Galkulama Wewa,2025-05-18,2025,5,1.941405843353272,30.23834439055739,6.420344375598551,S1_SAR,,0
Galkulama Wewa,2025-05-30,2025,5,2.6619277641296386,30.23834439055739,8.80315314141632,S1_SAR,,0
Galkulama Wewa,2025-06-11,2025,6,2.491804487609864,30.23834439055739,8.240545366590856,S1_SAR,,0
Galkulama Wewa,2025-06-23,2025,6,3.0221885398864745,30.23834439055739,9.994556913738377,S1_SAR,,0
Galkulama Wewa,2025-07-05,2025,7,2.9721522819519044,30.23834439055739,9.829084038344462,S1_SAR,,0
Galkulama Wewa,2025-07-17,2025,7,3.1622900901794435,30.23834439055739,10.457881057690912,S1_SAR,,0
Galkulama Wewa,2025-07-29,2025,7,3.052210285186768,30.23834439055739,10.09384060768846,S1_SAR,,0
Galkulama Wewa,2025-08-10,2025,8,2.782014677429199,30.23834439055739,9.200287692661991,S1_SAR,,0
Galkulama Wewa,2025-08-22,2025,8,2.902101719665527,30.23834439055739,9.597422670309207,S1_SAR,,0
Galkulama Wewa,2025-09-03,2025,9,3.1923120529174804,30.23834439055739,10.557165470720522,S1_SAR,,0
Galkulama Wewa,2025-09-15,2025,9,3.4525005027771,30.23834439055739,11.417624120503175,S1_SAR,,0
Galkulama Wewa,2025-09-27,2025,9,3.152283071899414,30.23834439055739,10.424787254171845,S1_SAR,,0
Galkulama Wewa,2025-10-09,2025,10,2.221609066772461,30.23834439055739,7.346993069720472,S1_SAR,,0
Galkulama Wewa,2025-10-21,2025,10,2.832051109313965,30.23834439055739,9.36576114331953,S1_SAR,,0
Galkulama Wewa,2025-11-02,2025,11,3.962870195007324,30.23834439055739,13.105446990824078,S1_SAR,,0
Galkulama Wewa,2025-11-14,2025,11,3.672659764099121,30.23834439055739,12.145703867457746,S1_SAR,,0
Galkulama Wewa,2025-11-26,2025,11,4.353152877807617,30.23834439055739,14.39613499199046,S1_SAR,,0
Galkulama Wewa,2025-12-02,2025,12,10.017255259704587,30.23834439055739,33.127657818569936,S1_SAR,,0
Galkulama Wewa,2025-12-08,2025,12,8.99651641921997,30.23834439055739,29.7520138768885,S1_SAR,,0
Galkulama Wewa,2025-12-20,2025,12,8.94648011779785,30.23834439055739,29.58654085767868,S1_SAR,,0
Galwaduwawa Wewa,2021-01-03,2021,1,0.0,4.877411047565142,0.0,S1_SAR,,0
Galwaduwawa Wewa,2021-01-15,2021,1,0.0,4.877411047565142,0.0,S1_SAR,,0
Galwaduwawa Wewa,2021-01-27,2021,1,0.0,4.877411047565142,0.0,S1_SAR,,0
Galwaduwawa Wewa,2021-02-08,2021,2,0.0,4.877411047565142,0.0,S1_SAR,,0
Galwaduwawa Wewa,2021-02-20,2021,2,0.0,4.877411047565142,0.0,S1_SAR,,0
Galwaduwawa Wewa,2021-03-04,2021,3,0.0,4.877411047565142,0.0,S1_SAR,,0
Galwaduwawa Wewa,2021-03-16,2021,3,0.0,4.877411047565142,0.0,S1_SAR,,0
Galwaduwawa Wewa,2021-03-28,2021,3,0.0,4.877411047565142,0.0,S1_SAR,,0
Galwaduwawa Wewa,2021-04-09,2021,4,0.0,4.877411047565142,0.0,S1_SAR,,0
Galwaduwawa Wewa,2021-04-21,2021,4,0.0,4.877411047565142,0.0,S1_SAR,,0
Galwaduwawa Wewa,2021-05-03,2021,5,0.0,4.877411047565142,0.0,S1_SAR,,0
Galwaduwawa Wewa,2021-05-15,2021,5,0.0,4.877411047565142,0.0,S1_SAR,,0
Galwaduwawa Wewa,2021-05-27,2021,5,0.0,4.877411047565142,0.0,S1_SAR,,0
Galwaduwawa Wewa,2021-06-08,2021,6,0.0,4.877411047565142,0.0,S1_SAR,,0
Galwaduwawa Wewa,2021-06-14,2021,6,0.0,4.877411047565142,0.0,S1_SAR,,0
Galwaduwawa Wewa,2021-06-20,2021,6,0.0,4.877411047565142,0.0,S1_SAR,,0
Galwaduwawa Wewa,2021-07-02,2021,7,0.0,4.877411047565142,0.0,S1_SAR,,0
Galwaduwawa Wewa,2021-07-14,2021,7,0.0,4.877411047565142,0.0,S1_SAR,,0
Galwaduwawa Wewa,2021-07-26,2021,7,0.0,4.877411047565142,0.0,S1_SAR,,0
Galwaduwawa Wewa,2021-08-07,2021,8,0.0,4.877411047565142,0.0,S1_SAR,,0
Galwaduwawa Wewa,2021-08-19,2021,8,0.0,4.877411047565142,0.0,S1_SAR,,0
Galwaduwawa Wewa,2021-08-31,2021,8,0.0,4.877411047565142,0.0,S1_SAR,,0
Galwaduwawa Wewa,2021-09-12,2021,9,0.0,4.877411047565142,0.0,S1_SAR,,0
Galwaduwawa Wewa,2021-09-24,2021,9,0.0,4.877411047565142,0.0,S1_SAR,,0
Galwaduwawa Wewa,2021-10-06,2021,10,0.0,4.877411047565142,0.0,S1_SAR,,0
Galwaduwawa Wewa,2021-10-18,2021,10,0.0,4.877411047565142,0.0,S1_SAR,,0
Galwaduwawa Wewa,2021-10-30,2021,10,0.0,4.877411047565142,0.0,S1_SAR,,0
Galwaduwawa Wewa,2021-11-17,2021,11,0.0,4.877411047565142,0.0,S1_SAR,,0
Galwaduwawa Wewa,2021-11-23,2021,11,0.0,4.877411047565142,0.0,S1_SAR,,0
Galwaduwawa Wewa,2021-12-05,2021,12,0.0,4.877411047565142,0.0,S1_SAR,,0
Galwaduwawa Wewa,2021-12-17,2021,12,0.0,4.877411047565142,0.0,S1_SAR,,0
Galwaduwawa Wewa,2021-12-29,2021,12,0.0,4.877411047565142,0.0,S1_SAR,,0
Galwaduwawa Wewa,2022-01-10,2022,1,0.0,4.877411047565142,0.0,S1_SAR,,0
Galwaduwawa Wewa,2022-01-22,2022,1,0.0,4.877411047565142,0.0,S1_SAR,,0
Galwaduwawa Wewa,2022-02-03,2022,2,0.0,4.877411047565142,0.0,S1_SAR,,0
Galwaduwawa Wewa,2022-02-15,2022,2,0.0,4.877411047565142,0.0,S1_SAR,,0
Galwaduwawa Wewa,2022-02-27,2022,2,0.0,4.877411047565142,0.0,S1_SAR,,0
Galwaduwawa Wewa,2022-03-11,2022,3,0.0,4.877411047565142,0.0,S1_SAR,,0
Galwaduwawa Wewa,2022-03-23,2022,3,0.0,4.877411047565142,0.0,S1_SAR,,0
Galwaduwawa Wewa,2022-04-04,2022,4,0.0,4.877411047565142,0.0,S1_SAR,,0
Galwaduwawa Wewa,2022-04-16,2022,4,0.4903566947937012,4.877411047565142,10.053626606650116,S1_SAR,,0
Galwaduwawa Wewa,2022-04-28,2022,4,0.0300218383789062,4.877411047565142,0.6155281579946698,S1_SAR,,0
Galwaduwawa Wewa,2022-05-10,2022,5,0.0,4.877411047565142,0.0,S1_SAR,,0
Galwaduwawa Wewa,2022-05-22,2022,5,0.0,4.877411047565142,0.0,S1_SAR,,0
Galwaduwawa Wewa,2022-06-03,2022,6,0.0,4.877411047565142,0.0,S1_SAR,,0
Galwaduwawa Wewa,2022-06-15,2022,6,0.0,4.877411047565142,0.0,S1_SAR,,0
Galwaduwawa Wewa,2022-06-27,2022,6,0.0,4.877411047565142,0.0,S1_SAR,,0
Galwaduwawa Wewa,2022-07-09,2022,7,0.0,4.877411047565142,0.0,S1_SAR,,0
Galwaduwawa Wewa,2022-07-21,2022,7,0.0,4.877411047565142,0.0,S1_SAR,,0
Galwaduwawa Wewa,2022-08-02,2022,8,0.0,4.877411047565142,0.0,S1_SAR,,0
Galwaduwawa Wewa,2022-08-14,2022,8,0.0,4.877411047565142,0.0,S1_SAR,,0
Galwaduwawa Wewa,2022-08-26,2022,8,0.0,4.877411047565142,0.0,S1_SAR,,0
Galwaduwawa Wewa,2022-09-07,2022,9,0.0,4.877411047565142,0.0,S1_SAR,,0
Galwaduwawa Wewa,2022-09-19,2022,9,0.0,4.877411047565142,0.0,S1_SAR,,0
Galwaduwawa Wewa,2022-10-01,2022,10,0.0,4.877411047565142,0.0,S1_SAR,,0
Galwaduwawa Wewa,2022-10-13,2022,10,0.0,4.877411047565142,0.0,S1_SAR,,0
Galwaduwawa Wewa,2022-10-25,2022,10,0.0,4.877411047565142,0.0,S1_SAR,,0
Galwaduwawa Wewa,2022-11-06,2022,11,0.0,4.877411047565142,0.0,S1_SAR,,0
Galwaduwawa Wewa,2022-11-18,2022,11,0.0,4.877411047565142,0.0,S1_SAR,,0
Galwaduwawa Wewa,2022-11-30,2022,11,0.0,4.877411047565142,0.0,S1_SAR,,0
Galwaduwawa Wewa,2022-12-12,2022,12,0.0,4.877411047565142,0.0,S1_SAR,,0
Galwaduwawa Wewa,2022-12-24,2022,12,0.0,4.877411047565142,0.0,S1_SAR,,0
Galwaduwawa Wewa,2023-01-05,2023,1,0.0,4.877411047565142,0.0,S1_SAR,,0
Galwaduwawa Wewa,2023-01-17,2023,1,0.0,4.877411047565142,0.0,S1_SAR,,0
Galwaduwawa Wewa,2023-01-29,2023,1,0.0,4.877411047565142,0.0,S1_SAR,,0
Galwaduwawa Wewa,2023-02-10,2023,2,0.0,4.877411047565142,0.0,S1_SAR,,0
Galwaduwawa Wewa,2023-02-22,2023,2,0.0,4.877411047565142,0.0,S1_SAR,,0
Galwaduwawa Wewa,2023-03-06,2023,3,0.0,4.877411047565142,0.0,S1_SAR,,0
Galwaduwawa Wewa,2023-03-18,2023,3,0.0,4.877411047565142,0.0,S1_SAR,,0
Galwaduwawa Wewa,2023-03-30,2023,3,0.0,4.877411047565142,0.0,S1_SAR,,0
Galwaduwawa Wewa,2023-04-11,2023,4,0.0,4.877411047565142,0.0,S1_SAR,,0
Galwaduwawa Wewa,2023-04-23,2023,4,0.0,4.877411047565142,0.0,S1_SAR,,0
Galwaduwawa Wewa,2023-05-05,2023,5,0.0,4.877411047565142,0.0,S1_SAR,,0
Galwaduwawa Wewa,2023-05-17,2023,5,0.0,4.877411047565142,0.0,S1_SAR,,0
Galwaduwawa Wewa,2023-05-29,2023,5,0.0,4.877411047565142,0.0,S1_SAR,,0
Galwaduwawa Wewa,2023-06-10,2023,6,0.0,4.877411047565142,0.0,S1_SAR,,0
Galwaduwawa Wewa,2023-06-22,2023,6,0.0,4.877411047565142,0.0,S1_SAR,,0
Galwaduwawa Wewa,2023-07-04,2023,7,0.0,4.877411047565142,0.0,S1_SAR,,0
Galwaduwawa Wewa,2023-07-16,2023,7,0.0,4.877411047565142,0.0,S1_SAR,,0
Galwaduwawa Wewa,2023-07-28,2023,7,0.0,4.877411047565142,0.0,S1_SAR,,0
Galwaduwawa Wewa,2023-08-09,2023,8,0.0,4.877411047565142,0.0,S1_SAR,,0
Galwaduwawa Wewa,2023-09-02,2023,9,0.0,4.877411047565142,0.0,S1_SAR,,0
Galwaduwawa Wewa,2023-09-14,2023,9,0.0,4.877411047565142,0.0,S1_SAR,,0
Galwaduwawa Wewa,2023-09-26,2023,9,0.0,4.877411047565142,0.0,S1_SAR,,0
Galwaduwawa Wewa,2023-10-08,2023,10,0.0,4.877411047565142,0.0,S1_SAR,,0
Galwaduwawa Wewa,2023-10-20,2023,10,0.2001455863952636,4.877411047565142,4.103520995942684,S1_SAR,,0
Galwaduwawa Wewa,2023-11-01,2023,11,1.0807861770629883,4.877411047565142,22.15901359395429,S1_SAR,,0
Galwaduwawa Wewa,2023-11-13,2023,11,1.0707789138793946,4.877411047565142,21.953837874991883,S1_SAR,,0
Galwaduwawa Wewa,2023-11-25,2023,11,0.7805677886962891,4.877411047565142,16.00373192015377,S1_SAR,,0
Galwaduwawa Wewa,2023-12-07,2023,12,0.930677000427246,4.877411047565142,19.081373116827017,S1_SAR,,0
Galwaduwawa Wewa,2023-12-19,2023,12,0.5904294807434082,4.877411047565142,12.105386956019569,S1_SAR,,0
Galwaduwawa Wewa,2023-12-31,2023,12,0.5704149353027343,4.877411047565142,11.695035127037157,S1_SAR,,0
Galwaduwawa Wewa,2024-01-12,2024,1,0.8005823295593262,4.877411047565142,16.41408365528236,S1_SAR,,0
Galwaduwawa Wewa,2024-01-24,2024,1,0.5303857841491699,4.877411047565142,10.874330233330332,S1_SAR,,0
Galwaduwawa Wewa,2024-02-05,2024,2,0.4403202751159668,4.877411047565142,9.027745884484752,S1_SAR,,0
Galwaduwawa Wewa,2024-02-17,2024,2,0.2301674156188964,4.877411047565142,4.719048966229709,S1_SAR,,0
Galwaduwawa Wewa,2024-02-29,2024,2,0.3502547691345214,4.877411047565142,7.181161598208388,S1_SAR,,0
Galwaduwawa Wewa,2024-03-12,2024,3,0.1200873474121093,4.877411047565142,2.4621125068402487,S1_SAR,,0
Galwaduwawa Wewa,2024-03-24,2024,3,0.2802038108825683,4.877411047565142,5.744929187841349,S1_SAR,,0
Galwaduwawa Wewa,2024-04-05,2024,4,0.2001455841064453,4.877411047565142,4.103520949015774,S1_SAR,,0
Galwaduwawa Wewa,2024-04-17,2024,4,0.0,4.877411047565142,0.0,S1_SAR,,0
Galwaduwawa Wewa,2024-04-29,2024,4,0.0,4.877411047565142,0.0,S1_SAR,,0
Galwaduwawa Wewa,2024-05-11,2024,5,0.0,4.877411047565142,0.0,S1_SAR,,0
Galwaduwawa Wewa,2024-05-23,2024,5,0.2301674072265625,4.877411047565142,4.719048794164368,S1_SAR,,0
Galwaduwawa Wewa,2024-06-04,2024,6,0.3902838836669922,4.877411047565142,8.001865741084632,S1_SAR,,0
Galwaduwawa Wewa,2024-06-16,2024,6,0.0600436752319335,4.877411047565142,1.231056284704732,S1_SAR,,0
Galwaduwawa Wewa,2024-07-10,2024,7,0.040029116821289,4.877411047565142,0.8207041898031546,S1_SAR,,0
Galwaduwawa Wewa,2024-07-22,2024,7,0.0,4.877411047565142,0.0,S1_SAR,,0
Galwaduwawa Wewa,2024-08-03,2024,8,0.0,4.877411047565142,0.0,S1_SAR,,0
Galwaduwawa Wewa,2024-08-15,2024,8,0.0,4.877411047565142,0.0,S1_SAR,,0
Galwaduwawa Wewa,2024-08-27,2024,8,0.0,4.877411047565142,0.0,S1_SAR,,0
Galwaduwawa Wewa,2024-09-20,2024,9,0.0,4.877411047565142,0.0,S1_SAR,,0
Galwaduwawa Wewa,2024-10-02,2024,10,0.0,4.877411047565142,0.0,S1_SAR,,0
Galwaduwawa Wewa,2024-10-14,2024,10,0.0,4.877411047565142,0.0,S1_SAR,,0
Galwaduwawa Wewa,2024-10-26,2024,10,0.0,4.877411047565142,0.0,S1_SAR,,0
Galwaduwawa Wewa,2024-11-07,2024,11,0.5904294960021973,4.877411047565142,12.105387268865648,S1_SAR,,0
Galwaduwawa Wewa,2024-11-19,2024,11,0.5604076522827148,4.877411047565142,11.489859001374848,S1_SAR,,0
Galwaduwawa Wewa,2024-12-13,2024,12,0.6304585998535156,4.877411047565142,12.926091192749636,S1_SAR,,0
Galwaduwawa Wewa,2024-12-25,2024,12,0.5804222076416016,4.877411047565142,11.900211033707212,S1_SAR,,0
Galwaduwawa Wewa,2025-01-06,2025,1,0.7305314132690429,4.877411047565142,14.977852105242029,S1_SAR,,0
Galwaduwawa Wewa,2025-01-18,2025,1,0.6204513336181641,4.877411047565142,12.720915411218012,S1_SAR,,0
Galwaduwawa Wewa,2025-01-30,2025,1,0.3302402221679688,4.877411047565142,6.770809737941369,S1_SAR,,0
Galwaduwawa Wewa,2025-02-11,2025,2,0.5403930908203125,4.877411047565142,11.079506843904056,S1_SAR,,0
Galwaduwawa Wewa,2025-02-23,2025,2,0.61044404296875,4.877411047565142,12.515739129132667,S1_SAR,,0
Galwaduwawa Wewa,2025-03-07,2025,3,0.3702693359375,4.877411047565142,7.591513865175307,S1_SAR,,0
Galwaduwawa Wewa,2025-03-19,2025,3,0.5203785263061523,4.877411047565142,10.66915462386405,S1_SAR,,0
Galwaduwawa Wewa,2025-03-31,2025,3,0.6204513175964356,4.877411047565142,12.720915082729633,S1_SAR,,0
Galwaduwawa Wewa,2025-04-12,2025,4,0.540393073272705,4.877411047565142,11.079506484131068,S1_SAR,,0
Galwaduwawa Wewa,2025-04-24,2025,4,0.6404658729553223,4.877411047565142,13.131267115061997,S1_SAR,,0
Galwaduwawa Wewa,2025-05-06,2025,5,0.5804221931457519,4.877411047565142,11.90021073650344,S1_SAR,,0
Galwaduwawa Wewa,2025-05-18,2025,5,0.4403202926635742,4.877411047565142,9.02774624425774,S1_SAR,,0
Galwaduwawa Wewa,2025-05-30,2025,5,0.2701965446472168,4.877411047565142,5.539753406309725,S1_SAR,,0
Galwaduwawa Wewa,2025-06-11,2025,6,0.0,4.877411047565142,0.0,S1_SAR,,0
Galwaduwawa Wewa,2025-06-23,2025,6,0.0,4.877411047565142,0.0,S1_SAR,,0
Galwaduwawa Wewa,2025-07-05,2025,7,0.0,4.877411047565142,0.0,S1_SAR,,0
Galwaduwawa Wewa,2025-07-17,2025,7,0.0,4.877411047565142,0.0,S1_SAR,,0
Galwaduwawa Wewa,2025-07-29,2025,7,0.0,4.877411047565142,0.0,S1_SAR,,0
Galwaduwawa Wewa,2025-08-10,2025,8,0.0,4.877411047565142,0.0,S1_SAR,,0
Galwaduwawa Wewa,2025-08-22,2025,8,0.0,4.877411047565142,0.0,S1_SAR,,0
Galwaduwawa Wewa,2025-09-03,2025,9,0.0,4.877411047565142,0.0,S1_SAR,,0
Galwaduwawa Wewa,2025-09-15,2025,9,0.0,4.877411047565142,0.0,S1_SAR,,0
Galwaduwawa Wewa,2025-09-27,2025,9,0.0,4.877411047565142,0.0,S1_SAR,,0
Galwaduwawa Wewa,2025-10-09,2025,10,0.0,4.877411047565142,0.0,S1_SAR,,0
Galwaduwawa Wewa,2025-10-21,2025,10,0.0,4.877411047565142,0.0,S1_SAR,,0
Galwaduwawa Wewa,2025-11-02,2025,11,0.0,4.877411047565142,0.0,S1_SAR,,0
Galwaduwawa Wewa,2025-11-14,2025,11,0.0,4.877411047565142,0.0,S1_SAR,,0
Galwaduwawa Wewa,2025-11-26,2025,11,0.4703421348571777,4.877411047565142,9.643274480463928,S1_SAR,,0
Galwaduwawa Wewa,2025-12-02,2025,12,0.0400291183471679,4.877411047565142,0.8207042210877624,S1_SAR,,0
Galwaduwawa Wewa,2025-12-08,2025,12,0.0,4.877411047565142,0.0,S1_SAR,,0
Galwaduwawa Wewa,2025-12-20,2025,12,0.0,4.877411047565142,0.0,S1_SAR,,0
Hammillakulama Wewa,2021-01-03,2021,1,7.455338632965088,30.63169743596968,24.338640222433632,S1_SAR,,0
Hammillakulama Wewa,2021-01-15,2021,1,8.626177281188966,30.63169743596968,28.160950920922723,S1_SAR,,0
Hammillakulama Wewa,2021-01-27,2021,1,9.686936837005614,30.63169743596968,31.62389827483279,S1_SAR,,0
Hammillakulama Wewa,2021-02-08,2021,2,11.208026057434084,30.63169743596968,36.589634253415255,S1_SAR,,0
Hammillakulama Wewa,2021-02-20,2021,2,11.568284156799317,30.63169743596968,37.76573002844793,S1_SAR,,0
Hammillakulama Wewa,2021-03-04,2021,3,11.448198067474364,30.63169743596968,37.37369791995649,S1_SAR,,0
Hammillakulama Wewa,2021-03-16,2021,3,11.007882930755615,30.63169743596968,35.93624856658927,S1_SAR,,0
Hammillakulama Wewa,2021-03-28,2021,3,11.668355233001709,30.63169743596968,38.092421281557804,S1_SAR,,0
Hammillakulama Wewa,2021-04-09,2021,4,11.167996799468996,30.63169743596968,36.45895505077308,S1_SAR,,0
Hammillakulama Wewa,2021-04-21,2021,4,11.318103672027588,30.63169743596968,36.94899277353515,S1_SAR,,0
Hammillakulama Wewa,2021-05-03,2021,5,7.7655597541809085,30.63169743596968,25.351385669741227,S1_SAR,,0
Hammillakulama Wewa,2021-05-15,2021,5,11.778433461761477,30.63169743596968,38.45178180668008,S1_SAR,,0
Hammillakulama Wewa,2021-05-27,2021,5,12.148698570251463,30.63169743596968,39.66054638547616,S1_SAR,,0
Hammillakulama Wewa,2021-06-08,2021,6,12.448913367462158,30.63169743596968,40.64062526565653,S1_SAR,,0
Hammillakulama Wewa,2021-06-14,2021,6,12.268784497070312,30.63169743596968,40.05257796345145,S1_SAR,,0
Hammillakulama Wewa,2021-06-20,2021,6,13.019321946716309,30.63169743596968,42.50277665457807,S1_SAR,,0
Hammillakulama Wewa,2021-07-02,2021,7,12.76914273071289,30.63169743596968,41.68604354167639,S1_SAR,,0
Hammillakulama Wewa,2021-07-14,2021,7,13.229472523498536,30.63169743596968,43.18883258478406,S1_SAR,,0
Hammillakulama Wewa,2021-07-26,2021,7,13.059350672912595,30.63169743596968,42.63345412121197,S1_SAR,,0
Hammillakulama Wewa,2021-08-07,2021,8,13.059350762176514,30.63169743596968,42.63345441262226,S1_SAR,,0
Hammillakulama Wewa,2021-08-19,2021,8,13.169429443359377,30.63169743596968,42.99281641472143,S1_SAR,,0
Hammillakulama Wewa,2021-08-31,2021,8,13.769859339904786,30.63169743596968,44.95297516139392,S1_SAR,,0
Hammillakulama Wewa,2021-09-12,2021,9,13.25949394378662,30.63169743596968,43.286840278777646,S1_SAR,,0
Hammillakulama Wewa,2021-09-24,2021,9,13.939981207275393,30.63169743596968,45.50835367976109,S1_SAR,,0
Hammillakulama Wewa,2021-10-06,2021,10,13.489658808898923,30.63169743596968,44.038234698213344,S1_SAR,,0
Hammillakulama Wewa,2021-10-18,2021,10,13.189443703460691,30.63169743596968,43.05815481179575,S1_SAR,,0
Hammillakulama Wewa,2021-10-30,2021,10,13.449629921722412,30.63169743596968,43.90755670604465,S1_SAR,,0
Hammillakulama Wewa,2021-11-17,2021,11,12.999307545471192,30.63169743596968,42.437437796726805,S1_SAR,,0
Hammillakulama Wewa,2021-11-23,2021,11,13.409601577758789,30.63169743596968,43.77688048724452,S1_SAR,,0
Hammillakulama Wewa,2021-12-05,2021,12,13.04934354095459,30.63169743596968,42.600784916448106,S1_SAR,,0
Hammillakulama Wewa,2021-12-17,2021,12,12.80917173690796,30.63169743596968,41.81672192239213,S1_SAR,,0
Hammillakulama Wewa,2021-12-29,2021,12,13.139408415222167,30.63169743596968,42.89481000094054,S1_SAR,,0
Hammillakulama Wewa,2022-01-10,2022,1,12.579007135009766,30.63169743596968,41.06532836224316,S1_SAR,,0
Hammillakulama Wewa,2022-01-22,2022,1,13.119394324493408,30.63169743596968,42.82947215679855,S1_SAR,,0
Hammillakulama Wewa,2022-02-03,2022,2,13.519681133270264,30.63169743596968,44.13624534367005,S1_SAR,,0
Hammillakulama Wewa,2022-02-15,2022,2,13.509673922729492,30.63169743596968,44.10357588236549,S1_SAR,,0
Hammillakulama Wewa,2022-02-27,2022,2,13.42961660079956,30.63169743596968,43.84222137500501,S1_SAR,,0
Hammillakulama Wewa,2022-03-11,2022,3,13.73983876953125,30.63169743596968,44.85497024202473,S1_SAR,,0
Hammillakulama Wewa,2022-03-23,2022,3,13.839910269165038,30.63169743596968,45.18166287746542,S1_SAR,,0
Hammillakulama Wewa,2022-04-04,2022,4,13.399594945526124,30.63169743596968,43.74421291388009,S1_SAR,,0
Hammillakulama Wewa,2022-04-16,2022,4,13.909959954833983,30.63169743596968,45.41034653371847,S1_SAR,,0
Hammillakulama Wewa,2022-04-28,2022,4,13.649773796081544,30.63169743596968,44.560944833743086,S1_SAR,,0
Hammillakulama Wewa,2022-05-10,2022,5,13.219465405273436,30.63169743596968,43.15616342485254,S1_SAR,,0
Hammillakulama Wewa,2022-05-22,2022,5,12.699093076324464,30.63169743596968,41.45735998754148,S1_SAR,,0
Hammillakulama Wewa,2022-06-03,2022,6,13.53969472808838,30.63169743596968,44.201581568866025,S1_SAR,,0
Hammillakulama Wewa,2022-06-15,2022,6,13.659780680847168,30.63169743596968,44.59361323152464,S1_SAR,,0
Hammillakulama Wewa,2022-06-27,2022,6,13.33955144958496,30.63169743596968,43.548195386393495,S1_SAR,,0
Hammillakulama Wewa,2022-07-09,2022,7,13.63976662979126,30.63169743596968,44.52827551689833,S1_SAR,,0
Hammillakulama Wewa,2022-07-21,2022,7,13.53969485092163,30.63169743596968,44.201581969866496,S1_SAR,,0
Hammillakulama Wewa,2022-08-02,2022,8,13.07936530303955,30.63169743596968,42.69879372626909,S1_SAR,,0
Hammillakulama Wewa,2022-08-14,2022,8,13.709816772460938,30.63169743596968,44.75696066507239,S1_SAR,,0
Hammillakulama Wewa,2022-08-26,2022,8,13.719823918151857,30.63169743596968,44.78962991466862,S1_SAR,,0
Hammillakulama Wewa,2022-09-07,2022,9,13.829902640533447,30.63169743596968,45.14899205126485,S1_SAR,,0
Hammillakulama Wewa,2022-09-19,2022,9,13.43962336807251,30.63169743596968,43.8748893892209,S1_SAR,,0
Hammillakulama Wewa,2022-10-01,2022,10,13.319537326049804,30.63169743596968,43.48285743515199,S1_SAR,,0
Hammillakulama Wewa,2022-10-13,2022,10,13.519680685424804,30.63169743596968,44.13624388163726,S1_SAR,,0
Hammillakulama Wewa,2022-10-25,2022,10,13.48965916442871,30.63169743596968,44.0382358588731,S1_SAR,,0
Hammillakulama Wewa,2022-11-06,2022,11,13.089372481536865,30.63169743596968,42.73146308296482,S1_SAR,,0
Hammillakulama Wewa,2022-11-18,2022,11,13.39959472732544,30.63169743596968,43.74421220154384,S1_SAR,,0
Hammillakulama Wewa,2022-11-30,2022,11,13.329544535827637,30.63169743596968,43.51552689396586,S1_SAR,,0
Hammillakulama Wewa,2022-12-12,2022,12,13.20945842437744,30.63169743596968,43.12349471324452,S1_SAR,,0
Hammillakulama Wewa,2022-12-24,2022,12,13.40960175933838,30.63169743596968,43.77688108002783,S1_SAR,,0
Hammillakulama Wewa,2023-01-05,2023,1,13.23948002319336,30.63169743596968,43.22150299005867,S1_SAR,,0
Hammillakulama Wewa,2023-01-17,2023,1,12.849200678253174,30.63169743596968,41.94740009139954,S1_SAR,,0
Hammillakulama Wewa,2023-01-29,2023,1,13.389587348175048,30.63169743596968,43.71154218979764,S1_SAR,,0
Hammillakulama Wewa,2023-02-10,2023,2,13.149415383911132,30.63169743596968,42.927478672697575,S1_SAR,,0
Hammillakulama Wewa,2023-02-22,2023,2,13.239479880523682,30.63169743596968,43.22150252430036,S1_SAR,,0
Hammillakulama Wewa,2023-03-06,2023,3,13.199451243591309,30.63169743596968,43.09082534907673,S1_SAR,,0
Hammillakulama Wewa,2023-03-18,2023,3,13.279508628082276,30.63169743596968,43.35218006067348,S1_SAR,,0
Hammillakulama Wewa,2023-03-30,2023,3,12.729114378356934,30.63169743596968,41.55536729547871,S1_SAR,,0
Hammillakulama Wewa,2023-04-11,2023,4,12.959279219818114,30.63169743596968,42.30676163770313,S1_SAR,,0
Hammillakulama Wewa,2023-04-23,2023,4,12.899236232757568,30.63169743596968,42.11074577150422,S1_SAR,,0
Hammillakulama Wewa,2023-05-05,2023,5,12.478935413360595,30.63169743596968,40.73863500201279,S1_SAR,,0
Hammillakulama Wewa,2023-05-17,2023,5,12.338835163116457,30.63169743596968,40.281264820236224,S1_SAR,,0
Hammillakulama Wewa,2023-05-29,2023,5,10.507524249267576,30.63169743596968,34.302781526331536,S1_SAR,,0
Hammillakulama Wewa,2023-06-10,2023,6,10.797731925201417,30.63169743596968,35.25019123661765,S1_SAR,,0
Hammillakulama Wewa,2023-06-22,2023,6,11.358133026123047,30.63169743596968,37.079672290003785,S1_SAR,,0
Hammillakulama Wewa,2023-07-04,2023,7,11.107953931427,30.63169743596968,36.26293957312121,S1_SAR,,0
Hammillakulama Wewa,2023-07-16,2023,7,10.677646002197266,30.63169743596968,34.85815967109579,S1_SAR,,0
Hammillakulama Wewa,2023-07-28,2023,7,11.618319690704343,30.63169743596968,37.929075641304095,S1_SAR,,0
Hammillakulama Wewa,2023-08-09,2023,8,11.60831244506836,30.63169743596968,37.89640606542798,S1_SAR,,0
Hammillakulama Wewa,2023-09-02,2023,9,11.238047100067138,30.63169743596968,36.687640714519176,S1_SAR,,0
Hammillakulama Wewa,2023-09-14,2023,9,10.957846578979492,30.63169743596968,35.772900283717526,S1_SAR,,0
Hammillakulama Wewa,2023-09-26,2023,9,12.078649057006835,30.63169743596968,39.43186329211819,S1_SAR,,0
Hammillakulama Wewa,2023-10-08,2023,10,11.598305078125,30.63169743596968,37.863736093532765,S1_SAR,,0
Hammillakulama Wewa,2023-10-20,2023,10,14.26021054916382,30.63169743596968,46.55377188604174,S1_SAR,,0
Hammillakulama Wewa,2023-11-01,2023,11,12.318820876312255,30.63169743596968,40.21592633598788,S1_SAR,,0
Hammillakulama Wewa,2023-11-13,2023,11,11.7484124130249,30.63169743596968,38.35377532565065,S1_SAR,,0
Hammillakulama Wewa,2023-11-25,2023,11,11.568283781433106,30.63169743596968,37.76572880303034,S1_SAR,,0
Hammillakulama Wewa,2023-12-07,2023,12,11.498233671569825,30.63169743596968,37.53704376195578,S1_SAR,,0
Hammillakulama Wewa,2023-12-19,2023,12,10.93783211669922,30.63169743596968,35.707561226611375,S1_SAR,,0
Hammillakulama Wewa,2023-12-31,2023,12,10.847767922973633,30.63169743596968,35.413538363811,S1_SAR,,0
Hammillakulama Wewa,2024-01-12,2024,1,11.488226319122315,30.63169743596968,37.5043738373836,S1_SAR,,0
Hammillakulama Wewa,2024-01-24,2024,1,11.38815478591919,30.63169743596968,37.17768109235272,S1_SAR,,0
Hammillakulama Wewa,2024-02-05,2024,2,11.558276525878906,30.63169743596968,37.7330591947753,S1_SAR,,0
Hammillakulama Wewa,2024-02-17,2024,2,11.74841248474121,30.63169743596968,38.35377555977516,S1_SAR,,0
Hammillakulama Wewa,2024-02-29,2024,2,12.43890703125,30.63169743596968,40.60795865867834,S1_SAR,,0
Hammillakulama Wewa,2024-03-12,2024,3,11.698376936340331,30.63169743596968,38.19042989959596,S1_SAR,,0
Hammillakulama Wewa,2024-03-24,2024,3,12.22875658187866,30.63169743596968,39.92190314441694,S1_SAR,,0
Hammillakulama Wewa,2024-04-05,2024,4,11.498233574676512,30.63169743596968,37.53704344563864,S1_SAR,,0
Hammillakulama Wewa,2024-04-17,2024,4,10.527538457489014,30.63169743596968,34.3681197540392,S1_SAR,,0
Hammillakulama Wewa,2024-04-29,2024,4,8.656198943328857,30.63169743596968,28.258959404463823,S1_SAR,,0
Hammillakulama Wewa,2024-05-11,2024,5,10.697660468292236,30.63169743596968,34.923498740655376,S1_SAR,,0
Hammillakulama Wewa,2024-05-23,2024,5,9.666922483825685,30.63169743596968,31.55855957389476,S1_SAR,,0
Hammillakulama Wewa,2024-06-04,2024,6,10.067209236907958,30.63169743596968,32.86533257894616,S1_SAR,,0
Hammillakulama Wewa,2024-06-16,2024,6,9.156557362365724,30.63169743596968,29.89242558792552,S1_SAR,,0
Hammillakulama Wewa,2024-07-10,2024,7,8.926392587280274,30.63169743596968,29.14103146239078,S1_SAR,,0
Hammillakulama Wewa,2024-07-22,2024,7,9.82703752746582,30.63169743596968,32.081269893735275,S1_SAR,,0
Hammillakulama Wewa,2024-08-03,2024,8,9.777001737976072,30.63169743596968,31.91792344649925,S1_SAR,,0
Hammillakulama Wewa,2024-08-15,2024,8,10.417460372924804,30.63169743596968,34.008759699656615,S1_SAR,,0
Hammillakulama Wewa,2024-08-27,2024,8,9.746980325317384,30.63169743596968,31.81991577741252,S1_SAR,,0
Hammillakulama Wewa,2024-09-20,2024,9,9.817030605316162,30.63169743596968,32.048601373910095,S1_SAR,,0
Hammillakulama Wewa,2024-10-02,2024,10,9.957130941009522,30.63169743596968,32.50597183464351,S1_SAR,,0
Hammillakulama Wewa,2024-10-14,2024,10,9.79701621170044,30.63169743596968,31.983262540965697,S1_SAR,,0
Hammillakulama Wewa,2024-10-26,2024,10,10.007166886901857,30.63169743596968,32.6693187924702,S1_SAR,,0
Hammillakulama Wewa,2024-11-07,2024,11,10.077217003631592,30.63169743596968,32.89800385596094,S1_SAR,,0
Hammillakulama Wewa,2024-11-19,2024,11,10.187295722198488,30.63169743596968,33.25736598010373,S1_SAR,,0
Hammillakulama Wewa,2024-12-13,2024,12,10.027181028747558,30.63169743596968,32.734656803488164,S1_SAR,,0
Hammillakulama Wewa,2024-12-25,2024,12,10.06720976486206,30.63169743596968,32.86533430250099,S1_SAR,,0
Hammillakulama Wewa,2025-01-06,2025,1,10.22732432937622,30.63169743596968,33.38804305819059,S1_SAR,,0
Hammillakulama Wewa,2025-01-18,2025,1,10.527539319610597,30.63169743596968,34.36812256851457,S1_SAR,,0
Hammillakulama Wewa,2025-01-30,2025,1,10.757704219055176,30.63169743596968,35.11951710003115,S1_SAR,,0
Hammillakulama Wewa,2025-02-11,2025,2,10.957847270965576,30.63169743596968,35.77290254276989,S1_SAR,,0
Hammillakulama Wewa,2025-02-23,2025,2,10.927825801086426,30.63169743596968,35.6748946868817,S1_SAR,,0
Hammillakulama Wewa,2025-03-07,2025,3,11.198019260406497,30.63169743596968,36.556966142062606,S1_SAR,,0
Hammillakulama Wewa,2025-03-19,2025,3,11.19801918182373,30.63169743596968,36.556965885521926,S1_SAR,,0
Hammillakulama Wewa,2025-03-31,2025,3,10.857775511932372,30.63169743596968,35.44620906049589,S1_SAR,,0
Hammillakulama Wewa,2025-04-12,2025,4,11.438190392303468,30.63169743596968,37.341026941824055,S1_SAR,,0
Hammillakulama Wewa,2025-04-24,2025,4,11.56828339996338,30.63169743596968,37.76572755768725,S1_SAR,,0
Hammillakulama Wewa,2025-05-06,2025,5,11.4081686126709,30.63169743596968,37.24301807471729,S1_SAR,,0
Hammillakulama Wewa,2025-05-18,2025,5,10.52753749847412,30.63169743596968,34.36811662324668,S1_SAR,,0
Hammillakulama Wewa,2025-05-30,2025,5,11.308096827697756,30.63169743596968,36.91632450775996,S1_SAR,,0
Hammillakulama Wewa,2025-06-11,2025,6,11.29808963470459,30.63169743596968,36.88365510374119,S1_SAR,,0
Hammillakulama Wewa,2025-06-23,2025,6,11.798447901916504,30.63169743596968,38.51712079155633,S1_SAR,,0
Hammillakulama Wewa,2025-07-05,2025,7,12.328827758789062,30.63169743596968,40.24859472629738,S1_SAR,,0
Hammillakulama Wewa,2025-07-17,2025,7,12.599021195220947,30.63169743596968,41.1306661067577,S1_SAR,,0
Hammillakulama Wewa,2025-07-29,2025,7,12.82918607635498,30.63169743596968,41.88206057849781,S1_SAR,,0
Hammillakulama Wewa,2025-08-10,2025,8,12.348842109680175,30.63169743596968,40.31393341976336,S1_SAR,,0
Hammillakulama Wewa,2025-08-22,2025,8,12.599021335601806,30.63169743596968,41.13066656504395,S1_SAR,,0
Hammillakulama Wewa,2025-09-03,2025,9,12.108670292663572,30.63169743596968,39.52987038336572,S1_SAR,,0
Hammillakulama Wewa,2025-09-15,2025,9,12.749128889465332,30.63169743596968,41.62070651198878,S1_SAR,,0
Hammillakulama Wewa,2025-09-27,2025,9,12.989300561523438,30.63169743596968,42.40476907515605,S1_SAR,,0
Hammillakulama Wewa,2025-10-09,2025,10,12.909243424987793,30.63169743596968,42.14341517303231,S1_SAR,,0
Hammillakulama Wewa,2025-10-21,2025,10,12.438906713867189,30.63169743596968,40.607957622552895,S1_SAR,,0
Hammillakulama Wewa,2025-11-02,2025,11,12.689086148071288,30.63169743596968,41.42469144779081,S1_SAR,,0
Hammillakulama Wewa,2025-11-14,2025,11,12.048627353668213,30.63169743596968,39.33385467408003,S1_SAR,,0
Hammillakulama Wewa,2025-11-26,2025,11,11.788441437530516,30.63169743596968,38.484453766142856,S1_SAR,,0
Hammillakulama Wewa,2025-12-02,2025,12,12.639050193023682,30.63169743596968,41.26134446007589,S1_SAR,,0
Hammillakulama Wewa,2025-12-08,2025,12,11.24805411376953,30.63169743596968,36.7203095332267,S1_SAR,,0
Hammillakulama Wewa,2025-12-20,2025,12,11.688369772338866,30.63169743596968,38.15776059022326,S1_SAR,,0
Ihala Amanakkattuwa Wewa,2021-01-03,2021,1,0.0,19.8768906859586,0.0,S1_SAR,,0
Ihala Amanakkattuwa Wewa,2021-01-15,2021,1,0.0,19.8768906859586,0.0,S1_SAR,,0
Ihala Amanakkattuwa Wewa,2021-01-27,2021,1,0.0,19.8768906859586,0.0,S1_SAR,,0
Ihala Amanakkattuwa Wewa,2021-02-08,2021,2,0.0,19.8768906859586,0.0,S1_SAR,,0
Ihala Amanakkattuwa Wewa,2021-02-20,2021,2,0.0,19.8768906859586,0.0,S1_SAR,,0
Ihala Amanakkattuwa Wewa,2021-03-04,2021,3,0.0,19.8768906859586,0.0,S1_SAR,,0
Ihala Amanakkattuwa Wewa,2021-03-16,2021,3,0.0,19.8768906859586,0.0,S1_SAR,,0
Ihala Amanakkattuwa Wewa,2021-03-28,2021,3,0.0,19.8768906859586,0.0,S1_SAR,,0
Ihala Amanakkattuwa Wewa,2021-04-09,2021,4,0.0,19.8768906859586,0.0,S1_SAR,,0
Ihala Amanakkattuwa Wewa,2021-04-21,2021,4,0.0,19.8768906859586,0.0,S1_SAR,,0
Ihala Amanakkattuwa Wewa,2021-05-03,2021,5,0.0,19.8768906859586,0.0,S1_SAR,,0
Ihala Amanakkattuwa Wewa,2021-05-15,2021,5,0.0,19.8768906859586,0.0,S1_SAR,,0
Ihala Amanakkattuwa Wewa,2021-05-27,2021,5,0.0,19.8768906859586,0.0,S1_SAR,,0
Ihala Amanakkattuwa Wewa,2021-06-08,2021,6,0.0,19.8768906859586,0.0,S1_SAR,,0
Ihala Amanakkattuwa Wewa,2021-06-14,2021,6,0.0,19.8768906859586,0.0,S1_SAR,,0
Ihala Amanakkattuwa Wewa,2021-06-20,2021,6,0.0,19.8768906859586,0.0,S1_SAR,,0
Ihala Amanakkattuwa Wewa,2021-07-02,2021,7,0.0,19.8768906859586,0.0,S1_SAR,,0
Ihala Amanakkattuwa Wewa,2021-07-14,2021,7,0.0,19.8768906859586,0.0,S1_SAR,,0
Ihala Amanakkattuwa Wewa,2021-07-26,2021,7,0.0,19.8768906859586,0.0,S1_SAR,,0
Ihala Amanakkattuwa Wewa,2021-08-07,2021,8,0.0,19.8768906859586,0.0,S1_SAR,,0
Ihala Amanakkattuwa Wewa,2021-08-19,2021,8,0.0,19.8768906859586,0.0,S1_SAR,,0
Ihala Amanakkattuwa Wewa,2021-08-31,2021,8,0.0900652626037597,19.8768906859586,0.4531154496280624,S1_SAR,,0
Ihala Amanakkattuwa Wewa,2021-09-12,2021,9,0.0,19.8768906859586,0.0,S1_SAR,,0
Ihala Amanakkattuwa Wewa,2021-09-24,2021,9,0.0300217506408691,19.8768906859586,0.1510384652971757,S1_SAR,,0
Ihala Amanakkattuwa Wewa,2021-10-06,2021,10,0.0,19.8768906859586,0.0,S1_SAR,,0
Ihala Amanakkattuwa Wewa,2021-10-18,2021,10,0.0,19.8768906859586,0.0,S1_SAR,,0
Ihala Amanakkattuwa Wewa,2021-10-30,2021,10,0.0,19.8768906859586,0.0,S1_SAR,,0
Ihala Amanakkattuwa Wewa,2021-11-17,2021,11,1.1408258415222168,19.8768906859586,5.739458245992755,S1_SAR,,0
Ihala Amanakkattuwa Wewa,2021-11-23,2021,11,0.6704853843688965,19.8768906859586,3.373190480151605,S1_SAR,,0
Ihala Amanakkattuwa Wewa,2021-12-05,2021,12,0.2301666107177734,19.8768906859586,1.1579608418351237,S1_SAR,,0
Ihala Amanakkattuwa Wewa,2021-12-17,2021,12,0.2701956008911133,19.8768906859586,1.3593454084948229,S1_SAR,,0
Ihala Amanakkattuwa Wewa,2021-12-29,2021,12,0.1401014183044433,19.8768906859586,0.7048457453328633,S1_SAR,,0
Ihala Amanakkattuwa Wewa,2022-01-10,2022,1,0.1501086677551269,19.8768906859586,0.7551918965935979,S1_SAR,,0
Ihala Amanakkattuwa Wewa,2022-01-22,2022,1,0.0700507087707519,19.8768906859586,0.3524228707472696,S1_SAR,,0
Ihala Amanakkattuwa Wewa,2022-02-03,2022,2,0.1501086540222168,19.8768906859586,0.755191827503767,S1_SAR,,0
Ihala Amanakkattuwa Wewa,2022-02-15,2022,2,0.2101521293640136,19.8768906859586,1.0572686275951046,S1_SAR,,0
Ihala Amanakkattuwa Wewa,2022-02-27,2022,2,0.0800579536437988,19.8768906859586,0.4027689989780607,S1_SAR,,0
Ihala Amanakkattuwa Wewa,2022-03-11,2022,3,0.1701231483459472,19.8768906859586,0.8558841069952926,S1_SAR,,0
Ihala Amanakkattuwa Wewa,2022-03-23,2022,3,0.0500362213134765,19.8768906859586,0.2517306258006594,S1_SAR,,0
Ihala Amanakkattuwa Wewa,2022-04-04,2022,4,0.0500362197875976,19.8768906859586,0.2517306181240115,S1_SAR,,0
Ihala Amanakkattuwa Wewa,2022-04-16,2022,4,0.0300217323303222,19.8768906859586,0.1510383731774012,S1_SAR,,0
Ihala Amanakkattuwa Wewa,2022-04-28,2022,4,0.0700507080078125,19.8768906859586,0.3524228669089457,S1_SAR,,0
Ihala Amanakkattuwa Wewa,2022-05-10,2022,5,0.0600434661865234,19.8768906859586,0.3020767540314504,S1_SAR,,0
Ihala Amanakkattuwa Wewa,2022-05-22,2022,5,0.060043463897705,19.8768906859586,0.3020767425164786,S1_SAR,,0
Ihala Amanakkattuwa Wewa,2022-06-03,2022,6,0.0,19.8768906859586,0.0,S1_SAR,,0
Ihala Amanakkattuwa Wewa,2022-06-15,2022,6,0.0,19.8768906859586,0.0,S1_SAR,,0
Ihala Amanakkattuwa Wewa,2022-06-27,2022,6,0.0,19.8768906859586,0.0,S1_SAR,,0
Ihala Amanakkattuwa Wewa,2022-07-09,2022,7,0.0,19.8768906859586,0.0,S1_SAR,,0
Ihala Amanakkattuwa Wewa,2022-07-21,2022,7,0.0,19.8768906859586,0.0,S1_SAR,,0
Ihala Amanakkattuwa Wewa,2022-08-02,2022,8,0.0,19.8768906859586,0.0,S1_SAR,,0
Ihala Amanakkattuwa Wewa,2022-08-14,2022,8,0.0,19.8768906859586,0.0,S1_SAR,,0
Ihala Amanakkattuwa Wewa,2022-08-26,2022,8,0.0,19.8768906859586,0.0,S1_SAR,,0
Ihala Amanakkattuwa Wewa,2022-09-07,2022,9,0.0,19.8768906859586,0.0,S1_SAR,,0
Ihala Amanakkattuwa Wewa,2022-09-19,2022,9,0.0,19.8768906859586,0.0,S1_SAR,,0
Ihala Amanakkattuwa Wewa,2022-10-01,2022,10,0.0,19.8768906859586,0.0,S1_SAR,,0
Ihala Amanakkattuwa Wewa,2022-10-13,2022,10,0.0,19.8768906859586,0.0,S1_SAR,,0
Ihala Amanakkattuwa Wewa,2022-10-25,2022,10,0.0,19.8768906859586,0.0,S1_SAR,,0
Ihala Amanakkattuwa Wewa,2022-11-06,2022,11,0.0,19.8768906859586,0.0,S1_SAR,,0
Ihala Amanakkattuwa Wewa,2022-11-18,2022,11,0.0,19.8768906859586,0.0,S1_SAR,,0
Ihala Amanakkattuwa Wewa,2022-11-30,2022,11,0.0,19.8768906859586,0.0,S1_SAR,,0
Ihala Amanakkattuwa Wewa,2022-12-12,2022,12,0.0,19.8768906859586,0.0,S1_SAR,,0
Ihala Amanakkattuwa Wewa,2022-12-24,2022,12,0.0,19.8768906859586,0.0,S1_SAR,,0
Ihala Amanakkattuwa Wewa,2023-01-05,2023,1,0.0,19.8768906859586,0.0,S1_SAR,,0
Ihala Amanakkattuwa Wewa,2023-01-17,2023,1,0.0,19.8768906859586,0.0,S1_SAR,,0
Ihala Amanakkattuwa Wewa,2023-01-29,2023,1,0.0,19.8768906859586,0.0,S1_SAR,,0
Ihala Amanakkattuwa Wewa,2023-02-10,2023,2,0.0,19.8768906859586,0.0,S1_SAR,,0
Ihala Amanakkattuwa Wewa,2023-02-22,2023,2,0.0,19.8768906859586,0.0,S1_SAR,,0
Ihala Amanakkattuwa Wewa,2023-03-06,2023,3,0.0,19.8768906859586,0.0,S1_SAR,,0
Ihala Amanakkattuwa Wewa,2023-03-18,2023,3,0.0,19.8768906859586,0.0,S1_SAR,,0
Ihala Amanakkattuwa Wewa,2023-03-30,2023,3,0.0,19.8768906859586,0.0,S1_SAR,,0
Ihala Amanakkattuwa Wewa,2023-04-11,2023,4,0.0,19.8768906859586,0.0,S1_SAR,,0
Ihala Amanakkattuwa Wewa,2023-04-23,2023,4,0.0,19.8768906859586,0.0,S1_SAR,,0
Ihala Amanakkattuwa Wewa,2023-05-05,2023,5,0.0,19.8768906859586,0.0,S1_SAR,,0
Ihala Amanakkattuwa Wewa,2023-05-17,2023,5,0.0,19.8768906859586,0.0,S1_SAR,,0
Ihala Amanakkattuwa Wewa,2023-05-29,2023,5,0.0,19.8768906859586,0.0,S1_SAR,,0
Ihala Amanakkattuwa Wewa,2023-06-10,2023,6,0.0,19.8768906859586,0.0,S1_SAR,,0
Ihala Amanakkattuwa Wewa,2023-06-22,2023,6,0.0,19.8768906859586,0.0,S1_SAR,,0
Ihala Amanakkattuwa Wewa,2023-07-04,2023,7,0.0,19.8768906859586,0.0,S1_SAR,,0
Ihala Amanakkattuwa Wewa,2023-07-16,2023,7,0.0,19.8768906859586,0.0,S1_SAR,,0
Ihala Amanakkattuwa Wewa,2023-07-28,2023,7,0.0,19.8768906859586,0.0,S1_SAR,,0
Ihala Amanakkattuwa Wewa,2023-08-09,2023,8,0.0,19.8768906859586,0.0,S1_SAR,,0
Ihala Amanakkattuwa Wewa,2023-09-02,2023,9,0.0,19.8768906859586,0.0,S1_SAR,,0
Ihala Amanakkattuwa Wewa,2023-09-14,2023,9,0.0,19.8768906859586,0.0,S1_SAR,,0
Ihala Amanakkattuwa Wewa,2023-09-26,2023,9,0.0300217529296875,19.8768906859586,0.1510384768121475,S1_SAR,,0
Ihala Amanakkattuwa Wewa,2023-10-08,2023,10,0.0,19.8768906859586,0.0,S1_SAR,,0
Ihala Amanakkattuwa Wewa,2023-10-20,2023,10,0.0,19.8768906859586,0.0,S1_SAR,,0
Ihala Amanakkattuwa Wewa,2023-11-01,2023,11,0.0,19.8768906859586,0.0,S1_SAR,,0
Ihala Amanakkattuwa Wewa,2023-11-13,2023,11,1.170847748565674,19.8768906859586,5.890497498146338,S1_SAR,,0
Ihala Amanakkattuwa Wewa,2023-11-25,2023,11,0.3202318374633789,19.8768906859586,1.611076111061961,S1_SAR,,0
Ihala Amanakkattuwa Wewa,2023-12-07,2023,12,0.1701231697082519,19.8768906859586,0.8558842144683628,S1_SAR,,0
Ihala Amanakkattuwa Wewa,2023-12-19,2023,12,0.1801304229736328,19.8768906859586,0.9062303849207172,S1_SAR,,0
Ihala Amanakkattuwa Wewa,2023-12-31,2023,12,0.0700507118225097,19.8768906859586,0.3524228861005654,S1_SAR,,0
Ihala Amanakkattuwa Wewa,2024-01-12,2024,1,0.0500362205505371,19.8768906859586,0.2517306219623355,S1_SAR,,0
Ihala Amanakkattuwa Wewa,2024-01-24,2024,1,0.1300941864013672,19.8768906859586,0.6544996823535791,S1_SAR,,0
Ihala Amanakkattuwa Wewa,2024-02-05,2024,2,0.1200869430541992,19.8768906859586,0.6041535617994359,S1_SAR,,0
Ihala Amanakkattuwa Wewa,2024-02-17,2024,2,0.1200869514465332,19.8768906859586,0.6041536040209993,S1_SAR,,0
Ihala Amanakkattuwa Wewa,2024-02-29,2024,2,0.0,19.8768906859586,0.0,S1_SAR,,0
Ihala Amanakkattuwa Wewa,2024-03-12,2024,3,0.0200144882202148,19.8768906859586,0.1006922487849341,S1_SAR,,0
Ihala Amanakkattuwa Wewa,2024-03-24,2024,3,0.0200144920349121,19.8768906859586,0.1006922679765538,S1_SAR,,0
Ihala Amanakkattuwa Wewa,2024-04-05,2024,4,0.0,19.8768906859586,0.0,S1_SAR,,0
Ihala Amanakkattuwa Wewa,2024-04-17,2024,4,0.0100072456359863,19.8768906859586,0.0503461320691149,S1_SAR,,0
Ihala Amanakkattuwa Wewa,2024-04-29,2024,4,0.0600434730529785,19.8768906859586,0.3020767885763659,S1_SAR,,0
Ihala Amanakkattuwa Wewa,2024-05-11,2024,5,0.0,19.8768906859586,0.0,S1_SAR,,0
Ihala Amanakkattuwa Wewa,2024-05-23,2024,5,0.0,19.8768906859586,0.0,S1_SAR,,0
Ihala Amanakkattuwa Wewa,2024-06-04,2024,6,0.0,19.8768906859586,0.0,S1_SAR,,0
Ihala Amanakkattuwa Wewa,2024-06-16,2024,6,0.2101521522521972,19.8768906859586,1.0572687427448229,S1_SAR,,0
Ihala Amanakkattuwa Wewa,2024-07-10,2024,7,0.1000724540710449,19.8768906859586,0.5034613091761778,S1_SAR,,0
Ihala Amanakkattuwa Wewa,2024-07-22,2024,7,0.2101521438598632,19.8768906859586,1.0572687005232595,S1_SAR,,0
Ihala Amanakkattuwa Wewa,2024-08-03,2024,8,0.2694892216850729,19.8768906859586,1.3557916373482148,S1_SAR,,0
Ihala Amanakkattuwa Wewa,2024-08-15,2024,8,0.2701956214904785,19.8768906859586,1.3593455121295688,S1_SAR,,0
Ihala Amanakkattuwa Wewa,2024-08-27,2024,8,0.1901376556396484,19.8768906859586,0.9565764517383254,S1_SAR,,0
Ihala Amanakkattuwa Wewa,2024-09-20,2024,9,0.1300941871643066,19.8768906859586,0.6544996861919031,S1_SAR,,0
Ihala Amanakkattuwa Wewa,2024-10-02,2024,10,0.0,19.8768906859586,0.0,S1_SAR,,0
Ihala Amanakkattuwa Wewa,2024-10-14,2024,10,0.0,19.8768906859586,0.0,S1_SAR,,0
Ihala Amanakkattuwa Wewa,2024-10-26,2024,10,0.0,19.8768906859586,0.0,S1_SAR,,0
Ihala Amanakkattuwa Wewa,2024-11-07,2024,11,2.231615718078613,19.8768906859586,11.227187155861694,S1_SAR,,0
Ihala Amanakkattuwa Wewa,2024-11-19,2024,11,0.5704129516601563,19.8768906859586,2.869729278448497,S1_SAR,,0
Ihala Amanakkattuwa Wewa,2024-12-13,2024,12,1.44104320602417,19.8768906859586,7.249842185036261,S1_SAR,,0
Ihala Amanakkattuwa Wewa,2024-12-25,2024,12,1.210876560974121,19.8768906859586,6.09188117047656,S1_SAR,,0
Ihala Amanakkattuwa Wewa,2025-01-06,2025,1,1.1007968620300292,19.8768906859586,5.538073733069591,S1_SAR,,0
Ihala Amanakkattuwa Wewa,2025-01-18,2025,1,1.3609852378845215,19.8768906859586,6.847073113130045,S1_SAR,,0
Ihala Amanakkattuwa Wewa,2025-01-30,2025,1,1.3509779739379884,19.8768906859586,6.796726888941156,S1_SAR,,0
Ihala Amanakkattuwa Wewa,2025-02-11,2025,2,1.0707751350402832,19.8768906859586,5.3870353867604575,S1_SAR,,0
Ihala Amanakkattuwa Wewa,2025-02-23,2025,2,1.280927271270752,19.8768906859586,6.444304048900477,S1_SAR,,0
Ihala Amanakkattuwa Wewa,2025-03-07,2025,3,1.0807823951721192,19.8768906859586,5.437381591757728,S1_SAR,,0
Ihala Amanakkattuwa Wewa,2025-03-19,2025,3,1.2408983047485351,19.8768906859586,6.24291960122882,S1_SAR,,0
Ihala Amanakkattuwa Wewa,2025-03-31,2025,3,0.8506157585144043,19.8768906859586,4.279420619419589,S1_SAR,,0
Ihala Amanakkattuwa Wewa,2025-04-12,2025,4,1.1808548141479491,19.8768906859586,5.940842724371004,S1_SAR,,0
Ihala Amanakkattuwa Wewa,2025-04-24,2025,4,0.640463639831543,19.8768906859586,3.2221520455610206,S1_SAR,,0
Ihala Amanakkattuwa Wewa,2025-05-06,2025,5,1.27092000579834,19.8768906859586,6.39395781703494,S1_SAR,,0
Ihala Amanakkattuwa Wewa,2025-05-18,2025,5,0.9807099395751954,19.8768906859586,4.933920274904901,S1_SAR,,0
Ihala Amanakkattuwa Wewa,2025-05-30,2025,5,1.1808548500061036,19.8768906859586,5.940842904772229,S1_SAR,,0
Ihala Amanakkattuwa Wewa,2025-06-11,2025,6,0.7105143264770508,19.8768906859586,3.574574804996896,S1_SAR,,0
Ihala Amanakkattuwa Wewa,2025-06-23,2025,6,1.1708476036071778,19.8768906859586,5.89049676886479,S1_SAR,,0
Ihala Amanakkattuwa Wewa,2025-07-05,2025,7,0.9206665283203124,19.8768906859586,4.631843797232774,S1_SAR,,0
Ihala Amanakkattuwa Wewa,2025-07-17,2025,7,1.110804132080078,19.8768906859586,5.588419987965072,S1_SAR,,0
Ihala Amanakkattuwa Wewa,2025-07-29,2025,7,1.100796871185303,19.8768906859586,5.538073779129478,S1_SAR,,0
Ihala Amanakkattuwa Wewa,2025-08-10,2025,8,0.8906447402954102,19.8768906859586,4.480805143857726,S1_SAR,,0
Ihala Amanakkattuwa Wewa,2025-08-22,2025,8,1.1108041473388672,19.8768906859586,5.588420064731551,S1_SAR,,0
Ihala Amanakkattuwa Wewa,2025-09-03,2025,9,0.7105143608093262,19.8768906859586,3.574574977721473,S1_SAR,,0
Ihala Amanakkattuwa Wewa,2025-09-15,2025,9,0.8806375419616699,19.8768906859586,4.430459249764695,S1_SAR,,0
Ihala Amanakkattuwa Wewa,2025-09-27,2025,9,0.7405361328125,19.8768906859586,3.725613550491719,S1_SAR,,0
Ihala Amanakkattuwa Wewa,2025-10-09,2025,10,0.5103694931030274,19.8768906859586,2.567652562800286,S1_SAR,,0
Ihala Amanakkattuwa Wewa,2025-10-21,2025,10,2.8720798873901368,19.8768906859586,14.449341865219528,S1_SAR,,0
Ihala Amanakkattuwa Wewa,2025-11-02,2025,11,2.601883982849121,19.8768906859586,13.089994929071777,S1_SAR,,0
Ihala Amanakkattuwa Wewa,2025-11-14,2025,11,1.691224464416504,19.8768906859586,8.508496077866022,S1_SAR,,0
Ihala Amanakkattuwa Wewa,2025-11-26,2025,11,2.011456420135498,19.8768906859586,10.119572783868191,S1_SAR,,0
Ihala Amanakkattuwa Wewa,2025-12-02,2025,12,3.452499835205078,19.8768906859586,17.36941602060521,S1_SAR,,0
Ihala Amanakkattuwa Wewa,2025-12-08,2025,12,3.0321954376220703,19.8768906859586,15.254878066840046,S1_SAR,,0
Ihala Amanakkattuwa Wewa,2025-12-20,2025,12,2.952137511444092,19.8768906859586,14.852109206041646,S1_SAR,,0
Irahandaketu Wewa,2021-01-03,2021,1,4.112992855834961,11.854020438846776,34.69702854869631,S1_SAR,,0
Irahandaketu Wewa,2021-01-15,2021,1,4.943597416687012,11.854020438846776,41.70397243863662,S1_SAR,,0
Irahandaketu Wewa,2021-01-27,2021,1,4.863538835144043,11.854020438846776,41.0286017325038,S1_SAR,,0
Irahandaketu Wewa,2021-02-08,2021,2,5.043669871520996,11.854020438846776,42.548179307945176,S1_SAR,,0
Irahandaketu Wewa,2021-02-20,2021,2,5.11372105255127,11.854020438846776,43.13912801932676,S1_SAR,,0
Irahandaketu Wewa,2021-03-04,2021,3,3.962883652496338,11.854020438846776,33.43071384886079,S1_SAR,,0
Irahandaketu Wewa,2021-03-16,2021,3,3.412483318328857,11.854020438846776,28.787560608093926,S1_SAR,,0
Irahandaketu Wewa,2021-03-28,2021,3,3.4725268524169923,11.854020438846776,29.29408524585621,S1_SAR,,0
Irahandaketu Wewa,2021-04-09,2021,4,2.131550718688965,11.854020438846776,17.981669001545384,S1_SAR,,0
Irahandaketu Wewa,2021-04-21,2021,4,3.602621032714844,11.854020438846776,30.39155408327714,S1_SAR,,0
Irahandaketu Wewa,2021-05-03,2021,5,2.4217619300842284,11.854020438846776,20.42987813778252,S1_SAR,,0
Irahandaketu Wewa,2021-05-15,2021,5,3.2823881256103515,11.854020438846776,27.690083229936462,S1_SAR,,0
Irahandaketu Wewa,2021-05-27,2021,5,3.652657411193848,11.854020438846776,30.81365879228396,S1_SAR,,0
Irahandaketu Wewa,2021-06-08,2021,6,3.832788547515869,11.854020438846776,32.33323721085758,S1_SAR,,0
Irahandaketu Wewa,2021-06-14,2021,6,3.932861312866211,11.854020438846776,33.1774466996686,S1_SAR,,0
Irahandaketu Wewa,2021-06-20,2021,6,4.052948677825928,11.854020438846776,34.190498478845385,S1_SAR,,0
Irahandaketu Wewa,2021-07-02,2021,7,3.862810307312012,11.854020438846776,32.58649946859554,S1_SAR,,0
Irahandaketu Wewa,2021-07-14,2021,7,3.662664655303955,11.854020438846776,30.898079467629795,S1_SAR,,0
Irahandaketu Wewa,2021-07-26,2021,7,3.3724535346984865,11.854020438846776,28.449871097291417,S1_SAR,,0
Irahandaketu Wewa,2021-08-07,2021,8,3.2523660987854,11.854020438846776,27.4368187195551,S1_SAR,,0
Irahandaketu Wewa,2021-08-19,2021,8,3.2623733352661133,11.854020438846776,27.5212393305397,S1_SAR,,0
Irahandaketu Wewa,2021-08-31,2021,8,3.3424315826416016,11.854020438846776,28.19660721765021,S1_SAR,,0
Irahandaketu Wewa,2021-09-12,2021,9,2.8020383781433105,11.854020438846776,23.637873686810583,S1_SAR,,0
Irahandaketu Wewa,2021-09-24,2021,9,3.022198536682129,11.854020438846776,25.49513519293497,S1_SAR,,0
Irahandaketu Wewa,2021-10-06,2021,10,2.8020383712768555,11.854020438846776,23.637873628885465,S1_SAR,,0
Irahandaketu Wewa,2021-10-18,2021,10,2.741994669342041,11.854020438846776,23.13134757517592,S1_SAR,,0
Irahandaketu Wewa,2021-10-30,2021,10,3.092249510192872,11.854020438846776,26.08608215369082,S1_SAR,,0
Irahandaketu Wewa,2021-11-17,2021,11,6.224529002380371,11.854020438846776,52.50985549157639,S1_SAR,,0
Irahandaketu Wewa,2021-11-23,2021,11,6.234536299896241,11.854020438846776,52.594276617450895,S1_SAR,,0
Irahandaketu Wewa,2021-12-05,2021,12,6.364630999755859,11.854020438846776,53.69174983787227,S1_SAR,,0
Irahandaketu Wewa,2021-12-17,2021,12,6.154478057098388,11.854020438846776,51.91890876895712,S1_SAR,,0
Irahandaketu Wewa,2021-12-29,2021,12,6.054405268859863,11.854020438846776,51.07469908706239,S1_SAR,,0
Irahandaketu Wewa,2022-01-10,2022,1,6.054405250549316,11.854020438846776,51.07469893259541,S1_SAR,,0
Irahandaketu Wewa,2022-01-22,2022,1,6.014376094818116,11.854020438846776,50.73701471872295,S1_SAR,,0
Irahandaketu Wewa,2022-02-03,2022,2,6.204514495849609,11.854020438846776,52.34101398641774,S1_SAR,,0
Irahandaketu Wewa,2022-02-15,2022,2,6.054405149841308,11.854020438846776,51.074698083027045,S1_SAR,,0
Irahandaketu Wewa,2022-02-27,2022,2,5.734172173309326,11.854020438846776,48.37322664399908,S1_SAR,,0
Irahandaketu Wewa,2022-03-11,2022,3,5.433953621673584,11.854020438846776,45.8405960214645,S1_SAR,,0
Irahandaketu Wewa,2022-03-23,2022,3,5.544033842468262,11.854020438846776,46.76922796842769,S1_SAR,,0
Irahandaketu Wewa,2022-04-04,2022,4,5.19377883605957,11.854020438846776,43.81449199327388,S1_SAR,,0
Irahandaketu Wewa,2022-04-16,2022,4,5.754186717224121,11.854020438846776,48.5420684645278,S1_SAR,,0
Irahandaketu Wewa,2022-04-28,2022,4,6.064412474060059,11.854020438846776,51.1591194341659,S1_SAR,,0
Irahandaketu Wewa,2022-05-10,2022,5,5.473982817840576,11.854020438846776,46.178280576451535,S1_SAR,,0
Irahandaketu Wewa,2022-05-22,2022,5,5.163757153320312,11.854020438846776,43.561230385584444,S1_SAR,,0
Irahandaketu Wewa,2022-06-03,2022,6,4.993633262634277,11.854020438846776,42.1260726552289,S1_SAR,,0
Irahandaketu Wewa,2022-06-15,2022,6,5.1237278747558594,11.854020438846776,43.22354513549602,S1_SAR,,0
Irahandaketu Wewa,2022-06-27,2022,6,4.733443801116944,11.854020438846776,39.931125693060125,S1_SAR,,0
Irahandaketu Wewa,2022-07-09,2022,7,3.9929048248291017,11.854020438846776,33.68397115078328,S1_SAR,,0
Irahandaketu Wewa,2022-07-21,2022,7,3.3824607162475586,11.854020438846776,28.53429124487508,S1_SAR,,0
Irahandaketu Wewa,2022-08-02,2022,8,2.922125745391846,11.854020438846776,24.65092548529574,S1_SAR,,0
Irahandaketu Wewa,2022-08-14,2022,8,3.1823150588989257,11.854020438846776,26.845871198856468,S1_SAR,,0
Irahandaketu Wewa,2022-08-26,2022,8,2.7319874313354493,11.854020438846776,23.04692695131908,S1_SAR,,0
Irahandaketu Wewa,2022-09-07,2022,9,2.882096549987793,11.854020438846776,24.313240936744823,S1_SAR,,0
Irahandaketu Wewa,2022-09-19,2022,9,3.072235067749024,11.854020438846776,25.9172411891666,S1_SAR,,0
Irahandaketu Wewa,2022-10-01,2022,10,2.7920311538696287,11.854020438846776,23.553453178803974,S1_SAR,,0
Irahandaketu Wewa,2022-10-13,2022,10,2.18158694229126,11.854020438846776,18.40377240401904,S1_SAR,,0
Irahandaketu Wewa,2022-10-25,2022,10,2.721980092620849,11.854020438846776,22.962505477893867,S1_SAR,,0
Irahandaketu Wewa,2022-11-06,2022,11,2.5418490646362306,11.854020438846776,21.44292797324985,S1_SAR,,0
Irahandaketu Wewa,2022-11-18,2022,11,2.832060188293457,11.854020438846776,23.891136369332727,S1_SAR,,0
Irahandaketu Wewa,2022-11-30,2022,11,2.7419946907043458,11.854020438846776,23.131347755387385,S1_SAR,,0
Irahandaketu Wewa,2022-12-12,2022,12,2.02147047958374,11.854020438846776,17.053036900115217,S1_SAR,,0
Irahandaketu Wewa,2022-12-24,2022,12,4.122999542999268,11.854020438846776,34.78144452567163,S1_SAR,,0
Irahandaketu Wewa,2023-01-05,2023,1,4.122999542999268,11.854020438846776,34.78144452567163,S1_SAR,,0
Irahandaketu Wewa,2023-01-17,2023,1,4.25309418182373,11.854020438846776,35.87891723120308,S1_SAR,,0
Irahandaketu Wewa,2023-01-29,2023,1,5.313866184997559,11.854020438846776,44.82754363729206,S1_SAR,,0
Irahandaketu Wewa,2023-02-10,2023,2,5.644106653594971,11.854020438846776,47.61343784340615,S1_SAR,,0
Irahandaketu Wewa,2023-02-22,2023,2,5.183771641540528,11.854020438846776,43.73007173627611,S1_SAR,,0
Irahandaketu Wewa,2023-03-06,2023,3,5.103713249206543,11.854020438846776,43.05470262630204,S1_SAR,,0
Irahandaketu Wewa,2023-03-18,2023,3,4.663392835998535,11.854020438846776,39.34017880310164,S1_SAR,,0
Irahandaketu Wewa,2023-03-30,2023,3,4.55331273803711,11.854020438846776,38.411547892354406,S1_SAR,,0
Irahandaketu Wewa,2023-04-11,2023,4,4.593341872406006,11.854020438846776,38.7492319260154,S1_SAR,,0
Irahandaketu Wewa,2023-04-23,2023,4,4.08297049331665,11.854020438846776,34.44376120642039,S1_SAR,,0
Irahandaketu Wewa,2023-05-05,2023,5,3.942868468475342,11.854020438846776,33.261866628424045,S1_SAR,,0
Irahandaketu Wewa,2023-05-17,2023,5,3.792759281158448,11.854020438846776,31.99555206374714,S1_SAR,,0
Irahandaketu Wewa,2023-05-29,2023,5,3.242358776092529,11.854020438846776,27.3523973812885,S1_SAR,,0
Irahandaketu Wewa,2023-06-10,2023,6,2.391739853668213,11.854020438846776,20.17661320905309,S1_SAR,,0
Irahandaketu Wewa,2023-06-22,2023,6,1.1408298042297362,11.854020438846776,9.623990528066969,S1_SAR,,0
Irahandaketu Wewa,2023-07-04,2023,7,0.0500364196777343,11.854020438846776,0.4221050565575217,S1_SAR,,0
Irahandaketu Wewa,2023-07-16,2023,7,0.1901383834838867,11.854020438846776,1.6039991196639478,S1_SAR,,0
Irahandaketu Wewa,2023-07-28,2023,7,0.1901383903503418,11.854020438846776,1.6039991775890636,S1_SAR,,0
Irahandaketu Wewa,2023-08-09,2023,8,0.4503276931762695,11.854020438846776,3.7989448010440574,S1_SAR,,0
Irahandaketu Wewa,2023-09-02,2023,9,0.5904297180175782,11.854020438846776,4.980839379040402,S1_SAR,,0
Irahandaketu Wewa,2023-09-14,2023,9,0.1200874061584472,11.854020438846776,1.0130521267274788,S1_SAR,,0
Irahandaketu Wewa,2023-09-26,2023,9,0.360262222290039,11.854020438846776,3.039156412363056,S1_SAR,,0
Irahandaketu Wewa,2023-10-08,2023,10,0.7405389808654785,11.854020438846776,6.247154580893588,S1_SAR,,0
Irahandaketu Wewa,2023-10-20,2023,10,1.200873503112793,11.854020438846776,10.130516556032028,S1_SAR,,0
Irahandaketu Wewa,2023-11-01,2023,11,3.84279564743042,11.854020438846776,32.41765666977599,S1_SAR,,0
Irahandaketu Wewa,2023-11-13,2023,11,6.204514460754394,11.854020438846776,52.34101369035604,S1_SAR,,0
Irahandaketu Wewa,2023-11-25,2023,11,4.953604076385498,11.854020438846776,41.788388183911486,S1_SAR,,0
Irahandaketu Wewa,2023-12-07,2023,12,5.453968186950684,11.854020438846776,46.00943802220469,S1_SAR,,0
Irahandaketu Wewa,2023-12-19,2023,12,5.223800674438476,11.854020438846776,44.06775491393261,S1_SAR,,0
Irahandaketu Wewa,2023-12-31,2023,12,4.433225121307373,11.854020438846776,37.39849398925671,S1_SAR,,0
Irahandaketu Wewa,2024-01-12,2024,1,5.233807759094239,11.854020438846776,44.15217424412853,S1_SAR,,0
Irahandaketu Wewa,2024-01-24,2024,1,4.203057588195801,11.854020438846776,35.456810707209286,S1_SAR,,0
Irahandaketu Wewa,2024-02-05,2024,2,4.0629556846618655,11.854020438846776,34.274917152556654,S1_SAR,,0
Irahandaketu Wewa,2024-02-17,2024,2,3.812773676300049,11.854020438846776,32.16439262923168,S1_SAR,,0
Irahandaketu Wewa,2024-02-29,2024,2,3.982897565460205,11.854020438846776,33.59955034671497,S1_SAR,,0
Irahandaketu Wewa,2024-03-12,2024,3,3.7927592056274415,11.854020438846776,31.995551426570863,S1_SAR,,0
Irahandaketu Wewa,2024-03-24,2024,3,4.012919373321533,11.854020438846776,33.85281300992874,S1_SAR,,0
Irahandaketu Wewa,2024-04-05,2024,4,4.733443704223633,11.854020438846776,39.93112487567237,S1_SAR,,0
Irahandaketu Wewa,2024-04-17,2024,4,4.423217974090576,11.854020438846776,37.31407413129863,S1_SAR,,0
Irahandaketu Wewa,2024-04-29,2024,4,4.243086782073974,11.854020438846776,35.79449524288795,S1_SAR,,0
Irahandaketu Wewa,2024-05-11,2024,5,4.663392819976806,11.854020438846776,39.34017866794303,S1_SAR,,0
Irahandaketu Wewa,2024-05-23,2024,5,4.523291142272949,11.854020438846776,38.15828701838311,S1_SAR,,0
Irahandaketu Wewa,2024-06-04,2024,6,5.3138660675048826,11.854020438846776,44.82754264612897,S1_SAR,,0
Irahandaketu Wewa,2024-06-16,2024,6,5.2238005348205565,11.854020438846776,44.06775373612192,S1_SAR,,0
Irahandaketu Wewa,2024-07-10,2024,7,4.683407435607911,11.854020438846776,39.5090210934674,S1_SAR,,0
Irahandaketu Wewa,2024-07-22,2024,7,4.773472943115235,11.854020438846776,40.26880979108236,S1_SAR,,0
Irahandaketu Wewa,2024-08-03,2024,8,3.4925408027648928,11.854020438846776,29.46292205908046,S1_SAR,,0
Irahandaketu Wewa,2024-08-15,2024,8,3.232351431274414,11.854020438846776,27.2679758563743,S1_SAR,,0
Irahandaketu Wewa,2024-08-27,2024,8,2.832060189056397,11.854020438846776,23.89113637576885,S1_SAR,,0
Irahandaketu Wewa,2024-09-20,2024,9,1.7010412948757991,11.854020438846776,14.349910257462708,S1_SAR,,0
Irahandaketu Wewa,2024-10-02,2024,10,1.5611355323791505,11.854020438846776,13.169671340055714,S1_SAR,,0
Irahandaketu Wewa,2024-10-14,2024,10,0.5303857696533203,11.854020438846776,4.4743112464628005,S1_SAR,,0
Irahandaketu Wewa,2024-10-26,2024,10,1.040757001495361,11.854020438846776,8.779780723885878,S1_SAR,,0
Irahandaketu Wewa,2024-11-07,2024,11,1.8813685455322269,11.854020438846776,15.871143088017623,S1_SAR,,0
Irahandaketu Wewa,2024-11-19,2024,11,2.241630644989013,11.854020438846776,18.91029846416472,S1_SAR,,0
Irahandaketu Wewa,2024-12-13,2024,12,3.492540628814697,11.854020438846776,29.46292059164419,S1_SAR,,0
Irahandaketu Wewa,2024-12-25,2024,12,4.072962937927247,11.854020438846776,34.35933790513598,S1_SAR,,0
Irahandaketu Wewa,2025-01-06,2025,1,3.742722691345215,11.854020438846776,31.573445571933966,S1_SAR,,0
Irahandaketu Wewa,2025-01-18,2025,1,3.2523659057617187,11.854020438846776,27.436817091215737,S1_SAR,,0
Irahandaketu Wewa,2025-01-30,2025,1,3.1522931053161622,11.854020438846776,26.59260730634302,S1_SAR,,0
Irahandaketu Wewa,2025-02-11,2025,2,3.142285813903809,11.854020438846776,26.5081862319575,S1_SAR,,0
Irahandaketu Wewa,2025-02-23,2025,2,3.022198472595215,11.854020438846776,25.49513465230056,S1_SAR,,0
Irahandaketu Wewa,2025-03-07,2025,3,3.142285855102539,11.854020438846776,26.50818657950819,S1_SAR,,0
Irahandaketu Wewa,2025-03-19,2025,3,3.8427954780578615,11.854020438846776,32.41765524095646,S1_SAR,,0
Irahandaketu Wewa,2025-03-31,2025,3,3.122271327972412,11.854020438846776,26.3393449005742,S1_SAR,,0
Irahandaketu Wewa,2025-04-12,2025,4,3.822781067657471,11.854020438846776,32.24881454674944,S1_SAR,,0
Irahandaketu Wewa,2025-04-24,2025,4,4.01291936340332,11.854020438846776,33.852812926259126,S1_SAR,,0
Irahandaketu Wewa,2025-05-06,2025,5,3.982897459411621,11.854020438846776,33.59954945209373,S1_SAR,,0
Irahandaketu Wewa,2025-05-18,2025,5,5.233807867431641,11.854020438846776,44.15217515805814,S1_SAR,,0
Irahandaketu Wewa,2025-05-30,2025,5,3.3724534561157227,11.854020438846776,28.44987043437065,S1_SAR,,0
Irahandaketu Wewa,2025-06-11,2025,6,3.012191204071045,11.854020438846776,25.41071377099876,S1_SAR,,0
Irahandaketu Wewa,2025-06-23,2025,6,4.012919380950928,11.854020438846776,33.852813074289976,S1_SAR,,0
Irahandaketu Wewa,2025-07-05,2025,7,3.512555361175537,11.854020438846776,29.63176400189553,S1_SAR,,0
Irahandaketu Wewa,2025-07-17,2025,7,3.432497160339356,11.854020438846776,28.95639650738857,S1_SAR,,0
Irahandaketu Wewa,2025-07-29,2025,7,3.312409782409668,11.854020438846776,27.94334461879768,S1_SAR,,0
Irahandaketu Wewa,2025-08-10,2025,8,2.371725312805176,11.854020438846776,20.00777141426888,S1_SAR,,0
Irahandaketu Wewa,2025-08-22,2025,8,0.6204512657165527,11.854020438846776,5.2340998475358935,S1_SAR,,0
Irahandaketu Wewa,2025-09-03,2025,9,0.3502547569274902,11.854020438846776,2.954733870541267,S1_SAR,,0
Irahandaketu Wewa,2025-09-15,2025,9,0.3302403007507324,11.854020438846776,2.7858927901668102,S1_SAR,,0
Irahandaketu Wewa,2025-09-27,2025,9,0.2301674026489257,11.854020438846776,1.94168218147022,S1_SAR,,0
Irahandaketu Wewa,2025-10-09,2025,10,0.4102984237670898,11.854020438846776,3.4612596281891173,S1_SAR,,0
Irahandaketu Wewa,2025-10-21,2025,10,0.6304585563659668,11.854020438846776,5.318520915485289,S1_SAR,,0
Irahandaketu Wewa,2025-11-02,2025,11,1.701237474822998,11.854020438846776,14.351565222950668,S1_SAR,,0
Irahandaketu Wewa,2025-11-14,2025,11,1.461062756347656,11.854020438846776,12.32546176113896,S1_SAR,,0
Irahandaketu Wewa,2025-11-26,2025,11,4.343159818267822,11.854020438846776,36.638707016522986,S1_SAR,,0
Irahandaketu Wewa,2025-12-02,2025,12,6.384645574951172,11.854020438846776,53.86059192228206,S1_SAR,,0
Irahandaketu Wewa,2025-12-08,2025,12,5.784208665466308,11.854020438846776,48.79533231198839,S1_SAR,,0
Irahandaketu Wewa,2025-12-20,2025,12,4.783480102539063,11.854020438846776,40.35322975201843,S1_SAR,,0
Kuda Kanumulla Wewa,2021-01-03,2021,1,0.2701961479187011,21.91334179930627,1.2330211904386716,S1_SAR,,0
Kuda Kanumulla Wewa,2021-01-15,2021,1,1.0307490142822266,21.91334179930627,4.703750909935873,S1_SAR,,0
Kuda Kanumulla Wewa,2021-01-27,2021,1,0.150108967590332,21.91334179930627,0.685011756605212,S1_SAR,,0
Kuda Kanumulla Wewa,2021-02-08,2021,2,0.4403196502685547,21.91334179930627,2.009367874152788,S1_SAR,,0
Kuda Kanumulla Wewa,2021-02-20,2021,2,0.3302397354125976,21.91334179930627,1.5070258951697286,S1_SAR,,0
Kuda Kanumulla Wewa,2021-03-04,2021,3,0.3702687995910644,21.91334179930627,1.6896957250161926,S1_SAR,,0
Kuda Kanumulla Wewa,2021-03-16,2021,3,0.4603341789245605,21.91334179930627,2.1007027734087265,S1_SAR,,0
Kuda Kanumulla Wewa,2021-03-28,2021,3,0.4403196617126464,21.91334179930627,2.009367926377099,S1_SAR,,0
Kuda Kanumulla Wewa,2021-04-09,2021,4,0.6304577278137207,21.91334179930627,2.877049669501708,S1_SAR,,0
Kuda Kanumulla Wewa,2021-04-21,2021,4,0.5403922897338868,21.91334179930627,2.466042353024377,S1_SAR,,0
Kuda Kanumulla Wewa,2021-05-03,2021,5,0.3902833175659179,21.91334179930627,1.7810305755294404,S1_SAR,,0
Kuda Kanumulla Wewa,2021-05-15,2021,5,0.3002179428100586,21.91334179930627,1.3700235480266312,S1_SAR,,0
Kuda Kanumulla Wewa,2021-05-27,2021,5,0.3002179382324219,21.91334179930627,1.3700235271369068,S1_SAR,,0
Kuda Kanumulla Wewa,2021-06-08,2021,6,0.2401743560791015,21.91334179930627,1.0960188467771947,S1_SAR,,0
Kuda Kanumulla Wewa,2021-06-14,2021,6,0.1200871765136718,21.91334179930627,0.5480094164253559,S1_SAR,,0
Kuda Kanumulla Wewa,2021-06-20,2021,6,0.530385440826416,21.91334179930627,2.4203767991389014,S1_SAR,,0
Kuda Kanumulla Wewa,2021-07-02,2021,7,0.1501090507507324,21.91334179930627,0.6850121361018727,S1_SAR,,0
Kuda Kanumulla Wewa,2021-07-14,2021,7,0.3002180992126464,21.91334179930627,1.3700242617588831,S1_SAR,,0
Kuda Kanumulla Wewa,2021-07-26,2021,7,0.0,21.91334179930627,0.0,S1_SAR,,0
Kuda Kanumulla Wewa,2021-08-07,2021,8,0.1000727058410644,21.91334179930627,0.4566747817725937,S1_SAR,,0
Kuda Kanumulla Wewa,2021-08-19,2021,8,0.0200145462036132,21.91334179930627,0.0913349793332156,S1_SAR,,0
Kuda Kanumulla Wewa,2021-08-31,2021,8,0.080058177947998,21.91334179930627,0.3653398859982758,S1_SAR,,0
Kuda Kanumulla Wewa,2021-09-12,2021,9,0.0400290603637695,21.91334179930627,0.1826698124383601,S1_SAR,,0
Kuda Kanumulla Wewa,2021-09-24,2021,9,0.4703417846679688,21.91334179930627,2.1463717810619776,S1_SAR,,0
Kuda Kanumulla Wewa,2021-10-06,2021,10,0.0,21.91334179930627,0.0,S1_SAR,,0
Kuda Kanumulla Wewa,2021-10-18,2021,10,0.0300217933654785,21.91334179930627,0.1370023506247182,S1_SAR,,0
Kuda Kanumulla Wewa,2021-10-30,2021,10,0.0,21.91334179930627,0.0,S1_SAR,,0
Kuda Kanumulla Wewa,2021-11-17,2021,11,0.0,21.91334179930627,0.0,S1_SAR,,0
Kuda Kanumulla Wewa,2021-11-23,2021,11,0.0,21.91334179930627,0.0,S1_SAR,,0
Kuda Kanumulla Wewa,2021-12-05,2021,12,0.0,21.91334179930627,0.0,S1_SAR,,0
Kuda Kanumulla Wewa,2021-12-17,2021,12,0.0,21.91334179930627,0.0,S1_SAR,,0
Kuda Kanumulla Wewa,2021-12-29,2021,12,0.0,21.91334179930627,0.0,S1_SAR,,0
Kuda Kanumulla Wewa,2022-01-10,2022,1,0.0,21.91334179930627,0.0,S1_SAR,,0
Kuda Kanumulla Wewa,2022-01-22,2022,1,0.0,21.91334179930627,0.0,S1_SAR,,0
Kuda Kanumulla Wewa,2022-02-03,2022,2,0.0,21.91334179930627,0.0,S1_SAR,,0
Kuda Kanumulla Wewa,2022-02-15,2022,2,0.0,21.91334179930627,0.0,S1_SAR,,0
Kuda Kanumulla Wewa,2022-02-27,2022,2,0.0,21.91334179930627,0.0,S1_SAR,,0
Kuda Kanumulla Wewa,2022-03-11,2022,3,0.0500363777160644,21.91334179930627,0.2283375040389708,S1_SAR,,0
Kuda Kanumulla Wewa,2022-03-23,2022,3,0.0,21.91334179930627,0.0,S1_SAR,,0
Kuda Kanumulla Wewa,2022-04-04,2022,4,0.0,21.91334179930627,0.0,S1_SAR,,0
Kuda Kanumulla Wewa,2022-04-16,2022,4,0.0,21.91334179930627,0.0,S1_SAR,,0
Kuda Kanumulla Wewa,2022-04-28,2022,4,0.0,21.91334179930627,0.0,S1_SAR,,0
Kuda Kanumulla Wewa,2022-05-10,2022,5,0.0,21.91334179930627,0.0,S1_SAR,,0
Kuda Kanumulla Wewa,2022-05-22,2022,5,0.0,21.91334179930627,0.0,S1_SAR,,0
Kuda Kanumulla Wewa,2022-06-03,2022,6,0.0100072761535644,21.91334179930627,0.0456675035930907,S1_SAR,,0
Kuda Kanumulla Wewa,2022-06-15,2022,6,0.0,21.91334179930627,0.0,S1_SAR,,0
Kuda Kanumulla Wewa,2022-06-27,2022,6,0.0,21.91334179930627,0.0,S1_SAR,,0
Kuda Kanumulla Wewa,2022-07-09,2022,7,0.6905017265319824,21.91334179930627,3.151056250826344,S1_SAR,,0
Kuda Kanumulla Wewa,2022-07-21,2022,7,1.3709953269958497,21.91334179930627,6.256441119534093,S1_SAR,,0
Kuda Kanumulla Wewa,2022-08-02,2022,8,1.2609154167175294,21.91334179930627,5.754099161440759,S1_SAR,,0
Kuda Kanumulla Wewa,2022-08-14,2022,8,2.2015984085083007,21.91334179930627,10.046840087977811,S1_SAR,,0
Kuda Kanumulla Wewa,2022-08-26,2022,8,2.802034712219238,21.91334179930627,12.786889091959242,S1_SAR,,0
Kuda Kanumulla Wewa,2022-09-07,2022,9,2.2416275131225585,21.91334179930627,10.229510102350176,S1_SAR,,0
Kuda Kanumulla Wewa,2022-09-19,2022,9,2.521831101989746,21.91334179930627,11.508199548412016,S1_SAR,,0
Kuda Kanumulla Wewa,2022-10-01,2022,10,2.53183853225708,21.91334179930627,11.5538677552925,S1_SAR,,0
Kuda Kanumulla Wewa,2022-10-13,2022,10,3.1121423909265853,21.91334179930627,14.202043756854598,S1_SAR,,0
Kuda Kanumulla Wewa,2022-10-25,2022,10,2.4918091491699217,21.91334179930627,11.371196470128565,S1_SAR,,0
Kuda Kanumulla Wewa,2022-11-06,2022,11,2.4918092048645017,21.91334179930627,11.371196724286875,S1_SAR,,0
Kuda Kanumulla Wewa,2022-11-18,2022,11,2.711969024658204,21.91334179930627,12.375880636991928,S1_SAR,,0
Kuda Kanumulla Wewa,2022-11-30,2022,11,2.671939958190918,21.91334179930627,12.1932107967006,S1_SAR,,0
Kuda Kanumulla Wewa,2022-12-12,2022,12,2.641918167877197,21.91334179930627,12.056208460002368,S1_SAR,,0
Kuda Kanumulla Wewa,2022-12-24,2022,12,2.5318382598876954,21.91334179930627,11.553866512353894,S1_SAR,,0
Kuda Kanumulla Wewa,2023-01-05,2023,1,2.6018891395568846,21.91334179930627,11.873538793792076,S1_SAR,,0
Kuda Kanumulla Wewa,2023-01-17,2023,1,2.471794666290283,21.91334179930627,11.27986177976987,S1_SAR,,0
Kuda Kanumulla Wewa,2023-01-29,2023,1,2.531838270568848,21.91334179930627,11.553866561096584,S1_SAR,,0
Kuda Kanumulla Wewa,2023-02-10,2023,2,2.5418455314636232,21.91334179930627,11.59953399505726,S1_SAR,,0
Kuda Kanumulla Wewa,2023-02-22,2023,2,2.45178013381958,21.91334179930627,11.188526863105828,S1_SAR,,0
Kuda Kanumulla Wewa,2023-03-06,2023,3,2.451780110168457,21.91334179930627,11.188526755175584,S1_SAR,,0
Kuda Kanumulla Wewa,2023-03-18,2023,3,2.5518527557373045,21.91334179930627,11.64520126190014,S1_SAR,,0
Kuda Kanumulla Wewa,2023-03-30,2023,3,2.4617873794555662,21.91334179930627,11.234194227434088,S1_SAR,,0
Kuda Kanumulla Wewa,2023-04-11,2023,4,2.351707418823242,21.91334179930627,10.731852039553786,S1_SAR,,0
Kuda Kanumulla Wewa,2023-04-23,2023,4,2.461787348175049,21.91334179930627,11.23419408468764,S1_SAR,,0
Kuda Kanumulla Wewa,2023-05-05,2023,5,2.181583946990967,21.91334179930627,9.9555054951045,S1_SAR,,0
Kuda Kanumulla Wewa,2023-05-17,2023,5,2.2416275115966795,21.91334179930627,10.229510095386932,S1_SAR,,0
Kuda Kanumulla Wewa,2023-05-29,2023,5,2.371722124481201,21.91334179930627,10.823187746545736,S1_SAR,,0
Kuda Kanumulla Wewa,2023-06-10,2023,6,1.9013804595947263,21.91334179930627,8.676816512098215,S1_SAR,,0
Kuda Kanumulla Wewa,2023-06-22,2023,6,2.051489464569092,21.91334179930627,9.361828439302842,S1_SAR,,0
Kuda Kanumulla Wewa,2023-07-04,2023,7,2.021468012237549,21.91334179930627,9.224827644962597,S1_SAR,,0
Kuda Kanumulla Wewa,2023-07-16,2023,7,2.4517805740356446,21.91334179930627,11.188528872000996,S1_SAR,,0
Kuda Kanumulla Wewa,2023-07-28,2023,7,2.832056810760498,21.91334179930627,12.923892835232255,S1_SAR,,0
Kuda Kanumulla Wewa,2023-08-09,2023,8,2.952144077301025,21.91334179930627,13.471902662488858,S1_SAR,,0
Kuda Kanumulla Wewa,2023-09-02,2023,9,4.183039292144775,21.91334179930627,19.089006735965764,S1_SAR,,0
Kuda Kanumulla Wewa,2023-09-14,2023,9,2.762006497192383,21.91334179930627,12.604223137156662,S1_SAR,,0
Kuda Kanumulla Wewa,2023-09-26,2023,9,3.052217189788818,21.91334179930627,13.928579299965309,S1_SAR,,0
Kuda Kanumulla Wewa,2023-10-08,2023,10,2.251635478973389,21.91334179930627,10.275180753328415,S1_SAR,,0
Kuda Kanumulla Wewa,2023-10-20,2023,10,1.4710680282592774,21.91334179930627,6.713115880416963,S1_SAR,,0
Kuda Kanumulla Wewa,2023-11-01,2023,11,1.0407556922912595,21.91334179930627,4.749415683938302,S1_SAR,,0
Kuda Kanumulla Wewa,2023-11-13,2023,11,8.476158432769775,21.91334179930627,38.68035514801358,S1_SAR,,0
Kuda Kanumulla Wewa,2023-11-25,2023,11,7.695590719604493,21.91334179930627,35.1182890774246,S1_SAR,,0
Kuda Kanumulla Wewa,2023-12-07,2023,12,8.286018698883057,21.91334179930627,37.81266579406604,S1_SAR,,0
Kuda Kanumulla Wewa,2023-12-19,2023,12,10.99799051437378,21.91334179930627,50.18855916682663,S1_SAR,,0
Kuda Kanumulla Wewa,2023-12-31,2023,12,10.677757633972169,21.91334179930627,48.72719885339535,S1_SAR,,0
Kuda Kanumulla Wewa,2024-01-12,2024,1,11.098062665557862,21.91334179930627,50.64523141746095,S1_SAR,,0
Kuda Kanumulla Wewa,2024-01-24,2024,1,10.177393392944335,21.91334179930627,46.44382169618022,S1_SAR,,0
Kuda Kanumulla Wewa,2024-02-05,2024,2,9.697044213867189,21.91334179930627,44.25178187187394,S1_SAR,,0
Kuda Kanumulla Wewa,2024-02-17,2024,2,8.956505951690675,21.91334179930627,40.87238739631314,S1_SAR,,0
Kuda Kanumulla Wewa,2024-02-29,2024,2,9.496898403167725,21.91334179930627,43.33843048744111,S1_SAR,,0
Kuda Kanumulla Wewa,2024-03-12,2024,3,8.996534933471679,21.91334179930627,41.05505685014455,S1_SAR,,0
Kuda Kanumulla Wewa,2024-03-24,2024,3,8.696316823577881,21.91334179930627,39.68503253964298,S1_SAR,,0
Kuda Kanumulla Wewa,2024-04-05,2024,4,8.746353084564209,21.91334179930627,39.91336951099399,S1_SAR,,0
Kuda Kanumulla Wewa,2024-04-17,2024,4,8.276011154937745,21.91334179930627,37.76699706842407,S1_SAR,,0
Kuda Kanumulla Wewa,2024-04-29,2024,4,8.025829285430909,21.91334179930627,36.62530963526973,S1_SAR,,0
Kuda Kanumulla Wewa,2024-05-11,2024,5,7.315312967681884,21.91334179930627,33.382918199694544,S1_SAR,,0
Kuda Kanumulla Wewa,2024-05-23,2024,5,7.055124532318115,21.91334179930627,32.19556650433603,S1_SAR,,0
Kuda Kanumulla Wewa,2024-06-04,2024,6,7.179684857832965,21.91334179930627,32.763988822828736,S1_SAR,,0
Kuda Kanumulla Wewa,2024-06-16,2024,6,6.764913166809082,21.91334179930627,30.871207270737887,S1_SAR,,0
Kuda Kanumulla Wewa,2024-07-10,2024,7,4.923575611877442,21.91334179930627,22.46839234732017,S1_SAR,,0
Kuda Kanumulla Wewa,2024-07-22,2024,7,4.383183234405518,21.91334179930627,20.002349593909408,S1_SAR,,0
Kuda Kanumulla Wewa,2024-08-03,2024,8,3.832783448028565,21.91334179930627,17.490638731103545,S1_SAR,,0
Kuda Kanumulla Wewa,2024-08-15,2024,8,4.263095777893066,21.91334179930627,19.45433889972924,S1_SAR,,0
Kuda Kanumulla Wewa,2024-08-27,2024,8,3.5425725387573244,21.91334179930627,16.166281579514607,S1_SAR,,0
Kuda Kanumulla Wewa,2024-09-20,2024,9,3.302398151397705,21.91334179930627,15.070262589990962,S1_SAR,,0
Kuda Kanumulla Wewa,2024-10-02,2024,10,3.072231001281738,21.91334179930627,14.01991092649775,S1_SAR,,0
Kuda Kanumulla Wewa,2024-10-14,2024,10,2.7620057403564453,21.91334179930627,12.604219683388887,S1_SAR,,0
Kuda Kanumulla Wewa,2024-10-26,2024,10,3.032201884460449,21.91334179930627,13.837240856419452,S1_SAR,,0
Kuda Kanumulla Wewa,2024-11-07,2024,11,9.53692819519043,21.91334179930627,43.521103638753765,S1_SAR,,0
Kuda Kanumulla Wewa,2024-11-19,2024,11,9.106615156555176,21.91334179930627,41.5574002357024,S1_SAR,,0
Kuda Kanumulla Wewa,2024-12-13,2024,12,11.068041060638429,21.91334179930627,50.50822992679655,S1_SAR,,0
Kuda Kanumulla Wewa,2024-12-25,2024,12,10.627721250152588,21.91334179930627,48.49886132150341,S1_SAR,,0
Kuda Kanumulla Wewa,2025-01-06,2025,1,11.12808471069336,21.91334179930627,50.78223491702051,S1_SAR,,0
Kuda Kanumulla Wewa,2025-01-18,2025,1,11.328230149841309,21.91334179930627,51.695584605904045,S1_SAR,,0
Kuda Kanumulla Wewa,2025-01-30,2025,1,11.007997583770752,21.91334179930627,50.234225726900505,S1_SAR,,0
Kuda Kanumulla Wewa,2025-02-11,2025,2,11.74853543624878,21.91334179930627,53.61361833283098,S1_SAR,,0
Kuda Kanumulla Wewa,2025-02-23,2025,2,11.56840453414917,21.91334179930627,52.791603581501214,S1_SAR,,0
Kuda Kanumulla Wewa,2025-03-07,2025,3,11.678484590148926,21.91334179930627,53.29394620458411,S1_SAR,,0
Kuda Kanumulla Wewa,2025-03-19,2025,3,11.738528229522704,21.91334179930627,53.567951146065376,S1_SAR,,0
Kuda Kanumulla Wewa,2025-03-31,2025,3,11.898644583892825,21.91334179930627,54.29863091109869,S1_SAR,,0
Kuda Kanumulla Wewa,2025-04-12,2025,4,11.538382716369629,21.91334179930627,52.65460111946463,S1_SAR,,0
Kuda Kanumulla Wewa,2025-04-24,2025,4,11.13809177017212,21.91334179930627,50.82790143183331,S1_SAR,,0
Kuda Kanumulla Wewa,2025-05-06,2025,5,11.868622838592527,21.91334179930627,54.16162877981607,S1_SAR,,0
Kuda Kanumulla Wewa,2025-05-18,2025,5,11.238164752197266,21.91334179930627,51.28457747395261,S1_SAR,,0
Kuda Kanumulla Wewa,2025-05-30,2025,5,10.827866622924804,21.91334179930627,49.41221070748594,S1_SAR,,0
Kuda Kanumulla Wewa,2025-06-11,2025,6,10.757815476989746,21.91334179930627,49.09253721096212,S1_SAR,,0
Kuda Kanumulla Wewa,2025-06-23,2025,6,9.596971564483642,21.91334179930627,43.79510734774128,S1_SAR,,0
Kuda Kanumulla Wewa,2025-07-05,2025,7,9.116622345733642,21.91334179930627,41.60306734239072,S1_SAR,,0
Kuda Kanumulla Wewa,2025-07-17,2025,7,8.706324055480957,21.91334179930627,39.73069984130208,S1_SAR,,0
Kuda Kanumulla Wewa,2025-07-29,2025,7,9.12662945022583,21.91334179930627,41.64873406261915,S1_SAR,,0
Kuda Kanumulla Wewa,2025-08-10,2025,8,7.855705886840821,21.91334179930627,35.848963425056034,S1_SAR,,0
Kuda Kanumulla Wewa,2025-08-22,2025,8,8.43612774810791,21.91334179930627,38.49767792320467,S1_SAR,,0
Kuda Kanumulla Wewa,2025-09-03,2025,9,7.545480681610107,21.91334179930627,34.43327243610548,S1_SAR,,0
Kuda Kanumulla Wewa,2025-09-15,2025,9,7.545480503082276,21.91334179930627,34.43327162140623,S1_SAR,,0
Kuda Kanumulla Wewa,2025-09-27,2025,9,5.984346073150634,21.91334179930627,27.309144027224946,S1_SAR,,0
Kuda Kanumulla Wewa,2025-10-09,2025,10,5.934309611511231,21.91334179930627,27.08080614020769,S1_SAR,,0
Kuda Kanumulla Wewa,2025-10-21,2025,10,8.746353093719483,21.91334179930627,39.91336955277343,S1_SAR,,0
Kuda Kanumulla Wewa,2025-11-02,2025,11,7.955778498840332,21.91334179930627,36.30563777858928,S1_SAR,,0
Kuda Kanumulla Wewa,2025-11-14,2025,11,7.035109610748291,21.91334179930627,32.10422981204541,S1_SAR,,0
Kuda Kanumulla Wewa,2025-11-26,2025,11,6.985073264312744,21.91334179930627,31.87589245075289,S1_SAR,,0
Kuda Kanumulla Wewa,2025-12-02,2025,12,12.539109927368164,21.91334179930627,57.22134963351471,S1_SAR,,0
Kuda Kanumulla Wewa,2025-12-08,2025,12,12.008724520111084,21.91334179930627,54.80097298756712,S1_SAR,,0
Kuda Kanumulla Wewa,2025-12-20,2025,12,11.578411891174316,21.91334179930627,52.8372714541461,S1_SAR,,0
Kudaittikattiya Wewa,2021-01-03,2021,1,0.0,11.838924491728452,0.0,S1_SAR,,0
Kudaittikattiya Wewa,2021-01-15,2021,1,0.0,11.838924491728452,0.0,S1_SAR,,0
Kudaittikattiya Wewa,2021-01-27,2021,1,0.0,11.838924491728452,0.0,S1_SAR,,0
Kudaittikattiya Wewa,2021-02-08,2021,2,0.0,11.838924491728452,0.0,S1_SAR,,0
Kudaittikattiya Wewa,2021-02-20,2021,2,0.0,11.838924491728452,0.0,S1_SAR,,0
Kudaittikattiya Wewa,2021-03-04,2021,3,0.0,11.838924491728452,0.0,S1_SAR,,0
Kudaittikattiya Wewa,2021-03-16,2021,3,0.0,11.838924491728452,0.0,S1_SAR,,0
Kudaittikattiya Wewa,2021-03-28,2021,3,0.0,11.838924491728452,0.0,S1_SAR,,0
Kudaittikattiya Wewa,2021-04-09,2021,4,0.0,11.838924491728452,0.0,S1_SAR,,0
Kudaittikattiya Wewa,2021-04-21,2021,4,0.0,11.838924491728452,0.0,S1_SAR,,0
Kudaittikattiya Wewa,2021-05-03,2021,5,0.0,11.838924491728452,0.0,S1_SAR,,0
Kudaittikattiya Wewa,2021-05-15,2021,5,0.0,11.838924491728452,0.0,S1_SAR,,0
Kudaittikattiya Wewa,2021-05-27,2021,5,0.0,11.838924491728452,0.0,S1_SAR,,0
Kudaittikattiya Wewa,2021-06-08,2021,6,0.0,11.838924491728452,0.0,S1_SAR,,0
Kudaittikattiya Wewa,2021-06-14,2021,6,0.0,11.838924491728452,0.0,S1_SAR,,0
Kudaittikattiya Wewa,2021-06-20,2021,6,0.0,11.838924491728452,0.0,S1_SAR,,0
Kudaittikattiya Wewa,2021-07-02,2021,7,0.0,11.838924491728452,0.0,S1_SAR,,0
Kudaittikattiya Wewa,2021-07-14,2021,7,0.0,11.838924491728452,0.0,S1_SAR,,0
Kudaittikattiya Wewa,2021-07-26,2021,7,0.0,11.838924491728452,0.0,S1_SAR,,0
Kudaittikattiya Wewa,2021-08-07,2021,8,0.0,11.838924491728452,0.0,S1_SAR,,0
Kudaittikattiya Wewa,2021-08-19,2021,8,0.0,11.838924491728452,0.0,S1_SAR,,0
Kudaittikattiya Wewa,2021-08-31,2021,8,0.0,11.838924491728452,0.0,S1_SAR,,0
Kudaittikattiya Wewa,2021-09-12,2021,9,0.0,11.838924491728452,0.0,S1_SAR,,0
Kudaittikattiya Wewa,2021-09-24,2021,9,0.0,11.838924491728452,0.0,S1_SAR,,0
Kudaittikattiya Wewa,2021-10-06,2021,10,0.0,11.838924491728452,0.0,S1_SAR,,0
Kudaittikattiya Wewa,2021-10-18,2021,10,0.0,11.838924491728452,0.0,S1_SAR,,0
Kudaittikattiya Wewa,2021-10-30,2021,10,0.0,11.838924491728452,0.0,S1_SAR,,0
Kudaittikattiya Wewa,2021-11-17,2021,11,0.0600442543029785,11.838924491728452,0.5071765965306212,S1_SAR,,0
Kudaittikattiya Wewa,2021-11-23,2021,11,0.0100073753356933,11.838924491728452,0.0845294295329381,S1_SAR,,0
Kudaittikattiya Wewa,2021-12-05,2021,12,0.0200147506713867,11.838924491728452,0.1690588590658763,S1_SAR,,0
Kudaittikattiya Wewa,2021-12-17,2021,12,0.0,11.838924491728452,0.0,S1_SAR,,0
Kudaittikattiya Wewa,2021-12-29,2021,12,0.0400295013427734,11.838924491728452,0.3381177181317527,S1_SAR,,0
Kudaittikattiya Wewa,2022-01-10,2022,1,0.0900663825988769,11.838924491728452,0.7607649044624281,S1_SAR,,0
Kudaittikattiya Wewa,2022-01-22,2022,1,0.0,11.838924491728452,0.0,S1_SAR,,0
Kudaittikattiya Wewa,2022-02-03,2022,2,0.0,11.838924491728452,0.0,S1_SAR,,0
Kudaittikattiya Wewa,2022-02-15,2022,2,0.0,11.838924491728452,0.0,S1_SAR,,0
Kudaittikattiya Wewa,2022-02-27,2022,2,0.0100073753356933,11.838924491728452,0.0845294295329381,S1_SAR,,0
Kudaittikattiya Wewa,2022-03-11,2022,3,0.03002212600708,11.838924491728452,0.2535882885988145,S1_SAR,,0
Kudaittikattiya Wewa,2022-03-23,2022,3,0.0,11.838924491728452,0.0,S1_SAR,,0
Kudaittikattiya Wewa,2022-04-04,2022,4,0.0,11.838924491728452,0.0,S1_SAR,,0
Kudaittikattiya Wewa,2022-04-16,2022,4,0.0500368766784668,11.838924491728452,0.4226471476646908,S1_SAR,,0
Kudaittikattiya Wewa,2022-04-28,2022,4,0.0,11.838924491728452,0.0,S1_SAR,,0
Kudaittikattiya Wewa,2022-05-10,2022,5,0.0,11.838924491728452,0.0,S1_SAR,,0
Kudaittikattiya Wewa,2022-05-22,2022,5,0.0,11.838924491728452,0.0,S1_SAR,,0
Kudaittikattiya Wewa,2022-06-03,2022,6,0.0,11.838924491728452,0.0,S1_SAR,,0
Kudaittikattiya Wewa,2022-06-15,2022,6,0.0,11.838924491728452,0.0,S1_SAR,,0
Kudaittikattiya Wewa,2022-06-27,2022,6,0.0700516250610351,11.838924491728452,0.5917059873975749,S1_SAR,,0
Kudaittikattiya Wewa,2022-07-09,2022,7,0.0,11.838924491728452,0.0,S1_SAR,,0
Kudaittikattiya Wewa,2022-07-21,2022,7,0.0500368766784668,11.838924491728452,0.4226471476646908,S1_SAR,,0
Kudaittikattiya Wewa,2022-08-02,2022,8,0.0,11.838924491728452,0.0,S1_SAR,,0
Kudaittikattiya Wewa,2022-08-14,2022,8,0.0700516311645507,11.838924491728452,0.591706038952221,S1_SAR,,0
Kudaittikattiya Wewa,2022-08-26,2022,8,0.070051626586914,11.838924491728452,0.5917060002862364,S1_SAR,,0
Kudaittikattiya Wewa,2022-09-07,2022,9,0.0,11.838924491728452,0.0,S1_SAR,,0
Kudaittikattiya Wewa,2022-09-19,2022,9,0.0200147506713867,11.838924491728452,0.1690588590658763,S1_SAR,,0
Kudaittikattiya Wewa,2022-10-01,2022,10,0.0,11.838924491728452,0.0,S1_SAR,,0
Kudaittikattiya Wewa,2022-10-13,2022,10,0.1300958839416504,11.838924491728452,1.0988826225941808,S1_SAR,,0
Kudaittikattiya Wewa,2022-10-25,2022,10,0.0,11.838924491728452,0.0,S1_SAR,,0
Kudaittikattiya Wewa,2022-11-06,2022,11,0.0,11.838924491728452,0.0,S1_SAR,,0
Kudaittikattiya Wewa,2022-11-18,2022,11,0.0,11.838924491728452,0.0,S1_SAR,,0
Kudaittikattiya Wewa,2022-11-30,2022,11,0.0,11.838924491728452,0.0,S1_SAR,,0
Kudaittikattiya Wewa,2022-12-12,2022,12,0.0,11.838924491728452,0.0,S1_SAR,,0
Kudaittikattiya Wewa,2022-12-24,2022,12,0.0500368782043457,11.838924491728452,0.4226471605533523,S1_SAR,,0
Kudaittikattiya Wewa,2023-01-05,2023,1,0.0,11.838924491728452,0.0,S1_SAR,,0
Kudaittikattiya Wewa,2023-01-17,2023,1,0.0,11.838924491728452,0.0,S1_SAR,,0
Kudaittikattiya Wewa,2023-01-29,2023,1,0.0,11.838924491728452,0.0,S1_SAR,,0
Kudaittikattiya Wewa,2023-02-10,2023,2,0.0,11.838924491728452,0.0,S1_SAR,,0
Kudaittikattiya Wewa,2023-02-22,2023,2,0.0,11.838924491728452,0.0,S1_SAR,,0
Kudaittikattiya Wewa,2023-03-06,2023,3,0.0,11.838924491728452,0.0,S1_SAR,,0
Kudaittikattiya Wewa,2023-03-18,2023,3,0.0500368774414062,11.838924491728452,0.4226471541090216,S1_SAR,,0
Kudaittikattiya Wewa,2023-03-30,2023,3,0.0,11.838924491728452,0.0,S1_SAR,,0
Kudaittikattiya Wewa,2023-04-11,2023,4,0.0800590034484863,11.838924491728452,0.6762354427078361,S1_SAR,,0
Kudaittikattiya Wewa,2023-04-23,2023,4,0.0,11.838924491728452,0.0,S1_SAR,,0
Kudaittikattiya Wewa,2023-05-05,2023,5,0.0,11.838924491728452,0.0,S1_SAR,,0
Kudaittikattiya Wewa,2023-05-17,2023,5,0.0200147506713867,11.838924491728452,0.1690588590658763,S1_SAR,,0
Kudaittikattiya Wewa,2023-05-29,2023,5,0.0,11.838924491728452,0.0,S1_SAR,,0
Kudaittikattiya Wewa,2023-06-10,2023,6,0.0,11.838924491728452,0.0,S1_SAR,,0
Kudaittikattiya Wewa,2023-06-22,2023,6,0.0400295013427734,11.838924491728452,0.3381177181317527,S1_SAR,,0
Kudaittikattiya Wewa,2023-07-04,2023,7,0.0,11.838924491728452,0.0,S1_SAR,,0
Kudaittikattiya Wewa,2023-07-16,2023,7,0.0,11.838924491728452,0.0,S1_SAR,,0
Kudaittikattiya Wewa,2023-07-28,2023,7,0.0,11.838924491728452,0.0,S1_SAR,,0
Kudaittikattiya Wewa,2023-08-09,2023,8,0.0,11.838924491728452,0.0,S1_SAR,,0
Kudaittikattiya Wewa,2023-09-02,2023,9,0.0,11.838924491728452,0.0,S1_SAR,,0
Kudaittikattiya Wewa,2023-09-14,2023,9,0.0,11.838924491728452,0.0,S1_SAR,,0
Kudaittikattiya Wewa,2023-09-26,2023,9,0.0,11.838924491728452,0.0,S1_SAR,,0
Kudaittikattiya Wewa,2023-10-08,2023,10,0.0,11.838924491728452,0.0,S1_SAR,,0
Kudaittikattiya Wewa,2023-10-20,2023,10,0.0,11.838924491728452,0.0,S1_SAR,,0
Kudaittikattiya Wewa,2023-11-01,2023,11,0.0,11.838924491728452,0.0,S1_SAR,,0
Kudaittikattiya Wewa,2023-11-13,2023,11,0.0,11.838924491728452,0.0,S1_SAR,,0
Kudaittikattiya Wewa,2023-11-25,2023,11,0.0,11.838924491728452,0.0,S1_SAR,,0
Kudaittikattiya Wewa,2023-12-07,2023,12,0.1100811279296875,11.838924491728452,0.9298237184179888,S1_SAR,,0
Kudaittikattiya Wewa,2023-12-19,2023,12,0.0,11.838924491728452,0.0,S1_SAR,,0
Kudaittikattiya Wewa,2023-12-31,2023,12,0.0500368766784668,11.838924491728452,0.4226471476646908,S1_SAR,,0
Kudaittikattiya Wewa,2024-01-12,2024,1,0.0,11.838924491728452,0.0,S1_SAR,,0
Kudaittikattiya Wewa,2024-01-24,2024,1,0.0200147499084472,11.838924491728452,0.1690588526215455,S1_SAR,,0
Kudaittikattiya Wewa,2024-02-05,2024,2,0.0700516281127929,11.838924491728452,0.591706013174898,S1_SAR,,0
Kudaittikattiya Wewa,2024-02-17,2024,2,0.0200147514343261,11.838924491728452,0.1690588655102071,S1_SAR,,0
Kudaittikattiya Wewa,2024-02-29,2024,2,0.03002212600708,11.838924491728452,0.2535882885988145,S1_SAR,,0
Kudaittikattiya Wewa,2024-03-12,2024,3,0.0,11.838924491728452,0.0,S1_SAR,,0
Kudaittikattiya Wewa,2024-03-24,2024,3,0.0,11.838924491728452,0.0,S1_SAR,,0
Kudaittikattiya Wewa,2024-04-05,2024,4,0.0,11.838924491728452,0.0,S1_SAR,,0
Kudaittikattiya Wewa,2024-04-17,2024,4,0.0200147506713867,11.838924491728452,0.1690588590658763,S1_SAR,,0
Kudaittikattiya Wewa,2024-04-29,2024,4,0.0,11.838924491728452,0.0,S1_SAR,,0
Kudaittikattiya Wewa,2024-05-11,2024,5,0.0100073753356933,11.838924491728452,0.0845294295329381,S1_SAR,,0
Kudaittikattiya Wewa,2024-05-23,2024,5,0.0,11.838924491728452,0.0,S1_SAR,,0
Kudaittikattiya Wewa,2024-06-04,2024,6,0.0,11.838924491728452,0.0,S1_SAR,,0
Kudaittikattiya Wewa,2024-06-16,2024,6,0.0,11.838924491728452,0.0,S1_SAR,,0
Kudaittikattiya Wewa,2024-07-10,2024,7,0.0300221282958984,11.838924491728452,0.2535883079318067,S1_SAR,,0
Kudaittikattiya Wewa,2024-07-22,2024,7,0.0400295013427734,11.838924491728452,0.3381177181317527,S1_SAR,,0
Kudaittikattiya Wewa,2024-08-03,2024,8,0.0,11.838924491728452,0.0,S1_SAR,,0
Kudaittikattiya Wewa,2024-08-15,2024,8,0.0,11.838924491728452,0.0,S1_SAR,,0
Kudaittikattiya Wewa,2024-08-27,2024,8,0.0800590011596679,11.838924491728452,0.6762354233748438,S1_SAR,,0
Kudaittikattiya Wewa,2024-09-20,2024,9,0.0,11.838924491728452,0.0,S1_SAR,,0
Kudaittikattiya Wewa,2024-10-02,2024,10,0.0,11.838924491728452,0.0,S1_SAR,,0
Kudaittikattiya Wewa,2024-10-14,2024,10,0.0,11.838924491728452,0.0,S1_SAR,,0
Kudaittikattiya Wewa,2024-10-26,2024,10,0.0,11.838924491728452,0.0,S1_SAR,,0
Kudaittikattiya Wewa,2024-11-07,2024,11,0.0,11.838924491728452,0.0,S1_SAR,,0
Kudaittikattiya Wewa,2024-11-19,2024,11,0.0,11.838924491728452,0.0,S1_SAR,,0
Kudaittikattiya Wewa,2024-12-13,2024,12,0.0,11.838924491728452,0.0,S1_SAR,,0
Kudaittikattiya Wewa,2024-12-25,2024,12,0.0600442573547363,11.838924491728452,0.5071766223079444,S1_SAR,,0
Kudaittikattiya Wewa,2025-01-06,2025,1,0.0,11.838924491728452,0.0,S1_SAR,,0
Kudaittikattiya Wewa,2025-01-18,2025,1,0.0,11.838924491728452,0.0,S1_SAR,,0
Kudaittikattiya Wewa,2025-01-30,2025,1,0.0,11.838924491728452,0.0,S1_SAR,,0
Kudaittikattiya Wewa,2025-02-11,2025,2,0.0,11.838924491728452,0.0,S1_SAR,,0
Kudaittikattiya Wewa,2025-02-23,2025,2,0.0,11.838924491728452,0.0,S1_SAR,,0
Kudaittikattiya Wewa,2025-03-07,2025,3,0.0,11.838924491728452,0.0,S1_SAR,,0
Kudaittikattiya Wewa,2025-03-19,2025,3,0.0,11.838924491728452,0.0,S1_SAR,,0
Kudaittikattiya Wewa,2025-03-31,2025,3,0.0,11.838924491728452,0.0,S1_SAR,,0
Kudaittikattiya Wewa,2025-04-12,2025,4,0.0,11.838924491728452,0.0,S1_SAR,,0
Kudaittikattiya Wewa,2025-04-24,2025,4,0.0,11.838924491728452,0.0,S1_SAR,,0
Kudaittikattiya Wewa,2025-05-06,2025,5,0.0100073753356933,11.838924491728452,0.0845294295329381,S1_SAR,,0
Kudaittikattiya Wewa,2025-05-18,2025,5,0.0,11.838924491728452,0.0,S1_SAR,,0
Kudaittikattiya Wewa,2025-05-30,2025,5,0.0,11.838924491728452,0.0,S1_SAR,,0
Kudaittikattiya Wewa,2025-06-11,2025,6,0.0,11.838924491728452,0.0,S1_SAR,,0
Kudaittikattiya Wewa,2025-06-23,2025,6,0.0,11.838924491728452,0.0,S1_SAR,,0
Kudaittikattiya Wewa,2025-07-05,2025,7,0.0,11.838924491728452,0.0,S1_SAR,,0
Kudaittikattiya Wewa,2025-07-17,2025,7,0.0,11.838924491728452,0.0,S1_SAR,,0
Kudaittikattiya Wewa,2025-07-29,2025,7,0.0,11.838924491728452,0.0,S1_SAR,,0
Kudaittikattiya Wewa,2025-08-10,2025,8,0.0100073753356933,11.838924491728452,0.0845294295329381,S1_SAR,,0
Kudaittikattiya Wewa,2025-08-22,2025,8,0.0,11.838924491728452,0.0,S1_SAR,,0
Kudaittikattiya Wewa,2025-09-03,2025,9,0.0,11.838924491728452,0.0,S1_SAR,,0
Kudaittikattiya Wewa,2025-09-15,2025,9,0.0,11.838924491728452,0.0,S1_SAR,,0
Kudaittikattiya Wewa,2025-09-27,2025,9,0.0,11.838924491728452,0.0,S1_SAR,,0
Kudaittikattiya Wewa,2025-10-09,2025,10,0.0,11.838924491728452,0.0,S1_SAR,,0
Kudaittikattiya Wewa,2025-10-21,2025,10,0.0,11.838924491728452,0.0,S1_SAR,,0
Kudaittikattiya Wewa,2025-11-02,2025,11,0.0,11.838924491728452,0.0,S1_SAR,,0
Kudaittikattiya Wewa,2025-11-14,2025,11,0.0,11.838924491728452,0.0,S1_SAR,,0
Kudaittikattiya Wewa,2025-11-26,2025,11,0.0200147506713867,11.838924491728452,0.1690588590658763,S1_SAR,,0
Kudaittikattiya Wewa,2025-12-02,2025,12,0.0200147506713867,11.838924491728452,0.1690588590658763,S1_SAR,,0
Kudaittikattiya Wewa,2025-12-08,2025,12,0.0,11.838924491728452,0.0,S1_SAR,,0
Kudaittikattiya Wewa,2025-12-20,2025,12,0.0,11.838924491728452,0.0,S1_SAR,,0
Maha Ittikattiya Wewa,2021-01-03,2021,1,8.476250861358643,31.93940930293646,26.53853357450587,S1_SAR,,0
Maha Ittikattiya Wewa,2021-01-15,2021,1,12.679349640655518,31.93940930293646,39.69813442820872,S1_SAR,,0
Maha Ittikattiya Wewa,2021-01-27,2021,1,8.98662720336914,31.93940930293646,28.136485299817128,S1_SAR,,0
Maha Ittikattiya Wewa,2021-02-08,2021,2,8.746449946594238,31.93940930293646,27.3845075331124,S1_SAR,,0
Maha Ittikattiya Wewa,2021-02-20,2021,2,8.64637615814209,31.93940930293646,27.07118367823777,S1_SAR,,0
Maha Ittikattiya Wewa,2021-03-04,2021,3,8.686405697631836,31.93940930293646,27.19651329567081,S1_SAR,,0
Maha Ittikattiya Wewa,2021-03-16,2021,3,8.11598504257202,31.93940930293646,25.41056713226644,S1_SAR,,0
Maha Ittikattiya Wewa,2021-03-28,2021,3,7.935852183532715,31.93940930293646,24.8465840688015,S1_SAR,,0
Maha Ittikattiya Wewa,2021-04-09,2021,4,7.685667725372315,31.93940930293646,24.06327447222296,S1_SAR,,0
Maha Ittikattiya Wewa,2021-04-21,2021,4,7.605608683013916,31.93940930293646,23.81261535201488,S1_SAR,,0
Maha Ittikattiya Wewa,2021-05-03,2021,5,7.375438891601562,31.93940930293646,23.09197024167719,S1_SAR,,0
Maha Ittikattiya Wewa,2021-05-15,2021,5,7.915837487792968,31.93940930293646,24.78391949178972,S1_SAR,,0
Maha Ittikattiya Wewa,2021-05-27,2021,5,7.175291474914551,31.93940930293646,22.465323033556743,S1_SAR,,0
Maha Ittikattiya Wewa,2021-06-08,2021,6,6.815025604248047,31.93940930293646,21.337356428885123,S1_SAR,,0
Maha Ittikattiya Wewa,2021-06-14,2021,6,6.484782249450683,31.93940930293646,20.30338816834187,S1_SAR,,0
Maha Ittikattiya Wewa,2021-06-20,2021,6,7.095232325744629,31.93940930293646,22.214663578929443,S1_SAR,,0
Maha Ittikattiya Wewa,2021-07-02,2021,7,7.345416802215576,31.93940930293646,22.997973232837,S1_SAR,,0
Maha Ittikattiya Wewa,2021-07-14,2021,7,7.415468537902832,31.93940930293646,23.217300193529454,S1_SAR,,0
Maha Ittikattiya Wewa,2021-07-26,2021,7,6.815025800323486,31.93940930293646,21.337357042783264,S1_SAR,,0
Maha Ittikattiya Wewa,2021-08-07,2021,8,6.885077279663086,31.93940930293646,21.5566832008696,S1_SAR,,0
Maha Ittikattiya Wewa,2021-08-19,2021,8,6.024442712402344,31.93940930293646,18.862098090989008,S1_SAR,,0
Maha Ittikattiya Wewa,2021-08-31,2021,8,5.504058850860596,31.93940930293646,17.2328135397124,S1_SAR,,0
Maha Ittikattiya Wewa,2021-09-12,2021,9,4.413254637908936,31.93940930293646,13.81758377573748,S1_SAR,,0
Maha Ittikattiya Wewa,2021-09-24,2021,9,4.293165943145752,31.93940930293646,13.44159468456746,S1_SAR,,0
Maha Ittikattiya Wewa,2021-10-06,2021,10,4.173077352905273,31.93940930293646,13.065605920650532,S1_SAR,,0
Maha Ittikattiya Wewa,2021-10-18,2021,10,3.922892861175537,31.93940930293646,12.28229621896881,S1_SAR,,0
Maha Ittikattiya Wewa,2021-10-30,2021,10,4.473298770141602,31.93940930293646,14.005577647706632,S1_SAR,,0
Maha Ittikattiya Wewa,2021-11-17,2021,11,10.097446269989014,31.93940930293646,31.61438013526653,S1_SAR,,0
Maha Ittikattiya Wewa,2021-11-23,2021,11,10.677874307250976,31.93940930293646,33.431658694668684,S1_SAR,,0
Maha Ittikattiya Wewa,2021-12-05,2021,12,8.30612529449463,31.93940930293646,26.005882625171083,S1_SAR,,0
Maha Ittikattiya Wewa,2021-12-17,2021,12,7.165284041595459,31.93940930293646,22.43399047751548,S1_SAR,,0
Maha Ittikattiya Wewa,2021-12-29,2021,12,6.985151045227051,31.93940930293646,21.870006984082973,S1_SAR,,0
Maha Ittikattiya Wewa,2022-01-10,2022,1,6.915099473571777,31.93940930293646,21.65068053696288,S1_SAR,,0
Maha Ittikattiya Wewa,2022-01-22,2022,1,5.914361550903321,31.93940930293646,18.51744186878109,S1_SAR,,0
Maha Ittikattiya Wewa,2022-02-03,2022,2,5.924368823242188,31.93940930293646,18.548773920804823,S1_SAR,,0
Maha Ittikattiya Wewa,2022-02-15,2022,2,5.764250789642334,31.93940930293646,18.047455840432143,S1_SAR,,0
Maha Ittikattiya Wewa,2022-02-27,2022,2,5.574110503387451,31.93940930293646,17.45214024003561,S1_SAR,,0
Maha Ittikattiya Wewa,2022-03-11,2022,3,5.61414013671875,31.93940930293646,17.57747015127983,S1_SAR,,0
Maha Ittikattiya Wewa,2022-03-23,2022,3,5.544088360595703,31.93940930293646,17.358143063985807,S1_SAR,,0
Maha Ittikattiya Wewa,2022-04-04,2022,4,5.153800592041016,31.93940930293646,16.136180050039883,S1_SAR,,0
Maha Ittikattiya Wewa,2022-04-16,2022,4,16.18193266983032,31.93940930293646,50.6644707056075,S1_SAR,,0
Maha Ittikattiya Wewa,2022-04-28,2022,4,6.905092263793946,31.93940930293646,21.61934868081327,S1_SAR,,0
Maha Ittikattiya Wewa,2022-05-10,2022,5,3.4025092681884765,31.93940930293646,10.653012508517667,S1_SAR,,0
Maha Ittikattiya Wewa,2022-05-22,2022,5,2.4017710151672365,31.93940930293646,7.519772806025005,S1_SAR,,0
Maha Ittikattiya Wewa,2022-06-03,2022,6,2.782051742553711,31.93940930293646,8.710404491725942,S1_SAR,,0
Maha Ittikattiya Wewa,2022-06-15,2022,6,2.8420956214904787,31.93940930293646,8.898397570643803,S1_SAR,,0
Maha Ittikattiya Wewa,2022-06-27,2022,6,3.912885607910156,31.93940930293646,12.2509642266628,S1_SAR,,0
Maha Ittikattiya Wewa,2022-07-09,2022,7,2.922155130004883,31.93940930293646,9.149058150352907,S1_SAR,,0
Maha Ittikattiya Wewa,2022-07-21,2022,7,2.1916164527893067,31.93940930293646,6.861793942406483,S1_SAR,,0
Maha Ittikattiya Wewa,2022-08-02,2022,8,1.000738067626953,31.93940930293646,3.133239122036445,S1_SAR,,0
Maha Ittikattiya Wewa,2022-08-14,2022,8,0.610450180053711,31.93940930293646,1.9112757354519607,S1_SAR,,0
Maha Ittikattiya Wewa,2022-08-26,2022,8,0.5904353225708008,31.93940930293646,1.8486106520339345,S1_SAR,,0
Maha Ittikattiya Wewa,2022-09-07,2022,9,0.8606348007202148,31.93940930293646,2.6945858408254577,S1_SAR,,0
Maha Ittikattiya Wewa,2022-09-19,2022,9,0.0900664245605468,31.93940930293646,0.2819915162058626,S1_SAR,,0
Maha Ittikattiya Wewa,2022-10-01,2022,10,0.0,31.93940930293646,0.0,S1_SAR,,0
Maha Ittikattiya Wewa,2022-10-13,2022,10,0.11008120803833,31.93940930293646,0.3446563679191442,S1_SAR,,0
Maha Ittikattiya Wewa,2022-10-25,2022,10,0.4303174713134766,31.93940930293646,1.347293142562639,S1_SAR,,0
Maha Ittikattiya Wewa,2022-11-06,2022,11,1.0007382942199707,31.93940930293646,3.1332398314829333,S1_SAR,,0
Maha Ittikattiya Wewa,2022-11-18,2022,11,2.511852613067627,31.93940930293646,7.864430394574301,S1_SAR,,0
Maha Ittikattiya Wewa,2022-11-30,2022,11,1.0007382438659669,31.93940930293646,3.1332396738281587,S1_SAR,,0
Maha Ittikattiya Wewa,2022-12-12,2022,12,1.601181185913086,31.93940930293646,5.013183464748285,S1_SAR,,0
Maha Ittikattiya Wewa,2022-12-24,2022,12,4.393240176391601,31.93940930293646,13.754919932059272,S1_SAR,,0
Maha Ittikattiya Wewa,2023-01-05,2023,1,4.403247547149658,31.93940930293646,13.786252292226424,S1_SAR,,0
Maha Ittikattiya Wewa,2023-01-17,2023,1,5.704206739807129,31.93940930293646,17.859462226443533,S1_SAR,,0
Maha Ittikattiya Wewa,2023-01-29,2023,1,5.484044491577149,31.93940930293646,17.17015001612116,S1_SAR,,0
Maha Ittikattiya Wewa,2023-02-10,2023,2,5.63415514755249,31.93940930293646,17.640135714828308,S1_SAR,,0
Maha Ittikattiya Wewa,2023-02-22,2023,2,5.103764014434814,31.93940930293646,15.97951911391668,S1_SAR,,0
Maha Ittikattiya Wewa,2023-03-06,2023,3,3.3524724754333497,31.93940930293646,10.496350898778608,S1_SAR,,0
Maha Ittikattiya Wewa,2023-03-18,2023,3,3.522597946166992,31.93940930293646,11.029001547136094,S1_SAR,,0
Maha Ittikattiya Wewa,2023-03-30,2023,3,3.5125906768798827,31.93940930293646,10.997669504667202,S1_SAR,,0
Maha Ittikattiya Wewa,2023-04-11,2023,4,2.671970574951172,31.93940930293646,8.36574825040836,S1_SAR,,0
Maha Ittikattiya Wewa,2023-04-23,2023,4,1.5411365379333497,31.93940930293646,4.825187978012042,S1_SAR,,0
Maha Ittikattiya Wewa,2023-05-05,2023,5,2.4017715614318846,31.93940930293646,7.519774516340442,S1_SAR,,0
Maha Ittikattiya Wewa,2023-05-17,2023,5,1.841357991027832,31.93940930293646,5.765159817337449,S1_SAR,,0
Maha Ittikattiya Wewa,2023-05-29,2023,5,0.680501953125,31.93940930293646,2.130602813191149,S1_SAR,,0
Maha Ittikattiya Wewa,2023-06-10,2023,6,1.6912472389221191,31.93940930293646,5.295173817653003,S1_SAR,,0
Maha Ittikattiya Wewa,2023-06-22,2023,6,2.581904174041748,31.93940930293646,8.083756808252467,S1_SAR,,0
Maha Ittikattiya Wewa,2023-07-04,2023,7,3.052251010131836,31.93940930293646,9.55637902123386,S1_SAR,,0
Maha Ittikattiya Wewa,2023-07-16,2023,7,3.952915242004394,31.93940930293646,12.37629414029573,S1_SAR,,0
Maha Ittikattiya Wewa,2023-07-28,2023,7,4.583380046844482,31.93940930293646,14.35023423060956,S1_SAR,,0
Maha Ittikattiya Wewa,2023-08-09,2023,8,4.3932397857666015,31.93940930293646,13.754918709040412,S1_SAR,,0
Maha Ittikattiya Wewa,2023-09-02,2023,9,3.312442852020264,31.93940930293646,10.3710210185876,S1_SAR,,0
Maha Ittikattiya Wewa,2023-09-14,2023,9,3.202361511230469,31.93940930293646,10.02636423503314,S1_SAR,,0
Maha Ittikattiya Wewa,2023-09-26,2023,9,2.8821253860473632,31.93940930293646,9.023727892745924,S1_SAR,,0
Maha Ittikattiya Wewa,2023-10-08,2023,10,2.531867081451416,31.93940930293646,7.927094259750883,S1_SAR,,0
Maha Ittikattiya Wewa,2023-10-20,2023,10,6.1045016609191896,31.93940930293646,19.11275691738592,S1_SAR,,0
Maha Ittikattiya Wewa,2023-11-01,2023,11,5.864324588012695,31.93940930293646,18.36077972636,S1_SAR,,0
Maha Ittikattiya Wewa,2023-11-13,2023,11,12.41915831604004,31.93940930293646,38.88349405039949,S1_SAR,,0
Maha Ittikattiya Wewa,2023-11-25,2023,11,9.146745139312744,31.93940930293646,28.637803074435087,S1_SAR,,0
Maha Ittikattiya Wewa,2023-12-07,2023,12,7.615615898895264,31.93940930293646,23.84394722727416,S1_SAR,,0
Maha Ittikattiya Wewa,2023-12-19,2023,12,10.077431464385986,31.93940930293646,31.55171521428069,S1_SAR,,0
Maha Ittikattiya Wewa,2023-12-31,2023,12,8.52628755569458,31.93940930293646,26.695194876101503,S1_SAR,,0
Maha Ittikattiya Wewa,2024-01-12,2024,1,8.125992414855958,31.93940930293646,25.441899497211008,S1_SAR,,0
Maha Ittikattiya Wewa,2024-01-24,2024,1,8.57632437286377,31.93940930293646,26.851856562279234,S1_SAR,,0
Maha Ittikattiya Wewa,2024-02-05,2024,2,8.806494203186036,31.93940930293646,27.57250179444108,S1_SAR,,0
Maha Ittikattiya Wewa,2024-02-17,2024,2,8.816501564025879,31.93940930293646,27.60383412355501,S1_SAR,,0
Maha Ittikattiya Wewa,2024-02-29,2024,2,9.286848513031003,31.93940930293646,29.076456690065296,S1_SAR,,0
Maha Ittikattiya Wewa,2024-03-12,2024,3,8.8865532371521,31.93940930293646,27.82316088837336,S1_SAR,,0
Maha Ittikattiya Wewa,2024-03-24,2024,3,8.466243215942383,31.93940930293646,26.507200354403576,S1_SAR,,0
Maha Ittikattiya Wewa,2024-04-05,2024,4,7.565579177093506,31.93940930293646,23.68728583968501,S1_SAR,,0
Maha Ittikattiya Wewa,2024-04-17,2024,4,5.844309993743897,31.93940930293646,18.298115467046475,S1_SAR,,0
Maha Ittikattiya Wewa,2024-04-29,2024,4,4.753505492401123,31.93940930293646,14.882884800139658,S1_SAR,,0
Maha Ittikattiya Wewa,2024-05-11,2024,5,4.613402219390869,31.93940930293646,14.444231499819002,S1_SAR,,0
Maha Ittikattiya Wewa,2024-05-23,2024,5,4.653432026672363,31.93940930293646,14.569561955688812,S1_SAR,,0
Maha Ittikattiya Wewa,2024-06-04,2024,6,6.134523992919922,31.93940930293646,19.20675468583548,S1_SAR,,0
Maha Ittikattiya Wewa,2024-06-16,2024,6,5.884339505004883,31.93940930293646,18.4234449960973,S1_SAR,,0
Maha Ittikattiya Wewa,2024-07-10,2024,7,6.444752674865723,31.93940930293646,20.178058441028217,S1_SAR,,0
Maha Ittikattiya Wewa,2024-07-22,2024,7,6.574848745727539,31.93940930293646,20.58537990908635,S1_SAR,,0
Maha Ittikattiya Wewa,2024-08-03,2024,8,5.664177088165284,31.93940930293646,17.734132257870304,S1_SAR,,0
Maha Ittikattiya Wewa,2024-08-15,2024,8,5.604132795715332,31.93940930293646,17.54613788427232,S1_SAR,,0
Maha Ittikattiya Wewa,2024-08-27,2024,8,4.373225050354004,31.93940930293646,13.692254007815782,S1_SAR,,0
Maha Ittikattiya Wewa,2024-09-20,2024,9,2.832088619995117,31.93940930293646,8.867066366611668,S1_SAR,,0
Maha Ittikattiya Wewa,2024-10-02,2024,10,3.2624059646606445,31.93940930293646,10.21435911264866,S1_SAR,,0
Maha Ittikattiya Wewa,2024-10-14,2024,10,1.861372785186768,31.93940930293646,5.827824702492653,S1_SAR,,0
Maha Ittikattiya Wewa,2024-10-26,2024,10,2.571896759796142,31.93940930293646,8.05242431192892,S1_SAR,,0
Maha Ittikattiya Wewa,2024-11-07,2024,11,4.893608892822265,31.93940930293646,15.32153849937467,S1_SAR,,0
Maha Ittikattiya Wewa,2024-11-19,2024,11,5.133785997772216,31.93940930293646,16.07351579072636,S1_SAR,,0
Maha Ittikattiya Wewa,2024-12-13,2024,12,11.39840560913086,31.93940930293646,35.687590528115706,S1_SAR,,0
Maha Ittikattiya Wewa,2024-12-25,2024,12,7.355424462890625,31.93940930293646,23.029306500713457,S1_SAR,,0
Maha Ittikattiya Wewa,2025-01-06,2025,1,8.055940824127198,31.93940930293646,25.222572990373205,S1_SAR,,0
Maha Ittikattiya Wewa,2025-01-18,2025,1,5.013697232055664,31.93940930293646,15.69752647740643,S1_SAR,,0
Maha Ittikattiya Wewa,2025-01-30,2025,1,4.373224999237061,31.93940930293646,13.692253847772298,S1_SAR,,0
Maha Ittikattiya Wewa,2025-02-11,2025,2,2.8621104278564453,31.93940930293646,8.961062494018345,S1_SAR,,0
Maha Ittikattiya Wewa,2025-02-23,2025,2,4.203099340820312,31.93940930293646,13.159602611792463,S1_SAR,,0
Maha Ittikattiya Wewa,2025-03-07,2025,3,6.014435422515869,31.93940930293646,18.830765984024985,S1_SAR,,0
Maha Ittikattiya Wewa,2025-03-19,2025,3,6.42473804473877,31.93940930293646,20.11539406944539,S1_SAR,,0
Maha Ittikattiya Wewa,2025-03-31,2025,3,2.772044485473633,31.93940930293646,8.67907248747639,S1_SAR,,0
Maha Ittikattiya Wewa,2025-04-12,2025,4,3.9529152389526367,31.93940930293646,12.376294130740895,S1_SAR,,0
Maha Ittikattiya Wewa,2025-04-24,2025,4,3.0322364608764647,31.93940930293646,9.493714902854151,S1_SAR,,0
Maha Ittikattiya Wewa,2025-05-06,2025,5,2.611926602935791,31.93940930293646,8.177754880068038,S1_SAR,,0
Maha Ittikattiya Wewa,2025-05-18,2025,5,2.211631372833252,31.93940930293646,6.9244592216986245,S1_SAR,,0
Maha Ittikattiya Wewa,2025-05-30,2025,5,2.2216388916015624,31.93940930293646,6.955792045275265,S1_SAR,,0
Maha Ittikattiya Wewa,2025-06-11,2025,6,2.5618898017883303,31.93940930293646,8.021093244053183,S1_SAR,,0
Maha Ittikattiya Wewa,2025-06-23,2025,6,2.611926519012451,31.93940930293646,8.177754617310079,S1_SAR,,0
Maha Ittikattiya Wewa,2025-07-05,2025,7,4.343202993774414,31.93940930293646,13.59825710169006,S1_SAR,,0
Maha Ittikattiya Wewa,2025-07-17,2025,7,4.423261869049072,31.93940930293646,13.848915698770933,S1_SAR,,0
Maha Ittikattiya Wewa,2025-07-29,2025,7,5.534081282043457,31.93940930293646,17.326811618694094,S1_SAR,,0
Maha Ittikattiya Wewa,2025-08-10,2025,8,4.913623571777344,31.93940930293646,15.38420302383486,S1_SAR,,0
Maha Ittikattiya Wewa,2025-08-22,2025,8,5.223852574157715,31.93940930293646,16.355507782285258,S1_SAR,,0
Maha Ittikattiya Wewa,2025-09-03,2025,9,5.173815453338623,31.93940930293646,16.198845145401453,S1_SAR,,0
Maha Ittikattiya Wewa,2025-09-15,2025,9,4.963660453033447,31.93940930293646,15.540864910664128,S1_SAR,,0
Maha Ittikattiya Wewa,2025-09-27,2025,9,4.403247256469727,31.93940930293646,13.786251382128404,S1_SAR,,0
Maha Ittikattiya Wewa,2025-10-09,2025,10,3.3624798065185546,31.93940930293646,10.527683134732904,S1_SAR,,0
Maha Ittikattiya Wewa,2025-10-21,2025,10,9.627099352264404,31.93940930293646,30.14175766669329,S1_SAR,,0
Maha Ittikattiya Wewa,2025-11-02,2025,11,8.035926156616211,31.93940930293646,25.159908501743644,S1_SAR,,0
Maha Ittikattiya Wewa,2025-11-14,2025,11,7.425475907135009,31.93940930293646,23.248632548919183,S1_SAR,,0
Maha Ittikattiya Wewa,2025-11-26,2025,11,11.188250681304932,31.93940930293646,35.02961052030572,S1_SAR,,0
Maha Ittikattiya Wewa,2025-12-02,2025,12,23.16708254394532,31.93940930293646,72.5344740230226,S1_SAR,,0
Maha Ittikattiya Wewa,2025-12-08,2025,12,21.54588719406128,31.93940930293646,67.45862764619251,S1_SAR,,0
Maha Ittikattiya Wewa,2025-12-20,2025,12,20.925429740905763,31.93940930293646,65.51601985632813,S1_SAR,,0
Mahakanumulla Wewa,2021-01-03,2021,1,23.947332937622072,67.32368583822004,35.57044246681312,S1_SAR_fallback,,0
Mahakanumulla Wewa,2021-01-15,2021,1,33.95842059984992,67.32368583822004,50.44052502035106,S1_SAR_fallback,,0
Mahakanumulla Wewa,2021-01-27,2021,1,32.24802036401786,67.32368583822004,47.89996263946451,S2_MNDWI,2021-01-25,2
Mahakanumulla Wewa,2021-02-08,2021,2,26.62650502031812,67.32368583822004,39.54998109328426,S2_MNDWI,2021-02-09,1
Mahakanumulla Wewa,2021-02-20,2021,2,26.303430466835177,67.32368583822004,39.07009864261259,S1_SAR_fallback,,0
Mahakanumulla Wewa,2021-03-04,2021,3,27.607417017193963,67.32368583822004,41.00698984832033,S2_MNDWI,2021-03-01,3
Mahakanumulla Wewa,2021-03-16,2021,3,24.707883126831053,67.32368583822004,36.700134312616974,S1_SAR_fallback,,0
Mahakanumulla Wewa,2021-03-28,2021,3,24.978078339767457,67.32368583822004,37.10147183532138,S2_MNDWI,2021-03-31,3
Mahakanumulla Wewa,2021-04-09,2021,4,25.248273552703857,67.32368583822004,37.50280935802577,S1_SAR_fallback,,0
Mahakanumulla Wewa,2021-04-21,2021,4,25.21825185394287,67.32368583822004,37.4582162874189,S1_SAR_fallback,,0
Mahakanumulla Wewa,2021-05-03,2021,5,24.277570678710937,67.32368583822004,36.06096483940341,S1_SAR_fallback,,0
Mahakanumulla Wewa,2021-05-15,2021,5,23.707158029174806,67.32368583822004,35.2136959437181,S1_SAR_fallback,,0
Mahakanumulla Wewa,2021-05-27,2021,5,24.297585456085205,67.32368583822004,36.0906940158813,S1_SAR_fallback,,0
Mahakanumulla Wewa,2021-06-08,2021,6,24.39765774307251,67.32368583822004,36.23933752186488,S1_SAR_fallback,,0
Mahakanumulla Wewa,2021-06-14,2021,6,23.22681073226929,67.32368583822004,34.5002066406223,S1_SAR_fallback,,0
Mahakanumulla Wewa,2021-06-20,2021,6,23.998344896111583,67.32368583822004,35.6462136576717,S2_MNDWI,2021-06-19,1
Mahakanumulla Wewa,2021-07-02,2021,7,23.396933919525143,67.32368583822004,34.75290104547808,S1_SAR_fallback,,0
Mahakanumulla Wewa,2021-07-14,2021,7,22.386202339935306,67.32368583822004,33.25159943519689,S1_SAR_fallback,,0
Mahakanumulla Wewa,2021-07-26,2021,7,21.715717279815674,67.32368583822004,32.25568684994299,S1_SAR_fallback,,0
Mahakanumulla Wewa,2021-08-07,2021,8,21.634050421606325,67.32368583822004,32.134382056254786,S1_SAR_fallback,,0
Mahakanumulla Wewa,2021-08-19,2021,8,20.60903393284218,67.32368583822004,30.611862194185324,S1_SAR_fallback,,0
Mahakanumulla Wewa,2021-08-31,2021,8,21.064069416949703,67.32368583822004,31.287754309184763,S1_SAR_fallback,,0
Mahakanumulla Wewa,2021-09-12,2021,9,18.643494231414795,67.32368583822004,27.69232551559257,S1_SAR_fallback,,0
Mahakanumulla Wewa,2021-09-24,2021,9,18.654325631480496,67.32368583822004,27.7084140584744,S1_SAR_fallback,,0
Mahakanumulla Wewa,2021-10-06,2021,10,17.072357418060303,67.32368583822004,25.358619638095075,S1_SAR_fallback,,0
Mahakanumulla Wewa,2021-10-18,2021,10,15.971560387420654,67.32368583822004,23.72353828903632,S1_SAR_fallback,,0
Mahakanumulla Wewa,2021-10-30,2021,10,19.043783965301515,67.32368583822004,28.286900409855825,S1_SAR_fallback,,0
Mahakanumulla Wewa,2021-11-17,2021,11,45.87068645858765,67.32368583822004,68.13454416149419,S1_SAR_fallback,,0
Mahakanumulla Wewa,2021-11-23,2021,11,53.61118993374992,67.32368583822004,79.63198875144553,S2_MNDWI,2021-11-21,2
Mahakanumulla Wewa,2021-12-05,2021,12,40.259920557825424,67.32368583822004,59.80052942224627,S1_SAR_fallback,,0
Mahakanumulla Wewa,2021-12-17,2021,12,37.81960400868135,67.32368583822004,56.175777570411846,S1_SAR_fallback,,0
Mahakanumulla Wewa,2021-12-29,2021,12,32.07376125113095,67.32368583822004,47.64112489058418,S1_SAR_fallback,,0
Mahakanumulla Wewa,2022-01-10,2022,1,31.145874423367367,67.32368583822004,46.26287767162872,S1_SAR_fallback,,0
Mahakanumulla Wewa,2022-01-22,2022,1,35.0007276759129,67.32368583822004,51.98872765228606,S2_MNDWI,2022-01-20,2
Mahakanumulla Wewa,2022-02-03,2022,2,29.80925054321289,67.32368583822004,44.27750823810364,S2_MNDWI,2022-02-04,1
Mahakanumulla Wewa,2022-02-15,2022,2,26.913830818607103,67.32368583822004,39.97676372514942,S1_SAR_fallback,,0
Mahakanumulla Wewa,2022-02-27,2022,2,25.528475946807863,67.32368583822004,37.91901116072763,S1_SAR_fallback,,0
Mahakanumulla Wewa,2022-03-11,2022,3,25.26828773956299,67.32368583822004,37.53253765737532,S1_SAR_fallback,,0
Mahakanumulla Wewa,2022-03-23,2022,3,34.65255894987224,67.32368583822004,51.4715712879163,S2_MNDWI,2022-03-21,2
Mahakanumulla Wewa,2022-04-04,2022,4,29.73830604835061,67.32368583822004,44.17213002837109,S1_SAR_fallback,,0
Mahakanumulla Wewa,2022-04-16,2022,4,29.8653782525904,67.32368583822004,44.360878167540335,S1_SAR_fallback,,0
Mahakanumulla Wewa,2022-04-28,2022,4,25.17822280197144,67.32368583822004,37.39875868126878,S1_SAR_fallback,,0
Mahakanumulla Wewa,2022-05-10,2022,5,21.96589855270386,67.32368583822004,32.62729643990123,S1_SAR_fallback,,0
Mahakanumulla Wewa,2022-05-22,2022,5,20.865101850891115,67.32368583822004,30.99221557926925,S1_SAR_fallback,,0
Mahakanumulla Wewa,2022-06-03,2022,6,22.786492211151124,67.32368583822004,33.846174533443474,S1_SAR_fallback,,0
Mahakanumulla Wewa,2022-06-15,2022,6,23.86727400894165,67.32368583822004,35.451526029479595,S1_SAR_fallback,,0
Mahakanumulla Wewa,2022-06-27,2022,6,25.393358692550656,67.32368583822004,37.71831321530928,S2_MNDWI,2022-06-29,2
Mahakanumulla Wewa,2022-07-09,2022,7,26.919443376159663,67.32368583822004,39.98510040113897,S1_SAR_fallback,,0
Mahakanumulla Wewa,2022-07-21,2022,7,28.43057640533448,67.32368583822004,42.22967897754979,S1_SAR_fallback,,0
Mahakanumulla Wewa,2022-08-02,2022,8,28.600699878692627,67.32368583822004,42.48237380737084,S1_SAR_fallback,,0
Mahakanumulla Wewa,2022-08-14,2022,8,29.16110542297364,67.32368583822004,43.31477853581615,S1_SAR_fallback,,0
Mahakanumulla Wewa,2022-08-26,2022,8,29.591417140197755,67.32368583822004,43.95394692338508,S1_SAR_fallback,,0
Mahakanumulla Wewa,2022-09-07,2022,9,28.730793672943115,67.32368583822004,42.67561009951787,S1_SAR_fallback,,0
Mahakanumulla Wewa,2022-09-19,2022,9,28.11034531478882,67.32368583822004,41.75402009678801,S1_SAR_fallback,,0
Mahakanumulla Wewa,2022-10-01,2022,10,26.399106494903563,67.32368583822004,39.21221211557113,S1_SAR_fallback,,0
Mahakanumulla Wewa,2022-10-13,2022,10,25.56850601043701,67.32368583822004,37.97847026955501,S1_SAR_fallback,,0
Mahakanumulla Wewa,2022-10-25,2022,10,27.48819722290039,67.32368583822004,40.82990537528648,S2_MNDWI,2022-10-27,2
Mahakanumulla Wewa,2022-11-06,2022,11,27.51991803817749,67.32368583822004,40.87702224787324,S1_SAR_fallback,,0
Mahakanumulla Wewa,2022-11-18,2022,11,27.369809132385253,67.32368583822004,40.65405628288886,S1_SAR_fallback,,0
Mahakanumulla Wewa,2022-11-30,2022,11,26.99954136123657,67.32368583822004,40.10407485133379,S1_SAR_fallback,,0
Mahakanumulla Wewa,2022-12-12,2022,12,26.839425492858886,67.32368583822004,39.86624493102544,S1_SAR_fallback,,0
Mahakanumulla Wewa,2022-12-24,2022,12,31.392720022583006,67.32368583822004,46.62953258088133,S1_SAR_fallback,,0
Mahakanumulla Wewa,2023-01-05,2023,1,30.592140563201905,67.32368583822004,45.44038280482049,S1_SAR_fallback,,0
Mahakanumulla Wewa,2023-01-17,2023,1,28.070316180419923,67.32368583822004,41.69456236824789,S1_SAR_fallback,,0
Mahakanumulla Wewa,2023-01-29,2023,1,28.13035986404419,67.32368583822004,41.78374893442691,S1_SAR_fallback,,0
Mahakanumulla Wewa,2023-02-10,2023,2,27.049577433776854,67.32368583822004,40.17839649893419,S1_SAR_fallback,,0
Mahakanumulla Wewa,2023-02-22,2023,2,27.009548782348634,67.32368583822004,40.118939487735474,S1_SAR_fallback,,0
Mahakanumulla Wewa,2023-03-06,2023,3,26.549215503692626,67.32368583822004,39.435178233543006,S1_SAR_fallback,,0
Mahakanumulla Wewa,2023-03-18,2023,3,25.91875947494507,67.32368583822004,38.498723223841736,S1_SAR_fallback,,0
Mahakanumulla Wewa,2023-03-30,2023,3,26.17894780883789,67.32368583822004,38.88519691531201,S1_SAR_fallback,,0
Mahakanumulla Wewa,2023-04-11,2023,4,23.77720976333618,67.32368583822004,35.31774808122244,S1_SAR_fallback,,0
Mahakanumulla Wewa,2023-04-23,2023,4,23.16676791229248,67.32368583822004,34.41102135727182,S1_SAR_fallback,,0
Mahakanumulla Wewa,2023-05-05,2023,5,23.897296585845947,67.32368583822004,35.49612040444659,S1_SAR_fallback,,0
Mahakanumulla Wewa,2023-05-17,2023,5,23.29686228713989,67.32368583822004,34.60425851181506,S1_SAR_fallback,,0
Mahakanumulla Wewa,2023-05-29,2023,5,22.055964199829106,67.32368583822004,32.76107646992168,S1_SAR_fallback,,0
Mahakanumulla Wewa,2023-06-10,2023,6,21.495558524322508,67.32368583822004,31.928671546558963,S1_SAR_fallback,,0
Mahakanumulla Wewa,2023-06-22,2023,6,23.55705032348633,67.32368583822004,34.99073176132145,S1_SAR_fallback,,0
Mahakanumulla Wewa,2023-07-04,2023,7,22.06597127380371,67.32368583822004,32.77594059069881,S1_SAR_fallback,,0
Mahakanumulla Wewa,2023-07-16,2023,7,22.77648510971069,67.32368583822004,33.83131037186968,S1_SAR_fallback,,0
Mahakanumulla Wewa,2023-07-28,2023,7,17.653376912689208,67.32368583822004,26.22164353138741,S2_MNDWI,2023-07-29,1
Mahakanumulla Wewa,2023-08-09,2023,8,18.6434941986084,67.32368583822004,27.69232546686322,S1_SAR_fallback,,0
Mahakanumulla Wewa,2023-09-02,2023,9,19.565377195739742,67.32368583822004,29.06165482792442,S1_SAR_fallback,,0
Mahakanumulla Wewa,2023-09-14,2023,9,18.96372634124756,67.32368583822004,28.167985910364017,S1_SAR_fallback,,0
Mahakanumulla Wewa,2023-09-26,2023,9,17.32552141574635,67.32368583822004,25.7346596521466,S1_SAR_fallback,,0
Mahakanumulla Wewa,2023-10-08,2023,10,17.33254604873657,67.32368583822004,25.74509377039601,S1_SAR_fallback,,0
Mahakanumulla Wewa,2023-10-20,2023,10,20.484826975250243,67.32368583822004,30.42736998160741,S1_SAR_fallback,,0
Mahakanumulla Wewa,2023-11-01,2023,11,21.305420686340334,67.32368583822004,31.646248153343272,S1_SAR_fallback,,0
Mahakanumulla Wewa,2023-11-13,2023,11,54.91585985330919,67.32368583822004,81.56989500734248,S1_SAR_fallback,,0
Mahakanumulla Wewa,2023-11-25,2023,11,53.5330165031942,67.32368583822004,79.5158729601272,S1_SAR_fallback,,0
Mahakanumulla Wewa,2023-12-07,2023,12,52.25927177833707,67.32368583822004,77.62390179277615,S1_SAR_fallback,,0
Mahakanumulla Wewa,2023-12-19,2023,12,51.19434387300978,67.32368583822004,76.04209905564389,S1_SAR_fallback,,0
Mahakanumulla Wewa,2023-12-31,2023,12,50.49277748709585,67.32368583822004,75.00001947075631,S1_SAR_fallback,,0
Mahakanumulla Wewa,2024-01-12,2024,1,49.78151769829843,67.32368583822004,73.94354168000288,S1_SAR_fallback,,0
Mahakanumulla Wewa,2024-01-24,2024,1,41.1077083207194,67.32368583822004,61.05980058712459,S2_MNDWI,2024-01-25,1
Mahakanumulla Wewa,2024-02-05,2024,2,42.56080179519653,67.32368583822004,63.218169452978046,S1_SAR_fallback,,0
Mahakanumulla Wewa,2024-02-17,2024,2,40.72947657775879,67.32368583822004,60.497989779752125,S1_SAR_fallback,,0
Mahakanumulla Wewa,2024-02-29,2024,2,39.95891870117188,67.32368583822004,59.35343290204555,S1_SAR_fallback,,0
Mahakanumulla Wewa,2024-03-12,2024,3,30.64517421875,67.32368583822004,45.51915694632476,S2_MNDWI,2024-03-10,2
Mahakanumulla Wewa,2024-03-24,2024,3,37.3770507194519,67.32368583822004,55.51842602508364,S1_SAR_fallback,,0
Mahakanumulla Wewa,2024-04-05,2024,4,34.95467015457153,67.32368583822004,51.9203155908133,S1_SAR_fallback,,0
Mahakanumulla Wewa,2024-04-17,2024,4,32.47350200500488,67.32368583822004,48.234884351161725,S1_SAR_fallback,,0
Mahakanumulla Wewa,2024-04-29,2024,4,31.46131847690358,67.32368583822004,46.73142607269848,S1_SAR_fallback,,0
Mahakanumulla Wewa,2024-05-11,2024,5,31.29190222859401,67.32368583822004,46.47978172762107,S1_SAR_fallback,,0
Mahakanumulla Wewa,2024-05-23,2024,5,42.28836789708456,67.32368583822004,62.81350667386842,S1_SAR_fallback,,0
Mahakanumulla Wewa,2024-06-04,2024,6,47.60445245819092,67.32368583822004,70.70981314449305,S1_SAR_fallback,,0
Mahakanumulla Wewa,2024-06-16,2024,6,44.81243170013428,67.32368583822004,66.56265345872373,S1_SAR_fallback,,0
Mahakanumulla Wewa,2024-07-10,2024,7,37.67726849746704,67.32368583822004,55.964357905189786,S1_SAR_fallback,,0
Mahakanumulla Wewa,2024-07-22,2024,7,35.86595708465576,67.32368583822004,53.27390596355978,S1_SAR_fallback,,0
Mahakanumulla Wewa,2024-08-03,2024,8,31.95312575988769,67.32368583822004,47.46193759603655,S1_SAR_fallback,,0
Mahakanumulla Wewa,2024-08-15,2024,8,34.70511718139648,67.32368583822004,51.54963925295692,S1_SAR_fallback,,0
Mahakanumulla Wewa,2024-08-27,2024,8,30.622162687683105,67.32368583822004,45.484976507775706,S1_SAR_fallback,,0
Mahakanumulla Wewa,2024-09-20,2024,9,25.964596462665632,67.32368583822004,38.56680771320067,S1_SAR_fallback,,0
Mahakanumulla Wewa,2024-10-02,2024,10,18.54834922485352,67.32368583822004,27.55100080144975,S2_MNDWI,2024-10-01,1
Mahakanumulla Wewa,2024-10-14,2024,10,19.2939650390625,67.32368583822004,28.658509704038227,S1_SAR_fallback,,0
Mahakanumulla Wewa,2024-10-26,2024,10,18.093096048736573,67.32368583822004,26.87478533515617,S1_SAR_fallback,,0
Mahakanumulla Wewa,2024-11-07,2024,11,47.912596462438245,67.32368583822004,71.16751833459182,S1_SAR_fallback,,0
Mahakanumulla Wewa,2024-11-19,2024,11,44.562250560760496,67.32368583822004,66.19104406708263,S1_SAR_fallback,,0
Mahakanumulla Wewa,2024-12-13,2024,12,52.96680279873718,67.32368583822004,78.67484101511806,S1_SAR_fallback,,0
Mahakanumulla Wewa,2024-12-25,2024,12,48.703090203498384,67.32368583822004,72.34168717460409,S1_SAR_fallback,,0
Mahakanumulla Wewa,2025-01-06,2025,1,46.63151231586531,67.32368583822004,69.26464547398908,S1_SAR_fallback,,0
Mahakanumulla Wewa,2025-01-18,2025,1,44.36944428909602,67.32368583822004,65.90465708564524,S1_SAR_fallback,,0
Mahakanumulla Wewa,2025-01-30,2025,1,42.81989155791339,67.32368583822004,63.60301136929773,S1_SAR_fallback,,0
Mahakanumulla Wewa,2025-02-11,2025,2,41.30459878008674,67.32368583822004,61.352254063068365,S1_SAR_fallback,,0
Mahakanumulla Wewa,2025-02-23,2025,2,39.23404142126644,67.32368583822004,58.27672821649502,S1_SAR_fallback,,0
Mahakanumulla Wewa,2025-03-07,2025,3,35.395385612314264,67.32368583822004,52.57493729230745,S2_MNDWI,2025-03-05,2
Mahakanumulla Wewa,2025-03-19,2025,3,39.898875440979005,67.32368583822004,59.26424696481515,S1_SAR_fallback,,0
Mahakanumulla Wewa,2025-03-31,2025,3,37.30699987945557,67.32368583822004,55.41437521573748,S1_SAR_fallback,,0
Mahakanumulla Wewa,2025-04-12,2025,4,35.69583388061523,67.32368583822004,53.02121153377272,S1_SAR_fallback,,0
Mahakanumulla Wewa,2025-04-24,2025,4,35.315558976745606,67.32368583822004,52.456365894180976,S1_SAR_fallback,,0
Mahakanumulla Wewa,2025-05-06,2025,5,37.72373310244092,67.32368583822004,56.03337463295115,S1_SAR_fallback,,0
Mahakanumulla Wewa,2025-05-18,2025,5,35.98604433441162,67.32368583822004,53.45227892139878,S1_SAR_fallback,,0
Mahakanumulla Wewa,2025-05-30,2025,5,34.27480554733276,67.32368583822004,50.91047098891124,S1_SAR_fallback,,0
Mahakanumulla Wewa,2025-06-11,2025,6,39.60866594085693,67.32368583822004,58.83318099374005,S1_SAR_fallback,,0
Mahakanumulla Wewa,2025-06-23,2025,6,37.1568915222168,67.32368583822004,55.19141006555321,S1_SAR_fallback,,0
Mahakanumulla Wewa,2025-07-05,2025,7,34.114689945220945,67.32368583822004,50.67264146410392,S1_SAR_fallback,,0
Mahakanumulla Wewa,2025-07-17,2025,7,31.452763762664794,67.32368583822004,46.71871923092018,S1_SAR_fallback,,0
Mahakanumulla Wewa,2025-07-29,2025,7,8.811920331573486,67.32368583822004,13.088885764140542,S2_MNDWI,2025-07-28,1
Mahakanumulla Wewa,2025-08-10,2025,8,3.4925275344848634,67.32368583822004,5.187665367694612,S1_SAR_fallback,,0
Mahakanumulla Wewa,2025-08-22,2025,8,0.444185987773222,67.32368583822004,0.6597766926199028,S2_MNDWI,2025-08-22,0
Mahakanumulla Wewa,2025-09-03,2025,9,4.504868103610767,67.32368583822004,6.691356908824098,S1_SAR_fallback,,0
Mahakanumulla Wewa,2025-09-15,2025,9,3.9028249298095705,67.32368583822004,5.797105255330382,S1_SAR_fallback,,0
Mahakanumulla Wewa,2025-09-27,2025,9,1.811310891723633,67.32368583822004,2.690451167626567,S1_SAR_fallback,,0
Mahakanumulla Wewa,2025-10-09,2025,10,0.1801303932189941,67.32368583822004,0.267558721683555,S1_SAR_fallback,,0
Mahakanumulla Wewa,2025-10-21,2025,10,20.574891979980467,67.32368583822004,30.56114905743913,S1_SAR_fallback,,0
Mahakanumulla Wewa,2025-11-02,2025,11,21.08572045440674,67.32368583822004,31.31991392312668,S2_MNDWI,2025-10-31,2
Mahakanumulla Wewa,2025-11-14,2025,11,14.940814698028564,67.32368583822004,22.19250849386291,S1_SAR_fallback,,0
Mahakanumulla Wewa,2025-11-26,2025,11,37.35703657836914,67.32368583822004,55.48869779372853,S1_SAR_fallback,,0
Mahakanumulla Wewa,2025-12-02,2025,12,41.05971605682373,67.32368583822004,60.98851473386488,S1_SAR_fallback,,0
Mahakanumulla Wewa,2025-12-08,2025,12,34.17473357467652,67.32368583822004,50.76182794982286,S1_SAR_fallback,,0
Mahakanumulla Wewa,2025-12-20,2025,12,38.465956753827264,67.32368583822004,57.135844948034496,S1_SAR_fallback,,0
Manakkulama Wewa,2021-01-03,2021,1,0.0,15.454931304694052,0.0,S1_SAR,,0
Manakkulama Wewa,2021-01-15,2021,1,1.391028498840332,15.454931304694052,9.000547924906284,S1_SAR,,0
Manakkulama Wewa,2021-01-27,2021,1,0.3102293769836425,15.454931304694052,2.007316440736415,S1_SAR,,0
Manakkulama Wewa,2021-02-08,2021,2,0.3102293884277344,15.454931304694052,2.007316514784572,S1_SAR,,0
Manakkulama Wewa,2021-02-20,2021,2,0.4803551643371582,15.454931304694052,3.1081028758197213,S1_SAR,,0
Manakkulama Wewa,2021-03-04,2021,3,0.3302441841125488,15.454931304694052,2.1368207829707107,S1_SAR,,0
Manakkulama Wewa,2021-03-16,2021,3,0.1100813987731933,15.454931304694052,0.7122736206518037,S1_SAR,,0
Manakkulama Wewa,2021-03-28,2021,3,0.3202367881774902,15.454931304694052,2.0720686612190007,S1_SAR,,0
Manakkulama Wewa,2021-04-09,2021,4,0.2401775856018066,15.454931304694052,1.5540514601243078,S1_SAR,,0
Manakkulama Wewa,2021-04-21,2021,4,0.4303181823730468,15.454931304694052,2.784342252251541,S1_SAR,,0
Manakkulama Wewa,2021-05-03,2021,5,0.080059186553955,15.454931304694052,0.5180170974272729,S1_SAR,,0
Manakkulama Wewa,2021-05-15,2021,5,0.6504809669494629,15.454931304694052,4.208889409633905,S1_SAR,,0
Manakkulama Wewa,2021-05-27,2021,5,0.2101553833007812,15.454931304694052,1.3597950010748463,S1_SAR,,0
Manakkulama Wewa,2021-06-08,2021,6,0.4403255699157715,15.454931304694052,2.849094319701269,S1_SAR,,0
Manakkulama Wewa,2021-06-14,2021,6,0.4403255752563476,15.454931304694052,2.849094354257076,S1_SAR,,0
Manakkulama Wewa,2021-06-20,2021,6,0.4903625534057617,15.454931304694052,3.172854953142537,S1_SAR,,0
Manakkulama Wewa,2021-07-02,2021,7,0.0300221946716308,15.454931304694052,0.1942564096840234,S1_SAR,,0
Manakkulama Wewa,2021-07-14,2021,7,0.5604143859863281,15.454931304694052,3.626120200328009,S1_SAR,,0
Manakkulama Wewa,2021-07-26,2021,7,0.1401036109924316,15.454931304694052,0.9065301438763343,S1_SAR,,0
Manakkulama Wewa,2021-08-07,2021,8,0.330244189453125,15.454931304694052,2.136820817526517,S1_SAR,,0
Manakkulama Wewa,2021-08-19,2021,8,0.2701997634887695,15.454931304694052,1.7483077612043676,S1_SAR,,0
Manakkulama Wewa,2021-08-31,2021,8,0.4703477500915527,15.454931304694052,3.04335063559096,S1_SAR,,0
Manakkulama Wewa,2021-09-12,2021,9,0.3902885803222656,15.454931304694052,2.525333646767651,S1_SAR,,0
Manakkulama Wewa,2021-09-24,2021,9,0.3102294059753418,15.454931304694052,2.0073166283250794,S1_SAR,,0
Manakkulama Wewa,2021-10-06,2021,10,0.5504069763183593,15.454931304694052,3.5613679897185104,S1_SAR,,0
Manakkulama Wewa,2021-10-18,2021,10,0.5904365692138672,15.454931304694052,3.820376535963876,S1_SAR,,0
Manakkulama Wewa,2021-10-30,2021,10,0.7405475471496582,15.454931304694052,4.791658614003255,S1_SAR,,0
Manakkulama Wewa,2021-11-17,2021,11,2.231650282287598,15.454931304694052,14.439729548392036,S1_SAR,,0
Manakkulama Wewa,2021-11-23,2021,11,1.5711618156433105,15.454931304694052,10.166087345636464,S1_SAR,,0
Manakkulama Wewa,2021-12-05,2021,12,0.3902886436462402,15.454931304694052,2.5253340565007867,S1_SAR,,0
Manakkulama Wewa,2021-12-17,2021,12,0.5303922531127929,15.454931304694052,3.431864190504033,S1_SAR,,0
Manakkulama Wewa,2021-12-29,2021,12,0.5003700416564941,15.454931304694052,3.2376076722160465,S1_SAR,,0
Manakkulama Wewa,2022-01-10,2022,1,0.8206068222045898,15.454931304694052,5.309676284069608,S1_SAR,,0
Manakkulama Wewa,2022-01-22,2022,1,0.0600444122314453,15.454931304694052,0.3885129674643608,S1_SAR,,0
Manakkulama Wewa,2022-02-03,2022,2,0.3102294136047363,15.454931304694052,2.0073166776905174,S1_SAR,,0
Manakkulama Wewa,2022-02-15,2022,2,0.7205327880859375,15.454931304694052,4.662154582771219,S1_SAR,,0
Manakkulama Wewa,2022-02-27,2022,2,0.7705697692871094,15.454931304694052,4.985915201402856,S1_SAR,,0
Manakkulama Wewa,2022-03-11,2022,3,0.9106733589172364,15.454931304694052,5.892445207055964,S1_SAR,,0
Manakkulama Wewa,2022-03-23,2022,3,0.9707177436828612,15.454931304694052,6.280957996804748,S1_SAR,,0
Manakkulama Wewa,2022-04-04,2022,4,0.980725163269043,15.454931304694052,6.345710271589315,S1_SAR,,0
Manakkulama Wewa,2022-04-16,2022,4,1.891398529815674,15.454931304694052,12.238155528010717,S1_SAR,,0
Manakkulama Wewa,2022-04-28,2022,4,1.3309841339111328,15.454931304694052,8.612035263507638,S1_SAR,,0
Manakkulama Wewa,2022-05-10,2022,5,0.730540145111084,15.454931304694052,4.726906452759196,S1_SAR,,0
Manakkulama Wewa,2022-05-22,2022,5,0.9507029640197754,15.454931304694052,6.151453832286029,S1_SAR,,0
Manakkulama Wewa,2022-06-03,2022,6,0.8806511367797851,15.454931304694052,5.698188619656363,S1_SAR,,0
Manakkulama Wewa,2022-06-15,2022,6,1.6812430320739746,15.454931304694052,10.8783597864543,S1_SAR,,0
Manakkulama Wewa,2022-06-27,2022,6,1.290954514312744,15.454931304694052,8.35302654448324,S1_SAR,,0
Manakkulama Wewa,2022-07-09,2022,7,1.7112652236938477,15.454931304694052,11.072616176392147,S1_SAR,,0
Manakkulama Wewa,2022-07-21,2022,7,1.180873073577881,15.454931304694052,7.640752652321528,S1_SAR,,0
Manakkulama Wewa,2022-08-02,2022,8,1.4310580284118652,15.454931304694052,9.259556061418513,S1_SAR,,0
Manakkulama Wewa,2022-08-14,2022,8,1.5911764488220217,15.454931304694052,10.295590562338774,S1_SAR,,0
Manakkulama Wewa,2022-08-26,2022,8,1.2909545135498046,15.454931304694052,8.353026539546695,S1_SAR,,0
Manakkulama Wewa,2022-09-07,2022,9,0.8105993530273438,15.454931304694052,5.244923688409695,S1_SAR,,0
Manakkulama Wewa,2022-09-19,2022,9,0.7305401390075683,15.454931304694052,4.726906413266844,S1_SAR,,0
Manakkulama Wewa,2022-10-01,2022,10,0.6104513816833496,15.454931304694052,3.949880912753977,S1_SAR,,0
Manakkulama Wewa,2022-10-13,2022,10,0.3802811782836914,15.454931304694052,2.460581485523591,S1_SAR,,0
Manakkulama Wewa,2022-10-25,2022,10,0.0,15.454931304694052,0.0,S1_SAR,,0
Manakkulama Wewa,2022-11-06,2022,11,0.2601924026489258,15.454931304694052,1.6835558665336727,S1_SAR,,0
Manakkulama Wewa,2022-11-18,2022,11,0.3702737838745117,15.454931304694052,2.3958293736449687,S1_SAR,,0
Manakkulama Wewa,2022-11-30,2022,11,0.2201627853393554,15.454931304694052,1.4245471623189063,S1_SAR,,0
Manakkulama Wewa,2022-12-12,2022,12,0.4002959747314453,15.454931304694052,2.590085758646273,S1_SAR,,0
Manakkulama Wewa,2022-12-24,2022,12,0.4603403747558593,15.454931304694052,2.9785986471259336,S1_SAR,,0
Manakkulama Wewa,2023-01-05,2023,1,0.5604143478393555,15.454931304694052,3.6261199535008193,S1_SAR,,0
Manakkulama Wewa,2023-01-17,2023,1,0.3402515762329101,15.454931304694052,2.2015728800397008,S1_SAR,,0
Manakkulama Wewa,2023-01-29,2023,1,0.610451375579834,15.454931304694052,3.949880873261627,S1_SAR,,0
Manakkulama Wewa,2023-02-10,2023,2,0.6805031692504883,15.454931304694052,4.4031458686833655,S1_SAR,,0
Manakkulama Wewa,2023-02-22,2023,2,0.4303181800842285,15.454931304694052,2.78434223744191,S1_SAR,,0
Manakkulama Wewa,2023-03-06,2023,3,0.3702737823486328,15.454931304694052,2.395829363771881,S1_SAR,,0
Manakkulama Wewa,2023-03-18,2023,3,0.650480958557129,15.454931304694052,4.208889355331922,S1_SAR,,0
Manakkulama Wewa,2023-03-30,2023,3,0.3502589721679687,15.454931304694052,2.2663250017914107,S1_SAR,,0
Manakkulama Wewa,2023-04-11,2023,4,0.6304661720275879,15.454931304694052,4.079385146384309,S1_SAR,,0
Manakkulama Wewa,2023-04-23,2023,4,0.4503329757690429,15.454931304694052,2.9138465056280483,S1_SAR,,0
Manakkulama Wewa,2023-05-05,2023,5,0.5103773719787598,15.454931304694052,3.302359369424989,S1_SAR,,0
Manakkulama Wewa,2023-05-17,2023,5,0.4803551742553711,15.454931304694052,3.1081029399947906,S1_SAR,,0
Manakkulama Wewa,2023-05-29,2023,5,0.3802811820983887,15.454931304694052,2.46058151020631,S1_SAR,,0
Manakkulama Wewa,2023-06-10,2023,6,0.310229362487793,15.454931304694052,2.0073163469420825,S1_SAR,,0
Manakkulama Wewa,2023-06-22,2023,6,0.4603403800964355,15.454931304694052,2.97859868168174,S1_SAR,,0
Manakkulama Wewa,2023-07-04,2023,7,0.4403255767822265,15.454931304694052,2.849094364130164,S1_SAR,,0
Manakkulama Wewa,2023-07-16,2023,7,0.1300961891174316,15.454931304694052,0.8417778542821356,S1_SAR,,0
Manakkulama Wewa,2023-07-28,2023,7,0.4403255851745605,15.454931304694052,2.8490944184321454,S1_SAR,,0
Manakkulama Wewa,2023-08-09,2023,8,0.1601184036254883,15.454931304694052,1.0360343923162978,S1_SAR,,0
Manakkulama Wewa,2023-09-02,2023,9,0.5904366554260254,15.454931304694052,3.820377093793325,S1_SAR,,0
Manakkulama Wewa,2023-09-14,2023,9,0.1300962364196777,15.454931304694052,0.8417781603478511,S1_SAR,,0
Manakkulama Wewa,2023-09-26,2023,9,0.2437488560216567,15.454931304694052,1.5771591035647248,S1_SAR,,0
Manakkulama Wewa,2023-10-08,2023,10,0.2628610481262207,15.454931304694052,1.700823141455072,S1_SAR,,0
Manakkulama Wewa,2023-10-20,2023,10,0.8005919456481934,15.454931304694052,5.180171492609827,S1_SAR,,0
Manakkulama Wewa,2023-11-01,2023,11,0.6204587516784668,15.454931304694052,4.014632866663198,S1_SAR,,0
Manakkulama Wewa,2023-11-13,2023,11,2.691990419769287,15.454931304694052,17.418326660252845,S1_SAR,,0
Manakkulama Wewa,2023-11-25,2023,11,1.7412874786376953,15.454931304694052,11.266872976063132,S1_SAR,,0
Manakkulama Wewa,2023-12-07,2023,12,1.3109693176269532,15.454931304694052,8.482530862034817,S1_SAR,,0
Manakkulama Wewa,2023-12-19,2023,12,1.2209027114868165,15.454931304694052,7.8997614898229775,S1_SAR,,0
Manakkulama Wewa,2023-12-31,2023,12,1.4510728729248046,15.454931304694052,9.389060645543454,S1_SAR,,0
Manakkulama Wewa,2024-01-12,2024,1,1.33098409576416,15.454931304694052,8.612035016680448,S1_SAR,,0
Manakkulama Wewa,2024-01-24,2024,1,1.3910284698486328,15.454931304694052,9.000547737317618,S1_SAR,,0
Manakkulama Wewa,2024-02-05,2024,2,1.0908065223693848,15.454931304694052,7.057983635540841,S1_SAR,,0
Manakkulama Wewa,2024-02-17,2024,2,1.0307621284484862,15.454931304694052,6.669470786553531,S1_SAR,,0
Manakkulama Wewa,2024-02-29,2024,2,1.3710136932373047,15.454931304694052,8.871043592545076,S1_SAR,,0
Manakkulama Wewa,2024-03-12,2024,3,1.4810950477600098,15.454931304694052,9.58331692687734,S1_SAR,,0
Manakkulama Wewa,2024-03-24,2024,3,1.310969287109375,15.454931304694052,8.482530664573066,S1_SAR,,0
Manakkulama Wewa,2024-04-05,2024,4,1.3309840827941894,15.454931304694052,8.612034932759203,S1_SAR,,0
Manakkulama Wewa,2024-04-17,2024,4,0.920680704498291,15.454931304694052,5.957197002995782,S1_SAR,,0
Manakkulama Wewa,2024-04-29,2024,4,1.0107473014831545,15.454931304694052,6.539966315969097,S1_SAR,,0
Manakkulama Wewa,2024-05-11,2024,5,0.770569741821289,15.454931304694052,4.985915023687278,S1_SAR,,0
Manakkulama Wewa,2024-05-23,2024,5,0.0900665924072265,15.454931304694052,0.582769283354052,S1_SAR,,0
Manakkulama Wewa,2024-06-04,2024,6,0.6604883407592773,15.454931304694052,4.273641388225843,S1_SAR,,0
Manakkulama Wewa,2024-06-16,2024,6,0.4203107398986816,15.454931304694052,2.71958982937066,S1_SAR,,0
Manakkulama Wewa,2024-07-10,2024,7,0.5103773300170898,15.454931304694052,3.3023590979150805,S1_SAR,,0
Manakkulama Wewa,2024-07-22,2024,7,0.4203107627868652,15.454931304694052,2.7195899774669736,S1_SAR,,0
Manakkulama Wewa,2024-08-03,2024,8,0.5504069129943847,15.454931304694052,3.561367579985375,S1_SAR,,0
Manakkulama Wewa,2024-08-15,2024,8,0.1701257759094238,15.454931304694052,1.1007863610351496,S1_SAR,,0
Manakkulama Wewa,2024-08-27,2024,8,0.140103579711914,15.454931304694052,0.9065299414780386,S1_SAR,,0
Manakkulama Wewa,2024-09-20,2024,9,0.1501109794616699,15.454931304694052,0.9712820879124676,S1_SAR,,0
Manakkulama Wewa,2024-10-02,2024,10,0.0,15.454931304694052,0.0,S1_SAR,,0
Manakkulama Wewa,2024-10-14,2024,10,0.0,15.454931304694052,0.0,S1_SAR,,0
Manakkulama Wewa,2024-10-26,2024,10,0.0,15.454931304694052,0.0,S1_SAR,,0
Manakkulama Wewa,2024-11-07,2024,11,0.4903625267028809,15.454931304694052,3.1728547803635045,S1_SAR,,0
Manakkulama Wewa,2024-11-19,2024,11,0.3302442024230957,15.454931304694052,2.136820901447761,S1_SAR,,0
Manakkulama Wewa,2024-12-13,2024,12,1.8513688980102536,15.454931304694052,11.979146730001618,S1_SAR,,0
Manakkulama Wewa,2024-12-25,2024,12,1.7012578689575195,15.454931304694052,11.007864321213804,S1_SAR,,0
Manakkulama Wewa,2025-01-06,2025,1,1.5311321403503415,15.454931304694052,9.907078266244367,S1_SAR,,0
Manakkulama Wewa,2025-01-18,2025,1,1.7613023178100586,15.454931304694052,11.396377525632268,S1_SAR,,0
Manakkulama Wewa,2025-01-30,2025,1,1.8313541114807128,15.454931304694052,11.849642521054005,S1_SAR,,0
Manakkulama Wewa,2025-02-11,2025,2,1.691250552368164,15.454931304694052,10.943112712862648,S1_SAR,,0
Manakkulama Wewa,2025-02-23,2025,2,1.551146942138672,15.454931304694052,10.03658257392286,S1_SAR,,0
Manakkulama Wewa,2025-03-07,2025,3,1.4710877540588378,15.454931304694052,9.518565466622498,S1_SAR,,0
Manakkulama Wewa,2025-03-19,2025,3,1.2809471603393554,15.454931304694052,8.288274694241439,S1_SAR,,0
Manakkulama Wewa,2025-03-31,2025,3,0.9306881492614746,15.454931304694052,6.021949440686295,S1_SAR,,0
Manakkulama Wewa,2025-04-12,2025,4,1.0407695610046386,15.454931304694052,6.734223145259342,S1_SAR,,0
Manakkulama Wewa,2025-04-24,2025,4,0.7805771934509277,15.454931304694052,5.050667505806686,S1_SAR,,0
Manakkulama Wewa,2025-05-06,2025,5,0.6604883651733399,15.454931304694052,4.273641546195246,S1_SAR,,0
Manakkulama Wewa,2025-05-18,2025,5,0.4703477882385254,15.454931304694052,3.0433508824181508,S1_SAR,,0
Manakkulama Wewa,2025-05-30,2025,5,0.2401775741577148,15.454931304694052,1.554051386076151,S1_SAR,,0
Manakkulama Wewa,2025-06-11,2025,6,0.1801331848144531,15.454931304694052,1.165538566708104,S1_SAR,,0
Manakkulama Wewa,2025-06-23,2025,6,0.2401775718688965,15.454931304694052,1.5540513712665194,S1_SAR,,0
Manakkulama Wewa,2025-07-05,2025,7,0.6004439071655273,15.454931304694052,3.885128282538256,S1_SAR,,0
Manakkulama Wewa,2025-07-17,2025,7,0.7705696800231934,15.454931304694052,4.985914623827231,S1_SAR,,0
Manakkulama Wewa,2025-07-29,2025,7,0.4903625244140625,15.454931304694052,3.1728547655538724,S1_SAR,,0
Manakkulama Wewa,2025-08-10,2025,8,0.5003699104309082,15.454931304694052,3.237606823130513,S1_SAR,,0
Manakkulama Wewa,2025-08-22,2025,8,0.5804290969848633,15.454931304694052,3.755623920557786,S1_SAR,,0
Manakkulama Wewa,2025-09-03,2025,9,0.4103032989501953,15.454931304694052,2.654837416362866,S1_SAR,,0
Manakkulama Wewa,2025-09-15,2025,9,0.0,15.454931304694052,0.0,S1_SAR,,0
Manakkulama Wewa,2025-09-27,2025,9,0.0,15.454931304694052,0.0,S1_SAR,,0
Manakkulama Wewa,2025-10-09,2025,10,0.0,15.454931304694052,0.0,S1_SAR,,0
Manakkulama Wewa,2025-10-21,2025,10,0.8105992980957031,15.454931304694052,5.244923332978541,S1_SAR,,0
Manakkulama Wewa,2025-11-02,2025,11,0.6204587478637695,15.454931304694052,4.014632841980479,S1_SAR,,0
Manakkulama Wewa,2025-11-14,2025,11,0.450332982635498,15.454931304694052,2.9138465500569426,S1_SAR,,0
Manakkulama Wewa,2025-11-26,2025,11,0.5904365951538086,15.454931304694052,3.8203767038063647,S1_SAR,,0
Manakkulama Wewa,2025-12-02,2025,12,3.861640107350069,15.454931304694052,24.986459216270937,S1_SAR,,0
Manakkulama Wewa,2025-12-08,2025,12,0.960710375213623,15.454931304694052,6.216206052768614,S1_SAR,,0
Manakkulama Wewa,2025-12-20,2025,12,0.7905845504760742,15.454931304694052,5.115419375794661,S1_SAR,,0
Marikkaragama Wewa,2021-01-03,2021,1,1.971421640777588,18.836068693797912,10.46620541061581,S1_SAR,,0
Marikkaragama Wewa,2021-01-15,2021,1,1.8913638969421387,18.836068693797912,10.04118177571152,S1_SAR,,0
Marikkaragama Wewa,2021-01-27,2021,1,1.8413278373718265,18.836068693797912,9.775542164900438,S1_SAR,,0
Marikkaragama Wewa,2021-02-08,2021,2,1.9113783935546875,18.836068693797912,10.147438006445796,S1_SAR,,0
Marikkaragama Wewa,2021-02-20,2021,2,2.111522677612305,18.836068693797912,11.209996692715176,S1_SAR,,0
Marikkaragama Wewa,2021-03-04,2021,3,1.9113783584594728,18.836068693797912,10.147437820126584,S1_SAR,,0
Marikkaragama Wewa,2021-03-16,2021,3,1.8613422821044925,18.836068693797912,9.881798120206314,S1_SAR,,0
Marikkaragama Wewa,2021-03-28,2021,3,1.851335102081299,18.836068693797912,9.828670367351556,S1_SAR,,0
Marikkaragama Wewa,2021-04-09,2021,4,2.0414721870422365,18.836068693797912,10.83810119950574,S1_SAR,,0
Marikkaragama Wewa,2021-04-21,2021,4,1.991436129760742,18.836068693797912,10.57246160084591,S1_SAR,,0
Marikkaragama Wewa,2021-05-03,2021,5,1.5311041465759276,18.836068693797912,8.128575933045248,S1_SAR,,0
Marikkaragama Wewa,2021-05-15,2021,5,2.11152268447876,18.836068693797912,11.209996729168935,S1_SAR,,0
Marikkaragama Wewa,2021-05-27,2021,5,1.9313927886962887,18.836068693797912,10.253693698474525,S1_SAR,,0
Marikkaragama Wewa,2021-06-08,2021,6,1.631176351928711,18.836068693797912,8.659855612364606,S1_SAR,,0
Marikkaragama Wewa,2021-06-14,2021,6,1.9514072677612304,18.836068693797912,10.359949836049196,S1_SAR,,0
Marikkaragama Wewa,2021-06-20,2021,6,2.377989381462546,18.836068693797912,12.62465868074445,S1_SAR,,0
Marikkaragama Wewa,2021-07-02,2021,7,2.068825261484782,18.836068693797912,10.983317671622087,S1_SAR,,0
Marikkaragama Wewa,2021-07-14,2021,7,1.8113062408447265,18.836068693797912,9.616158606605255,S1_SAR,,0
Marikkaragama Wewa,2021-07-26,2021,7,1.391003189086914,18.836068693797912,7.38478507218932,S1_SAR,,0
Marikkaragama Wewa,2021-08-07,2021,8,1.0207361572265623,18.836068693797912,5.419050937962744,S1_SAR,,0
Marikkaragama Wewa,2021-08-19,2021,8,0.8806351028442383,18.836068693797912,4.675259562703771,S1_SAR,,0
Marikkaragama Wewa,2021-08-31,2021,8,0.9106567863464357,18.836068693797912,4.8346435827465655,S1_SAR,,0
Marikkaragama Wewa,2021-09-12,2021,9,0.880635107421875,18.836068693797912,4.675259587006277,S1_SAR,,0
Marikkaragama Wewa,2021-09-24,2021,9,1.3709886505126954,18.836068693797912,7.278528618682071,S1_SAR,,0
Marikkaragama Wewa,2021-10-06,2021,10,0.4403175453186035,18.836068693797912,2.3376297489485443,S1_SAR,,0
Marikkaragama Wewa,2021-10-18,2021,10,0.6104402626037597,18.836068693797912,3.2408050348890334,S1_SAR,,0
Marikkaragama Wewa,2021-10-30,2021,10,1.350974269104004,18.836068693797912,7.172272999560861,S1_SAR,,0
Marikkaragama Wewa,2021-11-17,2021,11,2.661919545745849,18.836068693797912,14.132033541703588,S1_SAR,,0
Marikkaragama Wewa,2021-11-23,2021,11,2.441760797119141,18.836068693797912,12.963218794817472,S1_SAR,,0
Marikkaragama Wewa,2021-12-05,2021,12,2.021457754516601,18.836068693797912,10.731845309006545,S1_SAR,,0
Marikkaragama Wewa,2021-12-17,2021,12,1.2809237579345705,18.836068693797912,6.800377396990146,S1_SAR,,0
Marikkaragama Wewa,2021-12-29,2021,12,1.9113783668518067,18.836068693797912,10.147437864681178,S1_SAR,,0
Marikkaragama Wewa,2022-01-10,2022,1,1.8113061843872071,18.836068693797912,9.616158306874352,S1_SAR,,0
Marikkaragama Wewa,2022-01-22,2022,1,2.121529916381836,18.836068693797912,11.263124757452092,S1_SAR,,0
Marikkaragama Wewa,2022-02-03,2022,2,1.921385577392578,18.836068693797912,10.200565779552642,S1_SAR,,0
Marikkaragama Wewa,2022-02-15,2022,2,2.121529852294922,18.836068693797912,11.26312441721701,S1_SAR,,0
Marikkaragama Wewa,2022-02-27,2022,2,1.8413278228759768,18.836068693797912,9.775542087942505,S1_SAR,,0
Marikkaragama Wewa,2022-03-11,2022,3,1.63117632522583,18.836068693797912,8.659855470599986,S1_SAR,,0
Marikkaragama Wewa,2022-03-23,2022,3,1.861342307281494,18.836068693797912,9.881798253870096,S1_SAR,,0
Marikkaragama Wewa,2022-04-04,2022,4,1.5210969673156738,18.836068693797912,8.075448184240908,S1_SAR,,0
Marikkaragama Wewa,2022-04-16,2022,4,2.1315371055603025,18.836068693797912,11.316252558911865,S1_SAR,,0
Marikkaragama Wewa,2022-04-28,2022,4,1.8913639633178712,18.836068693797912,10.041182128097857,S1_SAR,,0
Marikkaragama Wewa,2022-05-10,2022,5,1.0607650466918943,18.836068693797912,5.631562848574496,S1_SAR,,0
Marikkaragama Wewa,2022-05-22,2022,5,1.4310320251464843,18.836068693797912,7.597296699271835,S1_SAR,,0
Marikkaragama Wewa,2022-06-03,2022,6,1.711234075164795,18.836068693797912,9.08487913790762,S1_SAR,,0
Marikkaragama Wewa,2022-06-15,2022,6,1.9814289497375488,18.836068693797912,10.519333847991152,S1_SAR,,0
Marikkaragama Wewa,2022-06-27,2022,6,1.971421713256836,18.836068693797912,10.466205795405488,S1_SAR,,0
Marikkaragama Wewa,2022-07-09,2022,7,2.251623755645752,18.836068693797912,11.953788193537097,S1_SAR,,0
Marikkaragama Wewa,2022-07-21,2022,7,2.0014433555603026,18.836068693797912,10.625589596725728,S1_SAR,,0
Marikkaragama Wewa,2022-08-02,2022,8,1.220880502319336,18.836068693797912,6.481609948265538,S1_SAR,,0
Marikkaragama Wewa,2022-08-14,2022,8,2.411739263916016,18.836068693797912,12.803835572706957,S1_SAR,,0
Marikkaragama Wewa,2022-08-26,2022,8,2.6018763359069825,18.836068693797912,13.813266336004038,S1_SAR,,0
Marikkaragama Wewa,2022-09-07,2022,9,2.171566024017334,18.836068693797912,11.528764623439486,S1_SAR,,0
Marikkaragama Wewa,2022-09-19,2022,9,2.5818619094848634,18.836068693797912,13.707010477908184,S1_SAR,,0
Marikkaragama Wewa,2022-10-01,2022,10,2.2516237419128418,18.836068693797912,11.95378812062958,S1_SAR,,0
Marikkaragama Wewa,2022-10-13,2022,10,2.851546561719109,18.836068693797912,15.138756436251624,S1_SAR,,0
Marikkaragama Wewa,2022-10-25,2022,10,2.962136087799072,18.836068693797912,15.725872186771142,S1_SAR,,0
Marikkaragama Wewa,2022-11-06,2022,11,2.4717824226379395,18.836068693797912,13.12260250702852,S1_SAR,,0
Marikkaragama Wewa,2022-11-18,2022,11,2.7419773330688475,18.836068693797912,14.557057407481684,S1_SAR,,0
Marikkaragama Wewa,2022-11-30,2022,11,2.8520566703796386,18.836068693797912,15.141464584479486,S1_SAR,,0
Marikkaragama Wewa,2022-12-12,2022,12,2.631897872924805,18.836068693797912,13.972649578366642,S1_SAR,,0
Marikkaragama Wewa,2022-12-24,2022,12,2.4217463539123534,18.836068693797912,12.85696284761243,S1_SAR,,0
Marikkaragama Wewa,2023-01-05,2023,1,2.5318257537841795,18.836068693797912,13.441370356744478,S1_SAR,,0
Marikkaragama Wewa,2023-01-17,2023,1,2.1215298873901367,18.836068693797912,11.263124603536223,S1_SAR,,0
Marikkaragama Wewa,2023-01-29,2023,1,1.2408948181152344,18.836068693797912,6.587865219050829,S1_SAR,,0
Marikkaragama Wewa,2023-02-10,2023,2,2.021457796478272,18.836068693797912,10.731845531779518,S1_SAR,,0
Marikkaragama Wewa,2023-02-22,2023,2,2.2216021125793457,18.836068693797912,11.794404388166438,S1_SAR,,0
Marikkaragama Wewa,2023-03-06,2023,3,1.250902113342285,18.836068693797912,6.640993583518652,S1_SAR,,0
Marikkaragama Wewa,2023-03-18,2023,3,1.8513351150512696,18.836068693797912,9.828670436208656,S1_SAR,,0
Marikkaragama Wewa,2023-03-30,2023,3,0.1901371101379394,18.836068693797912,1.009430965817964,S1_SAR,,0
Marikkaragama Wewa,2023-04-11,2023,4,0.7605484970092773,18.836068693797912,4.037724163002763,S1_SAR,,0
Marikkaragama Wewa,2023-04-23,2023,4,1.0207360794067384,18.836068693797912,5.419050524820142,S1_SAR,,0
Marikkaragama Wewa,2023-05-05,2023,5,1.1708442695617676,18.836068693797912,6.215969418009648,S1_SAR,,0
Marikkaragama Wewa,2023-05-17,2023,5,2.101515393066406,18.836068693797912,11.156868384953198,S1_SAR,,0
Marikkaragama Wewa,2023-05-29,2023,5,2.171565916442871,18.836068693797912,11.528764052330596,S1_SAR,,0
Marikkaragama Wewa,2023-06-10,2023,6,2.2015876121521,18.836068693797912,11.688148137180072,S1_SAR,,0
Marikkaragama Wewa,2023-06-22,2023,6,2.231609228515625,18.836068693797912,11.847531800786111,S1_SAR,,0
Marikkaragama Wewa,2023-07-04,2023,7,2.06148660736084,18.836068693797912,10.944357025198247,S1_SAR,,0
Marikkaragama Wewa,2023-07-16,2023,7,1.9714216781616207,18.836068693797912,10.466205609086275,S1_SAR,,0
Marikkaragama Wewa,2023-07-28,2023,7,1.4804794926811666,18.836068693797912,7.859811496486202,S1_SAR,,0
Marikkaragama Wewa,2023-08-09,2023,8,1.3910031997680663,18.836068693797912,7.384785128895166,S1_SAR,,0
Marikkaragama Wewa,2023-09-02,2023,9,1.4031295980176737,18.836068693797912,7.449163733829859,S1_SAR,,0
Marikkaragama Wewa,2023-09-14,2023,9,1.2904993822105255,18.836068693797912,6.851214036161611,S1_SAR,,0
Marikkaragama Wewa,2023-09-26,2023,9,1.340888664419137,18.836068693797912,7.118728893044686,S1_SAR,,0
Marikkaragama Wewa,2023-10-08,2023,10,1.1908588096618653,18.836068693797912,6.322225879617732,S1_SAR,,0
Marikkaragama Wewa,2023-10-20,2023,10,1.461053676605225,18.836068693797912,7.756680549197088,S1_SAR,,0
Marikkaragama Wewa,2023-11-01,2023,11,2.151551547241211,18.836068693797912,11.42250849801607,S1_SAR,,0
Marikkaragama Wewa,2023-11-13,2023,11,4.61332642288208,18.836068693797912,24.49198130393894,S1_SAR,,0
Marikkaragama Wewa,2023-11-25,2023,11,4.973586225891113,18.836068693797912,26.404587426084024,S1_SAR,,0
Marikkaragama Wewa,2023-12-07,2023,12,4.633340961456299,18.836068693797912,24.59823775744619,S1_SAR,,0
Marikkaragama Wewa,2023-12-19,2023,12,4.112965837097168,18.836068693797912,21.835585248483564,S1_SAR,,0
Marikkaragama Wewa,2023-12-31,2023,12,3.662641053771973,18.836068693797912,19.44482743884852,S1_SAR,,0
Marikkaragama Wewa,2024-01-12,2024,1,4.413182283782959,18.836068693797912,23.42942338724892,S1_SAR,,0
Marikkaragama Wewa,2024-01-24,2024,1,4.753427613830566,18.836068693797912,25.23577340422268,S1_SAR,,0
Marikkaragama Wewa,2024-02-05,2024,2,4.253066847991944,18.836068693797912,22.57937639286873,S1_SAR,,0
Marikkaragama Wewa,2024-02-17,2024,2,4.102958601379394,18.836068693797912,21.78245719994832,S1_SAR,,0
Marikkaragama Wewa,2024-02-29,2024,2,4.173009079742432,18.836068693797912,22.15435262835108,S1_SAR,,0
Marikkaragama Wewa,2024-03-12,2024,3,4.383160639953613,18.836068693797912,23.27003957782784,S1_SAR,,0
Marikkaragama Wewa,2024-03-24,2024,3,4.052922514343262,18.836068693797912,21.516817443322203,S1_SAR,,0
Marikkaragama Wewa,2024-04-05,2024,4,4.072936993408203,18.836068693797912,21.62307358089687,S1_SAR,,0
Marikkaragama Wewa,2024-04-17,2024,4,4.442576080899706,18.836068693797912,23.585473981428503,S1_SAR,,0
Marikkaragama Wewa,2024-04-29,2024,4,3.922828731536865,18.836068693797912,20.82615430696811,S1_SAR,,0
Marikkaragama Wewa,2024-05-11,2024,5,3.842770977020264,18.836068693797912,20.401130615357967,S1_SAR,,0
Marikkaragama Wewa,2024-05-23,2024,5,2.7719989555358886,18.836068693797912,14.716441103491066,S1_SAR,,0
Marikkaragama Wewa,2024-06-04,2024,6,3.6626411415100097,18.836068693797912,19.44482790464655,S1_SAR,,0
Marikkaragama Wewa,2024-06-16,2024,6,3.8227565147399902,18.836068693797912,20.294874566892485,S1_SAR,,0
Marikkaragama Wewa,2024-07-10,2024,7,3.7339867241803337,18.836068693797912,19.82359899446433,S1_SAR,,0
Marikkaragama Wewa,2024-07-22,2024,7,4.283088547515869,18.836068693797912,22.738760497970294,S1_SAR,,0
Marikkaragama Wewa,2024-08-03,2024,8,3.682655516815185,18.836068693797912,19.55108349136442,S1_SAR,,0
Marikkaragama Wewa,2024-08-15,2024,8,3.692662755584717,18.836068693797912,19.60421155610134,S1_SAR,,0
Marikkaragama Wewa,2024-08-27,2024,8,3.552561739349365,18.836068693797912,18.860420383363248,S1_SAR,,0
Marikkaragama Wewa,2024-09-20,2024,9,2.5818618408203124,18.836068693797912,13.707010113370597,S1_SAR,,0
Marikkaragama Wewa,2024-10-02,2024,10,2.1315371726989745,18.836068693797912,11.316252915348617,S1_SAR,,0
Marikkaragama Wewa,2024-10-14,2024,10,2.6619195739746093,18.836068693797912,14.13203369156904,S1_SAR,,0
Marikkaragama Wewa,2024-10-26,2024,10,2.40173194732666,18.836068693797912,12.750707094827437,S1_SAR,,0
Marikkaragama Wewa,2024-11-07,2024,11,4.733413119506836,18.836068693797912,25.12951718563965,S1_SAR,,0
Marikkaragama Wewa,2024-11-19,2024,11,3.7126772232055663,18.836068693797912,19.71046763291974,S1_SAR,,0
Marikkaragama Wewa,2024-12-13,2024,12,3.502525696563721,18.836068693797912,18.59478086166136,S1_SAR,,0
Marikkaragama Wewa,2024-12-25,2024,12,2.8520566513061523,18.836068693797912,15.141464483219044,S1_SAR,,0
Marikkaragama Wewa,2025-01-06,2025,1,3.032186568450928,18.836068693797912,16.09776762732515,S1_SAR,,0
Marikkaragama Wewa,2025-01-18,2025,1,2.812027798461914,18.836068693797912,14.92895276702734,S1_SAR,,0
Marikkaragama Wewa,2025-01-30,2025,1,2.952128811645508,18.836068693797912,15.67274392356376,S1_SAR,,0
Marikkaragama Wewa,2025-02-11,2025,2,3.052201002502441,18.836068693797912,16.20402352592518,S1_SAR,,0
Marikkaragama Wewa,2025-02-23,2025,2,3.182294793701172,18.836068693797912,16.89468670683387,S1_SAR,,0
Marikkaragama Wewa,2025-03-07,2025,3,3.422467974853516,18.836068693797912,18.16975734421917,S1_SAR,,0
Marikkaragama Wewa,2025-03-19,2025,3,3.2323308837890625,18.836068693797912,17.160326479661656,S1_SAR,,0
Marikkaragama Wewa,2025-03-31,2025,3,3.4124607902526853,18.836068693797912,18.11662956706192,S1_SAR,,0
Marikkaragama Wewa,2025-04-12,2025,4,3.232330849456788,18.836068693797912,17.16032629739286,S1_SAR,,0
Marikkaragama Wewa,2025-04-24,2025,4,3.282366931152344,18.836068693797912,17.425966025666053,S1_SAR,,0
Marikkaragama Wewa,2025-05-06,2025,5,3.9428432762146,18.836068693797912,20.9324107928787,S1_SAR,,0
Marikkaragama Wewa,2025-05-18,2025,5,3.562569036102295,18.836068693797912,18.91354875593191,S1_SAR,,0
Marikkaragama Wewa,2025-05-30,2025,5,3.2623525413513184,18.836068693797912,17.319710361990246,S1_SAR,,0
Marikkaragama Wewa,2025-06-11,2025,6,3.48251134185791,18.836068693797912,18.488525384304765,S1_SAR,,0
Marikkaragama Wewa,2025-06-23,2025,6,3.2423381156921387,18.836068693797912,17.213454507944814,S1_SAR,,0
Marikkaragama Wewa,2025-07-05,2025,7,3.0661718914136697,18.836068693797912,16.27819446434307,S1_SAR,,0
Marikkaragama Wewa,2025-07-17,2025,7,3.482511338043213,18.836068693797912,18.48852536405268,S1_SAR,,0
Marikkaragama Wewa,2025-07-29,2025,7,3.822756731414795,18.836068693797912,20.294875717211102,S1_SAR,,0
Marikkaragama Wewa,2025-08-10,2025,8,3.462496900177002,18.836068693797912,18.38226944520056,S1_SAR,,0
Marikkaragama Wewa,2025-08-22,2025,8,3.702670086669922,18.836068693797912,19.6573401109388,S1_SAR,,0
Marikkaragama Wewa,2025-09-03,2025,9,3.2223236679077147,18.836068693797912,17.107198536437267,S1_SAR,,0
Marikkaragama Wewa,2025-09-15,2025,9,3.2123164093017578,18.836068693797912,17.05407036638949,S1_SAR,,0
Marikkaragama Wewa,2025-09-27,2025,9,3.662641126251221,18.836068693797912,19.4448278236382,S1_SAR,,0
Marikkaragama Wewa,2025-10-09,2025,10,3.602597833251953,18.836068693797912,19.12606017644313,S1_SAR,,0
Marikkaragama Wewa,2025-10-21,2025,10,3.4725039939880373,18.836068693797912,18.43539674035812,S1_SAR,,0
Marikkaragama Wewa,2025-11-02,2025,11,3.85277823638916,18.836068693797912,20.45425878945616,S1_SAR,,0
Marikkaragama Wewa,2025-11-14,2025,11,3.552561770629883,18.836068693797912,18.860420549430373,S1_SAR,,0
Marikkaragama Wewa,2025-11-26,2025,11,3.782727596282959,18.836068693797912,20.082362502364862,S1_SAR,,0
Marikkaragama Wewa,2025-12-02,2025,12,6.370435541121539,18.836068693797912,33.820409368219764,S1_SAR,,0
Marikkaragama Wewa,2025-12-08,2025,12,5.179263501574947,18.836068693797912,27.496520562596512,S1_SAR,,0
Marikkaragama Wewa,2025-12-20,2025,12,5.044617565828212,18.836068693797912,26.78169021272064,S1_SAR,,0
Mawatha Wewa,2021-01-03,2021,1,4.133005743408203,17.884317046083567,23.10966492462892,S1_SAR,,0
Mawatha Wewa,2021-01-15,2021,1,3.9828965766906737,17.884317046083567,22.27033085148128,S1_SAR,,0
Mawatha Wewa,2021-01-27,2021,1,4.303129476165772,17.884317046083567,24.06091026611554,S1_SAR,,0
Mawatha Wewa,2021-02-08,2021,2,4.263100300598144,17.884317046083567,23.8370874862773,S1_SAR,,0
Mawatha Wewa,2021-02-20,2021,2,4.243085778808593,17.884317046083567,23.72517646536452,S1_SAR,,0
Mawatha Wewa,2021-03-04,2021,3,4.333151286315918,17.884317046083567,24.2287769510596,S1_SAR,,0
Mawatha Wewa,2021-03-16,2021,3,4.523289527130127,17.884317046083567,25.29193323667156,S1_SAR,,0
Mawatha Wewa,2021-03-28,2021,3,4.653384156036377,17.884317046083567,26.01935619932105,S1_SAR,,0
Mawatha Wewa,2021-04-09,2021,4,4.273107614135742,17.884317046083567,23.893043291085565,S1_SAR,,0
Mawatha Wewa,2021-04-21,2021,4,4.27310758895874,17.884317046083567,23.893043150308586,S1_SAR,,0
Mawatha Wewa,2021-05-03,2021,5,3.872816552734375,17.884317046083567,21.654819374735204,S1_SAR,,0
Mawatha Wewa,2021-05-15,2021,5,3.712700107574463,17.884317046083567,20.75952969301389,S1_SAR,,0
Mawatha Wewa,2021-05-27,2021,5,3.4825326858520507,17.884317046083567,19.47255059770191,S1_SAR,,0
Mawatha Wewa,2021-06-08,2021,6,3.0021833839416505,17.884317046083567,16.78668174024062,S1_SAR,,0
Mawatha Wewa,2021-06-14,2021,6,2.541848627471924,17.884317046083567,14.21272403593715,S1_SAR,,0
Mawatha Wewa,2021-06-20,2021,6,2.451783132171631,17.884317046083567,13.709123618497578,S1_SAR,,0
Mawatha Wewa,2021-07-02,2021,7,1.7512736587524411,17.884317046083567,9.792231116457128,S1_SAR,,0
Mawatha Wewa,2021-07-14,2021,7,1.2709243019104004,17.884317046083567,7.106361951846052,S1_SAR,,0
Mawatha Wewa,2021-07-26,2021,7,1.2108806213378909,17.884317046083567,6.770628244946361,S1_SAR,,0
Mawatha Wewa,2021-08-07,2021,8,1.2909388748168946,17.884317046083567,7.21827325857877,S1_SAR,,0
Mawatha Wewa,2021-08-19,2021,8,1.831332025909424,17.884317046083567,10.239876765718943,S1_SAR,,0
Mawatha Wewa,2021-08-31,2021,8,1.981441055297852,17.884317046083567,11.079210070992124,S1_SAR,,0
Mawatha Wewa,2021-09-12,2021,9,2.181586729431152,17.884317046083567,12.19832283116951,S1_SAR,,0
Mawatha Wewa,2021-09-24,2021,9,1.3109534355163577,17.884317046083567,7.330184497055979,S1_SAR,,0
Mawatha Wewa,2021-10-06,2021,10,0.750545851135254,17.884317046083567,4.196670463855447,S1_SAR,,0
Mawatha Wewa,2021-10-18,2021,10,0.6604803253173828,17.884317046083567,3.693069875777109,S1_SAR,,0
Mawatha Wewa,2021-10-30,2021,10,1.4410480323791504,17.884317046083567,8.05760728053477,S1_SAR,,0
Mawatha Wewa,2021-11-17,2021,11,3.0021834869384767,17.884317046083567,16.786682316146457,S1_SAR,,0
Mawatha Wewa,2021-11-23,2021,11,1.3609897781372071,17.884317046083567,7.609962262636392,S1_SAR,,0
Mawatha Wewa,2021-12-05,2021,12,0.5704148475646973,17.884317046083567,3.189469556454831,S1_SAR,,0
Mawatha Wewa,2021-12-17,2021,12,1.0507642173767089,17.884317046083567,5.875338793587383,S1_SAR,,0
Mawatha Wewa,2021-12-29,2021,12,1.7913027359008789,17.884317046083567,10.016053345985336,S1_SAR,,0
Mawatha Wewa,2022-01-10,2022,1,3.452510857391357,17.884317046083567,19.30468381037459,S1_SAR,,0
Mawatha Wewa,2022-01-22,2022,1,2.9921760986328123,17.884317046083567,16.730726093273212,S1_SAR,,0
Mawatha Wewa,2022-02-03,2022,2,3.482532648468017,17.884317046083567,19.472550388669426,S1_SAR,,0
Mawatha Wewa,2022-02-15,2022,2,3.512554514312744,17.884317046083567,19.64041738502924,S1_SAR,,0
Mawatha Wewa,2022-02-27,2022,2,3.4024744430542,17.884317046083567,19.02490564379308,S1_SAR,,0
Mawatha Wewa,2022-03-11,2022,3,3.742721865081787,17.884317046083567,20.92739608360608,S1_SAR,,0
Mawatha Wewa,2022-03-23,2022,3,3.812772806549072,17.884317046083567,21.31908530096216,S1_SAR,,0
Mawatha Wewa,2022-04-04,2022,4,3.602620015716553,17.884317046083567,20.14401783659656,S1_SAR,,0
Mawatha Wewa,2022-04-16,2022,4,3.3224162368774413,17.884317046083567,18.57726089465076,S1_SAR,,0
Mawatha Wewa,2022-04-28,2022,4,3.352438081359863,17.884317046083567,18.745127771563432,S1_SAR,,0
Mawatha Wewa,2022-05-10,2022,5,2.331695738983154,17.884317046083567,13.03765602552749,S1_SAR,,0
Mawatha Wewa,2022-05-22,2022,5,1.8413391395568848,17.884317046083567,10.295831452843284,S1_SAR,,0
Mawatha Wewa,2022-06-03,2022,6,1.1108078536987305,17.884317046083567,6.211072253060863,S1_SAR,,0
Mawatha Wewa,2022-06-15,2022,6,0.4403202354431152,17.884317046083567,2.4620466876566565,S1_SAR,,0
Mawatha Wewa,2022-06-27,2022,6,0.0500364273071289,17.884317046083567,0.2797782391029924,S1_SAR,,0
Mawatha Wewa,2022-07-09,2022,7,0.1601165702819824,17.884317046083567,0.8952903813402585,S1_SAR,,0
Mawatha Wewa,2022-07-21,2022,7,0.0,17.884317046083567,0.0,S1_SAR,,0
Mawatha Wewa,2022-08-02,2022,8,0.0,17.884317046083567,0.0,S1_SAR,,0
Mawatha Wewa,2022-08-14,2022,8,0.0,17.884317046083567,0.0,S1_SAR,,0
Mawatha Wewa,2022-08-26,2022,8,0.1100801445007324,17.884317046083567,0.6155121507692045,S1_SAR,,0
Mawatha Wewa,2022-09-07,2022,9,0.7805677055358887,17.884317046083567,4.364537396225723,S1_SAR,,0
Mawatha Wewa,2022-09-19,2022,9,0.6204512596130372,17.884317046083567,3.46924771023844,S1_SAR,,0
Mawatha Wewa,2022-10-01,2022,10,2.0414847625732424,17.884317046083567,11.414943927200738,S1_SAR,,0
Mawatha Wewa,2022-10-13,2022,10,2.95214721069336,17.884317046083567,16.506904921705363,S1_SAR,,0
Mawatha Wewa,2022-10-25,2022,10,3.202328800201416,17.884317046083567,17.905793058520423,S1_SAR,,0
Mawatha Wewa,2022-11-06,2022,11,3.27237975769043,17.884317046083567,18.29748236546186,S1_SAR,,0
Mawatha Wewa,2022-11-18,2022,11,3.742721820831299,17.884317046083567,20.92739583617987,S1_SAR,,0
Mawatha Wewa,2022-11-30,2022,11,3.452510698699951,17.884317046083567,19.304682923053,S1_SAR,,0
Mawatha Wewa,2022-12-12,2022,12,3.6426490661621096,17.884317046083567,20.367839916815846,S1_SAR,,0
Mawatha Wewa,2022-12-24,2022,12,3.9028382911682127,17.884317046083567,21.822685658678164,S1_SAR,,0
Mawatha Wewa,2023-01-05,2023,1,3.742721858978272,17.884317046083567,20.92739604947833,S1_SAR,,0
Mawatha Wewa,2023-01-17,2023,1,3.722707312011719,17.884317046083567,20.815484887788564,S1_SAR,,0
Mawatha Wewa,2023-01-29,2023,1,3.7127000137329103,17.884317046083567,20.75952916829969,S1_SAR,,0
Mawatha Wewa,2023-02-10,2023,2,3.542576306915284,17.884317046083567,19.80828397185601,S1_SAR,,0
Mawatha Wewa,2023-02-22,2023,2,3.762736380004883,17.884317046083567,21.03930706612514,S1_SAR,,0
Mawatha Wewa,2023-03-06,2023,3,3.74272184753418,17.884317046083567,20.92739598548879,S1_SAR,,0
Mawatha Wewa,2023-03-18,2023,3,3.41248168258667,17.884317046083567,19.080861034802325,S1_SAR,,0
Mawatha Wewa,2023-03-30,2023,3,3.582605390930176,17.884317046083567,20.03210623977794,S1_SAR,,0
Mawatha Wewa,2023-04-11,2023,4,3.412481715393066,17.884317046083567,19.080861218239,S1_SAR,,0
Mawatha Wewa,2023-04-23,2023,4,3.33242350692749,17.884317046083567,18.633216456298776,S1_SAR,,0
Mawatha Wewa,2023-05-05,2023,5,3.162299777984619,17.884317046083567,17.681971136141993,S1_SAR,,0
Mawatha Wewa,2023-05-17,2023,5,3.1022560859680177,17.884317046083567,17.34623736525277,S1_SAR,,0
Mawatha Wewa,2023-05-29,2023,5,2.8820959922790528,17.884317046083567,16.11521415580247,S1_SAR,,0
Mawatha Wewa,2023-06-10,2023,6,2.641921334838868,17.884317046083567,14.772279690811082,S1_SAR,,0
Mawatha Wewa,2023-06-22,2023,6,2.671943186187744,17.884317046083567,14.94014660611748,S1_SAR,,0
Mawatha Wewa,2023-07-04,2023,7,3.152292886352539,17.884317046083567,17.626017690414688,S1_SAR,,0
Mawatha Wewa,2023-07-16,2023,7,2.872088969421387,17.884317046083567,16.059259976328462,S1_SAR,,0
Mawatha Wewa,2023-07-28,2023,7,2.581877890777588,17.884317046083567,14.436547306361836,S1_SAR,,0
Mawatha Wewa,2023-08-09,2023,8,2.912118418121338,17.884317046083567,16.28308428338366,S1_SAR,,0
Mawatha Wewa,2023-09-02,2023,9,3.312409732818604,17.884317046083567,18.52130961603579,S1_SAR,,0
Mawatha Wewa,2023-09-14,2023,9,2.6919582221984864,17.884317046083567,15.052060502293491,S1_SAR,,0
Mawatha Wewa,2023-09-26,2023,9,2.311681662750244,17.884317046083567,12.925747495940708,S1_SAR,,0
Mawatha Wewa,2023-10-08,2023,10,2.171579647064209,17.884317046083567,12.142368318949908,S1_SAR,,0
Mawatha Wewa,2023-10-20,2023,10,2.271652042388916,17.884317046083567,12.701922229042443,S1_SAR,,0
Mawatha Wewa,2023-11-01,2023,11,2.351710329437256,17.884317046083567,13.149567430377498,S1_SAR,,0
Mawatha Wewa,2023-11-13,2023,11,8.296034809875488,17.884317046083567,46.38720499361877,S1_SAR,,0
Mawatha Wewa,2023-11-25,2023,11,3.552583728790283,17.884317046083567,19.8642403824319,S1_SAR,,0
Mawatha Wewa,2023-12-07,2023,12,3.32241629486084,17.884317046083567,18.57726121886441,S1_SAR,,0
Mawatha Wewa,2023-12-19,2023,12,3.562590975952149,17.884317046083567,19.920195816100843,S1_SAR,,0
Mawatha Wewa,2023-12-31,2023,12,2.932132395172119,17.884317046083567,16.394992258394446,S1_SAR,,0
Mawatha Wewa,2024-01-12,2024,1,3.752729208374024,17.884317046083567,20.983352054787144,S1_SAR,,0
Mawatha Wewa,2024-01-24,2024,1,3.862809245300293,17.884317046083567,21.59886360405469,S1_SAR,,0
Mawatha Wewa,2024-02-05,2024,2,3.912845617675781,17.884317046083567,21.878641536007905,S1_SAR,,0
Mawatha Wewa,2024-02-17,2024,2,3.862809226989746,17.884317046083567,21.598863501671435,S1_SAR,,0
Mawatha Wewa,2024-02-29,2024,2,4.122998422241211,17.884317046083567,23.05370907716096,S1_SAR,,0
Mawatha Wewa,2024-03-12,2024,3,3.772743704223633,17.884317046083567,21.09526293065697,S1_SAR,,0
Mawatha Wewa,2024-03-24,2024,3,3.792758223724365,17.884317046083567,21.20717393877185,S1_SAR,,0
Mawatha Wewa,2024-04-05,2024,4,3.612627269744873,17.884317046083567,20.199973308659228,S1_SAR,,0
Mawatha Wewa,2024-04-17,2024,4,3.502547204589844,17.884317046083567,19.584461601550817,S1_SAR,,0
Mawatha Wewa,2024-04-29,2024,4,2.8520741706848143,17.884317046083567,15.947347406868866,S1_SAR,,0
Mawatha Wewa,2024-05-11,2024,5,2.3817320907592774,17.884317046083567,13.317433842299534,S1_SAR,,0
Mawatha Wewa,2024-05-23,2024,5,1.1708514030456545,17.884317046083567,6.546805226213855,S1_SAR,,0
Mawatha Wewa,2024-06-04,2024,6,1.4910843124389648,17.884317046083567,8.33738469630571,S1_SAR,,0
Mawatha Wewa,2024-06-16,2024,6,1.120815064239502,17.884317046083567,6.2670274819632885,S1_SAR,,0
Mawatha Wewa,2024-07-10,2024,7,0.9907204032897948,17.884317046083567,5.539604340143085,S1_SAR,,0
Mawatha Wewa,2024-07-22,2024,7,1.1708513984680176,17.884317046083567,6.54680520061804,S1_SAR,,0
Mawatha Wewa,2024-08-03,2024,8,0.5303856651306152,17.884317046083567,2.965646738222877,S1_SAR,,0
Mawatha Wewa,2024-08-15,2024,8,0.8205966842651368,17.884317046083567,4.588359075443906,S1_SAR,,0
Mawatha Wewa,2024-08-27,2024,8,0.6704875602722168,17.884317046083567,3.749025241190549,S1_SAR,,0
Mawatha Wewa,2024-09-20,2024,9,0.4703419990539551,17.884317046083567,2.6299131123766,S1_SAR,,0
Mawatha Wewa,2024-10-02,2024,10,0.4603347366333007,17.884317046083567,2.5739575933882706,S1_SAR,,0
Mawatha Wewa,2024-10-14,2024,10,0.6404657249450684,17.884317046083567,3.581158415469502,S1_SAR,,0
Mawatha Wewa,2024-10-26,2024,10,0.520378443145752,17.884317046083567,2.909691445330914,S1_SAR,,0
Mawatha Wewa,2024-11-07,2024,11,2.832060396575928,17.884317046083567,15.835440566605882,S1_SAR,,0
Mawatha Wewa,2024-11-19,2024,11,1.4110262214660645,17.884317046083567,7.889740591324738,S1_SAR,,0
Mawatha Wewa,2024-12-13,2024,12,1.591157061767578,17.884317046083567,8.896940585807949,S1_SAR,,0
Mawatha Wewa,2024-12-25,2024,12,2.764755615369011,17.884317046083567,15.459106479967357,S1_SAR,,0
Mawatha Wewa,2025-01-06,2025,1,4.173034865570068,17.884317046083567,23.333487405849297,S1_SAR,,0
Mawatha Wewa,2025-01-18,2025,1,5.107636231396245,17.884317046083567,28.559302646196105,S1_SAR,,0
Mawatha Wewa,2025-01-30,2025,1,5.443959436035156,17.884317046083567,30.439850859316504,S1_SAR,,0
Mawatha Wewa,2025-02-11,2025,2,7.044457116444905,17.884317046083567,39.389019431343335,S1_SAR,,0
Mawatha Wewa,2025-02-23,2025,2,7.1552044288635255,17.884317046083567,40.00826204560281,S1_SAR,,0
Mawatha Wewa,2025-03-07,2025,3,6.294578812408448,17.884317046083567,35.196081551164845,S1_SAR,,0
Mawatha Wewa,2025-03-19,2025,3,5.421433847004011,17.884317046083567,30.313899228213664,S1_SAR,,0
Mawatha Wewa,2025-03-31,2025,3,5.609805867150998,17.884317046083567,31.367179706644,S1_SAR,,0
Mawatha Wewa,2025-04-12,2025,4,6.115938409672158,17.884317046083567,34.19721532509663,S1_SAR,,0
Mawatha Wewa,2025-04-24,2025,4,6.254470394499536,17.884317046083567,34.97181568847877,S1_SAR,,0
Mawatha Wewa,2025-05-06,2025,5,4.812049077633128,17.884317046083567,26.906529699924462,S1_SAR,,0
Mawatha Wewa,2025-05-18,2025,5,5.504787739419376,17.884317046083567,30.779971777702592,S1_SAR,,0
Mawatha Wewa,2025-05-30,2025,5,6.814721232536168,17.884317046083567,38.10445327588566,S1_SAR,,0
Mawatha Wewa,2025-06-11,2025,6,6.81436790560255,17.884317046083567,38.1024776514729,S1_SAR,,0
Mawatha Wewa,2025-06-23,2025,6,6.664494182577696,17.884317046083567,37.26446005964278,S1_SAR,,0
Mawatha Wewa,2025-07-05,2025,7,6.810835892666086,17.884317046083567,38.08272843249315,S1_SAR,,0
Mawatha Wewa,2025-07-17,2025,7,6.890109258814792,17.884317046083567,38.525984755585824,S1_SAR,,0
Mawatha Wewa,2025-07-29,2025,7,6.98629686780144,17.884317046083567,39.06381691735524,S1_SAR,,0
Mawatha Wewa,2025-08-10,2025,8,6.880258915118048,17.884317046083567,38.47090664624923,S1_SAR,,0
Mawatha Wewa,2025-08-22,2025,8,6.751145444434671,17.884317046083567,37.74896982109296,S1_SAR,,0
Mawatha Wewa,2025-09-03,2025,9,6.944109368821688,17.884317046083567,38.827925891318046,S1_SAR,,0
Mawatha Wewa,2025-09-15,2025,9,7.24860527956495,17.884317046083567,40.530512073159095,S1_SAR,,0
Mawatha Wewa,2025-09-27,2025,9,6.860401470929315,17.884317046083567,38.35987392334701,S1_SAR,,0
Mawatha Wewa,2025-10-09,2025,10,6.25674661601347,17.884317046083567,34.9845431608674,S1_SAR,,0
Mawatha Wewa,2025-10-21,2025,10,6.930962620149501,17.884317046083567,38.75441596282421,S1_SAR,,0
Mawatha Wewa,2025-11-02,2025,11,6.769590323959051,17.884317046083567,37.85210420121412,S1_SAR,,0
Mawatha Wewa,2025-11-14,2025,11,6.274563548278809,17.884317046083567,35.08416637946405,S1_SAR,,0
Mawatha Wewa,2025-11-26,2025,11,6.557553660098805,17.884317046083567,36.66650307753756,S1_SAR,,0
Mawatha Wewa,2025-12-02,2025,12,11.765931784898346,17.884317046083567,65.78910312638934,S1_SAR,,0
Mawatha Wewa,2025-12-08,2025,12,10.370131870299693,17.884317046083567,57.98450029474632,S1_SAR,,0
Mawatha Wewa,2025-12-20,2025,12,9.076366767623004,17.884317046083567,50.75042420817858,S1_SAR,,0
Meegassegama Wewa,2021-01-03,2021,1,7.015129898071289,30.055519295951047,23.34057125746065,S1_SAR,,0
Meegassegama Wewa,2021-01-15,2021,1,7.165239639282227,30.055519295951047,23.84001277345256,S1_SAR,,0
Meegassegama Wewa,2021-01-27,2021,1,6.845005540466309,30.055519295951047,22.77453759179745,S1_SAR,,0
Meegassegama Wewa,2021-02-08,2021,2,6.753409159159941,30.055519295951047,22.46978031775259,S1_SAR,,0
Meegassegama Wewa,2021-02-20,2021,2,6.194529846191406,30.055519295951047,20.610290526658467,S1_SAR,,0
Meegassegama Wewa,2021-03-04,2021,3,5.884302997589112,30.055519295951047,19.578111226918047,S1_SAR,,0
Meegassegama Wewa,2021-03-16,2021,3,6.782371507128548,30.055519295951047,22.566143144438165,S1_SAR,,0
Meegassegama Wewa,2021-03-28,2021,3,6.554793231201172,30.055519295951047,21.80895018534651,S1_SAR,,0
Meegassegama Wewa,2021-04-09,2021,4,5.91432488937378,30.055519295951047,19.67799934227233,S1_SAR,,0
Meegassegama Wewa,2021-04-21,2021,4,5.674149320983887,30.055519295951047,18.878892975069256,S1_SAR,,0
Meegassegama Wewa,2021-05-03,2021,5,5.073710144805908,30.055519295951047,16.881126207955475,S1_SAR,,0
Meegassegama Wewa,2021-05-15,2021,5,5.143761408996582,30.055519295951047,17.114199087185717,S1_SAR,,0
Meegassegama Wewa,2021-05-27,2021,5,4.663410053253174,30.055519295951047,15.515985624249083,S1_SAR,,0
Meegassegama Wewa,2021-06-08,2021,6,4.333168711090088,30.055519295951047,14.41721458352521,S1_SAR,,0
Meegassegama Wewa,2021-06-14,2021,6,3.912861372375488,30.055519295951047,13.018778128057871,S1_SAR,,0
Meegassegama Wewa,2021-06-20,2021,6,4.032949149322509,30.055519295951047,13.418331287544286,S1_SAR,,0
Meegassegama Wewa,2021-07-02,2021,7,3.92286869506836,30.055519295951047,13.05207425112376,S1_SAR,,0
Meegassegama Wewa,2021-07-14,2021,7,4.263117486572265,30.055519295951047,14.184141836293524,S1_SAR,,0
Meegassegama Wewa,2021-07-26,2021,7,3.892846733856201,30.055519295951047,12.952185904772003,S1_SAR,,0
Meegassegama Wewa,2021-08-07,2021,8,3.8428101348876953,30.055519295951047,12.785705337672812,S1_SAR,,0
Meegassegama Wewa,2021-08-19,2021,8,3.668682744592405,30.055519295951047,12.206352878044047,S1_SAR,,0
Meegassegama Wewa,2021-08-31,2021,8,4.092993036651611,30.055519295951047,13.618107863479844,S1_SAR,,0
Meegassegama Wewa,2021-09-12,2021,9,4.543322779083252,30.055519295951047,15.116434137590526,S1_SAR,,0
Meegassegama Wewa,2021-09-24,2021,9,5.104360329694561,30.055519295951047,16.983104764994692,S1_SAR,,0
Meegassegama Wewa,2021-10-06,2021,10,3.752744268798828,30.055519295951047,12.486040357001524,S1_SAR,,0
Meegassegama Wewa,2021-10-18,2021,10,3.5926272422790526,30.055519295951047,11.953302842326988,S1_SAR,,0
Meegassegama Wewa,2021-10-30,2021,10,4.803512609100342,30.055519295951047,15.982131474093183,S1_SAR,,0
Meegassegama Wewa,2021-11-17,2021,11,11.117738539153454,30.055519295951047,36.990671928437415,S1_SAR,,0
Meegassegama Wewa,2021-11-23,2021,11,9.476930716705322,30.055519295951047,31.531415655766143,S1_SAR,,0
Meegassegama Wewa,2021-12-05,2021,12,6.915057110595703,30.055519295951047,23.00761148893964,S1_SAR,,0
Meegassegama Wewa,2021-12-17,2021,12,7.755671871948242,30.055519295951047,25.80448467910203,S1_SAR,,0
Meegassegama Wewa,2021-12-29,2021,12,7.785693811798096,30.055519295951047,25.90437295437764,S1_SAR,,0
Meegassegama Wewa,2022-01-10,2022,1,8.175979137420654,30.055519295951047,27.202920890879724,S1_SAR,,0
Meegassegama Wewa,2022-01-22,2022,1,8.346103511810302,30.055519295951047,27.76895461238846,S1_SAR,,0
Meegassegama Wewa,2022-02-03,2022,2,8.135949768066407,30.055519295951047,27.069736137157506,S1_SAR,,0
Meegassegama Wewa,2022-02-15,2022,2,8.386132807159424,30.055519295951047,27.90213911988261,S1_SAR,,0
Meegassegama Wewa,2022-02-27,2022,2,8.185986325073243,30.055519295951047,27.236216564642834,S1_SAR,,0
Meegassegama Wewa,2022-03-11,2022,3,7.912923936528225,30.055519295951047,26.327689961404925,S1_SAR,,0
Meegassegama Wewa,2022-03-23,2022,3,8.306074196624756,30.055519295951047,27.63577003889504,S1_SAR,,0
Meegassegama Wewa,2022-04-04,2022,4,8.195993630218506,30.055519295951047,27.269512629324744,S1_SAR,,0
Meegassegama Wewa,2022-04-16,2022,4,8.316081513977052,30.055519295951047,27.669066144191888,S1_SAR,,0
Meegassegama Wewa,2022-04-28,2022,4,7.085181417846679,30.055519295951047,23.573644987066203,S1_SAR,,0
Meegassegama Wewa,2022-05-10,2022,5,5.363922930908204,30.055519295951047,17.846715200927534,S1_SAR,,0
Meegassegama Wewa,2022-05-22,2022,5,4.453256908416748,30.055519295951047,14.816769141688637,S1_SAR,,0
Meegassegama Wewa,2022-06-03,2022,6,3.9729056831359855,30.055519295951047,13.218556112824173,S1_SAR,,0
Meegassegama Wewa,2022-06-15,2022,6,2.9321443908691407,30.055519295951047,9.755760204962243,S1_SAR,,0
Meegassegama Wewa,2022-06-27,2022,6,2.541858986663818,30.055519295951047,8.457212007001479,S1_SAR,,0
Meegassegama Wewa,2022-07-09,2022,7,2.401756495666504,30.055519295951047,7.991066372924252,S1_SAR,,0
Meegassegama Wewa,2022-07-21,2022,7,2.491822338104248,30.055519295951047,8.290731274904093,S1_SAR,,0
Meegassegama Wewa,2022-08-02,2022,8,2.281668627166748,30.055519295951047,7.591512908825784,S1_SAR,,0
Meegassegama Wewa,2022-08-14,2022,8,2.461800424957276,30.055519295951047,8.190843088473667,S1_SAR,,0
Meegassegama Wewa,2022-08-26,2022,8,2.621917560577393,30.055519295951047,8.723580966144233,S1_SAR,,0
Meegassegama Wewa,2022-09-07,2022,9,2.3517198333740232,30.055519295951047,7.824585595135057,S1_SAR,,0
Meegassegama Wewa,2022-09-19,2022,9,2.7019366253811707,30.055519295951047,8.989818471528336,S1_SAR,,0
Meegassegama Wewa,2022-10-01,2022,10,2.1115441787719726,30.055519295951047,7.02547894108897,S1_SAR,,0
Meegassegama Wewa,2022-10-13,2022,10,2.4517929763793944,30.055519295951047,8.157546546566206,S1_SAR,,0
Meegassegama Wewa,2022-10-25,2022,10,2.68196123046875,30.055519295951047,8.923356818626164,S1_SAR,,0
Meegassegama Wewa,2022-11-06,2022,11,3.072246594238281,30.055519295951047,10.221904882049936,S1_SAR,,0
Meegassegama Wewa,2022-11-18,2022,11,6.2445663078308105,30.055519295951047,20.77677063683958,S1_SAR,,0
Meegassegama Wewa,2022-11-30,2022,11,4.45325641860962,30.055519295951047,14.816767512014154,S1_SAR,,0
Meegassegama Wewa,2022-12-12,2022,12,4.19306626739502,30.055519295951047,13.951069106830875,S1_SAR,,0
Meegassegama Wewa,2022-12-24,2022,12,8.806440185546874,30.055519295951047,29.300575707348504,S1_SAR,,0
Meegassegama Wewa,2023-01-05,2023,1,6.314617651367188,30.055519295951047,21.009843780066934,S1_SAR,,0
Meegassegama Wewa,2023-01-17,2023,1,5.694163856506347,30.055519295951047,18.945484855666564,S1_SAR,,0
Meegassegama Wewa,2023-01-29,2023,1,5.343907775878907,30.055519295951047,17.780121259121998,S1_SAR,,0
Meegassegama Wewa,2023-02-10,2023,2,4.943615021514892,30.055519295951047,16.448276846711728,S1_SAR,,0
Meegassegama Wewa,2023-02-22,2023,2,5.143761376190185,30.055519295951047,17.114198978033066,S1_SAR,,0
Meegassegama Wewa,2023-03-06,2023,3,5.263849140930176,30.055519295951047,17.513752096904543,S1_SAR,,0
Meegassegama Wewa,2023-03-18,2023,3,5.123746704864502,30.055519295951047,17.047606645594545,S1_SAR,,0
Meegassegama Wewa,2023-03-30,2023,3,4.713446767425537,30.055519295951047,15.682466574651771,S1_SAR,,0
Meegassegama Wewa,2023-04-11,2023,4,4.323161445617676,30.055519295951047,14.383918650841856,S1_SAR,,0
Meegassegama Wewa,2023-04-23,2023,4,3.0609836092571183,30.055519295951047,10.184430949657491,S1_SAR,,0
Meegassegama Wewa,2023-05-05,2023,5,3.072246817779541,30.055519295951047,10.221905625811036,S1_SAR,,0
Meegassegama Wewa,2023-05-17,2023,5,3.2924078445434573,30.055519295951047,10.954420092109329,S1_SAR,,0
Meegassegama Wewa,2023-05-29,2023,5,2.4818150688171388,30.055519295951047,8.25743532952857,S1_SAR,,0
Meegassegama Wewa,2023-06-10,2023,6,2.061507661437988,30.055519295951047,6.858998645602194,S1_SAR,,0
Meegassegama Wewa,2023-06-22,2023,6,2.5418589721679687,30.055519295951047,8.457211958771238,S1_SAR,,0
Meegassegama Wewa,2023-07-04,2023,7,2.0214783889770507,30.055519295951047,6.725814214261058,S1_SAR,,0
Meegassegama Wewa,2023-07-16,2023,7,1.821332019805908,30.055519295951047,6.059892034709479,S1_SAR,,0
Meegassegama Wewa,2023-07-28,2023,7,2.0214784400939942,30.055519295951047,6.725814384336122,S1_SAR,,0
Meegassegama Wewa,2023-08-09,2023,8,2.021478446960449,30.055519295951047,6.725814407182025,S1_SAR,,0
Meegassegama Wewa,2023-09-02,2023,9,2.3417127136230467,30.055519295951047,7.791290147292555,S1_SAR,,0
Meegassegama Wewa,2023-09-14,2023,9,1.2309001876831054,30.055519295951047,4.095421461737735,S1_SAR,,0
Meegassegama Wewa,2023-09-26,2023,9,1.1608490020751954,30.055519295951047,3.862348843966173,S1_SAR,,0
Meegassegama Wewa,2023-10-08,2023,10,0.3702707664489746,30.055519295951047,1.2319559772133295,S1_SAR,,0
Meegassegama Wewa,2023-10-20,2023,10,4.593358790588379,30.055519295951047,15.28291275009571,S1_SAR,,0
Meegassegama Wewa,2023-11-01,2023,11,5.11373938293457,30.055519295951047,17.014310525067092,S1_SAR,,0
Meegassegama Wewa,2023-11-13,2023,11,16.461215390535244,30.055519295951047,54.76935942595019,S1_SAR,,0
Meegassegama Wewa,2023-11-25,2023,11,15.037624816415825,30.055519295951047,50.03282315086012,S1_SAR,,0
Meegassegama Wewa,2023-12-07,2023,12,14.930919426727296,30.055519295951047,49.67779554798352,S1_SAR,,0
Meegassegama Wewa,2023-12-19,2023,12,14.070289965057372,30.055519295951047,46.81432992892211,S1_SAR,,0
Meegassegama Wewa,2023-12-31,2023,12,13.97021676940918,30.055519295951047,46.48136880233904,S1_SAR,,0
Meegassegama Wewa,2024-01-12,2024,1,13.369777698516844,30.055519295951047,44.48360238552912,S1_SAR,,0
Meegassegama Wewa,2024-01-24,2024,1,13.03953599472046,30.055519295951047,43.38483014158764,S1_SAR,,0
Meegassegama Wewa,2024-02-05,2024,2,12.36904547958374,30.055519295951047,41.15399024647712,S1_SAR,,0
Meegassegama Wewa,2024-02-17,2024,2,11.388328242492676,30.055519295951047,37.89097147300617,S1_SAR,,0
Meegassegama Wewa,2024-02-29,2024,2,10.867947592163086,30.055519295951047,36.15957350511382,S1_SAR,,0
Meegassegama Wewa,2024-03-12,2024,3,10.002608744812012,30.055519295951047,33.28043893142622,S1_SAR,,0
Meegassegama Wewa,2024-03-24,2024,3,8.946542262268066,30.055519295951047,29.7667199630562,S1_SAR,,0
Meegassegama Wewa,2024-04-05,2024,4,8.606293167114258,30.055519295951047,28.634651367589782,S1_SAR,,0
Meegassegama Wewa,2024-04-17,2024,4,8.466190756988526,30.055519295951047,28.16850600258654,S1_SAR,,0
Meegassegama Wewa,2024-04-29,2024,4,8.50622011795044,30.055519295951047,28.301690728385992,S1_SAR,,0
Meegassegama Wewa,2024-05-11,2024,5,7.725649413299561,30.055519295951047,25.704594677691457,S1_SAR,,0
Meegassegama Wewa,2024-05-23,2024,5,14.037717351172953,30.055519295951047,46.705955112424405,S1_SAR,,0
Meegassegama Wewa,2024-06-04,2024,6,9.556400660795324,30.055519295951047,31.79582613993538,S1_SAR,,0
Meegassegama Wewa,2024-06-16,2024,6,8.32608879928589,30.055519295951047,27.70236214287452,S1_SAR,,0
Meegassegama Wewa,2024-07-10,2024,7,10.217472016906738,30.055519295951047,33.9953268359705,S1_SAR,,0
Meegassegama Wewa,2024-07-22,2024,7,8.836461614227295,30.055519295951047,29.400462281873484,S1_SAR,,0
Meegassegama Wewa,2024-08-03,2024,8,7.195261464691162,30.055519295951047,23.93990066796309,S1_SAR,,0
Meegassegama Wewa,2024-08-15,2024,8,9.156696047973632,30.055519295951047,30.465938577901007,S1_SAR,,0
Meegassegama Wewa,2024-08-27,2024,8,7.415422560119629,30.055519295951047,24.67241536272043,S1_SAR,,0
Meegassegama Wewa,2024-09-20,2024,9,4.072978466033936,30.055519295951047,13.551515866114585,S1_SAR,,0
Meegassegama Wewa,2024-10-02,2024,10,4.603366172027588,30.055519295951047,15.316209068620998,S1_SAR,,0
Meegassegama Wewa,2024-10-14,2024,10,4.133022226715088,30.055519295951047,13.75129202067013,S1_SAR,,0
Meegassegama Wewa,2024-10-26,2024,10,3.6126417610168455,30.055519295951047,12.019894667078754,S1_SAR,,0
Meegassegama Wewa,2024-11-07,2024,11,14.930919552612306,30.055519295951047,49.67779596682509,S1_SAR,,0
Meegassegama Wewa,2024-11-19,2024,11,12.529162683105469,30.055519295951047,41.686728350068286,S1_SAR,,0
Meegassegama Wewa,2024-12-13,2024,12,11.723710857523,30.055519295951047,39.00684843300103,S1_SAR,,0
Meegassegama Wewa,2024-12-25,2024,12,11.168167308044431,30.055519295951047,37.15845731385837,S1_SAR,,0
Meegassegama Wewa,2025-01-06,2025,1,10.887962441253665,30.055519295951047,36.22616642900741,S1_SAR,,0
Meegassegama Wewa,2025-01-18,2025,1,10.377589025878908,30.055519295951047,34.528064292261064,S1_SAR,,0
Meegassegama Wewa,2025-01-30,2025,1,10.75786727142334,30.055519295951047,35.793316912919195,S1_SAR,,0
Meegassegama Wewa,2025-02-11,2025,2,10.15742805709839,30.055519295951047,33.79555001888374,S1_SAR,,0
Meegassegama Wewa,2025-02-23,2025,2,8.57627166748047,30.055519295951047,28.534764556990467,S1_SAR,,0
Meegassegama Wewa,2025-03-07,2025,3,9.52696692276001,30.055519295951047,31.69789491557194,S1_SAR,,0
Meegassegama Wewa,2025-03-19,2025,3,9.096652139282227,30.055519295951047,30.26616193088931,S1_SAR,,0
Meegassegama Wewa,2025-03-31,2025,3,8.9665570602417,30.055519295951047,29.833312716874723,S1_SAR,,0
Meegassegama Wewa,2025-04-12,2025,4,9.45499263702991,30.055519295951047,31.45842380538621,S1_SAR,,0
Meegassegama Wewa,2025-04-24,2025,4,9.23349735269584,30.055519295951047,30.72147002943229,S1_SAR,,0
Meegassegama Wewa,2025-05-06,2025,5,9.156696035766602,30.055519295951047,30.465938537286075,S1_SAR,,0
Meegassegama Wewa,2025-05-18,2025,5,9.70709866256714,30.055519295951047,32.29722490229886,S1_SAR,,0
Meegassegama Wewa,2025-05-30,2025,5,8.4962132522583,30.055519295951047,28.26839612584193,S1_SAR,,0
Meegassegama Wewa,2025-06-11,2025,6,9.366850030517575,30.055519295951047,31.165157847661742,S1_SAR,,0
Meegassegama Wewa,2025-06-23,2025,6,8.145564570587757,30.055519295951047,27.10172627656144,S1_SAR,,0
Meegassegama Wewa,2025-07-05,2025,7,7.81571534500122,30.055519295951047,26.004259876668044,S1_SAR,,0
Meegassegama Wewa,2025-07-17,2025,7,7.6555980140686035,30.055519295951047,25.47152134915844,S1_SAR,,0
Meegassegama Wewa,2025-07-29,2025,7,8.095920278930665,30.055519295951047,26.93655098490117,S1_SAR,,0
Meegassegama Wewa,2025-08-10,2025,8,7.8657518562316895,30.055519295951047,26.170740151847355,S1_SAR,,0
Meegassegama Wewa,2025-08-22,2025,8,7.265312952423096,30.055519295951047,24.172974290954432,S1_SAR,,0
Meegassegama Wewa,2025-09-03,2025,9,5.644127368164063,30.055519295951047,18.77900465664027,S1_SAR,,0
Meegassegama Wewa,2025-09-15,2025,9,5.584083412933349,30.055519295951047,18.579227854784108,S1_SAR,,0
Meegassegama Wewa,2025-09-27,2025,9,4.963629599761963,30.055519295951047,16.51486886946133,S1_SAR,,0
Meegassegama Wewa,2025-10-09,2025,10,4.403219844055176,30.055519295951047,14.650287026144843,S1_SAR,,0
Meegassegama Wewa,2025-10-21,2025,10,11.628503967285155,30.055519295951047,38.69007836058817,S1_SAR,,0
Meegassegama Wewa,2025-11-02,2025,11,10.757867144012453,30.055519295951047,35.79331648900076,S1_SAR,,0
Meegassegama Wewa,2025-11-14,2025,11,9.988559368079692,30.055519295951047,33.23369418350162,S1_SAR,,0
Meegassegama Wewa,2025-11-26,2025,11,15.451300276184082,30.055519295951047,51.40919417840708,S1_SAR,,0
Meegassegama Wewa,2025-12-02,2025,12,16.28190779876709,30.055519295951047,54.1727715247313,S1_SAR,,0
Meegassegama Wewa,2025-12-08,2025,12,12.819375324249268,30.055519295951047,42.65231686073792,S1_SAR,,0
Meegassegama Wewa,2025-12-20,2025,12,10.637779595184329,30.055519295951047,35.393764088506046,S1_SAR,,0
Nachchaduwa Wewa,2021-01-03,2021,1,1240.4185803379885,1649.7742760602357,75.18716944115444,S1_SAR_fallback,,0
Nachchaduwa Wewa,2021-01-15,2021,1,1349.1295662336724,1649.7742760602357,81.77661549284659,S1_SAR_fallback,,0
Nachchaduwa Wewa,2021-01-27,2021,1,1401.141271854413,1649.7742760602357,84.92927136677304,S2_MNDWI,2021-01-25,2
Nachchaduwa Wewa,2021-02-08,2021,2,1318.6797300454562,1649.7742760602357,79.93091837960681,S2_MNDWI,2021-02-09,1
Nachchaduwa Wewa,2021-02-20,2021,2,1281.4858075588477,1649.7742760602357,77.67643284020139,S1_SAR_fallback,,0
Nachchaduwa Wewa,2021-03-04,2021,3,1101.7108965865043,1649.7742760602357,66.77949296296818,S2_MNDWI,2021-03-01,3
Nachchaduwa Wewa,2021-03-16,2021,3,1232.7553839162308,1649.7742760602357,74.72266974971436,S1_SAR_fallback,,0
Nachchaduwa Wewa,2021-03-28,2021,3,746.6110018814597,1649.7742760602357,45.25534266811418,S2_MNDWI,2021-03-31,3
Nachchaduwa Wewa,2021-04-09,2021,4,1192.8217026210532,1649.7742760602357,72.30211550331516,S1_SAR_fallback,,0
Nachchaduwa Wewa,2021-04-21,2021,4,1189.7408011540729,1649.7742760602357,72.11536865487128,S1_SAR_fallback,,0
Nachchaduwa Wewa,2021-05-03,2021,5,1149.542508775632,1649.7742760602357,69.6787751789179,S1_SAR_fallback,,0
Nachchaduwa Wewa,2021-05-15,2021,5,1181.1960056102855,1649.7742760602357,71.5974314032254,S1_SAR_fallback,,0
Nachchaduwa Wewa,2021-05-27,2021,5,1148.7785812076884,1649.7742760602357,69.63247020380531,S1_SAR_fallback,,0
Nachchaduwa Wewa,2021-06-08,2021,6,1172.2183232307943,1649.7742760602357,71.05325499620015,S1_SAR_fallback,,0
Nachchaduwa Wewa,2021-06-14,2021,6,1146.2778261436792,1649.7742760602357,69.48088855410344,S1_SAR_fallback,,0
Nachchaduwa Wewa,2021-06-20,2021,6,989.2713634987772,1649.7742760602357,59.96404343636751,S2_MNDWI,2021-06-19,1
Nachchaduwa Wewa,2021-07-02,2021,7,1133.6578994474405,1649.7742760602357,68.7159398651,S1_SAR_fallback,,0
Nachchaduwa Wewa,2021-07-14,2021,7,1128.5052693423434,1649.7742760602357,68.40361652609135,S1_SAR_fallback,,0
Nachchaduwa Wewa,2021-07-26,2021,7,1049.3283115510883,1649.7742760602357,63.60435647335648,S1_SAR_fallback,,0
Nachchaduwa Wewa,2021-08-07,2021,8,975.2102157734918,1649.7742760602357,59.11173606745492,S1_SAR_fallback,,0
Nachchaduwa Wewa,2021-08-19,2021,8,949.5213271294692,1649.7742760602357,57.55462070829383,S1_SAR_fallback,,0
Nachchaduwa Wewa,2021-08-31,2021,8,1015.0543836028006,1649.7742760602357,61.52686451305412,S1_SAR_fallback,,0
Nachchaduwa Wewa,2021-09-12,2021,9,1050.0105672421355,1649.7742760602357,63.64571096050948,S1_SAR_fallback,,0
Nachchaduwa Wewa,2021-09-24,2021,9,1015.6269986286655,1649.7742760602357,61.56157320224719,S1_SAR_fallback,,0
Nachchaduwa Wewa,2021-10-06,2021,10,991.2659711125362,1649.7742760602357,60.08494528595399,S1_SAR_fallback,,0
Nachchaduwa Wewa,2021-10-18,2021,10,1127.121003375947,1649.7742760602357,68.31971014044314,S1_SAR_fallback,,0
Nachchaduwa Wewa,2021-10-30,2021,10,1218.4657001120206,1649.7742760602357,73.85650981428763,S1_SAR_fallback,,0
Nachchaduwa Wewa,2021-11-17,2021,11,1262.544481780123,1649.7742760602357,76.52831663705888,S1_SAR_fallback,,0
Nachchaduwa Wewa,2021-11-23,2021,11,1295.2195347284355,1649.7742760602357,78.50889382403882,S2_MNDWI,2021-11-21,2
Nachchaduwa Wewa,2021-12-05,2021,12,1212.1746216590318,1649.7742760602357,73.47518016548183,S1_SAR_fallback,,0
Nachchaduwa Wewa,2021-12-17,2021,12,1225.386146261639,1649.7742760602357,74.27598817869423,S1_SAR_fallback,,0
Nachchaduwa Wewa,2021-12-29,2021,12,1196.7838153222535,1649.7742760602357,72.5422764003963,S1_SAR_fallback,,0
Nachchaduwa Wewa,2022-01-10,2022,1,1196.8293513669305,1649.7742760602357,72.54503653827322,S1_SAR_fallback,,0
Nachchaduwa Wewa,2022-01-22,2022,1,1240.213481279719,1649.7742760602357,75.17473749447873,S2_MNDWI,2022-01-20,2
Nachchaduwa Wewa,2022-02-03,2022,2,1202.7628959342326,1649.7742760602357,72.90469450199609,S2_MNDWI,2022-02-04,1
Nachchaduwa Wewa,2022-02-15,2022,2,1165.927407516372,1649.7742760602357,70.67193521168723,S1_SAR_fallback,,0
Nachchaduwa Wewa,2022-02-27,2022,2,1139.3837736254643,1649.7742760602357,69.06301002258225,S1_SAR_fallback,,0
Nachchaduwa Wewa,2022-03-11,2022,3,1130.3199355309969,1649.7742760602357,68.5136113426542,S1_SAR_fallback,,0
Nachchaduwa Wewa,2022-03-23,2022,3,1203.7865689567257,1649.7742760602357,72.96674377972745,S2_MNDWI,2022-03-21,2
Nachchaduwa Wewa,2022-04-04,2022,4,1146.9517599076455,1649.7742760602357,69.52173861303245,S1_SAR_fallback,,0
Nachchaduwa Wewa,2022-04-16,2022,4,1198.7869150834474,1649.7742760602357,72.6636929960034,S1_SAR_fallback,,0
Nachchaduwa Wewa,2022-04-28,2022,4,1172.1220237853254,1649.7742760602357,71.0474178676386,S1_SAR_fallback,,0
Nachchaduwa Wewa,2022-05-10,2022,5,1149.689959844241,1649.7742760602357,69.68771283001045,S1_SAR_fallback,,0
Nachchaduwa Wewa,2022-05-22,2022,5,1128.4270326945705,1649.7742760602357,68.39887426232181,S1_SAR_fallback,,0
Nachchaduwa Wewa,2022-06-03,2022,6,1119.7240089143852,1649.7742760602357,67.87134610853288,S1_SAR_fallback,,0
Nachchaduwa Wewa,2022-06-15,2022,6,1111.349745682813,1649.7742760602357,67.36374556262238,S1_SAR_fallback,,0
Nachchaduwa Wewa,2022-06-27,2022,6,969.5755027905932,1649.7742760602357,58.77019158681516,S2_MNDWI,2022-06-29,2
Nachchaduwa Wewa,2022-07-09,2022,7,1089.928338940795,1649.7742760602357,66.06530085701252,S1_SAR_fallback,,0
Nachchaduwa Wewa,2022-07-21,2022,7,1075.6041292071448,1649.7742760602357,65.19704815471816,S1_SAR_fallback,,0
Nachchaduwa Wewa,2022-08-02,2022,8,1067.3860776533268,1649.7742760602357,64.69891627855367,S1_SAR_fallback,,0
Nachchaduwa Wewa,2022-08-14,2022,8,972.1221690860792,1649.7742760602357,58.92455611609898,S1_SAR_fallback,,0
Nachchaduwa Wewa,2022-08-26,2022,8,884.3178390032724,1649.7742760602357,53.6023534755966,S1_SAR_fallback,,0
Nachchaduwa Wewa,2022-09-07,2022,9,995.652385166282,1649.7742760602357,60.35082493490941,S1_SAR_fallback,,0
Nachchaduwa Wewa,2022-09-19,2022,9,1081.1189946343457,1649.7742760602357,65.53132815333534,S1_SAR_fallback,,0
Nachchaduwa Wewa,2022-10-01,2022,10,1026.4074755634083,1649.7742760602357,62.21502483446,S1_SAR_fallback,,0
Nachchaduwa Wewa,2022-10-13,2022,10,992.1842555048296,1649.7742760602357,60.14060650007392,S1_SAR_fallback,,0
Nachchaduwa Wewa,2022-10-25,2022,10,1011.4372850549678,1649.7742760602357,61.3076164255842,S2_MNDWI,2022-10-27,2
Nachchaduwa Wewa,2022-11-06,2022,11,969.3253435267368,1649.7742760602357,58.75502834494101,S1_SAR_fallback,,0
Nachchaduwa Wewa,2022-11-18,2022,11,939.8453592075692,1649.7742760602357,56.96811817504991,S1_SAR_fallback,,0
Nachchaduwa Wewa,2022-11-30,2022,11,901.7193815701622,1649.7742760602357,54.65713671591028,S1_SAR_fallback,,0
Nachchaduwa Wewa,2022-12-12,2022,12,982.1025266444276,1649.7742760602357,59.52950903015351,S1_SAR_fallback,,0
Nachchaduwa Wewa,2022-12-24,2022,12,1101.6827566256684,1649.7742760602357,66.77778727745445,S1_SAR_fallback,,0
Nachchaduwa Wewa,2023-01-05,2023,1,1107.22227866704,1649.7742760602357,67.1135618207817,S1_SAR_fallback,,0
Nachchaduwa Wewa,2023-01-17,2023,1,1121.7599659442587,1649.7742760602357,67.99475432621557,S1_SAR_fallback,,0
Nachchaduwa Wewa,2023-01-29,2023,1,1146.6502840595203,1649.7742760602357,69.50346484961526,S1_SAR_fallback,,0
Nachchaduwa Wewa,2023-02-10,2023,2,1178.6534892926925,1649.7742760602357,71.44331842216565,S1_SAR_fallback,,0
Nachchaduwa Wewa,2023-02-22,2023,2,1124.8324357617578,1649.7742760602357,68.18099009568316,S1_SAR_fallback,,0
Nachchaduwa Wewa,2023-03-06,2023,3,1106.8127851311267,1649.7742760602357,67.08874063512889,S1_SAR_fallback,,0
Nachchaduwa Wewa,2023-03-18,2023,3,1078.1405808118127,1649.7742760602357,65.35079352712904,S1_SAR_fallback,,0
Nachchaduwa Wewa,2023-03-30,2023,3,1089.1467762704167,1649.7742760602357,66.01792694157939,S1_SAR_fallback,,0
Nachchaduwa Wewa,2023-04-11,2023,4,1062.8544877249444,1649.7742760602357,64.42423688791581,S1_SAR_fallback,,0
Nachchaduwa Wewa,2023-04-23,2023,4,1008.7482816869222,1649.7742760602357,61.14462422676854,S1_SAR_fallback,,0
Nachchaduwa Wewa,2023-05-05,2023,5,1030.7382021281437,1649.7742760602357,62.47752902231031,S1_SAR_fallback,,0
Nachchaduwa Wewa,2023-05-17,2023,5,962.3249903716112,1649.7742760602357,58.33070646911186,S1_SAR_fallback,,0
Nachchaduwa Wewa,2023-05-29,2023,5,922.8741320034552,1649.7742760602357,55.9394182219483,S1_SAR_fallback,,0
Nachchaduwa Wewa,2023-06-10,2023,6,937.2639139724372,1649.7742760602357,56.811645542848574,S1_SAR_fallback,,0
Nachchaduwa Wewa,2023-06-22,2023,6,953.346894931817,1649.7742760602357,57.78650502470369,S1_SAR_fallback,,0
Nachchaduwa Wewa,2023-07-04,2023,7,929.5463667054928,1649.7742760602357,56.34385141010368,S1_SAR_fallback,,0
Nachchaduwa Wewa,2023-07-16,2023,7,870.7580206204225,1649.7742760602357,52.78043386031253,S1_SAR_fallback,,0
Nachchaduwa Wewa,2023-07-28,2023,7,694.1519594494539,1649.7742760602357,42.07557176289185,S2_MNDWI,2023-07-29,1
Nachchaduwa Wewa,2023-08-09,2023,8,741.4691974381541,1649.7742760602357,44.9436755195886,S1_SAR_fallback,,0
Nachchaduwa Wewa,2023-09-02,2023,9,668.1223448858042,1649.7742760602357,40.49780352263233,S1_SAR_fallback,,0
Nachchaduwa Wewa,2023-09-14,2023,9,639.4216198477412,1649.7742760602357,38.75812764972431,S1_SAR_fallback,,0
Nachchaduwa Wewa,2023-09-26,2023,9,640.3495458907903,1649.7742760602357,38.81437328626466,S1_SAR_fallback,,0
Nachchaduwa Wewa,2023-10-08,2023,10,616.4407681587489,1649.7742760602357,37.3651581979353,S1_SAR_fallback,,0
Nachchaduwa Wewa,2023-10-20,2023,10,755.3520612353576,1649.7742760602357,45.78517632358686,S1_SAR_fallback,,0
Nachchaduwa Wewa,2023-11-01,2023,11,994.302533964344,1649.7742760602357,60.269004577935405,S1_SAR_fallback,,0
Nachchaduwa Wewa,2023-11-13,2023,11,1276.4831455360325,1649.7742760602357,77.37319971944005,S1_SAR_fallback,,0
Nachchaduwa Wewa,2023-11-25,2023,11,1301.833873085294,1649.7742760602357,78.90981766270201,S1_SAR_fallback,,0
Nachchaduwa Wewa,2023-12-07,2023,12,1305.1951468864745,1649.7742760602357,79.11355909872483,S1_SAR_fallback,,0
Nachchaduwa Wewa,2023-12-19,2023,12,1292.837945638712,1649.7742760602357,78.36453534274337,S1_SAR_fallback,,0
Nachchaduwa Wewa,2023-12-31,2023,12,1274.33060023576,1649.7742760602357,77.24272457920374,S1_SAR_fallback,,0
Nachchaduwa Wewa,2024-01-12,2024,1,1307.1690820819304,1649.7742760602357,79.2332079030552,S1_SAR_fallback,,0
Nachchaduwa Wewa,2024-01-24,2024,1,1242.3716660981522,1649.7742760602357,75.30555447045845,S2_MNDWI,2024-01-25,1
Nachchaduwa Wewa,2024-02-05,2024,2,1246.3299546587866,1649.7742760602357,75.5454835697342,S1_SAR_fallback,,0
Nachchaduwa Wewa,2024-02-17,2024,2,1229.4564552243758,1649.7742760602357,74.52270732214316,S1_SAR_fallback,,0
Nachchaduwa Wewa,2024-02-29,2024,2,1235.5236510444042,1649.7742760602357,74.8904664700502,S1_SAR_fallback,,0
Nachchaduwa Wewa,2024-03-12,2024,3,1233.5391009948191,1649.7742760602357,74.77017425320679,S2_MNDWI,2024-03-10,2
Nachchaduwa Wewa,2024-03-24,2024,3,1227.1308971841995,1649.7742760602357,74.38174512665243,S1_SAR_fallback,,0
Nachchaduwa Wewa,2024-04-05,2024,4,1219.4286896346566,1649.7742760602357,73.91488080094986,S1_SAR_fallback,,0
Nachchaduwa Wewa,2024-04-17,2024,4,1203.2244498580842,1649.7742760602357,72.93267129437001,S1_SAR_fallback,,0
Nachchaduwa Wewa,2024-04-29,2024,4,1184.7258165331195,1649.7742760602357,71.81138860779906,S1_SAR_fallback,,0
Nachchaduwa Wewa,2024-05-11,2024,5,1169.4081567786393,1649.7742760602357,70.88291857545866,S1_SAR_fallback,,0
Nachchaduwa Wewa,2024-05-23,2024,5,1095.230194474083,1649.7742760602357,66.3866693987714,S1_SAR_fallback,,0
Nachchaduwa Wewa,2024-06-04,2024,6,1194.1392583989943,1649.7742760602357,72.38197829406539,S1_SAR_fallback,,0
Nachchaduwa Wewa,2024-06-16,2024,6,1171.6406103826696,1649.7742760602357,71.01823730581015,S1_SAR_fallback,,0
Nachchaduwa Wewa,2024-07-10,2024,7,1140.2912846476447,1649.7742760602357,69.11801821584537,S1_SAR_fallback,,0
Nachchaduwa Wewa,2024-07-22,2024,7,1115.407315279933,1649.7742760602357,67.60969251766949,S1_SAR_fallback,,0
Nachchaduwa Wewa,2024-08-03,2024,8,1104.928991179352,1649.7742760602357,66.97455568394433,S1_SAR_fallback,,0
Nachchaduwa Wewa,2024-08-15,2024,8,1145.4821467331233,1649.7742760602357,69.43265896160088,S1_SAR_fallback,,0
Nachchaduwa Wewa,2024-08-27,2024,8,1166.0291788660777,1649.7742760602357,70.67810401618266,S1_SAR_fallback,,0
Nachchaduwa Wewa,2024-09-20,2024,9,1182.2902187976165,1649.7742760602357,71.6637564273944,S1_SAR_fallback,,0
Nachchaduwa Wewa,2024-10-02,2024,10,1109.0152243397133,1649.7742760602357,67.22224006232605,S2_MNDWI,2024-10-01,1
Nachchaduwa Wewa,2024-10-14,2024,10,1167.339933657693,1649.7742760602357,70.7575545695484,S1_SAR_fallback,,0
Nachchaduwa Wewa,2024-10-26,2024,10,1162.3543966116306,1649.7742760602357,70.45535946816953,S1_SAR_fallback,,0
Nachchaduwa Wewa,2024-11-07,2024,11,1167.3367052128272,1649.7742760602357,70.7573588794523,S1_SAR_fallback,,0
Nachchaduwa Wewa,2024-11-19,2024,11,1152.1666728998043,1649.7742760602357,69.83783718893051,S1_SAR_fallback,,0
Nachchaduwa Wewa,2024-12-13,2024,12,1208.081687574831,1649.7742760602357,73.22708961493845,S1_SAR_fallback,,0
Nachchaduwa Wewa,2024-12-25,2024,12,1238.4795790183243,1649.7742760602357,75.0696381310958,S1_SAR_fallback,,0
Nachchaduwa Wewa,2025-01-06,2025,1,1262.9625293050035,1649.7742760602357,76.55365631721675,S1_SAR_fallback,,0
Nachchaduwa Wewa,2025-01-18,2025,1,1260.0015345360368,1649.7742760602357,76.37417753566866,S1_SAR_fallback,,0
Nachchaduwa Wewa,2025-01-30,2025,1,1244.717445179461,1649.7742760602357,75.44774235127028,S1_SAR_fallback,,0
Nachchaduwa Wewa,2025-02-11,2025,2,1234.1272922983835,1649.7742760602357,74.80582708839155,S1_SAR_fallback,,0
Nachchaduwa Wewa,2025-02-23,2025,2,1219.6351638444582,1649.7742760602357,73.92739610154568,S1_SAR_fallback,,0
Nachchaduwa Wewa,2025-03-07,2025,3,1223.6985363885942,1649.7742760602357,74.17369479847042,S2_MNDWI,2025-03-05,2
Nachchaduwa Wewa,2025-03-19,2025,3,1234.4321651759942,1649.7742760602357,74.82430676055245,S1_SAR_fallback,,0
Nachchaduwa Wewa,2025-03-31,2025,3,1213.8680382168816,1649.7742760602357,73.57782551414697,S1_SAR_fallback,,0
Nachchaduwa Wewa,2025-04-12,2025,4,1211.324122120538,1649.7742760602357,73.42362768640423,S1_SAR_fallback,,0
Nachchaduwa Wewa,2025-04-24,2025,4,1210.0089732182312,1649.7742760602357,73.34391078686282,S1_SAR_fallback,,0
Nachchaduwa Wewa,2025-05-06,2025,5,1215.727553109852,1649.7742760602357,73.69053880589566,S1_SAR_fallback,,0
Nachchaduwa Wewa,2025-05-18,2025,5,1208.3817410227246,1649.7742760602357,73.24527716048621,S1_SAR_fallback,,0
Nachchaduwa Wewa,2025-05-30,2025,5,1204.688404258662,1649.7742760602357,73.02140794288134,S1_SAR_fallback,,0
Nachchaduwa Wewa,2025-06-11,2025,6,1211.8955868391567,1649.7742760602357,73.45826665046803,S1_SAR_fallback,,0
Nachchaduwa Wewa,2025-06-23,2025,6,1214.846778409313,1649.7742760602357,73.63715121746492,S1_SAR_fallback,,0
Nachchaduwa Wewa,2025-07-05,2025,7,1205.7580787486477,1649.7742760602357,73.08624556979234,S1_SAR_fallback,,0
Nachchaduwa Wewa,2025-07-17,2025,7,1176.4985693711617,1649.7742760602357,71.31269934579862,S1_SAR_fallback,,0
Nachchaduwa Wewa,2025-07-29,2025,7,1104.1470762763977,1649.7742760602357,66.92716041816156,S2_MNDWI,2025-07-28,1
Nachchaduwa Wewa,2025-08-10,2025,8,1123.7261778252428,1649.7742760602357,68.11393498683779,S1_SAR_fallback,,0
Nachchaduwa Wewa,2025-08-22,2025,8,1002.3072844759564,1649.7742760602357,60.75420734947625,S2_MNDWI,2025-08-22,0
Nachchaduwa Wewa,2025-09-03,2025,9,1069.4302655874092,1649.7742760602357,64.8228234071679,S1_SAR_fallback,,0
Nachchaduwa Wewa,2025-09-15,2025,9,1058.070582472744,1649.7742760602357,64.13426356722466,S1_SAR_fallback,,0
Nachchaduwa Wewa,2025-09-27,2025,9,1133.2433820733283,1649.7742760602357,68.69081416274622,S1_SAR_fallback,,0
Nachchaduwa Wewa,2025-10-09,2025,10,1202.357707476379,1649.7742760602357,72.88013426586359,S1_SAR_fallback,,0
Nachchaduwa Wewa,2025-10-21,2025,10,1255.073490879316,1649.7742760602357,76.0754673588747,S1_SAR_fallback,,0
Nachchaduwa Wewa,2025-11-02,2025,11,1275.9388158996942,1649.7742760602357,77.34020553082668,S2_MNDWI,2025-10-31,2
Nachchaduwa Wewa,2025-11-14,2025,11,1189.216818089935,1649.7742760602357,72.08360776056341,S1_SAR_fallback,,0
Nachchaduwa Wewa,2025-11-26,2025,11,1255.6160536038387,1649.7742760602357,76.10835444727194,S1_SAR_fallback,,0
Nachchaduwa Wewa,2025-12-02,2025,12,1357.1181441058382,1649.7742760602357,82.26083797031441,S1_SAR_fallback,,0
Nachchaduwa Wewa,2025-12-08,2025,12,1267.163855855575,1649.7742760602357,76.80831700695695,S1_SAR_fallback,,0
Nachchaduwa Wewa,2025-12-20,2025,12,1313.0635841824285,1649.7742760602357,79.59049933292125,S1_SAR_fallback,,0
Pahala Amanakkattuwa Wewa,2021-01-03,2021,1,0.0,20.86676456798128,0.0,S1_SAR,,0
Pahala Amanakkattuwa Wewa,2021-01-15,2021,1,0.0,20.86676456798128,0.0,S1_SAR,,0
Pahala Amanakkattuwa Wewa,2021-01-27,2021,1,0.0,20.86676456798128,0.0,S1_SAR,,0
Pahala Amanakkattuwa Wewa,2021-02-08,2021,2,0.0,20.86676456798128,0.0,S1_SAR,,0
Pahala Amanakkattuwa Wewa,2021-02-20,2021,2,0.0,20.86676456798128,0.0,S1_SAR,,0
Pahala Amanakkattuwa Wewa,2021-03-04,2021,3,0.0,20.86676456798128,0.0,S1_SAR,,0
Pahala Amanakkattuwa Wewa,2021-03-16,2021,3,0.0,20.86676456798128,0.0,S1_SAR,,0
Pahala Amanakkattuwa Wewa,2021-03-28,2021,3,0.0,20.86676456798128,0.0,S1_SAR,,0
Pahala Amanakkattuwa Wewa,2021-04-09,2021,4,0.0,20.86676456798128,0.0,S1_SAR,,0
Pahala Amanakkattuwa Wewa,2021-04-21,2021,4,0.0,20.86676456798128,0.0,S1_SAR,,0
Pahala Amanakkattuwa Wewa,2021-05-03,2021,5,0.0,20.86676456798128,0.0,S1_SAR,,0
Pahala Amanakkattuwa Wewa,2021-05-15,2021,5,0.0,20.86676456798128,0.0,S1_SAR,,0
Pahala Amanakkattuwa Wewa,2021-05-27,2021,5,0.0,20.86676456798128,0.0,S1_SAR,,0
Pahala Amanakkattuwa Wewa,2021-06-08,2021,6,0.0,20.86676456798128,0.0,S1_SAR,,0
Pahala Amanakkattuwa Wewa,2021-06-14,2021,6,0.0,20.86676456798128,0.0,S1_SAR,,0
Pahala Amanakkattuwa Wewa,2021-06-20,2021,6,0.0,20.86676456798128,0.0,S1_SAR,,0
Pahala Amanakkattuwa Wewa,2021-07-02,2021,7,0.0,20.86676456798128,0.0,S1_SAR,,0
Pahala Amanakkattuwa Wewa,2021-07-14,2021,7,0.0,20.86676456798128,0.0,S1_SAR,,0
Pahala Amanakkattuwa Wewa,2021-07-26,2021,7,0.0,20.86676456798128,0.0,S1_SAR,,0
Pahala Amanakkattuwa Wewa,2021-08-07,2021,8,0.0,20.86676456798128,0.0,S1_SAR,,0
Pahala Amanakkattuwa Wewa,2021-08-19,2021,8,0.0100072372436523,20.86676456798128,0.0479577809537747,S1_SAR,,0
Pahala Amanakkattuwa Wewa,2021-08-31,2021,8,0.0,20.86676456798128,0.0,S1_SAR,,0
Pahala Amanakkattuwa Wewa,2021-09-12,2021,9,0.0,20.86676456798128,0.0,S1_SAR,,0
Pahala Amanakkattuwa Wewa,2021-09-24,2021,9,0.0,20.86676456798128,0.0,S1_SAR,,0
Pahala Amanakkattuwa Wewa,2021-10-06,2021,10,0.0,20.86676456798128,0.0,S1_SAR,,0
Pahala Amanakkattuwa Wewa,2021-10-18,2021,10,0.0,20.86676456798128,0.0,S1_SAR,,0
Pahala Amanakkattuwa Wewa,2021-10-30,2021,10,0.0,20.86676456798128,0.0,S1_SAR,,0
Pahala Amanakkattuwa Wewa,2021-11-17,2021,11,1.6912234901428222,20.86676456798128,8.104866878777637,S1_SAR,,0
Pahala Amanakkattuwa Wewa,2021-11-23,2021,11,1.0807817893981932,20.86676456798128,5.179441143724716,S1_SAR,,0
Pahala Amanakkattuwa Wewa,2021-12-05,2021,12,0.2902099319458008,20.86676456798128,1.3907758962839378,S1_SAR,,0
Pahala Amanakkattuwa Wewa,2021-12-17,2021,12,0.1100796112060546,20.86676456798128,0.5275355978040066,S1_SAR,,0
Pahala Amanakkattuwa Wewa,2021-12-29,2021,12,0.1401013397216796,20.86676456798128,0.6714090211026594,S1_SAR,,0
Pahala Amanakkattuwa Wewa,2022-01-10,2022,1,0.2501809585571289,20.86676456798128,1.1989446554690883,S1_SAR,,0
Pahala Amanakkattuwa Wewa,2022-01-22,2022,1,0.0400289505004882,20.86676456798128,0.1918311311275834,S1_SAR,,0
Pahala Amanakkattuwa Wewa,2022-02-03,2022,2,0.0800578994750976,20.86676456798128,0.3836622549426824,S1_SAR,,0
Pahala Amanakkattuwa Wewa,2022-02-15,2022,2,0.1501085586547851,20.86676456798128,0.7193667143066212,S1_SAR,,0
Pahala Amanakkattuwa Wewa,2022-02-27,2022,2,0.1601157989501953,20.86676456798128,0.7673245098853648,S1_SAR,,0
Pahala Amanakkattuwa Wewa,2022-03-11,2022,3,0.0800578979492187,20.86676456798128,0.383662247630198,S1_SAR,,0
Pahala Amanakkattuwa Wewa,2022-03-23,2022,3,0.1901375106811523,20.86676456798128,0.9111978527466892,S1_SAR,,0
Pahala Amanakkattuwa Wewa,2022-04-04,2022,4,0.1401013229370117,20.86676456798128,0.671408940665331,S1_SAR,,0
Pahala Amanakkattuwa Wewa,2022-04-16,2022,4,0.130094091796875,20.86676456798128,0.6234511889614939,S1_SAR,,0
Pahala Amanakkattuwa Wewa,2022-04-28,2022,4,0.1501085594177246,20.86676456798128,0.7193667179628634,S1_SAR,,0
Pahala Amanakkattuwa Wewa,2022-05-10,2022,5,0.0400289505004882,20.86676456798128,0.1918311311275834,S1_SAR,,0
Pahala Amanakkattuwa Wewa,2022-05-22,2022,5,0.0,20.86676456798128,0.0,S1_SAR,,0
Pahala Amanakkattuwa Wewa,2022-06-03,2022,6,0.0700506607055664,20.86676456798128,0.3357044666764233,S1_SAR,,0
Pahala Amanakkattuwa Wewa,2022-06-15,2022,6,0.0600434249877929,20.86676456798128,0.2877466930351329,S1_SAR,,0
Pahala Amanakkattuwa Wewa,2022-06-27,2022,6,0.0,20.86676456798128,0.0,S1_SAR,,0
Pahala Amanakkattuwa Wewa,2022-07-09,2022,7,0.030021711730957,20.86676456798128,0.1438733428613242,S1_SAR,,0
Pahala Amanakkattuwa Wewa,2022-07-21,2022,7,0.0400289566040039,20.86676456798128,0.191831160377521,S1_SAR,,0
Pahala Amanakkattuwa Wewa,2022-08-02,2022,8,0.0,20.86676456798128,0.0,S1_SAR,,0
Pahala Amanakkattuwa Wewa,2022-08-14,2022,8,0.030021711730957,20.86676456798128,0.1438733428613242,S1_SAR,,0
Pahala Amanakkattuwa Wewa,2022-08-26,2022,8,0.0,20.86676456798128,0.0,S1_SAR,,0
Pahala Amanakkattuwa Wewa,2022-09-07,2022,9,0.0,20.86676456798128,0.0,S1_SAR,,0
Pahala Amanakkattuwa Wewa,2022-09-19,2022,9,0.0700506774902343,20.86676456798128,0.3357045471137518,S1_SAR,,0
Pahala Amanakkattuwa Wewa,2022-10-01,2022,10,0.0,20.86676456798128,0.0,S1_SAR,,0
Pahala Amanakkattuwa Wewa,2022-10-13,2022,10,0.0700506645202636,20.86676456798128,0.3357044849576343,S1_SAR,,0
Pahala Amanakkattuwa Wewa,2022-10-25,2022,10,0.0800579010009765,20.86676456798128,0.3836622622551668,S1_SAR,,0
Pahala Amanakkattuwa Wewa,2022-11-06,2022,11,0.0400289505004882,20.86676456798128,0.1918311311275834,S1_SAR,,0
Pahala Amanakkattuwa Wewa,2022-11-18,2022,11,0.0,20.86676456798128,0.0,S1_SAR,,0
Pahala Amanakkattuwa Wewa,2022-11-30,2022,11,0.0,20.86676456798128,0.0,S1_SAR,,0
Pahala Amanakkattuwa Wewa,2022-12-12,2022,12,0.0,20.86676456798128,0.0,S1_SAR,,0
Pahala Amanakkattuwa Wewa,2022-12-24,2022,12,0.0,20.86676456798128,0.0,S1_SAR,,0
Pahala Amanakkattuwa Wewa,2023-01-05,2023,1,0.0,20.86676456798128,0.0,S1_SAR,,0
Pahala Amanakkattuwa Wewa,2023-01-17,2023,1,0.0,20.86676456798128,0.0,S1_SAR,,0
Pahala Amanakkattuwa Wewa,2023-01-29,2023,1,0.0,20.86676456798128,0.0,S1_SAR,,0
Pahala Amanakkattuwa Wewa,2023-02-10,2023,2,0.0600434249877929,20.86676456798128,0.2877466930351329,S1_SAR,,0
Pahala Amanakkattuwa Wewa,2023-02-22,2023,2,0.0,20.86676456798128,0.0,S1_SAR,,0
Pahala Amanakkattuwa Wewa,2023-03-06,2023,3,0.0,20.86676456798128,0.0,S1_SAR,,0
Pahala Amanakkattuwa Wewa,2023-03-18,2023,3,0.0,20.86676456798128,0.0,S1_SAR,,0
Pahala Amanakkattuwa Wewa,2023-03-30,2023,3,0.0,20.86676456798128,0.0,S1_SAR,,0
Pahala Amanakkattuwa Wewa,2023-04-11,2023,4,0.0,20.86676456798128,0.0,S1_SAR,,0
Pahala Amanakkattuwa Wewa,2023-04-23,2023,4,0.0,20.86676456798128,0.0,S1_SAR,,0
Pahala Amanakkattuwa Wewa,2023-05-05,2023,5,0.0,20.86676456798128,0.0,S1_SAR,,0
Pahala Amanakkattuwa Wewa,2023-05-17,2023,5,0.05003618850708,20.86676456798128,0.2397889157376004,S1_SAR,,0
Pahala Amanakkattuwa Wewa,2023-05-29,2023,5,0.0,20.86676456798128,0.0,S1_SAR,,0
Pahala Amanakkattuwa Wewa,2023-06-10,2023,6,0.0100072372436523,20.86676456798128,0.0479577809537747,S1_SAR,,0
Pahala Amanakkattuwa Wewa,2023-06-22,2023,6,0.0400289505004882,20.86676456798128,0.1918311311275834,S1_SAR,,0
Pahala Amanakkattuwa Wewa,2023-07-04,2023,7,0.1000723747253417,20.86676456798128,0.4795778205064741,S1_SAR,,0
Pahala Amanakkattuwa Wewa,2023-07-16,2023,7,0.0600434295654296,20.86676456798128,0.2877467149725861,S1_SAR,,0
Pahala Amanakkattuwa Wewa,2023-07-28,2023,7,0.2001447708129883,20.86676456798128,0.95915574338773,S1_SAR,,0
Pahala Amanakkattuwa Wewa,2023-08-09,2023,8,0.0,20.86676456798128,0.0,S1_SAR,,0
Pahala Amanakkattuwa Wewa,2023-09-02,2023,9,0.39028228225708,20.86676456798128,1.8703535997906613,S1_SAR,,0
Pahala Amanakkattuwa Wewa,2023-09-14,2023,9,0.1601157981872558,20.86676456798128,0.7673245062291226,S1_SAR,,0
Pahala Amanakkattuwa Wewa,2023-09-26,2023,9,0.1300940940856933,20.86676456798128,0.6234511999302205,S1_SAR,,0
Pahala Amanakkattuwa Wewa,2023-10-08,2023,10,0.0,20.86676456798128,0.0,S1_SAR,,0
Pahala Amanakkattuwa Wewa,2023-10-20,2023,10,0.0,20.86676456798128,0.0,S1_SAR,,0
Pahala Amanakkattuwa Wewa,2023-11-01,2023,11,0.0,20.86676456798128,0.0,S1_SAR,,0
Pahala Amanakkattuwa Wewa,2023-11-13,2023,11,3.162287126159668,20.86676456798128,15.154659534578716,S1_SAR,,0
Pahala Amanakkattuwa Wewa,2023-11-25,2023,11,1.8013028732299805,20.86676456798128,8.632401383365226,S1_SAR,,0
Pahala Amanakkattuwa Wewa,2023-12-07,2023,12,0.5003619064331055,20.86676456798128,2.397889259750786,S1_SAR,,0
Pahala Amanakkattuwa Wewa,2023-12-19,2023,12,1.000723794555664,20.86676456798128,4.795778431751758,S1_SAR,,0
Pahala Amanakkattuwa Wewa,2023-12-31,2023,12,0.6204487274169922,20.86676456798128,2.973382506883848,S1_SAR,,0
Pahala Amanakkattuwa Wewa,2024-01-12,2024,1,0.5804197746276856,20.86676456798128,2.7815513647875374,S1_SAR,,0
Pahala Amanakkattuwa Wewa,2024-01-24,2024,1,0.5103691230773926,20.86676456798128,2.4458469419860207,S1_SAR,,0
Pahala Amanakkattuwa Wewa,2024-02-05,2024,2,0.4503256904602051,20.86676456798128,2.1581002123884656,S1_SAR,,0
Pahala Amanakkattuwa Wewa,2024-02-17,2024,2,0.3002171310424805,20.86676456798128,1.4387334944256025,S1_SAR,,0
Pahala Amanakkattuwa Wewa,2024-02-29,2024,2,0.350253311920166,20.86676456798128,1.6785223736007806,S1_SAR,,0
Pahala Amanakkattuwa Wewa,2024-03-12,2024,3,0.2301664672851562,20.86676456798128,1.1030290131242102,S1_SAR,,0
Pahala Amanakkattuwa Wewa,2024-03-24,2024,3,0.4102967407226562,20.86676456798128,1.9662690849171247,S1_SAR,,0
Pahala Amanakkattuwa Wewa,2024-04-05,2024,4,0.1701230392456054,20.86676456798128,0.8152823054641083,S1_SAR,,0
Pahala Amanakkattuwa Wewa,2024-04-17,2024,4,0.2301664573669433,20.86676456798128,1.1030289655930614,S1_SAR,,0
Pahala Amanakkattuwa Wewa,2024-04-29,2024,4,0.1801302764892578,20.86676456798128,0.8632400864178831,S1_SAR,,0
Pahala Amanakkattuwa Wewa,2024-05-11,2024,5,0.0700506614685058,20.86676456798128,0.3357044703326655,S1_SAR,,0
Pahala Amanakkattuwa Wewa,2024-05-23,2024,5,0.6704849128723145,20.86676456798128,3.21317140799648,S1_SAR,,0
Pahala Amanakkattuwa Wewa,2024-06-04,2024,6,1.4010132537841795,20.86676456798128,6.714089523653061,S1_SAR,,0
Pahala Amanakkattuwa Wewa,2024-06-16,2024,6,1.1108033683776857,20.86676456798128,5.323313850399896,S1_SAR,,0
Pahala Amanakkattuwa Wewa,2024-07-10,2024,7,1.3009408668518063,20.86676456798128,6.23451164464671,S1_SAR,,0
Pahala Amanakkattuwa Wewa,2024-07-22,2024,7,1.5311073738098144,20.86676456798128,7.337540847895515,S1_SAR,,0
Pahala Amanakkattuwa Wewa,2024-08-03,2024,8,1.0607672088623046,20.86676456798128,5.0835250735995,S1_SAR,,0
Pahala Amanakkattuwa Wewa,2024-08-15,2024,8,1.0507599884033203,20.86676456798128,5.035567373083054,S1_SAR,,0
Pahala Amanakkattuwa Wewa,2024-08-27,2024,8,0.0,20.86676456798128,0.0,S1_SAR,,0
Pahala Amanakkattuwa Wewa,2024-09-20,2024,9,0.0,20.86676456798128,0.0,S1_SAR,,0
Pahala Amanakkattuwa Wewa,2024-10-02,2024,10,0.0,20.86676456798128,0.0,S1_SAR,,0
Pahala Amanakkattuwa Wewa,2024-10-14,2024,10,0.0,20.86676456798128,0.0,S1_SAR,,0
Pahala Amanakkattuwa Wewa,2024-10-26,2024,10,0.0,20.86676456798128,0.0,S1_SAR,,0
Pahala Amanakkattuwa Wewa,2024-11-07,2024,11,2.4317590965271,20.86676456798128,11.653742910668957,S1_SAR,,0
Pahala Amanakkattuwa Wewa,2024-11-19,2024,11,2.892092169189453,20.86676456798128,13.859801598697214,S1_SAR,,0
Pahala Amanakkattuwa Wewa,2024-12-13,2024,12,4.213047444152832,20.86676456798128,20.190228487158404,S1_SAR,,0
Pahala Amanakkattuwa Wewa,2024-12-25,2024,12,3.982880899810791,20.86676456798128,19.08719910475373,S1_SAR,,0
Pahala Amanakkattuwa Wewa,2025-01-06,2025,1,4.032917138671875,20.86676456798128,19.326988261803315,S1_SAR,,0
Pahala Amanakkattuwa Wewa,2025-01-18,2025,1,4.313119927978516,20.86676456798128,20.669806830507515,S1_SAR,,0
Pahala Amanakkattuwa Wewa,2025-01-30,2025,1,3.992888175201416,20.86676456798128,19.13515706851961,S1_SAR,,0
Pahala Amanakkattuwa Wewa,2025-02-11,2025,2,4.03291717300415,20.86676456798128,19.32698842633421,S1_SAR,,0
Pahala Amanakkattuwa Wewa,2025-02-23,2025,2,3.862794077301025,20.86676456798128,18.511705850308186,S1_SAR,,0
Pahala Amanakkattuwa Wewa,2025-03-07,2025,3,3.7627217155456543,20.86676456798128,18.032128091957823,S1_SAR,,0
Pahala Amanakkattuwa Wewa,2025-03-19,2025,3,3.462504581451416,20.86676456798128,16.593394582907255,S1_SAR,,0
Pahala Amanakkattuwa Wewa,2025-03-31,2025,3,3.982880940246582,20.86676456798128,19.087199298534568,S1_SAR,,0
Pahala Amanakkattuwa Wewa,2025-04-12,2025,4,3.7427071899414064,20.86676456798128,17.93621228508205,S1_SAR,,0
Pahala Amanakkattuwa Wewa,2025-04-24,2025,4,3.37243950881958,20.86676456798128,16.161774854135142,S1_SAR,,0
Pahala Amanakkattuwa Wewa,2025-05-06,2025,5,3.54083565000347,20.86676456798128,16.968781329122088,S1_SAR,,0
Pahala Amanakkattuwa Wewa,2025-05-18,2025,5,2.4117444061279296,20.86676456798128,11.557826314044862,S1_SAR,,0
Pahala Amanakkattuwa Wewa,2025-05-30,2025,5,2.952135285949707,20.86676456798128,14.147546814610498,S1_SAR,,0
Pahala Amanakkattuwa Wewa,2025-06-11,2025,6,3.3924537689208982,20.86676456798128,16.25768938863863,S1_SAR,,0
Pahala Amanakkattuwa Wewa,2025-06-23,2025,6,3.912830178070069,20.86676456798128,18.75149434557793,S1_SAR,,0
Pahala Amanakkattuwa Wewa,2025-07-05,2025,7,4.273090814971924,20.86676456798128,20.47797492060034,S1_SAR,,0
Pahala Amanakkattuwa Wewa,2025-07-17,2025,7,4.333134252166748,20.86676456798128,20.76572167213535,S1_SAR,,0
Pahala Amanakkattuwa Wewa,2025-07-29,2025,7,3.8828084899902335,20.86676456798128,18.60762111606012,S1_SAR,,0
Pahala Amanakkattuwa Wewa,2025-08-10,2025,8,2.1515563362121584,20.86676456798128,10.310924480901964,S1_SAR,,0
Pahala Amanakkattuwa Wewa,2025-08-22,2025,8,1.230890438079834,20.86676456798128,5.898808289467918,S1_SAR,,0
Pahala Amanakkattuwa Wewa,2025-09-03,2025,9,0.2001448181152343,20.86676456798128,0.9591559700747468,S1_SAR,,0
Pahala Amanakkattuwa Wewa,2025-09-15,2025,9,0.1300940979003906,20.86676456798128,0.6234512182114315,S1_SAR,,0
Pahala Amanakkattuwa Wewa,2025-09-27,2025,9,0.0700506614685058,20.86676456798128,0.3357044703326655,S1_SAR,,0
Pahala Amanakkattuwa Wewa,2025-10-09,2025,10,0.0,20.86676456798128,0.0,S1_SAR,,0
Pahala Amanakkattuwa Wewa,2025-10-21,2025,10,4.7034019844055175,20.86676456798128,22.54015934805048,S1_SAR,,0
Pahala Amanakkattuwa Wewa,2025-11-02,2025,11,4.253076320648193,20.86676456798128,20.38205926363049,S1_SAR,,0
Pahala Amanakkattuwa Wewa,2025-11-14,2025,11,3.582591418457031,20.86676456798128,17.168887906821404,S1_SAR,,0
Pahala Amanakkattuwa Wewa,2025-11-26,2025,11,3.922837478637695,20.86676456798128,18.799452429999807,S1_SAR,,0
Pahala Amanakkattuwa Wewa,2025-12-02,2025,12,5.383894232177735,20.86676456798128,25.80128900499973,S1_SAR,,0
Pahala Amanakkattuwa Wewa,2025-12-08,2025,12,3.762721685028076,20.86676456798128,18.032127945708137,S1_SAR,,0
Pahala Amanakkattuwa Wewa,2025-12-20,2025,12,3.56257702255249,20.86676456798128,17.0729727215068,S1_SAR,,0
Pansala Wewa,2021-01-03,2021,1,2.131581199645996,31.76941509808381,6.7095386964633255,S1_SAR,,0
Pansala Wewa,2021-01-15,2021,1,2.0214996017456053,31.76941509808381,6.363036887851085,S1_SAR,,0
Pansala Wewa,2021-01-27,2021,1,1.6111950973510742,31.76941509808381,5.071528992198078,S1_SAR,,0
Pansala Wewa,2021-02-08,2021,2,3.3024495918273926,31.76941509808381,10.39505946719989,S1_SAR,,0
Pansala Wewa,2021-02-20,2021,2,3.382508975982666,31.76941509808381,10.647060909178284,S1_SAR,,0
Pansala Wewa,2021-03-04,2021,3,2.4918483489990235,31.76941509808381,7.843544935611107,S1_SAR,,0
Pansala Wewa,2021-03-16,2021,3,3.4025237548828127,31.76941509808381,10.71006105834173,S1_SAR,,0
Pansala Wewa,2021-03-28,2021,3,3.9529321464538576,31.76941509808381,12.442571366988371,S1_SAR,,0
Pansala Wewa,2021-04-09,2021,4,3.392516291809082,31.76941509808381,10.678560752016184,S1_SAR,,0
Pansala Wewa,2021-04-21,2021,4,4.073021112060547,31.76941509808381,12.820573181739858,S1_SAR,,0
Pansala Wewa,2021-05-03,2021,5,3.612679643249512,31.76941509808381,11.371564859144708,S1_SAR,,0
Pansala Wewa,2021-05-15,2021,5,5.994446044158935,31.76941509808381,18.86860688385948,S1_SAR,,0
Pansala Wewa,2021-05-27,2021,5,4.533362543487549,31.76941509808381,14.269581386661978,S1_SAR,,0
Pansala Wewa,2021-06-08,2021,6,4.823577764129639,31.76941509808381,15.183086466142006,S1_SAR,,0
Pansala Wewa,2021-06-14,2021,6,4.41327359161377,31.76941509808381,13.891579615137324,S1_SAR,,0
Pansala Wewa,2021-06-20,2021,6,5.183845121002197,31.76941509808381,16.317093358495175,S1_SAR,,0
Pansala Wewa,2021-07-02,2021,7,4.943667021179199,31.76941509808381,15.561089198262824,S1_SAR,,0
Pansala Wewa,2021-07-14,2021,7,4.273169676971436,31.76941509808381,13.450577115690033,S1_SAR,,0
Pansala Wewa,2021-07-26,2021,7,4.583399784088135,31.76941509808381,14.427082682943649,S1_SAR,,0
Pansala Wewa,2021-08-07,2021,8,4.473318171691894,31.76941509808381,14.08058082870309,S1_SAR,,0
Pansala Wewa,2021-08-19,2021,8,2.822093340301514,31.76941509808381,8.883050983433842,S1_SAR,,0
Pansala Wewa,2021-08-31,2021,8,1.7713138153076171,31.76941509808381,5.575531717656503,S1_SAR,,0
Pansala Wewa,2021-09-12,2021,9,0.8406235145568848,31.76941509808381,2.6460150807358973,S1_SAR,,0
Pansala Wewa,2021-09-24,2021,9,0.4303192169189453,31.76941509808381,1.3545078358867872,S1_SAR,,0
Pansala Wewa,2021-10-06,2021,10,0.650482485961914,31.76941509808381,2.0475116836543465,S1_SAR,,0
Pansala Wewa,2021-10-18,2021,10,0.6104527870178222,31.76941509808381,1.9215109410517344,S1_SAR,,0
Pansala Wewa,2021-10-30,2021,10,0.6204602157592773,31.76941509808381,1.9530111393102123,S1_SAR,,0
Pansala Wewa,2021-11-17,2021,11,6.534845964050293,31.76941509808381,20.56961371141027,S1_SAR,,0
Pansala Wewa,2021-11-23,2021,11,12.219062540435791,31.76941509808381,38.46171704046509,S1_SAR,,0
Pansala Wewa,2021-12-05,2021,12,3.972946786499024,31.76941509808381,12.505571079080562,S1_SAR,,0
Pansala Wewa,2021-12-17,2021,12,3.402523581695557,31.76941509808381,10.710060513203407,S1_SAR,,0
Pansala Wewa,2021-12-29,2021,12,2.331729602813721,31.76941509808381,7.339542121297537,S1_SAR,,0
Pansala Wewa,2022-01-10,2022,1,2.511863208770752,31.76941509808381,7.906545339332532,S1_SAR,,0
Pansala Wewa,2022-01-22,2022,1,2.1716108169555666,31.76941509808381,6.835539182106467,S1_SAR,,0
Pansala Wewa,2022-02-03,2022,2,2.2316554092407226,31.76941509808381,7.02454043409608,S1_SAR,,0
Pansala Wewa,2022-02-15,2022,2,2.22164794921875,31.76941509808381,6.993040137376498,S1_SAR,,0
Pansala Wewa,2022-02-27,2022,2,1.9514475692749025,31.76941509808381,6.142535401580637,S1_SAR,,0
Pansala Wewa,2022-03-11,2022,3,1.6912545532226562,31.76941509808381,5.323530659916571,S1_SAR,,0
Pansala Wewa,2022-03-23,2022,3,1.3209798767089844,31.76941509808381,4.158023912718053,S1_SAR,,0
Pansala Wewa,2022-04-04,2022,4,1.501113501739502,31.76941509808381,4.725027190790309,S1_SAR,,0
Pansala Wewa,2022-04-16,2022,4,2.1716105895996094,31.76941509808381,6.835538466462326,S1_SAR,,0
Pansala Wewa,2022-04-28,2022,4,0.8206086639404296,31.76941509808381,2.583014705832356,S1_SAR,,0
Pansala Wewa,2022-05-10,2022,5,0.5704230651855469,31.76941509808381,1.795510126404411,S1_SAR,,0
Pansala Wewa,2022-05-22,2022,5,0.3102300910949707,31.76941509808381,0.9765055168223172,S1_SAR,,0
Pansala Wewa,2022-06-03,2022,6,0.3602672431945801,31.76941509808381,1.1340065345310992,S1_SAR,,0
Pansala Wewa,2022-06-15,2022,6,0.5604156608581543,31.76941509808381,1.7640100049936265,S1_SAR,,0
Pansala Wewa,2022-06-27,2022,6,0.4103043441772461,31.76941509808381,1.2915073913400243,S1_SAR,,0
Pansala Wewa,2022-07-09,2022,7,0.3602672378540039,31.76941509808381,1.1340065177206664,S1_SAR,,0
Pansala Wewa,2022-07-21,2022,7,0.4203117851257324,31.76941509808381,1.323007628022348,S1_SAR,,0
Pansala Wewa,2022-08-02,2022,8,0.5303934371948242,31.76941509808381,1.669509607140407,S1_SAR,,0
Pansala Wewa,2022-08-14,2022,8,0.6004454216003418,31.76941509808381,1.8900109421169604,S1_SAR,,0
Pansala Wewa,2022-08-26,2022,8,0.5604157180786132,31.76941509808381,1.7640101851054062,S1_SAR,,0
Pansala Wewa,2022-09-07,2022,9,0.4503340621948242,31.76941509808381,1.4175081939798957,S1_SAR,,0
Pansala Wewa,2022-09-19,2022,9,0.2001484626770019,31.76941509808381,0.630003612150461,S1_SAR,,0
Pansala Wewa,2022-10-01,2022,10,0.0300222694396972,31.76941509808381,0.0945005419426436,S1_SAR,,0
Pansala Wewa,2022-10-13,2022,10,0.0,31.76941509808381,0.0,S1_SAR,,0
Pansala Wewa,2022-10-25,2022,10,0.2101558959960937,31.76941509808381,0.6615038248178808,S1_SAR,,0
Pansala Wewa,2022-11-06,2022,11,0.140103938293457,31.76941509808381,0.4410025738934912,S1_SAR,,0
Pansala Wewa,2022-11-18,2022,11,1.1708684204101565,31.76941509808381,3.685520859591708,S1_SAR,,0
Pansala Wewa,2022-11-30,2022,11,0.4403266227722168,31.76941509808381,1.3860079621005528,S1_SAR,,0
Pansala Wewa,2022-12-12,2022,12,0.3802820831298828,31.76941509808381,1.197006875813775,S1_SAR,,0
Pansala Wewa,2022-12-24,2022,12,0.160118765258789,31.76941509808381,0.5040028743508302,S1_SAR,,0
Pansala Wewa,2023-01-05,2023,1,0.1701261856079101,31.76941509808381,0.5355030461929133,S1_SAR,,0
Pansala Wewa,2023-01-17,2023,1,0.1801335998535156,31.76941509808381,0.5670031988230733,S1_SAR,,0
Pansala Wewa,2023-01-29,2023,1,0.1200890724182128,31.76941509808381,0.3780021509601418,S1_SAR,,0
Pansala Wewa,2023-02-10,2023,2,0.2501855102539062,31.76941509808381,0.7875043008550582,S1_SAR,,0
Pansala Wewa,2023-02-22,2023,2,0.5904377876281738,31.76941509808381,1.858510097857566,S1_SAR,,0
Pansala Wewa,2023-03-06,2023,3,0.8606381172180175,31.76941509808381,2.709014675155059,S1_SAR,,0
Pansala Wewa,2023-03-18,2023,3,0.4203115715026855,31.76941509808381,1.3230069556050366,S1_SAR,,0
Pansala Wewa,2023-03-30,2023,3,0.5203858024597168,31.76941509808381,1.638008760479522,S1_SAR,,0
Pansala Wewa,2023-04-11,2023,4,0.2501854393005371,31.76941509808381,0.7875040775164512,S1_SAR,,0
Pansala Wewa,2023-04-23,2023,4,0.2501854194641113,31.76941509808381,0.7875040150777008,S1_SAR,,0
Pansala Wewa,2023-05-05,2023,5,0.0800593399047851,31.76941509808381,0.2520013026919528,S1_SAR,,0
Pansala Wewa,2023-05-17,2023,5,0.0,31.76941509808381,0.0,S1_SAR,,0
Pansala Wewa,2023-05-29,2023,5,0.0,31.76941509808381,0.0,S1_SAR,,0
Pansala Wewa,2023-06-10,2023,6,0.0,31.76941509808381,0.0,S1_SAR,,0
Pansala Wewa,2023-06-22,2023,6,0.0,31.76941509808381,0.0,S1_SAR,,0
Pansala Wewa,2023-07-04,2023,7,0.0,31.76941509808381,0.0,S1_SAR,,0
Pansala Wewa,2023-07-16,2023,7,0.0,31.76941509808381,0.0,S1_SAR,,0
Pansala Wewa,2023-07-28,2023,7,0.0,31.76941509808381,0.0,S1_SAR,,0
Pansala Wewa,2023-08-09,2023,8,0.0,31.76941509808381,0.0,S1_SAR,,0
Pansala Wewa,2023-09-02,2023,9,0.0,31.76941509808381,0.0,S1_SAR,,0
Pansala Wewa,2023-09-14,2023,9,0.0,31.76941509808381,0.0,S1_SAR,,0
Pansala Wewa,2023-09-26,2023,9,0.0700519638061523,31.76941509808381,0.2205012701363128,S1_SAR,,0
Pansala Wewa,2023-10-08,2023,10,0.0,31.76941509808381,0.0,S1_SAR,,0
Pansala Wewa,2023-10-20,2023,10,0.0,31.76941509808381,0.0,S1_SAR,,0
Pansala Wewa,2023-11-01,2023,11,1.0607866233825685,31.76941509808381,3.339018424190473,S1_SAR,,0
Pansala Wewa,2023-11-13,2023,11,12.038929734039309,31.76941509808381,37.89471633919203,S1_SAR,,0
Pansala Wewa,2023-11-25,2023,11,5.764275517272949,31.76941509808381,18.14410337576729,S1_SAR,,0
Pansala Wewa,2023-12-07,2023,12,3.3124569732666016,31.76941509808381,10.42655951656596,S1_SAR,,0
Pansala Wewa,2023-12-19,2023,12,1.8013361854553225,31.76941509808381,5.67003257659588,S1_SAR,,0
Pansala Wewa,2023-12-31,2023,12,1.711269371032715,31.76941509808381,5.386530931556026,S1_SAR,,0
Pansala Wewa,2024-01-12,2024,1,2.2116405044555663,31.76941509808381,6.96153988868672,S1_SAR,,0
Pansala Wewa,2024-01-24,2024,1,0.2201633193969726,31.76941509808381,0.6930040062659255,S1_SAR,,0
Pansala Wewa,2024-02-05,2024,2,0.3602671897888183,31.76941509808381,1.1340063664267712,S1_SAR,,0
Pansala Wewa,2024-02-17,2024,2,0.4002969482421875,31.76941509808381,1.2600072963456337,S1_SAR,,0
Pansala Wewa,2024-02-29,2024,2,0.2001484199523925,31.76941509808381,0.6300034776669986,S1_SAR,,0
Pansala Wewa,2024-03-12,2024,3,0.0,31.76941509808381,0.0,S1_SAR,,0
Pansala Wewa,2024-03-24,2024,3,0.0,31.76941509808381,0.0,S1_SAR,,0
Pansala Wewa,2024-04-05,2024,4,0.0,31.76941509808381,0.0,S1_SAR,,0
Pansala Wewa,2024-04-17,2024,4,0.0,31.76941509808381,0.0,S1_SAR,,0
Pansala Wewa,2024-04-29,2024,4,0.0,31.76941509808381,0.0,S1_SAR,,0
Pansala Wewa,2024-05-11,2024,5,0.0800593917846679,31.76941509808381,0.2520014659932999,S1_SAR,,0
Pansala Wewa,2024-05-23,2024,5,16.872514408111574,31.76941509808381,53.10930137057904,S1_SAR,,0
Pansala Wewa,2024-06-04,2024,6,15.341378147125244,31.76941509808381,48.28977209608925,S1_SAR,,0
Pansala Wewa,2024-06-16,2024,6,13.209796875,31.76941509808381,41.58023317148434,S1_SAR,,0
Pansala Wewa,2024-07-10,2024,7,8.886590385437012,31.76941509808381,27.972156106748752,S1_SAR,,0
Pansala Wewa,2024-07-22,2024,7,9.09674619216919,31.76941509808381,28.633659650592257,S1_SAR,,0
Pansala Wewa,2024-08-03,2024,8,8.666427184295655,31.76941509808381,27.27915247271384,S1_SAR,,0
Pansala Wewa,2024-08-15,2024,8,7.665684941864014,31.76941509808381,24.12913463530014,S1_SAR,,0
Pansala Wewa,2024-08-27,2024,8,6.284660566711426,31.76941509808381,19.7821097659758,S1_SAR,,0
Pansala Wewa,2024-09-20,2024,9,6.8650908889770506,31.76941509808381,21.60911955030334,S1_SAR,,0
Pansala Wewa,2024-10-02,2024,10,7.305417362213134,31.76941509808381,22.99512704171177,S1_SAR,,0
Pansala Wewa,2024-10-14,2024,10,7.085254186248779,31.76941509808381,22.302123486926043,S1_SAR,,0
Pansala Wewa,2024-10-26,2024,10,7.525580625915527,31.76941509808381,23.6881308726689,S1_SAR,,0
Pansala Wewa,2024-11-07,2024,11,13.309871083068847,31.76941509808381,41.89523490431411,S1_SAR,,0
Pansala Wewa,2024-11-19,2024,11,11.628624319458009,31.76941509808381,36.603205578560974,S1_SAR,,0
Pansala Wewa,2024-12-13,2024,12,15.601571273040772,31.76941509808381,49.10877718356794,S1_SAR,,0
Pansala Wewa,2024-12-25,2024,12,11.998898407745362,31.76941509808381,37.7687104742104,S1_SAR,,0
Pansala Wewa,2025-01-06,2025,1,12.149009615325928,31.76941509808381,38.24121274445088,S1_SAR,,0
Pansala Wewa,2025-01-18,2025,1,11.838779568481446,31.76941509808381,37.264707366915,S1_SAR,,0
Pansala Wewa,2025-01-30,2025,1,11.018170707702636,31.76941509808381,34.681692041498124,S1_SAR,,0
Pansala Wewa,2025-02-11,2025,2,10.04745055999756,31.76941509808381,31.626174196085767,S1_SAR,,0
Pansala Wewa,2025-02-23,2025,2,9.857309688568115,31.76941509808381,31.02767129371124,S1_SAR,,0
Pansala Wewa,2025-03-07,2025,3,9.907346939086914,31.76941509808381,31.18517262121228,S1_SAR,,0
Pansala Wewa,2025-03-19,2025,3,9.527065244293214,31.76941509808381,29.98816696775712,S1_SAR,,0
Pansala Wewa,2025-03-31,2025,3,10.047451050567629,31.76941509808381,31.62617574024409,S1_SAR,,0
Pansala Wewa,2025-04-12,2025,4,10.457755326843262,31.76941509808381,32.91768291785147,S1_SAR,,0
Pansala Wewa,2025-04-24,2025,4,9.697191242980956,31.76941509808381,30.52366942558488,S1_SAR,,0
Pansala Wewa,2025-05-06,2025,5,10.227584497833252,31.76941509808381,32.19317845876908,S1_SAR,,0
Pansala Wewa,2025-05-18,2025,5,8.246115227508545,31.76941509808381,25.956144304356148,S1_SAR,,0
Pansala Wewa,2025-05-30,2025,5,8.406233841705323,31.76941509808381,26.460146703211883,S1_SAR,,0
Pansala Wewa,2025-06-11,2025,6,6.835068623352051,31.76941509808381,21.514619020368148,S1_SAR,,0
Pansala Wewa,2025-06-23,2025,6,6.734994454956055,31.76941509808381,21.19961741241588,S1_SAR,,0
Pansala Wewa,2025-07-05,2025,7,6.664942401123047,31.76941509808381,20.979115858903697,S1_SAR,,0
Pansala Wewa,2025-07-17,2025,7,6.995187349700927,31.76941509808381,22.01862177224297,S1_SAR,,0
Pansala Wewa,2025-07-29,2025,7,6.935142813873291,31.76941509808381,21.829620697963644,S1_SAR,,0
Pansala Wewa,2025-08-10,2025,8,7.345447080993653,31.76941509808381,23.121127846753136,S1_SAR,,0
Pansala Wewa,2025-08-22,2025,8,7.305417356872558,31.76941509808381,22.99512702490134,S1_SAR,,0
Pansala Wewa,2025-09-03,2025,9,8.396226260375977,31.76941509808381,26.42864602465533,S1_SAR,,0
Pansala Wewa,2025-09-15,2025,9,9.416983242797851,31.76941509808381,29.64166388875645,S1_SAR,,0
Pansala Wewa,2025-09-27,2025,9,8.776508423614501,31.76941509808381,27.62565315262559,S1_SAR,,0
Pansala Wewa,2025-10-09,2025,10,9.036701263427734,31.76941509808381,28.44465733954537,S1_SAR,,0
Pansala Wewa,2025-10-21,2025,10,16.212023415374755,31.76941509808381,51.03028609536028,S1_SAR,,0
Pansala Wewa,2025-11-02,2025,11,15.811726676177978,31.76941509808381,49.770279457023015,S1_SAR,,0
Pansala Wewa,2025-11-14,2025,11,15.171251665496824,31.76941509808381,47.75426811811806,S1_SAR,,0
Pansala Wewa,2025-11-26,2025,11,16.982596159362792,31.76941509808381,53.45580366189084,S1_SAR,,0
Pansala Wewa,2025-12-02,2025,12,19.49445894470215,31.76941509808381,61.36234766839621,S1_SAR,,0
Pansala Wewa,2025-12-08,2025,12,18.543753759765625,31.76941509808381,58.369830550906485,S1_SAR,,0
Pansala Wewa,2025-12-20,2025,12,17.793196828460694,31.76941509808381,56.00731638755886,S1_SAR,,0
Periyakulama Wewa,2021-01-03,2021,1,17.37285082168579,91.6467133112465,18.95632717638753,S1_SAR_fallback,,0
Periyakulama Wewa,2021-01-15,2021,1,25.37563231947656,91.6467133112465,27.68853503048927,S1_SAR_fallback,,0
Periyakulama Wewa,2021-01-27,2021,1,30.02696317875582,91.6467133112465,32.76381890180784,S2_MNDWI,2021-01-25,2
Periyakulama Wewa,2021-02-08,2021,2,38.15739296173993,91.6467133112465,41.63530974880844,S2_MNDWI,2021-02-09,1
Periyakulama Wewa,2021-02-20,2021,2,36.05667196731567,91.6467133112465,39.34311516972966,S1_SAR_fallback,,0
Periyakulama Wewa,2021-03-04,2021,3,38.43587089385986,91.6467133112465,41.93916999873816,S2_MNDWI,2021-03-01,3
Periyakulama Wewa,2021-03-16,2021,3,36.62709516830444,91.6467133112465,39.965530508348,S1_SAR_fallback,,0
Periyakulama Wewa,2021-03-28,2021,3,9.186084780120847,91.6467133112465,10.023365212152754,S2_MNDWI,2021-03-31,3
Periyakulama Wewa,2021-04-09,2021,4,33.514786334991456,91.6467133112465,36.56954529418859,S1_SAR_fallback,,0
Periyakulama Wewa,2021-04-21,2021,4,34.44547327957153,91.6467133112465,37.58506119318141,S1_SAR_fallback,,0
Periyakulama Wewa,2021-05-03,2021,5,30.542585498809814,91.6467133112465,33.32643844529638,S1_SAR_fallback,,0
Periyakulama Wewa,2021-05-15,2021,5,38.89876873092651,91.6467133112465,42.44425940166588,S1_SAR_fallback,,0
Periyakulama Wewa,2021-05-27,2021,5,37.3876500907898,91.6467133112465,40.79540742919555,S1_SAR_fallback,,0
Periyakulama Wewa,2021-06-08,2021,6,36.79721210479736,91.6467133112465,40.15115302589008,S1_SAR_fallback,,0
Periyakulama Wewa,2021-06-14,2021,6,37.41767116622925,91.6467133112465,40.82816482371061,S1_SAR_fallback,,0
Periyakulama Wewa,2021-06-20,2021,6,17.111384341942284,91.6467133112465,18.67102891494795,S2_MNDWI,2021-06-19,1
Periyakulama Wewa,2021-07-02,2021,7,39.13866946165796,91.6467133112465,42.7060262693076,S1_SAR_fallback,,0
Periyakulama Wewa,2021-07-14,2021,7,38.77867757797241,91.6467133112465,42.31322234794606,S1_SAR_fallback,,0
Periyakulama Wewa,2021-07-26,2021,7,38.23827742996216,91.6467133112465,41.72356656162782,S1_SAR_fallback,,0
Periyakulama Wewa,2021-08-07,2021,8,38.15323326510261,91.6467133112465,41.63077090994883,S1_SAR_fallback,,0
Periyakulama Wewa,2021-08-19,2021,8,36.33329891797533,91.6467133112465,39.64495572752489,S1_SAR_fallback,,0
Periyakulama Wewa,2021-08-31,2021,8,35.89403242134842,91.6467133112465,39.16565158146665,S1_SAR_fallback,,0
Periyakulama Wewa,2021-09-12,2021,9,35.25081223522411,91.6467133112465,38.46380405973411,S1_SAR_fallback,,0
Periyakulama Wewa,2021-09-24,2021,9,36.235500407047645,91.6467133112465,39.53824321444704,S1_SAR_fallback,,0
Periyakulama Wewa,2021-10-06,2021,10,35.095049092978684,91.6467133112465,38.2938436360401,S1_SAR_fallback,,0
Periyakulama Wewa,2021-10-18,2021,10,32.65269412328383,91.6467133112465,35.62887630502384,S1_SAR_fallback,,0
Periyakulama Wewa,2021-10-30,2021,10,34.38542604217529,91.6467133112465,37.51954085401517,S1_SAR_fallback,,0
Periyakulama Wewa,2021-11-17,2021,11,40.143294254365806,91.6467133112465,43.802219200194266,S1_SAR_fallback,,0
Periyakulama Wewa,2021-11-23,2021,11,52.83101693477854,91.6467133112465,57.64638471579028,S2_MNDWI,2021-11-21,2
Periyakulama Wewa,2021-12-05,2021,12,44.67723947935216,91.6467133112465,48.74941813529232,S1_SAR_fallback,,0
Periyakulama Wewa,2021-12-17,2021,12,43.88064956438551,91.6467133112465,47.880221754772585,S1_SAR_fallback,,0
Periyakulama Wewa,2021-12-29,2021,12,43.34680363277959,91.6467133112465,47.297717579426006,S1_SAR_fallback,,0
Periyakulama Wewa,2022-01-10,2022,1,41.22048623809815,91.6467133112465,44.97759357513123,S1_SAR_fallback,,0
Periyakulama Wewa,2022-01-22,2022,1,40.59358941984888,91.6467133112465,44.293557240821855,S1_SAR_fallback,,0
Periyakulama Wewa,2022-02-03,2022,2,38.926568997715975,91.6467133112465,42.4745935683643,S2_MNDWI,2022-02-04,1
Periyakulama Wewa,2022-02-15,2022,2,40.20569396283019,91.6467133112465,43.87030643017759,S1_SAR_fallback,,0
Periyakulama Wewa,2022-02-27,2022,2,37.99617641921099,91.6467133112465,41.45939886591466,S1_SAR_fallback,,0
Periyakulama Wewa,2022-03-11,2022,3,37.24683676912196,91.6467133112465,40.64175945145562,S1_SAR_fallback,,0
Periyakulama Wewa,2022-03-23,2022,3,36.39707084513644,91.6467133112465,39.714540249279125,S2_MNDWI,2022-03-21,2
Periyakulama Wewa,2022-04-04,2022,4,38.56852072677612,91.6467133112465,42.08391041344977,S1_SAR_fallback,,0
Periyakulama Wewa,2022-04-16,2022,4,37.88632990733726,91.6467133112465,41.33954021751919,S1_SAR_fallback,,0
Periyakulama Wewa,2022-04-28,2022,4,36.88837516883401,91.6467133112465,40.25062529362657,S1_SAR_fallback,,0
Periyakulama Wewa,2022-05-10,2022,5,35.5559000879714,91.6467133112465,38.79669963418986,S1_SAR_fallback,,0
Periyakulama Wewa,2022-05-22,2022,5,30.802777061462404,91.6467133112465,33.6103455852818,S1_SAR_fallback,,0
Periyakulama Wewa,2022-06-03,2022,6,31.753482517242432,91.6467133112465,34.64770461478817,S1_SAR_fallback,,0
Periyakulama Wewa,2022-06-15,2022,6,32.3439185546875,91.6467133112465,35.291956891942775,S1_SAR_fallback,,0
Periyakulama Wewa,2022-06-27,2022,6,31.43335044955085,91.6467133112465,34.29839359628566,S2_MNDWI,2022-06-29,2
Periyakulama Wewa,2022-07-09,2022,7,30.492549856567383,91.6467133112465,33.27184222418314,S1_SAR_fallback,,0
Periyakulama Wewa,2022-07-21,2022,7,31.40322338104248,91.6467133112465,34.2655205477934,S1_SAR_fallback,,0
Periyakulama Wewa,2022-08-02,2022,8,27.280174304199218,91.6467133112465,29.76666954935034,S1_SAR_fallback,,0
Periyakulama Wewa,2022-08-14,2022,8,30.97290525741577,91.6467133112465,33.79598038854592,S1_SAR_fallback,,0
Periyakulama Wewa,2022-08-26,2022,8,30.93805655468212,91.6467133112465,33.75795534490327,S1_SAR_fallback,,0
Periyakulama Wewa,2022-09-07,2022,9,28.63117422409057,91.6467133112465,31.240808523983453,S1_SAR_fallback,,0
Periyakulama Wewa,2022-09-19,2022,9,29.211603536224366,91.6467133112465,31.874141996797217,S1_SAR_fallback,,0
Periyakulama Wewa,2022-10-01,2022,10,28.851141023463825,91.6467133112465,31.480824550118736,S1_SAR_fallback,,0
Periyakulama Wewa,2022-10-13,2022,10,29.72496365912942,91.6467133112465,32.434293151549056,S1_SAR_fallback,,0
Periyakulama Wewa,2022-10-25,2022,10,31.32720463113224,91.6467133112465,34.1825729469863,S2_MNDWI,2022-10-27,2
Periyakulama Wewa,2022-11-06,2022,11,29.281654983520507,91.6467133112465,31.95057839562173,S1_SAR_fallback,,0
Periyakulama Wewa,2022-11-18,2022,11,31.44325254821777,91.6467133112465,34.30919823761884,S1_SAR_fallback,,0
Periyakulama Wewa,2022-11-30,2022,11,29.88209899520874,91.6467133112465,32.60575083988498,S1_SAR_fallback,,0
Periyakulama Wewa,2022-12-12,2022,12,29.97196907565548,91.6467133112465,32.703812272968264,S1_SAR_fallback,,0
Periyakulama Wewa,2022-12-24,2022,12,34.80562086380304,91.6467133112465,37.97803500666493,S1_SAR_fallback,,0
Periyakulama Wewa,2023-01-05,2023,1,38.76572993637982,91.6467133112465,42.299094572792114,S1_SAR_fallback,,0
Periyakulama Wewa,2023-01-17,2023,1,38.980239574019485,91.6467133112465,42.53315603543416,S1_SAR_fallback,,0
Periyakulama Wewa,2023-01-29,2023,1,41.229628965735344,91.6467133112465,44.98756963134413,S1_SAR_fallback,,0
Periyakulama Wewa,2023-02-10,2023,2,42.27126258544922,91.6467133112465,46.12414461813752,S1_SAR_fallback,,0
Periyakulama Wewa,2023-02-22,2023,2,43.489379230164175,91.6467133112465,47.45328845832962,S1_SAR_fallback,,0
Periyakulama Wewa,2023-03-06,2023,3,42.08112284927368,91.6467133112465,45.91667429071858,S1_SAR_fallback,,0
Periyakulama Wewa,2023-03-18,2023,3,42.91044146994198,91.6467133112465,46.82158248731893,S1_SAR_fallback,,0
Periyakulama Wewa,2023-03-30,2023,3,40.609561201387294,91.6467133112465,44.3109847960078,S1_SAR_fallback,,0
Periyakulama Wewa,2023-04-11,2023,4,42.25124993515015,91.6467133112465,46.10230788272606,S1_SAR_fallback,,0
Periyakulama Wewa,2023-04-23,2023,4,40.49995038986206,91.6467133112465,44.19138333124716,S1_SAR_fallback,,0
Periyakulama Wewa,2023-05-05,2023,5,44.242716493988034,91.6467133112465,48.27528985543964,S1_SAR_fallback,,0
Periyakulama Wewa,2023-05-17,2023,5,47.26432548208199,91.6467133112465,51.57230824150233,S1_SAR_fallback,,0
Periyakulama Wewa,2023-05-29,2023,5,47.5549717049393,91.6467133112465,51.88944588054698,S1_SAR_fallback,,0
Periyakulama Wewa,2023-06-10,2023,6,47.039727770155366,91.6467133112465,51.32723921086088,S1_SAR_fallback,,0
Periyakulama Wewa,2023-06-22,2023,6,45.88251903970158,91.6467133112465,50.06455483447334,S1_SAR_fallback,,0
Periyakulama Wewa,2023-07-04,2023,7,41.58063088650872,91.6467133112465,45.3705641852037,S1_SAR_fallback,,0
Periyakulama Wewa,2023-07-16,2023,7,40.26978034973145,91.6467133112465,43.94023407360939,S1_SAR_fallback,,0
Periyakulama Wewa,2023-07-28,2023,7,29.73162480926513,91.6467133112465,32.44156144289857,S2_MNDWI,2023-07-29,1
Periyakulama Wewa,2023-08-09,2023,8,32.5182816953891,91.6467133112465,35.48221264078719,S1_SAR_fallback,,0
Periyakulama Wewa,2023-09-02,2023,9,26.12578895679848,91.6467133112465,28.50706589779301,S1_SAR_fallback,,0
Periyakulama Wewa,2023-09-14,2023,9,23.482579231962315,91.6467133112465,25.6229365828012,S1_SAR_fallback,,0
Periyakulama Wewa,2023-09-26,2023,9,22.44589186321483,91.6467133112465,24.49175868095246,S1_SAR_fallback,,0
Periyakulama Wewa,2023-10-08,2023,10,21.464184531522264,91.6467133112465,23.4205720598256,S1_SAR_fallback,,0
Periyakulama Wewa,2023-10-20,2023,10,23.817218817348103,91.6467133112465,25.988077429968627,S1_SAR_fallback,,0
Periyakulama Wewa,2023-11-01,2023,11,23.756860347765755,91.6467133112465,25.92221749085945,S1_SAR_fallback,,0
Periyakulama Wewa,2023-11-13,2023,11,36.97734891891479,91.6467133112465,40.34770869887495,S1_SAR_fallback,,0
Periyakulama Wewa,2023-11-25,2023,11,38.12918121517406,91.6467133112465,41.60452659734935,S1_SAR_fallback,,0
Periyakulama Wewa,2023-12-07,2023,12,33.79181575771855,91.6467133112465,36.87182500801342,S1_SAR_fallback,,0
Periyakulama Wewa,2023-12-19,2023,12,31.75289576976701,91.6467133112465,34.64706438727294,S1_SAR_fallback,,0
Periyakulama Wewa,2023-12-31,2023,12,31.012936415100096,91.6467133112465,33.839660250308526,S1_SAR_fallback,,0
Periyakulama Wewa,2024-01-12,2024,1,31.95324013888789,91.6467133112465,34.86566946527555,S1_SAR_fallback,,0
Periyakulama Wewa,2024-01-24,2024,1,37.47557211117016,91.6467133112465,40.89134324315296,S2_MNDWI,2024-01-25,1
Periyakulama Wewa,2024-02-05,2024,2,30.17863248371498,91.6467133112465,32.929312348849486,S1_SAR_fallback,,0
Periyakulama Wewa,2024-02-17,2024,2,28.60197526999081,91.6467133112465,31.20894818437629,S1_SAR_fallback,,0
Periyakulama Wewa,2024-02-29,2024,2,29.7451342575552,91.6467133112465,32.45630223152257,S1_SAR_fallback,,0
Periyakulama Wewa,2024-03-12,2024,3,39.58321728165871,91.6467133112465,43.19109311342998,S2_MNDWI,2024-03-10,2
Periyakulama Wewa,2024-03-24,2024,3,30.196291417161525,91.6467133112465,32.948580834110466,S1_SAR_fallback,,0
Periyakulama Wewa,2024-04-05,2024,4,29.660169023581112,91.6467133112465,32.363592705011214,S1_SAR_fallback,,0
Periyakulama Wewa,2024-04-17,2024,4,29.20842296303543,91.6467133112465,31.87067152516325,S1_SAR_fallback,,0
Periyakulama Wewa,2024-04-29,2024,4,29.24130972424077,91.6467133112465,31.90655580296997,S1_SAR_fallback,,0
Periyakulama Wewa,2024-05-11,2024,5,29.00113211782418,91.6467133112465,31.64448682336465,S1_SAR_fallback,,0
Periyakulama Wewa,2024-05-23,2024,5,30.85281937103272,91.6467133112465,33.66494908142722,S1_SAR_fallback,,0
Periyakulama Wewa,2024-06-04,2024,6,38.46845354995728,91.6467133112465,41.9747224532891,S1_SAR_fallback,,0
Periyakulama Wewa,2024-06-16,2024,6,35.83289589233399,91.6467133112465,39.09894266545042,S1_SAR_fallback,,0
Periyakulama Wewa,2024-07-10,2024,7,31.503300135040284,91.6467133112465,34.37471895806037,S1_SAR_fallback,,0
Periyakulama Wewa,2024-07-22,2024,7,32.2030324959998,91.6467133112465,35.13822954745064,S1_SAR_fallback,,0
Periyakulama Wewa,2024-08-03,2024,8,31.50584934020098,91.6467133112465,34.37750051461443,S1_SAR_fallback,,0
Periyakulama Wewa,2024-08-15,2024,8,31.192950565858727,91.6467133112465,34.036082079586,S1_SAR_fallback,,0
Periyakulama Wewa,2024-08-27,2024,8,31.70344676513672,91.6467133112465,34.59310827379797,S1_SAR_fallback,,0
Periyakulama Wewa,2024-09-20,2024,9,29.038770182097192,91.6467133112465,31.685555469378382,S1_SAR_fallback,,0
Periyakulama Wewa,2024-10-02,2024,10,28.96448565597534,91.6467133112465,31.60450016096861,S2_MNDWI,2024-10-01,1
Periyakulama Wewa,2024-10-14,2024,10,29.54184788665772,91.6467133112465,32.234486998272374,S1_SAR_fallback,,0
Periyakulama Wewa,2024-10-26,2024,10,28.224794601946066,91.6467133112465,30.79738877933382,S1_SAR_fallback,,0
Periyakulama Wewa,2024-11-07,2024,11,31.268496586827293,91.6467133112465,34.11851386381377,S1_SAR_fallback,,0
Periyakulama Wewa,2024-11-19,2024,11,30.94806427752626,91.6467133112465,33.76887523769872,S1_SAR_fallback,,0
Periyakulama Wewa,2024-12-13,2024,12,42.39017918535121,91.6467133112465,46.25390006228326,S1_SAR_fallback,,0
Periyakulama Wewa,2024-12-25,2024,12,39.49921569137573,91.6467133112465,43.09943506345967,S1_SAR_fallback,,0
Periyakulama Wewa,2025-01-06,2025,1,39.66400336522421,91.6467133112465,43.27924257416529,S1_SAR_fallback,,0
Periyakulama Wewa,2025-01-18,2025,1,41.31055447998047,91.6467133112465,45.07587123139201,S1_SAR_fallback,,0
Periyakulama Wewa,2025-01-30,2025,1,40.299767887286016,91.6467133112465,43.97295487337525,S1_SAR_fallback,,0
Periyakulama Wewa,2025-02-11,2025,2,40.68534577220842,91.6467133112465,44.393676873097085,S1_SAR_fallback,,0
Periyakulama Wewa,2025-02-23,2025,2,40.34584090781716,91.6467133112465,44.02322729326518,S1_SAR_fallback,,0
Periyakulama Wewa,2025-03-07,2025,3,34.09128501922608,91.6467133112465,37.19858987571848,S2_MNDWI,2025-03-05,2
Periyakulama Wewa,2025-03-19,2025,3,42.2712637802124,91.6467133112465,46.1241459217993,S1_SAR_fallback,,0
Periyakulama Wewa,2025-03-31,2025,3,41.98858370059144,91.6467133112465,45.8157005128942,S1_SAR_fallback,,0
Periyakulama Wewa,2025-04-12,2025,4,40.44991328353882,91.6467133112465,44.13678551260711,S1_SAR_fallback,,0
Periyakulama Wewa,2025-04-24,2025,4,41.1604391708374,91.6467133112465,44.91207342160776,S1_SAR_fallback,,0
Periyakulama Wewa,2025-05-06,2025,5,41.78917695239497,91.6467133112465,45.59811851677912,S1_SAR_fallback,,0
Periyakulama Wewa,2025-05-18,2025,5,40.078694182101984,91.6467133112465,43.73173105072355,S1_SAR_fallback,,0
Periyakulama Wewa,2025-05-30,2025,5,35.37435526609234,91.6467133112465,38.598607618317445,S1_SAR_fallback,,0
Periyakulama Wewa,2025-06-11,2025,6,39.11892823867798,91.6467133112465,42.68448570089362,S1_SAR_fallback,,0
Periyakulama Wewa,2025-06-23,2025,6,38.21826272659302,91.6467133112465,41.701727586015934,S1_SAR_fallback,,0
Periyakulama Wewa,2025-07-05,2025,7,39.879490493011474,91.6467133112465,43.51437062186236,S1_SAR_fallback,,0
Periyakulama Wewa,2025-07-17,2025,7,39.3388953246472,91.6467133112465,42.92450203974712,S1_SAR_fallback,,0
Periyakulama Wewa,2025-07-29,2025,7,23.36829479217529,91.6467133112465,25.498235504434213,S2_MNDWI,2025-07-28,1
Periyakulama Wewa,2025-08-10,2025,8,35.23605866851807,91.6467133112465,38.44770575552549,S1_SAR_fallback,,0
Periyakulama Wewa,2025-08-22,2025,8,28.207205818939208,91.6467133112465,30.77819683848688,S2_MNDWI,2025-08-22,0
Periyakulama Wewa,2025-09-03,2025,9,29.17157432250977,91.6467133112465,31.83046425619057,S1_SAR_fallback,,0
Periyakulama Wewa,2025-09-15,2025,9,29.99218124237061,91.6467133112465,32.725866710039554,S1_SAR_fallback,,0
Periyakulama Wewa,2025-09-27,2025,9,28.910949756972368,91.6467133112465,31.54608464657787,S1_SAR_fallback,,0
Periyakulama Wewa,2025-10-09,2025,10,29.30167033081055,91.6467133112465,31.97241807384572,S1_SAR_fallback,,0
Periyakulama Wewa,2025-10-21,2025,10,39.054843327759386,91.6467133112465,42.614559667975286,S1_SAR_fallback,,0
Periyakulama Wewa,2025-11-02,2025,11,39.052699050218166,91.6467133112465,42.61221994681809,S2_MNDWI,2025-10-31,2
Periyakulama Wewa,2025-11-14,2025,11,34.6155995552063,91.6467133112465,37.77069390109642,S1_SAR_fallback,,0
Periyakulama Wewa,2025-11-26,2025,11,36.77720133209228,91.6467133112465,40.12931833920894,S1_SAR_fallback,,0
Periyakulama Wewa,2025-12-02,2025,12,62.904761171186856,91.6467133112465,68.63831652920547,S1_SAR_fallback,,0
Periyakulama Wewa,2025-12-08,2025,12,57.12625084986369,91.6467133112465,62.33311461574629,S1_SAR_fallback,,0
Periyakulama Wewa,2025-12-20,2025,12,55.060721966552734,91.6467133112465,60.079319789197406,S1_SAR_fallback,,0
Sembukulama Wewa,2021-01-03,2021,1,4.613350117492676,23.177533868423755,19.90440460008448,S1_SAR,,0
Sembukulama Wewa,2021-01-15,2021,1,4.923575598144531,23.177533868423755,21.242879531942933,S1_SAR,,0
Sembukulama Wewa,2021-01-27,2021,1,5.133728402709961,23.177533868423755,22.149588613929154,S1_SAR,,0
Sembukulama Wewa,2021-02-08,2021,2,6.334600015258789,23.177533868423755,27.33077665302788,S1_SAR,,0
Sembukulama Wewa,2021-02-20,2021,2,6.174484031677246,23.177533868423755,26.63995257963637,S1_SAR,,0
Sembukulama Wewa,2021-03-04,2021,3,4.052943742370606,23.177533868423755,17.486518476809096,S1_SAR,,0
Sembukulama Wewa,2021-03-16,2021,3,3.092246180725098,23.177533868423755,13.341566873677891,S1_SAR,,0
Sembukulama Wewa,2021-03-28,2021,3,5.854251049041748,23.177533868423755,25.258300051574384,S1_SAR,,0
Sembukulama Wewa,2021-04-09,2021,4,6.293275486082189,23.177533868423755,27.15248102670631,S1_SAR,,0
Sembukulama Wewa,2021-04-21,2021,4,7.185217420196533,23.177533868423755,31.00078490225147,S1_SAR,,0
Sembukulama Wewa,2021-05-03,2021,5,6.014367004394531,23.177533868423755,25.94912400317227,S1_SAR,,0
Sembukulama Wewa,2021-05-15,2021,5,6.664839560699463,23.177533868423755,28.755602725186403,S1_SAR,,0
Sembukulama Wewa,2021-05-27,2021,5,7.615529795837403,23.177533868423755,32.85737748920962,S1_SAR,,0
Sembukulama Wewa,2021-06-08,2021,6,7.495442571258545,23.177533868423755,32.33925841208701,S1_SAR,,0
Sembukulama Wewa,2021-06-14,2021,6,7.785653448486328,23.177533868423755,33.591379879691274,S1_SAR,,0
Sembukulama Wewa,2021-06-20,2021,6,8.134416444800882,23.177533868423755,35.096125804320025,S1_SAR,,0
Sembukulama Wewa,2021-07-02,2021,7,7.9257550689697265,23.177533868423755,34.195851525720315,S1_SAR,,0
Sembukulama Wewa,2021-07-14,2021,7,7.415384442138672,23.177533868423755,31.993845782881703,S1_SAR,,0
Sembukulama Wewa,2021-07-26,2021,7,7.305304576110839,23.177533868423755,31.51890368311931,S1_SAR,,0
Sembukulama Wewa,2021-08-07,2021,8,7.645551587677002,23.177533868423755,32.98690719677053,S1_SAR,,0
Sembukulama Wewa,2021-08-19,2021,8,7.245260931396484,23.177533868423755,31.259844004659914,S1_SAR,,0
Sembukulama Wewa,2021-08-31,2021,8,6.804941149902343,23.177533868423755,29.36007423625493,S1_SAR,,0
Sembukulama Wewa,2021-09-12,2021,9,6.424665013122558,23.177533868423755,27.71936414630934,S1_SAR,,0
Sembukulama Wewa,2021-09-24,2021,9,6.945042744445801,23.177533868423755,29.964545770365497,S1_SAR,,0
Sembukulama Wewa,2021-10-06,2021,10,6.254541417694091,23.177533868423755,26.985362002706665,S1_SAR,,0
Sembukulama Wewa,2021-10-18,2021,10,5.734163545989991,23.177533868423755,24.74017977297408,S1_SAR,,0
Sembukulama Wewa,2021-10-30,2021,10,6.064403228759765,23.177533868423755,26.165006437642152,S1_SAR,,0
Sembukulama Wewa,2021-11-17,2021,11,8.966511605072021,23.177533868423755,38.68621940528227,S1_SAR,,0
Sembukulama Wewa,2021-11-23,2021,11,8.255995428466797,23.177533868423755,35.62068111014378,S1_SAR,,0
Sembukulama Wewa,2021-12-05,2021,12,6.684854049682617,23.177533868423755,28.84195569568264,S1_SAR,,0
Sembukulama Wewa,2021-12-17,2021,12,6.854977599334717,23.177533868423755,29.57595764178213,S1_SAR,,0
Sembukulama Wewa,2021-12-29,2021,12,5.734163387298584,23.177533868423755,24.740179088296376,S1_SAR,,0
Sembukulama Wewa,2022-01-10,2022,1,5.103705581665039,23.177533868423755,22.020054465838346,S1_SAR,,0
Sembukulama Wewa,2022-01-22,2022,1,5.974338066864013,23.177533868423755,25.77641823664096,S1_SAR,,0
Sembukulama Wewa,2022-02-03,2022,2,6.194497835540772,23.177533868423755,26.72630259416829,S1_SAR,,0
Sembukulama Wewa,2022-02-15,2022,2,5.874265185546875,23.177533868423755,25.344651501296102,S1_SAR,,0
Sembukulama Wewa,2022-02-27,2022,2,5.994352373504639,23.177533868423755,25.86277042041617,S1_SAR,,0
Sembukulama Wewa,2022-03-11,2022,3,6.134454114532471,23.177533868423755,26.46724258653692,S1_SAR,,0
Sembukulama Wewa,2022-03-23,2022,3,5.646099279785156,23.177533868423755,24.36022448219653,S1_SAR,,0
Sembukulama Wewa,2022-04-04,2022,4,6.794934114837647,23.177533868423755,29.31689865458388,S1_SAR,,0
Sembukulama Wewa,2022-04-16,2022,4,5.243807353973389,23.177533868423755,22.624526766919605,S1_SAR,,0
Sembukulama Wewa,2022-04-28,2022,4,4.30312417678833,23.177533868423755,18.565927683319032,S1_SAR,,0
Sembukulama Wewa,2022-05-10,2022,5,2.9921722694396973,23.177533868423755,12.909795694511423,S1_SAR,,0
Sembukulama Wewa,2022-05-22,2022,5,2.5318380210876463,23.177533868423755,10.92367305107008,S1_SAR,,0
Sembukulama Wewa,2022-06-03,2022,6,2.4818016395568847,23.177533868423755,10.707789938505938,S1_SAR,,0
Sembukulama Wewa,2022-06-15,2022,6,2.2716489814758303,23.177533868423755,9.801081488529908,S1_SAR,,0
Sembukulama Wewa,2022-06-27,2022,6,2.0112246637680955,23.177533868423755,8.67747481326353,S1_SAR,,0
Sembukulama Wewa,2022-07-09,2022,7,2.0214674545288087,23.177533868423755,8.721667568277331,S1_SAR,,0
Sembukulama Wewa,2022-07-21,2022,7,1.9013802864074707,23.177533868423755,8.203548734741979,S1_SAR,,0
Sembukulama Wewa,2022-08-02,2022,8,1.4110243354797365,23.177533868423755,6.087896768870935,S1_SAR,,0
Sembukulama Wewa,2022-08-14,2022,8,1.8213220611572265,23.177533868423755,7.858135690779987,S1_SAR,,0
Sembukulama Wewa,2022-08-26,2022,8,1.3609879013061523,23.177533868423755,5.872013429178131,S1_SAR,,0
Sembukulama Wewa,2022-09-07,2022,9,1.1908644248962403,23.177533868423755,5.13801179908373,S1_SAR,,0
Sembukulama Wewa,2022-09-19,2022,9,1.2509079833984376,23.177533868423755,5.397071105578795,S1_SAR,,0
Sembukulama Wewa,2022-10-01,2022,10,1.27092251663208,23.177533868423755,5.483424266994772,S1_SAR,,0
Sembukulama Wewa,2022-10-13,2022,10,1.5010896057128906,23.177533868423755,6.476485437296336,S1_SAR,,0
Sembukulama Wewa,2022-10-25,2022,10,1.5110968780517575,23.177533868423755,6.519662042692222,S1_SAR,,0
Sembukulama Wewa,2022-11-06,2022,11,1.731256721496582,23.177533868423755,7.469546722808092,S1_SAR,,0
Sembukulama Wewa,2022-11-18,2022,11,3.802760774230957,23.177533868423755,16.407098338497963,S1_SAR,,0
Sembukulama Wewa,2022-11-30,2022,11,3.202324850463868,23.177533868423755,13.816503812023765,S1_SAR,,0
Sembukulama Wewa,2022-12-12,2022,12,3.812768135070801,23.177533868423755,16.45027532573334,S1_SAR,,0
Sembukulama Wewa,2022-12-24,2022,12,4.643371277618408,23.177533868423755,20.03393158210146,S1_SAR,,0
Sembukulama Wewa,2023-01-05,2023,1,5.684127206420898,23.177533868423755,24.52429684145452,S1_SAR,,0
Sembukulama Wewa,2023-01-17,2023,1,4.573320663452148,23.177533868423755,19.731696605058907,S1_SAR,,0
Sembukulama Wewa,2023-01-29,2023,1,5.554032834625244,23.177533868423755,23.96300169877805,S1_SAR,,0
Sembukulama Wewa,2023-02-10,2023,2,5.463967680358887,23.177533868423755,23.574413530694056,S1_SAR,,0
Sembukulama Wewa,2023-02-22,2023,2,5.824229547119141,23.177533868423755,25.12877159486697,S1_SAR,,0
Sembukulama Wewa,2023-03-06,2023,3,6.324593201446533,23.177533868423755,27.28760202595555,S1_SAR,,0
Sembukulama Wewa,2023-03-18,2023,3,5.013641536712647,23.177533868423755,21.63147108391481,S1_SAR,,0
Sembukulama Wewa,2023-03-30,2023,3,5.353888233184814,23.177533868423755,23.099473238085785,S1_SAR,,0
Sembukulama Wewa,2023-04-11,2023,4,5.54402659072876,23.177533868423755,23.91982953062036,S1_SAR,,0
Sembukulama Wewa,2023-04-23,2023,4,6.204505925750732,23.177533868423755,26.76948272828772,S1_SAR,,0
Sembukulama Wewa,2023-05-05,2023,5,6.314585457611084,23.177533868423755,27.24442338627687,S1_SAR,,0
Sembukulama Wewa,2023-05-17,2023,5,6.9450431640625,23.177533868423755,29.96454758081134,S1_SAR,,0
Sembukulama Wewa,2023-05-29,2023,5,7.035108548736572,23.177533868423755,30.353136742994703,S1_SAR,,0
Sembukulama Wewa,2023-06-10,2023,6,6.364621649169922,23.177533868423755,27.460305679202808,S1_SAR,,0
Sembukulama Wewa,2023-06-22,2023,6,7.015093958282471,23.177533868423755,30.26678333469975,S1_SAR,,0
Sembukulama Wewa,2023-07-04,2023,7,6.524737886047364,23.177533868423755,28.151130845445262,S1_SAR,,0
Sembukulama Wewa,2023-07-16,2023,7,6.564766952514648,23.177533868423755,28.323837168277223,S1_SAR,,0
Sembukulama Wewa,2023-07-28,2023,7,6.995079503631592,23.177533868423755,30.1804305123309,S1_SAR,,0
Sembukulama Wewa,2023-08-09,2023,8,6.274556184387207,23.177533868423755,27.071716171388875,S1_SAR,,0
Sembukulama Wewa,2023-09-02,2023,9,5.79299071224437,23.177533868423755,24.99399092729418,S1_SAR,,0
Sembukulama Wewa,2023-09-14,2023,9,4.102979125976563,23.177533868423755,17.702397283803844,S1_SAR,,0
Sembukulama Wewa,2023-09-26,2023,9,4.3365607286341055,23.177533868423755,18.71019045103017,S1_SAR,,0
Sembukulama Wewa,2023-10-08,2023,10,3.892826615905762,23.177533868423755,16.795689472421437,S1_SAR,,0
Sembukulama Wewa,2023-10-20,2023,10,6.71487661743164,23.177533868423755,28.971488750922497,S1_SAR,,0
Sembukulama Wewa,2023-11-01,2023,11,7.165203377532959,23.177533868423755,30.91443385741128,S1_SAR,,0
Sembukulama Wewa,2023-11-13,2023,11,14.36843806274414,23.177533868423755,61.99295466166566,S1_SAR,,0
Sembukulama Wewa,2023-11-25,2023,11,12.058759540557862,23.177533868423755,52.027793849915525,S1_SAR,,0
Sembukulama Wewa,2023-12-07,2023,12,11.658468537902833,23.177533868423755,50.30072916336415,S1_SAR,,0
Sembukulama Wewa,2023-12-19,2023,12,11.007995970153807,23.177533868423755,47.49425039197423,S1_SAR,,0
Sembukulama Wewa,2023-12-31,2023,12,10.52764683303833,23.177533868423755,45.42177305317552,S1_SAR,,0
Sembukulama Wewa,2024-01-12,2024,1,9.817130759429933,23.177533868423755,42.35623520241919,S1_SAR,,0
Sembukulama Wewa,2024-01-24,2024,1,8.085872750854492,23.177533868423755,34.88668292647992,S1_SAR,,0
Sembukulama Wewa,2024-02-05,2024,2,7.145189179229736,23.177533868423755,30.82808214106026,S1_SAR,,0
Sembukulama Wewa,2024-02-17,2024,2,7.655559880828857,23.177533868423755,33.0300882064874,S1_SAR,,0
Sembukulama Wewa,2024-02-29,2024,2,7.995806827545166,23.177533868423755,34.49809144034244,S1_SAR,,0
Sembukulama Wewa,2024-03-12,2024,3,7.385363496398925,23.177533868423755,31.86431972583797,S1_SAR,,0
Sembukulama Wewa,2024-03-24,2024,3,6.484709865570069,23.177533868423755,27.978429035561053,S1_SAR,,0
Sembukulama Wewa,2024-04-05,2024,4,5.093699360656738,23.177533868423755,21.97688239643223,S1_SAR,,0
Sembukulama Wewa,2024-04-17,2024,4,6.674847639465332,23.177533868423755,28.798782809930035,S1_SAR,,0
Sembukulama Wewa,2024-04-29,2024,4,4.4031982948303225,23.177533868423755,18.997699754541543,S1_SAR,,0
Sembukulama Wewa,2024-05-11,2024,5,3.612623723602295,23.177533868423755,15.586747684679278,S1_SAR,,0
Sembukulama Wewa,2024-05-23,2024,5,7.23525433883667,23.177533868423755,31.216670332186304,S1_SAR,,0
Sembukulama Wewa,2024-06-04,2024,6,8.866439367675781,23.177533868423755,38.25445544814888,S1_SAR,,0
Sembukulama Wewa,2024-06-16,2024,6,8.496170575714112,23.177533868423755,36.65692227631255,S1_SAR,,0
Sembukulama Wewa,2024-07-10,2024,7,6.935036429595948,23.177533868423755,29.921373296077864,S1_SAR,,0
Sembukulama Wewa,2024-07-22,2024,7,7.065130926513672,23.177533868423755,30.482668978596354,S1_SAR,,0
Sembukulama Wewa,2024-08-03,2024,8,6.184491337585449,23.177533868423755,26.68312932986792,S1_SAR,,0
Sembukulama Wewa,2024-08-15,2024,8,5.443954100036621,23.177533868423755,23.48806448063601,S1_SAR,,0
Sembukulama Wewa,2024-08-27,2024,8,7.7756475730896,23.177533868423755,33.5482093014342,S1_SAR,,0
Sembukulama Wewa,2024-09-20,2024,9,8.626265451812744,23.177533868423755,37.218219594815736,S1_SAR,,0
Sembukulama Wewa,2024-10-02,2024,10,7.575502575683593,23.177533868423755,32.68467913233939,S1_SAR,,0
Sembukulama Wewa,2024-10-14,2024,10,8.446134320831298,23.177533868423755,36.44103971017387,S1_SAR,,0
Sembukulama Wewa,2024-10-26,2024,10,8.446134393310547,23.177533868423755,36.44104002288725,S1_SAR,,0
Sembukulama Wewa,2024-11-07,2024,11,14.23033829345703,23.177533868423755,61.397120048410045,S1_SAR,,0
Sembukulama Wewa,2024-11-19,2024,11,13.985768192626356,23.177533868423755,60.34191675448296,S1_SAR,,0
Sembukulama Wewa,2024-12-13,2024,12,14.112958175880582,23.177533868423755,60.89068084636724,S1_SAR,,0
Sembukulama Wewa,2024-12-25,2024,12,13.587596281708365,23.177533868423755,58.62399493769964,S1_SAR,,0
Sembukulama Wewa,2025-01-06,2025,1,13.945307124983843,23.177533868423755,60.167346552699605,S1_SAR,,0
Sembukulama Wewa,2025-01-18,2025,1,13.660472608445112,23.177533868423755,58.938421516258266,S1_SAR,,0
Sembukulama Wewa,2025-01-30,2025,1,13.24554364433438,23.177533868423755,57.14820101020168,S1_SAR,,0
Sembukulama Wewa,2025-02-11,2025,2,13.686491029271146,23.177533868423755,59.05067858801464,S1_SAR,,0
Sembukulama Wewa,2025-02-23,2025,2,13.694575568835688,23.177533868423755,59.08555951887827,S1_SAR,,0
Sembukulama Wewa,2025-03-07,2025,3,13.77855809753717,23.177533868423755,59.44790405983868,S1_SAR,,0
Sembukulama Wewa,2025-03-19,2025,3,13.276624847355263,23.177533868423755,57.282301571535456,S1_SAR,,0
Sembukulama Wewa,2025-03-31,2025,3,12.154672190770167,23.177533868423755,52.4416111730043,S1_SAR,,0
Sembukulama Wewa,2025-04-12,2025,4,11.262062758447984,23.177533868423755,48.59042736117416,S1_SAR,,0
Sembukulama Wewa,2025-04-24,2025,4,7.815676843261719,23.177533868423755,33.72091650315532,S1_SAR,,0
Sembukulama Wewa,2025-05-06,2025,5,10.846426878404804,23.177533868423755,46.7971568501582,S1_SAR,,0
Sembukulama Wewa,2025-05-18,2025,5,9.541988824247472,23.177533868423755,41.1691290299316,S1_SAR,,0
Sembukulama Wewa,2025-05-30,2025,5,9.086128704995549,23.177533868423755,39.2023101188266,S1_SAR,,0
Sembukulama Wewa,2025-06-11,2025,6,8.170012140446083,23.177533868423755,35.24970424733848,S1_SAR,,0
Sembukulama Wewa,2025-06-23,2025,6,8.025318730211444,23.177533868423755,34.62542121940269,S1_SAR,,0
Sembukulama Wewa,2025-07-05,2025,7,7.545480210113525,23.177533868423755,32.55514694940525,S1_SAR,,0
Sembukulama Wewa,2025-07-17,2025,7,7.715603531646728,23.177533868423755,33.28914791128055,S1_SAR,,0
Sembukulama Wewa,2025-07-29,2025,7,7.675574390411377,23.177533868423755,33.11644126586006,S1_SAR,,0
Sembukulama Wewa,2025-08-10,2025,8,7.345334407043457,23.177533868423755,31.691613304254425,S1_SAR,,0
Sembukulama Wewa,2025-08-22,2025,8,7.44540698928833,23.177533868423755,32.123378749245134,S1_SAR,,0
Sembukulama Wewa,2025-09-03,2025,9,6.364621977996826,23.177533868423755,27.46030709793401,S1_SAR,,0
Sembukulama Wewa,2025-09-15,2025,9,6.424665618133545,23.177533868423755,27.719366756643083,S1_SAR,,0
Sembukulama Wewa,2025-09-27,2025,9,5.503996915435791,23.177533868423755,23.747120580996064,S1_SAR,,0
Sembukulama Wewa,2025-10-09,2025,10,4.913568177032471,23.177533868423755,21.199702284661704,S1_SAR,,0
Sembukulama Wewa,2025-10-21,2025,10,12.95502006503236,23.177533868423755,55.89473038234589,S1_SAR,,0
Sembukulama Wewa,2025-11-02,2025,11,13.946052889760336,23.177533868423755,60.170564171885175,S1_SAR,,0
Sembukulama Wewa,2025-11-14,2025,11,12.85149228441126,23.177533868423755,55.44805740493244,S1_SAR,,0
Sembukulama Wewa,2025-11-26,2025,11,13.97713387680652,23.177533868423755,60.30466380139118,S1_SAR,,0
Sembukulama Wewa,2025-12-02,2025,12,14.119119390324611,23.177533868423755,60.91726354700746,S1_SAR,,0
Sembukulama Wewa,2025-12-08,2025,12,13.086761239294912,23.177533868423755,56.463130691932015,S1_SAR,,0
Sembukulama Wewa,2025-12-20,2025,12,12.730188166216683,23.177533868423755,54.92468801247158,S1_SAR,,0
Settikulama  Wewa,2021-01-03,2021,1,0.7205341369628906,11.529657082894628,6.24939780760586,S1_SAR,,0
Settikulama  Wewa,2021-01-15,2021,1,0.6304673561096191,11.529657082894628,5.468222962545686,S1_SAR,,0
Settikulama  Wewa,2021-01-27,2021,1,0.2802077308654785,11.529657082894628,2.430321464470908,S1_SAR,,0
Settikulama  Wewa,2021-02-08,2021,2,0.9707195831298828,11.529657082894628,8.419327445306592,S1_SAR,,0
Settikulama  Wewa,2021-02-20,2021,2,1.1808753677368165,11.529657082894628,10.24206842620463,S1_SAR,,0
Settikulama  Wewa,2021-03-04,2021,3,0.7905860618591308,11.529657082894628,6.856978105897377,S1_SAR,,0
Settikulama  Wewa,2021-03-16,2021,3,1.0607863327026368,11.529657082894628,9.200502019061927,S1_SAR,,0
Settikulama  Wewa,2021-03-28,2021,3,0.9006676345825195,11.529657082894628,7.811746941882147,S1_SAR,,0
Settikulama  Wewa,2021-04-09,2021,4,0.8406231407165528,11.529657082894628,7.290963943443724,S1_SAR,,0
Settikulama  Wewa,2021-04-21,2021,4,0.8406231452941895,11.529657082894628,7.290963983146871,S1_SAR,,0
Settikulama  Wewa,2021-05-03,2021,5,0.4303189933776855,11.529657082894628,3.732279202094447,S1_SAR,,0
Settikulama  Wewa,2021-05-15,2021,5,0.6104525398254395,11.529657082894628,5.294628759870972,S1_SAR,,0
Settikulama  Wewa,2021-05-27,2021,5,0.0,11.529657082894628,0.0,S1_SAR,,0
Settikulama  Wewa,2021-06-08,2021,6,0.0,11.529657082894628,0.0,S1_SAR,,0
Settikulama  Wewa,2021-06-14,2021,6,0.0,11.529657082894628,0.0,S1_SAR,,0
Settikulama  Wewa,2021-06-20,2021,6,0.0,11.529657082894628,0.0,S1_SAR,,0
Settikulama  Wewa,2021-07-02,2021,7,0.0,11.529657082894628,0.0,S1_SAR,,0
Settikulama  Wewa,2021-07-14,2021,7,0.0,11.529657082894628,0.0,S1_SAR,,0
Settikulama  Wewa,2021-07-26,2021,7,0.0,11.529657082894628,0.0,S1_SAR,,0
Settikulama  Wewa,2021-08-07,2021,8,0.0,11.529657082894628,0.0,S1_SAR,,0
Settikulama  Wewa,2021-08-19,2021,8,0.0,11.529657082894628,0.0,S1_SAR,,0
Settikulama  Wewa,2021-08-31,2021,8,0.0,11.529657082894628,0.0,S1_SAR,,0
Settikulama  Wewa,2021-09-12,2021,9,0.0,11.529657082894628,0.0,S1_SAR,,0
Settikulama  Wewa,2021-09-24,2021,9,0.0,11.529657082894628,0.0,S1_SAR,,0
Settikulama  Wewa,2021-10-06,2021,10,0.0,11.529657082894628,0.0,S1_SAR,,0
Settikulama  Wewa,2021-10-18,2021,10,0.0,11.529657082894628,0.0,S1_SAR,,0
Settikulama  Wewa,2021-10-30,2021,10,0.0,11.529657082894628,0.0,S1_SAR,,0
Settikulama  Wewa,2021-11-17,2021,11,0.1601187225341797,11.529657082894628,1.3887552889298975,S1_SAR,,0
Settikulama  Wewa,2021-11-23,2021,11,0.3902894111633301,11.529657082894628,3.3850912334796366,S1_SAR,,0
Settikulama  Wewa,2021-12-05,2021,12,0.2201632514953613,11.529657082894628,1.9095385917591168,S1_SAR,,0
Settikulama  Wewa,2021-12-17,2021,12,0.1000742050170898,11.529657082894628,0.8679720853585463,S1_SAR,,0
Settikulama  Wewa,2021-12-29,2021,12,0.1601187294006347,11.529657082894628,1.3887553484846182,S1_SAR,,0
Settikulama  Wewa,2022-01-10,2022,1,0.1801335678100586,11.529657082894628,1.5623497430578774,S1_SAR,,0
Settikulama  Wewa,2022-01-22,2022,1,0.1200890480041503,11.529657082894628,1.0415665196349526,S1_SAR,,0
Settikulama  Wewa,2022-02-03,2022,2,0.1701261489868164,11.529657082894628,1.4755525490798436,S1_SAR,,0
Settikulama  Wewa,2022-02-15,2022,2,0.1401038841247558,11.529657082894628,1.2151608943566383,S1_SAR,,0
Settikulama  Wewa,2022-02-27,2022,2,0.1801335746765136,11.529657082894628,1.562349802612598,S1_SAR,,0
Settikulama  Wewa,2022-03-11,2022,3,0.0700519432067871,11.529657082894628,0.6075804571041059,S1_SAR,,0
Settikulama  Wewa,2022-03-23,2022,3,0.2902151977539062,11.529657082894628,2.5171190753319874,S1_SAR,,0
Settikulama  Wewa,2022-04-04,2022,4,0.0700519409179687,11.529657082894628,0.6075804372525324,S1_SAR,,0
Settikulama  Wewa,2022-04-16,2022,4,0.1701261489868164,11.529657082894628,1.4755525490798436,S1_SAR,,0
Settikulama  Wewa,2022-04-28,2022,4,0.0200148406982421,11.529657082894628,0.1735944144248328,S1_SAR,,0
Settikulama  Wewa,2022-05-10,2022,5,0.0,11.529657082894628,0.0,S1_SAR,,0
Settikulama  Wewa,2022-05-22,2022,5,0.0800593635559082,11.529657082894628,0.6943776643165223,S1_SAR,,0
Settikulama  Wewa,2022-06-03,2022,6,0.0800593627929687,11.529657082894628,0.6943776576993312,S1_SAR,,0
Settikulama  Wewa,2022-06-15,2022,6,0.020014842224121,11.529657082894628,0.1735944276592151,S1_SAR,,0
Settikulama  Wewa,2022-06-27,2022,6,0.0400296821594238,11.529657082894628,0.3471888354668567,S1_SAR,,0
Settikulama  Wewa,2022-07-09,2022,7,0.0,11.529657082894628,0.0,S1_SAR,,0
Settikulama  Wewa,2022-07-21,2022,7,0.0200148406982421,11.529657082894628,0.1735944144248328,S1_SAR,,0
Settikulama  Wewa,2022-08-02,2022,8,0.1000742050170898,11.529657082894628,0.8679720853585463,S1_SAR,,0
Settikulama  Wewa,2022-08-14,2022,8,0.1200890502929687,11.529657082894628,1.0415665394865263,S1_SAR,,0
Settikulama  Wewa,2022-08-26,2022,8,0.0500371047973632,11.529657082894628,0.4339860625308467,S1_SAR,,0
Settikulama  Wewa,2022-09-07,2022,9,0.0,11.529657082894628,0.0,S1_SAR,,0
Settikulama  Wewa,2022-09-19,2022,9,0.0,11.529657082894628,0.0,S1_SAR,,0
Settikulama  Wewa,2022-10-01,2022,10,0.0,11.529657082894628,0.0,S1_SAR,,0
Settikulama  Wewa,2022-10-13,2022,10,0.0,11.529657082894628,0.0,S1_SAR,,0
Settikulama  Wewa,2022-10-25,2022,10,0.0,11.529657082894628,0.0,S1_SAR,,0
Settikulama  Wewa,2022-11-06,2022,11,0.010007420349121,11.529657082894628,0.0867972072124164,S1_SAR,,0
Settikulama  Wewa,2022-11-18,2022,11,0.3102300186157226,11.529657082894628,2.690713317709849,S1_SAR,,0
Settikulama  Wewa,2022-11-30,2022,11,0.0,11.529657082894628,0.0,S1_SAR,,0
Settikulama  Wewa,2022-12-12,2022,12,0.0,11.529657082894628,0.0,S1_SAR,,0
Settikulama  Wewa,2022-12-24,2022,12,0.0,11.529657082894628,0.0,S1_SAR,,0
Settikulama  Wewa,2023-01-05,2023,1,0.0,11.529657082894628,0.0,S1_SAR,,0
Settikulama  Wewa,2023-01-17,2023,1,0.0,11.529657082894628,0.0,S1_SAR,,0
Settikulama  Wewa,2023-01-29,2023,1,0.0500371017456054,11.529657082894628,0.4339860360620819,S1_SAR,,0
Settikulama  Wewa,2023-02-10,2023,2,0.0400296821594238,11.529657082894628,0.3471888354668567,S1_SAR,,0
Settikulama  Wewa,2023-02-22,2023,2,0.0600445220947265,11.529657082894628,0.5207832432744984,S1_SAR,,0
Settikulama  Wewa,2023-03-06,2023,3,0.0,11.529657082894628,0.0,S1_SAR,,0
Settikulama  Wewa,2023-03-18,2023,3,0.0,11.529657082894628,0.0,S1_SAR,,0
Settikulama  Wewa,2023-03-30,2023,3,0.0,11.529657082894628,0.0,S1_SAR,,0
Settikulama  Wewa,2023-04-11,2023,4,0.0,11.529657082894628,0.0,S1_SAR,,0
Settikulama  Wewa,2023-04-23,2023,4,0.0,11.529657082894628,0.0,S1_SAR,,0
Settikulama  Wewa,2023-05-05,2023,5,0.0,11.529657082894628,0.0,S1_SAR,,0
Settikulama  Wewa,2023-05-17,2023,5,0.0,11.529657082894628,0.0,S1_SAR,,0
Settikulama  Wewa,2023-05-29,2023,5,0.0,11.529657082894628,0.0,S1_SAR,,0
Settikulama  Wewa,2023-06-10,2023,6,0.0,11.529657082894628,0.0,S1_SAR,,0
Settikulama  Wewa,2023-06-22,2023,6,0.0,11.529657082894628,0.0,S1_SAR,,0
Settikulama  Wewa,2023-07-04,2023,7,0.0,11.529657082894628,0.0,S1_SAR,,0
Settikulama  Wewa,2023-07-16,2023,7,0.0,11.529657082894628,0.0,S1_SAR,,0
Settikulama  Wewa,2023-07-28,2023,7,0.0,11.529657082894628,0.0,S1_SAR,,0
Settikulama  Wewa,2023-08-09,2023,8,0.0,11.529657082894628,0.0,S1_SAR,,0
Settikulama  Wewa,2023-09-02,2023,9,0.0,11.529657082894628,0.0,S1_SAR,,0
Settikulama  Wewa,2023-09-14,2023,9,0.0,11.529657082894628,0.0,S1_SAR,,0
Settikulama  Wewa,2023-09-26,2023,9,0.0,11.529657082894628,0.0,S1_SAR,,0
Settikulama  Wewa,2023-10-08,2023,10,0.0,11.529657082894628,0.0,S1_SAR,,0
Settikulama  Wewa,2023-10-20,2023,10,0.0,11.529657082894628,0.0,S1_SAR,,0
Settikulama  Wewa,2023-11-01,2023,11,0.0,11.529657082894628,0.0,S1_SAR,,0
Settikulama  Wewa,2023-11-13,2023,11,0.8506305778503418,11.529657082894628,7.377761296234346,S1_SAR,,0
Settikulama  Wewa,2023-11-25,2023,11,0.5404005836486816,11.529657082894628,4.687048190274615,S1_SAR,,0
Settikulama  Wewa,2023-12-07,2023,12,0.3202373695373535,11.529657082894628,2.7775099227578663,S1_SAR,,0
Settikulama  Wewa,2023-12-19,2023,12,0.0,11.529657082894628,0.0,S1_SAR,,0
Settikulama  Wewa,2023-12-31,2023,12,0.1000741897583007,11.529657082894628,0.8679719530147224,S1_SAR,,0
Settikulama  Wewa,2024-01-12,2024,1,0.1701260932922363,11.529657082894628,1.4755520660248864,S1_SAR,,0
Settikulama  Wewa,2024-01-24,2024,1,0.0,11.529657082894628,0.0,S1_SAR,,0
Settikulama  Wewa,2024-02-05,2024,2,0.0700519210815429,11.529657082894628,0.6075802652055613,S1_SAR,,0
Settikulama  Wewa,2024-02-17,2024,2,0.1300964599609375,11.529657082894628,1.1283636540582658,S1_SAR,,0
Settikulama  Wewa,2024-02-29,2024,2,0.2201632087707519,11.529657082894628,1.90953822119641,S1_SAR,,0
Settikulama  Wewa,2024-03-12,2024,3,0.2601928527832031,11.529657082894628,2.256726725803707,S1_SAR,,0
Settikulama  Wewa,2024-03-24,2024,3,0.0200148361206054,11.529657082894628,0.1735943747216856,S1_SAR,,0
Settikulama  Wewa,2024-04-05,2024,4,0.2101557884216308,11.529657082894628,1.8227410139839928,S1_SAR,,0
Settikulama  Wewa,2024-04-17,2024,4,0.0,11.529657082894628,0.0,S1_SAR,,0
Settikulama  Wewa,2024-04-29,2024,4,0.070051919555664,11.529657082894628,0.6075802519711789,S1_SAR,,0
Settikulama  Wewa,2024-05-11,2024,5,0.0,11.529657082894628,0.0,S1_SAR,,0
Settikulama  Wewa,2024-05-23,2024,5,1.511120272064209,11.529657082894628,13.10637654875359,S1_SAR,,0
Settikulama  Wewa,2024-06-04,2024,6,0.750556430053711,11.529657082894628,6.509789707165139,S1_SAR,,0
Settikulama  Wewa,2024-06-16,2024,6,0.670497110748291,11.529657082894628,5.815412426645706,S1_SAR,,0
Settikulama  Wewa,2024-07-10,2024,7,0.1300964584350586,11.529657082894628,1.1283636408238835,S1_SAR,,0
Settikulama  Wewa,2024-07-22,2024,7,0.1100816253662109,11.529657082894628,0.9547692925709628,S1_SAR,,0
Settikulama  Wewa,2024-08-03,2024,8,0.0,11.529657082894628,0.0,S1_SAR,,0
Settikulama  Wewa,2024-08-15,2024,8,0.0300222625732421,11.529657082894628,0.2603916348716316,S1_SAR,,0
Settikulama  Wewa,2024-08-27,2024,8,0.0,11.529657082894628,0.0,S1_SAR,,0
Settikulama  Wewa,2024-09-20,2024,9,0.0,11.529657082894628,0.0,S1_SAR,,0
Settikulama  Wewa,2024-10-02,2024,10,0.0,11.529657082894628,0.0,S1_SAR,,0
Settikulama  Wewa,2024-10-14,2024,10,0.0,11.529657082894628,0.0,S1_SAR,,0
Settikulama  Wewa,2024-10-26,2024,10,0.0,11.529657082894628,0.0,S1_SAR,,0
Settikulama  Wewa,2024-11-07,2024,11,0.0400296783447265,11.529657082894628,0.3471888023809008,S1_SAR,,0
Settikulama  Wewa,2024-11-19,2024,11,0.0200148399353027,11.529657082894628,0.1735944078076416,S1_SAR,,0
Settikulama  Wewa,2024-12-13,2024,12,0.1701261390686035,11.529657082894628,1.475552463056358,S1_SAR,,0
Settikulama  Wewa,2024-12-25,2024,12,0.1300964546203613,11.529657082894628,1.1283636077379275,S1_SAR,,0
Settikulama  Wewa,2025-01-06,2025,1,0.3202374397277832,11.529657082894628,2.7775105315394564,S1_SAR,,0
Settikulama  Wewa,2025-01-18,2025,1,0.3002225868225097,11.529657082894628,2.6039160112395647,S1_SAR,,0
Settikulama  Wewa,2025-01-30,2025,1,0.2201632339477539,11.529657082894628,1.90953843956372,S1_SAR,,0
Settikulama  Wewa,2025-02-11,2025,2,0.2802077499389648,11.529657082894628,2.430321629900688,S1_SAR,,0
Settikulama  Wewa,2025-02-23,2025,2,0.2401780754089355,11.529657082894628,2.083132860605743,S1_SAR,,0
Settikulama  Wewa,2025-03-07,2025,3,0.5704228996276856,11.529657082894628,4.947440288349631,S1_SAR,,0
Settikulama  Wewa,2025-03-19,2025,3,0.5404006309509277,11.529657082894628,4.687048600540469,S1_SAR,,0
Settikulama  Wewa,2025-03-31,2025,3,0.3302448249816894,11.529657082894628,2.864307434361078,S1_SAR,,0
Settikulama  Wewa,2025-04-12,2025,4,0.5003709671020508,11.529657082894628,4.339859923886201,S1_SAR,,0
Settikulama  Wewa,2025-04-24,2025,4,0.5203857864379883,11.529657082894628,4.51345415302968,S1_SAR,,0
Settikulama  Wewa,2025-05-06,2025,5,0.5404006164550781,11.529657082894628,4.687048474813836,S1_SAR,,0
Settikulama  Wewa,2025-05-18,2025,5,0.3402522537231445,11.529657082894628,2.951104714362598,S1_SAR,,0
Settikulama  Wewa,2025-05-30,2025,5,0.210155793762207,11.529657082894628,1.822741060304332,S1_SAR,,0
Settikulama  Wewa,2025-06-11,2025,6,0.0800593490600586,11.529657082894628,0.6943775385898897,S1_SAR,,0
Settikulama  Wewa,2025-06-23,2025,6,0.2401780639648437,11.529657082894628,2.0831327613478754,S1_SAR,,0
Settikulama  Wewa,2025-07-05,2025,7,0.3802819473266601,11.529657082894628,3.2982936490873223,S1_SAR,,0
Settikulama  Wewa,2025-07-17,2025,7,0.6404748390197754,11.529657082894628,5.55502071236778,S1_SAR,,0
Settikulama  Wewa,2025-07-29,2025,7,0.6604896751403808,11.529657082894628,5.728615087089466,S1_SAR,,0
Settikulama  Wewa,2025-08-10,2025,8,0.6204599884033203,11.529657082894628,5.381426211919462,S1_SAR,,0
Settikulama  Wewa,2025-08-22,2025,8,0.2902151481628418,11.529657082894628,2.5171186452145595,S1_SAR,,0
Settikulama  Wewa,2025-09-03,2025,9,0.0,11.529657082894628,0.0,S1_SAR,,0
Settikulama  Wewa,2025-09-15,2025,9,0.0,11.529657082894628,0.0,S1_SAR,,0
Settikulama  Wewa,2025-09-27,2025,9,0.0,11.529657082894628,0.0,S1_SAR,,0
Settikulama  Wewa,2025-10-09,2025,10,0.0,11.529657082894628,0.0,S1_SAR,,0
Settikulama  Wewa,2025-10-21,2025,10,0.7505564041137696,11.529657082894628,6.509789482180639,S1_SAR,,0
Settikulama  Wewa,2025-11-02,2025,11,0.5203857864379883,11.529657082894628,4.51345415302968,S1_SAR,,0
Settikulama  Wewa,2025-11-14,2025,11,0.2902151428222656,11.529657082894628,2.5171185988942213,S1_SAR,,0
Settikulama  Wewa,2025-11-26,2025,11,0.5504080200195313,11.529657082894628,4.773845536448047,S1_SAR,,0
Settikulama  Wewa,2025-12-02,2025,12,0.76056381149292,11.529657082894628,6.596586576900805,S1_SAR,,0
Settikulama  Wewa,2025-12-08,2025,12,0.5404006141662597,11.529657082894628,4.687048454962262,S1_SAR,,0
Settikulama  Wewa,2025-12-20,2025,12,0.4803560890197754,11.529657082894628,4.166265185218999,S1_SAR,,0
Tawalanhalmillewa Wewa,2021-01-03,2021,1,0.6204609626770019,11.21789508340782,5.530992740293268,S1_SAR,,0
Tawalanhalmillewa Wewa,2021-01-15,2021,1,0.950706275177002,11.21789508340782,8.474907886981168,S1_SAR,,0
Tawalanhalmillewa Wewa,2021-01-27,2021,1,0.8406245147705078,11.21789508340782,7.493602931033469,S1_SAR,,0
Tawalanhalmillewa Wewa,2021-02-08,2021,2,0.910676540374756,11.21789508340782,8.118069687794822,S1_SAR,,0
Tawalanhalmillewa Wewa,2021-02-20,2021,2,0.990736003112793,11.21789508340782,8.83174602495768,S1_SAR,,0
Tawalanhalmillewa Wewa,2021-03-04,2021,3,0.8005947692871094,11.21789508340782,7.136764636631825,S1_SAR,,0
Tawalanhalmillewa Wewa,2021-03-16,2021,3,0.8106022048950196,11.21789508340782,7.225974203431143,S1_SAR,,0
Tawalanhalmillewa Wewa,2021-03-28,2021,3,0.7805798988342285,11.21789508340782,6.958345509834281,S1_SAR,,0
Tawalanhalmillewa Wewa,2021-04-09,2021,4,0.8005947715759277,11.21789508340782,7.136764657035102,S1_SAR,,0
Tawalanhalmillewa Wewa,2021-04-21,2021,4,0.770572462463379,11.21789508340782,6.869135936233869,S1_SAR,,0
Tawalanhalmillewa Wewa,2021-05-03,2021,5,0.8106022087097168,11.21789508340782,7.225974237436607,S1_SAR,,0
Tawalanhalmillewa Wewa,2021-05-15,2021,5,1.0107509300231934,11.21789508340782,9.010165655036088,S1_SAR,,0
Tawalanhalmillewa Wewa,2021-05-27,2021,5,0.6905129714965821,11.21789508340782,6.15545934743058,S1_SAR,,0
Tawalanhalmillewa Wewa,2021-06-08,2021,6,0.9006691352844238,11.21789508340782,8.028860393039215,S1_SAR,,0
Tawalanhalmillewa Wewa,2021-06-14,2021,6,0.4803568313598633,11.21789508340782,4.28205851265582,S1_SAR,,0
Tawalanhalmillewa Wewa,2021-06-20,2021,6,0.8206096366882324,11.21789508340782,7.315183736224997,S1_SAR,,0
Tawalanhalmillewa Wewa,2021-07-02,2021,7,0.8206096336364747,11.21789508340782,7.315183709020627,S1_SAR,,0
Tawalanhalmillewa Wewa,2021-07-14,2021,7,0.8005947799682617,11.21789508340782,7.136764731847123,S1_SAR,,0
Tawalanhalmillewa Wewa,2021-07-26,2021,7,0.73054273147583,11.21789508340782,6.512297771052987,S1_SAR,,0
Tawalanhalmillewa Wewa,2021-08-07,2021,8,0.710527857208252,11.21789508340782,6.33387861024998,S1_SAR,,0
Tawalanhalmillewa Wewa,2021-08-19,2021,8,0.7105278709411621,11.21789508340782,6.33387873266965,S1_SAR,,0
Tawalanhalmillewa Wewa,2021-08-31,2021,8,0.5003717330932618,11.21789508340782,4.460477918298169,S1_SAR,,0
Tawalanhalmillewa Wewa,2021-09-12,2021,9,0.2702007377624512,11.21789508340782,2.408658092747721,S1_SAR,,0
Tawalanhalmillewa Wewa,2021-09-24,2021,9,0.3802825325012207,11.21789508340782,3.389963354744595,S1_SAR,,0
Tawalanhalmillewa Wewa,2021-10-06,2021,10,0.5704237670898438,11.21789508340782,5.084944749871542,S1_SAR,,0
Tawalanhalmillewa Wewa,2021-10-18,2021,10,0.4803568740844726,11.21789508340782,4.282058893517016,S1_SAR,,0
Tawalanhalmillewa Wewa,2021-10-30,2021,10,0.4803568801879883,11.21789508340782,4.282058947925759,S1_SAR,,0
Tawalanhalmillewa Wewa,2021-11-17,2021,11,1.0707954765319825,11.21789508340782,9.545422457335835,S1_SAR,,0
Tawalanhalmillewa Wewa,2021-11-23,2021,11,1.320981324005127,11.21789508340782,11.7756612464576,S1_SAR,,0
Tawalanhalmillewa Wewa,2021-12-05,2021,12,0.8306170845031738,11.21789508340782,7.4043934118418,S1_SAR,,0
Tawalanhalmillewa Wewa,2021-12-17,2021,12,0.8206096115112305,11.21789508340782,7.315183511788935,S1_SAR,,0
Tawalanhalmillewa Wewa,2021-12-29,2021,12,0.7905873191833496,11.21789508340782,7.047554940611743,S1_SAR,,0
Tawalanhalmillewa Wewa,2022-01-10,2022,1,0.590438656616211,11.21789508340782,5.263364046696406,S1_SAR,,0
Tawalanhalmillewa Wewa,2022-01-22,2022,1,0.8506319328308105,11.21789508340782,7.582812341407654,S1_SAR,,0
Tawalanhalmillewa Wewa,2022-02-03,2022,2,0.7705724609375,11.21789508340782,6.869135922631683,S1_SAR,,0
Tawalanhalmillewa Wewa,2022-02-15,2022,2,0.8706467994689941,11.21789508340782,7.761231434199733,S1_SAR,,0
Tawalanhalmillewa Wewa,2022-02-27,2022,2,0.7905873344421387,11.21789508340782,7.047555076633599,S1_SAR,,0
Tawalanhalmillewa Wewa,2022-03-11,2022,3,0.7505575736999511,11.21789508340782,6.690716646210097,S1_SAR,,0
Tawalanhalmillewa Wewa,2022-03-23,2022,3,0.690512979888916,11.21789508340782,6.1554594222426,S1_SAR,,0
Tawalanhalmillewa Wewa,2022-04-04,2022,4,1.0607880493164064,11.21789508340782,9.456212965348538,S1_SAR,,0
Tawalanhalmillewa Wewa,2022-04-16,2022,4,1.5511523086547852,11.21789508340782,13.827480976792748,S1_SAR,,0
Tawalanhalmillewa Wewa,2022-04-28,2022,4,0.6504831916809082,11.21789508340782,5.798620746979759,S1_SAR,,0
Tawalanhalmillewa Wewa,2022-05-10,2022,5,0.0,11.21789508340782,0.0,S1_SAR,,0
Tawalanhalmillewa Wewa,2022-05-22,2022,5,0.2802081794738769,11.21789508340782,2.497867713955782,S1_SAR,,0
Tawalanhalmillewa Wewa,2022-06-03,2022,6,0.5003717308044433,11.21789508340782,4.46047789789489,S1_SAR,,0
Tawalanhalmillewa Wewa,2022-06-15,2022,6,0.8106021903991699,11.21789508340782,7.22597407421038,S1_SAR,,0
Tawalanhalmillewa Wewa,2022-06-27,2022,6,0.5504089065551758,11.21789508340782,4.906525711488205,S1_SAR,,0
Tawalanhalmillewa Wewa,2022-07-09,2022,7,0.6604907020568848,11.21789508340782,5.887830980286171,S1_SAR,,0
Tawalanhalmillewa Wewa,2022-07-21,2022,7,1.070795457458496,11.21789508340782,9.545422287308517,S1_SAR,,0
Tawalanhalmillewa Wewa,2022-08-02,2022,8,0.4002973861694336,11.21789508340782,3.5683823319180976,S1_SAR,,0
Tawalanhalmillewa Wewa,2022-08-14,2022,8,0.8306170761108398,11.21789508340782,7.40439333702978,S1_SAR,,0
Tawalanhalmillewa Wewa,2022-08-26,2022,8,0.6805055557250976,11.21789508340782,6.066249957459673,S1_SAR,,0
Tawalanhalmillewa Wewa,2022-09-07,2022,9,0.1801338264465332,11.21789508340782,1.605772073166969,S1_SAR,,0
Tawalanhalmillewa Wewa,2022-09-19,2022,9,0.3102304733276367,11.21789508340782,2.76549629873516,S1_SAR,,0
Tawalanhalmillewa Wewa,2022-10-01,2022,10,0.1901412521362304,11.21789508340782,1.694981551552081,S1_SAR,,0
Tawalanhalmillewa Wewa,2022-10-13,2022,10,0.0100074348449707,11.21789508340782,0.0892095599982256,S1_SAR,,0
Tawalanhalmillewa Wewa,2022-10-25,2022,10,0.0,11.21789508340782,0.0,S1_SAR,,0
Tawalanhalmillewa Wewa,2022-11-06,2022,11,0.2401784385681152,11.21789508340782,2.141029460360694,S1_SAR,,0
Tawalanhalmillewa Wewa,2022-11-18,2022,11,0.4303196876525879,11.21789508340782,3.836010984708403,S1_SAR,,0
Tawalanhalmillewa Wewa,2022-11-30,2022,11,0.5303940483093261,11.21789508340782,4.728106693508144,S1_SAR,,0
Tawalanhalmillewa Wewa,2022-12-12,2022,12,0.4303196868896484,11.21789508340782,3.836010977907311,S1_SAR,,0
Tawalanhalmillewa Wewa,2022-12-24,2022,12,0.4503345649719238,11.21789508340782,4.014430172715783,S1_SAR,,0
Tawalanhalmillewa Wewa,2023-01-05,2023,1,0.590438638305664,11.21789508340782,5.263363883470178,S1_SAR,,0
Tawalanhalmillewa Wewa,2023-01-17,2023,1,0.5404014572143555,11.21789508340782,4.817316022269216,S1_SAR,,0
Tawalanhalmillewa Wewa,2023-01-29,2023,1,0.4803568634033203,11.21789508340782,4.282058798301716,S1_SAR,,0
Tawalanhalmillewa Wewa,2023-02-10,2023,2,0.5904386299133301,11.21789508340782,5.263363808658158,S1_SAR,,0
Tawalanhalmillewa Wewa,2023-02-22,2023,2,0.5904386238098145,11.21789508340782,5.263363754249416,S1_SAR,,0
Tawalanhalmillewa Wewa,2023-03-06,2023,3,0.4903643096923828,11.21789508340782,4.371268460316335,S1_SAR,,0
Tawalanhalmillewa Wewa,2023-03-18,2023,3,0.6704981163024902,11.21789508340782,5.977040356654891,S1_SAR,,0
Tawalanhalmillewa Wewa,2023-03-30,2023,3,0.3602676277160644,11.21789508340782,3.211543921897876,S1_SAR,,0
Tawalanhalmillewa Wewa,2023-04-11,2023,4,0.4203122482299805,11.21789508340782,3.746801383903621,S1_SAR,,0
Tawalanhalmillewa Wewa,2023-04-23,2023,4,0.4503345405578613,11.21789508340782,4.014429955080813,S1_SAR,,0
Tawalanhalmillewa Wewa,2023-05-05,2023,5,0.1501115142822265,11.21789508340782,1.3381433251613637,S1_SAR,,0
Tawalanhalmillewa Wewa,2023-05-17,2023,5,0.4103048446655273,11.21789508340782,3.6575921027502,S1_SAR,,0
Tawalanhalmillewa Wewa,2023-05-29,2023,5,0.5103791770935059,11.21789508340782,4.549687559909508,S1_SAR,,0
Tawalanhalmillewa Wewa,2023-06-10,2023,6,0.3102304748535156,11.21789508340782,2.765496312337345,S1_SAR,,0
Tawalanhalmillewa Wewa,2023-06-22,2023,6,0.5303940483093261,11.21789508340782,4.728106693508144,S1_SAR,,0
Tawalanhalmillewa Wewa,2023-07-04,2023,7,0.2301709915161132,11.21789508340782,2.0518197915449834,S1_SAR,,0
Tawalanhalmillewa Wewa,2023-07-16,2023,7,0.2401784362792969,11.21789508340782,2.1410294399574155,S1_SAR,,0
Tawalanhalmillewa Wewa,2023-07-28,2023,7,0.3402527694702148,11.21789508340782,3.033124903917816,S1_SAR,,0
Tawalanhalmillewa Wewa,2023-08-09,2023,8,0.2201635581970215,11.21789508340782,1.962610245148944,S1_SAR,,0
Tawalanhalmillewa Wewa,2023-09-02,2023,9,0.0,11.21789508340782,0.0,S1_SAR,,0
Tawalanhalmillewa Wewa,2023-09-14,2023,9,0.0,11.21789508340782,0.0,S1_SAR,,0
Tawalanhalmillewa Wewa,2023-09-26,2023,9,0.0,11.21789508340782,0.0,S1_SAR,,0
Tawalanhalmillewa Wewa,2023-10-08,2023,10,0.0,11.21789508340782,0.0,S1_SAR,,0
Tawalanhalmillewa Wewa,2023-10-20,2023,10,0.0,11.21789508340782,0.0,S1_SAR,,0
Tawalanhalmillewa Wewa,2023-11-01,2023,11,0.0900669128417968,11.21789508340782,0.802886033182938,S1_SAR,,0
Tawalanhalmillewa Wewa,2023-11-13,2023,11,0.7905873512268067,11.21789508340782,7.04755522625764,S1_SAR,,0
Tawalanhalmillewa Wewa,2023-11-25,2023,11,0.6204609558105468,11.21789508340782,5.5309926790834325,S1_SAR,,0
Tawalanhalmillewa Wewa,2023-12-07,2023,12,0.5604163619995117,11.21789508340782,4.995735455115935,S1_SAR,,0
Tawalanhalmillewa Wewa,2023-12-19,2023,12,0.5804312225341797,11.21789508340782,5.174154493499272,S1_SAR,,0
Tawalanhalmillewa Wewa,2023-12-31,2023,12,0.6805055732727051,11.21789508340782,6.066250113884808,S1_SAR,,0
Tawalanhalmillewa Wewa,2024-01-12,2024,1,0.5203866096496582,11.21789508340782,4.638897099504455,S1_SAR,,0
Tawalanhalmillewa Wewa,2024-01-24,2024,1,0.6104535171508789,11.21789508340782,5.441783085079743,S1_SAR,,0
Tawalanhalmillewa Wewa,2024-02-05,2024,2,0.7105278625488282,11.21789508340782,6.333878657857629,S1_SAR,,0
Tawalanhalmillewa Wewa,2024-02-17,2024,2,0.7205352867126464,11.21789508340782,6.423088122640555,S1_SAR,,0
Tawalanhalmillewa Wewa,2024-02-29,2024,2,1.0207583152770996,11.21789508340782,9.099374772963282,S1_SAR,,0
Tawalanhalmillewa Wewa,2024-03-12,2024,3,0.9707211631774902,11.21789508340782,8.653327170203847,S1_SAR,,0
Tawalanhalmillewa Wewa,2024-03-24,2024,3,0.8406244987487793,11.21789508340782,7.493602788210521,S1_SAR,,0
Tawalanhalmillewa Wewa,2024-04-05,2024,4,0.6604906867980957,11.21789508340782,5.887830844264316,S1_SAR,,0
Tawalanhalmillewa Wewa,2024-04-17,2024,4,1.0507806312561034,11.21789508340782,9.367003554974351,S1_SAR,,0
Tawalanhalmillewa Wewa,2024-04-29,2024,4,0.7405501686096191,11.21789508340782,6.60150735145449,S1_SAR,,0
Tawalanhalmillewa Wewa,2024-05-11,2024,5,0.8005947639465332,11.21789508340782,7.136764589024175,S1_SAR,,0
Tawalanhalmillewa Wewa,2024-05-23,2024,5,0.99073607711792,11.21789508340782,8.83174668466368,S1_SAR,,0
Tawalanhalmillewa Wewa,2024-06-04,2024,6,1.841368037414551,11.21789508340782,16.414559270910672,S1_SAR,,0
Tawalanhalmillewa Wewa,2024-06-16,2024,6,1.5711672653198243,11.21789508340782,14.005900872113775,S1_SAR,,0
Tawalanhalmillewa Wewa,2024-07-10,2024,7,1.1708698623657223,11.21789508340782,10.437518390571636,S1_SAR,,0
Tawalanhalmillewa Wewa,2024-07-22,2024,7,1.3710185279846192,11.21789508340782,12.221709311691349,S1_SAR,,0
Tawalanhalmillewa Wewa,2024-08-03,2024,8,1.030765783691406,11.21789508340782,9.18858463220959,S1_SAR,,0
Tawalanhalmillewa Wewa,2024-08-15,2024,8,0.8406244834899902,11.21789508340782,7.493602652188665,S1_SAR,,0
Tawalanhalmillewa Wewa,2024-08-27,2024,8,0.5203865951538086,11.21789508340782,4.638896970283692,S1_SAR,,0
Tawalanhalmillewa Wewa,2024-09-20,2024,9,0.4103047988891601,11.21789508340782,3.657591694684633,S1_SAR,,0
Tawalanhalmillewa Wewa,2024-10-02,2024,10,0.2601933097839355,11.21789508340782,2.3194485939593306,S1_SAR,,0
Tawalanhalmillewa Wewa,2024-10-14,2024,10,0.0,11.21789508340782,0.0,S1_SAR,,0
Tawalanhalmillewa Wewa,2024-10-26,2024,10,0.0,11.21789508340782,0.0,S1_SAR,,0
Tawalanhalmillewa Wewa,2024-11-07,2024,11,0.0,11.21789508340782,0.0,S1_SAR,,0
Tawalanhalmillewa Wewa,2024-11-19,2024,11,0.4803568840026855,11.21789508340782,4.282058981931223,S1_SAR,,0
Tawalanhalmillewa Wewa,2024-12-13,2024,12,1.280951545715332,11.21789508340782,11.418822659608963,S1_SAR,,0
Tawalanhalmillewa Wewa,2024-12-25,2024,12,1.0207583045959472,11.21789508340782,9.099374677747983,S1_SAR,,0
Tawalanhalmillewa Wewa,2025-01-06,2025,1,1.050780613708496,11.21789508340782,9.367003398549215,S1_SAR,,0
Tawalanhalmillewa Wewa,2025-01-18,2025,1,1.1708697799682617,11.21789508340782,10.437517656053616,S1_SAR,,0
Tawalanhalmillewa Wewa,2025-01-30,2025,1,1.1408475120544437,11.21789508340782,10.169889302511391,S1_SAR,,0
Tawalanhalmillewa Wewa,2025-02-11,2025,2,1.2309144256591795,11.21789508340782,10.972775342495424,S1_SAR,,0
Tawalanhalmillewa Wewa,2025-02-23,2025,2,1.0507806045532226,11.21789508340782,9.367003316936104,S1_SAR,,0
Tawalanhalmillewa Wewa,2025-03-07,2025,3,0.8706467758178711,11.21789508340782,7.761231223365857,S1_SAR,,0
Tawalanhalmillewa Wewa,2025-03-19,2025,3,1.0407731887817382,11.21789508340782,9.277793926965195,S1_SAR,,0
Tawalanhalmillewa Wewa,2025-03-31,2025,3,0.9406988204956056,11.21789508340782,8.38569815015453,S1_SAR,,0
Tawalanhalmillewa Wewa,2025-04-12,2025,4,0.9006690925598144,11.21789508340782,8.028860012178018,S1_SAR,,0
Tawalanhalmillewa Wewa,2025-04-24,2025,4,0.8106021713256836,11.21789508340782,7.22597390418306,S1_SAR,,0
Tawalanhalmillewa Wewa,2025-05-06,2025,5,0.9006690811157226,11.21789508340782,8.028859910161627,S1_SAR,,0
Tawalanhalmillewa Wewa,2025-05-18,2025,5,0.6304683670043946,11.21789508340782,5.620202028247783,S1_SAR,,0
Tawalanhalmillewa Wewa,2025-05-30,2025,5,0.7205352561950683,11.21789508340782,6.423087850596844,S1_SAR,,0
Tawalanhalmillewa Wewa,2025-06-11,2025,6,0.7005203994750977,11.21789508340782,6.24466884621897,S1_SAR,,0
Tawalanhalmillewa Wewa,2025-06-23,2025,6,0.6104535118103027,11.21789508340782,5.441783037472094,S1_SAR,,0
Tawalanhalmillewa Wewa,2025-07-05,2025,7,0.6404757957458496,11.21789508340782,5.709411533837265,S1_SAR,,0
Tawalanhalmillewa Wewa,2025-07-17,2025,7,0.2802081817626953,11.21789508340782,2.49786773435906,S1_SAR,,0
Tawalanhalmillewa Wewa,2025-07-29,2025,7,0.4503345512390136,11.21789508340782,4.014430050296112,S1_SAR,,0
Tawalanhalmillewa Wewa,2025-08-10,2025,8,0.0,11.21789508340782,0.0,S1_SAR,,0
Tawalanhalmillewa Wewa,2025-08-22,2025,8,0.0100074363708496,11.21789508340782,0.0892095736004112,S1_SAR,,0
Tawalanhalmillewa Wewa,2025-09-03,2025,9,0.0,11.21789508340782,0.0,S1_SAR,,0
Tawalanhalmillewa Wewa,2025-09-15,2025,9,0.0,11.21789508340782,0.0,S1_SAR,,0
Tawalanhalmillewa Wewa,2025-09-27,2025,9,0.0,11.21789508340782,0.0,S1_SAR,,0
Tawalanhalmillewa Wewa,2025-10-09,2025,10,0.0,11.21789508340782,0.0,S1_SAR,,0
Tawalanhalmillewa Wewa,2025-10-21,2025,10,2.141590943145752,11.21789508340782,19.090844826257463,S1_SAR,,0
Tawalanhalmillewa Wewa,2025-11-02,2025,11,1.851375319671631,11.21789508340782,16.50376747069034,S1_SAR,,0
Tawalanhalmillewa Wewa,2025-11-14,2025,11,1.801338222503662,11.21789508340782,16.057720357609583,S1_SAR,,0
Tawalanhalmillewa Wewa,2025-11-26,2025,11,1.7212787307739257,11.21789508340782,15.3440437620052,S1_SAR,,0
Tawalanhalmillewa Wewa,2025-12-02,2025,12,2.8120890258789064,11.21789508340782,25.06788488366427,S1_SAR,,0
Tawalanhalmillewa Wewa,2025-12-08,2025,12,1.88139762878418,11.21789508340782,16.771396191491576,S1_SAR,,0
Tawalanhalmillewa Wewa,2025-12-20,2025,12,1.7813233070373535,11.21789508340782,15.879300829547564,S1_SAR,,0
Tirappane Wewa,2021-01-03,2021,1,6.594820121002197,52.50410799926025,12.56057929999518,S1_SAR_fallback,,0
Tirappane Wewa,2021-01-15,2021,1,4.663407987213135,52.50410799926025,8.881986886204865,S1_SAR_fallback,,0
Tirappane Wewa,2021-01-27,2021,1,3.235874252810011,52.50410799926025,6.163087758496159,S2_MNDWI,2021-01-25,2
Tirappane Wewa,2021-02-08,2021,2,1.9569248954772949,52.50410799926025,3.727184348136848,S2_MNDWI,2021-02-09,1
Tirappane Wewa,2021-02-20,2021,2,6.5347741432189945,52.50410799926025,12.446214957715434,S1_SAR_fallback,,0
Tirappane Wewa,2021-03-04,2021,3,3.618829792785645,52.50410799926025,6.892469809860652,S2_MNDWI,2021-03-01,3
Tirappane Wewa,2021-03-16,2021,3,6.955081476593017,52.50410799926025,13.246737715629816,S1_SAR_fallback,,0
Tirappane Wewa,2021-03-28,2021,3,3.070245344160492,52.50410799926025,5.847628806880691,S2_MNDWI,2021-03-31,3
Tirappane Wewa,2021-04-09,2021,4,4.6934287727355954,52.50410799926025,8.939164860779508,S1_SAR_fallback,,0
Tirappane Wewa,2021-04-21,2021,4,5.6641377975463865,52.50410799926025,10.787989765726886,S1_SAR_fallback,,0
Tirappane Wewa,2021-05-03,2021,5,4.353179920196533,52.50410799926025,8.291122516085535,S1_SAR_fallback,,0
Tirappane Wewa,2021-05-15,2021,5,6.86501485824585,52.50410799926025,13.07519567486524,S1_SAR_fallback,,0
Tirappane Wewa,2021-05-27,2021,5,8.896499049377441,52.50410799926025,16.944386617334377,S1_SAR_fallback,,0
Tirappane Wewa,2021-06-08,2021,6,9.4268870262146,52.50410799926025,17.954570385897078,S1_SAR_fallback,,0
Tirappane Wewa,2021-06-14,2021,6,9.687076982879638,52.50410799926025,18.4501315268819,S1_SAR_fallback,,0
Tirappane Wewa,2021-06-20,2021,6,5.696909769837623,52.50410799926025,10.850407686038372,S2_MNDWI,2021-06-19,1
Tirappane Wewa,2021-07-02,2021,7,10.367574285125732,52.50410799926025,19.74621544903077,S1_SAR_fallback,,0
Tirappane Wewa,2021-07-14,2021,7,11.69854676437378,52.50410799926025,22.281202767102727,S1_SAR_fallback,,0
Tirappane Wewa,2021-07-26,2021,7,12.57919051513672,52.50410799926025,23.95848819165532,S1_SAR_fallback,,0
Tirappane Wewa,2021-08-07,2021,8,12.419073531341551,52.50410799926025,23.65352732307447,S1_SAR_fallback,,0
Tirappane Wewa,2021-08-19,2021,8,12.088832164764405,52.50410799926025,23.02454536497359,S1_SAR_fallback,,0
Tirappane Wewa,2021-08-31,2021,8,10.92798415374756,52.50410799926025,20.81357929916937,S1_SAR_fallback,,0
Tirappane Wewa,2021-09-12,2021,9,9.376851010894775,52.50410799926025,17.859271146986995,S1_SAR_fallback,,0
Tirappane Wewa,2021-09-24,2021,9,7.885761784362793,52.50410799926025,15.01932341079654,S1_SAR_fallback,,0
Tirappane Wewa,2021-10-06,2021,10,7.0151256980896,52.50410799926025,13.361098712863456,S1_SAR_fallback,,0
Tirappane Wewa,2021-10-18,2021,10,6.184518796539306,52.50410799926025,11.77911411546396,S1_SAR_fallback,,0
Tirappane Wewa,2021-10-30,2021,10,8.936530646514893,52.50410799926025,17.020631312583774,S1_SAR_fallback,,0
Tirappane Wewa,2021-11-17,2021,11,23.80268987236472,52.50410799926025,45.33490955164894,S1_SAR_fallback,,0
Tirappane Wewa,2021-11-23,2021,11,25.39595889974257,52.50410799926025,48.369470251928455,S2_MNDWI,2021-11-21,2
Tirappane Wewa,2021-12-05,2021,12,14.553656897995891,52.50410799926025,27.719082282477675,S1_SAR_fallback,,0
Tirappane Wewa,2021-12-17,2021,12,15.504351664362888,52.50410799926025,29.529787773142125,S1_SAR_fallback,,0
Tirappane Wewa,2021-12-29,2021,12,14.559504361105526,52.50410799926025,27.73021943599282,S1_SAR_fallback,,0
Tirappane Wewa,2022-01-10,2022,1,13.941248763131531,52.50410799926025,26.55268186506084,S1_SAR_fallback,,0
Tirappane Wewa,2022-01-22,2022,1,18.253784449271404,52.50410799926025,34.76639284973395,S2_MNDWI,2022-01-20,2
Tirappane Wewa,2022-02-03,2022,2,17.238869963223323,52.50410799926025,32.83337365424094,S2_MNDWI,2022-02-04,1
Tirappane Wewa,2022-02-15,2022,2,17.842372609839348,52.50410799926025,33.982812564096385,S1_SAR_fallback,,0
Tirappane Wewa,2022-02-27,2022,2,17.864702705338424,52.50410799926025,34.025342751447425,S1_SAR_fallback,,0
Tirappane Wewa,2022-03-11,2022,3,16.139677458394367,52.50410799926025,30.739837459236075,S1_SAR_fallback,,0
Tirappane Wewa,2022-03-23,2022,3,34.085506006149586,52.50410799926025,64.9196935345132,S2_MNDWI,2022-03-21,2
Tirappane Wewa,2022-04-04,2022,4,16.93896670479269,52.50410799926025,32.262174047469486,S1_SAR_fallback,,0
Tirappane Wewa,2022-04-16,2022,4,17.367671777328784,52.50410799926025,33.07869124749912,S1_SAR_fallback,,0
Tirappane Wewa,2022-04-28,2022,4,15.187254494554104,52.50410799926025,28.925840421416325,S1_SAR_fallback,,0
Tirappane Wewa,2022-05-10,2022,5,12.934784933767878,52.50410799926025,24.635757899077383,S1_SAR_fallback,,0
Tirappane Wewa,2022-05-22,2022,5,11.929776286597155,52.50410799926025,22.72160549183169,S1_SAR_fallback,,0
Tirappane Wewa,2022-06-03,2022,6,12.898837306467687,52.50410799926025,24.567291585354475,S1_SAR_fallback,,0
Tirappane Wewa,2022-06-15,2022,6,13.130064876556396,52.50410799926025,25.00769059202261,S1_SAR_fallback,,0
Tirappane Wewa,2022-06-27,2022,6,8.862407594463873,52.50410799926025,16.879455593434212,S2_MNDWI,2022-06-29,2
Tirappane Wewa,2022-07-09,2022,7,12.693902973516126,52.50410799926025,24.17697101662021,S1_SAR_fallback,,0
Tirappane Wewa,2022-07-21,2022,7,12.81654124627805,52.50410799926025,24.41054944968997,S1_SAR_fallback,,0
Tirappane Wewa,2022-08-02,2022,8,10.424165646224678,52.50410799926025,19.854000083901145,S1_SAR_fallback,,0
Tirappane Wewa,2022-08-14,2022,8,12.101194923622282,52.50410799926025,23.048091634644628,S1_SAR_fallback,,0
Tirappane Wewa,2022-08-26,2022,8,11.797797020266664,52.50410799926025,22.470236082161204,S1_SAR_fallback,,0
Tirappane Wewa,2022-09-07,2022,9,10.538955378905651,52.50410799926025,20.07263008649559,S1_SAR_fallback,,0
Tirappane Wewa,2022-09-19,2022,9,10.6051216532868,52.50410799926025,20.19865122446461,S1_SAR_fallback,,0
Tirappane Wewa,2022-10-01,2022,10,8.706243327196907,52.50410799926025,16.58202311963775,S1_SAR_fallback,,0
Tirappane Wewa,2022-10-13,2022,10,9.116660327911378,52.50410799926025,17.36370862264687,S1_SAR_fallback,,0
Tirappane Wewa,2022-10-25,2022,10,9.440386058044432,52.50410799926025,17.980280815698162,S2_MNDWI,2022-10-27,2
Tirappane Wewa,2022-11-06,2022,11,14.05026480178833,52.50410799926025,26.76031521568996,S1_SAR_fallback,,0
Tirappane Wewa,2022-11-18,2022,11,15.307498188323976,52.50410799926025,29.15485810851153,S1_SAR_fallback,,0
Tirappane Wewa,2022-11-30,2022,11,14.620681826019288,52.50410799926025,27.84673882322748,S1_SAR_fallback,,0
Tirappane Wewa,2022-12-12,2022,12,15.50132508392334,52.50410799926025,29.524023309074675,S1_SAR_fallback,,0
Tirappane Wewa,2022-12-24,2022,12,20.34321710746616,52.50410799926025,38.74595318856341,S1_SAR_fallback,,0
Tirappane Wewa,2023-01-05,2023,1,18.90616776123346,52.50410799926025,36.00893050406615,S1_SAR_fallback,,0
Tirappane Wewa,2023-01-17,2023,1,17.30633161923876,52.50410799926025,32.96186199274654,S1_SAR_fallback,,0
Tirappane Wewa,2023-01-29,2023,1,15.773367850168263,52.50410799926025,30.04215946377092,S1_SAR_fallback,,0
Tirappane Wewa,2023-02-10,2023,2,13.579216017052149,52.50410799926025,25.863149636297926,S1_SAR_fallback,,0
Tirappane Wewa,2023-02-22,2023,2,12.989491020965575,52.50410799926025,24.73995181700561,S1_SAR_fallback,,0
Tirappane Wewa,2023-03-06,2023,3,12.359030358886718,52.50410799926025,23.53916832385925,S1_SAR_fallback,,0
Tirappane Wewa,2023-03-18,2023,3,11.345701396005667,52.50410799926025,21.609168936201183,S1_SAR_fallback,,0
Tirappane Wewa,2023-03-30,2023,3,9.136675038909912,52.50410799926025,17.401828898871386,S1_SAR_fallback,,0
Tirappane Wewa,2023-04-11,2023,4,8.62630233001709,52.50410799926025,16.429766467299338,S1_SAR_fallback,,0
Tirappane Wewa,2023-04-23,2023,4,8.426155918121339,52.50410799926025,16.04856503464464,S1_SAR_fallback,,0
Tirappane Wewa,2023-05-05,2023,5,7.735651488494873,52.50410799926025,14.733421408861693,S1_SAR_fallback,,0
Tirappane Wewa,2023-05-17,2023,5,7.635578534698486,52.50410799926025,14.542821172785311,S1_SAR_fallback,,0
Tirappane Wewa,2023-05-29,2023,5,7.805702702331543,52.50410799926025,14.86684185252994,S1_SAR_fallback,,0
Tirappane Wewa,2023-06-10,2023,6,7.585149310332653,52.50410799926025,14.446773022864273,S1_SAR_fallback,,0
Tirappane Wewa,2023-06-22,2023,6,8.526228985595703,52.50410799926025,16.239165487233556,S1_SAR_fallback,,0
Tirappane Wewa,2023-07-04,2023,7,7.905775860595703,52.50410799926025,15.057442478038272,S1_SAR_fallback,,0
Tirappane Wewa,2023-07-16,2023,7,9.146682653045657,52.50410799926025,17.420889529586,S1_SAR_fallback,,0
Tirappane Wewa,2023-07-28,2023,7,3.73682043838501,52.50410799926025,7.117196312405992,S2_MNDWI,2023-07-29,1
Tirappane Wewa,2023-08-09,2023,8,9.316806439208984,52.50410799926025,17.744909482778475,S1_SAR_fallback,,0
Tirappane Wewa,2023-09-02,2023,9,9.11673869003894,52.50410799926025,17.363857872163813,S1_SAR_fallback,,0
Tirappane Wewa,2023-09-14,2023,9,8.135943634033204,52.50410799926025,15.495822982361371,S1_SAR_fallback,,0
Tirappane Wewa,2023-09-26,2023,9,8.933467369689943,52.50410799926025,17.01479695610829,S1_SAR_fallback,,0
Tirappane Wewa,2023-10-08,2023,10,9.466209400078268,52.50410799926025,18.02946428536914,S1_SAR_fallback,,0
Tirappane Wewa,2023-10-20,2023,10,17.562831475830077,52.50410799926025,33.450394921626945,S1_SAR_fallback,,0
Tirappane Wewa,2023-11-01,2023,11,14.890880473327636,52.50410799926025,28.36136264525709,S1_SAR_fallback,,0
Tirappane Wewa,2023-11-13,2023,11,23.146914807891847,52.50410799926025,44.08591192182138,S1_SAR_fallback,,0
Tirappane Wewa,2023-11-25,2023,11,17.572842043304444,52.50410799926025,33.469461177308325,S1_SAR_fallback,,0
Tirappane Wewa,2023-12-07,2023,12,15.6914671333313,52.50410799926025,29.88617030414531,S1_SAR_fallback,,0
Tirappane Wewa,2023-12-19,2023,12,16.29190555267334,52.50410799926025,31.02977304728781,S1_SAR_fallback,,0
Tirappane Wewa,2023-12-31,2023,12,14.620684104156494,52.50410799926025,27.84674316219693,S1_SAR_fallback,,0
Tirappane Wewa,2024-01-12,2024,1,15.581385919189453,52.50410799926025,29.67650820657497,S1_SAR_fallback,,0
Tirappane Wewa,2024-01-24,2024,1,16.147687109330118,52.50410799926025,30.75509274351948,S2_MNDWI,2024-01-25,1
Tirappane Wewa,2024-02-05,2024,2,12.17889977722168,52.50410799926025,23.19608929913308,S1_SAR_fallback,,0
Tirappane Wewa,2024-02-17,2024,2,11.228205234527588,52.50410799926025,21.38538423447892,S1_SAR_fallback,,0
Tirappane Wewa,2024-02-29,2024,2,10.707824996948242,52.50410799926025,20.39426133493994,S1_SAR_fallback,,0
Tirappane Wewa,2024-03-12,2024,3,14.070124988041297,52.50410799926025,26.79814118209481,S2_MNDWI,2024-03-10,2
Tirappane Wewa,2024-03-24,2024,3,8.94653818206787,52.50410799926025,17.03969179362865,S1_SAR_fallback,,0
Tirappane Wewa,2024-04-05,2024,4,7.655594706726074,52.50410799926025,14.580944231704567,S1_SAR_fallback,,0
Tirappane Wewa,2024-04-17,2024,4,5.894307402038574,52.50410799926025,11.226373757500312,S1_SAR_fallback,,0
Tirappane Wewa,2024-04-29,2024,4,5.544051397705078,52.50410799926025,10.559271662672929,S1_SAR_fallback,,0
Tirappane Wewa,2024-05-11,2024,5,4.973634418487549,52.50410799926025,9.472848140868567,S1_SAR_fallback,,0
Tirappane Wewa,2024-05-23,2024,5,5.433971481323242,52.50410799926025,10.34961203683301,S1_SAR_fallback,,0
Tirappane Wewa,2024-06-04,2024,6,6.554790049743652,52.50410799926025,12.48433751095439,S1_SAR_fallback,,0
Tirappane Wewa,2024-06-16,2024,6,5.6241098976135255,52.50410799926025,10.711752112220944,S1_SAR_fallback,,0
Tirappane Wewa,2024-07-10,2024,7,3.732727392578125,52.50410799926025,7.109400644670921,S1_SAR_fallback,,0
Tirappane Wewa,2024-07-22,2024,7,4.6934288833618165,52.50410799926025,8.939165071479634,S1_SAR_fallback,,0
Tirappane Wewa,2024-08-03,2024,8,5.253838055419922,52.50410799926025,10.00652759493399,S1_SAR_fallback,,0
Tirappane Wewa,2024-08-15,2024,8,7.395402783203125,52.50410799926025,14.085379344616848,S1_SAR_fallback,,0
Tirappane Wewa,2024-08-27,2024,8,5.794232552337647,52.50410799926025,11.035769910459738,S1_SAR_fallback,,0
Tirappane Wewa,2024-09-20,2024,9,7.405409658813476,52.50410799926025,14.104438568726495,S1_SAR_fallback,,0
Tirappane Wewa,2024-10-02,2024,10,1.986426819610596,52.50410799926025,3.7833740926302055,S2_MNDWI,2024-10-01,1
Tirappane Wewa,2024-10-14,2024,10,9.356835652923584,52.50410799926025,17.821149638530027,S1_SAR_fallback,,0
Tirappane Wewa,2024-10-26,2024,10,10.157420164489746,52.50410799926025,19.34595320547653,S1_SAR_fallback,,0
Tirappane Wewa,2024-11-07,2024,11,9.406872276306151,52.50410799926025,17.916450035564246,S1_SAR_fallback,,0
Tirappane Wewa,2024-11-19,2024,11,17.002424374389648,52.50410799926025,32.38303634189767,S1_SAR_fallback,,0
Tirappane Wewa,2024-12-13,2024,12,16.091759895324707,52.50410799926025,30.648573051753264,S1_SAR_fallback,,0
Tirappane Wewa,2024-12-25,2024,12,17.95311724243164,52.50410799926025,34.19373821698788,S1_SAR_fallback,,0
Tirappane Wewa,2025-01-06,2025,1,19.65436264419556,52.50410799926025,37.43395210994248,S1_SAR_fallback,,0
Tirappane Wewa,2025-01-18,2025,1,24.4078354347229,52.50410799926025,46.487477579976776,S1_SAR_fallback,,0
Tirappane Wewa,2025-01-30,2025,1,24.89819364318848,52.50410799926025,47.4214201363811,S1_SAR_fallback,,0
Tirappane Wewa,2025-02-11,2025,2,24.778105987548827,52.50410799926025,47.19269964151745,S1_SAR_fallback,,0
Tirappane Wewa,2025-02-23,2025,2,25.05831091918945,52.50410799926025,47.72638156150088,S1_SAR_fallback,,0
Tirappane Wewa,2025-03-07,2025,3,24.277060807686595,52.50410799926025,46.23840254181377,S2_MNDWI,2025-03-05,2
Tirappane Wewa,2025-03-19,2025,3,24.547937857818603,52.50410799926025,46.754318458594646,S1_SAR_fallback,,0
Tirappane Wewa,2025-03-31,2025,3,23.907469677734376,52.50410799926025,45.534474517824805,S1_SAR_fallback,,0
Tirappane Wewa,2025-04-12,2025,4,23.016817136383057,52.50410799926025,43.83812622187077,S1_SAR_fallback,,0
Tirappane Wewa,2025-04-24,2025,4,23.867438474273683,52.50410799926025,45.45823057237723,S1_SAR_fallback,,0
Tirappane Wewa,2025-05-06,2025,5,18.16327305603028,52.50410799926025,34.59400368498058,S1_SAR_fallback,,0
Tirappane Wewa,2025-05-18,2025,5,22.306296843719483,52.50410799926025,42.484860125675816,S1_SAR_fallback,,0
Tirappane Wewa,2025-05-30,2025,5,25.268462265777583,52.50410799926025,48.12663852156789,S1_SAR_fallback,,0
Tirappane Wewa,2025-06-11,2025,6,26.8796395614624,52.50410799926025,51.1953075402045,S1_SAR_fallback,,0
Tirappane Wewa,2025-06-23,2025,6,27.359990658569338,52.50410799926025,52.110190423489954,S1_SAR_fallback,,0
Tirappane Wewa,2025-07-05,2025,7,27.830334142303467,52.50410799926025,53.00601267751388,S1_SAR_fallback,,0
Tirappane Wewa,2025-07-17,2025,7,27.98044386444092,52.50410799926025,53.29191358671429,S1_SAR_fallback,,0
Tirappane Wewa,2025-07-29,2025,7,14.70150285949707,52.50410799926025,28.00067160402802,S2_MNDWI,2025-07-28,1
Tirappane Wewa,2025-08-10,2025,8,24.547934559631347,52.50410799926025,46.75431217682474,S1_SAR_fallback,,0
Tirappane Wewa,2025-08-22,2025,8,20.48108763111788,52.50410799926025,39.00854316276822,S2_MNDWI,2025-08-22,0
Tirappane Wewa,2025-09-03,2025,9,20.52499475250244,52.50410799926025,39.09216923138971,S1_SAR_fallback,,0
Tirappane Wewa,2025-09-15,2025,9,18.04318139648437,52.50410799926025,34.36527556422555,S1_SAR_fallback,,0
Tirappane Wewa,2025-09-27,2025,9,12.859393811798096,52.50410799926025,24.49216699763621,S1_SAR_fallback,,0
Tirappane Wewa,2025-10-09,2025,10,11.918706436157226,52.50410799926025,22.70052171217756,S1_SAR_fallback,,0
Tirappane Wewa,2025-10-21,2025,10,29.3814681640625,52.50410799926025,55.96032250367241,S1_SAR_fallback,,0
Tirappane Wewa,2025-11-02,2025,11,33.82392683099185,52.50410799926025,64.42148647010328,S2_MNDWI,2025-10-31,2
Tirappane Wewa,2025-11-14,2025,11,29.16126808899524,52.50410799926025,55.54092660598311,S1_SAR_fallback,,0
Tirappane Wewa,2025-11-26,2025,11,30.0619660232544,52.50410799926025,57.25640748658744,S1_SAR_fallback,,0
Tirappane Wewa,2025-12-02,2025,12,31.697161136980245,52.50410799926025,60.37082115065518,S1_SAR_fallback,,0
Tirappane Wewa,2025-12-08,2025,12,28.835775518529555,52.50410799926025,54.92098926608912,S1_SAR_fallback,,0
Tirappane Wewa,2025-12-20,2025,12,27.4000202545166,52.50410799926025,52.18643130724677,S1_SAR_fallback,,0
Todamaduwa Wewa,2021-01-03,2021,1,15.211187856292725,58.83226056448622,25.85518168151927,S1_SAR_fallback,,0
Todamaduwa Wewa,2021-01-15,2021,1,15.241209173583984,58.83226056448622,25.906210346750232,S1_SAR_fallback,,0
Todamaduwa Wewa,2021-01-27,2021,1,16.12542602030137,58.83226056448622,27.409155904567427,S2_MNDWI,2021-01-25,2
Todamaduwa Wewa,2021-02-08,2021,2,18.933076444043927,58.83226056448622,32.18145327475786,S2_MNDWI,2021-02-09,1
Todamaduwa Wewa,2021-02-20,2021,2,15.43134824142456,58.83226056448622,26.229398791348856,S1_SAR_fallback,,0
Todamaduwa Wewa,2021-03-04,2021,3,15.004391387427834,58.83226056448622,25.503679857722744,S2_MNDWI,2021-03-01,3
Todamaduwa Wewa,2021-03-16,2021,3,14.040324990844727,58.83226056448622,23.8650102106056,S1_SAR_fallback,,0
Todamaduwa Wewa,2021-03-28,2021,3,8.201182803344727,58.83226056448622,13.93994166577262,S2_MNDWI,2021-03-31,3
Todamaduwa Wewa,2021-04-09,2021,4,10.147461940002442,58.83226056448622,17.24812516574946,S1_SAR_fallback,,0
Todamaduwa Wewa,2021-04-21,2021,4,11.828698249816895,58.83226056448622,20.10580272850713,S1_SAR_fallback,,0
Todamaduwa Wewa,2021-05-03,2021,5,4.503311318969726,58.83226056448622,7.654493088929726,S1_SAR_fallback,,0
Todamaduwa Wewa,2021-05-15,2021,5,3.762766757965088,58.83226056448622,6.395754169331481,S1_SAR_fallback,,0
Todamaduwa Wewa,2021-05-27,2021,5,2.7320087478637696,58.83226056448622,4.6437256050516815,S1_SAR_fallback,,0
Todamaduwa Wewa,2021-06-08,2021,6,4.433259613800049,58.83226056448622,7.535422863686734,S1_SAR_fallback,,0
Todamaduwa Wewa,2021-06-14,2021,6,3.332450274658203,58.83226056448622,5.664324713488604,S1_SAR_fallback,,0
Todamaduwa Wewa,2021-06-20,2021,6,5.249821238639681,58.83226056448622,8.923371613241574,S2_MNDWI,2021-06-19,1
Todamaduwa Wewa,2021-07-02,2021,7,3.3924943321228027,58.83226056448622,5.766384462491084,S1_SAR_fallback,,0
Todamaduwa Wewa,2021-07-14,2021,7,3.8928624252319337,58.83226056448622,6.616883981476379,S1_SAR_fallback,,0
Todamaduwa Wewa,2021-07-26,2021,7,0.2802061172485351,58.83226056448622,0.4762797053181398,S1_SAR_fallback,,0
Todamaduwa Wewa,2021-08-07,2021,8,0.1801325889587402,58.83226056448622,0.3061799550627437,S1_SAR_fallback,,0
Todamaduwa Wewa,2021-08-19,2021,8,0.1100809921264648,58.83226056448622,0.1871099139660029,S1_SAR_fallback,,0
Todamaduwa Wewa,2021-08-31,2021,8,0.0400294555664062,58.83226056448622,0.0680399753168244,S1_SAR_fallback,,0
Todamaduwa Wewa,2021-09-12,2021,9,0.1901399047851562,58.83226056448622,0.3231898671932609,S1_SAR_fallback,,0
Todamaduwa Wewa,2021-09-24,2021,9,0.5804269927978516,58.83226056448622,0.9865794501668754,S1_SAR_fallback,,0
Todamaduwa Wewa,2021-10-06,2021,10,0.1100809700012207,58.83226056448622,0.1871098763586699,S1_SAR_fallback,,0
Todamaduwa Wewa,2021-10-18,2021,10,0.0400294448852539,58.83226056448622,0.0680399571615602,S1_SAR_fallback,,0
Todamaduwa Wewa,2021-10-30,2021,10,24.76821457901001,58.83226056448622,42.09971594047708,S1_SAR_fallback,,0
Todamaduwa Wewa,2021-11-17,2021,11,37.4137122721773,58.83226056448622,63.59387165000743,S1_SAR_fallback,,0
Todamaduwa Wewa,2021-11-23,2021,11,27.426771695819934,58.83226056448622,46.61859230405972,S2_MNDWI,2021-11-21,2
Todamaduwa Wewa,2021-12-05,2021,12,17.212657403564453,58.83226056448622,29.25717495539307,S1_SAR_fallback,,0
Todamaduwa Wewa,2021-12-17,2021,12,16.322001943206786,58.83226056448622,27.74328537880368,S1_SAR_fallback,,0
Todamaduwa Wewa,2021-12-29,2021,12,15.05106753540039,58.83226056448622,25.58301753321695,S1_SAR_fallback,,0
Todamaduwa Wewa,2022-01-10,2022,1,14.090361254119872,58.83226056448622,23.950059234381087,S1_SAR_fallback,,0
Todamaduwa Wewa,2022-01-22,2022,1,13.409860832214356,58.83226056448622,22.79338020254341,S1_SAR_fallback,,0
Todamaduwa Wewa,2022-02-03,2022,2,9.520073788730397,58.83226056448622,16.18172359414171,S2_MNDWI,2022-02-04,1
Todamaduwa Wewa,2022-02-15,2022,2,11.43841090774536,58.83226056448622,19.44241271369759,S1_SAR_fallback,,0
Todamaduwa Wewa,2022-02-27,2022,2,9.036644467926026,58.83226056448622,15.3600157145431,S1_SAR_fallback,,0
Todamaduwa Wewa,2022-03-11,2022,3,8.246063203430175,58.83226056448622,14.01622702291312,S1_SAR_fallback,,0
Todamaduwa Wewa,2022-03-23,2022,3,43.5843251052677,58.83226056448622,74.08235666466494,S2_MNDWI,2022-03-21,2
Todamaduwa Wewa,2022-04-04,2022,4,7.365415827941894,58.83226056448622,12.51934866563327,S1_SAR_fallback,,0
Todamaduwa Wewa,2022-04-16,2022,4,7.965857215881348,58.83226056448622,13.53994753805176,S1_SAR_fallback,,0
Todamaduwa Wewa,2022-04-28,2022,4,3.882854949951172,58.83226056448622,6.599873798313705,S1_SAR_fallback,,0
Todamaduwa Wewa,2022-05-10,2022,5,2.121560176849365,58.83226056448622,3.6061170461466734,S1_SAR_fallback,,0
Todamaduwa Wewa,2022-05-22,2022,5,1.1408391693115234,58.83226056448622,1.939138762246006,S1_SAR_fallback,,0
Todamaduwa Wewa,2022-06-03,2022,6,1.891390774536133,58.83226056448622,3.214887132312337,S1_SAR_fallback,,0
Todamaduwa Wewa,2022-06-15,2022,6,1.771302749633789,58.83226056448622,3.010767787330318,S1_SAR_fallback,,0
Todamaduwa Wewa,2022-06-27,2022,6,2.390209475148519,58.83226056448622,4.062753074953839,S2_MNDWI,2022-06-29,2
Todamaduwa Wewa,2022-07-09,2022,7,3.1222959358215334,58.83226056448622,5.307115357906697,S1_SAR_fallback,,0
Todamaduwa Wewa,2022-07-21,2022,7,5.393966311645507,58.83226056448622,9.168381870577903,S1_SAR_fallback,,0
Todamaduwa Wewa,2022-08-02,2022,8,4.483296669006347,58.83226056448622,7.620473233545382,S1_SAR_fallback,,0
Todamaduwa Wewa,2022-08-14,2022,8,6.084474507141113,58.83226056448622,10.342071592628848,S1_SAR_fallback,,0
Todamaduwa Wewa,2022-08-26,2022,8,6.564827905273438,58.83226056448622,11.158551179718328,S1_SAR_fallback,,0
Todamaduwa Wewa,2022-09-07,2022,9,6.594849759674072,58.83226056448622,11.20958075789972,S1_SAR_fallback,,0
Todamaduwa Wewa,2022-09-19,2022,9,7.515527043914795,58.83226056448622,12.774499860798317,S1_SAR_fallback,,0
Todamaduwa Wewa,2022-10-01,2022,10,6.304636206817627,58.83226056448622,10.716290936852744,S1_SAR_fallback,,0
Todamaduwa Wewa,2022-10-13,2022,10,8.59632184677124,58.83226056448622,14.611578348835986,S1_SAR_fallback,,0
Todamaduwa Wewa,2022-10-25,2022,10,9.990901873016355,58.83226056448622,16.982012550861104,S2_MNDWI,2022-10-27,2
Todamaduwa Wewa,2022-11-06,2022,11,7.70566658706665,58.83226056448622,13.097689113306204,S1_SAR_fallback,,0
Todamaduwa Wewa,2022-11-18,2022,11,6.464753913879394,58.83226056448622,10.988450642302547,S1_SAR_fallback,,0
Todamaduwa Wewa,2022-11-30,2022,11,4.403237894439697,58.83226056448622,7.484393515039754,S1_SAR_fallback,,0
Todamaduwa Wewa,2022-12-12,2022,12,4.913613234710693,58.83226056448622,8.351902829443155,S1_SAR_fallback,,0
Todamaduwa Wewa,2022-12-24,2022,12,6.834242355355656,58.83226056448622,11.616487773514368,S1_SAR_fallback,,0
Todamaduwa Wewa,2023-01-05,2023,1,1.711258479309082,58.83226056448622,2.9087076765193585,S1_SAR_fallback,,0
Todamaduwa Wewa,2023-01-17,2023,1,2.3417218688964843,58.83226056448622,3.9803363774025233,S1_SAR_fallback,,0
Todamaduwa Wewa,2023-01-29,2023,1,1.9414279136657715,58.83226056448622,3.299937644819489,S1_SAR_fallback,,0
Todamaduwa Wewa,2023-02-10,2023,2,1.9013983306884763,58.83226056448622,3.2318974529362983,S1_SAR_fallback,,0
Todamaduwa Wewa,2023-02-22,2023,2,1.9814572921752929,58.83226056448622,3.36797748915905,S1_SAR_fallback,,0
Todamaduwa Wewa,2023-03-06,2023,3,1.8313468627929688,58.83226056448622,3.112827630999533,S1_SAR_fallback,,0
Todamaduwa Wewa,2023-03-18,2023,3,1.8713763427734376,58.83226056448622,3.180867647814104,S1_SAR_fallback,,0
Todamaduwa Wewa,2023-03-30,2023,3,0.8406182395935059,58.83226056448622,1.4288389253241454,S1_SAR_fallback,,0
Todamaduwa Wewa,2023-04-11,2023,4,2.281678875732422,58.83226056448622,3.8782784374424417,S1_SAR_fallback,,0
Todamaduwa Wewa,2023-04-23,2023,4,3.5025761657714845,58.83226056448622,5.953495806832546,S1_SAR_fallback,,0
Todamaduwa Wewa,2023-05-05,2023,5,8.416189234924316,58.83226056448622,14.305398354869103,S1_SAR_fallback,,0
Todamaduwa Wewa,2023-05-17,2023,5,11.068139912414551,58.83226056448622,18.81304543836579,S1_SAR_fallback,,0
Todamaduwa Wewa,2023-05-29,2023,5,11.358353338623049,58.83226056448622,19.306335044143207,S1_SAR_fallback,,0
Todamaduwa Wewa,2023-06-10,2023,6,11.248272595977785,58.83226056448622,19.1192255542323,S1_SAR_fallback,,0
Todamaduwa Wewa,2023-06-22,2023,6,12.309052433776856,58.83226056448622,20.92228365130533,S1_SAR_fallback,,0
Todamaduwa Wewa,2023-07-04,2023,7,11.588522584533692,58.83226056448622,19.697564692132605,S1_SAR_fallback,,0
Todamaduwa Wewa,2023-07-16,2023,7,14.460634436798095,58.83226056448622,24.57943022765163,S1_SAR_fallback,,0
Todamaduwa Wewa,2023-07-28,2023,7,0.1573378341674804,58.83226056448622,0.2674346228716164,S2_MNDWI,2023-07-29,1
Todamaduwa Wewa,2023-08-09,2023,8,15.721561623382568,58.83226056448622,26.72268832191161,S1_SAR_fallback,,0
Todamaduwa Wewa,2023-09-02,2023,9,16.719707493986245,58.83226056448622,28.419284476855555,S1_SAR_fallback,,0
Todamaduwa Wewa,2023-09-14,2023,9,14.98101710510254,58.83226056448622,25.463949474934424,S1_SAR_fallback,,0
Todamaduwa Wewa,2023-09-26,2023,9,13.7300971534729,58.83226056448622,23.33770115534368,S1_SAR_fallback,,0
Todamaduwa Wewa,2023-10-08,2023,10,12.809419901275636,58.83226056448622,21.77278210691087,S1_SAR_fallback,,0
Todamaduwa Wewa,2023-10-20,2023,10,26.55019224269493,58.83226056448622,45.12862838848965,S1_SAR_fallback,,0
Todamaduwa Wewa,2023-11-01,2023,11,17.763066473388673,58.83226056448622,30.19273150981258,S1_SAR_fallback,,0
Todamaduwa Wewa,2023-11-13,2023,11,13.499932582855225,58.83226056448622,22.94647945417278,S1_SAR_fallback,,0
Todamaduwa Wewa,2023-11-25,2023,11,8.576310471343994,58.83226056448622,14.577564059336924,S1_SAR_fallback,,0
Todamaduwa Wewa,2023-12-07,2023,12,6.764975819396972,58.83226056448622,11.498752137837474,S1_SAR_fallback,,0
Todamaduwa Wewa,2023-12-19,2023,12,14.02031450881958,58.83226056448622,23.830997439664703,S1_SAR_fallback,,0
Todamaduwa Wewa,2023-12-31,2023,12,15.05107267150879,58.83226056448622,25.583026263305424,S1_SAR_fallback,,0
Todamaduwa Wewa,2024-01-12,2024,1,15.631264656102797,58.83226056448622,26.569206258816656,S1_SAR_fallback,,0
Todamaduwa Wewa,2024-01-24,2024,1,19.933348474964816,58.83226056448622,33.881663365825986,S2_MNDWI,2024-01-25,1
Todamaduwa Wewa,2024-02-05,2024,2,16.67226537628174,58.83226056448622,28.338644846065737,S1_SAR_fallback,,0
Todamaduwa Wewa,2024-02-17,2024,2,18.213398928070067,58.83226056448622,30.958183067105345,S1_SAR_fallback,,0
Todamaduwa Wewa,2024-02-29,2024,2,19.23414930343628,58.83226056448622,32.69320117719031,S1_SAR_fallback,,0
Todamaduwa Wewa,2024-03-12,2024,3,20.42762095633114,58.83226056448622,34.72180188272787,S2_MNDWI,2024-03-10,2
Todamaduwa Wewa,2024-03-24,2024,3,17.522890116882323,58.83226056448622,29.7844922985331,S1_SAR_fallback,,0
Todamaduwa Wewa,2024-04-05,2024,4,15.111115070343018,58.83226056448622,25.685083193054737,S1_SAR_fallback,,0
Todamaduwa Wewa,2024-04-17,2024,4,15.70154924926758,58.83226056448622,26.688672334895347,S1_SAR_fallback,,0
Todamaduwa Wewa,2024-04-29,2024,4,11.948788800048828,58.83226056448622,20.30992636591233,S1_SAR_fallback,,0
Todamaduwa Wewa,2024-05-11,2024,5,8.256072679901123,58.83226056448622,14.033240607594225,S1_SAR_fallback,,0
Todamaduwa Wewa,2024-05-23,2024,5,20.509906178783343,58.83226056448622,34.861666000922014,S1_SAR_fallback,,0
Todamaduwa Wewa,2024-06-04,2024,6,27.82489309355194,58.83226056448622,47.29529823701571,S1_SAR_fallback,,0
Todamaduwa Wewa,2024-06-16,2024,6,29.83715689840877,58.83226056448622,50.71563902547,S1_SAR_fallback,,0
Todamaduwa Wewa,2024-07-10,2024,7,25.138485720062256,58.83226056448622,42.72908346349855,S1_SAR_fallback,,0
Todamaduwa Wewa,2024-07-22,2024,7,23.00691800460816,58.83226056448622,39.10595612655441,S1_SAR_fallback,,0
Todamaduwa Wewa,2024-08-03,2024,8,17.632966287231444,58.83226056448622,29.971594016694112,S1_SAR_fallback,,0
Todamaduwa Wewa,2024-08-15,2024,8,30.00206348953247,58.83226056448622,50.99593862562381,S1_SAR_fallback,,0
Todamaduwa Wewa,2024-08-27,2024,8,27.77042228088379,58.83226056448622,47.20271159807729,S1_SAR_fallback,,0
Todamaduwa Wewa,2024-09-20,2024,9,25.328626388549804,58.83226056448622,43.05227462879319,S1_SAR_fallback,,0
Todamaduwa Wewa,2024-10-02,2024,10,24.3479053943634,58.83226056448622,41.385296367586605,S2_MNDWI,2024-10-01,1
Todamaduwa Wewa,2024-10-14,2024,10,23.367184400177003,58.83226056448622,39.71831810638002,S1_SAR_fallback,,0
Todamaduwa Wewa,2024-10-26,2024,10,22.176309020233155,58.83226056448622,37.694130409838046,S1_SAR_fallback,,0
Todamaduwa Wewa,2024-11-07,2024,11,23.39720997467041,58.83226056448622,39.76935400778057,S1_SAR_fallback,,0
Todamaduwa Wewa,2024-11-19,2024,11,26.97984520874024,58.83226056448622,45.858930032388514,S1_SAR_fallback,,0
Todamaduwa Wewa,2024-12-13,2024,12,24.357914868927,58.83226056448622,41.4023099490257,S1_SAR_fallback,,0
Todamaduwa Wewa,2024-12-25,2024,12,18.893895673370363,58.83226056448622,32.11485584964172,S1_SAR_fallback,,0
Todamaduwa Wewa,2025-01-06,2025,1,20.054749939727785,58.83226056448622,34.08801522719956,S1_SAR_fallback,,0
Todamaduwa Wewa,2025-01-18,2025,1,21.475874724824195,58.83226056448622,36.50356882221859,S1_SAR_fallback,,0
Todamaduwa Wewa,2025-01-30,2025,1,19.479071766539928,58.83226056448622,33.10950757227637,S1_SAR_fallback,,0
Todamaduwa Wewa,2025-02-11,2025,2,20.41403482858396,58.83226056448622,34.69870889324077,S1_SAR_fallback,,0
Todamaduwa Wewa,2025-02-23,2025,2,19.17437755322924,58.83226056448622,32.5916042818245,S1_SAR_fallback,,0
Todamaduwa Wewa,2025-03-07,2025,3,26.9260895111832,58.83226056448622,45.76755890872055,S2_MNDWI,2025-03-05,2
Todamaduwa Wewa,2025-03-19,2025,3,15.747895765590291,58.83226056448622,26.76744971974853,S1_SAR_fallback,,0
Todamaduwa Wewa,2025-03-31,2025,3,13.299781554412842,58.83226056448622,22.60627320249732,S1_SAR_fallback,,0
Todamaduwa Wewa,2025-04-12,2025,4,19.37424501571656,58.83226056448622,32.93132854291802,S1_SAR_fallback,,0
Todamaduwa Wewa,2025-04-24,2025,4,20.36497361907959,58.83226056448622,34.615317214876484,S1_SAR_fallback,,0
Todamaduwa Wewa,2025-05-06,2025,5,18.59367200088501,58.83226056448622,31.60455135070737,S1_SAR_fallback,,0
Todamaduwa Wewa,2025-05-18,2025,5,21.51581902694702,58.83226056448622,36.571464058164935,S1_SAR_fallback,,0
Todamaduwa Wewa,2025-05-30,2025,5,24.247829362487792,58.83226056448622,41.21519236186696,S1_SAR_fallback,,0
Todamaduwa Wewa,2025-06-11,2025,6,24.24782880477905,58.83226056448622,41.215191413902815,S1_SAR_fallback,,0
Todamaduwa Wewa,2025-06-23,2025,6,24.588079209899902,58.83226056448622,41.79353125985841,S1_SAR_fallback,,0
Todamaduwa Wewa,2025-07-05,2025,7,23.19705687408448,58.83226056448622,39.429144233983855,S1_SAR_fallback,,0
Todamaduwa Wewa,2025-07-17,2025,7,21.475791276550293,58.83226056448622,36.50342698120636,S1_SAR_fallback,,0
Todamaduwa Wewa,2025-07-29,2025,7,14.032509564208985,58.83226056448622,23.85172595710122,S2_MNDWI,2025-07-28,1
Todamaduwa Wewa,2025-08-10,2025,8,19.094040361022948,58.83226056448622,32.45505132357427,S1_SAR_fallback,,0
Todamaduwa Wewa,2025-08-22,2025,8,13.540828650665285,58.83226056448622,23.015992451663724,S2_MNDWI,2025-08-22,0
Todamaduwa Wewa,2025-09-03,2025,9,15.1211188041687,58.83226056448622,25.70208701668772,S1_SAR_fallback,,0
Todamaduwa Wewa,2025-09-15,2025,9,12.779396807861328,58.83226056448622,21.72175042271883,S1_SAR_fallback,,0
Todamaduwa Wewa,2025-09-27,2025,9,11.578513739013673,58.83226056448622,19.68055217990889,S1_SAR_fallback,,0
Todamaduwa Wewa,2025-10-09,2025,10,9.847240475463868,58.83226056448622,16.73782441976758,S1_SAR_fallback,,0
Todamaduwa Wewa,2025-10-21,2025,10,24.18778525848389,58.83226056448622,41.113132533759405,S1_SAR_fallback,,0
Todamaduwa Wewa,2025-11-02,2025,11,32.63413079506369,58.83226056448622,55.46978899322307,S2_MNDWI,2025-10-31,2
Todamaduwa Wewa,2025-11-14,2025,11,21.66593318939209,58.83226056448622,36.82662026158929,S1_SAR_fallback,,0
Todamaduwa Wewa,2025-11-26,2025,11,28.36360671081244,58.83226056448622,48.21097547275615,S1_SAR_fallback,,0
Todamaduwa Wewa,2025-12-02,2025,12,32.337353149315334,58.83226056448622,54.96534187033365,S1_SAR_fallback,,0
Todamaduwa Wewa,2025-12-08,2025,12,32.246579857132865,58.83226056448622,54.81105017507748,S1_SAR_fallback,,0
Todamaduwa Wewa,2025-12-20,2025,12,27.417262535020416,58.83226056448622,46.60242912979397,S1_SAR_fallback,,0
Ulankulama Wewa,2021-01-03,2021,1,0.3102296676635742,39.37143467419271,0.7879562180824577,S1_SAR,,0
Ulankulama Wewa,2021-01-15,2021,1,0.2001481658935547,39.37143467419271,0.5083588331231128,S1_SAR,,0
Ulankulama Wewa,2021-01-27,2021,1,0.0100074081420898,39.37143467419271,0.0254179412685957,S1_SAR,,0
Ulankulama Wewa,2021-02-08,2021,2,0.3702741760253906,39.37143467419271,0.9404640168423908,S1_SAR,,0
Ulankulama Wewa,2021-02-20,2021,2,0.3302445259094238,39.37143467419271,0.83879220719862,S1_SAR,,0
Ulankulama Wewa,2021-03-04,2021,3,0.4203112236022949,39.37143467419271,1.0675537406255649,S1_SAR,,0
Ulankulama Wewa,2021-03-16,2021,3,0.5404001449584961,39.37143467419271,1.3725690959204977,S1_SAR,,0
Ulankulama Wewa,2021-03-28,2021,3,0.5804297813415528,39.37143467419271,1.474240870683878,S1_SAR,,0
Ulankulama Wewa,2021-04-09,2021,4,0.070051862335205,39.37143467419271,0.1779256024447665,S1_SAR,,0
Ulankulama Wewa,2021-04-21,2021,4,0.8105999992370605,39.37143467419271,2.058853089670097,S1_SAR,,0
Ulankulama Wewa,2021-05-03,2021,5,0.9607111778259276,39.37143467419271,2.4401223520961945,S1_SAR,,0
Ulankulama Wewa,2021-05-15,2021,5,0.6404739807128906,39.37143467419271,1.6267478846350252,S1_SAR,,0
Ulankulama Wewa,2021-05-27,2021,5,3.602665814208984,39.37143467419271,9.150456019756042,S1_SAR,,0
Ulankulama Wewa,2021-06-08,2021,6,4.733502589416504,39.37143467419271,12.022682507222,S1_SAR,,0
Ulankulama Wewa,2021-06-14,2021,6,4.393250782775879,39.37143467419271,11.158472682367297,S1_SAR,,0
Ulankulama Wewa,2021-06-20,2021,6,4.673458177947998,39.37143467419271,11.8701749545626,S1_SAR,,0
Ulankulama Wewa,2021-07-02,2021,7,4.913635916900635,39.37143467419271,12.480205401611736,S1_SAR,,0
Ulankulama Wewa,2021-07-14,2021,7,5.103776623535156,39.37143467419271,12.96314616363369,S1_SAR,,0
Ulankulama Wewa,2021-07-26,2021,7,7.455516493988037,39.37143467419271,18.93635971278181,S1_SAR,,0
Ulankulama Wewa,2021-08-07,2021,8,10.51778243637085,39.37143467419271,26.714247330349565,S1_SAR,,0
Ulankulama Wewa,2021-08-19,2021,8,10.107479219055175,39.37143467419271,25.672113050227384,S1_SAR,,0
Ulankulama Wewa,2021-08-31,2021,8,11.048175382232666,39.37143467419271,28.06139901595853,S1_SAR,,0
Ulankulama Wewa,2021-09-12,2021,9,8.966635041809083,39.37143467419271,22.77446863699523,S1_SAR,,0
Ulankulama Wewa,2021-09-24,2021,9,8.771314146540025,39.37143467419271,22.278370648985952,S1_SAR,,0
Ulankulama Wewa,2021-10-06,2021,10,11.048175312042236,39.37143467419271,28.06139883768097,S1_SAR,,0
Ulankulama Wewa,2021-10-18,2021,10,10.928086595916747,39.37143467419271,27.75638400365409,S1_SAR,,0
Ulankulama Wewa,2021-10-30,2021,10,11.138242158508302,39.37143467419271,28.29016074897882,S1_SAR,,0
Ulankulama Wewa,2021-11-17,2021,11,14.78093751373291,39.37143467419271,37.54228830127331,S1_SAR,,0
Ulankulama Wewa,2021-11-23,2021,11,14.39064857559204,39.37143467419271,36.55098853947749,S1_SAR,,0
Ulankulama Wewa,2021-12-05,2021,12,12.419190098571775,39.37143467419271,31.543656463990484,S1_SAR,,0
Ulankulama Wewa,2021-12-17,2021,12,10.36767208404541,39.37143467419271,26.3329801665603,S1_SAR,,0
Ulankulama Wewa,2021-12-29,2021,12,10.567820386505128,39.37143467419271,26.84133934654952,S1_SAR,,0
Ulankulama Wewa,2022-01-10,2022,1,10.187538997650147,39.37143467419271,25.8754578845152,S1_SAR,,0
Ulankulama Wewa,2022-01-22,2022,1,10.127494512939451,39.37143467419271,25.72295014582705,S1_SAR,,0
Ulankulama Wewa,2022-02-03,2022,2,9.607109550476077,39.37143467419271,24.401217862587487,S1_SAR,,0
Ulankulama Wewa,2022-02-15,2022,2,10.217561177825928,39.37143467419271,25.95171159592861,S1_SAR,,0
Ulankulama Wewa,2022-02-27,2022,2,9.316894579315186,39.37143467419271,23.664097222807705,S1_SAR,,0
Ulankulama Wewa,2022-03-11,2022,3,9.817264907073977,39.37143467419271,24.934994084706343,S1_SAR,,0
Ulankulama Wewa,2022-03-23,2022,3,9.777235218811034,39.37143467419271,24.8333221781726,S1_SAR,,0
Ulankulama Wewa,2022-04-04,2022,4,10.3376499168396,39.37143467419271,26.25672648808947,S1_SAR,,0
Ulankulama Wewa,2022-04-16,2022,4,10.337650009155274,39.37143467419271,26.25672672256321,S1_SAR,,0
Ulankulama Wewa,2022-04-28,2022,4,9.857294479370116,39.37143467419271,25.03666569669457,S1_SAR,,0
Ulankulama Wewa,2022-05-10,2022,5,8.196065372467041,39.37143467419271,20.817289083548232,S1_SAR,,0
Ulankulama Wewa,2022-05-22,2022,5,4.393251356506347,39.37143467419271,11.1584741395925,S1_SAR,,0
Ulankulama Wewa,2022-06-03,2022,6,6.49480665512085,39.37143467419271,16.49624076152369,S1_SAR,,0
Ulankulama Wewa,2022-06-15,2022,6,6.3046660797119145,39.37143467419271,16.013300332803247,S1_SAR,,0
Ulankulama Wewa,2022-06-27,2022,6,4.943659046936035,39.37143467419271,12.556461525585496,S1_SAR,,0
Ulankulama Wewa,2022-07-09,2022,7,4.743510793304443,39.37143467419271,12.048102469615444,S1_SAR,,0
Ulankulama Wewa,2022-07-21,2022,7,4.723496095275879,39.37143467419271,11.997266887437172,S1_SAR,,0
Ulankulama Wewa,2022-08-02,2022,8,3.3724959732055666,39.37143467419271,8.565844758042761,S1_SAR,,0
Ulankulama Wewa,2022-08-14,2022,8,3.5025926498413087,39.37143467419271,8.89627893630505,S1_SAR,,0
Ulankulama Wewa,2022-08-26,2022,8,3.292437192535401,39.37143467419271,8.362502458396662,S1_SAR,,0
Ulankulama Wewa,2022-09-07,2022,9,2.521866731262207,39.37143467419271,6.405320893513812,S1_SAR,,0
Ulankulama Wewa,2022-09-19,2022,9,2.852032790590174,39.37143467419271,7.243913802459508,S1_SAR,,0
Ulankulama Wewa,2022-10-01,2022,10,1.851370435333252,39.37143467419271,4.702318954474862,S1_SAR,,0
Ulankulama Wewa,2022-10-13,2022,10,2.681985442352295,39.37143467419271,6.812008413069819,S1_SAR,,0
Ulankulama Wewa,2022-10-25,2022,10,2.792066912841797,39.37143467419271,7.091605718579386,S1_SAR,,0
Ulankulama Wewa,2022-11-06,2022,11,2.862118664550781,39.37143467419271,7.269531040043228,S1_SAR,,0
Ulankulama Wewa,2022-11-18,2022,11,7.955887579345704,39.37143467419271,20.20725849891533,S1_SAR,,0
Ulankulama Wewa,2022-11-30,2022,11,4.633429301452637,39.37143467419271,11.768505109847494,S1_SAR,,0
Ulankulama Wewa,2022-12-12,2022,12,5.514080848693848,39.37143467419271,14.005283003588977,S1_SAR,,0
Ulankulama Wewa,2022-12-24,2022,12,5.814302781677246,39.37143467419271,14.767820451024663,S1_SAR,,0
Ulankulama Wewa,2023-01-05,2023,1,5.734243578338623,39.37143467419271,14.564477077837656,S1_SAR,,0
Ulankulama Wewa,2023-01-17,2023,1,5.624162234497071,39.37143467419271,14.284880094002803,S1_SAR,,0
Ulankulama Wewa,2023-01-29,2023,1,6.134539846038819,39.37143467419271,15.581194581308727,S1_SAR,,0
Ulankulama Wewa,2023-02-10,2023,2,7.055220944213867,39.37143467419271,17.919644032780045,S1_SAR,,0
Ulankulama Wewa,2023-02-22,2023,2,8.736465003204346,39.37143467419271,22.18985687339189,S1_SAR,,0
Ulankulama Wewa,2023-03-06,2023,3,8.546324333190919,39.37143467419271,21.706916204384303,S1_SAR,,0
Ulankulama Wewa,2023-03-18,2023,3,8.806516812896728,39.37143467419271,22.36778234212849,S1_SAR,,0
Ulankulama Wewa,2023-03-30,2023,3,9.106738980865478,39.37143467419271,23.13032038640641,S1_SAR,,0
Ulankulama Wewa,2023-04-11,2023,4,8.696435389709473,39.37143467419271,22.08818515676249,S1_SAR,,0
Ulankulama Wewa,2023-04-23,2023,4,9.116746365356445,39.37143467419271,23.155738267603223,S1_SAR,,0
Ulankulama Wewa,2023-05-05,2023,5,8.946620336914062,39.37143467419271,22.72363303737676,S1_SAR,,0
Ulankulama Wewa,2023-05-17,2023,5,9.517042556762696,39.37143467419271,24.172455577294347,S1_SAR,,0
Ulankulama Wewa,2023-05-29,2023,5,8.96663518447876,39.37143467419271,22.774468999363727,S1_SAR,,0
Ulankulama Wewa,2023-06-10,2023,6,8.536316919708252,39.37143467419271,21.681498249551115,S1_SAR,,0
Ulankulama Wewa,2023-06-22,2023,6,8.906590823364258,39.37143467419271,22.62196157459909,S1_SAR,,0
Ulankulama Wewa,2023-07-04,2023,7,6.374717295074463,39.37143467419271,16.191224291994065,S1_SAR,,0
Ulankulama Wewa,2023-07-16,2023,7,7.265376402282714,39.37143467419271,18.453420512626234,S1_SAR,,0
Ulankulama Wewa,2023-07-28,2023,7,6.0744952285766605,39.37143467419271,15.428686505443467,S1_SAR,,0
Ulankulama Wewa,2023-08-09,2023,8,5.373976881408692,39.37143467419271,13.64943118247921,S1_SAR,,0
Ulankulama Wewa,2023-09-02,2023,9,4.403258511352539,39.37143467419271,11.18389143751167,S1_SAR,,0
Ulankulama Wewa,2023-09-14,2023,9,3.962932749938965,39.37143467419271,10.065502521645724,S1_SAR,,0
Ulankulama Wewa,2023-09-26,2023,9,3.172347743988037,39.37143467419271,8.057485764082294,S1_SAR,,0
Ulankulama Wewa,2023-10-08,2023,10,2.4317996841430665,39.37143467419271,6.176558472574709,S1_SAR,,0
Ulankulama Wewa,2023-10-20,2023,10,3.602666130828857,39.37143467419271,9.150456823942823,S1_SAR,,0
Ulankulama Wewa,2023-11-01,2023,11,3.62268101272583,39.37143467419271,9.20129287313077,S1_SAR,,0
Ulankulama Wewa,2023-11-13,2023,11,6.835057931518555,39.37143467419271,17.36044923960776,S1_SAR,,0
Ulankulama Wewa,2023-11-25,2023,11,6.865080129241943,39.37143467419271,17.43670299559057,S1_SAR,,0
Ulankulama Wewa,2023-12-07,2023,12,5.804295178985596,39.37143467419271,14.742402015617204,S1_SAR,,0
Ulankulama Wewa,2023-12-19,2023,12,5.273902814483643,39.37143467419271,13.395251806611444,S1_SAR,,0
Ulankulama Wewa,2023-12-31,2023,12,4.64343623046875,39.37143467419271,11.793921834178022,S1_SAR,,0
Ulankulama Wewa,2024-01-12,2024,1,5.22386572189331,39.37143467419271,13.2681619684981,S1_SAR,,0
Ulankulama Wewa,2024-01-24,2024,1,4.573384394073487,39.37143467419271,11.615996297618436,S1_SAR,,0
Ulankulama Wewa,2024-02-05,2024,2,4.363228865051269,39.37143467419271,11.082219637556896,S1_SAR,,0
Ulankulama Wewa,2024-02-17,2024,2,3.5226068099975585,39.37143467419271,8.947113152334696,S1_SAR,,0
Ulankulama Wewa,2024-02-29,2024,2,4.853591688537597,39.37143467419271,12.327698314024213,S1_SAR,,0
Ulankulama Wewa,2024-03-12,2024,3,4.283169651031495,39.37143467419271,10.878876237240696,S1_SAR,,0
Ulankulama Wewa,2024-03-24,2024,3,4.413265937042237,39.37143467419271,11.209309423349657,S1_SAR,,0
Ulankulama Wewa,2024-04-05,2024,4,4.63342878112793,39.37143467419271,11.768503788268257,S1_SAR,,0
Ulankulama Wewa,2024-04-17,2024,4,3.912895762634277,39.37143467419271,9.938412950948706,S1_SAR,,0
Ulankulama Wewa,2024-04-29,2024,4,3.812821740722656,39.37143467419271,9.684233689411109,S1_SAR,,0
Ulankulama Wewa,2024-05-11,2024,5,3.5626365425109863,39.37143467419271,9.048785171260809,S1_SAR,,0
Ulankulama Wewa,2024-05-23,2024,5,1.5711626434326171,39.37143467419271,3.990615674623833,S1_SAR,,0
Ulankulama Wewa,2024-06-04,2024,6,4.82356957244873,39.37143467419271,12.251444765385948,S1_SAR,,0
Ulankulama Wewa,2024-06-16,2024,6,4.433280791473389,39.37143467419271,11.26014540277682,S1_SAR,,0
Ulankulama Wewa,2024-07-10,2024,7,4.333206722259521,39.37143467419271,11.005966021095654,S1_SAR,,0
Ulankulama Wewa,2024-07-22,2024,7,5.363969410705566,39.37143467419271,13.62401308231106,S1_SAR,,0
Ulankulama Wewa,2024-08-03,2024,8,5.243880587768555,39.37143467419271,13.31899797699226,S1_SAR,,0
Ulankulama Wewa,2024-08-15,2024,8,5.003702725982666,39.37143467419271,12.708967217957404,S1_SAR,,0
Ulankulama Wewa,2024-08-27,2024,8,5.604146890258789,39.37143467419271,14.234042870508375,S1_SAR,,0
Ulankulama Wewa,2024-09-20,2024,9,5.594139464569092,39.37143467419271,14.20862488467039,S1_SAR,,0
Ulankulama Wewa,2024-10-02,2024,10,5.103776540374756,39.37143467419271,12.963145952413546,S1_SAR,,0
Ulankulama Wewa,2024-10-14,2024,10,5.363969165039062,39.37143467419271,13.62401245833963,S1_SAR,,0
Ulankulama Wewa,2024-10-26,2024,10,5.1137840362548825,39.37143467419271,12.988564116529083,S1_SAR,,0
Ulankulama Wewa,2024-11-07,2024,11,6.775013256072998,39.37143467419271,17.207941016469743,S1_SAR,,0
Ulankulama Wewa,2024-11-19,2024,11,6.294657871246338,39.37143467419271,15.987880358783007,S1_SAR,,0
Ulankulama Wewa,2024-12-13,2024,12,8.045953448486328,39.37143467419271,20.43601792789205,S1_SAR,,0
Ulankulama Wewa,2024-12-25,2024,12,6.5948798416137695,39.37143467419271,16.75041790117087,S1_SAR,,0
Ulankulama Wewa,2025-01-06,2025,1,5.063746783447265,39.37143467419271,12.86147387147785,S1_SAR,,0
Ulankulama Wewa,2025-01-18,2025,1,5.323939381408692,39.37143467419271,13.52234030958095,S1_SAR,,0
Ulankulama Wewa,2025-01-30,2025,1,4.663450606536865,39.37143467419271,11.844756598604915,S1_SAR,,0
Ulankulama Wewa,2025-02-11,2025,2,4.113043473052978,39.37143467419271,10.446770627205536,S1_SAR,,0
Ulankulama Wewa,2025-02-23,2025,2,4.193102713012696,39.37143467419271,10.65011409340692,S1_SAR,,0
Ulankulama Wewa,2025-03-07,2025,3,4.853591584777832,39.37143467419271,12.327698050483482,S1_SAR,,0
Ulankulama Wewa,2025-03-19,2025,3,4.553369561767578,39.37143467419271,11.565160374387457,S1_SAR,,0
Ulankulama Wewa,2025-03-31,2025,3,4.773532713317871,39.37143467419271,12.124355520239243,S1_SAR,,0
Ulankulama Wewa,2025-04-12,2025,4,5.123791826629638,39.37143467419271,13.013983028635211,S1_SAR,,0
Ulankulama Wewa,2025-04-24,2025,4,4.633428953552246,39.37143467419271,11.768504226210936,S1_SAR,,0
Ulankulama Wewa,2025-05-06,2025,5,5.724235961914062,39.37143467419271,14.539058607549803,S1_SAR,,0
Ulankulama Wewa,2025-05-18,2025,5,5.183836170959473,39.37143467419271,13.166490410768262,S1_SAR,,0
Ulankulama Wewa,2025-05-30,2025,5,7.025198777770996,39.37143467419271,17.843390356247017,S1_SAR,,0
Ulankulama Wewa,2025-06-11,2025,6,5.954406490325928,39.37143467419271,15.123671615220408,S1_SAR,,0
Ulankulama Wewa,2025-06-23,2025,6,5.494065950012207,39.37143467419271,13.95444691176944,S1_SAR,,0
Ulankulama Wewa,2025-07-05,2025,7,6.63491010055542,39.37143467419271,16.852091257178618,S1_SAR,,0
Ulankulama Wewa,2025-07-17,2025,7,7.135280430603028,39.37143467419271,18.12298812489066,S1_SAR,,0
Ulankulama Wewa,2025-07-29,2025,7,7.105258142089844,39.37143467419271,18.04673413830972,S1_SAR,,0
Ulankulama Wewa,2025-08-10,2025,8,7.595620966339111,39.37143467419271,19.29221281671483,S1_SAR,,0
Ulankulama Wewa,2025-08-22,2025,8,7.095250489807129,39.37143467419271,18.02131557694529,S1_SAR,,0
Ulankulama Wewa,2025-09-03,2025,9,5.624161868286133,39.37143467419271,14.284879163859054,S1_SAR,,0
Ulankulama Wewa,2025-09-15,2025,9,4.693473129272461,39.37143467419271,11.921011180090298,S1_SAR,,0
Ulankulama Wewa,2025-09-27,2025,9,5.534095001220703,39.37143467419271,14.056117200240628,S1_SAR,,0
Ulankulama Wewa,2025-10-09,2025,10,5.3139321311950685,39.37143467419271,13.496922769436845,S1_SAR,,0
Ulankulama Wewa,2025-10-21,2025,10,10.617856869506836,39.37143467419271,26.96842763636108,S1_SAR,,0
Ulankulama Wewa,2025-11-02,2025,11,10.217560816955569,39.37143467419271,25.951710679349464,S1_SAR,,0
Ulankulama Wewa,2025-11-14,2025,11,9.416968301391602,39.37143467419271,23.91827572279011,S1_SAR,,0
Ulankulama Wewa,2025-11-26,2025,11,10.017412831878662,39.37143467419271,25.44335230548483,S1_SAR,,0
Ulankulama Wewa,2025-12-02,2025,12,12.469227712249756,39.37143467419271,31.670747625620866,S1_SAR,,0
Ulankulama Wewa,2025-12-08,2025,12,9.9273463180542,39.37143467419271,25.21459123906756,S1_SAR,,0
Ulankulama Wewa,2025-12-20,2025,12,9.597101696014404,39.37143467419271,24.3757987877062,S1_SAR,,0
Wagayakulama,2021-01-03,2021,1,0.2601924339294433,16.516119063085437,1.575384828213002,S1_SAR,,0
Wagayakulama,2021-01-15,2021,1,0.8206070068359375,16.516119063085437,4.968521985713009,S1_SAR,,0
Wagayakulama,2021-01-27,2021,1,0.4903626502990723,16.516119063085437,2.9689944013243617,S1_SAR,,0
Wagayakulama,2021-02-08,2021,2,0.7105254905700683,16.516119063085437,4.302012402890322,S1_SAR,,0
Wagayakulama,2021-02-20,2021,2,0.7505550918579101,16.516119063085437,4.544379275730991,S1_SAR,,0
Wagayakulama,2021-03-04,2021,3,0.5003700653076172,16.516119063085437,3.0295862084572622,S1_SAR,,0
Wagayakulama,2021-03-16,2021,3,0.7405476860046387,16.516119063085437,4.483787524030444,S1_SAR,,0
Wagayakulama,2021-03-28,2021,3,0.6905106803894043,16.516119063085437,4.180828908727953,S1_SAR,,0
Wagayakulama,2021-04-09,2021,4,0.6905106712341309,16.516119063085437,4.1808288532956,S1_SAR,,0
Wagayakulama,2021-04-21,2021,4,0.6004440635681152,16.516119063085437,3.6355033605330767,S1_SAR,,0
Wagayakulama,2021-05-03,2021,5,0.5604144798278808,16.516119063085437,3.393136593937751,S1_SAR,,0
Wagayakulama,2021-05-15,2021,5,0.6404736824035645,16.516119063085437,3.87787033961909,S1_SAR,,0
Wagayakulama,2021-05-27,2021,5,0.4803552665710449,16.516119063085437,2.9084027835853346,S1_SAR,,0
Wagayakulama,2021-06-08,2021,6,0.5203848701477051,16.516119063085437,3.150769670284092,S1_SAR,,0
Wagayakulama,2021-06-14,2021,6,0.6204588890075684,16.516119063085437,3.756686947082702,S1_SAR,,0
Wagayakulama,2021-06-20,2021,6,0.7105255081176758,16.516119063085437,4.302012509135666,S1_SAR,,0
Wagayakulama,2021-07-02,2021,7,0.4203108612060547,16.516119063085437,2.5448524535371986,S1_SAR,,0
Wagayakulama,2021-07-14,2021,7,0.4803552658081054,16.516119063085437,2.9084027789659714,S1_SAR,,0
Wagayakulama,2021-07-26,2021,7,0.5403996719360351,16.516119063085437,3.2719531136334705,S1_SAR,,0
Wagayakulama,2021-08-07,2021,8,0.3502590492248535,16.516119063085437,2.1207103671691523,S1_SAR,,0
Wagayakulama,2021-08-19,2021,8,0.170125821685791,16.516119063085437,1.0300593077343023,S1_SAR,,0
Wagayakulama,2021-08-31,2021,8,0.3402516456604004,16.516119063085437,2.060118629326693,S1_SAR,,0
Wagayakulama,2021-09-12,2021,9,0.1000740127563476,16.516119063085437,0.6059172398437073,S1_SAR,,0
Wagayakulama,2021-09-24,2021,9,0.0,16.516119063085437,0.0,S1_SAR,,0
Wagayakulama,2021-10-06,2021,10,0.0100074012756347,16.516119063085437,0.0605917239843707,S1_SAR,,0
Wagayakulama,2021-10-18,2021,10,0.0100074012756347,16.516119063085437,0.0605917239843707,S1_SAR,,0
Wagayakulama,2021-10-30,2021,10,1.1408437477111817,16.516119063085437,6.907456548076352,S1_SAR,,0
Wagayakulama,2021-11-17,2021,11,4.683464943695069,16.516119063085437,28.356933767587734,S1_SAR,,0
Wagayakulama,2021-11-23,2021,11,4.543361325073242,16.516119063085437,27.50864962718717,S1_SAR,,0
Wagayakulama,2021-12-05,2021,12,3.9629317901611327,16.516119063085437,23.99432805627161,S1_SAR,,0
Wagayakulama,2021-12-17,2021,12,3.7827985855102537,16.516119063085437,22.90367713541764,S1_SAR,,0
Wagayakulama,2021-12-29,2021,12,3.1923617553710937,16.516119063085437,19.328764482609127,S1_SAR,,0
Wagayakulama,2022-01-10,2022,1,3.2423988021850585,16.516119063085437,19.63172334735721,S1_SAR,,0
Wagayakulama,2022-01-22,2022,1,3.6527022399902345,16.516119063085437,22.11598394294852,S1_SAR,,0
Wagayakulama,2022-02-03,2022,2,3.0422505668640136,16.516119063085437,18.419887597345035,S1_SAR,,0
Wagayakulama,2022-02-15,2022,2,3.682724471282959,16.516119063085437,22.297759281198687,S1_SAR,,0
Wagayakulama,2022-02-27,2022,2,2.7820579986572267,16.516119063085437,16.844501956124187,S1_SAR,,0
Wagayakulama,2022-03-11,2022,3,3.1923615097045897,16.516119063085437,19.32876299517432,S1_SAR,,0
Wagayakulama,2022-03-23,2022,3,2.101554471588135,16.516119063085437,12.724263270087713,S1_SAR,,0
Wagayakulama,2022-04-04,2022,4,2.071532297515869,16.516119063085437,12.542488278289746,S1_SAR,,0
Wagayakulama,2022-04-16,2022,4,2.661969292449951,16.516119063085437,16.117401928880614,S1_SAR,,0
Wagayakulama,2022-04-28,2022,4,1.421050981903076,16.516119063085437,8.604024810400006,S1_SAR,,0
Wagayakulama,2022-05-10,2022,5,0.780577279663086,16.516119063085437,4.726154350677486,S1_SAR,,0
Wagayakulama,2022-05-22,2022,5,0.230170221710205,16.516119063085437,1.3936096054468992,S1_SAR,,0
Wagayakulama,2022-06-03,2022,6,0.1000740112304687,16.516119063085437,0.6059172306049818,S1_SAR,,0
Wagayakulama,2022-06-15,2022,6,0.0200148025512695,16.516119063085437,0.1211834479687414,S1_SAR,,0
Wagayakulama,2022-06-27,2022,6,0.0,16.516119063085437,0.0,S1_SAR,,0
Wagayakulama,2022-07-09,2022,7,0.0100074012756347,16.516119063085437,0.0605917239843707,S1_SAR,,0
Wagayakulama,2022-07-21,2022,7,0.0,16.516119063085437,0.0,S1_SAR,,0
Wagayakulama,2022-08-02,2022,8,0.0,16.516119063085437,0.0,S1_SAR,,0
Wagayakulama,2022-08-14,2022,8,0.0,16.516119063085437,0.0,S1_SAR,,0
Wagayakulama,2022-08-26,2022,8,0.0,16.516119063085437,0.0,S1_SAR,,0
Wagayakulama,2022-09-07,2022,9,0.0,16.516119063085437,0.0,S1_SAR,,0
Wagayakulama,2022-09-19,2022,9,0.0,16.516119063085437,0.0,S1_SAR,,0
Wagayakulama,2022-10-01,2022,10,0.0,16.516119063085437,0.0,S1_SAR,,0
Wagayakulama,2022-10-13,2022,10,0.0,16.516119063085437,0.0,S1_SAR,,0
Wagayakulama,2022-10-25,2022,10,0.0,16.516119063085437,0.0,S1_SAR,,0
Wagayakulama,2022-11-06,2022,11,0.0,16.516119063085437,0.0,S1_SAR,,0
Wagayakulama,2022-11-18,2022,11,0.4903627075195312,16.516119063085437,2.968994747776569,S1_SAR,,0
Wagayakulama,2022-11-30,2022,11,0.5804293525695801,16.516119063085437,3.5143204668878667,S1_SAR,,0
Wagayakulama,2022-12-12,2022,12,0.6905107528686524,16.516119063085437,4.180829347567415,S1_SAR,,0
Wagayakulama,2022-12-24,2022,12,1.120829032897949,16.516119063085437,6.786273631334329,S1_SAR,,0
Wagayakulama,2023-01-05,2023,1,0.7205329246520996,16.516119063085437,4.362604325507292,S1_SAR,,0
Wagayakulama,2023-01-17,2023,1,0.7505551300048828,16.516119063085437,4.544379506699129,S1_SAR,,0
Wagayakulama,2023-01-29,2023,1,0.8906587348937989,16.516119063085437,5.392663563951153,S1_SAR,,0
Wagayakulama,2023-02-10,2023,2,0.9406957717895508,16.516119063085437,5.695622368647516,S1_SAR,,0
Wagayakulama,2023-02-22,2023,2,0.8306143394470215,16.516119063085437,5.029113293954731,S1_SAR,,0
Wagayakulama,2023-03-06,2023,3,0.7705699211120606,16.516119063085437,4.66556288537743,S1_SAR,,0
Wagayakulama,2023-03-18,2023,3,0.610451496887207,16.516119063085437,3.696095278530684,S1_SAR,,0
Wagayakulama,2023-03-30,2023,3,0.9106735473632812,16.516119063085437,5.513847071971609,S1_SAR,,0
Wagayakulama,2023-04-11,2023,4,0.4603404830932617,16.516119063085437,2.787219451100662,S1_SAR,,0
Wagayakulama,2023-04-23,2023,4,0.520384895324707,16.516119063085437,3.150769822723063,S1_SAR,,0
Wagayakulama,2023-05-05,2023,5,0.6404737129211425,16.516119063085437,3.8778705243936,S1_SAR,,0
Wagayakulama,2023-05-17,2023,5,0.4403256874084472,16.516119063085437,2.666036044706185,S1_SAR,,0
Wagayakulama,2023-05-29,2023,5,0.4203108901977539,16.516119063085437,2.544852629072983,S1_SAR,,0
Wagayakulama,2023-06-10,2023,6,0.2001480323791503,16.516119063085437,1.2118345212616797,S1_SAR,,0
Wagayakulama,2023-06-22,2023,6,0.40029609375,16.516119063085437,2.423669218059144,S1_SAR,,0
Wagayakulama,2023-07-04,2023,7,0.1601184288024902,16.516119063085437,0.969467634562922,S1_SAR,,0
Wagayakulama,2023-07-16,2023,7,0.0,16.516119063085437,0.0,S1_SAR,,0
Wagayakulama,2023-07-28,2023,7,0.0,16.516119063085437,0.0,S1_SAR,,0
Wagayakulama,2023-08-09,2023,8,0.0,16.516119063085437,0.0,S1_SAR,,0
Wagayakulama,2023-09-02,2023,9,0.0900666633605957,16.516119063085437,0.5453258299760041,S1_SAR,,0
Wagayakulama,2023-09-14,2023,9,0.0,16.516119063085437,0.0,S1_SAR,,0
Wagayakulama,2023-09-26,2023,9,0.0300222045898437,16.516119063085437,0.1817751765724749,S1_SAR,,0
Wagayakulama,2023-10-08,2023,10,0.0400296180725097,16.516119063085437,0.2423669744666498,S1_SAR,,0
Wagayakulama,2023-10-20,2023,10,0.8706439155578614,16.516119063085437,5.27148001435643,S1_SAR,,0
Wagayakulama,2023-11-01,2023,11,0.430318285369873,16.516119063085437,2.605444316102452,S1_SAR,,0
Wagayakulama,2023-11-13,2023,11,4.823568669891357,16.516119063085437,29.20521855931843,S1_SAR,,0
Wagayakulama,2023-11-25,2023,11,4.903627792358399,16.516119063085437,29.68995181996668,S1_SAR,,0
Wagayakulama,2023-12-07,2023,12,3.9829466285705566,16.516119063085437,24.1155117213504,S1_SAR,,0
Wagayakulama,2023-12-19,2023,12,3.732761531829834,16.516119063085437,22.6007182290953,S1_SAR,,0
Wagayakulama,2023-12-31,2023,12,3.782798406982422,16.516119063085437,22.90367605448676,S1_SAR,,0
Wagayakulama,2024-01-12,2024,1,3.502591123199463,16.516119063085437,21.207107491904523,S1_SAR,,0
Wagayakulama,2024-01-24,2024,1,3.272420799255371,16.516119063085437,19.813497267463013,S1_SAR,,0
Wagayakulama,2024-02-05,2024,2,3.772790942382812,16.516119063085437,22.84308394709528,S1_SAR,,0
Wagayakulama,2024-02-17,2024,2,2.9822061065673826,16.516119063085437,18.05633693470278,S1_SAR,,0
Wagayakulama,2024-02-29,2024,2,3.67271685333252,16.516119063085437,22.237166245315297,S1_SAR,,0
Wagayakulama,2024-03-12,2024,3,2.842102297210693,16.516119063085437,17.20805163946154,S1_SAR,,0
Wagayakulama,2024-03-24,2024,3,2.4017765884399416,16.516119063085437,14.542015465413195,S1_SAR,,0
Wagayakulama,2024-04-05,2024,4,2.571902477264404,16.516119063085437,15.57207517965142,S1_SAR,,0
Wagayakulama,2024-04-17,2024,4,1.491102914428711,16.516119063085437,9.028167626627368,S1_SAR,,0
Wagayakulama,2024-04-29,2024,4,1.000740229797363,16.516119063085437,6.059173017431683,S1_SAR,,0
Wagayakulama,2024-05-11,2024,5,0.4303183067321777,16.516119063085437,2.605444445444609,S1_SAR,,0
Wagayakulama,2024-05-23,2024,5,0.6704960220336914,16.516119063085437,4.0596463338187725,S1_SAR,,0
Wagayakulama,2024-06-04,2024,6,0.3302442916870117,16.516119063085437,1.9995271917428128,S1_SAR,,0
Wagayakulama,2024-06-16,2024,6,0.2802072532653809,16.516119063085437,1.696568377807724,S1_SAR,,0
Wagayakulama,2024-07-10,2024,7,0.3902887390136719,16.516119063085437,2.3630777758559014,S1_SAR,,0
Wagayakulama,2024-07-22,2024,7,0.3702739768981933,16.516119063085437,2.241894572713386,S1_SAR,,0
Wagayakulama,2024-08-03,2024,8,0.3602665504455566,16.516119063085437,2.181302696290045,S1_SAR,,0
Wagayakulama,2024-08-15,2024,8,0.3502591110229492,16.516119063085437,2.120710741337536,S1_SAR,,0
Wagayakulama,2024-08-27,2024,8,0.1300962539672851,16.516119063085437,0.7876926381455948,S1_SAR,,0
Wagayakulama,2024-09-20,2024,9,0.370273991394043,16.516119063085437,2.2418946604812784,S1_SAR,,0
Wagayakulama,2024-10-02,2024,10,0.0900666358947753,16.516119063085437,0.5453256636789449,S1_SAR,,0
Wagayakulama,2024-10-14,2024,10,0.0,16.516119063085437,0.0,S1_SAR,,0
Wagayakulama,2024-10-26,2024,10,0.0,16.516119063085437,0.0,S1_SAR,,0
Wagayakulama,2024-11-07,2024,11,3.0622653167724607,16.516119063085437,18.541070726577747,S1_SAR,,0
Wagayakulama,2024-11-19,2024,11,2.912154264068604,16.516119063085437,17.632194663560224,S1_SAR,,0
Wagayakulama,2024-12-13,2024,12,3.3724947761535646,16.516119063085437,20.41941429019668,S1_SAR,,0
Wagayakulama,2024-12-25,2024,12,3.1423245750427244,16.516119063085437,19.025804809472564,S1_SAR,,0
Wagayakulama,2025-01-06,2025,1,3.012228298187256,16.516119063085437,18.23811203274609,S1_SAR,,0
Wagayakulama,2025-01-18,2025,1,2.6419543281555176,16.516119063085437,15.996217501606967,S1_SAR,,0
Wagayakulama,2025-01-30,2025,1,3.142324486541748,16.516119063085437,19.025804273626488,S1_SAR,,0
Wagayakulama,2025-02-11,2025,2,3.3524799385070803,16.516119063085437,20.298230629737247,S1_SAR,,0
Wagayakulama,2025-02-23,2025,2,2.892139395141601,16.516119063085437,17.511010813706925,S1_SAR,,0
Wagayakulama,2025-03-07,2025,3,2.631946984100342,16.516119063085437,15.935626124074806,S1_SAR,,0
Wagayakulama,2025-03-19,2025,3,3.022235662841797,16.516119063085437,18.29870353500105,S1_SAR,,0
Wagayakulama,2025-03-31,2025,3,3.282428113555908,16.516119063085437,19.87408846484003,S1_SAR,,0
Wagayakulama,2025-04-12,2025,4,3.412524419403076,16.516119063085437,20.661781417102294,S1_SAR,,0
Wagayakulama,2025-04-24,2025,4,2.832094995880127,16.516119063085437,17.147460520613688,S1_SAR,,0
Wagayakulama,2025-05-06,2025,5,3.242398500061036,16.516119063085437,19.63172151808956,S1_SAR,,0
Wagayakulama,2025-05-18,2025,5,2.35173963470459,16.516119063085437,14.239057164227376,S1_SAR,,0
Wagayakulama,2025-05-30,2025,5,2.1215693359375,16.516119063085437,12.845447092224834,S1_SAR,,0
Wagayakulama,2025-06-11,2025,6,1.250925283050537,16.516119063085437,7.573966246383108,S1_SAR,,0
Wagayakulama,2025-06-23,2025,6,1.1108216361999512,16.516119063085437,6.725681935066135,S1_SAR,,0
Wagayakulama,2025-07-05,2025,7,1.3409918464660644,16.516119063085437,8.11929147122259,S1_SAR,,0
Wagayakulama,2025-07-17,2025,7,1.2309104385375975,16.516119063085437,7.452782544349416,S1_SAR,,0
Wagayakulama,2025-07-29,2025,7,1.0807993804931642,16.516119063085437,6.5439064489963545,S1_SAR,,0
Wagayakulama,2025-08-10,2025,8,0.9306883590698242,16.516119063085437,5.635030575372705,S1_SAR,,0
Wagayakulama,2025-08-22,2025,8,0.7305403434753418,16.516119063085437,4.423196155737005,S1_SAR,,0
Wagayakulama,2025-09-03,2025,9,0.4703479789733886,16.516119063085437,2.8478117478860145,S1_SAR,,0
Wagayakulama,2025-09-15,2025,9,0.2601925148010254,16.516119063085437,1.5753853178654544,S1_SAR,,0
Wagayakulama,2025-09-27,2025,9,0.0,16.516119063085437,0.0,S1_SAR,,0
Wagayakulama,2025-10-09,2025,10,0.0,16.516119063085437,0.0,S1_SAR,,0
Wagayakulama,2025-10-21,2025,10,2.661969167327881,16.516119063085437,16.117401171305122,S1_SAR,,0
Wagayakulama,2025-11-02,2025,11,1.2809476631164551,16.516119063085437,7.755742485409018,S1_SAR,,0
Wagayakulama,2025-11-14,2025,11,0.35025913772583,16.516119063085437,2.120710903015232,S1_SAR,,0
Wagayakulama,2025-11-26,2025,11,0.6404738555908203,16.516119063085437,3.877871388214436,S1_SAR,,0
Wagayakulama,2025-12-02,2025,12,6.154553649139404,16.516119063085437,37.26392154011059,S1_SAR,,0
Wagayakulama,2025-12-08,2025,12,5.514079695129395,16.516119063085437,33.386049555998355,S1_SAR,,0
Wagayakulama,2025-12-20,2025,12,5.414005604553223,16.516119063085437,32.78013184497964,S1_SAR,,0
Wagayakulama Wewa,2021-01-03,2021,1,0.0,10.713110246022667,0.0,S1_SAR,,0
Wagayakulama Wewa,2021-01-15,2021,1,0.1156517737295113,10.713110246022667,1.079534990993377,S1_SAR,,0
Wagayakulama Wewa,2021-01-27,2021,1,0.0,10.713110246022667,0.0,S1_SAR,,0
Wagayakulama Wewa,2021-02-08,2021,2,0.1300936531066894,10.713110246022667,1.2143406547597868,S1_SAR,,0
Wagayakulama Wewa,2021-02-20,2021,2,0.1901368782043457,10.713110246022667,1.774805577819342,S1_SAR,,0
Wagayakulama Wewa,2021-03-04,2021,3,0.0,10.713110246022667,0.0,S1_SAR,,0
Wagayakulama Wewa,2021-03-16,2021,3,0.0,10.713110246022667,0.0,S1_SAR,,0
Wagayakulama Wewa,2021-03-28,2021,3,0.0,10.713110246022667,0.0,S1_SAR,,0
Wagayakulama Wewa,2021-04-09,2021,4,0.120086417388916,10.713110246022667,1.12092953989248,S1_SAR,,0
Wagayakulama Wewa,2021-04-21,2021,4,0.1300936225891113,10.713110246022667,1.2143403698978052,S1_SAR,,0
Wagayakulama Wewa,2021-05-03,2021,5,0.0600432106018066,10.713110246022667,0.5604647877501139,S1_SAR,,0
Wagayakulama Wewa,2021-05-15,2021,5,0.0900648239135742,10.713110246022667,0.8406972564014409,S1_SAR,,0
Wagayakulama Wewa,2021-05-27,2021,5,0.4002881072998047,10.713110246022667,3.73643226016847,S1_SAR,,0
Wagayakulama Wewa,2021-06-08,2021,6,0.3602593063354492,10.713110246022667,3.3627891253074567,S1_SAR,,0
Wagayakulama Wewa,2021-06-14,2021,6,0.370266519165039,10.713110246022667,3.4562000265282777,S1_SAR,,0
Wagayakulama Wewa,2021-06-20,2021,6,0.3102233123779296,10.713110246022667,2.895735274385911,S1_SAR,,0
Wagayakulama Wewa,2021-07-02,2021,7,0.1100792488098144,10.713110246022667,1.027519051721533,S1_SAR,,0
Wagayakulama Wewa,2021-07-14,2021,7,0.0300216125488281,10.713110246022667,0.2802324615297775,S1_SAR,,0
Wagayakulama Wewa,2021-07-26,2021,7,0.0,10.713110246022667,0.0,S1_SAR,,0
Wagayakulama Wewa,2021-08-07,2021,8,0.0,10.713110246022667,0.0,S1_SAR,,0
Wagayakulama Wewa,2021-08-19,2021,8,0.0,10.713110246022667,0.0,S1_SAR,,0
Wagayakulama Wewa,2021-08-31,2021,8,0.0,10.713110246022667,0.0,S1_SAR,,0
Wagayakulama Wewa,2021-09-12,2021,9,0.0,10.713110246022667,0.0,S1_SAR,,0
Wagayakulama Wewa,2021-09-24,2021,9,0.0137353734035117,10.713110246022667,0.128210884496509,S1_SAR,,0
Wagayakulama Wewa,2021-10-06,2021,10,0.0,10.713110246022667,0.0,S1_SAR,,0
Wagayakulama Wewa,2021-10-18,2021,10,0.0,10.713110246022667,0.0,S1_SAR,,0
Wagayakulama Wewa,2021-10-30,2021,10,0.1401008232116699,10.713110246022667,1.3077511571738332,S1_SAR,,0
Wagayakulama Wewa,2021-11-17,2021,11,0.8389175621930292,10.713110246022667,7.830756362322365,S1_SAR,,0
Wagayakulama Wewa,2021-11-23,2021,11,0.6804897575378418,10.713110246022667,6.351934610123884,S1_SAR,,0
Wagayakulama Wewa,2021-12-05,2021,12,0.0500360244750976,10.713110246022667,0.467054135783527,S1_SAR,,0
Wagayakulama Wewa,2021-12-17,2021,12,0.0,10.713110246022667,0.0,S1_SAR,,0
Wagayakulama Wewa,2021-12-29,2021,12,0.0,10.713110246022667,0.0,S1_SAR,,0
Wagayakulama Wewa,2022-01-10,2022,1,0.0900648475646972,10.713110246022667,0.8406974771694765,S1_SAR,,0
Wagayakulama Wewa,2022-01-22,2022,1,0.1000720520019531,10.713110246022667,0.9341083000532522,S1_SAR,,0
Wagayakulama Wewa,2022-02-03,2022,2,0.3202305694580078,10.713110246022667,2.989146588656605,S1_SAR,,0
Wagayakulama Wewa,2022-02-15,2022,2,0.2301657157897949,10.713110246022667,2.148449054514733,S1_SAR,,0
Wagayakulama Wewa,2022-02-27,2022,2,0.2301657173156738,10.713110246022667,2.148449068757832,S1_SAR,,0
Wagayakulama Wewa,2022-03-11,2022,3,0.1601152801513672,10.713110246022667,1.4945732515990051,S1_SAR,,0
Wagayakulama Wewa,2022-03-23,2022,3,0.2301657188415527,10.713110246022667,2.148449083000931,S1_SAR,,0
Wagayakulama Wewa,2022-04-04,2022,4,0.0,10.713110246022667,0.0,S1_SAR,,0
Wagayakulama Wewa,2022-04-16,2022,4,0.2401729209899902,10.713110246022667,2.241859884520058,S1_SAR,,0
Wagayakulama Wewa,2022-04-28,2022,4,0.2301657165527343,10.713110246022667,2.148449061636282,S1_SAR,,0
Wagayakulama Wewa,2022-05-10,2022,5,0.2001440826416015,10.713110246022667,1.8682164007031168,S1_SAR,,0
Wagayakulama Wewa,2022-05-22,2022,5,0.3302377342224121,10.713110246022667,3.082557041219805,S1_SAR,,0
Wagayakulama Wewa,2022-06-03,2022,6,0.2802017158508301,10.713110246022667,2.6155029624086743,S1_SAR,,0
Wagayakulama Wewa,2022-06-15,2022,6,0.3202305274963379,10.713110246022667,2.989146196971381,S1_SAR,,0
Wagayakulama Wewa,2022-06-27,2022,6,0.1801296768188476,10.713110246022667,1.6813947834217642,S1_SAR,,0
Wagayakulama Wewa,2022-07-09,2022,7,0.4102953704833984,10.713110246022667,3.82984363141156,S1_SAR,,0
Wagayakulama Wewa,2022-07-21,2022,7,0.1601152648925781,10.713110246022667,1.4945731091680146,S1_SAR,,0
Wagayakulama Wewa,2022-08-02,2022,8,0.3002161247253418,10.713110246022667,2.802324608176226,S1_SAR,,0
Wagayakulama Wewa,2022-08-14,2022,8,0.2601873046875,10.713110246022667,2.4286812952764745,S1_SAR,,0
Wagayakulama Wewa,2022-08-26,2022,8,0.1401008628845214,10.713110246022667,1.307751527494409,S1_SAR,,0
Wagayakulama Wewa,2022-09-07,2022,9,0.0800576339721679,10.713110246022667,0.7472865688271064,S1_SAR,,0
Wagayakulama Wewa,2022-09-19,2022,9,0.1100792465209961,10.713110246022667,1.027519030356884,S1_SAR,,0
Wagayakulama Wewa,2022-10-01,2022,10,0.0400288177490234,10.713110246022667,0.3736432915351027,S1_SAR,,0
Wagayakulama Wewa,2022-10-13,2022,10,0.0,10.713110246022667,0.0,S1_SAR,,0
Wagayakulama Wewa,2022-10-25,2022,10,0.0,10.713110246022667,0.0,S1_SAR,,0
Wagayakulama Wewa,2022-11-06,2022,11,0.0,10.713110246022667,0.0,S1_SAR,,0
Wagayakulama Wewa,2022-11-18,2022,11,0.0,10.713110246022667,0.0,S1_SAR,,0
Wagayakulama Wewa,2022-11-30,2022,11,0.0,10.713110246022667,0.0,S1_SAR,,0
Wagayakulama Wewa,2022-12-12,2022,12,0.0,10.713110246022667,0.0,S1_SAR,,0
Wagayakulama Wewa,2022-12-24,2022,12,0.0,10.713110246022667,0.0,S1_SAR,,0
Wagayakulama Wewa,2023-01-05,2023,1,0.0,10.713110246022667,0.0,S1_SAR,,0
Wagayakulama Wewa,2023-01-17,2023,1,0.0,10.713110246022667,0.0,S1_SAR,,0
Wagayakulama Wewa,2023-01-29,2023,1,0.0,10.713110246022667,0.0,S1_SAR,,0
Wagayakulama Wewa,2023-02-10,2023,2,0.0,10.713110246022667,0.0,S1_SAR,,0
Wagayakulama Wewa,2023-02-22,2023,2,0.0,10.713110246022667,0.0,S1_SAR,,0
Wagayakulama Wewa,2023-03-06,2023,3,0.0,10.713110246022667,0.0,S1_SAR,,0
Wagayakulama Wewa,2023-03-18,2023,3,0.0,10.713110246022667,0.0,S1_SAR,,0
Wagayakulama Wewa,2023-03-30,2023,3,0.0,10.713110246022667,0.0,S1_SAR,,0
Wagayakulama Wewa,2023-04-11,2023,4,0.0,10.713110246022667,0.0,S1_SAR,,0
Wagayakulama Wewa,2023-04-23,2023,4,0.0,10.713110246022667,0.0,S1_SAR,,0
Wagayakulama Wewa,2023-05-05,2023,5,0.0,10.713110246022667,0.0,S1_SAR,,0
Wagayakulama Wewa,2023-05-17,2023,5,0.0,10.713110246022667,0.0,S1_SAR,,0
Wagayakulama Wewa,2023-05-29,2023,5,0.0,10.713110246022667,0.0,S1_SAR,,0
Wagayakulama Wewa,2023-06-10,2023,6,0.0300216117858886,10.713110246022667,0.2802324544082279,S1_SAR,,0
Wagayakulama Wewa,2023-06-22,2023,6,0.140100853729248,10.713110246022667,1.3077514420358145,S1_SAR,,0
Wagayakulama Wewa,2023-07-04,2023,7,0.0600432235717773,10.713110246022667,0.5604649088164559,S1_SAR,,0
Wagayakulama Wewa,2023-07-16,2023,7,0.2201584869384765,10.713110246022667,2.055038003741372,S1_SAR,,0
Wagayakulama Wewa,2023-07-28,2023,7,0.3202305313110352,10.713110246022667,2.9891462325791287,S1_SAR,,0
Wagayakulama Wewa,2023-08-09,2023,8,0.4431817915523754,10.713110246022667,4.136817239577184,S1_SAR,,0
Wagayakulama Wewa,2023-09-02,2023,9,0.7129838672892251,10.713110246022667,6.655246244235435,S1_SAR,,0
Wagayakulama Wewa,2023-09-14,2023,9,0.8327170569057089,10.713110246022667,7.772878629853194,S1_SAR,,0
Wagayakulama Wewa,2023-09-26,2023,9,0.8176866108314665,10.713110246022667,7.632579074177265,S1_SAR,,0
Wagayakulama Wewa,2023-10-08,2023,10,0.5443526625360227,10.713110246022667,5.081182308733528,S1_SAR,,0
Wagayakulama Wewa,2023-10-20,2023,10,0.6004322593688964,10.713110246022667,5.604649308932594,S1_SAR,,0
Wagayakulama Wewa,2023-11-01,2023,11,0.0300216133117675,10.713110246022667,0.280232468651327,S1_SAR,,0
Wagayakulama Wewa,2023-11-13,2023,11,4.431384902041564,10.713110246022667,41.364130493166094,S1_SAR,,0
Wagayakulama Wewa,2023-11-25,2023,11,3.8045809082270607,10.713110246022667,35.51331798941902,S1_SAR,,0
Wagayakulama Wewa,2023-12-07,2023,12,3.927649786113666,10.713110246022667,36.6620868815556,S1_SAR,,0
Wagayakulama Wewa,2023-12-19,2023,12,3.610127369058645,10.713110246022667,33.69821915534693,S1_SAR,,0
Wagayakulama Wewa,2023-12-31,2023,12,3.4108859215859804,10.713110246022667,31.838428273920737,S1_SAR,,0
Wagayakulama Wewa,2024-01-12,2024,1,3.679392869609759,10.713110246022667,34.34476809361469,S1_SAR,,0
Wagayakulama Wewa,2024-01-24,2024,1,3.260071550912296,10.713110246022667,30.430673035616568,S1_SAR,,0
Wagayakulama Wewa,2024-02-05,2024,2,2.949652299158433,10.713110246022667,27.53310879306517,S1_SAR,,0
Wagayakulama Wewa,2024-02-17,2024,2,2.711951844024658,10.713110246022667,25.31432778852895,S1_SAR,,0
Wagayakulama Wewa,2024-02-29,2024,2,2.741973631286621,10.713110246022667,25.59456188089357,S1_SAR,,0
Wagayakulama Wewa,2024-03-12,2024,3,2.842045574951172,10.713110246022667,26.528669169686783,S1_SAR,,0
Wagayakulama Wewa,2024-03-24,2024,3,2.611879850769043,10.713110246022667,24.38022003683501,S1_SAR,,0
Wagayakulama Wewa,2024-04-05,2024,4,2.341685438537598,10.713110246022667,21.85812882311156,S1_SAR,,0
Wagayakulama Wewa,2024-04-17,2024,4,2.4117356925964355,10.713110246022667,22.51200293109849,S1_SAR,,0
Wagayakulama Wewa,2024-04-29,2024,4,2.0014404205322265,10.713110246022667,18.68216021836682,S1_SAR,,0
Wagayakulama Wewa,2024-05-11,2024,5,1.9313897315979005,10.713110246022667,18.02828205109665,S1_SAR,,0
Wagayakulama Wewa,2024-05-23,2024,5,1.4097200880162857,10.713110246022667,13.15883114840208,S1_SAR,,0
Wagayakulama Wewa,2024-06-04,2024,6,2.511375321807861,10.713110246022667,23.44207484227309,S1_SAR,,0
Wagayakulama Wewa,2024-06-16,2024,6,2.12603927308924,10.713110246022667,19.84521044090394,S1_SAR,,0
Wagayakulama Wewa,2024-07-10,2024,7,1.3829558301798504,10.713110246022667,12.909003999966156,S1_SAR,,0
Wagayakulama Wewa,2024-07-22,2024,7,1.5231350750642665,10.713110246022667,14.217487173062024,S1_SAR,,0
Wagayakulama Wewa,2024-08-03,2024,8,1.0307416633605957,10.713110246022667,9.621311082309337,S1_SAR,,0
Wagayakulama Wewa,2024-08-15,2024,8,0.371600651550293,10.713110246022667,3.46865329504336,S1_SAR,,0
Wagayakulama Wewa,2024-08-27,2024,8,0.2001440132141113,10.713110246022667,1.8682157526421093,S1_SAR,,0
Wagayakulama Wewa,2024-09-20,2024,9,0.0400287811279296,10.713110246022667,0.3736429497007249,S1_SAR,,0
Wagayakulama Wewa,2024-10-02,2024,10,0.0,10.713110246022667,0.0,S1_SAR,,0
Wagayakulama Wewa,2024-10-14,2024,10,0.1701223289489746,10.713110246022667,1.5879826216866757,S1_SAR,,0
Wagayakulama Wewa,2024-10-26,2024,10,0.2101511222839355,10.713110246022667,1.961625685332193,S1_SAR,,0
Wagayakulama Wewa,2024-11-07,2024,11,0.3624176475405226,10.713110246022667,3.3829358535265066,S1_SAR,,0
Wagayakulama Wewa,2024-11-19,2024,11,0.4657076278028301,10.713110246022667,4.347081446078911,S1_SAR,,0
Wagayakulama Wewa,2024-12-13,2024,12,2.430768389039881,10.713110246022667,22.689660922161465,S1_SAR,,0
Wagayakulama Wewa,2024-12-25,2024,12,2.3948206972279267,10.713110246022667,22.35411231875472,S1_SAR,,0
Wagayakulama Wewa,2025-01-06,2025,1,3.0521965118408203,10.713110246022667,28.490293124482445,S1_SAR,,0
Wagayakulama Wewa,2025-01-18,2025,1,3.644897420008042,10.713110246022667,34.02277523804295,S1_SAR,,0
Wagayakulama Wewa,2025-01-30,2025,1,3.421952722975787,10.713110246022667,31.941729753469268,S1_SAR,,0
Wagayakulama Wewa,2025-02-11,2025,2,4.026740887406293,10.713110246022667,37.58703863708725,S1_SAR,,0
Wagayakulama Wewa,2025-02-23,2025,2,3.5825781761169435,10.713110246022667,33.44106514209546,S1_SAR,,0
Wagayakulama Wewa,2025-03-07,2025,3,2.922103031158448,10.713110246022667,27.275954079192854,S1_SAR,,0
Wagayakulama Wewa,2025-03-19,2025,3,2.8220312995910644,10.713110246022667,26.341848770190406,S1_SAR,,0
Wagayakulama Wewa,2025-03-31,2025,3,2.9605230639349247,10.713110246022667,27.63458039679974,S1_SAR,,0
Wagayakulama Wewa,2025-04-12,2025,4,2.874264138366101,10.713110246022667,26.82940875581109,S1_SAR,,0
Wagayakulama Wewa,2025-04-24,2025,4,3.4887453921419023,10.713110246022667,32.56519639977689,S1_SAR,,0
Wagayakulama Wewa,2025-05-06,2025,5,2.550619159632664,10.713110246022667,23.80839085063652,S1_SAR,,0
Wagayakulama Wewa,2025-05-18,2025,5,2.3077775908077465,10.713110246022667,21.54162085342609,S1_SAR,,0
Wagayakulama Wewa,2025-05-30,2025,5,2.643509460153019,10.713110246022667,24.67546211553684,S1_SAR,,0
Wagayakulama Wewa,2025-06-11,2025,6,2.7764287152428726,10.713110246022667,25.916177949103485,S1_SAR,,0
Wagayakulama Wewa,2025-06-23,2025,6,3.3911063819316785,10.713110246022667,31.653798981399035,S1_SAR,,0
Wagayakulama Wewa,2025-07-05,2025,7,2.6895427889655616,10.713110246022667,25.105153659406028,S1_SAR,,0
Wagayakulama Wewa,2025-07-17,2025,7,2.911074884108001,10.713110246022667,27.17301341306333,S1_SAR,,0
Wagayakulama Wewa,2025-07-29,2025,7,2.892080916595459,10.713110246022667,26.99571693168348,S1_SAR,,0
Wagayakulama Wewa,2025-08-10,2025,8,2.661915264892578,10.713110246022667,24.847268475378907,S1_SAR,,0
Wagayakulama Wewa,2025-08-22,2025,8,2.301656147766113,10.713110246022667,21.48448111621574,S1_SAR,,0
Wagayakulama Wewa,2025-09-03,2025,9,1.411015522003174,10.713110246022667,13.170923192235657,S1_SAR,,0
Wagayakulama Wewa,2025-09-15,2025,9,1.5511162216186525,10.713110246022667,14.478673195718464,S1_SAR,,0
Wagayakulama Wewa,2025-09-27,2025,9,1.6111594841003418,10.713110246022667,15.039138467733943,S1_SAR,,0
Wagayakulama Wewa,2025-10-09,2025,10,1.100792204284668,10.713110246022667,10.275187867998898,S1_SAR,,0
Wagayakulama Wewa,2025-10-21,2025,10,3.2026960347613165,10.713110246022667,29.89510946132888,S1_SAR,,0
Wagayakulama Wewa,2025-11-02,2025,11,3.903239438694975,10.713110246022667,36.43423197426803,S1_SAR,,0
Wagayakulama Wewa,2025-11-14,2025,11,2.351495315064074,10.713110246022667,21.94969771674932,S1_SAR,,0
Wagayakulama Wewa,2025-11-26,2025,11,2.890785516369389,10.713110246022667,26.98362520298545,S1_SAR,,0
Wagayakulama Wewa,2025-12-02,2025,12,3.720402036563648,10.713110246022667,34.727562315013785,S1_SAR,,0
Wagayakulama Wewa,2025-12-08,2025,12,2.848009761077281,10.713110246022667,26.584341014642582,S1_SAR,,0
Wagayakulama Wewa,2025-12-20,2025,12,2.696802871431837,10.713110246022667,25.172921863966145,S1_SAR,,0
Walagambahuwa Wewa,2021-01-03,2021,1,2.011462942504883,26.380997371113686,7.624666020805444,S1_SAR,,0
Walagambahuwa Wewa,2021-01-15,2021,1,5.654111939239502,26.380997371113686,21.43251773123092,S1_SAR,,0
Walagambahuwa Wewa,2021-01-27,2021,1,4.973616961669922,26.380997371113686,18.853028533014704,S1_SAR,,0
Walagambahuwa Wewa,2021-02-08,2021,2,5.734169701385498,26.380997371113686,21.735985265152344,S1_SAR,,0
Walagambahuwa Wewa,2021-02-20,2021,2,4.062954134368897,26.380997371113686,15.40106341399244,S1_SAR,,0
Walagambahuwa Wewa,2021-03-04,2021,3,3.932859401702881,26.380997371113686,14.907925376654754,S1_SAR,,0
Walagambahuwa Wewa,2021-03-16,2021,3,2.551855040740967,26.380997371113686,9.673080228328148,S1_SAR,,0
Walagambahuwa Wewa,2021-03-28,2021,3,2.331694913482666,26.380997371113686,8.83853965292379,S1_SAR,,0
Walagambahuwa Wewa,2021-04-09,2021,4,1.3409746376037597,26.380997371113686,5.083108188593666,S1_SAR,,0
Walagambahuwa Wewa,2021-04-21,2021,4,1.290938233947754,26.380997371113686,4.893439833936257,S1_SAR,,0
Walagambahuwa Wewa,2021-05-03,2021,5,0.5504000373840332,26.380997371113686,2.086350374253488,S1_SAR,,0
Walagambahuwa Wewa,2021-05-15,2021,5,0.9306763977050782,26.380997371113686,3.527828704172261,S1_SAR,,0
Walagambahuwa Wewa,2021-05-27,2021,5,0.6504727333068848,26.380997371113686,2.465686661335749,S1_SAR,,0
Walagambahuwa Wewa,2021-06-08,2021,6,0.5504000267028809,26.380997371113686,2.0863503337654343,S1_SAR,,0
Walagambahuwa Wewa,2021-06-14,2021,6,0.5403927345275878,26.380997371113686,2.048416619453895,S1_SAR,,0
Walagambahuwa Wewa,2021-06-20,2021,6,0.2201599960327148,26.380997371113686,0.8345400779797004,S1_SAR,,0
Walagambahuwa Wewa,2021-07-02,2021,7,0.1701236213684082,26.380997371113686,0.6448718332184358,S1_SAR,,0
Walagambahuwa Wewa,2021-07-14,2021,7,0.0500363876342773,26.380997371113686,0.1896682939253294,S1_SAR,,0
Walagambahuwa Wewa,2021-07-26,2021,7,0.0,26.380997371113686,0.0,S1_SAR,,0
Walagambahuwa Wewa,2021-08-07,2021,8,0.1601165084838867,26.380997371113686,0.6069387985277955,S1_SAR,,0
Walagambahuwa Wewa,2021-08-19,2021,8,0.192728545218075,26.380997371113686,0.7305582215367882,S1_SAR,,0
Walagambahuwa Wewa,2021-08-31,2021,8,0.1200874221801757,26.380997371113686,0.4552042536180512,S1_SAR,,0
Walagambahuwa Wewa,2021-09-12,2021,9,0.1601165718078613,26.380997371113686,0.6069390385641129,S1_SAR,,0
Walagambahuwa Wewa,2021-09-24,2021,9,0.6832033928126915,26.380997371113686,2.589755736683316,S1_SAR,,0
Walagambahuwa Wewa,2021-10-06,2021,10,0.0,26.380997371113686,0.0,S1_SAR,,0
Walagambahuwa Wewa,2021-10-18,2021,10,0.0,26.380997371113686,0.0,S1_SAR,,0
Walagambahuwa Wewa,2021-10-30,2021,10,0.0,26.380997371113686,0.0,S1_SAR,,0
Walagambahuwa Wewa,2021-11-17,2021,11,8.225983611297607,26.380997371113686,31.18147314742841,S1_SAR,,0
Walagambahuwa Wewa,2021-11-23,2021,11,3.3324240524292,26.380997371113686,12.631910786201331,S1_SAR,,0
Walagambahuwa Wewa,2021-12-05,2021,12,0.1901383064270019,26.380997371113686,0.7207396435860195,S1_SAR,,0
Walagambahuwa Wewa,2021-12-17,2021,12,0.100072802734375,26.380997371113686,0.3793366919627966,S1_SAR,,0
Walagambahuwa Wewa,2021-12-29,2021,12,0.0,26.380997371113686,0.0,S1_SAR,,0
Walagambahuwa Wewa,2022-01-10,2022,1,0.2501819068908691,26.380997371113686,0.9483413510544906,S1_SAR,,0
Walagambahuwa Wewa,2022-01-22,2022,1,0.1200873046875,26.380997371113686,0.4552038082494621,S1_SAR,,0
Walagambahuwa Wewa,2022-02-03,2022,2,2.231622556304932,26.380997371113686,8.459204649891229,S1_SAR,,0
Walagambahuwa Wewa,2022-02-15,2022,2,4.643376651000977,26.380997371113686,17.601217215863567,S1_SAR,,0
Walagambahuwa Wewa,2022-02-27,2022,2,4.2430853881835935,26.380997371113686,16.083870251356117,S1_SAR,,0
Walagambahuwa Wewa,2022-03-11,2022,3,4.052946774291992,26.380997371113686,15.363129442292555,S1_SAR,,0
Walagambahuwa Wewa,2022-03-23,2022,3,2.762008081817627,26.380997371113686,10.469687870262002,S1_SAR,,0
Walagambahuwa Wewa,2022-04-04,2022,4,3.492539223480225,26.380997371113686,13.238844515046422,S1_SAR,,0
Walagambahuwa Wewa,2022-04-16,2022,4,1.8413382469177249,26.380997371113686,6.979790115645623,S1_SAR,,0
Walagambahuwa Wewa,2022-04-28,2022,4,1.991447447204589,26.380997371113686,7.548795139129798,S1_SAR,,0
Walagambahuwa Wewa,2022-05-10,2022,5,2.2516365112304686,26.380997371113686,8.53506969261115,S1_SAR,,0
Walagambahuwa Wewa,2022-05-22,2022,5,2.161571044921875,26.380997371113686,8.193666882696116,S1_SAR,,0
Walagambahuwa Wewa,2022-06-03,2022,6,2.4317674987792968,26.380997371113686,9.217875520665498,S1_SAR,,0
Walagambahuwa Wewa,2022-06-15,2022,6,2.7219784362792967,26.380997371113686,10.317951205513452,S1_SAR,,0
Walagambahuwa Wewa,2022-06-27,2022,6,2.031476498413086,26.380997371113686,7.700529551007366,S1_SAR,,0
Walagambahuwa Wewa,2022-07-09,2022,7,2.2916656547546386,26.380997371113686,8.686804454421182,S1_SAR,,0
Walagambahuwa Wewa,2022-07-21,2022,7,1.9013819770812987,26.380997371113686,7.207392314754743,S1_SAR,,0
Walagambahuwa Wewa,2022-08-02,2022,8,1.3409746452331543,26.380997371113686,5.083108217513705,S1_SAR,,0
Walagambahuwa Wewa,2022-08-14,2022,8,1.3810037513732911,26.380997371113686,5.234842837615549,S1_SAR,,0
Walagambahuwa Wewa,2022-08-26,2022,8,1.2108801307678223,26.380997371113686,4.589971007289117,S1_SAR,,0
Walagambahuwa Wewa,2022-09-07,2022,9,0.6304582550048828,26.380997371113686,2.389819634701202,S1_SAR,,0
Walagambahuwa Wewa,2022-09-19,2022,9,0.4102982391357422,26.380997371113686,1.5552794815294024,S1_SAR,,0
Walagambahuwa Wewa,2022-10-01,2022,10,0.1000727195739746,26.380997371113686,0.3793363767343796,S1_SAR,,0
Walagambahuwa Wewa,2022-10-13,2022,10,0.2501821395874023,26.380997371113686,0.9483422331156572,S1_SAR,,0
Walagambahuwa Wewa,2022-10-25,2022,10,0.0800581787109375,26.380997371113686,0.303469112955519,S1_SAR,,0
Walagambahuwa Wewa,2022-11-06,2022,11,0.4903564010620117,26.380997371113686,1.8587485308608367,S1_SAR,,0
Walagambahuwa Wewa,2022-11-18,2022,11,1.4610621559143069,26.380997371113686,5.5383128066042,S1_SAR,,0
Walagambahuwa Wewa,2022-11-30,2022,11,1.150836498260498,26.380997371113686,4.362369178356484,S1_SAR,,0
Walagambahuwa Wewa,2022-12-12,2022,12,2.6319133392333987,26.380997371113686,9.97654979532827,S1_SAR,,0
Walagambahuwa Wewa,2022-12-24,2022,12,5.584059944152832,26.380997371113686,21.166978130505377,S1_SAR,,0
Walagambahuwa Wewa,2023-01-05,2023,1,5.493994134521484,26.380997371113686,20.82557401918862,S1_SAR,,0
Walagambahuwa Wewa,2023-01-17,2023,1,6.714882109832764,26.380997371113686,25.453480834600047,S1_SAR,,0
Walagambahuwa Wewa,2023-01-29,2023,1,6.334605639648437,26.380997371113686,24.01200208823272,S1_SAR,,0
Walagambahuwa Wewa,2023-02-10,2023,2,5.814227010345459,26.380997371113686,22.039451081223504,S1_SAR,,0
Walagambahuwa Wewa,2023-02-22,2023,2,5.924307041168213,26.380997371113686,22.456721244569515,S1_SAR,,0
Walagambahuwa Wewa,2023-03-06,2023,3,6.4146637466430665,26.380997371113686,24.31547092933988,S1_SAR,,0
Walagambahuwa Wewa,2023-03-18,2023,3,5.1537466270446775,26.380997371113686,19.53582934922641,S1_SAR,,0
Walagambahuwa Wewa,2023-03-30,2023,3,5.423943098449708,26.380997371113686,20.56003805371189,S1_SAR,,0
Walagambahuwa Wewa,2023-04-11,2023,4,3.5225605255126955,26.380997371113686,13.35264348030216,S1_SAR,,0
Walagambahuwa Wewa,2023-04-23,2023,4,3.092247618865967,26.380997371113686,11.72149625492126,S1_SAR,,0
Walagambahuwa Wewa,2023-05-05,2023,5,2.982167617034912,26.380997371113686,11.30422620147139,S1_SAR,,0
Walagambahuwa Wewa,2023-05-17,2023,5,2.541847518157959,26.380997371113686,9.635145640631452,S1_SAR,,0
Walagambahuwa Wewa,2023-05-29,2023,5,1.9314037643432616,26.380997371113686,7.321193119324914,S1_SAR,,0
Walagambahuwa Wewa,2023-06-10,2023,6,1.4410474227905274,26.380997371113686,5.462444814040376,S1_SAR,,0
Walagambahuwa Wewa,2023-06-22,2023,6,2.641920502471924,26.380997371113686,10.01448302089116,S1_SAR,,0
Walagambahuwa Wewa,2023-07-04,2023,7,4.24308485031128,26.380997371113686,16.083868212493424,S1_SAR,,0
Walagambahuwa Wewa,2023-07-16,2023,7,4.1830416000366215,26.380997371113686,15.856267832454709,S1_SAR,,0
Walagambahuwa Wewa,2023-07-28,2023,7,4.423216088104248,26.380997371113686,16.766674989125026,S1_SAR,,0
Walagambahuwa Wewa,2023-08-09,2023,8,2.521833734130859,26.380997371113686,9.559281245720388,S1_SAR,,0
Walagambahuwa Wewa,2023-09-02,2023,9,2.231623176574707,26.380997371113686,8.45920700109034,S1_SAR,,0
Walagambahuwa Wewa,2023-09-14,2023,9,1.8313316108703608,26.380997371113686,6.941858888457372,S1_SAR,,0
Walagambahuwa Wewa,2023-09-26,2023,9,1.0168175670399384,26.380997371113686,3.854356045512213,S1_SAR,,0
Walagambahuwa Wewa,2023-10-08,2023,10,0.620450991821289,26.380997371113686,2.351886030285808,S1_SAR,,0
Walagambahuwa Wewa,2023-10-20,2023,10,3.0221981796264648,26.380997371113686,11.455966342408535,S1_SAR,,0
Walagambahuwa Wewa,2023-11-01,2023,11,1.8913758529663085,26.380997371113686,7.169463028101061,S1_SAR,,0
Walagambahuwa Wewa,2023-11-13,2023,11,14.170308126831054,26.380997371113686,53.71407277553149,S1_SAR,,0
Walagambahuwa Wewa,2023-11-25,2023,11,10.057316786193848,26.380997371113686,38.12333796449362,S1_SAR,,0
Walagambahuwa Wewa,2023-12-07,2023,12,10.507644342803957,26.380997371113686,39.830352867209925,S1_SAR,,0
Walagambahuwa Wewa,2023-12-19,2023,12,14.190321209716798,26.380997371113686,53.78993451269104,S1_SAR,,0
Walagambahuwa Wewa,2023-12-31,2023,12,13.129549085235595,26.380997371113686,49.76896400290011,S1_SAR,,0
Walagambahuwa Wewa,2024-01-12,2024,1,13.830058638000487,26.380997371113686,52.42432059503536,S1_SAR,,0
Walagambahuwa Wewa,2024-01-24,2024,1,13.669942148590088,26.380997371113686,51.81738186880766,S1_SAR,,0
Walagambahuwa Wewa,2024-02-05,2024,2,13.69996400604248,26.380997371113686,51.93118293944218,S1_SAR,,0
Walagambahuwa Wewa,2024-02-17,2024,2,13.6098983253479,26.380997371113686,51.58977931687407,S1_SAR,,0
Walagambahuwa Wewa,2024-02-29,2024,2,14.140283969116211,26.380997371113686,53.60026298550543,S1_SAR,,0
Walagambahuwa Wewa,2024-03-12,2024,3,13.179585163116457,26.380997371113686,49.95863112267189,S1_SAR,,0
Walagambahuwa Wewa,2024-03-24,2024,3,13.24963624420166,26.380997371113686,50.224167258776845,S1_SAR,,0
Walagambahuwa Wewa,2024-04-05,2024,4,12.979439553070067,26.380997371113686,49.19995772139428,S1_SAR,,0
Walagambahuwa Wewa,2024-04-17,2024,4,12.228893880462646,26.380997371113686,46.354933850427045,S1_SAR,,0
Walagambahuwa Wewa,2024-04-29,2024,4,11.198144155883789,26.380997371113686,42.44776646748535,S1_SAR,,0
Walagambahuwa Wewa,2024-05-11,2024,5,10.147379961395265,26.380997371113686,38.46473208972117,S1_SAR,,0
Walagambahuwa Wewa,2024-05-23,2024,5,8.135917472076416,26.380997371113686,30.840067786766,S1_SAR,,0
Walagambahuwa Wewa,2024-06-04,2024,6,10.867904429626464,26.380997371113686,41.195957365609154,S1_SAR,,0
Walagambahuwa Wewa,2024-06-16,2024,6,10.21743137664795,26.380997371113686,38.7302694925238,S1_SAR,,0
Walagambahuwa Wewa,2024-07-10,2024,7,9.326783543395996,26.380997371113686,35.35417335513066,S1_SAR,,0
Walagambahuwa Wewa,2024-07-22,2024,7,9.817140281677244,26.380997371113686,37.21292316425719,S1_SAR,,0
Walagambahuwa Wewa,2024-08-03,2024,8,8.195961011505126,26.380997371113686,31.06766926287416,S1_SAR,,0
Walagambahuwa Wewa,2024-08-15,2024,8,8.215975495910644,26.380997371113686,31.143536312644738,S1_SAR,,0
Walagambahuwa Wewa,2024-08-27,2024,8,6.024381125640869,26.380997371113686,22.83606279509874,S1_SAR,,0
Walagambahuwa Wewa,2024-09-20,2024,9,4.943594889068604,26.380997371113686,18.739226646835103,S1_SAR,,0
Walagambahuwa Wewa,2024-10-02,2024,10,4.533296286773681,26.380997371113686,17.183945788711878,S1_SAR,,0
Walagambahuwa Wewa,2024-10-14,2024,10,3.912845142364502,26.380997371113686,14.832059180025306,S1_SAR,,0
Walagambahuwa Wewa,2024-10-26,2024,10,4.363172392272949,26.380997371113686,16.539072920156073,S1_SAR,,0
Walagambahuwa Wewa,2024-11-07,2024,11,11.478349267578125,26.380997371113686,43.50991399645313,S1_SAR,,0
Walagambahuwa Wewa,2024-11-19,2024,11,10.017286087036132,26.380997371113686,37.97159730588779,S1_SAR,,0
Walagambahuwa Wewa,2024-12-13,2024,12,15.250623517707377,26.380997371113686,57.80912413268461,S1_SAR,,0
Walagambahuwa Wewa,2024-12-25,2024,12,12.929404846954348,26.380997371113686,49.01029580144538,S1_SAR,,0
Walagambahuwa Wewa,2025-01-06,2025,1,12.937920174416934,26.380997371113686,49.04257406349438,S1_SAR,,0
Walagambahuwa Wewa,2025-01-18,2025,1,11.208151319885252,26.380997371113686,42.485699695940255,S1_SAR,,0
Walagambahuwa Wewa,2025-01-30,2025,1,11.04803483352661,26.380997371113686,41.87876098128056,S1_SAR,,0
Walagambahuwa Wewa,2025-02-11,2025,2,11.48835491256714,26.380997371113686,43.54784146692841,S1_SAR,,0
Walagambahuwa Wewa,2025-02-23,2025,2,11.48835500793457,26.380997371113686,43.547841828428886,S1_SAR,,0
Walagambahuwa Wewa,2025-03-07,2025,3,13.32706574704937,26.380997371113686,50.51767209393706,S1_SAR,,0
Walagambahuwa Wewa,2025-03-19,2025,3,12.539119522857666,26.380997371113686,47.530877420834685,S1_SAR,,0
Walagambahuwa Wewa,2025-03-31,2025,3,12.70924344558716,26.380997371113686,48.17575039639463,S1_SAR,,0
Walagambahuwa Wewa,2025-04-12,2025,4,12.95942587890625,26.380997371113686,49.12409374293176,S1_SAR,,0
Walagambahuwa Wewa,2025-04-24,2025,4,12.589156758880614,26.380997371113686,47.72054893066826,S1_SAR,,0
Walagambahuwa Wewa,2025-05-06,2025,5,11.548399389648438,26.380997371113686,43.77544649730928,S1_SAR,,0
Walagambahuwa Wewa,2025-05-18,2025,5,11.668487187957764,26.380997371113686,44.23065217668521,S1_SAR,,0
Walagambahuwa Wewa,2025-05-30,2025,5,7.5254735725402835,26.380997371113686,28.526114713086727,S1_SAR,,0
Walagambahuwa Wewa,2025-06-11,2025,6,8.30604126739502,26.380997371113686,31.484940279361307,S1_SAR,,0
Walagambahuwa Wewa,2025-06-23,2025,6,9.63700898513794,26.380997371113686,36.5301161649413,S1_SAR,,0
Walagambahuwa Wewa,2025-07-05,2025,7,10.617722360992431,26.380997371113686,40.24761540144985,S1_SAR,,0
Walagambahuwa Wewa,2025-07-17,2025,7,11.638464575195313,26.380997371113686,44.1168482429669,S1_SAR,,0
Walagambahuwa Wewa,2025-07-29,2025,7,10.387554698944092,26.380997371113686,39.375140192076735,S1_SAR,,0
Walagambahuwa Wewa,2025-08-10,2025,8,7.985807357025147,26.380997371113686,30.27105929576923,S1_SAR,,0
Walagambahuwa Wewa,2025-08-22,2025,8,7.015101007080078,26.380997371113686,26.591492764262885,S1_SAR,,0
Walagambahuwa Wewa,2025-09-03,2025,9,5.544031064605713,26.380997371113686,21.01524436932867,S1_SAR,,0
Walagambahuwa Wewa,2025-09-15,2025,9,5.243812950897217,26.380997371113686,19.877235409753755,S1_SAR,,0
Walagambahuwa Wewa,2025-09-27,2025,9,4.813499896240234,26.380997371113686,18.246087623324115,S1_SAR,,0
Walagambahuwa Wewa,2025-10-09,2025,10,4.95360143661499,26.380997371113686,18.777157538550902,S1_SAR,,0
Walagambahuwa Wewa,2025-10-21,2025,10,12.328967475128174,26.380997371113686,46.73427354428981,S1_SAR,,0
Walagambahuwa Wewa,2025-11-02,2025,11,7.435407569885254,26.380997371113686,28.184709870093,S1_SAR,,0
Walagambahuwa Wewa,2025-11-14,2025,11,7.535479615020752,26.380997371113686,28.564043690296,S1_SAR,,0
Walagambahuwa Wewa,2025-11-26,2025,11,12.459062125396729,26.380997371113686,47.22741126929108,S1_SAR,,0
Walagambahuwa Wewa,2025-12-02,2025,12,18.844140281105787,26.380997371113686,71.43073484302566,S1_SAR,,0
Walagambahuwa Wewa,2025-12-08,2025,12,14.854335661719826,26.380997371113686,56.30695251114663,S1_SAR,,0
Walagambahuwa Wewa,2025-12-20,2025,12,17.562423065068863,26.380997371113686,66.57224826647051,S1_SAR,,0
Wannanmaduwa Wewa,2021-01-03,2021,1,33.68862968274285,90.17898086294248,37.357518748126175,S1_SAR_fallback,,0
Wannanmaduwa Wewa,2021-01-15,2021,1,29.92055926535213,90.17898086294248,33.179083395083566,S1_SAR_fallback,,0
Wannanmaduwa Wewa,2021-01-27,2021,1,31.219816032813576,90.17898086294248,34.619836833444225,S2_MNDWI,2021-01-25,2
Wannanmaduwa Wewa,2021-02-08,2021,2,25.711520548661177,90.17898086294248,28.51165571247534,S2_MNDWI,2021-02-09,1
Wannanmaduwa Wewa,2021-02-20,2021,2,17.362793856811525,90.17898086294248,19.253703790687297,S1_SAR_fallback,,0
Wannanmaduwa Wewa,2021-03-04,2021,3,9.70635735321045,90.17898086294248,10.763436512952556,S2_MNDWI,2021-03-01,3
Wannanmaduwa Wewa,2021-03-16,2021,3,13.00958509902954,90.17898086294248,14.426405105200752,S1_SAR_fallback,,0
Wannanmaduwa Wewa,2021-03-28,2021,3,2.9010795860290526,90.17898086294248,3.2170241427303625,S2_MNDWI,2021-03-31,3
Wannanmaduwa Wewa,2021-04-09,2021,4,8.956597737884522,90.17898086294248,9.932023684651202,S1_SAR_fallback,,0
Wannanmaduwa Wewa,2021-04-21,2021,4,10.53776284713745,90.17898086294248,11.68538693418276,S1_SAR_fallback,,0
Wannanmaduwa Wewa,2021-05-03,2021,5,6.714946439361572,90.17898086294248,7.446243431789509,S1_SAR_fallback,,0
Wannanmaduwa Wewa,2021-05-15,2021,5,6.995153322601318,90.17898086294248,7.756966485608022,S1_SAR_fallback,,0
Wannanmaduwa Wewa,2021-05-27,2021,5,5.083745463562011,90.17898086294248,5.637395116816064,S1_SAR_fallback,,0
Wannanmaduwa Wewa,2021-06-08,2021,6,5.263878694152832,90.17898086294248,5.837145911144283,S1_SAR_fallback,,0
Wannanmaduwa Wewa,2021-06-14,2021,6,4.133045364379883,90.17898086294248,4.583158209185627,S1_SAR_fallback,,0
Wannanmaduwa Wewa,2021-06-20,2021,6,2.325925122034409,90.17898086294248,2.579231989291874,S2_MNDWI,2021-06-19,1
Wannanmaduwa Wewa,2021-07-02,2021,7,4.973665018463135,90.17898086294248,5.5153262665745855,S1_SAR_fallback,,0
Wannanmaduwa Wewa,2021-07-14,2021,7,4.103023426818847,90.17898086294248,4.549866706804751,S1_SAR_fallback,,0
Wannanmaduwa Wewa,2021-07-26,2021,7,4.032971749877929,90.17898086294248,4.472185991996735,S1_SAR_fallback,,0
Wannanmaduwa Wewa,2021-08-07,2021,8,2.8821235488891603,90.17898086294248,3.196003682132452,S1_SAR_fallback,,0
Wannanmaduwa Wewa,2021-08-19,2021,8,2.4217840927124024,90.17898086294248,2.6855305632618807,S1_SAR_fallback,,0
Wannanmaduwa Wewa,2021-08-31,2021,8,0.9807225303649902,90.17898086294248,1.0875289573914464,S1_SAR_fallback,,0
Wannanmaduwa Wewa,2021-09-12,2021,9,0.9006635696411133,90.17898086294248,0.998751106990194,S1_SAR_fallback,,0
Wannanmaduwa Wewa,2021-09-24,2021,9,1.6912459732055665,90.17898086294248,1.875432564242424,S1_SAR_fallback,,0
Wannanmaduwa Wewa,2021-10-06,2021,10,0.3202359550476074,90.17898086294248,0.355111525971129,S1_SAR_fallback,,0
Wannanmaduwa Wewa,2021-10-18,2021,10,0.4903613067626953,90.17898086294248,0.5437645248042507,S1_SAR_fallback,,0
Wannanmaduwa Wewa,2021-10-30,2021,10,25.05846119613648,90.17898086294248,27.78747437190636,S1_SAR_fallback,,0
Wannanmaduwa Wewa,2021-11-17,2021,11,27.62034836578369,90.17898086294248,30.628366057676093,S1_SAR_fallback,,0
Wannanmaduwa Wewa,2021-11-23,2021,11,14.574283582305908,90.17898086294248,16.161508416752316,S2_MNDWI,2021-11-21,2
Wannanmaduwa Wewa,2021-12-05,2021,12,35.69629937973023,90.17898086294248,39.58383543276327,S1_SAR_fallback,,0
Wannanmaduwa Wewa,2021-12-17,2021,12,16.452122312164306,90.17898086294248,18.24385478160247,S1_SAR_fallback,,0
Wannanmaduwa Wewa,2021-12-29,2021,12,8.08595704498291,90.17898086294248,8.966565121502386,S1_SAR_fallback,,0
Wannanmaduwa Wewa,2022-01-10,2022,1,10.267564875030518,90.17898086294248,11.385762820535268,S1_SAR_fallback,,0
Wannanmaduwa Wewa,2022-01-22,2022,1,3.9828325355529786,90.17898086294248,4.416586323598226,S2_MNDWI,2022-01-20,2
Wannanmaduwa Wewa,2022-02-03,2022,2,3.982831240081787,90.17898086294248,4.416584887042635,S2_MNDWI,2022-02-04,1
Wannanmaduwa Wewa,2022-02-15,2022,2,7.775728895568847,90.17898086294248,8.622551309807664,S1_SAR_fallback,,0
Wannanmaduwa Wewa,2022-02-27,2022,2,5.083744940185547,90.17898086294248,5.637394536440836,S1_SAR_fallback,,0
Wannanmaduwa Wewa,2022-03-11,2022,3,5.3039071754455565,90.17898086294248,5.881533728471207,S1_SAR_fallback,,0
Wannanmaduwa Wewa,2022-03-23,2022,3,25.067331286857456,90.17898086294248,27.797310467453347,S2_MNDWI,2022-03-21,2
Wannanmaduwa Wewa,2022-04-04,2022,4,7.295374771881104,90.17898086294248,8.089883808920948,S1_SAR_fallback,,0
Wannanmaduwa Wewa,2022-04-16,2022,4,23.77261619847616,90.17898086294248,26.36159332362239,S1_SAR_fallback,,0
Wannanmaduwa Wewa,2022-04-28,2022,4,6.284629788208008,90.17898086294248,6.969062777233681,S1_SAR_fallback,,0
Wannanmaduwa Wewa,2022-05-10,2022,5,3.1523222221374514,90.17898086294248,3.495628573279702,S1_SAR_fallback,,0
Wannanmaduwa Wewa,2022-05-22,2022,5,2.792057025146484,90.17898086294248,3.096128386491705,S1_SAR_fallback,,0
Wannanmaduwa Wewa,2022-06-03,2022,6,2.6919832298278807,90.17898086294248,2.985155968794172,S1_SAR_fallback,,0
Wannanmaduwa Wewa,2022-06-15,2022,6,2.3617399536132813,90.17898086294248,2.618947265774433,S1_SAR_fallback,,0
Wannanmaduwa Wewa,2022-06-27,2022,6,0.4945227151309743,90.17898086294248,0.5483791349145642,S2_MNDWI,2022-06-29,2
Wannanmaduwa Wewa,2022-07-09,2022,7,2.54187269821167,90.17898086294248,2.818697521182799,S1_SAR_fallback,,0
Wannanmaduwa Wewa,2022-07-21,2022,7,2.641946509552002,90.17898086294248,2.929669956646921,S1_SAR_fallback,,0
Wannanmaduwa Wewa,2022-08-02,2022,8,1.481091062927246,90.17898086294248,1.642390553490803,S1_SAR_fallback,,0
Wannanmaduwa Wewa,2022-08-14,2022,8,2.36173999710083,90.17898086294248,2.6189473139980306,S1_SAR_fallback,,0
Wannanmaduwa Wewa,2022-08-26,2022,8,2.071526217651367,90.17898086294248,2.297127554368521,S1_SAR_fallback,,0
Wannanmaduwa Wewa,2022-09-07,2022,9,1.170862529754639,90.17898086294248,1.2983763162439828,S1_SAR_fallback,,0
Wannanmaduwa Wewa,2022-09-19,2022,9,1.2509213348388672,90.17898086294248,1.3871539940555175,S1_SAR_fallback,,0
Wannanmaduwa Wewa,2022-10-01,2022,10,1.0407667922973634,90.17898086294248,1.1541123910894062,S1_SAR_fallback,,0
Wannanmaduwa Wewa,2022-10-13,2022,10,1.421047036743164,90.17898086294248,1.5758073812155038,S1_SAR_fallback,,0
Wannanmaduwa Wewa,2022-10-25,2022,10,0.3540299346923828,90.17898086294248,0.392585867909121,S2_MNDWI,2022-10-27,2
Wannanmaduwa Wewa,2022-11-06,2022,11,0.4903612472534179,90.17898086294248,0.5437644588140645,S1_SAR_fallback,,0
Wannanmaduwa Wewa,2022-11-18,2022,11,7.81575997467041,90.17898086294248,8.66694200786002,S1_SAR_fallback,,0
Wannanmaduwa Wewa,2022-11-30,2022,11,2.2416523078918456,90.17898086294248,2.4857813721567736,S1_SAR_fallback,,0
Wannanmaduwa Wewa,2022-12-12,2022,12,1.1408411247253418,90.17898086294248,1.2650854043906712,S1_SAR_fallback,,0
Wannanmaduwa Wewa,2022-12-24,2022,12,25.34868313064576,90.17898086294248,28.10930317472945,S1_SAR_fallback,,0
Wannanmaduwa Wewa,2023-01-05,2023,1,25.00843212890625,90.17898086294248,27.73199684626625,S1_SAR_fallback,,0
Wannanmaduwa Wewa,2023-01-17,2023,1,21.936168158721923,90.17898086294248,24.325145337427763,S1_SAR_fallback,,0
Wannanmaduwa Wewa,2023-01-29,2023,1,16.211948915863037,90.17898086294248,17.977525095900774,S1_SAR_fallback,,0
Wannanmaduwa Wewa,2023-02-10,2023,2,13.940274798583983,90.17898086294248,15.458452363495834,S1_SAR_fallback,,0
Wannanmaduwa Wewa,2023-02-22,2023,2,12.108925156402588,90.17898086294248,13.4276580202278,S1_SAR_fallback,,0
Wannanmaduwa Wewa,2023-03-06,2023,3,10.30759642868042,90.17898086294248,11.430154044817058,S1_SAR_fallback,,0
Wannanmaduwa Wewa,2023-03-18,2023,3,6.494786643218994,90.17898086294248,7.202106944510744,S1_SAR_fallback,,0
Wannanmaduwa Wewa,2023-03-30,2023,3,3.722743286132813,90.17898086294248,4.128171831738466,S1_SAR_fallback,,0
Wannanmaduwa Wewa,2023-04-11,2023,4,2.5819027893066404,90.17898086294248,2.863087123628861,S1_SAR_fallback,,0
Wannanmaduwa Wewa,2023-04-23,2023,4,2.361738834381104,90.17898086294248,2.6189460246513168,S1_SAR_fallback,,0
Wannanmaduwa Wewa,2023-05-05,2023,5,12.229009706878662,90.17898086294248,13.560820481509753,S1_SAR_fallback,,0
Wannanmaduwa Wewa,2023-05-17,2023,5,7.90582146987915,90.17898086294248,8.766811727330037,S1_SAR_fallback,,0
Wannanmaduwa Wewa,2023-05-29,2023,5,7.465496955871582,90.17898086294248,8.2785332950457,S1_SAR_fallback,,0
Wannanmaduwa Wewa,2023-06-10,2023,6,7.435475172424316,90.17898086294248,8.245241963562485,S1_SAR_fallback,,0
Wannanmaduwa Wewa,2023-06-22,2023,6,8.236064824676514,90.17898086294248,9.133020517490662,S1_SAR_fallback,,0
Wannanmaduwa Wewa,2023-07-04,2023,7,7.355416425323487,90.17898086294248,8.156464350049083,S1_SAR_fallback,,0
Wannanmaduwa Wewa,2023-07-16,2023,7,8.756448373413086,90.17898086294248,9.71007688224097,S1_SAR_fallback,,0
Wannanmaduwa Wewa,2023-07-28,2023,7,1.807018234202067,90.17898086294248,2.003813102466132,S2_MNDWI,2023-07-29,1
Wannanmaduwa Wewa,2023-08-09,2023,8,9.186766233062745,90.17898086294248,10.187258876905195,S1_SAR_fallback,,0
Wannanmaduwa Wewa,2023-09-02,2023,9,12.679340909576416,90.17898086294248,14.060195389485465,S1_SAR_fallback,,0
Wannanmaduwa Wewa,2023-09-14,2023,9,9.03665717315674,90.17898086294248,10.02080206128189,S1_SAR_fallback,,0
Wannanmaduwa Wewa,2023-09-26,2023,9,14.100388134002683,90.17898086294248,15.636002978823862,S1_SAR_fallback,,0
Wannanmaduwa Wewa,2023-10-08,2023,10,11.15841733414893,90.17898086294248,12.37363432960939,S1_SAR_fallback,,0
Wannanmaduwa Wewa,2023-10-20,2023,10,32.403872053527834,90.17898086294248,35.93284348907923,S1_SAR_fallback,,0
Wannanmaduwa Wewa,2023-11-01,2023,11,18.14336789093017,90.17898086294248,20.1192869084484,S1_SAR_fallback,,0
Wannanmaduwa Wewa,2023-11-13,2023,11,66.41893990402221,90.17898086294248,73.65235143316634,S1_SAR_fallback,,0
Wannanmaduwa Wewa,2023-11-25,2023,11,54.98051072158813,90.17898086294248,60.96821032514179,S1_SAR_fallback,,0
Wannanmaduwa Wewa,2023-12-07,2023,12,42.060990553283695,90.17898086294248,46.64167874907527,S1_SAR_fallback,,0
Wannanmaduwa Wewa,2023-12-19,2023,12,39.46907894287109,90.17898086294248,43.7674927851067,S1_SAR_fallback,,0
Wannanmaduwa Wewa,2023-12-31,2023,12,33.154425518035886,90.17898086294248,36.765136621387725,S1_SAR_fallback,,0
Wannanmaduwa Wewa,2024-01-12,2024,1,31.55324535751343,90.17898086294248,34.989578564287925,S1_SAR_fallback,,0
Wannanmaduwa Wewa,2024-01-24,2024,1,12.6565829246521,90.17898086294248,14.034958926723808,S2_MNDWI,2024-01-25,1
Wannanmaduwa Wewa,2024-02-05,2024,2,17.763084298706055,90.17898086294248,19.697588205951323,S1_SAR_fallback,,0
Wannanmaduwa Wewa,2024-02-17,2024,2,14.7708804145813,90.17898086294248,16.37951579540543,S1_SAR_fallback,,0
Wannanmaduwa Wewa,2024-02-29,2024,2,14.420622119140624,90.17898086294248,15.991112320350624,S1_SAR_fallback,,0
Wannanmaduwa Wewa,2024-03-12,2024,3,11.682993821716307,90.17898086294248,12.955340268784562,S2_MNDWI,2024-03-10,2
Wannanmaduwa Wewa,2024-03-24,2024,3,13.590010608673095,90.17898086294248,15.070042352028487,S1_SAR_fallback,,0
Wannanmaduwa Wewa,2024-04-05,2024,4,13.740120987701417,90.17898086294248,15.236500630434255,S1_SAR_fallback,,0
Wannanmaduwa Wewa,2024-04-17,2024,4,12.45917751083374,90.17898086294248,13.816054907262352,S1_SAR_fallback,,0
Wannanmaduwa Wewa,2024-04-29,2024,4,10.968078833007812,90.17898086294248,12.162566851002149,S1_SAR_fallback,,0
Wannanmaduwa Wewa,2024-05-11,2024,5,10.337614540100098,90.17898086294248,11.463441304367375,S1_SAR_fallback,,0
Wannanmaduwa Wewa,2024-05-23,2024,5,27.380174152374263,90.17898086294248,30.36203546587837,S1_SAR_fallback,,0
Wannanmaduwa Wewa,2024-06-04,2024,6,36.59696320953369,90.17898086294248,40.58258682824902,S1_SAR_fallback,,0
Wannanmaduwa Wewa,2024-06-16,2024,6,37.94795528869629,90.17898086294248,42.08070985673599,S1_SAR_fallback,,0
Wannanmaduwa Wewa,2024-07-10,2024,7,26.049188761901856,90.17898086294248,28.88609797164644,S1_SAR_fallback,,0
Wannanmaduwa Wewa,2024-07-22,2024,7,27.430206841278075,90.17898086294248,30.417517007613533,S1_SAR_fallback,,0
Wannanmaduwa Wewa,2024-08-03,2024,8,22.41651365814209,90.17898086294248,24.85780327481365,S1_SAR_fallback,,0
Wannanmaduwa Wewa,2024-08-15,2024,8,22.936896829986573,90.17898086294248,25.43485922162612,S1_SAR_fallback,,0
Wannanmaduwa Wewa,2024-08-27,2024,8,18.92394105834961,90.17898086294248,20.984869065121675,S1_SAR_fallback,,0
Wannanmaduwa Wewa,2024-09-20,2024,9,16.732327658843992,90.17898086294248,18.55457613152053,S1_SAR_fallback,,0
Wannanmaduwa Wewa,2024-10-02,2024,10,8.742590273284913,90.17898086294248,9.69470955385074,S2_MNDWI,2024-10-01,1
Wannanmaduwa Wewa,2024-10-14,2024,10,10.888020581054688,90.17898086294248,12.073789786560935,S1_SAR_fallback,,0
Wannanmaduwa Wewa,2024-10-26,2024,10,11.27830817718506,90.17898086294248,12.506581987576762,S1_SAR_fallback,,0
Wannanmaduwa Wewa,2024-11-07,2024,11,49.82671459503174,90.17898086294248,55.25313561788897,S1_SAR_fallback,,0
Wannanmaduwa Wewa,2024-11-19,2024,11,57.9126704788208,90.17898086294248,64.21969945173669,S1_SAR_fallback,,0
Wannanmaduwa Wewa,2024-12-13,2024,12,56.50163039169311,90.17898086294248,62.65498883555415,S1_SAR_fallback,,0
Wannanmaduwa Wewa,2024-12-25,2024,12,50.34709527053833,90.17898086294248,55.83018879649772,S1_SAR_fallback,,0
Wannanmaduwa Wewa,2025-01-06,2025,1,49.776674633026126,90.17898086294248,55.19764601096863,S1_SAR_fallback,,0
Wannanmaduwa Wewa,2025-01-18,2025,1,52.48867519454956,90.17898086294248,58.20499931610881,S1_SAR_fallback,,0
Wannanmaduwa Wewa,2025-01-30,2025,1,51.53797482833863,90.17898086294248,57.15076211236857,S1_SAR_fallback,,0
Wannanmaduwa Wewa,2025-02-11,2025,2,53.23922855072021,90.17898086294248,59.037292328281325,S1_SAR_fallback,,0
Wannanmaduwa Wewa,2025-02-23,2025,2,49.98683117675781,90.17898086294248,55.430689833066246,S1_SAR_fallback,,0
Wannanmaduwa Wewa,2025-03-07,2025,3,48.62888631982243,90.17898086294248,53.92485682858903,S2_MNDWI,2025-03-05,2
Wannanmaduwa Wewa,2025-03-19,2025,3,53.13915668792725,90.17898086294248,58.92632205357279,S1_SAR_fallback,,0
Wannanmaduwa Wewa,2025-03-31,2025,3,50.27704678268432,90.17898086294248,55.75251161808686,S1_SAR_fallback,,0
Wannanmaduwa Wewa,2025-04-12,2025,4,46.96460277328491,90.17898086294248,52.07932305718064,S1_SAR_fallback,,0
Wannanmaduwa Wewa,2025-04-24,2025,4,42.17106906051636,90.17898086294248,46.76374545040556,S1_SAR_fallback,,0
Wannanmaduwa Wewa,2025-05-06,2025,5,41.590639936828616,90.17898086294248,46.12010419594306,S1_SAR_fallback,,0
Wannanmaduwa Wewa,2025-05-18,2025,5,41.27040249328613,90.17898086294248,45.76499101937125,S1_SAR_fallback,,0
Wannanmaduwa Wewa,2025-05-30,2025,5,43.18181188812256,90.17898086294248,47.88456409121763,S1_SAR_fallback,,0
Wannanmaduwa Wewa,2025-06-11,2025,6,42.8115390625,90.17898086294248,47.47396638643172,S1_SAR_fallback,,0
Wannanmaduwa Wewa,2025-06-23,2025,6,43.22184123687744,90.17898086294248,47.92895287047841,S1_SAR_fallback,,0
Wannanmaduwa Wewa,2025-07-05,2025,7,40.09954146270752,90.17898086294248,44.466616365572335,S1_SAR_fallback,,0
Wannanmaduwa Wewa,2025-07-17,2025,7,38.18813365020752,90.17898086294248,42.34704504838809,S1_SAR_fallback,,0
Wannanmaduwa Wewa,2025-07-29,2025,7,26.503164957427977,90.17898086294248,29.38951483351594,S2_MNDWI,2025-07-28,1
Wannanmaduwa Wewa,2025-08-10,2025,8,33.80490510635376,90.17898086294248,37.4864572463197,S1_SAR_fallback,,0
Wannanmaduwa Wewa,2025-08-22,2025,8,25.74592932510376,90.17898086294248,28.54981180618289,S2_MNDWI,2025-08-22,0
Wannanmaduwa Wewa,2025-09-03,2025,9,30.62256205444336,90.17898086294248,33.95753839909183,S1_SAR_fallback,,0
Wannanmaduwa Wewa,2025-09-15,2025,9,31.283049446868898,90.17898086294248,34.68995673660816,S1_SAR_fallback,,0
Wannanmaduwa Wewa,2025-09-27,2025,9,25.77899272918701,90.17898086294248,28.58647600860219,S1_SAR_fallback,,0
Wannanmaduwa Wewa,2025-10-09,2025,10,21.45580807876587,90.17898086294248,23.79247123160024,S1_SAR_fallback,,0
Wannanmaduwa Wewa,2025-10-21,2025,10,48.35562655792236,90.17898086294248,53.621837478308976,S1_SAR_fallback,,0
Wannanmaduwa Wewa,2025-11-02,2025,11,55.002912312316894,90.17898086294248,60.99305158029282,S2_MNDWI,2025-10-31,2
Wannanmaduwa Wewa,2025-11-14,2025,11,53.00905877990723,90.17898086294248,58.78205572146848,S1_SAR_fallback,,0
Wannanmaduwa Wewa,2025-11-26,2025,11,65.88855132827759,90.17898086294248,73.06420043537372,S1_SAR_fallback,,0
Wannanmaduwa Wewa,2025-12-02,2025,12,72.96301780940337,90.17898086294248,80.90911774695635,S1_SAR_fallback,,0
Wannanmaduwa Wewa,2025-12-08,2025,12,69.04515140724631,90.17898086294248,76.56457274914631,S1_SAR_fallback,,0
Wannanmaduwa Wewa,2025-12-20,2025,12,70.10165419692993,90.17898086294248,77.73613487989309,S1_SAR_fallback,,0
Wellamaduwa Wewa,2021-01-03,2021,1,4.893519677734375,25.017090456970447,19.56070665432201,S1_SAR,,0
Wellamaduwa Wewa,2021-01-15,2021,1,10.43750663986206,25.017090456970447,41.72150497602684,S1_SAR,,0
Wellamaduwa Wewa,2021-01-27,2021,1,10.077247759246829,25.017090456970447,40.28145389880473,S1_SAR,,0
Wellamaduwa Wewa,2021-02-08,2021,2,9.686967305755616,25.017090456970447,38.72139856718054,S1_SAR,,0
Wellamaduwa Wewa,2021-02-20,2021,2,9.606910053253172,25.017090456970447,38.40138832202378,S1_SAR,,0
Wellamaduwa Wewa,2021-03-04,2021,3,9.256658249664309,25.017090456970447,37.00133820751785,S1_SAR,,0
Wellamaduwa Wewa,2021-03-16,2021,3,8.476097101593018,25.017090456970447,33.88122658057282,S1_SAR,,0
Wellamaduwa Wewa,2021-03-28,2021,3,6.544708284759522,25.017090456970447,26.1609490360858,S1_SAR,,0
Wellamaduwa Wewa,2021-04-09,2021,4,5.1236865531921385,25.017090456970447,20.480745200985343,S1_SAR,,0
Wellamaduwa Wewa,2021-04-21,2021,4,4.913535328674317,25.017090456970447,19.64071456321281,S1_SAR,,0
Wellamaduwa Wewa,2021-05-03,2021,5,4.072930857086182,25.017090456970447,16.280593716889854,S1_SAR,,0
Wellamaduwa Wewa,2021-05-15,2021,5,3.452484267425537,25.017090456970447,13.800502793735472,S1_SAR,,0
Wellamaduwa Wewa,2021-05-27,2021,5,2.982145994567871,25.017090456970447,11.92043495104749,S1_SAR,,0
Wellamaduwa Wewa,2021-06-08,2021,6,3.1222467926025392,25.017090456970447,12.480455303037033,S1_SAR,,0
Wellamaduwa Wewa,2021-06-14,2021,6,2.952124440765381,25.017090456970447,11.800430772887252,S1_SAR,,0
Wellamaduwa Wewa,2021-06-20,2021,6,3.2823620864868164,25.017090456970447,13.120478946712447,S1_SAR,,0
Wellamaduwa Wewa,2021-07-02,2021,7,3.2023044357299804,25.017090456970447,12.800467109626371,S1_SAR,,0
Wellamaduwa Wewa,2021-07-14,2021,7,2.93211000289917,25.017090456970447,11.720427712976528,S1_SAR,,0
Wellamaduwa Wewa,2021-07-26,2021,7,2.912095599365234,25.017090456970447,11.640424790301084,S1_SAR,,0
Wellamaduwa Wewa,2021-08-07,2021,8,3.202304462432861,25.017090456970447,12.800467216364927,S1_SAR,,0
Wellamaduwa Wewa,2021-08-19,2021,8,3.310539185216568,25.017090456970447,13.233110344748985,S1_SAR,,0
Wellamaduwa Wewa,2021-08-31,2021,8,3.472498728942872,25.017090456970447,13.880505948186064,S1_SAR,,0
Wellamaduwa Wewa,2021-09-12,2021,9,2.9621314643859864,25.017090456970447,11.840431522126329,S1_SAR,,0
Wellamaduwa Wewa,2021-09-24,2021,9,3.499616475623636,25.017090456970447,13.988902832817422,S1_SAR,,0
Wellamaduwa Wewa,2021-10-06,2021,10,2.711951503753662,25.017090456970447,10.840395322622491,S1_SAR,,0
Wellamaduwa Wewa,2021-10-18,2021,10,1.360979359436035,25.017090456970447,5.440198418664745,S1_SAR,,0
Wellamaduwa Wewa,2021-10-30,2021,10,5.133692607879639,25.017090456970447,20.520742077139715,S1_SAR,,0
Wellamaduwa Wewa,2021-11-17,2021,11,11.628362936401366,25.017090456970447,46.48167602224657,S1_SAR,,0
Wellamaduwa Wewa,2021-11-23,2021,11,11.50827645263672,25.017090456970447,46.00165823612073,S1_SAR,,0
Wellamaduwa Wewa,2021-12-05,2021,12,10.857809020233152,25.017090456970447,43.40156597710135,S1_SAR,,0
Wellamaduwa Wewa,2021-12-17,2021,12,9.516844985961914,25.017090456970447,38.04137416511704,S1_SAR,,0
Wellamaduwa Wewa,2021-12-29,2021,12,8.155866313934327,25.017090456970447,32.60117849420766,S1_SAR,,0
Wellamaduwa Wewa,2022-01-10,2022,1,9.877104135894776,25.017090456970447,39.48142631887372,S1_SAR,,0
Wellamaduwa Wewa,2022-01-22,2022,1,8.456081977844239,25.017090456970447,33.80122077900607,S1_SAR,,0
Wellamaduwa Wewa,2022-02-03,2022,2,9.867096782684326,25.017090456970447,39.44142425217591,S1_SAR,,0
Wellamaduwa Wewa,2022-02-15,2022,2,11.057953318023682,25.017090456970447,44.20159625294329,S1_SAR,,0
Wellamaduwa Wewa,2022-02-27,2022,2,9.947154478454587,25.017090456970447,39.761436269192686,S1_SAR,,0
Wellamaduwa Wewa,2022-03-11,2022,3,10.107269512939451,25.017090456970447,40.40145887597929,S1_SAR,,0
Wellamaduwa Wewa,2022-03-23,2022,3,10.117276637268066,25.017090456970447,40.44146002777519,S1_SAR,,0
Wellamaduwa Wewa,2022-04-04,2022,4,11.94859359741211,25.017090456970447,47.76172360236601,S1_SAR,,0
Wellamaduwa Wewa,2022-04-16,2022,4,8.17587990875244,25.017090456970447,32.68117818422972,S1_SAR,,0
Wellamaduwa Wewa,2022-04-28,2022,4,6.955001602935791,25.017090456970447,27.801001139194977,S1_SAR,,0
Wellamaduwa Wewa,2022-05-10,2022,5,3.912813415527344,25.017090456970447,15.64056148838494,S1_SAR,,0
Wellamaduwa Wewa,2022-05-22,2022,5,2.91209411239624,25.017090456970447,11.640418846488403,S1_SAR,,0
Wellamaduwa Wewa,2022-06-03,2022,6,2.581856630706787,25.017090456970447,10.320371328342905,S1_SAR,,0
Wellamaduwa Wewa,2022-06-15,2022,6,4.503238969421386,25.017090456970447,18.00065030410705,S1_SAR,,0
Wellamaduwa Wewa,2022-06-27,2022,6,4.132972604370117,25.017090456970447,16.52059663564337,S1_SAR,,0
Wellamaduwa Wewa,2022-07-09,2022,7,5.6040304656982425,25.017090456970447,22.400808260805587,S1_SAR,,0
Wellamaduwa Wewa,2022-07-21,2022,7,7.635491907501221,25.017090456970447,30.521102846209537,S1_SAR,,0
Wellamaduwa Wewa,2022-08-02,2022,8,10.66767246246338,25.017090456970447,42.64153931414144,S1_SAR,,0
Wellamaduwa Wewa,2022-08-14,2022,8,8.766305312347413,25.017090456970447,35.041266399166254,S1_SAR,,0
Wellamaduwa Wewa,2022-08-26,2022,8,9.216629206848143,25.017090456970447,36.841331419818005,S1_SAR,,0
Wellamaduwa Wewa,2022-09-07,2022,9,8.105829752349853,25.017090456970447,32.40116897803097,S1_SAR,,0
Wellamaduwa Wewa,2022-09-19,2022,9,6.304534377288818,25.017090456970447,25.200909706636978,S1_SAR,,0
Wellamaduwa Wewa,2022-10-01,2022,10,4.193015818023682,25.017090456970447,16.760605415868383,S1_SAR,,0
Wellamaduwa Wewa,2022-10-13,2022,10,4.453202992248535,25.017090456970447,17.800643123979874,S1_SAR,,0
Wellamaduwa Wewa,2022-10-25,2022,10,4.613318254089355,25.017090456970447,18.440666639569024,S1_SAR,,0
Wellamaduwa Wewa,2022-11-06,2022,11,4.993591913604736,25.017090456970447,19.9607221399057,S1_SAR,,0
Wellamaduwa Wewa,2022-11-18,2022,11,5.193735863494873,25.017090456970447,20.76075102509675,S1_SAR,,0
Wellamaduwa Wewa,2022-11-30,2022,11,5.59402421875,25.017090456970447,22.360810616133627,S1_SAR,,0
Wellamaduwa Wewa,2022-12-12,2022,12,8.736283863067626,25.017090456970447,34.921262638811214,S1_SAR,,0
Wellamaduwa Wewa,2022-12-24,2022,12,10.0071977973938,25.017090456970447,40.00144547027258,S1_SAR,,0
Wellamaduwa Wewa,2023-01-05,2023,1,8.416053515625,25.017090456970447,33.64121631210738,S1_SAR,,0
Wellamaduwa Wewa,2023-01-17,2023,1,8.60619022064209,25.017090456970447,34.40124356365418,S1_SAR,,0
Wellamaduwa Wewa,2023-01-29,2023,1,8.095823287200927,25.017090456970447,32.361170461152525,S1_SAR,,0
Wellamaduwa Wewa,2023-02-10,2023,2,7.635491801452637,25.017090456970447,30.521102422304985,S1_SAR,,0
Wellamaduwa Wewa,2023-02-22,2023,2,8.045787281799317,25.017090456970447,32.16116316818745,S1_SAR,,0
Wellamaduwa Wewa,2023-03-06,2023,3,7.995751607513427,25.017090456970447,31.96115719878045,S1_SAR,,0
Wellamaduwa Wewa,2023-03-18,2023,3,5.123686011505127,25.017090456970447,20.48074303571752,S1_SAR,,0
Wellamaduwa Wewa,2023-03-30,2023,3,6.804895442199707,25.017090456970447,27.20098667710448,S1_SAR,,0
Wellamaduwa Wewa,2023-04-11,2023,4,3.442476982116699,25.017090456970447,13.760500998458555,S1_SAR,,0
Wellamaduwa Wewa,2023-04-23,2023,4,1.110799171447754,25.017090456970447,4.440161310358355,S1_SAR,,0
Wellamaduwa Wewa,2023-05-05,2023,5,1.010727261352539,25.017090456970447,4.040147126985036,S1_SAR,,0
Wellamaduwa Wewa,2023-05-17,2023,5,0.080057624053955,25.017090456970447,0.3200117303475187,S1_SAR,,0
Wellamaduwa Wewa,2023-05-29,2023,5,0.0,25.017090456970447,0.0,S1_SAR,,0
Wellamaduwa Wewa,2023-06-10,2023,6,0.170122427368164,25.017090456970447,0.6800248320674049,S1_SAR,,0
Wellamaduwa Wewa,2023-06-22,2023,6,0.7205184638977051,25.017090456970447,2.880104963193068,S1_SAR,,0
Wellamaduwa Wewa,2023-07-04,2023,7,0.6204464408874512,25.017090456970447,2.4800903284681444,S1_SAR,,0
Wellamaduwa Wewa,2023-07-16,2023,7,2.4217426490783693,25.017090456970447,9.680352930105048,S1_SAR,,0
Wellamaduwa Wewa,2023-07-28,2023,7,3.2623476432800294,25.017090456970447,13.04047586545401,S1_SAR,,0
Wellamaduwa Wewa,2023-08-09,2023,8,2.6819298347473146,25.017090456970447,10.720390683961634,S1_SAR,,0
Wellamaduwa Wewa,2023-09-02,2023,9,0.4703378967285156,25.017090456970447,1.880066339199196,S1_SAR,,0
Wellamaduwa Wewa,2023-09-14,2023,9,0.5503956069946289,25.017090456970447,2.200078414159764,S1_SAR,,0
Wellamaduwa Wewa,2023-09-26,2023,9,0.8506113998413086,25.017090456970447,3.4001212143529065,S1_SAR,,0
Wellamaduwa Wewa,2023-10-08,2023,10,0.4403165229797363,25.017090456970447,1.760062880761788,S1_SAR,,0
Wellamaduwa Wewa,2023-10-20,2023,10,3.702664449310303,25.017090456970447,14.80053987764448,S1_SAR,,0
Wellamaduwa Wewa,2023-11-01,2023,11,4.162995537567139,25.017090456970447,16.640606327612385,S1_SAR,,0
Wellamaduwa Wewa,2023-11-13,2023,11,12.038658528900148,25.017090456970447,48.121737216430965,S1_SAR,,0
Wellamaduwa Wewa,2023-11-25,2023,11,10.117277207946778,25.017090456970447,40.4414623089306,S1_SAR,,0
Wellamaduwa Wewa,2023-12-07,2023,12,10.597622365570068,25.017090456970447,42.36153034581717,S1_SAR,,0
Wellamaduwa Wewa,2023-12-19,2023,12,10.56760076522827,25.017090456970447,42.24152598162688,S1_SAR,,0
Wellamaduwa Wewa,2023-12-31,2023,12,10.687687195587158,25.017090456970447,42.72154355427561,S1_SAR,,0
Wellamaduwa Wewa,2024-01-12,2024,1,10.287399478149414,25.017090456970447,41.121486512765365,S1_SAR,,0
Wellamaduwa Wewa,2024-01-24,2024,1,9.99719094543457,25.017090456970447,39.96144540720993,S1_SAR,,0
Wellamaduwa Wewa,2024-02-05,2024,2,9.546867026519775,25.017090456970447,38.16138028896864,S1_SAR,,0
Wellamaduwa Wewa,2024-02-17,2024,2,10.06724114074707,25.017090456970447,40.241454768942006,S1_SAR,,0
Wellamaduwa Wewa,2024-02-29,2024,2,10.107269899749756,25.017090456970447,40.401460422163495,S1_SAR,,0
Wellamaduwa Wewa,2024-03-12,2024,3,10.377464125061037,25.017090456970447,41.48149898930229,S1_SAR,,0
Wellamaduwa Wewa,2024-03-24,2024,3,10.017205199432372,25.017090456970447,40.04144773214946,S1_SAR,,0
Wellamaduwa Wewa,2024-04-05,2024,4,10.207341905975342,25.017090456970447,40.801474989795615,S1_SAR,,0
Wellamaduwa Wewa,2024-04-17,2024,4,9.84708295211792,25.017090456970447,39.36142361980489,S1_SAR,,0
Wellamaduwa Wewa,2024-04-29,2024,4,9.366737580108644,25.017090456970447,37.4413547259602,S1_SAR,,0
Wellamaduwa Wewa,2024-05-11,2024,5,9.466691821755802,25.017090456970447,37.84089855708269,S1_SAR,,0
Wellamaduwa Wewa,2024-05-23,2024,5,6.594744252777099,25.017090456970447,26.36095617961689,S1_SAR,,0
Wellamaduwa Wewa,2024-06-04,2024,6,9.326708882141114,25.017090456970447,37.28134931671256,S1_SAR,,0
Wellamaduwa Wewa,2024-06-16,2024,6,8.986464193725586,25.017090456970447,35.92130031740646,S1_SAR,,0
Wellamaduwa Wewa,2024-07-10,2024,7,7.7648801053395,25.017090456970447,31.03830207071898,S1_SAR,,0
Wellamaduwa Wewa,2024-07-22,2024,7,7.735564971923828,25.017090456970447,30.921121643738104,S1_SAR,,0
Wellamaduwa Wewa,2024-08-03,2024,8,7.155147581481933,25.017090456970447,28.601038133466528,S1_SAR,,0
Wellamaduwa Wewa,2024-08-15,2024,8,8.215910404205323,25.017090456970447,32.84119077850696,S1_SAR,,0
Wellamaduwa Wewa,2024-08-27,2024,8,6.644780546569824,25.017090456970447,26.56096462535837,S1_SAR,,0
Wellamaduwa Wewa,2024-09-20,2024,9,6.77024326639512,25.017090456970447,27.06247266459696,S1_SAR,,0
Wellamaduwa Wewa,2024-10-02,2024,10,7.185169055175781,25.017090456970447,28.7210419914111,S1_SAR,,0
Wellamaduwa Wewa,2024-10-14,2024,10,6.9650107284545895,25.017090456970447,27.841010290283165,S1_SAR,,0
Wellamaduwa Wewa,2024-10-26,2024,10,7.455363234710694,25.017090456970447,29.80108037556952,S1_SAR,,0
Wellamaduwa Wewa,2024-11-07,2024,11,12.918977094750495,25.017090456970447,51.64060591686799,S1_SAR,,0
Wellamaduwa Wewa,2024-11-19,2024,11,11.27811155014038,25.017090456970447,45.08162757591177,S1_SAR,,0
Wellamaduwa Wewa,2024-12-13,2024,12,12.198773197174072,25.017090456970447,48.76175835937452,S1_SAR,,0
Wellamaduwa Wewa,2024-12-25,2024,12,12.398917235565186,25.017090456970447,49.56178759832764,S1_SAR,,0
Wellamaduwa Wewa,2025-01-06,2025,1,13.439665470123291,25.017090456970447,53.72193658267176,S1_SAR,,0
Wellamaduwa Wewa,2025-01-18,2025,1,13.940025340270996,25.017090456970447,55.72200877735134,S1_SAR,,0
Wellamaduwa Wewa,2025-01-30,2025,1,14.130161921691894,25.017090456970447,56.48203553485111,S1_SAR,,0
Wellamaduwa Wewa,2025-02-11,2025,2,14.190087402011644,25.017090456970447,56.72157370345958,S1_SAR,,0
Wellamaduwa Wewa,2025-02-23,2025,2,13.659823684692382,25.017090456970447,54.60196783549775,S1_SAR,,0
Wellamaduwa Wewa,2025-03-07,2025,3,13.657076754982144,25.017090456970447,54.59098762293082,S1_SAR,,0
Wellamaduwa Wewa,2025-03-19,2025,3,13.409643795776368,25.017090456970447,53.601931922663184,S1_SAR,,0
Wellamaduwa Wewa,2025-03-31,2025,3,12.709140265655517,25.017090456970447,50.80183200166829,S1_SAR,,0
Wellamaduwa Wewa,2025-04-12,2025,4,12.198773447418214,25.017090456970447,48.76175935966727,S1_SAR,,0
Wellamaduwa Wewa,2025-04-24,2025,4,11.398197911071778,25.017090456970447,45.56164487104026,S1_SAR,,0
Wellamaduwa Wewa,2025-05-06,2025,5,11.798485778808594,25.017090456970447,47.16170251333609,S1_SAR,,0
Wellamaduwa Wewa,2025-05-18,2025,5,10.50724367268581,25.017090456970447,42.00026254355332,S1_SAR,,0
Wellamaduwa Wewa,2025-05-30,2025,5,9.286679706573487,25.017090456970447,37.12134199836961,S1_SAR,,0
Wellamaduwa Wewa,2025-06-11,2025,6,8.946435124969483,25.017090456970447,35.76129342601774,S1_SAR,,0
Wellamaduwa Wewa,2025-06-23,2025,6,8.886391941833496,25.017090456970447,35.52128476777964,S1_SAR,,0
Wellamaduwa Wewa,2025-07-05,2025,7,8.406046726226807,25.017090456970447,33.60121649911791,S1_SAR,,0
Wellamaduwa Wewa,2025-07-17,2025,7,8.105830847167969,25.017090456970447,32.40117335431172,S1_SAR,,0
Wellamaduwa Wewa,2025-07-29,2025,7,7.610847726601993,25.017090456970447,30.42259346542596,S1_SAR,,0
Wellamaduwa Wewa,2025-08-10,2025,8,6.684808967590332,25.017090456970447,26.72096892757472,S1_SAR,,0
Wellamaduwa Wewa,2025-08-22,2025,8,6.124406223297119,25.017090456970447,24.4808893097746,S1_SAR,,0
Wellamaduwa Wewa,2025-09-03,2025,9,5.363859282684326,25.017090456970447,21.440779821739056,S1_SAR,,0
Wellamaduwa Wewa,2025-09-15,2025,9,4.813345787479176,25.017090456970447,19.240230176879127,S1_SAR,,0
Wellamaduwa Wewa,2025-09-27,2025,9,5.003600272369384,25.017090456970447,20.000728226072525,S1_SAR,,0
Wellamaduwa Wewa,2025-10-09,2025,10,4.693377193450928,25.017090456970447,18.7606836275528,S1_SAR,,0
Wellamaduwa Wewa,2025-10-21,2025,10,9.3165438147212,25.017090456970447,37.24071682414753,S1_SAR,,0
Wellamaduwa Wewa,2025-11-02,2025,11,8.595869022875018,25.017090456970447,34.3599869763431,S1_SAR,,0
Wellamaduwa Wewa,2025-11-14,2025,11,6.664245143821566,25.017090456970447,26.63876982530846,S1_SAR,,0
Wellamaduwa Wewa,2025-11-26,2025,11,8.075809234619141,25.017090456970447,32.28116894132667,S1_SAR,,0
Wellamaduwa Wewa,2025-12-02,2025,12,15.030809043884275,25.017090456970447,60.08216291074041,S1_SAR,,0
Wellamaduwa Wewa,2025-12-08,2025,12,13.79992398071289,25.017090456970447,55.16198618080247,S1_SAR,,0
Wellamaduwa Wewa,2025-12-20,2025,12,14.180197439575196,25.017090456970447,56.682040879075146,S1_SAR,,0
Wendarakulama Wewa,2021-01-03,2021,1,0.0,21.358600001438543,0.0,S1_SAR,,0
Wendarakulama Wewa,2021-01-15,2021,1,0.2701977973937988,21.358600001438543,1.2650538770125404,S1_SAR,,0
Wendarakulama Wewa,2021-01-27,2021,1,0.1701245361328125,21.358600001438543,0.7965153901536348,S1_SAR,,0
Wendarakulama Wewa,2021-02-08,2021,2,0.6304614654541015,21.358600001438543,2.951792090360036,S1_SAR,,0
Wendarakulama Wewa,2021-02-20,2021,2,0.6204541389465332,21.358600001438543,2.9049382398881214,S1_SAR,,0
Wendarakulama Wewa,2021-03-04,2021,3,0.4203076751708984,21.358600001438543,1.9678615412180096,S1_SAR,,0
Wendarakulama Wewa,2021-03-16,2021,3,0.5504028587341309,21.358600001438543,2.576961311589056,S1_SAR,,0
Wendarakulama Wewa,2021-03-28,2021,3,0.4503296180725097,21.358600001438543,2.1084229211754475,S1_SAR,,0
Wendarakulama Wewa,2021-04-09,2021,4,0.540395539855957,21.358600001438543,2.5301074968376214,S1_SAR,,0
Wendarakulama Wewa,2021-04-21,2021,4,0.4703442649841308,21.358600001438543,2.2021305935428925,S1_SAR,,0
Wendarakulama Wewa,2021-05-03,2021,5,0.2101538345336914,21.358600001438543,0.9839307563208128,S1_SAR,,0
Wendarakulama Wewa,2021-05-15,2021,5,0.4303149543762207,21.358600001438543,2.0147151702229458,S1_SAR,,0
Wendarakulama Wewa,2021-05-27,2021,5,0.6104468002319335,21.358600001438543,2.858084332263438,S1_SAR,,0
Wendarakulama Wewa,2021-06-08,2021,6,0.5103735488891602,21.358600001438543,2.389545891841158,S1_SAR,,0
Wendarakulama Wewa,2021-06-14,2021,6,0.3402490440368652,21.358600001438543,1.5930306481414924,S1_SAR,,0
Wendarakulama Wewa,2021-06-20,2021,6,0.3502563560485839,21.358600001438543,1.639884430744494,S1_SAR,,0
Wendarakulama Wewa,2021-07-02,2021,7,0.4002929908752441,21.358600001438543,1.874153693820211,S1_SAR,,0
Wendarakulama Wewa,2021-07-14,2021,7,0.1701245384216308,21.358600001438543,0.7965154008697789,S1_SAR,,0
Wendarakulama Wewa,2021-07-26,2021,7,0.0,21.358600001438543,0.0,S1_SAR,,0
Wendarakulama Wewa,2021-08-07,2021,8,0.0,21.358600001438543,0.0,S1_SAR,,0
Wendarakulama Wewa,2021-08-19,2021,8,0.0,21.358600001438543,0.0,S1_SAR,,0
Wendarakulama Wewa,2021-08-31,2021,8,0.0,21.358600001438543,0.0,S1_SAR,,0
Wendarakulama Wewa,2021-09-12,2021,9,0.0,21.358600001438543,0.0,S1_SAR,,0
Wendarakulama Wewa,2021-09-24,2021,9,0.2101538101196289,21.358600001438543,0.9839306420152754,S1_SAR,,0
Wendarakulama Wewa,2021-10-06,2021,10,0.0,21.358600001438543,0.0,S1_SAR,,0
Wendarakulama Wewa,2021-10-18,2021,10,0.0,21.358600001438543,0.0,S1_SAR,,0
Wendarakulama Wewa,2021-10-30,2021,10,0.0,21.358600001438543,0.0,S1_SAR,,0
Wendarakulama Wewa,2021-11-17,2021,11,1.2108861846923828,21.358600001438543,5.669314396125341,S1_SAR,,0
Wendarakulama Wewa,2021-11-23,2021,11,0.9707103836059572,21.358600001438543,4.544822149113601,S1_SAR,,0
Wendarakulama Wewa,2021-12-05,2021,12,0.440322233581543,21.358600001438543,2.061568799227882,S1_SAR,,0
Wendarakulama Wewa,2021-12-17,2021,12,0.2601904113769531,21.358600001438543,1.2181997479208786,S1_SAR,,0
Wendarakulama Wewa,2021-12-29,2021,12,0.2701977317810058,21.358600001438543,1.265053569816409,S1_SAR,,0
Wendarakulama Wewa,2022-01-10,2022,1,0.3902856094360351,21.358600001438543,1.8272995861608368,S1_SAR,,0
Wendarakulama Wewa,2022-01-22,2022,1,0.3102270126342773,21.358600001438543,1.4524688538264816,S1_SAR,,0
Wendarakulama Wewa,2022-02-03,2022,2,0.2201611175537109,21.358600001438543,1.0307844031859887,S1_SAR,,0
Wendarakulama Wewa,2022-02-15,2022,2,0.0700512641906738,21.358600001438543,0.3279768532860568,S1_SAR,,0
Wendarakulama Wewa,2022-02-27,2022,2,0.3702709442138672,21.358600001438543,1.7335918280642395,S1_SAR,,0
Wendarakulama Wewa,2022-03-11,2022,3,0.1300952033996582,21.358600001438543,0.6090998632442951,S1_SAR,,0
Wendarakulama Wewa,2022-03-23,2022,3,0.0200146453857421,21.358600001438543,0.0937076652233487,S1_SAR,,0
Wendarakulama Wewa,2022-04-04,2022,4,0.01000732421875,21.358600001438543,0.0468538397557704,S1_SAR,,0
Wendarakulama Wewa,2022-04-16,2022,4,0.0400292861938476,21.358600001438543,0.1874153090144092,S1_SAR,,0
Wendarakulama Wewa,2022-04-28,2022,4,0.0600439407348632,21.358600001438543,0.2811230171023344,S1_SAR,,0
Wendarakulama Wewa,2022-05-10,2022,5,0.0,21.358600001438543,0.0,S1_SAR,,0
Wendarakulama Wewa,2022-05-22,2022,5,0.0,21.358600001438543,0.0,S1_SAR,,0
Wendarakulama Wewa,2022-06-03,2022,6,0.0800585861206054,21.358600001438543,0.3748306823256832,S1_SAR,,0
Wendarakulama Wewa,2022-06-15,2022,6,0.0,21.358600001438543,0.0,S1_SAR,,0
Wendarakulama Wewa,2022-06-27,2022,6,0.0700513084411621,21.358600001438543,0.3279770604648432,S1_SAR,,0
Wendarakulama Wewa,2022-07-09,2022,7,0.0807650339193905,21.358600001438543,0.3781382389948349,S1_SAR,,0
Wendarakulama Wewa,2022-07-21,2022,7,0.0,21.358600001438543,0.0,S1_SAR,,0
Wendarakulama Wewa,2022-08-02,2022,8,0.0,21.358600001438543,0.0,S1_SAR,,0
Wendarakulama Wewa,2022-08-14,2022,8,0.0,21.358600001438543,0.0,S1_SAR,,0
Wendarakulama Wewa,2022-08-26,2022,8,0.0,21.358600001438543,0.0,S1_SAR,,0
Wendarakulama Wewa,2022-09-07,2022,9,0.0,21.358600001438543,0.0,S1_SAR,,0
Wendarakulama Wewa,2022-09-19,2022,9,0.0,21.358600001438543,0.0,S1_SAR,,0
Wendarakulama Wewa,2022-10-01,2022,10,0.0,21.358600001438543,0.0,S1_SAR,,0
Wendarakulama Wewa,2022-10-13,2022,10,0.0800586364746093,21.358600001438543,0.3748309180808539,S1_SAR,,0
Wendarakulama Wewa,2022-10-25,2022,10,0.0,21.358600001438543,0.0,S1_SAR,,0
Wendarakulama Wewa,2022-11-06,2022,11,0.0,21.358600001438543,0.0,S1_SAR,,0
Wendarakulama Wewa,2022-11-18,2022,11,0.0,21.358600001438543,0.0,S1_SAR,,0
Wendarakulama Wewa,2022-11-30,2022,11,0.0,21.358600001438543,0.0,S1_SAR,,0
Wendarakulama Wewa,2022-12-12,2022,12,0.0,21.358600001438543,0.0,S1_SAR,,0
Wendarakulama Wewa,2022-12-24,2022,12,0.0,21.358600001438543,0.0,S1_SAR,,0
Wendarakulama Wewa,2023-01-05,2023,1,0.1300952392578125,21.358600001438543,0.6091000311305531,S1_SAR,,0
Wendarakulama Wewa,2023-01-17,2023,1,0.0100073265075683,21.358600001438543,0.0468538504719145,S1_SAR,,0
Wendarakulama Wewa,2023-01-29,2023,1,0.0,21.358600001438543,0.0,S1_SAR,,0
Wendarakulama Wewa,2023-02-10,2023,2,0.1000732589721679,21.358600001438543,0.4685384761427613,S1_SAR,,0
Wendarakulama Wewa,2023-02-22,2023,2,0.0200146514892578,21.358600001438543,0.093707693799733,S1_SAR,,0
Wendarakulama Wewa,2023-03-06,2023,3,0.0700512794494628,21.358600001438543,0.3279769247270176,S1_SAR,,0
Wendarakulama Wewa,2023-03-18,2023,3,0.1100805839538574,21.358600001438543,0.5153923194705798,S1_SAR,,0
Wendarakulama Wewa,2023-03-30,2023,3,0.0800586051940918,21.358600001438543,0.3748307716268842,S1_SAR,,0
Wendarakulama Wewa,2023-04-11,2023,4,0.0800586074829101,21.358600001438543,0.3748307823430283,S1_SAR,,0
Wendarakulama Wewa,2023-04-23,2023,4,0.0,21.358600001438543,0.0,S1_SAR,,0
Wendarakulama Wewa,2023-05-05,2023,5,0.2001464988708496,21.358600001438543,0.9370768629843216,S1_SAR,,0
Wendarakulama Wewa,2023-05-17,2023,5,0.2201611236572265,21.358600001438543,1.030784431762373,S1_SAR,,0
Wendarakulama Wewa,2023-05-29,2023,5,0.120087882232666,21.358600001438543,0.5622460377767169,S1_SAR,,0
Wendarakulama Wewa,2023-06-10,2023,6,0.3102270484924316,21.358600001438543,1.4524690217127398,S1_SAR,,0
Wendarakulama Wewa,2023-06-22,2023,6,0.150109854888916,21.358600001438543,0.7028075570440282,S1_SAR,,0
Wendarakulama Wewa,2023-07-04,2023,7,0.2301684516906738,21.358600001438543,1.0776382893783838,S1_SAR,,0
Wendarakulama Wewa,2023-07-16,2023,7,0.3202344436645508,21.358600001438543,1.499323193668978,S1_SAR,,0
Wendarakulama Wewa,2023-07-28,2023,7,0.3102270484924316,21.358600001438543,1.4524690217127398,S1_SAR,,0
Wendarakulama Wewa,2023-08-09,2023,8,0.7905789260864258,21.358600001438543,3.701454805245562,S1_SAR,,0
Wendarakulama Wewa,2023-09-02,2023,9,0.8005862686157227,21.358600001438543,3.748308730730486,S1_SAR,,0
Wendarakulama Wewa,2023-09-14,2023,9,0.400293180847168,21.358600001438543,1.8741545832601727,S1_SAR,,0
Wendarakulama Wewa,2023-09-26,2023,9,0.4002931533813476,21.358600001438543,1.874154454666444,S1_SAR,,0
Wendarakulama Wewa,2023-10-08,2023,10,0.7899118721516928,21.358600001438543,3.698331688867672,S1_SAR,,0
Wendarakulama Wewa,2023-10-20,2023,10,0.280205069732666,21.358600001438543,1.311907473869044,S1_SAR,,0
Wendarakulama Wewa,2023-11-01,2023,11,0.1501098731994629,21.358600001438543,0.7028076427731812,S1_SAR,,0
Wendarakulama Wewa,2023-11-13,2023,11,3.442519913482666,21.358600001438543,16.1177226655811,S1_SAR,,0
Wendarakulama Wewa,2023-11-25,2023,11,1.5611426040649414,21.358600001438543,7.309199123349823,S1_SAR,,0
Wendarakulama Wewa,2023-12-07,2023,12,0.8806445526123047,21.358600001438543,4.123137998525144,S1_SAR,,0
Wendarakulama Wewa,2023-12-19,2023,12,2.121552958679199,21.358600001438543,9.933015078405456,S1_SAR,,0
Wendarakulama Wewa,2023-12-31,2023,12,0.8005859397888183,21.358600001438543,3.748307191177779,S1_SAR,,0
Wendarakulama Wewa,2024-01-12,2024,1,0.6104467727661133,21.358600001438543,2.8580842036697085,S1_SAR,,0
Wendarakulama Wewa,2024-01-24,2024,1,0.5604101593017579,21.358600001438543,2.623815040611337,S1_SAR,,0
Wendarakulama Wewa,2024-02-05,2024,2,0.5003662200927734,21.358600001438543,2.3426920306530983,S1_SAR,,0
Wendarakulama Wewa,2024-02-17,2024,2,0.4403222877502441,21.358600001438543,2.0615690528432924,S1_SAR,,0
Wendarakulama Wewa,2024-02-29,2024,2,0.5904321060180664,21.358600001438543,2.764376438429015,S1_SAR,,0
Wendarakulama Wewa,2024-03-12,2024,3,0.5103735450744629,21.358600001438543,2.389545873980917,S1_SAR,,0
Wendarakulama Wewa,2024-03-24,2024,3,0.5704174705505372,21.358600001438543,2.670668819642291,S1_SAR,,0
Wendarakulama Wewa,2024-04-05,2024,4,0.4703442588806152,21.358600001438543,2.202130564966508,S1_SAR,,0
Wendarakulama Wewa,2024-04-17,2024,4,0.6304614250183106,21.358600001438543,2.9517919010414904,S1_SAR,,0
Wendarakulama Wewa,2024-04-29,2024,4,0.3202343658447266,21.358600001438543,1.4993228293200778,S1_SAR,,0
Wendarakulama Wewa,2024-05-11,2024,5,0.2701977699279785,21.358600001438543,1.265053748418811,S1_SAR,,0
Wendarakulama Wewa,2024-05-23,2024,5,0.5504030982971191,21.358600001438543,2.576962433212141,S1_SAR,,0
Wendarakulama Wewa,2024-06-04,2024,6,0.640468936920166,21.358600001438543,2.998646619521079,S1_SAR,,0
Wendarakulama Wewa,2024-06-16,2024,6,0.3402490325927734,21.358600001438543,1.5930305945607717,S1_SAR,,0
Wendarakulama Wewa,2024-07-10,2024,7,0.4803515625,21.358600001438543,2.248984308276981,S1_SAR,,0
Wendarakulama Wewa,2024-07-22,2024,7,0.4403222663879395,21.358600001438543,2.061568952825948,S1_SAR,,0
Wendarakulama Wewa,2024-08-03,2024,8,0.7505492851257324,21.358600001438543,3.5140378352288137,S1_SAR,,0
Wendarakulama Wewa,2024-08-15,2024,8,0.5103735298156739,21.358600001438543,2.3895458025399567,S1_SAR,,0
Wendarakulama Wewa,2024-08-27,2024,8,0.4603369247436523,21.358600001438543,2.155276678774113,S1_SAR,,0
Wendarakulama Wewa,2024-09-20,2024,9,0.6004394439697266,21.358600001438543,2.8112303424816503,S1_SAR,,0
Wendarakulama Wewa,2024-10-02,2024,10,0.430314933013916,21.358600001438543,2.0147150702056007,S1_SAR,,0
Wendarakulama Wewa,2024-10-14,2024,10,0.5103735252380371,21.358600001438543,2.3895457811076684,S1_SAR,,0
Wendarakulama Wewa,2024-10-26,2024,10,0.4603369140625,21.358600001438543,2.1552766287654403,S1_SAR,,0
Wendarakulama Wewa,2024-11-07,2024,11,0.1901391502380371,21.358600001438543,0.8902229089230138,S1_SAR,,0
Wendarakulama Wewa,2024-11-19,2024,11,0.4503296226501465,21.358600001438543,2.108422942607736,S1_SAR,,0
Wendarakulama Wewa,2024-12-13,2024,12,1.4210404258728029,21.358600001438543,6.65324705634776,S1_SAR,,0
Wendarakulama Wewa,2024-12-25,2024,12,1.501098654937744,21.358600001438543,7.028076066954959,S1_SAR,,0
Wendarakulama Wewa,2025-01-06,2025,1,1.270930475616455,21.358600001438543,5.9504390527977264,S1_SAR,,0
Wendarakulama Wewa,2025-01-18,2025,1,2.101538329315185,21.358600001438543,9.839307488195118,S1_SAR,,0
Wendarakulama Wewa,2025-01-30,2025,1,2.1615823234558107,21.358600001438543,10.120430755340816,S1_SAR,,0
Wendarakulama Wewa,2025-02-11,2025,2,2.161582327270508,21.358600001438543,10.120430773201056,S1_SAR,,0
Wendarakulama Wewa,2025-02-23,2025,2,1.931413803863525,21.358600001438543,9.042792148050156,S1_SAR,,0
Wendarakulama Wewa,2025-03-07,2025,3,2.061508853149414,21.358600001438543,9.651891289740746,S1_SAR,,0
Wendarakulama Wewa,2025-03-19,2025,3,2.4517946388244627,21.358600001438543,11.47919170104468,S1_SAR,,0
Wendarakulama Wewa,2025-03-31,2025,3,1.020747184753418,21.358600001438543,4.779092190895792,S1_SAR,,0
Wendarakulama Wewa,2025-04-12,2025,4,2.7420068283081056,21.358600001438543,12.83795205736062,S1_SAR,,0
Wendarakulama Wewa,2025-04-24,2025,4,2.511838473510742,21.358600001438543,11.760314221632338,S1_SAR,,0
Wendarakulama Wewa,2025-05-06,2025,5,0.6304613899230957,21.358600001438543,2.95179173672728,S1_SAR,,0
Wendarakulama Wewa,2025-05-18,2025,5,1.8813767250061035,21.358600001438543,8.808520806042479,S1_SAR,,0
Wendarakulama Wewa,2025-05-30,2025,5,3.2023435707092287,21.358600001438543,14.993227882415251,S1_SAR,,0
Wendarakulama Wewa,2025-06-11,2025,6,3.352453438568116,21.358600001438543,15.696035500184095,S1_SAR,,0
Wendarakulama Wewa,2025-06-23,2025,6,3.122284989929199,21.358600001438543,14.618397225093904,S1_SAR,,0
Wendarakulama Wewa,2025-07-05,2025,7,3.682695184326172,21.358600001438543,17.242212430019453,S1_SAR,,0
Wendarakulama Wewa,2025-07-17,2025,7,3.432512074279785,21.358600001438543,16.0708664146929,S1_SAR,,0
Wendarakulama Wewa,2025-07-29,2025,7,3.392482779693604,21.358600001438543,15.883451066385964,S1_SAR,,0
Wendarakulama Wewa,2025-08-10,2025,8,3.5726145820617674,21.358600001438543,16.72682002481972,S1_SAR,,0
Wendarakulama Wewa,2025-08-22,2025,8,3.56260726852417,21.358600001438543,16.679966235072623,S1_SAR,,0
Wendarakulama Wewa,2025-09-03,2025,9,3.2323655937194826,21.358600001438543,15.133789637437737,S1_SAR,,0
Wendarakulama Wewa,2025-09-15,2025,9,3.3724681129455565,21.358600001438543,15.78974330114527,S1_SAR,,0
Wendarakulama Wewa,2025-09-27,2025,9,3.3524535499572754,21.358600001438543,15.696036021703112,S1_SAR,,0
Wendarakulama Wewa,2025-10-09,2025,10,3.2924095825195314,21.358600001438543,15.414912879579097,S1_SAR,,0
Wendarakulama Wewa,2025-10-21,2025,10,3.442519450378418,21.358600001438543,16.11772049734794,S1_SAR,,0
Wendarakulama Wewa,2025-11-02,2025,11,3.342446173095703,21.358600001438543,15.649181935476026,S1_SAR,,0
Wendarakulama Wewa,2025-11-14,2025,11,3.302416907501221,21.358600001438543,15.461766722906914,S1_SAR,,0
Wendarakulama Wewa,2025-11-26,2025,11,2.7620215766906737,21.358600001438543,12.931660204810456,S1_SAR,,0
Wendarakulama Wewa,2025-12-02,2025,12,7.815720949554444,21.358600001438543,36.59285228913898,S1_SAR,,0
Wendarakulama Wewa,2025-12-08,2025,12,6.724922485351563,21.358600001438543,31.48578317351617,S1_SAR,,0
Wendarakulama Wewa,2025-12-20,2025,12,5.784234267425537,21.358600001438543,27.08152344739804,S1_SAR,,0
