tank_id,forecast_date,storage,storage_pct,storage_source,t+1,t+2,t+3,t+4,t+5,t+6,t+7,primary_risk,classifier_risk,agreement,prob_drought,prob_normal,prob_overflow,drought_duration_days,overflow_duration_days,confidence,days_gap
1,2025-03-01,0.0071,26.82,predicted,26.82,27.08,26.56,26.8,27.04,27.3,23.2,normal,drought,False,0.641,0.249,0.11,0,0,0.29,10
1,2025-03-02,0.0073,27.5,predicted,27.5,27.82,27.33,27.65,27.9,23.2,27.75,normal,drought,False,0.645,0.241,0.114,0,0,0.29,10
1,2025-03-03,0.0073,27.63,predicted,27.63,27.97,27.54,27.83,23.2,28.46,28.02,normal,drought,False,0.649,0.235,0.116,0,0,0.29,10
1,2025-03-04,0.0074,27.73,predicted,27.73,28.02,27.62,23.2,28.01,28.38,28.0,normal,drought,False,0.649,0.234,0.117,0,0,0.29,10
1,2025-03-05,0.0073,27.61,predicted,27.61,27.84,23.2,27.49,27.67,27.95,27.67,normal,drought,False,0.648,0.236,0.116,0,0,0.29,10
1,2025-03-06,0.0072,27.2,predicted,27.2,23.2,26.94,26.92,27.08,27.25,27.08,normal,drought,False,0.649,0.238,0.113,0,0,0.29,10
1,2025-03-07,0.0062,23.2,observed,23.2,26.98,26.53,26.43,26.59,26.66,26.55,normal,drought,False,0.65,0.239,0.111,0,0,0.29,10
1,2025-03-08,0.0055,20.55,predicted,20.55,20.83,20.74,20.96,21.32,21.58,21.81,normal,drought,False,0.65,0.242,0.109,0,0,0.57,6
1,2025-03-09,0.0053,19.82,predicted,19.82,20.09,19.97,20.17,20.54,20.76,21.01,drought,drought,True,0.649,0.244,0.108,2,0,0.57,6
1,2025-03-10,0.0053,20.0,predicted,20.0,20.1,19.66,19.58,19.84,19.89,19.97,normal,drought,False,0.645,0.246,0.109,5,0,0.29,10
1,2025-03-11,0.0054,20.24,predicted,20.24,20.37,19.84,19.92,20.24,20.26,20.14,normal,drought,False,0.636,0.25,0.114,2,0,0.29,10
1,2025-03-12,0.0055,20.6,predicted,20.6,20.87,20.37,20.87,21.27,21.39,21.09,normal,drought,False,0.63,0.247,0.123,0,0,0.29,10
1,2025-03-13,0.0057,21.44,predicted,21.44,21.69,21.2,21.44,21.77,22.03,28.98,normal,drought,False,0.627,0.246,0.127,0,0,0.29,10
1,2025-03-14,0.0057,21.3,predicted,21.3,21.48,21.07,21.19,21.45,28.98,21.5,normal,drought,False,0.628,0.246,0.126,0,0,0.29,10
1,2025-03-15,0.0057,21.37,predicted,21.37,21.52,21.15,21.15,28.98,21.63,21.51,normal,drought,False,0.633,0.246,0.121,0,0,0.29,10
1,2025-03-16,0.0056,21.12,predicted,21.12,21.27,20.91,28.98,21.27,21.44,21.38,normal,drought,False,0.655,0.237,0.108,0,0,0.29,10
1,2025-03-17,0.0055,20.8,predicted,20.8,21.04,28.98,21.0,21.34,21.52,21.38,normal,drought,False,0.66,0.232,0.107,0,0,0.29,10
1,2025-03-18,0.0056,21.11,predicted,21.11,28.98,20.99,21.25,21.59,21.85,21.66,normal,drought,False,0.662,0.23,0.108,0,0,0.29,10
1,2025-03-19,0.0077,28.98,observed,28.98,21.45,21.05,21.11,21.41,21.68,21.53,normal,drought,False,0.66,0.233,0.107,0,0,0.29,10
1,2025-03-20,0.0071,26.89,predicted,26.89,26.94,26.29,26.17,26.27,26.32,26.0,normal,drought,False,0.66,0.233,0.107,0,0,0.57,6
1,2025-03-21,0.0073,27.47,predicted,27.47,27.48,26.79,26.54,26.62,26.66,26.32,normal,drought,False,0.657,0.236,0.107,0,0,0.57,6
1,2025-03-22,0.0072,27.05,predicted,27.05,27.14,26.57,26.34,26.49,26.61,26.36,normal,drought,False,0.652,0.243,0.106,0,0,0.29,10
1,2025-03-23,0.0072,26.96,predicted,26.96,27.03,26.42,26.17,26.32,26.4,26.13,normal,drought,False,0.645,0.247,0.108,0,0,0.29,10
1,2025-03-24,0.0072,26.99,predicted,26.99,27.04,26.45,26.18,26.31,26.39,26.14,normal,drought,False,0.637,0.253,0.111,0,0,0.29,10
1,2025-03-25,0.0072,27.0,predicted,27.0,26.99,26.39,26.09,26.19,26.19,25.55,normal,drought,False,0.631,0.257,0.112,0,0,0.29,10
1,2025-03-26,0.007,26.53,predicted,26.53,26.57,25.96,25.71,25.86,25.55,25.66,normal,drought,False,0.672,0.239,0.089,0,0,0.29,10
1,2025-03-27,0.007,26.53,predicted,26.53,26.56,25.92,25.63,25.55,25.83,25.57,normal,drought,False,0.676,0.238,0.086,0,0,0.29,10
1,2025-03-28,0.007,26.52,predicted,26.52,26.55,25.92,25.55,25.75,25.83,25.57,normal,drought,False,0.674,0.24,0.087,0,0,0.29,10
1,2025-03-29,0.0071,26.72,predicted,26.72,26.74,25.55,25.78,25.91,25.98,25.72,normal,drought,False,0.662,0.247,0.091,0,0,0.29,10
1,2025-03-30,0.0071,26.68,predicted,26.68,25.55,26.05,25.69,25.79,25.79,25.6,normal,drought,False,0.66,0.25,0.09,0,0,0.29,10
1,2025-03-31,0.0068,25.55,observed,25.55,26.57,25.95,25.57,25.67,25.65,25.48,normal,drought,False,0.673,0.244,0.083,0,0,0.29,10
1,2025-04-01,0.0061,23.05,predicted,23.05,23.13,22.69,22.46,22.69,22.8,22.8,normal,drought,False,0.681,0.24,0.079,0,0,0.57,6
1,2025-04-02,0.0061,22.98,predicted,22.98,23.1,22.6,22.5,22.78,22.9,22.78,normal,drought,False,0.68,0.24,0.081,0,0,0.57,6
1,2025-04-03,0.0061,23.01,predicted,23.01,23.12,22.52,22.46,22.71,22.83,22.57,normal,drought,False,0.693,0.231,0.077,0,0,0.29,10
1,2025-04-04,0.0063,23.92,predicted,23.92,24.21,23.66,23.95,24.27,24.55,24.16,normal,drought,False,0.698,0.22,0.082,0,0,0.29,10
1,2025-04-05,0.0067,25.3,predicted,25.3,25.74,25.26,25.8,26.15,26.58,26.1,normal,drought,False,0.688,0.215,0.097,0,0,0.29,10
1,2025-04-06,0.0066,24.7,predicted,24.7,25.11,24.78,25.25,25.57,26.01,24.2,normal,drought,False,0.68,0.212,0.108,0,0,0.29,10
1,2025-04-07,0.0065,24.63,predicted,24.63,25.03,24.77,25.25,25.57,24.2,25.78,normal,drought,False,0.671,0.21,0.119,0,0,0.29,10
1,2025-04-08,0.0065,24.5,predicted,24.5,24.86,24.59,24.94,24.2,25.58,25.45,normal,drought,False,0.662,0.21,0.128,0,0,0.29,10
1,2025-04-09,0.0063,23.89,predicted,23.89,24.15,23.84,24.2,24.22,24.48,24.44,normal,drought,False,0.66,0.211,0.129,0,0,0.29,10
1,2025-04-10,0.0062,23.37,predicted,23.37,23.55,24.2,23.19,23.44,23.61,23.6,normal,drought,False,0.657,0.214,0.129,0,0,0.29,10
1,2025-04-11,0.006,22.79,predicted,22.79,24.2,22.57,22.64,22.92,23.05,22.99,normal,drought,False,0.653,0.217,0.13,0,0,0.29,10
1,2025-04-12,0.0064,24.2,observed,24.2,23.03,22.53,22.51,22.79,22.94,22.79,normal,drought,False,0.65,0.221,0.13,0,0,0.29,10
1,2025-04-13,0.0057,21.62,predicted,21.62,21.82,21.39,21.38,21.7,21.93,21.82,normal,drought,False,0.647,0.225,0.128,0,0,0.57,6
1,2025-04-14,0.0058,21.82,predicted,21.82,22.01,21.55,21.47,21.78,22.03,21.89,normal,drought,False,0.64,0.232,0.128,0,0,0.57,6
1,2025-04-15,0.0059,22.15,predicted,22.15,22.32,21.84,21.79,22.08,22.31,22.11,normal,drought,False,0.622,0.243,0.135,0,0,0.29,10
1,2025-04-16,0.0059,22.3,predicted,22.3,22.43,21.95,21.82,22.07,22.28,22.12,normal,drought,False,0.593,0.259,0.149,0,0,0.29,10
1,2025-04-17,0.006,22.58,predicted,22.58,22.7,22.25,22.09,22.34,22.55,22.38,normal,drought,False,0.557,0.275,0.168,0,0,0.29,10
1,2025-04-18,0.006,22.58,predicted,22.58,22.69,22.25,22.07,22.31,22.52,21.22,normal,drought,False,0.59,0.273,0.138,0,0,0.29,10
1,2025-04-19,0.0059,22.23,predicted,22.23,22.27,21.78,21.53,21.74,21.22,21.76,normal,drought,False,0.656,0.25,0.094,0,0,0.29,10
1,2025-04-20,0.0059,22.18,predicted,22.18,22.21,21.72,21.47,21.22,21.78,21.69,normal,drought,False,0.657,0.252,0.091,0,0,0.29,10
1,2025-04-21,0.0059,22.06,predicted,22.06,22.08,21.58,21.22,21.48,21.57,21.5,normal,drought,False,0.676,0.244,0.08,0,0,0.29,10
1,2025-04-22,0.0058,21.9,predicted,21.9,21.94,21.22,21.17,21.38,21.46,21.37,normal,drought,False,0.685,0.239,0.076,0,0,0.29,10
1,2025-04-23,0.0058,21.89,predicted,21.89,21.22,21.42,21.28,21.52,21.62,21.49,normal,drought,False,0.684,0.239,0.077,0,0,0.29,10
1,2025-04-24,0.0056,21.22,observed,21.22,21.96,21.42,21.28,21.5,21.61,21.45,normal,drought,False,0.68,0.241,0.079,0,0,0.29,10
1,2025-04-25,0.0051,19.12,predicted,19.12,19.29,18.93,18.93,19.26,19.49,19.45,drought,drought,True,0.688,0.236,0.076,7,0,0.57,6
1,2025-04-26,0.005,18.92,predicted,18.92,19.11,18.77,18.81,19.15,19.41,19.37,drought,drought,True,0.693,0.232,0.075,7,0,0.57,6
1,2025-04-27,0.0051,19.05,predicted,19.05,19.17,18.77,18.72,19.01,19.22,19.16,drought,drought,True,0.696,0.229,0.075,7,0,0.29,10
1,2025-04-28,0.0051,19.14,predicted,19.14,19.29,18.88,18.96,19.28,19.47,19.38,drought,drought,True,0.696,0.227,0.077,7,0,0.29,10
1,2025-04-29,0.0051,19.34,predicted,19.34,19.55,19.15,19.32,19.66,19.9,19.79,drought,drought,True,0.702,0.221,0.077,7,0,0.29,10
1,2025-04-30,0.0052,19.44,predicted,19.44,19.72,19.37,19.71,20.09,20.38,24.2,drought,drought,True,0.702,0.217,0.081,4,0,0.29,10
1,2025-05-01,0.0052,19.45,predicted,19.45,19.8,19.51,20.04,20.46,24.2,20.6,drought,drought,True,0.699,0.213,0.088,3,0,0.29,10
1,2025-05-02,0.0052,19.67,predicted,19.67,19.96,19.67,19.89,24.2,20.64,20.51,drought,drought,True,0.695,0.215,0.091,4,0,0.29,10
1,2025-05-03,0.0051,19.38,predicted,19.38,19.62,19.36,24.2,19.83,20.18,20.12,drought,drought,True,0.692,0.216,0.092,4,0,0.29,10
1,2025-05-04,0.0051,19.25,predicted,19.25,19.45,24.2,19.19,19.5,19.81,19.79,drought,drought,True,0.689,0.219,0.092,6,0,0.29,10
1,2025-05-05,0.0052,19.45,predicted,19.45,24.2,19.26,19.12,19.39,19.65,19.66,drought,drought,True,0.684,0.225,0.091,6,0,0.29,10
1,2025-05-06,0.0064,24.2,observed,24.2,20.04,19.63,19.56,19.83,20.03,20.0,normal,drought,False,0.686,0.225,0.09,3,0,0.29,10
1,2025-05-07,0.006,22.47,predicted,22.47,22.52,21.96,21.84,22.04,22.12,21.98,normal,drought,False,0.689,0.223,0.088,0,0,0.57,6
1,2025-05-08,0.0059,22.21,predicted,22.21,22.28,21.73,21.64,21.86,21.94,21.79,normal,drought,False,0.687,0.224,0.089,0,0,0.57,6
1,2025-05-09,0.0059,22.09,predicted,22.09,22.24,21.78,21.7,21.97,22.17,22.03,normal,drought,False,0.684,0.227,0.089,0,0,0.29,10
1,2025-05-10,0.0059,22.26,predicted,22.26,22.38,21.88,21.7,21.95,22.15,21.99,normal,drought,False,0.678,0.232,0.09,0,0,0.29,10
1,2025-05-11,0.0059,22.31,predicted,22.31,22.4,21.92,21.69,21.91,22.09,21.96,normal,drought,False,0.668,0.239,0.093,0,0,0.29,10
1,2025-05-12,0.0059,22.11,predicted,22.11,22.16,21.72,21.46,21.66,21.8,15.52,normal,drought,False,0.662,0.244,0.093,1,0,0.29,10
1,2025-05-13,0.0058,22.0,predicted,22.0,22.0,21.53,21.23,21.41,15.52,21.46,normal,drought,False,0.657,0.249,0.094,1,0,0.29,10
1,2025-05-14,0.0058,22.02,predicted,22.02,21.97,21.43,21.07,15.52,21.24,21.2,normal,drought,False,0.664,0.249,0.087,1,0,0.29,10
1,2025-05-15,0.0058,21.84,predicted,21.84,21.83,21.29,15.52,21.12,21.18,21.12,normal,drought,False,0.69,0.237,0.074,1,0,0.29,10
1,2025-05-16,0.0058,21.82,predicted,21.82,21.81,15.52,20.9,21.08,21.14,21.07,normal,drought,False,0.689,0.237,0.073,1,0,0.29,10
1,2025-05-17,0.0058,21.77,predicted,21.77,15.52,21.2,20.86,21.06,21.14,21.03,normal,drought,False,0.692,0.236,0.072,1,0,0.29,10
1,2025-05-18,0.0041,15.52,observed,15.52,21.42,20.88,20.88,21.18,21.31,21.11,drought,drought,True,0.695,0.231,0.074,1,0,0.29,10
1,2025-05-19,0.0036,13.72,predicted,13.72,14.19,14.33,15.05,15.64,16.05,16.28,drought,drought,True,0.689,0.232,0.079,7,0,0.57,6
1,2025-05-20,0.0034,12.95,predicted,12.95,13.42,13.61,14.45,15.04,15.44,15.65,drought,drought,True,0.688,0.231,0.08,7,0,0.57,6
1,2025-05-21,0.0036,13.63,predicted,13.63,13.77,13.5,13.64,14.0,14.26,14.22,drought,drought,True,0.691,0.23,0.079,7,0,0.29,10
1,2025-05-22,0.0036,13.64,predicted,13.64,13.78,13.54,13.67,14.04,14.32,14.31,drought,drought,True,0.695,0.227,0.078,7,0,0.29,10
1,2025-05-23,0.0037,13.86,predicted,13.86,13.98,13.74,13.71,14.04,14.36,14.4,drought,drought,True,0.697,0.227,0.076,7,0,0.29,10
1,2025-05-24,0.0037,13.78,predicted,13.78,13.88,13.64,13.53,13.84,14.14,18.33,drought,drought,True,0.696,0.228,0.075,7,0,0.29,10
1,2025-05-25,0.0036,13.48,predicted,13.48,13.59,13.33,13.34,13.69,18.33,14.01,drought,drought,True,0.696,0.229,0.076,7,0,0.29,10
1,2025-05-26,0.0036,13.62,predicted,13.62,13.76,13.47,13.57,18.33,14.17,14.19,drought,drought,True,0.696,0.229,0.076,7,0,0.29,10
1,2025-05-27,0.0037,13.85,predicted,13.85,13.98,13.7,18.33,14.0,14.28,14.33,drought,drought,True,0.696,0.229,0.075,7,0,0.29,10
1,2025-05-28,0.0036,13.75,predicted,13.75,13.89,18.33,13.65,14.01,14.27,14.32,drought,drought,True,0.696,0.229,0.075,7,0,0.29,10
1,2025-05-29,0.0037,13.94,predicted,13.94,18.33,13.79,13.59,13.87,14.18,14.32,drought,drought,True,0.692,0.233,0.075,7,0,0.29,10
1,2025-05-30,0.0049,18.33,observed,18.33,13.86,13.63,13.37,13.62,13.88,14.09,drought,drought,True,0.685,0.237,0.078,7,0,0.29,10
1,2025-05-31,0.0043,16.05,predicted,16.05,15.99,15.53,15.39,15.62,15.61,15.66,drought,drought,True,0.673,0.243,0.084,7,0,0.57,6
1,2025-06-01,0.0044,16.53,predicted,16.53,16.51,16.02,15.83,16.07,16.14,16.13,drought,drought,True,0.678,0.24,0.081,7,0,0.57,6
1,2025-06-02,0.0044,16.57,predicted,16.57,16.59,16.16,15.99,16.25,16.37,16.37,drought,drought,True,0.68,0.241,0.079,7,0,0.29,10
1,2025-06-03,0.0044,16.43,predicted,16.43,16.48,16.12,15.91,16.16,16.36,16.42,drought,drought,True,0.691,0.235,0.074,7,0,0.29,10
1,2025-06-04,0.0044,16.41,predicted,16.41,16.44,16.08,15.84,16.08,16.24,16.34,drought,drought,True,0.693,0.235,0.073,7,0,0.29,10
1,2025-06-05,0.0043,16.21,predicted,16.21,16.25,15.91,15.67,15.93,16.1,17.7,drought,drought,True,0.696,0.232,0.071,7,0,0.29,10
1,2025-06-06,0.0043,16.24,predicted,16.24,16.29,15.91,15.67,15.94,17.7,16.19,drought,drought,True,0.695,0.234,0.072,7,0,0.29,10
1,2025-06-07,0.0043,16.19,predicted,16.19,16.19,15.81,15.56,17.7,15.92,16.03,drought,drought,True,0.692,0.236,0.073,7,0,0.29,10
1,2025-06-08,0.0043,16.07,predicted,16.07,16.06,15.7,17.7,15.65,15.76,15.91,drought,drought,True,0.693,0.235,0.072,7,0,0.29,10
1,2025-06-09,0.0042,15.97,predicted,15.97,15.98,17.7,15.32,15.55,15.69,15.86,drought,drought,True,0.695,0.233,0.072,7,0,0.29,10
1,2025-06-10,0.0042,16.0,predicted,16.0,17.7,15.6,15.27,15.49,15.59,15.76,drought,drought,True,0.694,0.234,0.072,7,0,0.29,10
1,2025-06-11,0.0047,17.7,observed,17.7,15.89,15.45,15.3,15.62,15.72,15.78,drought,drought,True,0.698,0.23,0.072,7,0,0.29,10
1,2025-06-12,0.004,14.97,predicted,14.97,15.11,14.73,14.83,15.21,15.34,15.37,drought,drought,True,0.695,0.23,0.076,7,0,0.57,6
1,2025-06-13,0.0041,15.47,predicted,15.47,15.57,15.19,15.16,15.48,15.66,15.67,drought,drought,True,0.691,0.231,0.078,7,0,0.57,6
1,2025-06-14,0.0041,15.39,predicted,15.39,15.48,15.14,15.09,15.4,15.61,15.65,drought,drought,True,0.698,0.227,0.075,7,0,0.29,10
1,2025-06-15,0.0039,14.86,predicted,14.86,15.04,14.75,15.06,15.46,15.62,15.63,drought,drought,True,0.698,0.224,0.078,7,0,0.29,10
1,2025-06-16,0.004,14.99,predicted,14.99,15.22,14.94,15.32,15.76,15.96,15.91,drought,drought,True,0.696,0.222,0.082,7,0,0.29,10
1,2025-06-17,0.004,15.11,predicted,15.11,15.4,15.16,15.71,16.19,16.43,14.91,drought,drought,True,0.692,0.221,0.086,7,0,0.29,10
1,2025-06-18,0.0041,15.64,predicted,15.64,15.94,15.69,16.13,16.58,14.91,16.73,drought,drought,True,0.689,0.222,0.09,7,0,0.29,10
1,2025-06-19,0.0042,16.0,predicted,16.0,16.22,15.99,16.1,14.91,16.87,16.79,drought,drought,True,0.688,0.223,0.089,7,0,0.29,10
1,2025-06-20,0.0042,15.83,predicted,15.83,15.97,15.76,14.91,16.0,16.36,16.41,drought,drought,True,0.686,0.227,0.088,7,0,0.29,10
1,2025-06-21,0.0041,15.59,predicted,15.59,15.7,14.91,15.36,15.65,15.92,16.03,drought,drought,True,0.684,0.23,0.086,7,0,0.29,10
1,2025-06-22,0.0041,15.56,predicted,15.56,14.91,15.35,15.24,15.54,15.76,15.87,drought,drought,True,0.684,0.232,0.085,7,0,0.29,10
1,2025-06-23,0.004,14.91,observed,14.91,15.7,15.38,15.19,15.47,15.69,15.81,drought,drought,True,0.682,0.235,0.083,7,0,0.29,10
1,2025-06-24,0.0035,13.35,predicted,13.35,13.46,13.26,13.14,13.45,13.69,13.92,drought,drought,True,0.677,0.24,0.084,7,0,0.57,6
1,2025-06-25,0.0035,13.11,predicted,13.11,13.15,12.94,12.71,12.97,13.17,13.44,drought,drought,True,0.673,0.244,0.083,7,0,0.57,6
1,2025-06-26,0.0035,13.11,predicted,13.11,13.11,12.81,12.5,12.75,12.93,13.13,drought,drought,True,0.68,0.24,0.08,7,0,0.29,10
1,2025-06-27,0.0034,12.97,predicted,12.97,12.98,12.64,12.39,12.66,12.81,12.98,drought,drought,True,0.674,0.244,0.082,7,0,0.29,10
1,2025-06-28,0.0034,12.98,predicted,12.98,12.91,12.55,12.21,12.43,12.53,12.7,drought,drought,True,0.663,0.252,0.085,7,0,0.29,10
1,2025-06-29,0.0034,12.94,predicted,12.94,12.9,12.52,12.29,12.55,12.64,15.83,drought,drought,True,0.668,0.249,0.083,7,0,0.29,10
1,2025-06-30,0.0035,13.01,predicted,13.01,12.95,12.58,12.27,12.5,15.83,12.75,drought,drought,True,0.674,0.246,0.08,7,0,0.29,10
1,2025-07-01,0.0035,13.12,predicted,13.12,13.06,12.74,12.36,15.83,12.72,12.91,drought,drought,True,0.685,0.24,0.074,7,0,0.29,10
1,2025-07-02,0.0034,12.96,predicted,12.96,12.93,12.66,15.83,12.48,12.69,12.94,drought,drought,True,0.694,0.234,0.072,7,0,0.29,10
1,2025-07-03,0.0034,12.91,predicted,12.91,12.88,15.83,12.17,12.39,12.58,12.84,drought,drought,True,0.694,0.234,0.072,7,0,0.29,10
1,2025-07-04,0.0034,12.97,predicted,12.97,15.83,12.6,12.17,12.39,12.55,12.79,drought,drought,True,0.693,0.235,0.072,7,0,0.29,10
1,2025-07-05,0.0042,15.83,observed,15.83,12.88,12.57,12.1,12.3,12.47,12.72,drought,drought,True,0.693,0.236,0.071,7,0,0.29,10
1,2025-07-06,0.0037,13.77,predicted,13.77,13.7,13.31,12.81,13.01,13.15,13.35,drought,drought,True,0.694,0.236,0.071,7,0,0.57,6
1,2025-07-07,0.0037,13.77,predicted,13.77,13.7,13.32,12.82,13.01,13.15,13.36,drought,drought,True,0.694,0.235,0.07,7,0,0.57,6
1,2025-07-08,0.0036,13.69,predicted,13.69,13.63,13.28,12.76,12.95,13.11,13.36,drought,drought,True,0.692,0.237,0.071,7,0,0.29,10
1,2025-07-09,0.0036,13.76,predicted,13.76,13.68,13.32,12.77,12.96,13.1,13.35,drought,drought,True,0.691,0.238,0.071,7,0,0.29,10
1,2025-07-10,0.0037,13.86,predicted,13.86,13.77,13.37,12.81,13.0,13.12,13.34,drought,drought,True,0.689,0.24,0.071,7,0,0.29,10
1,2025-07-11,0.0037,14.08,predicted,14.08,14.02,13.56,13.04,13.27,13.39,5.65,drought,drought,True,0.689,0.241,0.07,7,0,0.29,10
1,2025-07-12,0.0037,13.88,predicted,13.88,13.8,13.39,12.87,13.07,5.65,13.38,drought,drought,True,0.689,0.242,0.069,7,0,0.29,10
1,2025-07-13,0.0037,13.78,predicted,13.78,13.71,13.31,12.82,5.65,13.18,13.35,drought,drought,True,0.691,0.241,0.068,7,0,0.29,10
1,2025-07-14,0.0036,13.61,predicted,13.61,13.55,13.18,5.65,12.91,13.06,13.26,drought,drought,True,0.691,0.241,0.068,7,0,0.29,10
1,2025-07-15,0.0036,13.48,predicted,13.48,13.42,5.65,12.6,12.83,12.97,13.17,drought,drought,True,0.691,0.24,0.069,7,0,0.29,10
1,2025-07-16,0.0036,13.54,predicted,13.54,5.65,13.11,12.65,12.87,13.02,13.23,drought,drought,True,0.692,0.239,0.069,7,0,0.29,10
1,2025-07-17,0.0015,5.65,observed,5.65,13.28,12.88,12.57,12.86,12.97,13.12,drought,drought,True,0.695,0.236,0.069,7,0,0.29,10
1,2025-07-18,0.0014,5.26,predicted,5.26,5.36,5.65,5.5,5.83,6.2,6.8,drought,drought,True,0.694,0.237,0.069,7,0,0.57,6
1,2025-07-19,0.0012,4.6,predicted,4.6,4.7,5.0,4.88,5.22,5.57,6.16,drought,drought,True,0.696,0.235,0.069,7,0,0.57,6
1,2025-07-20,0.0013,4.76,predicted,4.76,4.72,4.62,4.1,4.43,4.87,5.08,drought,drought,True,0.695,0.236,0.069,7,0,0.29,10
1,2025-07-21,0.0012,4.5,predicted,4.5,4.49,4.37,4.01,4.41,4.79,4.97,drought,drought,True,0.697,0.234,0.069,7,0,0.29,10
1,2025-07-22,0.0012,4.42,predicted,4.42,4.42,4.33,4.02,4.41,4.78,4.97,drought,drought,True,0.7,0.23,0.069,7,0,0.29,10
1,2025-07-23,0.0012,4.37,predicted,4.37,4.38,4.31,4.08,4.5,4.84,10.2,drought,drought,True,0.703,0.227,0.07,7,0,0.29,10
1,2025-07-24,0.0012,4.46,predicted,4.46,4.47,4.41,4.21,4.62,10.2,5.16,drought,drought,True,0.704,0.225,0.071,7,0,0.29,10
1,2025-07-25,0.0012,4.54,predicted,4.54,4.54,4.48,4.2,10.2,4.95,5.18,drought,drought,True,0.701,0.226,0.073,7,0,0.29,10
1,2025-07-26,0.0012,4.62,predicted,4.62,4.61,4.57,10.2,4.57,4.98,5.23,drought,drought,True,0.699,0.226,0.075,7,0,0.29,10
1,2025-07-27,0.0012,4.53,predicted,4.53,4.53,10.2,4.18,4.55,4.93,5.17,drought,drought,True,0.697,0.227,0.076,7,0,0.29,10
1,2025-07-28,0.0013,4.92,predicted,4.92,10.2,4.85,4.39,4.69,5.14,5.43,drought,drought,True,0.695,0.229,0.076,7,0,0.29,10
1,2025-07-29,0.0027,10.2,observed,10.2,5.03,4.99,4.44,4.71,5.18,5.5,drought,drought,True,0.695,0.229,0.076,7,0,0.29,10
1,2025-07-30,0.0024,8.92,predicted,8.92,8.89,8.67,8.14,8.39,8.8,9.01,drought,drought,True,0.692,0.232,0.076,7,0,0.57,6
1,2025-07-31,0.0025,9.32,predicted,9.32,9.28,9.02,8.45,8.7,9.1,9.3,drought,drought,True,0.693,0.233,0.074,7,0,0.57,6
1,2025-08-01,0.0024,9.05,predicted,9.05,9.01,8.81,8.31,8.55,8.86,9.14,drought,drought,True,0.691,0.235,0.074,7,0,0.29,10
1,2025-08-02,0.0023,8.85,predicted,8.85,8.87,8.6,8.36,8.72,8.94,9.12,drought,drought,True,0.691,0.235,0.074,7,0,0.29,10
1,2025-08-03,0.0023,8.54,predicted,8.54,8.6,8.35,8.35,8.76,8.93,9.05,drought,drought,True,0.688,0.236,0.076,7,0,0.29,10
1,2025-08-04,0.0022,8.11,predicted,8.11,8.2,8.03,8.26,8.73,8.86,0.0,drought,drought,True,0.687,0.235,0.078,7,0,0.29,10
1,2025-08-05,0.0023,8.54,predicted,8.54,8.66,8.47,8.67,9.13,0.0,9.37,drought,drought,True,0.689,0.231,0.08,7,0,0.29,10
1,2025-08-06,0.0022,8.36,predicted,8.36,8.45,8.32,8.43,0.0,9.1,9.21,drought,drought,True,0.689,0.23,0.081,7,0,0.29,10
1,2025-08-07,0.0022,8.47,predicted,8.47,8.53,8.41,0.0,8.67,8.99,9.18,drought,drought,True,0.69,0.23,0.081,7,0,0.29,10
1,2025-08-08,0.0022,8.45,predicted,8.45,8.49,0.0,8.2,8.52,8.85,9.07,drought,drought,True,0.69,0.23,0.081,7,0,0.29,10
1,2025-08-09,0.0022,8.45,predicted,8.45,0.0,8.34,8.17,8.5,8.79,9.02,drought,drought,True,0.69,0.23,0.08,7,0,0.29,10
1,2025-08-10,0.0,0.0,observed,0.0,8.48,8.32,8.16,8.5,8.8,9.01,drought,drought,True,0.694,0.228,0.078,7,0,0.29,10
1,2025-08-11,0.0005,1.79,predicted,1.79,1.72,2.17,1.83,2.09,2.45,3.04,drought,drought,True,0.695,0.228,0.077,7,0,0.57,6
1,2025-08-12,0.0004,1.65,predicted,1.65,1.57,2.0,1.58,1.83,2.21,2.79,drought,drought,True,0.696,0.227,0.077,7,0,0.57,6
1,2025-08-13,0.0003,1.08,predicted,1.08,0.92,1.0,0.28,0.6,1.06,1.32,drought,drought,True,0.696,0.227,0.077,7,0,0.29,10
1,2025-08-14,0.0003,1.13,predicted,1.13,0.99,1.08,0.4,0.73,1.21,1.46,drought,drought,True,0.693,0.228,0.079,7,0,0.29,10
1,2025-08-15,0.0003,1.25,predicted,1.25,1.11,1.25,0.57,0.88,1.4,1.66,drought,drought,True,0.686,0.232,0.082,7,0,0.29,10
1,2025-08-16,0.0003,1.21,predicted,1.21,1.08,1.22,0.51,0.82,1.37,0.09,drought,drought,True,0.681,0.236,0.083,7,0,0.29,10
1,2025-08-17,0.0003,1.18,predicted,1.18,1.05,1.18,0.46,0.77,0.09,1.56,drought,drought,True,0.678,0.238,0.084,7,0,0.29,10
1,2025-08-18,0.0003,1.14,predicted,1.14,1.01,1.13,0.44,0.09,1.32,1.52,drought,drought,True,0.681,0.237,0.083,7,0,0.29,10
1,2025-08-19,0.0003,1.25,predicted,1.25,1.11,1.22,0.09,0.76,1.34,1.56,drought,drought,True,0.688,0.233,0.078,7,0,0.29,10
1,2025-08-20,0.0004,1.56,predicted,1.56,1.4,0.09,0.59,0.83,1.47,1.76,drought,drought,True,0.691,0.232,0.077,7,0,0.29,10
1,2025-08-21,0.0004,1.68,predicted,1.68,0.09,1.63,0.63,0.85,1.53,1.81,drought,drought,True,0.689,0.233,0.077,7,0,0.29,10
1,2025-08-22,0.0,0.09,observed,0.09,1.55,1.64,0.64,0.88,1.57,1.81,drought,drought,True,0.687,0.236,0.076,7,0,0.29,10
1,2025-08-23,0.0004,1.58,predicted,1.58,1.43,1.5,0.57,0.85,1.51,1.71,drought,drought,True,0.689,0.236,0.076,7,0,0.57,6
1,2025-08-24,0.0004,1.35,predicted,1.35,1.21,1.28,0.41,0.72,1.33,1.52,drought,drought,True,0.689,0.236,0.075,7,0,0.57,6
1,2025-08-25,0.0004,1.57,predicted,1.57,1.41,1.51,0.54,0.81,1.47,1.7,drought,drought,True,0.686,0.238,0.076,7,0,0.29,10
1,2025-08-26,0.0004,1.57,predicted,1.57,1.41,1.49,0.53,0.79,1.46,1.68,drought,drought,True,0.685,0.239,0.075,7,0,0.29,10
1,2025-08-27,0.0004,1.48,predicted,1.48,1.32,1.42,0.44,0.71,1.38,1.59,drought,drought,True,0.687,0.238,0.075,7,0,0.29,10
1,2025-08-28,0.0004,1.43,predicted,1.43,1.27,1.36,0.38,0.64,1.31,0.0,drought,drought,True,0.688,0.237,0.075,7,0,0.29,10
1,2025-08-29,0.0004,1.36,predicted,1.36,1.2,1.28,0.32,0.6,0.0,1.47,drought,drought,True,0.69,0.235,0.076,7,0,0.29,10
1,2025-08-30,0.0004,1.44,predicted,1.44,1.28,1.37,0.38,0.0,1.33,1.54,drought,drought,True,0.692,0.233,0.075,7,0,0.29,10
1,2025-08-31,0.0004,1.32,predicted,1.32,1.16,1.24,0.0,0.59,1.25,1.44,drought,drought,True,0.691,0.233,0.076,7,0,0.29,10
2,2025-03-01,0.001,7.84,predicted,7.84,8.01,7.98,8.65,9.18,9.27,29.7,drought,drought,True,0.635,0.252,0.113,6,0,0.29,10
2,2025-03-02,0.001,8.31,predicted,8.31,8.53,8.49,9.3,9.86,29.7,9.9,drought,drought,True,0.638,0.244,0.118,6,0,0.29,10
2,2025-03-03,0.001,8.27,predicted,8.27,8.47,8.46,9.13,29.7,9.82,9.83,drought,drought,True,0.642,0.238,0.12,6,0,0.29,10
2,2025-03-04,0.001,8.25,predicted,8.25,8.42,8.4,29.7,9.37,9.6,9.67,drought,drought,True,0.642,0.237,0.121,6,0,0.29,10
2,2025-03-05,0.001,8.25,predicted,8.25,8.37,29.7,8.61,9.01,9.29,9.43,drought,drought,True,0.642,0.238,0.12,6,0,0.29,10
2,2025-03-06,0.001,8.14,predicted,8.14,29.7,8.16,8.26,8.61,8.9,9.12,drought,drought,True,0.643,0.24,0.117,6,0,0.29,10
2,2025-03-07,0.0036,29.7,observed,29.7,8.15,8.07,8.05,8.37,8.65,8.91,normal,drought,False,0.644,0.241,0.115,6,0,0.29,10
2,2025-03-08,0.0031,25.24,predicted,25.24,24.79,23.86,23.14,22.98,22.56,22.45,normal,drought,False,0.644,0.244,0.113,0,0,0.57,6
2,2025-03-09,0.0032,26.33,predicted,26.33,25.79,24.75,23.93,23.7,23.16,23.02,normal,drought,False,0.642,0.246,0.112,0,0,0.57,6
2,2025-03-10,0.0032,26.38,predicted,26.38,26.42,25.83,25.66,25.81,25.75,25.63,normal,drought,False,0.638,0.249,0.113,0,0,0.29,10
2,2025-03-11,0.0033,26.62,predicted,26.62,26.72,26.03,25.94,26.14,26.14,25.8,normal,drought,False,0.629,0.253,0.118,0,0,0.29,10
2,2025-03-12,0.0033,26.95,predicted,26.95,27.21,26.56,26.81,27.08,27.24,26.72,normal,drought,False,0.623,0.251,0.127,0,0,0.29,10
2,2025-03-13,0.0034,27.93,predicted,27.93,28.19,27.57,27.67,27.9,28.18,27.77,normal,drought,False,0.62,0.249,0.131,0,0,0.29,10
2,2025-03-14,0.0034,27.99,predicted,27.99,28.19,27.65,27.67,27.86,27.77,27.68,normal,drought,False,0.621,0.248,0.13,0,0,0.29,10
2,2025-03-15,0.0034,28.09,predicted,28.09,28.25,27.76,27.7,27.77,28.08,27.75,normal,drought,False,0.628,0.248,0.125,0,0,0.29,10
2,2025-03-16,0.0034,27.7,predicted,27.7,27.86,27.38,27.77,27.55,27.68,27.43,normal,drought,False,0.649,0.239,0.112,0,0,0.29,10
2,2025-03-17,0.0033,27.29,predicted,27.29,27.51,27.77,27.16,27.38,27.54,27.21,normal,drought,False,0.654,0.235,0.111,0,0,0.29,10
2,2025-03-18,0.0034,27.53,predicted,27.53,27.77,27.25,27.37,27.59,27.8,27.45,normal,drought,False,0.656,0.233,0.112,0,0,0.29,10
2,2025-03-19,0.0034,27.77,observed,27.77,27.92,27.38,27.33,27.51,27.71,27.38,normal,drought,False,0.655,0.235,0.111,0,0,0.29,10
2,2025-03-20,0.0031,25.56,predicted,25.56,25.8,25.39,25.53,25.79,26.02,25.82,normal,drought,False,0.654,0.235,0.111,0,0,0.57,6
2,2025-03-21,0.0031,25.47,predicted,25.47,25.68,25.23,25.26,25.5,25.72,25.52,normal,drought,False,0.651,0.238,0.111,0,0,0.57,6
2,2025-03-22,0.0031,25.71,predicted,25.71,25.81,25.26,25.07,25.25,25.38,25.17,normal,drought,False,0.647,0.244,0.11,0,0,0.29,10
2,2025-03-23,0.0031,25.62,predicted,25.62,25.7,25.11,24.92,25.09,25.18,24.95,normal,drought,False,0.641,0.248,0.111,0,0,0.29,10
2,2025-03-24,0.0031,25.67,predicted,25.67,25.72,25.15,24.92,25.07,25.14,24.93,normal,drought,False,0.632,0.253,0.115,0,0,0.29,10
2,2025-03-25,0.0031,25.65,predicted,25.65,25.63,25.05,24.77,24.89,24.86,15.03,normal,drought,False,0.628,0.257,0.115,1,0,0.29,10
2,2025-03-26,0.0031,25.21,predicted,25.21,25.26,24.68,24.47,24.65,15.03,24.49,normal,drought,False,0.668,0.239,0.093,1,0,0.29,10
2,2025-03-27,0.0031,25.22,predicted,25.22,25.26,24.66,24.41,15.03,24.63,24.42,normal,drought,False,0.672,0.238,0.09,1,0,0.29,10
2,2025-03-28,0.0031,25.22,predicted,25.22,25.27,24.66,15.03,24.56,24.64,24.42,normal,drought,False,0.67,0.239,0.09,1,0,0.29,10
2,2025-03-29,0.0031,25.41,predicted,25.41,25.44,15.03,24.54,24.7,24.76,24.55,normal,drought,False,0.659,0.247,0.094,1,0,0.29,10
2,2025-03-30,0.0031,25.37,predicted,25.37,15.03,24.76,24.43,24.54,24.53,24.39,normal,drought,False,0.657,0.249,0.093,1,0,0.29,10
2,2025-03-31,0.0018,15.03,observed,15.03,25.28,24.68,24.33,24.45,24.43,24.3,drought,drought,True,0.671,0.243,0.086,1,0,0.29,10
2,2025-04-01,0.0017,13.63,predicted,13.63,14.04,14.38,14.73,15.19,15.66,16.29,drought,drought,True,0.679,0.239,0.082,7,0,0.57,6
2,2025-04-02,0.0016,12.68,predicted,12.68,13.11,13.39,13.95,14.49,14.87,15.41,drought,drought,True,0.677,0.239,0.084,7,0,0.57,6
2,2025-04-03,0.0016,12.92,predicted,12.92,13.0,12.62,12.73,13.11,13.19,13.22,drought,drought,True,0.69,0.23,0.08,7,0,0.29,10
2,2025-04-04,0.0017,13.78,predicted,13.78,14.02,13.65,14.16,14.65,14.8,14.67,drought,drought,True,0.694,0.22,0.086,7,0,0.29,10
2,2025-04-05,0.0018,14.92,predicted,14.92,15.27,14.95,15.72,16.23,16.47,16.24,drought,drought,True,0.683,0.216,0.101,7,0,0.29,10
2,2025-04-06,0.0017,13.85,predicted,13.85,14.15,14.01,14.67,15.11,15.39,25.23,drought,drought,True,0.675,0.213,0.112,6,0,0.29,10
2,2025-04-07,0.0017,13.63,predicted,13.63,13.93,13.83,14.46,14.89,25.23,15.26,drought,drought,True,0.665,0.211,0.124,6,0,0.29,10
2,2025-04-08,0.0016,13.39,predicted,13.39,13.63,13.52,14.01,25.23,14.65,14.81,drought,drought,True,0.657,0.211,0.132,6,0,0.29,10
2,2025-04-09,0.0016,12.98,predicted,12.98,13.15,13.02,25.23,13.61,13.85,14.08,drought,drought,True,0.654,0.212,0.134,6,0,0.29,10
2,2025-04-10,0.0016,12.74,predicted,12.74,12.87,25.23,12.82,13.16,13.35,13.59,drought,drought,True,0.652,0.214,0.134,6,0,0.29,10
2,2025-04-11,0.0015,12.35,predicted,12.35,25.23,12.29,12.56,12.95,13.08,13.27,drought,drought,True,0.647,0.217,0.135,6,0,0.29,10
2,2025-04-12,0.0031,25.23,observed,25.23,12.68,12.41,12.61,13.01,13.17,13.29,normal,drought,False,0.644,0.222,0.135,6,0,0.29,10
2,2025-04-13,0.0027,22.31,predicted,22.31,22.21,21.51,21.2,21.31,21.29,21.08,normal,drought,False,0.641,0.226,0.133,0,0,0.57,6
2,2025-04-14,0.0029,23.39,predicted,23.39,23.26,22.51,22.11,22.18,22.15,21.9,normal,drought,False,0.635,0.233,0.132,0,0,0.57,6
2,2025-04-15,0.0028,23.04,predicted,23.04,23.21,22.7,22.65,22.92,23.13,22.9,normal,drought,False,0.617,0.243,0.139,0,0,0.29,10
2,2025-04-16,0.0028,23.22,predicted,23.22,23.34,22.84,22.7,22.94,23.13,22.93,normal,drought,False,0.59,0.258,0.152,0,0,0.29,10
2,2025-04-17,0.0029,23.52,predicted,23.52,23.63,23.15,23.0,23.24,23.43,23.22,normal,drought,False,0.557,0.274,0.169,0,0,0.29,10
2,2025-04-18,0.0029,23.52,predicted,23.52,23.62,23.16,22.98,23.21,23.4,26.49,normal,drought,False,0.589,0.271,0.14,0,0,0.29,10
2,2025-04-19,0.0028,23.16,predicted,23.16,23.2,22.68,22.44,22.63,26.49,22.59,normal,drought,False,0.653,0.249,0.098,0,0,0.29,10
2,2025-04-20,0.0028,23.11,predicted,23.11,23.14,22.63,22.38,26.49,22.65,22.54,normal,drought,False,0.655,0.25,0.095,0,0,0.29,10
2,2025-04-21,0.0028,22.99,predicted,22.99,23.01,22.47,26.49,22.37,22.43,22.33,normal,drought,False,0.674,0.243,0.083,0,0,0.29,10
2,2025-04-22,0.0028,22.81,predicted,22.81,22.84,26.49,22.05,22.25,22.31,22.19,normal,drought,False,0.683,0.238,0.079,0,0,0.29,10
2,2025-04-23,0.0028,22.8,predicted,22.8,26.49,22.3,22.16,22.39,22.47,22.3,normal,drought,False,0.682,0.238,0.08,0,0,0.29,10
2,2025-04-24,0.0032,26.49,observed,26.49,22.88,22.32,22.18,22.39,22.47,22.29,normal,drought,False,0.678,0.239,0.082,0,0,0.29,10
2,2025-04-25,0.0029,24.1,predicted,24.1,24.14,23.52,23.31,23.49,23.58,23.32,normal,drought,False,0.686,0.234,0.079,0,0,0.57,6
2,2025-04-26,0.003,24.24,predicted,24.24,24.31,23.71,23.53,23.72,23.84,23.58,normal,drought,False,0.69,0.231,0.079,0,0,0.57,6
2,2025-04-27,0.0029,24.11,predicted,24.11,24.23,23.73,23.63,23.86,24.04,23.83,normal,drought,False,0.693,0.228,0.079,0,0,0.29,10
2,2025-04-28,0.003,24.22,predicted,24.22,24.38,23.88,23.9,24.15,24.33,24.09,normal,drought,False,0.694,0.226,0.081,0,0,0.29,10
2,2025-04-29,0.003,24.42,predicted,24.42,24.63,24.14,24.23,24.5,24.73,24.47,normal,drought,False,0.699,0.22,0.081,0,0,0.29,10
2,2025-04-30,0.003,24.54,predicted,24.54,24.82,24.38,24.62,24.91,25.21,27.77,normal,drought,False,0.699,0.216,0.085,0,0,0.29,10
2,2025-05-01,0.003,24.57,predicted,24.57,24.93,24.53,24.93,25.26,27.77,25.29,normal,drought,False,0.694,0.213,0.093,0,0,0.29,10
2,2025-05-02,0.003,24.87,predicted,24.87,25.17,24.77,24.91,27.77,25.57,25.29,normal,drought,False,0.69,0.214,0.096,0,0,0.29,10
2,2025-05-03,0.003,24.58,predicted,24.58,24.82,24.45,27.77,24.77,25.1,24.9,normal,drought,False,0.687,0.216,0.097,0,0,0.29,10
2,2025-05-04,0.003,24.4,predicted,24.4,24.59,27.77,24.16,24.4,24.66,24.51,normal,drought,False,0.685,0.218,0.097,0,0,0.29,10
2,2025-05-05,0.003,24.57,predicted,24.57,27.77,24.26,24.08,24.29,24.49,24.35,normal,drought,False,0.68,0.224,0.096,0,0,0.29,10
2,2025-05-06,0.0034,27.77,observed,27.77,25.09,24.58,24.46,24.66,24.81,24.64,normal,drought,False,0.682,0.224,0.094,0,0,0.29,10
2,2025-05-07,0.0032,25.96,predicted,25.96,26.06,25.46,25.34,25.51,25.59,25.36,normal,drought,False,0.685,0.223,0.092,0,0,0.57,6
2,2025-05-08,0.0031,25.55,predicted,25.55,25.66,25.08,24.97,25.16,25.26,25.01,normal,drought,False,0.683,0.224,0.093,0,0,0.57,6
2,2025-05-09,0.0031,25.54,predicted,25.54,25.67,25.11,24.98,25.19,25.35,25.09,normal,drought,False,0.68,0.226,0.094,0,0,0.29,10
2,2025-05-10,0.0031,25.7,predicted,25.7,25.8,25.22,24.98,25.17,25.33,25.05,normal,drought,False,0.674,0.231,0.094,0,0,0.29,10
2,2025-05-11,0.0032,25.78,predicted,25.78,25.85,25.28,25.01,25.18,25.32,25.07,normal,drought,False,0.665,0.238,0.097,0,0,0.29,10
2,2025-05-12,0.0031,25.6,predicted,25.6,25.64,25.11,24.82,24.97,25.06,15.6,normal,drought,False,0.66,0.243,0.097,1,0,0.29,10
2,2025-05-13,0.0031,25.5,predicted,25.5,25.5,24.94,24.61,24.75,15.6,24.63,normal,drought,False,0.655,0.248,0.097,1,0,0.29,10
2,2025-05-14,0.0031,25.51,predicted,25.51,25.46,24.84,24.46,15.6,24.54,24.38,normal,drought,False,0.663,0.247,0.091,1,0,0.29,10
2,2025-05-15,0.0031,25.22,predicted,25.22,25.19,24.56,15.6,24.31,24.31,24.14,normal,drought,False,0.688,0.235,0.077,1,0,0.29,10
2,2025-05-16,0.0031,25.2,predicted,25.2,25.17,15.6,24.14,24.28,24.28,24.1,normal,drought,False,0.688,0.236,0.076,1,0,0.29,10
2,2025-05-17,0.0031,25.12,predicted,25.12,15.6,24.45,24.07,24.22,24.25,24.03,normal,drought,False,0.691,0.234,0.075,1,0,0.29,10
2,2025-05-18,0.0019,15.6,observed,15.6,24.73,24.11,24.02,24.26,24.37,24.06,drought,drought,True,0.693,0.23,0.077,1,0,0.29,10
2,2025-05-19,0.0017,13.94,predicted,13.94,14.51,14.86,15.8,16.45,16.93,17.29,drought,drought,True,0.687,0.231,0.083,7,0,0.57,6
2,2025-05-20,0.0016,12.92,predicted,12.92,13.5,13.91,15.0,15.66,16.12,16.48,drought,drought,True,0.686,0.23,0.084,7,0,0.57,6
2,2025-05-21,0.0017,13.59,predicted,13.59,13.72,13.44,13.59,13.95,14.18,14.14,drought,drought,True,0.688,0.229,0.083,7,0,0.29,10
2,2025-05-22,0.0017,13.58,predicted,13.58,13.72,13.47,13.62,13.99,14.24,14.23,drought,drought,True,0.692,0.226,0.082,7,0,0.29,10
2,2025-05-23,0.0017,13.83,predicted,13.83,13.95,13.7,13.68,14.01,14.3,14.34,drought,drought,True,0.694,0.226,0.08,7,0,0.29,10
2,2025-05-24,0.0017,13.76,predicted,13.76,13.85,13.61,13.51,13.82,14.1,8.56,drought,drought,True,0.694,0.227,0.079,7,0,0.29,10
2,2025-05-25,0.0016,13.44,predicted,13.44,13.55,13.29,13.31,13.66,8.56,13.96,drought,drought,True,0.693,0.227,0.079,7,0,0.29,10
2,2025-05-26,0.0017,13.56,predicted,13.56,13.7,13.4,13.52,8.56,14.1,14.13,drought,drought,True,0.693,0.228,0.079,7,0,0.29,10
2,2025-05-27,0.0017,13.82,predicted,13.82,13.94,13.66,8.56,13.98,14.24,14.28,drought,drought,True,0.694,0.228,0.078,7,0,0.29,10
2,2025-05-28,0.0017,13.71,predicted,13.71,13.85,8.56,13.62,13.98,14.22,14.26,drought,drought,True,0.693,0.228,0.079,7,0,0.29,10
2,2025-05-29,0.0017,13.94,predicted,13.94,8.56,13.77,13.59,13.87,14.16,14.29,drought,drought,True,0.689,0.232,0.079,7,0,0.29,10
2,2025-05-30,0.001,8.56,observed,8.56,13.87,13.62,13.38,13.62,13.86,14.06,drought,drought,True,0.683,0.236,0.081,7,0,0.29,10
2,2025-05-31,0.0009,7.54,predicted,7.54,7.64,7.74,7.91,8.26,8.42,8.86,drought,drought,True,0.671,0.242,0.088,7,0,0.57,6
2,2025-06-01,0.0009,7.19,predicted,7.19,7.3,7.4,7.51,7.86,8.07,8.5,drought,drought,True,0.676,0.239,0.085,7,0,0.57,6
2,2025-06-02,0.0009,7.57,predicted,7.57,7.57,7.42,7.28,7.61,7.83,8.03,drought,drought,True,0.678,0.239,0.083,7,0,0.29,10
2,2025-06-03,0.0009,7.63,predicted,7.63,7.63,7.5,7.24,7.53,7.83,8.07,drought,drought,True,0.689,0.233,0.077,7,0,0.29,10
2,2025-06-04,0.0009,7.64,predicted,7.64,7.62,7.49,7.17,7.44,7.75,8.0,drought,drought,True,0.691,0.233,0.076,7,0,0.29,10
2,2025-06-05,0.0009,7.52,predicted,7.52,7.5,7.38,7.04,7.32,7.64,2.57,drought,drought,True,0.695,0.231,0.075,7,0,0.29,10
2,2025-06-06,0.0009,7.48,predicted,7.48,7.47,7.33,7.02,7.32,2.57,7.87,drought,drought,True,0.693,0.232,0.075,7,0,0.29,10
2,2025-06-07,0.0009,7.46,predicted,7.46,7.43,7.3,6.96,2.57,7.53,7.79,drought,drought,True,0.69,0.234,0.076,7,0,0.29,10
2,2025-06-08,0.0009,7.41,predicted,7.41,7.37,7.25,2.57,7.11,7.42,7.7,drought,drought,True,0.691,0.233,0.076,7,0,0.29,10
2,2025-06-09,0.0009,7.4,predicted,7.4,7.36,2.57,6.79,7.05,7.39,7.69,drought,drought,True,0.693,0.232,0.075,7,0,0.29,10
2,2025-06-10,0.0009,7.37,predicted,7.37,2.57,7.19,6.72,6.97,7.3,7.6,drought,drought,True,0.692,0.232,0.076,7,0,0.29,10
2,2025-06-11,0.0003,2.57,observed,2.57,6.97,6.79,6.59,6.97,7.22,7.44,drought,drought,True,0.696,0.229,0.076,7,0,0.29,10
2,2025-06-12,0.0003,2.54,predicted,2.54,2.53,2.71,2.66,3.1,3.3,3.59,drought,drought,True,0.692,0.229,0.079,7,0,0.57,6
2,2025-06-13,0.0003,2.56,predicted,2.56,2.5,2.67,2.46,2.82,3.07,3.39,drought,drought,True,0.688,0.23,0.082,7,0,0.57,6
2,2025-06-14,0.0003,2.41,predicted,2.41,2.36,2.38,2.07,2.47,2.82,3.01,drought,drought,True,0.695,0.226,0.079,7,0,0.29,10
2,2025-06-15,0.0003,2.08,predicted,2.08,2.07,2.14,2.2,2.73,2.93,3.0,drought,drought,True,0.695,0.223,0.082,7,0,0.29,10
2,2025-06-16,0.0003,2.21,predicted,2.21,2.22,2.29,2.47,3.03,3.19,3.21,drought,drought,True,0.692,0.222,0.086,7,0,0.29,10
2,2025-06-17,0.0003,2.46,predicted,2.46,2.48,2.62,3.02,3.63,3.7,10.11,drought,drought,True,0.688,0.221,0.091,7,0,0.29,10
2,2025-06-18,0.0003,2.6,predicted,2.6,2.61,2.74,3.11,3.69,10.11,3.74,drought,drought,True,0.684,0.222,0.094,7,0,0.29,10
2,2025-06-19,0.0003,2.39,predicted,2.39,2.33,2.41,2.39,10.11,3.03,3.2,drought,drought,True,0.683,0.224,0.093,7,0,0.29,10
2,2025-06-20,0.0003,2.35,predicted,2.35,2.25,2.3,10.11,2.39,2.69,2.94,drought,drought,True,0.682,0.227,0.092,7,0,0.29,10
2,2025-06-21,0.0003,2.35,predicted,2.35,2.24,10.11,1.92,2.27,2.6,2.86,drought,drought,True,0.68,0.229,0.09,7,0,0.29,10
2,2025-06-22,0.0003,2.45,predicted,2.45,10.11,2.36,1.98,2.33,2.67,2.92,drought,drought,True,0.68,0.231,0.088,7,0,0.29,10
2,2025-06-23,0.0012,10.11,observed,10.11,2.58,2.6,2.14,2.45,2.83,3.12,drought,drought,True,0.678,0.234,0.087,7,0,0.29,10
2,2025-06-24,0.0011,8.72,predicted,8.72,8.73,8.49,8.21,8.53,8.91,9.02,drought,drought,True,0.673,0.239,0.087,7,0,0.57,6
2,2025-06-25,0.0011,9.25,predicted,9.25,9.23,9.0,8.62,8.9,9.28,9.42,drought,drought,True,0.67,0.243,0.086,7,0,0.57,6
2,2025-06-26,0.0011,8.81,predicted,8.81,8.79,8.61,8.26,8.53,8.81,9.08,drought,drought,True,0.677,0.24,0.083,7,0,0.29,10
2,2025-06-27,0.0011,8.64,predicted,8.64,8.63,8.43,8.16,8.45,8.69,8.94,drought,drought,True,0.671,0.244,0.085,7,0,0.29,10
2,2025-06-28,0.0011,8.67,predicted,8.67,8.62,8.41,8.06,8.32,8.54,8.78,drought,drought,True,0.66,0.251,0.089,7,0,0.29,10
2,2025-06-29,0.001,8.53,predicted,8.53,8.51,8.29,8.07,8.39,8.57,17.92,drought,drought,True,0.666,0.248,0.086,7,0,0.29,10
2,2025-06-30,0.0011,8.68,predicted,8.68,8.64,8.42,8.12,8.4,17.92,8.83,drought,drought,True,0.672,0.245,0.083,7,0,0.29,10
2,2025-07-01,0.0011,8.85,predicted,8.85,8.79,8.61,8.18,17.92,8.7,8.96,drought,drought,True,0.684,0.239,0.078,7,0,0.29,10
2,2025-07-02,0.0011,8.77,predicted,8.77,8.73,8.57,17.92,8.33,8.66,8.96,drought,drought,True,0.692,0.233,0.075,7,0,0.29,10
2,2025-07-03,0.0011,8.72,predicted,8.72,8.68,17.92,8.02,8.25,8.57,8.87,drought,drought,True,0.692,0.233,0.075,7,0,0.29,10
2,2025-07-04,0.0011,8.75,predicted,8.75,17.92,8.51,8.0,8.24,8.54,8.83,drought,drought,True,0.691,0.234,0.075,7,0,0.29,10
2,2025-07-05,0.0022,17.92,observed,17.92,8.71,8.53,7.97,8.19,8.5,8.81,drought,drought,True,0.691,0.234,0.074,7,0,0.29,10
2,2025-07-06,0.0019,15.37,predicted,15.37,15.22,14.69,14.1,14.26,14.33,14.42,drought,drought,True,0.692,0.234,0.074,7,0,0.57,6
2,2025-07-07,0.0019,15.85,predicted,15.85,15.68,15.13,14.54,14.68,14.72,14.81,drought,drought,True,0.693,0.234,0.073,7,0,0.57,6
2,2025-07-08,0.0019,15.5,predicted,15.5,15.44,15.04,14.56,14.74,14.84,15.05,drought,drought,True,0.691,0.236,0.074,7,0,0.29,10
2,2025-07-09,0.0019,15.57,predicted,15.57,15.5,15.08,14.58,14.76,14.84,15.04,drought,drought,True,0.69,0.236,0.074,7,0,0.29,10
2,2025-07-10,0.0019,15.68,predicted,15.68,15.59,15.13,14.61,14.79,14.85,15.02,drought,drought,True,0.687,0.239,0.074,7,0,0.29,10
2,2025-07-11,0.0019,15.9,predicted,15.9,15.83,15.32,14.83,15.04,15.1,34.31,drought,drought,True,0.688,0.239,0.073,6,0,0.29,10
2,2025-07-12,0.0019,15.7,predicted,15.7,15.61,15.15,14.66,14.85,34.31,15.05,drought,drought,True,0.688,0.24,0.072,6,0,0.29,10
2,2025-07-13,0.0019,15.59,predicted,15.59,15.52,15.06,14.61,34.31,14.9,15.03,drought,drought,True,0.69,0.239,0.071,6,0,0.29,10
2,2025-07-14,0.0019,15.41,predicted,15.41,15.36,14.93,34.31,14.69,14.78,14.94,drought,drought,True,0.69,0.239,0.071,6,0,0.29,10
2,2025-07-15,0.0019,15.29,predicted,15.29,15.24,34.31,14.4,14.62,14.69,14.86,drought,drought,True,0.691,0.238,0.071,6,0,0.29,10
2,2025-07-16,0.0019,15.36,predicted,15.36,34.31,14.88,14.45,14.67,14.76,14.92,drought,drought,True,0.692,0.237,0.071,6,0,0.29,10
2,2025-07-17,0.0042,34.31,observed,34.31,15.11,14.65,14.37,14.64,14.7,14.81,normal,drought,False,0.694,0.234,0.072,6,0,0.29,10
2,2025-07-18,0.0036,29.83,predicted,29.83,29.3,28.14,27.2,26.93,26.46,26.05,normal,drought,False,0.693,0.235,0.072,0,0,0.57,6
2,2025-07-19,0.0038,31.42,predicted,31.42,30.9,29.72,28.77,28.47,28.01,27.52,normal,drought,False,0.695,0.233,0.071,0,0,0.57,6
2,2025-07-20,0.0038,31.37,predicted,31.37,31.31,30.56,30.12,30.13,30.08,29.69,normal,drought,False,0.694,0.234,0.072,0,0,0.29,10
2,2025-07-21,0.0038,31.28,predicted,31.28,31.25,30.51,30.15,30.17,30.14,29.74,normal,drought,False,0.696,0.232,0.072,0,0,0.29,10
2,2025-07-22,0.0038,31.24,predicted,31.24,31.24,30.54,30.23,30.27,30.27,29.88,normal,drought,False,0.699,0.229,0.072,0,0,0.29,10
2,2025-07-23,0.0038,31.33,predicted,31.33,31.35,30.67,30.41,30.46,30.5,35.65,normal,drought,False,0.701,0.225,0.073,0,0,0.29,10
2,2025-07-24,0.0039,31.54,predicted,31.54,31.59,30.93,30.68,30.74,35.65,30.39,normal,drought,False,0.701,0.224,0.075,0,0,0.29,10
2,2025-07-25,0.0039,31.59,predicted,31.59,31.62,30.96,30.69,35.65,30.77,30.39,normal,drought,False,0.698,0.225,0.077,0,0,0.29,10
2,2025-07-26,0.0039,31.63,predicted,31.63,31.64,30.99,35.65,30.74,30.74,30.4,normal,drought,False,0.697,0.225,0.078,0,0,0.29,10
2,2025-07-27,0.0039,31.51,predicted,31.51,31.51,35.65,30.52,30.56,30.53,30.19,normal,drought,False,0.694,0.226,0.08,0,0,0.29,10
2,2025-07-28,0.0039,31.74,predicted,31.74,35.65,31.03,30.65,30.66,30.61,30.3,normal,drought,False,0.692,0.228,0.08,0,0,0.29,10
2,2025-07-29,0.0044,35.65,observed,35.65,31.64,30.93,30.5,30.5,30.4,30.11,normal,drought,False,0.692,0.228,0.079,0,0,0.29,10
2,2025-07-30,0.0041,33.28,predicted,33.28,33.14,32.32,31.73,31.66,31.47,31.09,normal,drought,False,0.69,0.231,0.079,0,0,0.57,6
2,2025-07-31,0.0041,33.23,predicted,33.23,33.07,32.21,31.57,31.49,31.28,30.9,normal,drought,False,0.69,0.232,0.077,0,0,0.57,6
2,2025-08-01,0.004,32.93,predicted,32.93,32.78,31.95,31.35,31.3,31.12,30.72,normal,drought,False,0.689,0.234,0.077,0,0,0.29,10
2,2025-08-02,0.004,32.86,predicted,32.86,32.76,31.88,31.33,31.3,31.19,30.68,normal,drought,False,0.689,0.234,0.077,0,0,0.29,10
2,2025-08-03,0.004,32.89,predicted,32.89,32.86,32.0,31.56,31.56,31.55,30.94,normal,drought,False,0.685,0.235,0.079,0,0,0.29,10
2,2025-08-04,0.004,32.75,predicted,32.75,32.78,31.97,31.65,31.67,31.74,32.98,normal,drought,False,0.684,0.234,0.081,0,0,0.29,10
2,2025-08-05,0.0041,33.43,predicted,33.43,33.52,32.77,32.57,32.6,32.98,32.1,normal,drought,False,0.686,0.231,0.083,0,0,0.29,10
2,2025-08-06,0.0041,33.61,predicted,33.61,33.7,33.01,32.8,32.98,32.96,32.39,normal,drought,False,0.686,0.229,0.084,0,0,0.29,10
2,2025-08-07,0.0041,33.74,predicted,33.74,33.79,33.13,32.98,32.84,32.91,32.44,normal,drought,False,0.687,0.229,0.084,0,0,0.29,10
2,2025-08-08,0.0041,33.53,predicted,33.53,33.53,32.98,32.54,32.52,32.5,32.11,normal,drought,False,0.687,0.229,0.084,0,0,0.29,10
2,2025-08-09,0.0041,33.31,predicted,33.31,32.98,32.6,32.23,32.2,32.14,31.76,normal,drought,False,0.688,0.229,0.084,0,0,0.29,10
2,2025-08-10,0.004,32.98,observed,32.98,32.95,32.23,31.83,31.8,31.72,31.34,normal,drought,False,0.691,0.227,0.082,0,0,0.29,10
2,2025-08-11,0.0037,30.19,predicted,30.19,30.23,29.66,29.42,29.52,29.54,29.31,normal,drought,False,0.692,0.227,0.081,0,0,0.57,6
2,2025-08-12,0.0036,29.75,predicted,29.75,29.78,29.23,29.02,29.13,29.13,28.94,normal,drought,False,0.693,0.226,0.08,0,0,0.57,6
2,2025-08-13,0.0037,29.87,predicted,29.87,29.86,29.19,28.87,28.94,28.89,28.62,normal,drought,False,0.693,0.226,0.081,0,0,0.29,10
2,2025-08-14,0.0037,30.03,predicted,30.03,30.03,29.32,28.99,29.07,29.04,28.72,normal,drought,False,0.689,0.228,0.083,0,0,0.29,10
2,2025-08-15,0.0037,30.24,predicted,30.24,30.25,29.57,29.24,29.33,29.32,28.98,normal,drought,False,0.683,0.232,0.085,0,0,0.29,10
2,2025-08-16,0.0037,30.27,predicted,30.27,30.26,29.56,29.22,29.29,29.25,12.8,normal,drought,False,0.678,0.236,0.087,1,0,0.29,10
2,2025-08-17,0.0037,30.41,predicted,30.41,30.37,29.64,29.24,29.29,12.8,28.87,normal,drought,False,0.674,0.238,0.087,1,0,0.29,10
2,2025-08-18,0.0037,30.41,predicted,30.41,30.39,29.66,29.28,12.8,29.31,28.94,normal,drought,False,0.678,0.236,0.086,1,0,0.29,10
2,2025-08-19,0.0037,30.16,predicted,30.16,30.13,29.43,12.8,29.13,29.06,28.76,normal,drought,False,0.686,0.233,0.081,1,0,0.29,10
2,2025-08-20,0.0037,30.18,predicted,30.18,30.12,12.8,29.07,29.11,29.01,28.8,normal,drought,False,0.688,0.231,0.08,1,0,0.29,10
2,2025-08-21,0.0037,30.33,predicted,30.33,12.8,29.51,29.02,29.04,28.9,28.66,normal,drought,False,0.686,0.233,0.081,1,0,0.29,10
2,2025-08-22,0.0016,12.8,observed,12.8,30.29,29.51,28.96,28.97,28.84,28.53,drought,drought,True,0.685,0.236,0.079,1,0,0.29,10
2,2025-08-23,0.0015,12.42,predicted,12.42,12.96,13.64,14.32,14.89,15.45,16.31,drought,drought,True,0.686,0.235,0.078,7,0,0.57,6
2,2025-08-24,0.0013,10.81,predicted,10.81,11.37,12.14,12.89,13.47,14.03,14.96,drought,drought,True,0.687,0.235,0.078,7,0,0.57,6
2,2025-08-25,0.0013,10.88,predicted,10.88,10.84,10.57,10.14,10.37,10.6,10.85,drought,drought,True,0.684,0.238,0.078,7,0,0.29,10
2,2025-08-26,0.0014,11.06,predicted,11.06,11.02,10.71,10.27,10.51,10.72,10.94,drought,drought,True,0.683,0.238,0.078,7,0,0.29,10
2,2025-08-27,0.0013,10.73,predicted,10.73,10.68,10.42,9.99,10.23,10.44,10.69,drought,drought,True,0.685,0.237,0.078,7,0,0.29,10
2,2025-08-28,0.0013,10.57,predicted,10.57,10.53,10.27,9.84,10.08,10.29,0.0,drought,drought,True,0.686,0.236,0.078,7,0,0.29,10
2,2025-08-29,0.0013,10.57,predicted,10.57,10.53,10.25,9.86,10.11,0.0,10.57,drought,drought,True,0.688,0.234,0.078,7,0,0.29,10
2,2025-08-30,0.0013,10.7,predicted,10.7,10.66,10.37,9.95,0.0,10.4,10.66,drought,drought,True,0.69,0.232,0.078,7,0,0.29,10
2,2025-08-31,0.0013,10.7,predicted,10.7,10.67,10.37,0.0,10.25,10.44,10.67,drought,drought,True,0.689,0.232,0.078,7,0,0.29,10
3,2025-03-01,0.1212,40.94,predicted,40.94,40.98,40.12,39.77,39.6,39.63,43.02,normal,drought,False,0.676,0.201,0.123,0,0,0.29,10
3,2025-03-02,0.1232,41.59,predicted,41.59,41.69,40.86,40.58,40.4,43.02,39.6,normal,drought,False,0.675,0.197,0.128,0,0,0.29,10
3,2025-03-03,0.1238,41.8,predicted,41.8,41.91,41.13,40.86,43.02,40.78,39.94,normal,drought,False,0.676,0.195,0.13,0,0,0.29,10
3,2025-03-04,0.1242,41.96,predicted,41.96,42.02,41.26,43.02,40.69,40.75,39.96,normal,drought,False,0.675,0.194,0.131,0,0,0.29,10
3,2025-03-05,0.1239,41.84,predicted,41.84,41.84,43.02,40.64,40.41,40.36,39.67,normal,drought,False,0.674,0.196,0.13,0,0,0.29,10
3,2025-03-06,0.1226,41.42,predicted,41.42,43.02,40.58,40.08,39.83,39.65,39.08,normal,drought,False,0.675,0.197,0.128,0,0,0.29,10
3,2025-03-07,0.1274,43.02,observed,43.02,40.91,40.09,39.51,39.26,38.98,38.45,normal,drought,False,0.677,0.197,0.126,0,0,0.29,10
3,2025-03-08,0.1213,40.98,predicted,40.98,40.8,39.88,39.22,38.95,38.58,38.05,normal,drought,False,0.677,0.199,0.124,0,0,0.57,6
3,2025-03-09,0.1203,40.61,predicted,40.61,40.4,39.44,38.75,38.49,38.08,37.54,normal,drought,False,0.677,0.199,0.124,0,0,0.57,6
3,2025-03-10,0.1192,40.27,predicted,40.27,40.06,39.08,38.41,38.17,37.76,37.21,normal,drought,False,0.675,0.2,0.126,0,0,0.29,10
3,2025-03-11,0.1201,40.56,predicted,40.56,40.41,39.31,38.56,38.36,38.12,37.28,normal,drought,False,0.667,0.201,0.131,0,0,0.29,10
3,2025-03-12,0.1211,40.91,predicted,40.91,40.9,39.83,39.31,39.14,39.13,38.1,normal,drought,False,0.659,0.2,0.141,0,0,0.29,10
3,2025-03-13,0.124,41.86,predicted,41.86,41.89,40.9,40.42,40.25,40.28,40.98,normal,drought,False,0.656,0.2,0.144,0,0,0.29,10
3,2025-03-14,0.1248,42.15,predicted,42.15,42.15,41.24,40.75,40.55,40.98,39.66,normal,drought,False,0.658,0.201,0.142,0,0,0.29,10
3,2025-03-15,0.1252,42.29,predicted,42.29,42.26,41.42,40.89,40.98,40.61,39.83,normal,drought,False,0.662,0.203,0.135,0,0,0.29,10
3,2025-03-16,0.1238,41.82,predicted,41.82,41.76,40.94,40.98,40.22,40.08,39.39,normal,drought,False,0.682,0.198,0.12,0,0,0.29,10
3,2025-03-17,0.1229,41.49,predicted,41.49,41.47,40.98,40.09,39.88,39.82,39.01,normal,drought,False,0.685,0.195,0.12,0,0,0.29,10
3,2025-03-18,0.1231,41.57,predicted,41.57,40.98,40.69,40.23,40.02,39.96,39.18,normal,drought,False,0.684,0.194,0.122,0,0,0.29,10
3,2025-03-19,0.1213,40.98,observed,40.98,41.76,40.87,40.3,40.06,39.95,39.21,normal,drought,False,0.683,0.196,0.121,0,0,0.29,10
3,2025-03-20,0.117,39.53,predicted,39.53,39.53,38.77,38.4,38.25,38.2,37.59,normal,drought,False,0.682,0.195,0.123,0,0,0.57,6
3,2025-03-21,0.1167,39.4,predicted,39.4,39.38,38.56,38.09,37.93,37.86,37.23,normal,drought,False,0.68,0.198,0.122,0,0,0.57,6
3,2025-03-22,0.1171,39.56,predicted,39.56,39.44,38.52,37.86,37.65,37.47,36.83,normal,drought,False,0.677,0.202,0.121,0,0,0.29,10
3,2025-03-23,0.1167,39.4,predicted,39.4,39.26,38.31,37.61,37.39,37.2,36.53,normal,drought,False,0.673,0.205,0.122,0,0,0.29,10
3,2025-03-24,0.1168,39.45,predicted,39.45,39.31,38.36,37.65,37.45,37.25,36.57,normal,drought,False,0.666,0.21,0.124,0,0,0.29,10
3,2025-03-25,0.1172,39.59,predicted,39.59,39.43,38.5,37.78,37.58,37.35,43.78,normal,drought,False,0.66,0.215,0.125,0,0,0.29,10
3,2025-03-26,0.1153,38.93,predicted,38.93,38.77,37.81,37.11,36.91,43.78,36.03,normal,drought,False,0.697,0.205,0.098,0,0,0.29,10
3,2025-03-27,0.1151,38.86,predicted,38.86,38.68,37.7,36.97,43.78,36.54,35.87,normal,drought,False,0.7,0.206,0.094,0,0,0.29,10
3,2025-03-28,0.115,38.83,predicted,38.83,38.65,37.67,43.78,36.73,36.51,35.85,normal,drought,False,0.698,0.208,0.094,0,0,0.29,10
3,2025-03-29,0.1157,39.09,predicted,39.09,38.92,43.78,37.21,37.01,36.79,36.12,normal,drought,False,0.688,0.213,0.098,0,0,0.29,10
3,2025-03-30,0.1158,39.09,predicted,39.09,43.78,37.95,37.22,37.02,36.75,36.14,normal,drought,False,0.688,0.216,0.097,0,0,0.29,10
3,2025-03-31,0.1296,43.78,observed,43.78,38.75,37.8,37.05,36.83,36.53,35.95,normal,drought,False,0.698,0.214,0.088,0,0,0.29,10
3,2025-04-01,0.1225,41.38,predicted,41.38,41.07,39.96,38.99,38.66,38.24,37.53,normal,drought,False,0.705,0.213,0.082,0,0,0.57,6
3,2025-04-02,0.1239,41.83,predicted,41.83,41.57,40.43,39.51,39.19,38.85,38.01,normal,drought,False,0.703,0.212,0.085,0,0,0.57,6
3,2025-04-03,0.1228,41.47,predicted,41.47,41.32,40.28,39.56,39.31,39.14,38.28,normal,drought,False,0.715,0.205,0.08,0,0,0.29,10
3,2025-04-04,0.1251,42.24,predicted,42.24,42.24,41.26,40.81,40.6,40.59,39.64,normal,drought,False,0.717,0.195,0.087,0,0,0.29,10
3,2025-04-05,0.1294,43.68,predicted,43.68,43.84,42.92,42.71,42.52,42.67,41.63,normal,drought,False,0.703,0.193,0.104,0,0,0.29,10
3,2025-04-06,0.13,43.89,predicted,43.89,44.04,43.22,43.0,42.79,42.92,46.02,normal,drought,False,0.695,0.19,0.115,0,0,0.29,10
3,2025-04-07,0.1304,44.05,predicted,44.05,44.18,43.45,43.26,43.03,46.02,42.3,normal,drought,False,0.685,0.187,0.128,0,0,0.29,10
3,2025-04-08,0.1307,44.14,predicted,44.14,44.22,43.48,43.16,46.02,42.89,42.16,normal,drought,False,0.676,0.187,0.136,0,0,0.29,10
3,2025-04-09,0.1288,43.5,predicted,43.5,43.48,42.68,46.02,41.88,41.74,41.09,normal,drought,False,0.674,0.188,0.138,0,0,0.29,10
3,2025-04-10,0.1266,42.75,predicted,42.75,42.65,46.02,41.14,40.84,40.59,39.98,normal,drought,False,0.671,0.19,0.139,0,0,0.29,10
3,2025-04-11,0.1243,41.97,predicted,41.97,46.02,40.91,40.22,39.94,39.66,39.01,normal,drought,False,0.667,0.19,0.142,0,0,0.29,10
3,2025-04-12,0.1363,46.02,observed,46.02,41.6,40.58,39.81,39.52,39.25,38.52,normal,drought,False,0.664,0.193,0.144,0,0,0.29,10
3,2025-04-13,0.1299,43.88,predicted,43.88,43.64,42.47,41.52,41.15,40.77,39.92,normal,drought,False,0.662,0.195,0.143,0,0,0.57,6
3,2025-04-14,0.1309,44.2,predicted,44.2,43.94,42.74,41.73,41.35,40.99,40.08,normal,drought,False,0.656,0.199,0.145,0,0,0.57,6
3,2025-04-15,0.1312,44.32,predicted,44.32,44.13,43.02,42.14,41.82,41.57,40.64,normal,drought,False,0.64,0.205,0.154,0,0,0.29,10
3,2025-04-16,0.1317,44.49,predicted,44.49,44.31,43.24,42.38,42.05,41.81,40.91,normal,drought,False,0.615,0.216,0.169,0,0,0.29,10
3,2025-04-17,0.1334,45.04,predicted,45.04,44.89,43.91,43.1,42.78,42.59,41.69,normal,drought,False,0.579,0.23,0.192,0,0,0.29,10
3,2025-04-18,0.1334,45.06,predicted,45.06,44.9,43.96,43.16,42.84,42.64,41.89,normal,drought,False,0.612,0.232,0.157,0,0,0.29,10
3,2025-04-19,0.1315,44.4,predicted,44.4,44.18,43.19,42.34,41.99,41.89,40.9,normal,drought,False,0.681,0.216,0.102,0,0,0.29,10
3,2025-04-20,0.1316,44.43,predicted,44.43,44.22,43.24,42.41,41.89,41.76,40.97,normal,drought,False,0.682,0.219,0.099,0,0,0.29,10
3,2025-04-21,0.1307,44.15,predicted,44.15,43.91,42.9,41.89,41.67,41.33,40.56,normal,drought,False,0.7,0.215,0.085,0,0,0.29,10
3,2025-04-22,0.1298,43.82,predicted,43.82,43.58,41.89,41.65,41.3,40.97,40.17,normal,drought,False,0.708,0.211,0.08,0,0,0.29,10
3,2025-04-23,0.13,43.9,predicted,43.9,41.89,42.64,41.82,41.48,41.2,40.35,normal,drought,False,0.708,0.211,0.081,0,0,0.29,10
3,2025-04-24,0.124,41.89,observed,41.89,43.96,42.9,42.09,41.76,41.51,40.62,normal,drought,False,0.704,0.212,0.083,0,0,0.29,10
3,2025-04-25,0.1187,40.09,predicted,40.09,40.02,39.17,38.61,38.45,38.4,37.68,normal,drought,False,0.711,0.21,0.079,0,0,0.57,6
3,2025-04-26,0.1178,39.77,predicted,39.77,39.72,38.92,38.4,38.25,38.23,37.54,normal,drought,False,0.714,0.208,0.078,0,0,0.57,6
3,2025-04-27,0.1187,40.1,predicted,40.1,39.99,39.07,38.44,38.23,38.12,37.38,normal,drought,False,0.716,0.207,0.078,0,0,0.29,10
3,2025-04-28,0.1193,40.28,predicted,40.28,40.21,39.29,38.72,38.53,38.45,37.68,normal,drought,False,0.716,0.204,0.08,0,0,0.29,10
3,2025-04-29,0.1197,40.43,predicted,40.43,40.4,39.49,38.99,38.8,38.75,37.98,normal,drought,False,0.721,0.199,0.08,0,0,0.29,10
3,2025-04-30,0.1204,40.67,predicted,40.67,40.7,39.81,39.38,39.2,39.23,44.76,normal,drought,False,0.721,0.194,0.085,0,0,0.29,10
3,2025-05-01,0.1209,40.81,predicted,40.81,40.9,40.04,39.7,39.54,44.76,38.78,normal,drought,False,0.716,0.191,0.093,0,0,0.29,10
3,2025-05-02,0.122,41.19,predicted,41.19,41.23,40.39,39.94,44.76,39.8,39.01,normal,drought,False,0.711,0.193,0.096,0,0,0.29,10
3,2025-05-03,0.1213,40.96,predicted,40.96,40.94,40.13,44.76,39.4,39.38,38.67,normal,drought,False,0.709,0.193,0.098,0,0,0.29,10
3,2025-05-04,0.1205,40.68,predicted,40.68,40.62,44.76,39.18,38.95,38.85,38.19,normal,drought,False,0.706,0.195,0.099,0,0,0.29,10
3,2025-05-05,0.1206,40.74,predicted,40.74,44.76,39.73,39.02,38.78,38.6,37.96,normal,drought,False,0.701,0.2,0.098,0,0,0.29,10
3,2025-05-06,0.1326,44.76,observed,44.76,40.75,39.82,39.15,38.9,38.69,38.03,normal,drought,False,0.703,0.199,0.098,0,0,0.29,10
3,2025-05-07,0.1288,43.5,predicted,43.5,43.29,42.17,41.31,40.95,40.61,39.79,normal,drought,False,0.705,0.198,0.097,0,0,0.57,6
3,2025-05-08,0.1284,43.35,predicted,43.35,43.15,42.0,41.1,40.76,40.46,39.58,normal,drought,False,0.704,0.198,0.098,0,0,0.57,6
3,2025-05-09,0.1278,43.14,predicted,43.14,42.98,41.94,41.12,40.82,40.6,39.76,normal,drought,False,0.701,0.2,0.098,0,0,0.29,10
3,2025-05-10,0.128,43.21,predicted,43.21,43.03,41.97,41.1,40.79,40.56,39.71,normal,drought,False,0.696,0.205,0.099,0,0,0.29,10
3,2025-05-11,0.1282,43.3,predicted,43.3,43.1,42.07,41.21,40.9,40.65,39.83,normal,drought,False,0.688,0.211,0.101,0,0,0.29,10
3,2025-05-12,0.1278,43.16,predicted,43.16,42.94,41.95,41.11,40.8,40.49,34.23,normal,drought,False,0.684,0.215,0.101,0,0,0.29,10
3,2025-05-13,0.1275,43.04,predicted,43.04,42.8,41.8,40.93,40.61,34.23,39.54,normal,drought,False,0.681,0.219,0.101,0,0,0.29,10
3,2025-05-14,0.1272,42.96,predicted,42.96,42.7,41.65,40.73,34.23,40.05,39.29,normal,drought,False,0.687,0.22,0.092,0,0,0.29,10
3,2025-05-15,0.1256,42.42,predicted,42.42,42.14,41.07,34.23,39.8,39.43,38.69,normal,drought,False,0.71,0.213,0.077,0,0,0.29,10
3,2025-05-16,0.1255,42.4,predicted,42.4,42.12,34.23,40.1,39.78,39.43,38.67,normal,drought,False,0.71,0.214,0.076,0,0,0.29,10
3,2025-05-17,0.1252,42.29,predicted,42.29,34.23,40.94,40.0,39.68,39.37,38.57,normal,drought,False,0.712,0.214,0.074,0,0,0.29,10
3,2025-05-18,0.1014,34.23,observed,34.23,41.82,40.75,39.93,39.65,39.49,38.57,normal,drought,False,0.715,0.208,0.076,0,0,0.29,10
3,2025-05-19,0.0953,32.17,predicted,32.17,32.39,31.93,31.95,32.15,32.49,32.0,normal,drought,False,0.71,0.208,0.082,0,0,0.57,6
3,2025-05-20,0.0934,31.54,predicted,31.54,31.83,31.43,31.57,31.8,32.22,31.73,normal,drought,False,0.711,0.205,0.084,0,0,0.57,6
3,2025-05-21,0.0965,32.6,predicted,32.6,32.71,32.02,31.78,31.83,32.08,31.47,normal,drought,False,0.713,0.205,0.082,0,0,0.29,10
3,2025-05-22,0.0966,32.61,predicted,32.61,32.71,32.05,31.77,31.81,32.05,31.48,normal,drought,False,0.716,0.204,0.08,0,0,0.29,10
3,2025-05-23,0.0966,32.62,predicted,32.62,32.69,32.05,31.71,31.73,31.91,31.43,normal,drought,False,0.717,0.204,0.079,0,0,0.29,10
3,2025-05-24,0.096,32.41,predicted,32.41,32.42,31.79,31.39,31.39,31.48,35.06,normal,drought,False,0.716,0.205,0.078,0,0,0.29,10
3,2025-05-25,0.0948,32.01,predicted,32.01,32.01,31.32,30.91,30.91,35.06,30.54,normal,drought,False,0.716,0.205,0.079,0,0,0.29,10
3,2025-05-26,0.0948,32.0,predicted,32.0,32.01,31.26,30.83,35.06,30.93,30.42,normal,drought,False,0.716,0.205,0.079,0,0,0.29,10
3,2025-05-27,0.0949,32.06,predicted,32.06,32.07,31.35,35.06,30.95,31.03,30.56,normal,drought,False,0.717,0.205,0.078,0,0,0.29,10
3,2025-05-28,0.095,32.08,predicted,32.08,32.1,35.06,30.95,30.97,31.06,30.57,normal,drought,False,0.716,0.205,0.079,0,0,0.29,10
3,2025-05-29,0.0954,32.23,predicted,32.23,35.06,31.51,31.07,31.07,31.1,30.72,normal,drought,False,0.713,0.208,0.08,0,0,0.29,10
3,2025-05-30,0.1038,35.06,observed,35.06,32.09,31.38,30.91,30.91,30.87,30.54,normal,drought,False,0.708,0.21,0.083,0,0,0.29,10
3,2025-05-31,0.0978,33.02,predicted,33.02,32.98,32.16,31.68,31.67,31.62,31.11,normal,drought,False,0.699,0.211,0.09,0,0,0.57,6
3,2025-06-01,0.0981,33.12,predicted,33.12,33.08,32.24,31.73,31.71,31.7,31.15,normal,drought,False,0.703,0.212,0.086,0,0,0.57,6
3,2025-06-02,0.0984,33.24,predicted,33.24,33.19,32.37,31.83,31.82,31.84,31.27,normal,drought,False,0.703,0.213,0.083,0,0,0.29,10
3,2025-06-03,0.0976,32.97,predicted,32.97,32.91,32.14,31.63,31.61,31.59,31.13,normal,drought,False,0.713,0.211,0.077,0,0,0.29,10
3,2025-06-04,0.0976,32.96,predicted,32.96,32.89,32.12,31.59,31.56,31.52,31.08,normal,drought,False,0.714,0.211,0.075,0,0,0.29,10
3,2025-06-05,0.0968,32.67,predicted,32.67,32.59,31.82,31.3,31.27,31.2,27.09,normal,drought,False,0.716,0.21,0.074,0,0,0.29,10
3,2025-06-06,0.0967,32.66,predicted,32.66,32.57,31.77,31.22,31.19,27.09,30.68,normal,drought,False,0.715,0.21,0.075,0,0,0.29,10
3,2025-06-07,0.0966,32.61,predicted,32.61,32.52,31.72,31.18,27.09,31.08,30.65,normal,drought,False,0.713,0.212,0.075,0,0,0.29,10
3,2025-06-08,0.0963,32.51,predicted,32.51,32.42,31.64,27.09,31.1,31.01,30.62,normal,drought,False,0.714,0.211,0.075,0,0,0.29,10
3,2025-06-09,0.096,32.42,predicted,32.42,32.3,27.09,31.0,30.98,30.84,30.5,normal,drought,False,0.716,0.21,0.074,0,0,0.29,10
3,2025-06-10,0.096,32.42,predicted,32.42,27.09,31.51,30.95,30.92,30.77,30.42,normal,drought,False,0.715,0.21,0.075,0,0,0.29,10
3,2025-06-11,0.0802,27.09,observed,27.09,32.07,31.23,30.71,30.7,30.6,30.15,normal,drought,False,0.718,0.207,0.075,0,0,0.29,10
3,2025-06-12,0.0718,24.25,predicted,24.25,24.5,24.16,24.33,24.69,24.94,24.84,normal,drought,False,0.717,0.205,0.078,0,0,0.57,6
3,2025-06-13,0.0715,24.13,predicted,24.13,24.42,24.11,24.24,24.6,24.95,24.83,normal,drought,False,0.712,0.207,0.081,0,0,0.57,6
3,2025-06-14,0.0726,24.53,predicted,24.53,24.63,24.09,23.93,24.14,24.33,24.1,normal,drought,False,0.718,0.204,0.078,0,0,0.29,10
3,2025-06-15,0.0716,24.19,predicted,24.19,24.37,23.87,23.93,24.2,24.42,24.14,normal,drought,False,0.72,0.2,0.081,0,0,0.29,10
3,2025-06-16,0.072,24.33,predicted,24.33,24.56,24.06,24.18,24.47,24.75,24.42,normal,drought,False,0.718,0.197,0.085,0,0,0.29,10
3,2025-06-17,0.0728,24.58,predicted,24.58,24.88,24.41,24.62,24.93,25.3,26.6,normal,drought,False,0.715,0.195,0.09,0,0,0.29,10
3,2025-06-18,0.0742,25.07,predicted,25.07,25.37,24.91,25.04,25.34,26.6,25.33,normal,drought,False,0.711,0.195,0.094,0,0,0.29,10
3,2025-06-19,0.0751,25.35,predicted,25.35,25.59,25.19,25.17,26.6,25.82,25.52,normal,drought,False,0.709,0.197,0.094,0,0,0.29,10
3,2025-06-20,0.0745,25.18,predicted,25.18,25.32,24.93,26.6,24.98,25.26,25.11,normal,drought,False,0.707,0.199,0.093,0,0,0.29,10
3,2025-06-21,0.0735,24.83,predicted,24.83,24.92,26.6,24.27,24.45,24.61,24.51,normal,drought,False,0.706,0.201,0.093,0,0,0.29,10
3,2025-06-22,0.073,24.65,predicted,24.65,26.6,24.21,23.96,24.14,24.24,24.14,normal,drought,False,0.706,0.203,0.092,0,0,0.29,10
3,2025-06-23,0.0788,26.6,observed,26.6,24.64,24.11,23.81,23.98,24.06,23.97,normal,drought,False,0.704,0.205,0.091,0,0,0.29,10
3,2025-06-24,0.0721,24.35,predicted,24.35,24.4,23.85,23.55,23.74,23.83,23.7,normal,drought,False,0.7,0.208,0.091,0,0,0.57,6
3,2025-06-25,0.0717,24.22,predicted,24.22,24.22,23.67,23.33,23.48,23.52,23.44,normal,drought,False,0.699,0.211,0.09,0,0,0.57,6
3,2025-06-26,0.0713,24.08,predicted,24.08,24.08,23.49,23.11,23.28,23.31,23.2,normal,drought,False,0.704,0.21,0.086,0,0,0.29,10
3,2025-06-27,0.0711,24.0,predicted,24.0,24.0,23.38,23.04,23.21,23.24,23.1,normal,drought,False,0.7,0.212,0.088,0,0,0.29,10
3,2025-06-28,0.0717,24.22,predicted,24.22,24.18,23.54,23.15,23.3,23.3,23.13,normal,drought,False,0.691,0.217,0.091,0,0,0.29,10
3,2025-06-29,0.0717,24.21,predicted,24.21,24.19,23.52,23.16,23.32,23.34,26.25,normal,drought,False,0.695,0.217,0.088,0,0,0.29,10
3,2025-06-30,0.0718,24.25,predicted,24.25,24.21,23.58,23.21,23.35,26.25,23.19,normal,drought,False,0.699,0.217,0.084,0,0,0.29,10
3,2025-07-01,0.0717,24.22,predicted,24.22,24.2,23.64,23.26,26.25,23.46,23.34,normal,drought,False,0.708,0.215,0.077,0,0,0.29,10
3,2025-07-02,0.0708,23.91,predicted,23.91,23.88,23.35,26.25,23.11,23.14,23.11,normal,drought,False,0.715,0.211,0.074,0,0,0.29,10
3,2025-07-03,0.0706,23.83,predicted,23.83,23.79,26.25,22.83,22.97,22.96,22.94,normal,drought,False,0.715,0.211,0.074,0,0,0.29,10
3,2025-07-04,0.0707,23.88,predicted,23.88,26.25,23.22,22.78,22.92,22.9,22.84,normal,drought,False,0.714,0.212,0.074,0,0,0.29,10
3,2025-07-05,0.0777,26.25,observed,26.25,23.71,23.12,22.68,22.81,22.77,22.75,normal,drought,False,0.715,0.212,0.073,0,0,0.29,10
3,2025-07-06,0.0695,23.49,predicted,23.49,23.42,22.82,22.35,22.49,22.46,22.43,normal,drought,False,0.715,0.212,0.073,0,0,0.57,6
3,2025-07-07,0.0691,23.35,predicted,23.35,23.29,22.7,22.25,22.4,22.37,22.35,normal,drought,False,0.716,0.212,0.072,0,0,0.57,6
3,2025-07-08,0.0691,23.33,predicted,23.33,23.24,22.65,22.16,22.28,22.23,22.24,normal,drought,False,0.715,0.213,0.073,0,0,0.29,10
3,2025-07-09,0.0694,23.43,predicted,23.43,23.33,22.72,22.2,22.33,22.26,22.26,normal,drought,False,0.713,0.214,0.073,0,0,0.29,10
3,2025-07-10,0.0697,23.55,predicted,23.55,23.44,22.79,22.24,22.36,22.28,22.23,normal,drought,False,0.711,0.216,0.073,0,0,0.29,10
3,2025-07-11,0.0702,23.72,predicted,23.72,23.62,22.92,22.36,22.49,22.45,27.88,normal,drought,False,0.711,0.218,0.071,0,0,0.29,10
3,2025-07-12,0.0697,23.53,predicted,23.53,23.43,22.79,22.27,22.4,27.88,22.28,normal,drought,False,0.711,0.219,0.071,0,0,0.29,10
3,2025-07-13,0.0694,23.45,predicted,23.45,23.36,22.71,22.2,27.88,22.31,22.21,normal,drought,False,0.712,0.218,0.07,0,0,0.29,10
3,2025-07-14,0.0689,23.27,predicted,23.27,23.18,22.56,27.88,22.21,22.17,22.12,normal,drought,False,0.713,0.218,0.07,0,0,0.29,10
3,2025-07-15,0.0687,23.2,predicted,23.2,23.12,27.88,22.03,22.17,22.12,22.08,normal,drought,False,0.713,0.216,0.071,0,0,0.29,10
3,2025-07-16,0.0689,23.28,predicted,23.28,27.88,22.57,22.1,22.24,22.2,22.16,normal,drought,False,0.714,0.216,0.07,0,0,0.29,10
3,2025-07-17,0.0826,27.88,observed,27.88,23.08,22.42,22.03,22.2,22.17,22.05,normal,drought,False,0.716,0.213,0.071,0,0,0.29,10
3,2025-07-18,0.0737,24.89,predicted,24.89,24.8,24.06,23.57,23.68,23.65,23.42,normal,drought,False,0.715,0.214,0.071,0,0,0.57,6
3,2025-07-19,0.0745,25.16,predicted,25.16,25.1,24.36,23.89,24.02,24.03,23.76,normal,drought,False,0.717,0.213,0.07,0,0,0.57,6
3,2025-07-20,0.074,25.0,predicted,25.0,24.98,24.34,23.95,24.1,24.15,23.95,normal,drought,False,0.716,0.214,0.071,0,0,0.29,10
3,2025-07-21,0.0738,24.94,predicted,24.94,24.95,24.31,24.01,24.18,24.23,24.02,normal,drought,False,0.718,0.211,0.071,0,0,0.29,10
3,2025-07-22,0.0736,24.86,predicted,24.86,24.9,24.3,24.06,24.25,24.34,24.14,normal,drought,False,0.721,0.208,0.071,0,0,0.29,10
3,2025-07-23,0.0738,24.92,predicted,24.92,25.0,24.43,24.25,24.45,24.57,27.59,normal,drought,False,0.723,0.205,0.072,0,0,0.29,10
3,2025-07-24,0.0744,25.11,predicted,25.11,25.22,24.67,24.5,24.72,27.59,24.66,normal,drought,False,0.724,0.203,0.073,0,0,0.29,10
3,2025-07-25,0.0744,25.12,predicted,25.12,25.2,24.66,24.46,27.59,24.79,24.61,normal,drought,False,0.721,0.204,0.076,0,0,0.29,10
3,2025-07-26,0.0744,25.13,predicted,25.13,25.2,24.68,27.59,24.64,24.76,24.62,normal,drought,False,0.72,0.203,0.077,0,0,0.29,10
3,2025-07-27,0.0742,25.07,predicted,25.07,25.13,27.59,24.34,24.52,24.61,24.46,normal,drought,False,0.718,0.203,0.079,0,0,0.29,10
3,2025-07-28,0.0748,25.25,predicted,25.25,27.59,24.73,24.43,24.58,24.65,24.54,normal,drought,False,0.716,0.205,0.079,0,0,0.29,10
3,2025-07-29,0.0817,27.59,observed,27.59,25.24,24.68,24.32,24.46,24.48,24.41,normal,drought,False,0.716,0.205,0.079,0,0,0.29,10
3,2025-07-30,0.0745,25.16,predicted,25.16,25.14,24.56,24.16,24.3,24.31,24.23,normal,drought,False,0.713,0.208,0.079,0,0,0.57,6
3,2025-07-31,0.0742,25.07,predicted,25.07,25.03,24.42,23.97,24.1,24.09,24.01,normal,drought,False,0.713,0.209,0.077,0,0,0.57,6
3,2025-08-01,0.0739,24.97,predicted,24.97,24.91,24.27,23.8,23.93,23.91,23.78,normal,drought,False,0.712,0.211,0.077,0,0,0.29,10
3,2025-08-02,0.0741,25.02,predicted,25.02,25.0,24.28,23.89,24.05,24.06,23.81,normal,drought,False,0.712,0.209,0.078,0,0,0.29,10
3,2025-08-03,0.0739,24.97,predicted,24.97,25.01,24.32,24.05,24.24,24.34,24.0,normal,drought,False,0.711,0.209,0.08,0,0,0.29,10
3,2025-08-04,0.0733,24.75,predicted,24.75,24.85,24.21,24.08,24.31,24.48,29.63,normal,drought,False,0.711,0.207,0.082,0,0,0.29,10
3,2025-08-05,0.075,25.32,predicted,25.32,25.47,24.88,24.84,25.07,29.63,24.93,normal,drought,False,0.712,0.204,0.084,0,0,0.29,10
3,2025-08-06,0.075,25.32,predicted,25.32,25.48,24.96,24.91,29.63,25.38,25.07,normal,drought,False,0.712,0.203,0.085,0,0,0.29,10
3,2025-08-07,0.0752,25.39,predicted,25.39,25.5,25.01,29.63,25.04,25.25,25.04,normal,drought,False,0.712,0.204,0.084,0,0,0.29,10
3,2025-08-08,0.0746,25.19,predicted,25.19,25.27,29.63,24.57,24.74,24.88,24.74,normal,drought,False,0.712,0.204,0.084,0,0,0.29,10
3,2025-08-09,0.0742,25.06,predicted,25.06,29.63,24.59,24.35,24.52,24.61,24.48,normal,drought,False,0.712,0.204,0.084,0,0,0.29,10
3,2025-08-10,0.0878,29.63,observed,29.63,24.9,24.34,24.08,24.25,24.32,24.18,normal,drought,False,0.714,0.204,0.082,0,0,0.29,10
3,2025-08-11,0.0795,26.86,predicted,26.86,26.82,26.16,25.77,25.86,25.85,25.64,normal,drought,False,0.715,0.204,0.081,0,0,0.57,6
3,2025-08-12,0.0794,26.81,predicted,26.81,26.77,26.12,25.74,25.84,25.8,25.62,normal,drought,False,0.717,0.202,0.081,0,0,0.57,6
3,2025-08-13,0.0788,26.59,predicted,26.59,26.61,26.0,25.71,25.85,25.87,25.71,normal,drought,False,0.717,0.202,0.081,0,0,0.29,10
3,2025-08-14,0.0793,26.77,predicted,26.77,26.79,26.16,25.85,26.0,26.03,25.82,normal,drought,False,0.714,0.202,0.084,0,0,0.29,10
3,2025-08-15,0.0797,26.93,predicted,26.93,26.97,26.36,26.07,26.23,26.29,26.07,normal,drought,False,0.709,0.204,0.087,0,0,0.29,10
3,2025-08-16,0.0798,26.95,predicted,26.95,26.97,26.35,26.03,26.17,26.2,29.43,normal,drought,False,0.706,0.206,0.088,0,0,0.29,10
3,2025-08-17,0.0802,27.1,predicted,27.1,27.08,26.42,26.04,26.16,29.43,25.92,normal,drought,False,0.703,0.209,0.089,0,0,0.29,10
3,2025-08-18,0.0803,27.13,predicted,27.13,27.12,26.46,26.09,29.43,26.25,25.98,normal,drought,False,0.704,0.209,0.087,0,0,0.29,10
3,2025-08-19,0.0795,26.85,predicted,26.85,26.84,26.21,29.43,25.98,25.98,25.79,normal,drought,False,0.712,0.206,0.082,0,0,0.29,10
3,2025-08-20,0.0794,26.82,predicted,26.82,26.79,29.43,25.82,25.92,25.89,25.8,normal,drought,False,0.714,0.205,0.08,0,0,0.29,10
3,2025-08-21,0.08,27.02,predicted,27.02,29.43,26.29,25.82,25.9,25.83,25.7,normal,drought,False,0.712,0.207,0.081,0,0,0.29,10
3,2025-08-22,0.0872,29.43,observed,29.43,27.06,26.34,25.8,25.88,25.81,25.61,normal,drought,False,0.71,0.21,0.08,0,0,0.29,10
3,2025-08-23,0.0793,26.77,predicted,26.77,26.69,25.98,25.51,25.6,25.54,25.33,normal,drought,False,0.711,0.21,0.079,0,0,0.57,6
3,2025-08-24,0.0785,26.52,predicted,26.52,26.46,25.76,25.32,25.43,25.38,25.16,normal,drought,False,0.711,0.21,0.079,0,0,0.57,6
3,2025-08-25,0.0786,26.55,predicted,26.55,26.47,25.8,25.36,25.45,25.39,25.23,normal,drought,False,0.71,0.211,0.079,0,0,0.29,10
3,2025-08-26,0.0796,26.88,predicted,26.88,26.79,26.06,25.54,25.63,25.57,25.35,normal,drought,False,0.708,0.213,0.079,0,0,0.29,10
3,2025-08-27,0.0782,26.4,predicted,26.4,26.32,25.67,25.23,25.33,25.25,25.11,normal,drought,False,0.71,0.211,0.078,0,0,0.29,10
3,2025-08-28,0.0778,26.27,predicted,26.27,26.19,25.54,25.11,25.21,25.11,35.01,normal,drought,False,0.711,0.21,0.078,0,0,0.29,10
3,2025-08-29,0.0779,26.32,predicted,26.32,26.25,25.57,25.15,25.25,35.01,25.02,normal,drought,False,0.713,0.209,0.079,0,0,0.29,10
3,2025-08-30,0.0782,26.41,predicted,26.41,26.34,25.66,25.22,35.01,25.25,25.11,normal,drought,False,0.714,0.208,0.078,0,0,0.29,10
3,2025-08-31,0.0783,26.46,predicted,26.46,26.39,25.69,35.01,25.36,25.3,25.11,normal,drought,False,0.713,0.208,0.078,0,0,0.29,10
4,2025-03-01,0.0,0.85,predicted,0.85,0.82,1.03,1.25,1.87,2.01,0.0,drought,drought,True,0.664,0.208,0.128,7,0,0.29,10
4,2025-03-02,0.0,1.18,predicted,1.18,1.17,1.38,1.75,2.4,0.0,2.39,drought,drought,True,0.663,0.204,0.133,7,0,0.29,10
4,2025-03-03,0.0,0.97,predicted,0.97,0.92,1.14,1.39,0.0,2.09,2.09,drought,drought,True,0.664,0.201,0.135,7,0,0.29,10
4,2025-03-04,0.0,0.74,predicted,0.74,0.65,0.85,0.0,1.47,1.61,1.71,drought,drought,True,0.663,0.2,0.136,7,0,0.29,10
4,2025-03-05,0.0,0.57,predicted,0.57,0.43,0.0,0.51,0.94,1.12,1.33,drought,drought,True,0.663,0.201,0.136,7,0,0.29,10
4,2025-03-06,0.0,0.51,predicted,0.51,0.0,0.48,0.19,0.56,0.78,1.07,drought,drought,True,0.664,0.202,0.134,7,0,0.29,10
4,2025-03-07,0.0,0.0,observed,0.0,0.39,0.52,0.09,0.43,0.69,1.01,drought,drought,True,0.666,0.203,0.132,7,0,0.29,10
4,2025-03-08,0.0,0.67,predicted,0.67,0.48,0.6,0.07,0.38,0.7,1.02,drought,drought,True,0.666,0.204,0.13,7,0,0.57,6
4,2025-03-09,0.0,0.71,predicted,0.71,0.53,0.64,0.06,0.36,0.72,1.04,drought,drought,True,0.666,0.205,0.129,7,0,0.57,6
4,2025-03-10,0.0,0.7,predicted,0.7,0.53,0.65,0.05,0.37,0.75,1.06,drought,drought,True,0.663,0.206,0.131,7,0,0.29,10
4,2025-03-11,0.0,0.51,predicted,0.51,0.4,0.58,0.38,0.86,1.09,1.22,drought,drought,True,0.656,0.208,0.136,7,0,0.29,10
4,2025-03-12,0.0,1.15,predicted,1.15,1.15,1.39,1.72,2.41,2.47,2.35,drought,drought,True,0.647,0.207,0.146,7,0,0.29,10
4,2025-03-13,0.0,0.93,predicted,0.93,0.87,1.05,1.12,1.64,1.79,0.0,drought,drought,True,0.644,0.207,0.149,7,0,0.29,10
4,2025-03-14,0.0,0.65,predicted,0.65,0.53,0.72,0.61,1.04,0.0,1.46,drought,drought,True,0.646,0.207,0.147,7,0,0.29,10
4,2025-03-15,0.0,0.64,predicted,0.64,0.49,0.65,0.35,0.0,0.97,1.26,drought,drought,True,0.652,0.208,0.14,7,0,0.29,10
4,2025-03-16,0.0,0.64,predicted,0.64,0.51,0.63,0.0,0.77,1.04,1.25,drought,drought,True,0.671,0.203,0.126,7,0,0.29,10
4,2025-03-17,0.0,0.74,predicted,0.74,0.66,0.0,0.9,1.46,1.59,1.63,drought,drought,True,0.674,0.2,0.126,7,0,0.29,10
4,2025-03-18,0.0,0.85,predicted,0.85,0.0,0.88,0.87,1.39,1.56,1.64,drought,drought,True,0.674,0.199,0.127,7,0,0.29,10
4,2025-03-19,0.0,0.0,observed,0.0,0.59,0.7,0.46,0.87,1.09,1.32,drought,drought,True,0.673,0.201,0.126,7,0,0.29,10
4,2025-03-20,0.0,0.67,predicted,0.67,0.54,0.64,0.44,0.89,1.1,1.28,drought,drought,True,0.672,0.2,0.128,7,0,0.57,6
4,2025-03-21,0.0,0.72,predicted,0.72,0.57,0.67,0.38,0.78,1.01,1.25,drought,drought,True,0.67,0.202,0.127,7,0,0.57,6
4,2025-03-22,0.0,0.86,predicted,0.86,0.69,0.79,0.32,0.65,0.94,1.25,drought,drought,True,0.668,0.207,0.126,7,0,0.29,10
4,2025-03-23,0.0,0.87,predicted,0.87,0.71,0.8,0.37,0.74,1.02,1.29,drought,drought,True,0.664,0.21,0.127,7,0,0.29,10
4,2025-03-24,0.0,1.11,predicted,1.11,0.94,1.06,0.53,0.83,1.17,1.47,drought,drought,True,0.657,0.214,0.129,7,0,0.29,10
4,2025-03-25,0.0,1.09,predicted,1.09,0.92,1.04,0.43,0.72,1.11,0.0,drought,drought,True,0.652,0.219,0.129,7,0,0.29,10
4,2025-03-26,0.0,1.01,predicted,1.01,0.86,0.95,0.39,0.73,0.0,1.34,drought,drought,True,0.689,0.208,0.103,7,0,0.29,10
4,2025-03-27,0.0,1.11,predicted,1.11,0.95,1.04,0.42,0.0,1.14,1.39,drought,drought,True,0.692,0.208,0.1,7,0,0.29,10
4,2025-03-28,0.0,1.17,predicted,1.17,1.01,1.09,0.0,0.73,1.14,1.41,drought,drought,True,0.691,0.21,0.1,7,0,0.29,10
4,2025-03-29,0.0,1.27,predicted,1.27,1.11,0.0,0.5,0.79,1.25,1.52,drought,drought,True,0.681,0.215,0.103,7,0,0.29,10
4,2025-03-30,0.0,1.41,predicted,1.41,0.0,1.36,0.52,0.77,1.31,1.6,drought,drought,True,0.681,0.218,0.102,7,0,0.29,10
4,2025-03-31,0.0,0.0,observed,0.0,1.32,1.43,0.52,0.76,1.34,1.62,drought,drought,True,0.692,0.215,0.093,7,0,0.29,10
4,2025-04-01,0.0,1.55,predicted,1.55,1.37,1.46,0.51,0.75,1.33,1.6,drought,drought,True,0.699,0.213,0.087,7,0,0.57,6
4,2025-04-02,0.0,1.08,predicted,1.08,0.94,0.99,0.32,0.7,1.18,1.31,drought,drought,True,0.698,0.213,0.09,7,0,0.57,6
4,2025-04-03,0.0,0.91,predicted,0.91,0.81,0.85,0.45,0.93,1.28,1.32,drought,drought,True,0.709,0.206,0.085,7,0,0.29,10
4,2025-04-04,0.0,1.27,predicted,1.27,1.28,1.29,1.32,1.99,2.23,2.09,drought,drought,True,0.71,0.198,0.093,7,0,0.29,10
4,2025-04-05,0.0,1.89,predicted,1.89,1.99,2.01,2.38,3.13,3.33,3.12,drought,drought,True,0.695,0.195,0.109,7,0,0.29,10
4,2025-04-06,0.0,1.19,predicted,1.19,1.18,1.31,1.51,2.09,2.3,0.0,drought,drought,True,0.687,0.193,0.12,7,0,0.29,10
4,2025-04-07,0.0,0.92,predicted,0.92,0.89,1.04,1.18,1.74,0.0,2.07,drought,drought,True,0.677,0.191,0.133,7,0,0.29,10
4,2025-04-08,0.0,0.71,predicted,0.71,0.64,0.8,0.82,0.0,1.53,1.74,drought,drought,True,0.668,0.19,0.142,7,0,0.29,10
4,2025-04-09,0.0,0.56,predicted,0.56,0.42,0.55,0.0,0.72,0.95,1.26,drought,drought,True,0.666,0.191,0.143,7,0,0.29,10
4,2025-04-10,0.0,0.55,predicted,0.55,0.38,0.0,0.12,0.49,0.73,1.04,drought,drought,True,0.663,0.192,0.144,7,0,0.29,10
4,2025-04-11,0.0,0.49,predicted,0.49,0.0,0.42,0.18,0.63,0.8,1.0,drought,drought,True,0.659,0.193,0.148,7,0,0.29,10
4,2025-04-12,0.0,0.0,observed,0.0,0.44,0.5,0.22,0.67,0.83,1.02,drought,drought,True,0.656,0.195,0.149,7,0,0.29,10
4,2025-04-13,0.0,0.72,predicted,0.72,0.55,0.61,0.23,0.62,0.82,1.07,drought,drought,True,0.654,0.198,0.149,7,0,0.57,6
4,2025-04-14,0.0,0.85,predicted,0.85,0.68,0.74,0.31,0.68,0.91,1.19,drought,drought,True,0.648,0.202,0.15,7,0,0.57,6
4,2025-04-15,0.0,0.99,predicted,0.99,0.85,0.96,0.64,1.03,1.25,1.49,drought,drought,True,0.634,0.208,0.158,7,0,0.29,10
4,2025-04-16,0.0,1.1,predicted,1.1,0.95,1.07,0.63,0.96,1.25,1.54,drought,drought,True,0.61,0.219,0.171,7,0,0.29,10
4,2025-04-17,0.0,1.14,predicted,1.14,0.98,1.11,0.63,0.94,1.28,1.57,drought,drought,True,0.578,0.231,0.191,7,0,0.29,10
4,2025-04-18,0.0,1.26,predicted,1.26,1.1,1.24,0.67,0.97,1.36,0.0,drought,drought,True,0.61,0.232,0.157,7,0,0.29,10
4,2025-04-19,0.0,1.36,predicted,1.36,1.2,1.3,0.64,0.93,0.0,1.63,drought,drought,True,0.675,0.218,0.107,7,0,0.29,10
4,2025-04-20,0.0,1.4,predicted,1.4,1.24,1.34,0.63,0.0,1.37,1.65,drought,drought,True,0.677,0.22,0.104,7,0,0.29,10
4,2025-04-21,0.0,1.5,predicted,1.5,1.34,1.43,0.0,0.9,1.39,1.67,drought,drought,True,0.694,0.216,0.09,7,0,0.29,10
4,2025-04-22,0.0,1.34,predicted,1.34,1.18,0.0,0.52,0.84,1.3,1.52,drought,drought,True,0.703,0.212,0.085,7,0,0.29,10
4,2025-04-23,0.0,1.19,predicted,1.19,0.0,1.11,0.53,0.9,1.32,1.49,drought,drought,True,0.702,0.212,0.086,7,0,0.29,10
4,2025-04-24,0.0,0.0,observed,0.0,0.98,1.06,0.53,0.91,1.31,1.48,drought,drought,True,0.699,0.213,0.088,7,0,0.29,10
4,2025-04-25,0.0,1.08,predicted,1.08,0.95,1.03,0.52,0.9,1.27,1.44,drought,drought,True,0.705,0.21,0.085,7,0,0.57,6
4,2025-04-26,0.0,1.07,predicted,1.07,0.94,1.0,0.51,0.91,1.26,1.42,drought,drought,True,0.708,0.208,0.083,7,0,0.57,6
4,2025-04-27,0.0,1.07,predicted,1.07,0.94,1.0,0.51,0.89,1.25,1.42,drought,drought,True,0.71,0.206,0.083,7,0,0.29,10
4,2025-04-28,0.0,0.99,predicted,0.99,0.88,0.94,0.61,1.07,1.37,1.47,drought,drought,True,0.711,0.204,0.085,7,0,0.29,10
4,2025-04-29,0.0,1.04,predicted,1.04,0.95,0.98,0.73,1.22,1.49,1.57,drought,drought,True,0.714,0.199,0.086,7,0,0.29,10
4,2025-04-30,0.0,1.1,predicted,1.1,1.04,1.1,1.07,1.63,1.83,4.1,drought,drought,True,0.713,0.196,0.091,7,0,0.29,10
4,2025-05-01,0.0,1.3,predicted,1.3,1.27,1.39,1.59,2.21,4.1,2.26,drought,drought,True,0.708,0.193,0.1,7,0,0.29,10
4,2025-05-02,0.0,1.0,predicted,1.0,0.89,1.01,0.9,4.1,1.53,1.71,drought,drought,True,0.703,0.194,0.103,7,0,0.29,10
4,2025-05-03,0.0,0.85,predicted,0.85,0.7,0.81,4.1,0.99,1.18,1.42,drought,drought,True,0.701,0.194,0.105,7,0,0.29,10
4,2025-05-04,0.0,0.86,predicted,0.86,0.69,4.1,0.43,0.8,1.02,1.3,drought,drought,True,0.698,0.196,0.105,7,0,0.29,10
4,2025-05-05,0.0,1.13,predicted,1.13,4.1,1.05,0.52,0.82,1.12,1.46,drought,drought,True,0.694,0.201,0.105,7,0,0.29,10
4,2025-05-06,0.0,4.1,observed,4.1,1.18,1.22,0.73,1.09,1.43,1.67,drought,drought,True,0.696,0.2,0.104,7,0,0.29,10
4,2025-05-07,0.0,3.69,predicted,3.69,3.68,3.56,3.34,3.76,4.12,4.27,drought,drought,True,0.698,0.199,0.103,7,0,0.57,6
4,2025-05-08,0.0,3.59,predicted,3.59,3.58,3.51,3.4,3.84,4.12,4.3,drought,drought,True,0.697,0.2,0.104,7,0,0.57,6
4,2025-05-09,0.0,3.65,predicted,3.65,3.61,3.62,3.43,3.79,4.04,4.33,drought,drought,True,0.694,0.202,0.104,7,0,0.29,10
4,2025-05-10,0.0,3.75,predicted,3.75,3.69,3.68,3.4,3.74,4.02,4.32,drought,drought,True,0.69,0.206,0.105,7,0,0.29,10
4,2025-05-11,0.0,3.93,predicted,3.93,3.86,3.85,3.45,3.74,4.07,4.38,drought,drought,True,0.682,0.211,0.107,7,0,0.29,10
4,2025-05-12,0.0,4.02,predicted,4.02,3.93,3.94,3.39,3.64,4.04,0.0,drought,drought,True,0.678,0.215,0.106,7,0,0.29,10
4,2025-05-13,0.0,3.99,predicted,3.99,3.89,3.89,3.27,3.51,0.0,4.26,drought,drought,True,0.675,0.219,0.105,7,0,0.29,10
4,2025-05-14,0.0,4.01,predicted,4.01,3.9,3.88,3.23,0.0,3.92,4.21,drought,drought,True,0.683,0.22,0.097,7,0,0.29,10
4,2025-05-15,0.0,4.07,predicted,4.07,3.98,3.94,0.0,3.53,3.98,4.27,drought,drought,True,0.706,0.213,0.082,7,0,0.29,10
4,2025-05-16,0.0,4.07,predicted,4.07,3.98,0.0,3.26,3.52,3.97,4.25,drought,drought,True,0.705,0.214,0.081,7,0,0.29,10
4,2025-05-17,0.0,3.92,predicted,3.92,0.0,3.77,3.15,3.44,3.87,4.12,drought,drought,True,0.708,0.213,0.079,7,0,0.29,10
4,2025-05-18,0.0,0.0,observed,0.0,3.1,3.06,3.02,3.53,3.69,3.8,drought,drought,True,0.71,0.208,0.082,7,0,0.29,10
4,2025-05-19,0.0,1.29,predicted,1.29,1.21,1.36,1.24,1.73,1.9,2.0,drought,drought,True,0.704,0.208,0.088,7,0,0.57,6
4,2025-05-20,0.0,1.27,predicted,1.27,1.19,1.36,1.38,1.92,2.03,2.05,drought,drought,True,0.704,0.206,0.089,7,0,0.57,6
4,2025-05-21,0.0,0.95,predicted,0.95,0.83,0.9,0.68,1.14,1.37,1.45,drought,drought,True,0.707,0.206,0.087,7,0,0.29,10
4,2025-05-22,0.0,0.86,predicted,0.86,0.72,0.79,0.53,0.99,1.2,1.3,drought,drought,True,0.71,0.204,0.086,7,0,0.29,10
4,2025-05-23,0.0,0.94,predicted,0.94,0.77,0.81,0.37,0.75,1.01,1.2,drought,drought,True,0.711,0.204,0.085,7,0,0.29,10
4,2025-05-24,0.0,0.98,predicted,0.98,0.79,0.81,0.24,0.58,0.89,0.0,drought,drought,True,0.711,0.205,0.084,7,0,0.29,10
4,2025-05-25,0.0,0.86,predicted,0.86,0.68,0.69,0.21,0.61,0.0,1.03,drought,drought,True,0.71,0.205,0.085,7,0,0.29,10
4,2025-05-26,0.0,0.99,predicted,0.99,0.83,0.85,0.53,0.0,1.16,1.26,drought,drought,True,0.71,0.205,0.085,7,0,0.29,10
4,2025-05-27,0.0,1.15,predicted,1.15,0.98,1.0,0.0,0.89,1.13,1.33,drought,drought,True,0.711,0.205,0.084,7,0,0.29,10
4,2025-05-28,0.0,1.09,predicted,1.09,0.93,0.0,0.55,0.95,1.16,1.33,drought,drought,True,0.71,0.205,0.085,7,0,0.29,10
4,2025-05-29,0.0,1.38,predicted,1.38,0.0,1.24,0.57,0.85,1.18,1.5,drought,drought,True,0.707,0.208,0.085,7,0,0.29,10
4,2025-05-30,0.0,0.0,observed,0.0,1.3,1.39,0.63,0.86,1.27,1.62,drought,drought,True,0.702,0.21,0.088,7,0,0.29,10
4,2025-05-31,0.0,1.12,predicted,1.12,0.97,1.06,0.59,0.97,1.29,1.48,drought,drought,True,0.692,0.213,0.095,7,0,0.57,6
4,2025-06-01,0.0,1.24,predicted,1.24,1.1,1.18,0.68,1.04,1.37,1.58,drought,drought,True,0.696,0.212,0.091,7,0,0.57,6
4,2025-06-02,0.0,1.28,predicted,1.28,1.13,1.21,0.68,1.02,1.36,1.58,drought,drought,True,0.698,0.214,0.089,7,0,0.29,10
4,2025-06-03,0.0,1.41,predicted,1.41,1.24,1.32,0.64,0.93,1.33,1.6,drought,drought,True,0.708,0.21,0.082,7,0,0.29,10
4,2025-06-04,0.0,1.47,predicted,1.47,1.3,1.37,0.62,0.89,1.33,1.61,drought,drought,True,0.709,0.21,0.081,7,0,0.29,10
4,2025-06-05,0.0,1.44,predicted,1.44,1.26,1.33,0.52,0.79,1.25,0.0,drought,drought,True,0.712,0.209,0.079,7,0,0.29,10
4,2025-06-06,0.0,1.38,predicted,1.38,1.21,1.27,0.49,0.78,0.0,1.49,drought,drought,True,0.71,0.21,0.08,7,0,0.29,10
4,2025-06-07,0.0,1.41,predicted,1.41,1.24,1.33,0.53,0.0,1.3,1.55,drought,drought,True,0.708,0.212,0.08,7,0,0.29,10
4,2025-06-08,0.0,1.46,predicted,1.46,1.28,1.37,0.0,0.77,1.31,1.56,drought,drought,True,0.709,0.211,0.08,7,0,0.29,10
4,2025-06-09,0.0,1.52,predicted,1.52,1.34,0.0,0.48,0.72,1.29,1.55,drought,drought,True,0.711,0.21,0.079,7,0,0.29,10
4,2025-06-10,0.0,1.5,predicted,1.5,0.0,1.4,0.44,0.68,1.27,1.52,drought,drought,True,0.71,0.21,0.08,7,0,0.29,10
4,2025-06-11,0.0,0.0,observed,0.0,0.8,0.83,0.08,0.45,0.89,1.05,drought,drought,True,0.713,0.207,0.08,7,0,0.29,10
4,2025-06-12,0.0,0.74,predicted,0.74,0.62,0.67,0.21,0.68,1.01,1.08,drought,drought,True,0.711,0.206,0.084,7,0,0.57,6
4,2025-06-13,0.0,0.94,predicted,0.94,0.81,0.87,0.35,0.76,1.14,1.28,drought,drought,True,0.707,0.207,0.086,7,0,0.57,6
4,2025-06-14,0.0,0.88,predicted,0.88,0.74,0.79,0.24,0.62,1.0,1.17,drought,drought,True,0.713,0.204,0.083,7,0,0.29,10
4,2025-06-15,0.0,0.65,predicted,0.65,0.54,0.63,0.43,0.96,1.19,1.21,drought,drought,True,0.713,0.201,0.087,7,0,0.29,10
4,2025-06-16,0.0,0.8,predicted,0.8,0.72,0.8,0.72,1.29,1.46,1.43,drought,drought,True,0.71,0.199,0.091,7,0,0.29,10
4,2025-06-17,0.0,1.11,predicted,1.11,1.06,1.2,1.36,1.98,2.06,0.0,drought,drought,True,0.706,0.197,0.097,7,0,0.29,10
4,2025-06-18,0.0,1.23,predicted,1.23,1.15,1.28,1.44,2.02,0.0,2.03,drought,drought,True,0.702,0.197,0.101,7,0,0.29,10
4,2025-06-19,0.0,0.86,predicted,0.86,0.7,0.8,0.56,0.0,1.16,1.33,drought,drought,True,0.701,0.199,0.101,7,0,0.29,10
4,2025-06-20,0.0,0.77,predicted,0.77,0.57,0.64,0.0,0.5,0.75,1.02,drought,drought,True,0.699,0.201,0.1,7,0,0.29,10
4,2025-06-21,0.0,0.79,predicted,0.79,0.57,0.0,0.05,0.38,0.65,0.93,drought,drought,True,0.699,0.203,0.099,7,0,0.29,10
4,2025-06-22,0.0,0.89,predicted,0.89,0.0,0.71,0.11,0.44,0.73,1.0,drought,drought,True,0.698,0.204,0.097,7,0,0.29,10
4,2025-06-23,0.0,0.0,observed,0.0,0.9,0.95,0.27,0.56,0.92,1.22,drought,drought,True,0.697,0.206,0.096,7,0,0.29,10
4,2025-06-24,0.0,1.31,predicted,1.31,1.12,1.21,0.54,0.82,1.21,1.51,drought,drought,True,0.693,0.21,0.097,7,0,0.57,6
4,2025-06-25,0.0,1.46,predicted,1.46,1.28,1.38,0.59,0.83,1.3,1.61,drought,drought,True,0.692,0.213,0.095,7,0,0.57,6
4,2025-06-26,0.0,1.41,predicted,1.41,1.23,1.3,0.47,0.73,1.21,1.51,drought,drought,True,0.698,0.211,0.091,7,0,0.29,10
4,2025-06-27,0.0,1.26,predicted,1.26,1.09,1.17,0.4,0.7,1.17,1.42,drought,drought,True,0.693,0.214,0.093,7,0,0.29,10
4,2025-06-28,0.0,1.31,predicted,1.31,1.15,1.25,0.45,0.73,1.25,1.49,drought,drought,True,0.685,0.219,0.096,7,0,0.29,10
4,2025-06-29,0.0,1.09,predicted,1.09,0.94,1.02,0.35,0.69,1.15,0.0,drought,drought,True,0.689,0.218,0.093,7,0,0.29,10
4,2025-06-30,0.0,1.24,predicted,1.24,1.09,1.17,0.42,0.73,0.0,1.43,drought,drought,True,0.694,0.218,0.088,7,0,0.29,10
4,2025-07-01,0.0,1.5,predicted,1.5,1.33,1.42,0.53,0.0,1.35,1.6,drought,drought,True,0.703,0.215,0.082,7,0,0.29,10
4,2025-07-02,0.0,1.61,predicted,1.61,1.42,1.5,0.0,0.73,1.32,1.6,drought,drought,True,0.71,0.211,0.079,7,0,0.29,10
4,2025-07-03,0.0,1.64,predicted,1.64,1.45,0.0,0.48,0.7,1.32,1.59,drought,drought,True,0.711,0.211,0.079,7,0,0.29,10
4,2025-07-04,0.0,1.63,predicted,1.63,0.0,1.52,0.47,0.7,1.33,1.58,drought,drought,True,0.709,0.212,0.079,7,0,0.29,10
4,2025-07-05,0.0,0.0,observed,0.0,1.58,1.65,0.54,0.75,1.42,1.67,drought,drought,True,0.71,0.212,0.078,7,0,0.29,10
4,2025-07-06,0.0,1.76,predicted,1.76,1.56,1.62,0.49,0.7,1.37,1.61,drought,drought,True,0.71,0.212,0.077,7,0,0.57,6
4,2025-07-07,0.0,1.77,predicted,1.77,1.58,1.64,0.49,0.7,1.39,1.62,drought,drought,True,0.711,0.212,0.077,7,0,0.57,6
4,2025-07-08,0.0,1.92,predicted,1.92,1.72,1.78,0.56,0.75,1.47,1.71,drought,drought,True,0.71,0.213,0.077,7,0,0.29,10
4,2025-07-09,0.0,1.94,predicted,1.94,1.73,1.81,0.56,0.75,1.49,1.73,drought,drought,True,0.709,0.214,0.078,7,0,0.29,10
4,2025-07-10,0.0,1.88,predicted,1.88,1.67,1.74,0.5,0.7,1.45,1.66,drought,drought,True,0.707,0.216,0.078,7,0,0.29,10
4,2025-07-11,0.0,1.77,predicted,1.77,1.58,1.61,0.42,0.66,1.38,0.0,drought,drought,True,0.707,0.217,0.076,7,0,0.29,10
4,2025-07-12,0.0,1.76,predicted,1.76,1.56,1.61,0.42,0.64,0.0,1.55,drought,drought,True,0.707,0.218,0.075,7,0,0.29,10
4,2025-07-13,0.0,1.65,predicted,1.65,1.45,1.48,0.31,0.0,1.24,1.42,drought,drought,True,0.709,0.217,0.074,7,0,0.29,10
4,2025-07-14,0.0,1.67,predicted,1.67,1.46,1.49,0.0,0.52,1.21,1.41,drought,drought,True,0.709,0.217,0.073,7,0,0.29,10
4,2025-07-15,0.0,1.5,predicted,1.5,1.3,0.0,0.17,0.42,1.08,1.27,drought,drought,True,0.71,0.216,0.074,7,0,0.29,10
4,2025-07-16,0.0,1.57,predicted,1.57,0.0,1.39,0.23,0.46,1.14,1.34,drought,drought,True,0.711,0.216,0.074,7,0,0.29,10
4,2025-07-17,0.0,0.0,observed,0.0,0.84,0.85,-0.13,0.19,0.76,0.9,drought,drought,True,0.712,0.213,0.075,7,0,0.29,10
4,2025-07-18,0.0,1.14,predicted,1.14,0.95,0.94,-0.04,0.28,0.83,0.99,drought,drought,True,0.712,0.214,0.075,7,0,0.57,6
4,2025-07-19,0.0,1.05,predicted,1.05,0.87,0.85,-0.05,0.29,0.8,0.94,drought,drought,True,0.713,0.213,0.074,7,0,0.57,6
4,2025-07-20,0.0,1.11,predicted,1.11,0.92,0.9,-0.02,0.3,0.81,0.99,drought,drought,True,0.712,0.213,0.075,7,0,0.29,10
4,2025-07-21,0.0,0.84,predicted,0.84,0.67,0.64,-0.15,0.24,0.67,0.8,drought,drought,True,0.714,0.211,0.075,7,0,0.29,10
4,2025-07-22,0.0,0.8,predicted,0.8,0.63,0.62,-0.11,0.28,0.69,0.83,drought,drought,True,0.717,0.208,0.075,7,0,0.29,10
4,2025-07-23,0.0,0.75,predicted,0.75,0.59,0.58,-0.06,0.35,0.72,0.0,drought,drought,True,0.719,0.205,0.077,7,0,0.29,10
4,2025-07-24,0.0,0.78,predicted,0.78,0.63,0.64,0.04,0.44,0.0,0.94,drought,drought,True,0.718,0.203,0.079,7,0,0.29,10
4,2025-07-25,0.0,0.84,predicted,0.84,0.67,0.68,0.01,0.0,0.75,0.95,drought,drought,True,0.716,0.204,0.081,7,0,0.29,10
4,2025-07-26,0.0,0.92,predicted,0.92,0.74,0.77,0.0,0.38,0.79,1.02,drought,drought,True,0.714,0.203,0.082,7,0,0.29,10
4,2025-07-27,0.0,0.83,predicted,0.83,0.66,0.0,-0.0,0.35,0.74,0.96,drought,drought,True,0.712,0.204,0.084,7,0,0.29,10
4,2025-07-28,0.0,1.18,predicted,1.18,0.0,1.05,0.23,0.51,0.97,1.26,drought,drought,True,0.71,0.205,0.085,7,0,0.29,10
4,2025-07-29,0.0,0.0,observed,0.0,1.16,1.21,0.3,0.55,1.06,1.37,drought,drought,True,0.71,0.206,0.085,7,0,0.29,10
4,2025-07-30,0.0,1.63,predicted,1.63,1.45,1.53,0.56,0.79,1.37,1.67,drought,drought,True,0.708,0.208,0.084,7,0,0.57,6
4,2025-07-31,0.0,1.76,predicted,1.76,1.57,1.63,0.59,0.8,1.41,1.71,drought,drought,True,0.708,0.209,0.083,7,0,0.57,6
4,2025-08-01,0.0,1.67,predicted,1.67,1.48,1.55,0.53,0.75,1.36,1.63,drought,drought,True,0.707,0.211,0.082,7,0,0.29,10
4,2025-08-02,0.0,1.16,predicted,1.16,1.0,1.02,0.25,0.61,1.1,1.24,drought,drought,True,0.707,0.21,0.083,7,0,0.29,10
4,2025-08-03,0.0,0.91,predicted,0.91,0.79,0.83,0.32,0.77,1.15,1.22,drought,drought,True,0.705,0.21,0.085,7,0,0.29,10
4,2025-08-04,0.0,0.79,predicted,0.79,0.69,0.76,0.51,1.04,1.3,4.1,drought,drought,True,0.705,0.208,0.087,7,0,0.29,10
4,2025-08-05,0.0,0.89,predicted,0.89,0.8,0.84,0.59,1.11,4.1,1.39,drought,drought,True,0.705,0.205,0.089,7,0,0.29,10
4,2025-08-06,0.0,0.73,predicted,0.73,0.61,0.67,0.34,4.1,1.09,1.19,drought,drought,True,0.705,0.205,0.09,7,0,0.29,10
4,2025-08-07,0.0,0.76,predicted,0.76,0.6,0.66,4.1,0.51,0.85,1.06,drought,drought,True,0.705,0.205,0.09,7,0,0.29,10
4,2025-08-08,0.0,0.79,predicted,0.79,0.61,4.1,0.05,0.39,0.77,1.01,drought,drought,True,0.705,0.205,0.09,7,0,0.29,10
4,2025-08-09,0.0,0.83,predicted,0.83,4.1,0.7,0.06,0.4,0.78,1.0,drought,drought,True,0.706,0.205,0.089,7,0,0.29,10
4,2025-08-10,0.0,4.1,observed,4.1,0.65,0.67,0.0,0.35,0.71,0.93,drought,drought,True,0.708,0.204,0.087,7,0,0.29,10
4,2025-08-11,0.0,3.15,predicted,3.15,3.07,2.93,2.38,2.74,3.17,3.37,drought,drought,True,0.709,0.204,0.087,7,0,0.57,6
4,2025-08-12,0.0,3.39,predicted,3.39,3.31,3.18,2.59,2.94,3.38,3.6,drought,drought,True,0.711,0.203,0.086,7,0,0.57,6
4,2025-08-13,0.0,3.4,predicted,3.4,3.33,3.29,2.77,3.09,3.47,3.77,drought,drought,True,0.71,0.203,0.087,7,0,0.29,10
4,2025-08-14,0.0,3.49,predicted,3.49,3.43,3.4,2.91,3.23,3.61,3.9,drought,drought,True,0.707,0.203,0.089,7,0,0.29,10
4,2025-08-15,0.0,3.64,predicted,3.64,3.57,3.57,3.06,3.36,3.76,4.06,drought,drought,True,0.702,0.206,0.092,7,0,0.29,10
4,2025-08-16,0.0,3.6,predicted,3.6,3.53,3.53,2.98,3.27,3.69,0.0,drought,drought,True,0.698,0.208,0.094,7,0,0.29,10
4,2025-08-17,0.0,3.58,predicted,3.58,3.5,3.49,2.93,3.23,0.0,3.93,drought,drought,True,0.696,0.21,0.094,7,0,0.29,10
4,2025-08-18,0.0,3.55,predicted,3.55,3.48,3.46,2.94,0.0,3.67,3.93,drought,drought,True,0.698,0.21,0.092,7,0,0.29,10
4,2025-08-19,0.0,3.63,predicted,3.63,3.55,3.53,0.0,3.24,3.68,3.95,drought,drought,True,0.705,0.208,0.087,7,0,0.29,10
4,2025-08-20,0.0,3.9,predicted,3.9,3.8,0.0,3.04,3.27,3.79,4.12,drought,drought,True,0.708,0.207,0.086,7,0,0.29,10
4,2025-08-21,0.0,4.02,predicted,4.02,0.0,3.9,3.07,3.29,3.83,4.16,drought,drought,True,0.706,0.208,0.086,7,0,0.29,10
4,2025-08-22,0.0,0.0,observed,0.0,3.99,3.94,3.12,3.35,3.89,4.18,drought,drought,True,0.704,0.211,0.085,7,0,0.29,10
4,2025-08-23,0.0,1.8,predicted,1.8,1.62,1.74,0.8,1.03,1.58,1.88,drought,drought,True,0.705,0.211,0.084,7,0,0.57,6
4,2025-08-24,0.0,1.49,predicted,1.49,1.31,1.42,0.53,0.8,1.31,1.58,drought,drought,True,0.706,0.211,0.083,7,0,0.57,6
4,2025-08-25,0.0,1.49,predicted,1.49,1.31,1.38,0.35,0.6,1.23,1.47,drought,drought,True,0.704,0.212,0.084,7,0,0.29,10
4,2025-08-26,0.0,1.49,predicted,1.49,1.31,1.36,0.33,0.58,1.22,1.44,drought,drought,True,0.703,0.214,0.083,7,0,0.29,10
4,2025-08-27,0.0,1.41,predicted,1.41,1.23,1.29,0.25,0.51,1.15,1.37,drought,drought,True,0.705,0.212,0.083,7,0,0.29,10
4,2025-08-28,0.0,1.36,predicted,1.36,1.18,1.24,0.19,0.44,1.08,0.0,drought,drought,True,0.706,0.211,0.083,7,0,0.29,10
4,2025-08-29,0.0,1.28,predicted,1.28,1.1,1.16,0.13,0.4,0.0,1.24,drought,drought,True,0.707,0.21,0.083,7,0,0.29,10
4,2025-08-30,0.0,1.37,predicted,1.37,1.19,1.25,0.19,0.0,1.1,1.31,drought,drought,True,0.709,0.209,0.082,7,0,0.29,10
4,2025-08-31,0.0,1.25,predicted,1.25,1.07,1.12,0.0,0.38,1.01,1.2,drought,drought,True,0.708,0.209,0.083,7,0,0.29,10
5,2025-03-01,0.0383,10.57,predicted,10.57,10.87,10.86,11.55,12.07,12.44,18.86,drought,drought,True,0.482,0.427,0.091,7,0,0.29,10
5,2025-03-02,0.0406,11.2,predicted,11.2,11.55,11.55,12.36,12.9,18.86,13.21,drought,drought,True,0.502,0.409,0.089,7,0,0.29,10
5,2025-03-03,0.0406,11.2,predicted,11.2,11.54,11.59,12.27,18.86,13.27,13.22,drought,drought,True,0.516,0.396,0.088,7,0,0.29,10
5,2025-03-04,0.0406,11.19,predicted,11.19,11.49,11.55,18.86,12.5,13.03,13.06,drought,drought,True,0.518,0.394,0.088,7,0,0.29,10
5,2025-03-05,0.0401,11.07,predicted,11.07,11.3,18.86,11.63,12.02,12.54,12.66,drought,drought,True,0.514,0.399,0.087,7,0,0.29,10
5,2025-03-06,0.039,10.76,predicted,10.76,18.86,10.97,11.08,11.43,11.91,12.13,drought,drought,True,0.513,0.402,0.085,7,0,0.29,10
5,2025-03-07,0.0684,18.86,observed,18.86,10.7,10.71,10.71,11.04,11.47,11.73,drought,drought,True,0.513,0.404,0.083,7,0,0.29,10
5,2025-03-08,0.0596,16.44,predicted,16.44,16.41,16.08,15.87,16.07,16.25,16.36,drought,drought,True,0.509,0.408,0.083,7,0,0.57,6
5,2025-03-09,0.0606,16.71,predicted,16.71,16.66,16.27,16.02,16.21,16.34,16.44,drought,drought,True,0.505,0.411,0.083,7,0,0.57,6
5,2025-03-10,0.0592,16.32,predicted,16.32,16.45,16.2,16.15,16.45,16.68,16.85,drought,drought,True,0.499,0.415,0.085,7,0,0.29,10
5,2025-03-11,0.0605,16.7,predicted,16.7,16.88,16.52,16.66,17.04,17.23,17.2,drought,drought,True,0.488,0.421,0.091,7,0,0.29,10
5,2025-03-12,0.0624,17.22,predicted,17.22,17.56,17.23,17.84,18.32,18.6,18.36,drought,drought,True,0.492,0.414,0.094,7,0,0.29,10
5,2025-03-13,0.0647,17.83,predicted,17.83,18.13,17.84,18.16,18.55,18.98,20.48,drought,drought,True,0.487,0.412,0.101,6,0,0.29,10
5,2025-03-14,0.0638,17.6,predicted,17.6,17.82,17.62,17.79,18.12,20.48,18.45,drought,drought,True,0.484,0.414,0.102,6,0,0.29,10
5,2025-03-15,0.0638,17.6,predicted,17.6,17.78,17.61,17.66,20.48,18.36,18.36,drought,drought,True,0.491,0.411,0.098,6,0,0.29,10
5,2025-03-16,0.0631,17.4,predicted,17.4,17.6,17.42,20.48,17.88,18.22,18.26,drought,drought,True,0.525,0.393,0.082,6,0,0.29,10
5,2025-03-17,0.0628,17.31,predicted,17.31,17.61,20.48,17.81,18.22,18.56,18.5,drought,drought,True,0.54,0.383,0.078,6,0,0.29,10
5,2025-03-18,0.0637,17.58,predicted,17.58,20.48,17.68,18.01,18.41,18.83,18.73,drought,drought,True,0.543,0.379,0.078,6,0,0.29,10
5,2025-03-19,0.0743,20.48,observed,20.48,17.87,17.66,17.77,18.12,18.55,18.51,normal,drought,False,0.535,0.386,0.079,6,0,0.29,10
5,2025-03-20,0.0688,18.98,predicted,18.98,19.19,18.92,19.05,19.37,19.73,19.66,drought,drought,True,0.532,0.388,0.08,7,0,0.57,6
5,2025-03-21,0.0695,19.17,predicted,19.17,19.36,19.05,19.06,19.36,19.71,19.64,drought,drought,True,0.525,0.394,0.081,7,0,0.57,6
5,2025-03-22,0.0693,19.1,predicted,19.1,19.26,18.97,18.87,19.15,19.51,19.49,drought,drought,True,0.513,0.403,0.084,7,0,0.29,10
5,2025-03-23,0.0691,19.07,predicted,19.07,19.21,18.87,18.77,19.06,19.36,19.32,drought,drought,True,0.503,0.409,0.087,7,0,0.29,10
5,2025-03-24,0.0688,18.98,predicted,18.98,19.07,18.77,18.61,18.86,19.13,19.14,drought,drought,True,0.493,0.416,0.091,7,0,0.29,10
5,2025-03-25,0.0681,18.77,predicted,18.77,18.78,18.45,18.23,18.44,18.62,7.19,drought,drought,True,0.482,0.423,0.095,7,0,0.29,10
5,2025-03-26,0.0677,18.67,predicted,18.67,18.78,18.44,18.31,18.59,7.19,18.84,drought,drought,True,0.551,0.38,0.069,7,0,0.29,10
5,2025-03-27,0.0678,18.7,predicted,18.7,18.81,18.45,18.28,7.19,18.82,18.81,drought,drought,True,0.558,0.375,0.067,7,0,0.29,10
5,2025-03-28,0.0679,18.72,predicted,18.72,18.83,18.48,7.19,18.55,18.84,18.82,drought,drought,True,0.556,0.376,0.068,7,0,0.29,10
5,2025-03-29,0.0682,18.81,predicted,18.81,18.89,7.19,18.29,18.55,18.83,18.82,drought,drought,True,0.539,0.388,0.073,7,0,0.29,10
5,2025-03-30,0.0674,18.59,predicted,18.59,7.19,18.29,18.0,18.2,18.41,18.48,drought,drought,True,0.536,0.392,0.073,7,0,0.29,10
5,2025-03-31,0.0261,7.19,observed,7.19,18.64,18.3,17.99,18.2,18.41,18.48,drought,drought,True,0.56,0.374,0.066,7,0,0.29,10
5,2025-04-01,0.0291,8.03,predicted,8.03,8.41,9.12,9.34,9.73,10.44,11.24,drought,drought,True,0.575,0.363,0.062,7,0,0.57,6
5,2025-04-02,0.0249,6.86,predicted,6.86,7.24,7.86,8.28,8.75,9.34,10.03,drought,drought,True,0.575,0.361,0.064,7,0,0.57,6
5,2025-04-03,0.0237,6.53,predicted,6.53,6.66,6.59,6.65,7.12,7.56,7.64,drought,drought,True,0.596,0.345,0.059,7,0,0.29,10
5,2025-04-04,0.0264,7.28,predicted,7.28,7.57,7.47,8.0,8.63,9.07,8.96,drought,drought,True,0.614,0.326,0.06,7,0,0.29,10
5,2025-04-05,0.0302,8.32,predicted,8.32,8.72,8.67,9.53,10.21,10.69,10.5,drought,drought,True,0.624,0.309,0.068,7,0,0.29,10
5,2025-04-06,0.0261,7.2,predicted,7.2,7.5,7.66,8.35,8.9,9.41,11.18,drought,drought,True,0.622,0.302,0.076,7,0,0.29,10
5,2025-04-07,0.025,6.91,predicted,6.91,7.2,7.39,8.04,8.57,11.18,9.26,drought,drought,True,0.618,0.298,0.084,7,0,0.29,10
5,2025-04-08,0.024,6.62,predicted,6.62,6.86,7.06,7.55,11.18,8.53,8.79,drought,drought,True,0.609,0.302,0.089,7,0,0.29,10
5,2025-04-09,0.0229,6.31,predicted,6.31,6.46,6.65,11.18,7.25,7.75,8.1,drought,drought,True,0.6,0.311,0.089,7,0,0.29,10
5,2025-04-10,0.0225,6.2,predicted,6.2,6.31,11.18,6.5,6.89,7.37,7.71,drought,drought,True,0.59,0.323,0.087,7,0,0.29,10
5,2025-04-11,0.0215,5.94,predicted,5.94,11.18,6.17,6.4,6.85,7.27,7.52,drought,drought,True,0.578,0.335,0.087,7,0,0.29,10
5,2025-04-12,0.0405,11.18,observed,11.18,6.27,6.3,6.47,6.92,7.36,7.56,drought,drought,True,0.564,0.348,0.088,7,0,0.29,10
5,2025-04-13,0.0361,9.95,predicted,9.95,10.09,9.94,9.95,10.34,10.81,10.89,drought,drought,True,0.553,0.359,0.088,7,0,0.57,6
5,2025-04-14,0.0384,10.6,predicted,10.6,10.73,10.55,10.46,10.83,11.31,11.37,drought,drought,True,0.534,0.373,0.093,7,0,0.57,6
5,2025-04-15,0.0381,10.5,predicted,10.5,10.66,10.56,10.61,10.99,11.41,11.53,drought,drought,True,0.5,0.394,0.106,7,0,0.29,10
5,2025-04-16,0.0383,10.57,predicted,10.57,10.67,10.59,10.5,10.82,11.25,11.4,drought,drought,True,0.446,0.424,0.13,7,0,0.29,10
5,2025-04-17,0.0388,10.7,predicted,10.7,10.79,10.71,10.56,10.88,11.3,11.46,drought,normal,False,0.391,0.449,0.16,7,0,0.29,10
5,2025-04-18,0.039,10.77,predicted,10.77,10.85,10.78,10.58,10.89,11.33,8.04,drought,normal,False,0.432,0.443,0.125,7,0,0.29,10
5,2025-04-19,0.0385,10.61,predicted,10.61,10.66,10.57,10.31,10.59,8.04,11.21,drought,drought,True,0.529,0.395,0.076,7,0,0.29,10
5,2025-04-20,0.0382,10.53,predicted,10.53,10.57,10.49,10.2,8.04,10.9,11.11,drought,drought,True,0.531,0.395,0.074,7,0,0.29,10
5,2025-04-21,0.0381,10.51,predicted,10.51,10.55,10.45,8.04,10.39,10.8,11.03,drought,drought,True,0.56,0.377,0.063,7,0,0.29,10
5,2025-04-22,0.0378,10.44,predicted,10.44,10.5,8.04,10.13,10.45,10.84,11.02,drought,drought,True,0.575,0.365,0.06,7,0,0.29,10
5,2025-04-23,0.0375,10.35,predicted,10.35,8.04,10.3,10.19,10.55,10.93,11.07,drought,drought,True,0.576,0.363,0.061,7,0,0.29,10
5,2025-04-24,0.0291,8.04,observed,8.04,10.31,10.18,10.1,10.44,10.82,10.96,drought,drought,True,0.571,0.366,0.063,7,0,0.29,10
5,2025-04-25,0.0276,7.61,predicted,7.61,7.72,7.76,7.71,8.07,8.51,8.76,drought,drought,True,0.587,0.354,0.06,7,0,0.57,6
5,2025-04-26,0.027,7.43,predicted,7.43,7.56,7.61,7.58,7.97,8.43,8.66,drought,drought,True,0.595,0.346,0.058,7,0,0.57,6
5,2025-04-27,0.0272,7.51,predicted,7.51,7.62,7.62,7.54,7.93,8.43,8.59,drought,drought,True,0.603,0.34,0.057,7,0,0.29,10
5,2025-04-28,0.0271,7.49,predicted,7.49,7.64,7.63,7.74,8.18,8.64,8.76,drought,drought,True,0.604,0.338,0.058,7,0,0.29,10
5,2025-04-29,0.0277,7.65,predicted,7.65,7.84,7.82,8.03,8.5,8.98,9.07,drought,drought,True,0.615,0.328,0.057,7,0,0.29,10
5,2025-04-30,0.0279,7.69,predicted,7.69,7.94,7.95,8.41,8.93,9.38,6.67,drought,drought,True,0.621,0.322,0.057,7,0,0.29,10
5,2025-05-01,0.028,7.71,predicted,7.71,8.02,8.1,8.82,9.4,6.67,9.83,drought,drought,True,0.623,0.317,0.06,7,0,0.29,10
5,2025-05-02,0.0278,7.66,predicted,7.66,7.88,7.99,8.32,6.67,9.29,9.44,drought,drought,True,0.618,0.32,0.062,7,0,0.29,10
5,2025-05-03,0.0272,7.49,predicted,7.49,7.67,7.78,6.67,8.38,8.91,9.12,drought,drought,True,0.612,0.325,0.063,7,0,0.29,10
5,2025-05-04,0.0272,7.49,predicted,7.49,7.64,6.67,7.75,8.13,8.66,8.9,drought,drought,True,0.606,0.331,0.063,7,0,0.29,10
5,2025-05-05,0.0283,7.8,predicted,7.8,6.67,7.95,7.77,8.08,8.63,8.89,drought,drought,True,0.594,0.342,0.063,7,0,0.29,10
5,2025-05-06,0.0242,6.67,observed,6.67,8.35,8.31,8.19,8.56,9.08,9.26,drought,drought,True,0.596,0.341,0.063,7,0,0.29,10
5,2025-05-07,0.0248,6.85,predicted,6.85,6.97,7.0,6.98,7.37,7.86,8.09,drought,drought,True,0.6,0.339,0.061,7,0,0.57,6
5,2025-05-08,0.0227,6.26,predicted,6.26,6.38,6.47,6.55,6.95,7.4,7.66,drought,drought,True,0.597,0.341,0.062,7,0,0.57,6
5,2025-05-09,0.0231,6.38,predicted,6.38,6.48,6.54,6.49,6.86,7.35,7.59,drought,drought,True,0.591,0.345,0.063,7,0,0.29,10
5,2025-05-10,0.0238,6.56,predicted,6.56,6.63,6.68,6.51,6.86,7.38,7.61,drought,drought,True,0.58,0.355,0.066,7,0,0.29,10
5,2025-05-11,0.0242,6.68,predicted,6.68,6.72,6.77,6.48,6.79,7.33,7.58,drought,drought,True,0.564,0.367,0.069,7,0,0.29,10
5,2025-05-12,0.024,6.63,predicted,6.63,6.64,6.72,6.3,6.57,7.14,5.42,drought,drought,True,0.553,0.375,0.072,7,0,0.29,10
5,2025-05-13,0.0236,6.51,predicted,6.51,6.5,6.56,6.08,6.34,5.42,7.19,drought,drought,True,0.543,0.383,0.074,7,0,0.29,10
5,2025-05-14,0.0237,6.53,predicted,6.53,6.51,6.54,6.03,5.42,6.85,7.11,drought,drought,True,0.55,0.379,0.07,7,0,0.29,10
5,2025-05-15,0.0241,6.65,predicted,6.65,6.65,6.66,5.42,6.42,7.0,7.24,drought,drought,True,0.592,0.351,0.057,7,0,0.29,10
5,2025-05-16,0.0241,6.64,predicted,6.64,6.64,5.42,6.11,6.39,6.97,7.21,drought,drought,True,0.591,0.351,0.057,7,0,0.29,10
5,2025-05-17,0.0238,6.55,predicted,6.55,5.42,6.55,6.08,6.39,6.95,7.16,drought,drought,True,0.596,0.348,0.056,7,0,0.29,10
5,2025-05-18,0.0197,5.42,observed,5.42,5.89,5.87,6.01,6.53,6.91,7.0,drought,drought,True,0.601,0.343,0.057,7,0,0.29,10
5,2025-05-19,0.0181,5.0,predicted,5.0,5.15,5.21,5.43,5.95,6.37,6.43,drought,drought,True,0.597,0.343,0.06,7,0,0.57,6
5,2025-05-20,0.0176,4.86,predicted,4.86,5.03,5.14,5.54,6.1,6.5,6.51,drought,drought,True,0.591,0.347,0.062,7,0,0.57,6
5,2025-05-21,0.0181,4.99,predicted,4.99,5.11,5.21,5.32,5.79,6.3,6.38,drought,drought,True,0.592,0.346,0.061,7,0,0.29,10
5,2025-05-22,0.0181,4.99,predicted,4.99,5.1,5.2,5.29,5.74,6.27,6.37,drought,drought,True,0.599,0.341,0.059,7,0,0.29,10
5,2025-05-23,0.019,5.24,predicted,5.24,5.32,5.4,5.27,5.65,6.24,6.41,drought,drought,True,0.601,0.341,0.058,7,0,0.29,10
5,2025-05-24,0.0192,5.31,predicted,5.31,5.36,5.44,5.18,5.53,6.14,5.45,drought,drought,True,0.597,0.345,0.058,7,0,0.29,10
5,2025-05-25,0.0184,5.07,predicted,5.07,5.14,5.2,5.07,5.48,5.45,6.2,drought,drought,True,0.593,0.349,0.058,7,0,0.29,10
5,2025-05-26,0.0187,5.16,predicted,5.16,5.26,5.3,5.32,5.45,6.27,6.39,drought,drought,True,0.591,0.351,0.058,7,0,0.29,10
5,2025-05-27,0.0197,5.43,predicted,5.43,5.51,5.56,5.45,5.79,6.35,6.52,drought,drought,True,0.593,0.35,0.056,7,0,0.29,10
5,2025-05-28,0.0194,5.34,predicted,5.34,5.43,5.45,5.41,5.82,6.35,6.51,drought,drought,True,0.591,0.352,0.057,7,0,0.29,10
5,2025-05-29,0.0205,5.66,predicted,5.66,5.45,5.79,5.42,5.72,6.34,6.6,drought,drought,True,0.583,0.36,0.057,7,0,0.29,10
5,2025-05-30,0.0198,5.45,observed,5.45,5.66,5.77,5.31,5.57,6.2,6.5,drought,drought,True,0.575,0.365,0.06,7,0,0.29,10
5,2025-05-31,0.0189,5.2,predicted,5.2,5.24,5.3,5.16,5.54,6.02,6.22,drought,drought,True,0.558,0.376,0.066,7,0,0.57,6
5,2025-06-01,0.0196,5.4,predicted,5.4,5.45,5.51,5.32,5.68,6.2,6.39,drought,drought,True,0.567,0.369,0.064,7,0,0.57,6
5,2025-06-02,0.02,5.52,predicted,5.52,5.56,5.61,5.37,5.72,6.26,6.44,drought,drought,True,0.569,0.368,0.063,7,0,0.29,10
5,2025-06-03,0.0203,5.6,predicted,5.6,5.63,5.71,5.33,5.64,6.23,6.47,drought,drought,True,0.59,0.353,0.057,7,0,0.29,10
5,2025-06-04,0.0204,5.61,predicted,5.61,5.62,5.7,5.27,5.55,6.16,6.41,drought,drought,True,0.593,0.351,0.056,7,0,0.29,10
5,2025-06-05,0.02,5.52,predicted,5.52,5.53,5.6,5.14,5.43,6.04,6.51,drought,drought,True,0.599,0.346,0.055,7,0,0.29,10
5,2025-06-06,0.0199,5.48,predicted,5.48,5.5,5.56,5.12,5.43,6.51,6.27,drought,drought,True,0.598,0.347,0.056,7,0,0.29,10
5,2025-06-07,0.0197,5.44,predicted,5.44,5.45,5.51,5.05,6.51,5.95,6.19,drought,drought,True,0.593,0.35,0.057,7,0,0.29,10
5,2025-06-08,0.0195,5.39,predicted,5.39,5.38,5.47,6.51,5.23,5.84,6.11,drought,drought,True,0.595,0.348,0.056,7,0,0.29,10
5,2025-06-09,0.0196,5.4,predicted,5.4,5.39,6.51,4.9,5.17,5.8,6.09,drought,drought,True,0.6,0.344,0.056,7,0,0.29,10
5,2025-06-10,0.0195,5.37,predicted,5.37,6.51,5.42,4.83,5.09,5.73,6.0,drought,drought,True,0.599,0.345,0.057,7,0,0.29,10
5,2025-06-11,0.0236,6.51,observed,6.51,5.02,5.01,4.69,5.08,5.62,5.81,drought,drought,True,0.603,0.34,0.058,7,0,0.29,10
5,2025-06-12,0.0198,5.47,predicted,5.47,5.58,5.55,5.55,6.03,6.5,6.59,drought,drought,True,0.599,0.342,0.059,7,0,0.57,6
5,2025-06-13,0.0214,5.91,predicted,5.91,6.0,5.99,5.85,6.26,6.8,6.92,drought,drought,True,0.596,0.344,0.061,7,0,0.57,6
5,2025-06-14,0.0212,5.84,predicted,5.84,5.92,5.96,5.8,6.19,6.73,6.9,drought,drought,True,0.606,0.336,0.058,7,0,0.29,10
5,2025-06-15,0.0193,5.33,predicted,5.33,5.48,5.56,5.84,6.37,6.78,6.88,drought,drought,True,0.606,0.336,0.059,7,0,0.29,10
5,2025-06-16,0.0198,5.45,predicted,5.45,5.65,5.73,6.14,6.69,7.1,7.15,drought,drought,True,0.602,0.337,0.061,7,0,0.29,10
5,2025-06-17,0.0205,5.64,predicted,5.64,5.88,6.02,6.69,7.29,7.66,6.67,drought,drought,True,0.598,0.338,0.063,7,0,0.29,10
5,2025-06-18,0.0217,5.98,predicted,5.98,6.22,6.35,6.94,7.51,6.67,7.91,drought,drought,True,0.592,0.343,0.065,7,0,0.29,10
5,2025-06-19,0.0221,6.09,predicted,6.09,6.24,6.37,6.49,6.67,7.49,7.61,drought,drought,True,0.588,0.347,0.065,7,0,0.29,10
5,2025-06-20,0.0221,6.09,predicted,6.09,6.18,6.29,6.67,6.5,7.11,7.33,drought,drought,True,0.579,0.355,0.065,7,0,0.29,10
5,2025-06-21,0.0219,6.03,predicted,6.03,6.1,6.67,5.96,6.3,6.88,7.13,drought,drought,True,0.572,0.362,0.065,7,0,0.29,10
5,2025-06-22,0.0221,6.09,predicted,6.09,6.67,6.19,5.95,6.29,6.85,7.09,drought,drought,True,0.569,0.366,0.065,7,0,0.29,10
5,2025-06-23,0.0242,6.67,observed,6.67,6.3,6.34,6.01,6.32,6.89,7.15,drought,drought,True,0.567,0.369,0.064,7,0,0.29,10
5,2025-06-24,0.0238,6.56,predicted,6.56,6.59,6.62,6.26,6.56,7.11,7.35,drought,drought,True,0.56,0.375,0.065,7,0,0.57,6
5,2025-06-25,0.0237,6.54,predicted,6.54,6.54,6.58,6.12,6.38,6.94,7.21,drought,drought,True,0.552,0.383,0.065,7,0,0.57,6
5,2025-06-26,0.0235,6.47,predicted,6.47,6.49,6.51,6.05,6.33,6.9,7.17,drought,drought,True,0.565,0.372,0.063,7,0,0.29,10
5,2025-06-27,0.0228,6.3,predicted,6.3,6.32,6.33,5.94,6.26,6.79,7.03,drought,drought,True,0.556,0.378,0.066,7,0,0.29,10
5,2025-06-28,0.0228,6.29,predicted,6.29,6.28,6.3,5.85,6.14,6.68,6.92,drought,drought,True,0.539,0.391,0.07,7,0,0.29,10
5,2025-06-29,0.0224,6.18,predicted,6.18,6.21,6.2,5.88,6.23,6.74,12.57,drought,drought,True,0.55,0.382,0.068,7,0,0.29,10
5,2025-06-30,0.0229,6.31,predicted,6.31,6.32,6.33,5.92,6.23,12.57,6.98,drought,drought,True,0.56,0.375,0.065,7,0,0.29,10
5,2025-07-01,0.0235,6.48,predicted,6.48,6.47,6.51,5.99,12.57,6.85,7.1,drought,drought,True,0.581,0.36,0.059,7,0,0.29,10
5,2025-07-02,0.0234,6.45,predicted,6.45,6.44,6.49,12.57,6.16,6.78,7.07,drought,drought,True,0.597,0.346,0.056,7,0,0.29,10
5,2025-07-03,0.0232,6.41,predicted,6.41,6.4,12.57,5.83,6.07,6.68,6.98,drought,drought,True,0.599,0.344,0.056,7,0,0.29,10
5,2025-07-04,0.0233,6.43,predicted,6.43,12.57,6.43,5.81,6.06,6.66,6.94,drought,drought,True,0.598,0.345,0.057,7,0,0.29,10
5,2025-07-05,0.0456,12.57,observed,12.57,6.42,6.45,5.77,6.0,6.63,6.91,drought,drought,True,0.599,0.345,0.056,7,0,0.29,10
5,2025-07-06,0.0405,11.17,predicted,11.17,11.14,10.89,10.29,10.53,10.97,11.12,drought,drought,True,0.6,0.344,0.057,7,0,0.57,6
5,2025-07-07,0.0417,11.51,predicted,11.51,11.47,11.21,10.61,10.85,11.26,11.41,drought,drought,True,0.602,0.342,0.056,7,0,0.57,6
5,2025-07-08,0.0408,11.24,predicted,11.24,11.22,11.06,10.5,10.71,11.09,11.38,drought,drought,True,0.598,0.345,0.057,7,0,0.29,10
5,2025-07-09,0.041,11.3,predicted,11.3,11.27,11.09,10.51,10.72,11.1,11.37,drought,drought,True,0.599,0.343,0.057,7,0,0.29,10
5,2025-07-10,0.0414,11.42,predicted,11.42,11.38,11.16,10.57,10.78,11.15,11.38,drought,drought,True,0.596,0.346,0.058,7,0,0.29,10
5,2025-07-11,0.0423,11.67,predicted,11.67,11.65,11.38,10.82,11.07,11.43,12.86,drought,drought,True,0.595,0.347,0.058,7,0,0.29,10
5,2025-07-12,0.0415,11.46,predicted,11.46,11.42,11.21,10.65,10.88,12.86,11.45,drought,drought,True,0.594,0.349,0.057,7,0,0.29,10
5,2025-07-13,0.0412,11.37,predicted,11.37,11.35,11.13,10.6,12.86,11.22,11.42,drought,drought,True,0.595,0.348,0.057,7,0,0.29,10
5,2025-07-14,0.0406,11.2,predicted,11.2,11.18,10.99,12.86,10.7,11.08,11.31,drought,drought,True,0.592,0.35,0.058,7,0,0.29,10
5,2025-07-15,0.0401,11.07,predicted,11.07,11.06,12.86,10.38,10.63,11.0,11.22,drought,drought,True,0.594,0.347,0.059,7,0,0.29,10
5,2025-07-16,0.0403,11.12,predicted,11.12,12.86,10.92,10.41,10.66,11.04,11.27,drought,drought,True,0.597,0.346,0.058,7,0,0.29,10
5,2025-07-17,0.0466,12.86,observed,12.86,10.98,10.75,10.41,10.72,11.06,11.23,drought,drought,True,0.6,0.341,0.059,7,0,0.29,10
5,2025-07-18,0.0415,11.45,predicted,11.45,11.48,11.22,10.85,11.16,11.54,11.66,drought,drought,True,0.596,0.345,0.059,7,0,0.57,6
5,2025-07-19,0.042,11.58,predicted,11.58,11.64,11.38,11.06,11.39,11.78,11.88,drought,drought,True,0.6,0.342,0.058,7,0,0.57,6
5,2025-07-20,0.0416,11.47,predicted,11.47,11.52,11.32,11.0,11.31,11.71,11.85,drought,drought,True,0.594,0.347,0.059,7,0,0.29,10
5,2025-07-21,0.0412,11.35,predicted,11.35,11.44,11.23,11.05,11.41,11.79,11.91,drought,drought,True,0.596,0.345,0.058,7,0,0.29,10
5,2025-07-22,0.0407,11.23,predicted,11.23,11.34,11.16,11.04,11.4,11.79,11.92,drought,drought,True,0.604,0.339,0.056,7,0,0.29,10
5,2025-07-23,0.0408,11.24,predicted,11.24,11.38,11.22,11.17,11.55,11.95,17.01,drought,drought,True,0.611,0.334,0.055,7,0,0.29,10
5,2025-07-24,0.0413,11.39,predicted,11.39,11.55,11.41,11.37,11.76,17.01,12.3,drought,drought,True,0.612,0.332,0.056,7,0,0.29,10
5,2025-07-25,0.0413,11.39,predicted,11.39,11.52,11.4,11.29,17.01,12.08,12.23,drought,drought,True,0.604,0.338,0.058,7,0,0.29,10
5,2025-07-26,0.0413,11.39,predicted,11.39,11.5,11.4,17.01,11.59,12.02,12.21,drought,drought,True,0.602,0.339,0.058,7,0,0.29,10
5,2025-07-27,0.0412,11.35,predicted,11.35,11.48,17.01,11.23,11.58,11.99,12.16,drought,drought,True,0.596,0.344,0.06,7,0,0.29,10
5,2025-07-28,0.0419,11.56,predicted,11.56,17.01,11.53,11.27,11.57,12.0,12.22,drought,drought,True,0.594,0.347,0.059,7,0,0.29,10
5,2025-07-29,0.0617,17.01,observed,17.01,11.69,11.56,11.23,11.5,11.93,12.17,drought,drought,True,0.594,0.347,0.059,7,0,0.29,10
5,2025-07-30,0.0556,15.33,predicted,15.33,15.28,14.95,14.49,14.68,14.93,15.06,drought,drought,True,0.594,0.349,0.058,7,0,0.57,6
5,2025-07-31,0.0569,15.69,predicted,15.69,15.63,15.26,14.75,14.94,15.17,15.28,drought,drought,True,0.593,0.35,0.057,7,0,0.57,6
5,2025-08-01,0.0562,15.49,predicted,15.49,15.51,15.21,14.82,15.07,15.34,15.48,drought,drought,True,0.591,0.351,0.057,7,0,0.29,10
5,2025-08-02,0.0566,15.62,predicted,15.62,15.69,15.3,15.06,15.38,15.63,15.64,drought,drought,True,0.591,0.35,0.059,7,0,0.29,10
5,2025-08-03,0.0562,15.5,predicted,15.5,15.62,15.25,15.18,15.53,15.82,15.76,drought,drought,True,0.587,0.353,0.06,7,0,0.29,10
5,2025-08-04,0.0551,15.19,predicted,15.19,15.37,15.06,15.18,15.58,15.91,14.66,drought,drought,True,0.584,0.355,0.061,7,0,0.29,10
5,2025-08-05,0.0566,15.6,predicted,15.6,15.82,15.55,15.7,16.09,14.66,16.38,drought,drought,True,0.59,0.348,0.062,7,0,0.29,10
5,2025-08-06,0.0559,15.43,predicted,15.43,15.63,15.44,15.55,14.66,16.34,16.31,drought,drought,True,0.591,0.346,0.063,7,0,0.29,10
5,2025-08-07,0.056,15.43,predicted,15.43,15.59,15.43,14.66,15.7,16.13,16.19,drought,drought,True,0.591,0.346,0.063,7,0,0.29,10
5,2025-08-08,0.0554,15.29,predicted,15.29,15.42,14.66,15.15,15.45,15.83,15.95,drought,drought,True,0.59,0.347,0.063,7,0,0.29,10
5,2025-08-09,0.0553,15.25,predicted,15.25,14.66,15.17,15.05,15.36,15.69,15.82,drought,drought,True,0.589,0.348,0.062,7,0,0.29,10
5,2025-08-10,0.0532,14.66,observed,14.66,15.34,15.11,14.98,15.3,15.64,15.74,drought,drought,True,0.591,0.348,0.061,7,0,0.29,10
5,2025-08-11,0.0476,13.14,predicted,13.14,13.3,13.2,13.1,13.44,13.85,14.07,drought,drought,True,0.592,0.348,0.06,7,0,0.57,6
5,2025-08-12,0.0463,12.78,predicted,12.78,12.94,12.88,12.77,13.11,13.52,13.78,drought,drought,True,0.593,0.348,0.058,7,0,0.57,6
5,2025-08-13,0.0467,12.88,predicted,12.88,12.99,12.83,12.66,12.99,13.35,13.54,drought,drought,True,0.594,0.348,0.058,7,0,0.29,10
5,2025-08-14,0.0473,13.05,predicted,13.05,13.17,12.98,12.82,13.15,13.5,13.67,drought,drought,True,0.591,0.349,0.059,7,0,0.29,10
5,2025-08-15,0.0476,13.12,predicted,13.12,13.22,13.06,12.88,13.19,13.54,13.72,drought,drought,True,0.583,0.355,0.062,7,0,0.29,10
5,2025-08-16,0.0473,13.05,predicted,13.05,13.11,12.94,12.72,13.01,13.33,15.83,drought,drought,True,0.573,0.363,0.064,7,0,0.29,10
5,2025-08-17,0.0476,13.13,predicted,13.13,13.16,12.94,12.68,12.95,15.83,13.41,drought,drought,True,0.567,0.366,0.066,7,0,0.29,10
5,2025-08-18,0.048,13.24,predicted,13.24,13.3,13.07,12.84,15.83,13.46,13.59,drought,drought,True,0.574,0.361,0.065,7,0,0.29,10
5,2025-08-19,0.0473,13.03,predicted,13.03,13.08,12.89,15.83,12.91,13.24,13.42,drought,drought,True,0.584,0.355,0.061,7,0,0.29,10
5,2025-08-20,0.047,12.98,predicted,12.98,13.01,15.83,12.51,12.74,13.1,13.36,drought,drought,True,0.59,0.35,0.059,7,0,0.29,10
5,2025-08-21,0.0478,13.19,predicted,13.19,15.83,13.0,12.57,12.8,13.12,13.37,drought,drought,True,0.59,0.35,0.06,7,0,0.29,10
5,2025-08-22,0.0574,15.83,observed,15.83,13.47,13.2,12.74,12.98,13.29,13.47,drought,drought,True,0.588,0.352,0.06,7,0,0.29,10
5,2025-08-23,0.0521,14.36,predicted,14.36,14.34,14.0,13.59,13.84,14.09,14.2,drought,drought,True,0.59,0.35,0.06,7,0,0.57,6
5,2025-08-24,0.0515,14.2,predicted,14.2,14.2,13.87,13.52,13.79,14.04,14.15,drought,drought,True,0.589,0.351,0.061,7,0,0.57,6
5,2025-08-25,0.0508,14.01,predicted,14.01,14.02,13.77,13.39,13.63,13.92,14.1,drought,drought,True,0.585,0.354,0.061,7,0,0.29,10
5,2025-08-26,0.0519,14.32,predicted,14.32,14.32,14.02,13.6,13.84,14.12,14.26,drought,drought,True,0.586,0.353,0.061,7,0,0.29,10
5,2025-08-27,0.0504,13.89,predicted,13.89,13.89,13.64,13.27,13.51,13.78,13.97,drought,drought,True,0.59,0.349,0.061,7,0,0.29,10
5,2025-08-28,0.0497,13.71,predicted,13.71,13.7,13.46,13.1,13.34,13.6,15.64,drought,drought,True,0.591,0.347,0.062,7,0,0.29,10
5,2025-08-29,0.0499,13.75,predicted,13.75,13.76,13.49,13.14,13.4,15.64,13.85,drought,drought,True,0.596,0.342,0.062,7,0,0.29,10
5,2025-08-30,0.0503,13.87,predicted,13.87,13.89,13.62,13.24,15.64,13.77,13.96,drought,drought,True,0.601,0.338,0.061,7,0,0.29,10
5,2025-08-31,0.0506,13.96,predicted,13.96,13.98,13.69,15.64,13.61,13.88,14.03,drought,drought,True,0.6,0.339,0.062,7,0,0.29,10
6,2025-03-01,0.0397,18.93,predicted,18.93,19.25,19.0,19.46,19.86,20.26,24.97,drought,drought,True,0.49,0.419,0.091,5,0,0.29,10
6,2025-03-02,0.0412,19.62,predicted,19.62,20.02,19.78,20.34,20.75,24.97,20.95,drought,drought,True,0.509,0.401,0.089,2,0,0.29,10
6,2025-03-03,0.0413,19.69,predicted,19.69,20.1,19.94,20.43,24.97,21.38,21.15,drought,drought,True,0.524,0.388,0.088,2,0,0.29,10
6,2025-03-04,0.0413,19.71,predicted,19.71,20.08,19.94,24.97,20.67,21.22,21.06,drought,drought,True,0.525,0.387,0.088,2,0,0.29,10
6,2025-03-05,0.0409,19.52,predicted,19.52,19.82,24.97,19.89,20.22,20.7,20.65,drought,drought,True,0.521,0.391,0.087,3,0,0.29,10
6,2025-03-06,0.04,19.06,predicted,19.06,24.97,19.15,19.26,19.57,19.96,20.02,drought,drought,True,0.52,0.394,0.085,5,0,0.29,10
6,2025-03-07,0.0524,24.97,observed,24.97,18.95,18.77,18.8,19.1,19.41,19.52,normal,drought,False,0.52,0.396,0.083,6,0,0.29,10
6,2025-03-08,0.0473,22.57,predicted,22.57,22.6,22.16,21.96,22.12,22.21,22.19,normal,drought,False,0.517,0.4,0.083,0,0,0.57,6
6,2025-03-09,0.0475,22.63,predicted,22.63,22.63,22.13,21.9,22.06,22.1,22.07,normal,drought,False,0.513,0.404,0.084,0,0,0.57,6
6,2025-03-10,0.0464,22.13,predicted,22.13,22.26,21.86,21.78,22.03,22.17,22.18,normal,drought,False,0.506,0.408,0.086,0,0,0.29,10
6,2025-03-11,0.0473,22.57,predicted,22.57,22.76,22.25,22.26,22.57,22.77,22.55,normal,drought,False,0.495,0.414,0.092,0,0,0.29,10
6,2025-03-12,0.0485,23.1,predicted,23.1,23.46,22.97,23.36,23.74,24.11,23.68,normal,drought,False,0.499,0.407,0.095,0,0,0.29,10
6,2025-03-13,0.05,23.82,predicted,23.82,24.16,23.74,23.96,24.29,24.77,23.06,normal,drought,False,0.494,0.405,0.101,0,0,0.29,10
6,2025-03-14,0.0498,23.74,predicted,23.74,24.02,23.69,23.81,24.09,23.06,24.26,normal,drought,False,0.491,0.406,0.102,0,0,0.29,10
6,2025-03-15,0.0498,23.76,predicted,23.76,24.0,23.71,23.74,23.06,24.42,24.22,normal,drought,False,0.499,0.404,0.098,0,0,0.29,10
6,2025-03-16,0.0492,23.44,predicted,23.44,23.67,23.39,23.06,23.75,24.09,23.96,normal,drought,False,0.532,0.385,0.083,0,0,0.29,10
6,2025-03-17,0.0488,23.28,predicted,23.28,23.59,23.06,23.52,23.85,24.21,23.98,normal,drought,False,0.546,0.375,0.078,0,0,0.29,10
6,2025-03-18,0.0492,23.47,predicted,23.47,23.06,23.45,23.67,23.99,24.41,24.16,normal,drought,False,0.55,0.372,0.078,0,0,0.29,10
6,2025-03-19,0.0484,23.06,observed,23.06,23.82,23.47,23.51,23.79,24.19,23.98,normal,drought,False,0.543,0.378,0.08,0,0,0.29,10
6,2025-03-20,0.0451,21.52,predicted,21.52,21.83,21.6,21.81,22.15,22.57,22.47,normal,drought,False,0.539,0.381,0.08,0,0,0.57,6
6,2025-03-21,0.0449,21.43,predicted,21.43,21.71,21.43,21.52,21.85,22.26,22.16,normal,drought,False,0.533,0.386,0.082,0,0,0.57,6
6,2025-03-22,0.0452,21.57,predicted,21.57,21.73,21.38,21.26,21.51,21.84,21.75,normal,drought,False,0.521,0.395,0.084,0,0,0.29,10
6,2025-03-23,0.0451,21.52,predicted,21.52,21.66,21.26,21.13,21.39,21.67,21.56,normal,drought,False,0.511,0.402,0.087,0,0,0.29,10
6,2025-03-24,0.045,21.45,predicted,21.45,21.56,21.19,21.03,21.26,21.52,21.45,normal,drought,False,0.501,0.408,0.091,0,0,0.29,10
6,2025-03-25,0.0447,21.3,predicted,21.3,21.34,20.95,20.73,20.93,21.1,24.45,normal,drought,False,0.491,0.415,0.094,0,0,0.29,10
6,2025-03-26,0.0442,21.09,predicted,21.09,21.2,20.8,20.66,20.92,24.45,21.07,normal,drought,False,0.558,0.372,0.069,0,0,0.29,10
6,2025-03-27,0.0443,21.11,predicted,21.11,21.21,20.8,20.61,24.45,21.1,21.01,normal,drought,False,0.565,0.368,0.067,0,0,0.29,10
6,2025-03-28,0.0443,21.12,predicted,21.12,21.23,20.81,24.45,20.84,21.11,21.01,normal,drought,False,0.563,0.368,0.068,0,0,0.29,10
6,2025-03-29,0.0445,21.23,predicted,21.23,21.31,24.45,20.65,20.89,21.14,21.05,normal,drought,False,0.546,0.38,0.073,0,0,0.29,10
6,2025-03-30,0.0442,21.06,predicted,21.06,24.45,20.71,20.42,20.62,20.8,20.8,normal,drought,False,0.543,0.384,0.073,0,0,0.29,10
6,2025-03-31,0.0513,24.45,observed,24.45,21.08,20.68,20.37,20.57,20.74,20.74,normal,drought,False,0.567,0.367,0.066,0,0,0.29,10
6,2025-04-01,0.0466,22.24,predicted,22.24,22.22,21.73,21.33,21.5,21.62,21.56,normal,drought,False,0.581,0.356,0.063,0,0,0.57,6
6,2025-04-02,0.0474,22.58,predicted,22.58,22.61,22.04,21.75,21.96,22.09,21.9,normal,drought,False,0.581,0.354,0.065,0,0,0.57,6
6,2025-04-03,0.0471,22.46,predicted,22.46,22.61,22.1,22.04,22.32,22.59,22.33,normal,drought,False,0.602,0.339,0.06,0,0,0.29,10
6,2025-04-04,0.0491,23.41,predicted,23.41,23.76,23.29,23.59,23.94,24.38,23.99,normal,drought,False,0.619,0.32,0.06,0,0,0.29,10
6,2025-04-05,0.052,24.8,predicted,24.8,25.3,24.92,25.49,25.87,26.47,25.99,normal,drought,False,0.628,0.303,0.069,0,0,0.29,10
6,2025-04-06,0.0508,24.23,predicted,24.23,24.69,24.46,24.96,25.31,25.91,26.71,normal,drought,False,0.626,0.297,0.077,0,0,0.29,10
6,2025-04-07,0.0506,24.14,predicted,24.14,24.61,24.45,24.97,25.31,26.71,25.69,normal,drought,False,0.622,0.293,0.085,0,0,0.29,10
6,2025-04-08,0.0503,24.0,predicted,24.0,24.41,24.25,24.64,26.71,25.47,25.35,normal,drought,False,0.613,0.296,0.09,0,0,0.29,10
6,2025-04-09,0.049,23.35,predicted,23.35,23.66,23.47,26.71,23.9,24.32,24.29,normal,drought,False,0.605,0.305,0.09,0,0,0.29,10
6,2025-04-10,0.0478,22.81,predicted,22.81,23.04,26.71,22.82,23.09,23.41,23.41,normal,drought,False,0.595,0.316,0.089,0,0,0.29,10
6,2025-04-11,0.0468,22.3,predicted,22.3,26.71,22.22,22.3,22.61,22.89,22.83,normal,drought,False,0.584,0.328,0.088,0,0,0.29,10
6,2025-04-12,0.056,26.71,observed,26.71,22.58,22.17,22.16,22.46,22.75,22.61,normal,drought,False,0.57,0.341,0.089,0,0,0.29,10
6,2025-04-13,0.0516,24.6,predicted,24.6,24.74,24.23,24.05,24.26,24.51,24.28,normal,drought,False,0.56,0.351,0.089,0,0,0.57,6
6,2025-04-14,0.0526,25.06,predicted,25.06,25.19,24.64,24.39,24.59,24.85,24.57,normal,drought,False,0.541,0.366,0.093,0,0,0.57,6
6,2025-04-15,0.0526,25.1,predicted,25.1,25.3,24.82,24.7,24.95,25.29,24.99,normal,drought,False,0.507,0.387,0.106,0,0,0.29,10
6,2025-04-16,0.0529,25.21,predicted,25.21,25.38,24.92,24.75,24.98,25.31,25.03,normal,drought,False,0.455,0.416,0.13,0,0,0.29,10
6,2025-04-17,0.0536,25.54,predicted,25.54,25.7,25.27,25.08,25.31,25.64,25.36,normal,normal,True,0.401,0.441,0.158,0,0,0.29,10
6,2025-04-18,0.0535,25.52,predicted,25.52,25.66,25.24,25.02,25.24,25.56,23.56,normal,drought,False,0.442,0.435,0.124,0,0,0.29,10
6,2025-04-19,0.0526,25.1,predicted,25.1,25.18,24.71,24.44,24.62,23.56,24.65,normal,drought,False,0.537,0.387,0.076,0,0,0.29,10
6,2025-04-20,0.0525,25.05,predicted,25.05,25.12,24.65,24.38,23.56,24.76,24.57,normal,drought,False,0.539,0.387,0.075,0,0,0.29,10
6,2025-04-21,0.0522,24.89,predicted,24.89,24.94,24.45,23.56,24.31,24.49,24.32,normal,drought,False,0.567,0.369,0.064,0,0,0.29,10
6,2025-04-22,0.0518,24.72,predicted,24.72,24.79,23.56,23.99,24.18,24.36,24.16,normal,drought,False,0.582,0.357,0.06,0,0,0.29,10
6,2025-04-23,0.0519,24.75,predicted,24.75,23.56,24.33,24.14,24.35,24.57,24.33,normal,drought,False,0.583,0.356,0.061,0,0,0.29,10
6,2025-04-24,0.0494,23.56,observed,23.56,24.93,24.42,24.23,24.44,24.68,24.41,normal,drought,False,0.578,0.359,0.063,0,0,0.29,10
6,2025-04-25,0.0459,21.88,predicted,21.88,22.1,21.76,21.71,22.03,22.42,22.27,normal,drought,False,0.593,0.347,0.06,0,0,0.57,6
6,2025-04-26,0.0455,21.68,predicted,21.68,21.92,21.6,21.59,21.91,22.32,22.18,normal,drought,False,0.602,0.339,0.059,0,0,0.57,6
6,2025-04-27,0.0457,21.79,predicted,21.79,21.96,21.6,21.53,21.81,22.17,22.02,normal,drought,False,0.609,0.333,0.058,0,0,0.29,10
6,2025-04-28,0.046,21.95,predicted,21.95,22.16,21.8,21.85,22.15,22.51,22.33,normal,drought,False,0.61,0.331,0.059,0,0,0.29,10
6,2025-04-29,0.0465,22.15,predicted,22.15,22.42,22.07,22.19,22.51,22.92,22.71,normal,drought,False,0.621,0.322,0.057,0,0,0.29,10
6,2025-04-30,0.0469,22.36,predicted,22.36,22.71,22.39,22.66,23.01,23.49,30.66,normal,drought,False,0.627,0.315,0.058,0,0,0.29,10
6,2025-05-01,0.0472,22.5,predicted,22.5,22.92,22.65,23.08,23.47,30.66,23.72,normal,drought,False,0.629,0.31,0.061,0,0,0.29,10
6,2025-05-02,0.0475,22.65,predicted,22.65,23.0,22.75,22.93,30.66,23.83,23.6,normal,drought,False,0.624,0.313,0.063,0,0,0.29,10
6,2025-05-03,0.0468,22.34,predicted,22.34,22.64,22.42,30.66,22.83,23.33,23.19,normal,drought,False,0.618,0.318,0.064,0,0,0.29,10
6,2025-05-04,0.0464,22.13,predicted,22.13,22.38,30.66,22.13,22.42,22.86,22.77,normal,drought,False,0.612,0.324,0.064,0,0,0.29,10
6,2025-05-05,0.0466,22.21,predicted,22.21,30.66,22.11,21.96,22.22,22.59,22.53,normal,drought,False,0.601,0.335,0.064,0,0,0.29,10
6,2025-05-06,0.0643,30.66,observed,30.66,22.74,22.38,22.31,22.57,22.89,22.8,normal,drought,False,0.602,0.334,0.063,0,0,0.29,10
6,2025-05-07,0.0614,29.27,predicted,29.27,29.25,28.55,28.21,28.22,28.26,27.91,normal,drought,False,0.606,0.332,0.062,0,0,0.57,6
6,2025-05-08,0.0618,29.47,predicted,29.47,29.46,28.74,28.38,28.4,28.47,28.06,normal,drought,False,0.603,0.334,0.062,0,0,0.57,6
6,2025-05-09,0.0609,29.05,predicted,29.05,29.18,28.59,28.34,28.48,28.72,28.33,normal,drought,False,0.598,0.338,0.064,0,0,0.29,10
6,2025-05-10,0.0612,29.2,predicted,29.2,29.29,28.68,28.34,28.46,28.7,28.29,normal,drought,False,0.586,0.347,0.066,0,0,0.29,10
6,2025-05-11,0.0613,29.24,predicted,29.24,29.31,28.73,28.37,28.48,28.7,28.32,normal,drought,False,0.57,0.36,0.07,0,0,0.29,10
6,2025-05-12,0.0609,29.04,predicted,29.04,29.08,28.53,28.18,28.28,28.43,27.1,normal,drought,False,0.56,0.368,0.072,0,0,0.29,10
6,2025-05-13,0.0606,28.9,predicted,28.9,28.92,28.35,27.96,28.06,27.1,27.89,normal,drought,False,0.55,0.375,0.075,0,0,0.29,10
6,2025-05-14,0.0606,28.87,predicted,28.87,28.85,28.23,27.78,27.1,27.92,27.63,normal,drought,False,0.558,0.372,0.071,0,0,0.29,10
6,2025-05-15,0.0598,28.53,predicted,28.53,28.5,27.85,27.1,27.46,27.53,27.24,normal,drought,False,0.598,0.344,0.058,0,0,0.29,10
6,2025-05-16,0.0598,28.5,predicted,28.5,28.48,27.1,27.35,27.43,27.51,27.2,normal,drought,False,0.598,0.345,0.058,0,0,0.29,10
6,2025-05-17,0.0597,28.44,predicted,28.44,27.1,27.76,27.28,27.37,27.48,27.12,normal,drought,False,0.602,0.341,0.057,0,0,0.29,10
6,2025-05-18,0.0568,27.1,observed,27.1,28.3,27.63,27.35,27.5,27.74,27.25,normal,drought,False,0.607,0.336,0.057,0,0,0.29,10
6,2025-05-19,0.053,25.27,predicted,25.27,25.57,25.16,25.25,25.57,26.06,25.67,normal,drought,False,0.603,0.337,0.061,0,0,0.57,6
6,2025-05-20,0.0528,25.19,predicted,25.19,25.55,25.2,25.4,25.75,26.3,25.89,normal,drought,False,0.597,0.34,0.062,0,0,0.57,6
6,2025-05-21,0.0538,25.66,predicted,25.66,25.92,25.51,25.51,25.75,26.24,25.85,normal,drought,False,0.599,0.339,0.062,0,0,0.29,10
6,2025-05-22,0.0539,25.69,predicted,25.69,25.93,25.55,25.51,25.75,26.23,25.88,normal,drought,False,0.606,0.334,0.06,0,0,0.29,10
6,2025-05-23,0.0538,25.68,predicted,25.68,25.89,25.53,25.41,25.63,26.07,25.81,normal,drought,False,0.608,0.334,0.058,0,0,0.29,10
6,2025-05-24,0.0534,25.46,predicted,25.46,25.62,25.25,25.08,25.28,25.63,39.58,normal,drought,False,0.604,0.338,0.058,0,0,0.29,10
6,2025-05-25,0.0528,25.16,predicted,25.16,25.31,24.89,24.72,24.92,39.58,25.01,normal,drought,False,0.6,0.342,0.059,0,0,0.29,10
6,2025-05-26,0.053,25.26,predicted,25.26,25.42,24.94,24.77,39.58,25.33,25.02,normal,drought,False,0.599,0.343,0.058,0,0,0.29,10
6,2025-05-27,0.053,25.25,predicted,25.25,25.41,24.97,39.58,25.01,25.36,25.1,normal,drought,False,0.6,0.343,0.057,0,0,0.29,10
6,2025-05-28,0.053,25.27,predicted,25.27,25.45,39.58,24.84,25.06,25.42,25.14,normal,drought,False,0.598,0.345,0.057,0,0,0.29,10
6,2025-05-29,0.0531,25.3,predicted,25.3,39.58,25.03,24.81,25.01,25.32,25.15,normal,drought,False,0.591,0.352,0.057,0,0,0.29,10
6,2025-05-30,0.083,39.58,observed,39.58,25.26,24.86,24.62,24.81,25.05,24.95,normal,drought,False,0.582,0.357,0.06,0,0,0.29,10
6,2025-05-31,0.0793,37.8,predicted,37.8,37.51,36.46,35.62,35.3,34.99,34.31,normal,drought,False,0.565,0.368,0.067,0,0,0.57,6
6,2025-06-01,0.0817,38.97,predicted,38.97,38.68,37.59,36.7,36.35,36.07,35.31,normal,drought,False,0.574,0.361,0.064,0,0,0.57,6
6,2025-06-02,0.0803,38.3,predicted,38.3,38.24,37.34,36.68,36.53,36.53,35.78,normal,drought,False,0.576,0.36,0.064,0,0,0.29,10
6,2025-06-03,0.0798,38.04,predicted,38.04,37.95,37.1,36.47,36.32,36.26,35.62,normal,drought,False,0.596,0.346,0.058,0,0,0.29,10
6,2025-06-04,0.0797,38.02,predicted,38.02,37.92,37.06,36.41,36.25,36.18,35.54,normal,drought,False,0.6,0.344,0.057,0,0,0.29,10
6,2025-06-05,0.0791,37.72,predicted,37.72,37.6,36.76,36.11,35.95,35.84,32.21,normal,drought,False,0.606,0.339,0.056,0,0,0.29,10
6,2025-06-06,0.079,37.69,predicted,37.69,37.57,36.69,36.02,35.86,32.21,35.13,normal,drought,False,0.604,0.34,0.056,0,0,0.29,10
6,2025-06-07,0.079,37.65,predicted,37.65,37.52,36.65,35.99,32.21,35.73,35.1,normal,drought,False,0.599,0.343,0.057,0,0,0.29,10
6,2025-06-08,0.0788,37.55,predicted,37.55,37.43,36.57,32.21,35.79,35.67,35.08,normal,drought,False,0.602,0.341,0.057,0,0,0.29,10
6,2025-06-09,0.0786,37.45,predicted,37.45,37.31,32.21,35.82,35.67,35.5,34.96,normal,drought,False,0.606,0.337,0.056,0,0,0.29,10
6,2025-06-10,0.0785,37.44,predicted,37.44,32.21,36.42,35.76,35.6,35.43,34.88,normal,drought,False,0.604,0.338,0.057,0,0,0.29,10
6,2025-06-11,0.0676,32.21,observed,32.21,37.05,36.15,35.51,35.36,35.25,34.62,normal,drought,False,0.609,0.333,0.058,0,0,0.29,10
6,2025-06-12,0.0625,29.79,predicted,29.79,29.98,29.49,29.43,29.63,29.91,29.54,normal,drought,False,0.605,0.335,0.06,0,0,0.57,6
6,2025-06-13,0.0625,29.78,predicted,29.78,30.0,29.55,29.49,29.71,30.07,29.68,normal,drought,False,0.602,0.337,0.061,0,0,0.57,6
6,2025-06-14,0.0633,30.19,predicted,30.19,30.3,29.71,29.48,29.59,29.83,29.39,normal,drought,False,0.611,0.33,0.059,0,0,0.29,10
6,2025-06-15,0.0628,29.96,predicted,29.96,30.14,29.57,29.48,29.62,29.94,29.44,normal,drought,False,0.612,0.329,0.059,0,0,0.29,10
6,2025-06-16,0.0632,30.11,predicted,30.11,30.34,29.79,29.76,29.92,30.29,29.77,normal,drought,False,0.608,0.33,0.062,0,0,0.29,10
6,2025-06-17,0.0639,30.47,predicted,30.47,30.76,30.23,30.23,30.4,30.88,29.14,normal,drought,False,0.604,0.331,0.064,0,0,0.29,10
6,2025-06-18,0.0649,30.94,predicted,30.94,31.23,30.72,30.69,30.85,29.14,30.74,normal,drought,False,0.598,0.336,0.066,0,0,0.29,10
6,2025-06-19,0.0655,31.24,predicted,31.24,31.47,31.04,30.95,29.14,31.5,31.04,normal,drought,False,0.595,0.34,0.066,0,0,0.29,10
6,2025-06-20,0.0652,31.08,predicted,31.08,31.23,30.78,29.14,30.66,30.94,30.62,normal,drought,False,0.586,0.348,0.066,0,0,0.29,10
6,2025-06-21,0.0643,30.64,predicted,30.64,30.72,29.14,29.95,30.0,30.17,29.89,normal,drought,False,0.58,0.355,0.066,0,0,0.29,10
6,2025-06-22,0.0636,30.34,predicted,30.34,29.14,29.82,29.49,29.54,29.65,29.37,normal,drought,False,0.577,0.358,0.065,0,0,0.29,10
6,2025-06-23,0.0611,29.14,observed,29.14,30.22,29.62,29.24,29.3,29.37,29.09,normal,drought,False,0.574,0.362,0.064,0,0,0.29,10
6,2025-06-24,0.0572,27.26,predicted,27.26,27.38,26.9,26.65,26.84,27.05,26.84,normal,drought,False,0.567,0.368,0.065,0,0,0.57,6
6,2025-06-25,0.0564,26.88,predicted,26.88,26.96,26.49,26.23,26.4,26.58,26.41,normal,drought,False,0.559,0.375,0.065,0,0,0.57,6
6,2025-06-26,0.0565,26.92,predicted,26.92,26.94,26.36,25.98,26.11,26.21,25.99,normal,drought,False,0.572,0.365,0.063,0,0,0.29,10
6,2025-06-27,0.0563,26.83,predicted,26.83,26.86,26.25,25.9,26.04,26.16,25.89,normal,drought,False,0.563,0.371,0.066,0,0,0.29,10
6,2025-06-28,0.0567,27.04,predicted,27.04,27.06,26.45,26.07,26.2,26.33,26.03,normal,drought,False,0.546,0.384,0.07,0,0,0.29,10
6,2025-06-29,0.0568,27.07,predicted,27.07,27.1,26.47,26.1,26.23,26.4,36.86,normal,drought,False,0.557,0.375,0.068,0,0,0.29,10
6,2025-06-30,0.0569,27.11,predicted,27.11,27.14,26.55,26.19,26.32,36.86,26.18,normal,drought,False,0.567,0.368,0.065,0,0,0.29,10
6,2025-07-01,0.0568,27.09,predicted,27.09,27.12,26.59,26.23,36.86,26.52,26.28,normal,drought,False,0.587,0.353,0.06,0,0,0.29,10
6,2025-07-02,0.0562,26.79,predicted,26.79,26.8,26.28,36.86,26.04,26.15,26.0,normal,drought,False,0.603,0.34,0.057,0,0,0.29,10
6,2025-07-03,0.056,26.68,predicted,26.68,26.67,36.86,25.74,25.86,25.93,25.79,normal,drought,False,0.605,0.338,0.057,0,0,0.29,10
6,2025-07-04,0.056,26.69,predicted,26.69,36.86,26.08,25.66,25.77,25.83,25.66,normal,drought,False,0.604,0.339,0.057,0,0,0.29,10
6,2025-07-05,0.0773,36.86,observed,36.86,26.53,25.96,25.54,25.65,25.69,25.55,normal,drought,False,0.604,0.339,0.057,0,0,0.29,10
6,2025-07-06,0.0719,34.27,predicted,34.27,33.97,32.99,32.14,31.94,31.64,31.15,normal,drought,False,0.605,0.338,0.057,0,0,0.57,6
6,2025-07-07,0.0731,34.83,predicted,34.83,34.53,33.53,32.68,32.48,32.16,31.66,normal,drought,False,0.607,0.336,0.057,0,0,0.57,6
6,2025-07-08,0.0719,34.29,predicted,34.29,34.11,33.31,32.68,32.58,32.38,32.01,normal,drought,False,0.603,0.339,0.057,0,0,0.29,10
6,2025-07-09,0.072,34.35,predicted,34.35,34.17,33.34,32.67,32.58,32.38,31.98,normal,drought,False,0.604,0.338,0.058,0,0,0.29,10
6,2025-07-10,0.0722,34.41,predicted,34.41,34.22,33.36,32.65,32.55,32.38,31.92,normal,drought,False,0.601,0.341,0.059,0,0,0.29,10
6,2025-07-11,0.0723,34.49,predicted,34.49,34.31,33.42,32.7,32.6,32.47,40.35,normal,drought,False,0.6,0.342,0.058,0,0,0.29,10
6,2025-07-12,0.0722,34.4,predicted,34.4,34.24,33.39,32.72,32.63,40.35,32.01,normal,drought,False,0.599,0.343,0.057,0,0,0.29,10
6,2025-07-13,0.0721,34.37,predicted,34.37,34.2,33.36,32.7,40.35,32.49,32.0,normal,drought,False,0.6,0.342,0.058,0,0,0.29,10
6,2025-07-14,0.0718,34.24,predicted,34.24,34.08,33.27,40.35,32.56,32.42,31.99,normal,drought,False,0.598,0.344,0.058,0,0,0.29,10
6,2025-07-15,0.0717,34.21,predicted,34.21,34.05,40.35,32.66,32.57,32.42,32.0,normal,drought,False,0.6,0.341,0.059,0,0,0.29,10
6,2025-07-16,0.0719,34.3,predicted,34.3,40.35,33.34,32.74,32.65,32.51,32.08,normal,drought,False,0.602,0.34,0.058,0,0,0.29,10
6,2025-07-17,0.0846,40.35,observed,40.35,34.0,33.18,32.59,32.52,32.44,31.93,normal,drought,False,0.606,0.335,0.059,0,0,0.29,10
6,2025-07-18,0.0794,37.84,predicted,37.84,37.63,36.63,35.84,35.62,35.43,34.75,normal,drought,False,0.602,0.339,0.059,0,0,0.57,6
6,2025-07-19,0.0804,38.32,predicted,38.32,38.12,37.13,36.34,36.12,35.97,35.24,normal,drought,False,0.606,0.336,0.058,0,0,0.57,6
6,2025-07-20,0.0799,38.1,predicted,38.1,37.97,37.11,36.49,36.31,36.21,35.59,normal,drought,False,0.601,0.34,0.059,0,0,0.29,10
6,2025-07-21,0.0798,38.06,predicted,38.06,37.96,37.12,36.55,36.38,36.3,35.67,normal,drought,False,0.603,0.339,0.059,0,0,0.29,10
6,2025-07-22,0.0798,38.07,predicted,38.07,37.99,37.17,36.65,36.5,36.45,35.82,normal,drought,False,0.61,0.333,0.057,0,0,0.29,10
6,2025-07-23,0.0801,38.19,predicted,38.19,38.14,37.34,36.84,36.7,36.68,40.14,normal,drought,False,0.617,0.327,0.056,0,0,0.29,10
6,2025-07-24,0.0806,38.42,predicted,38.42,38.39,37.6,37.12,36.98,40.14,36.32,normal,drought,False,0.618,0.326,0.056,0,0,0.29,10
6,2025-07-25,0.0807,38.46,predicted,38.46,38.41,37.63,37.14,40.14,36.95,36.34,normal,drought,False,0.611,0.331,0.058,0,0,0.29,10
6,2025-07-26,0.0807,38.49,predicted,38.49,38.43,37.65,40.14,36.99,36.92,36.34,normal,drought,False,0.609,0.333,0.059,0,0,0.29,10
6,2025-07-27,0.0805,38.37,predicted,38.37,38.29,40.14,36.95,36.79,36.7,36.12,normal,drought,False,0.603,0.337,0.06,0,0,0.29,10
6,2025-07-28,0.0808,38.53,predicted,38.53,40.14,37.61,37.04,36.86,36.72,36.18,normal,drought,False,0.6,0.34,0.06,0,0,0.29,10
6,2025-07-29,0.0842,40.14,observed,40.14,38.3,37.47,36.84,36.65,36.46,35.94,normal,drought,False,0.601,0.34,0.059,0,0,0.29,10
6,2025-07-30,0.0804,38.35,predicted,38.35,38.19,37.33,36.64,36.46,36.25,35.71,normal,drought,False,0.6,0.342,0.058,0,0,0.57,6
6,2025-07-31,0.08,38.14,predicted,38.14,37.95,37.06,36.32,36.13,35.91,35.36,normal,drought,False,0.6,0.343,0.057,0,0,0.57,6
6,2025-08-01,0.0796,37.95,predicted,37.95,37.76,36.83,36.06,35.87,35.66,35.07,normal,drought,False,0.598,0.345,0.058,0,0,0.29,10
6,2025-08-02,0.0795,37.93,predicted,37.93,37.77,36.8,36.06,35.89,35.76,35.06,normal,drought,False,0.597,0.344,0.059,0,0,0.29,10
6,2025-08-03,0.0798,38.06,predicted,38.06,37.98,37.02,36.37,36.22,36.21,35.41,normal,drought,False,0.593,0.347,0.06,0,0,0.29,10
6,2025-08-04,0.0798,38.06,predicted,38.06,38.04,37.12,36.57,36.44,36.53,43.62,normal,drought,False,0.59,0.348,0.062,0,0,0.29,10
6,2025-08-05,0.0812,38.71,predicted,38.71,38.76,37.92,37.52,37.4,43.62,36.7,normal,drought,False,0.596,0.342,0.062,0,0,0.29,10
6,2025-08-06,0.0817,38.97,predicted,38.97,39.01,38.23,37.84,43.62,37.83,37.07,normal,drought,False,0.597,0.34,0.063,0,0,0.29,10
6,2025-08-07,0.0819,39.07,predicted,39.07,39.07,38.33,43.62,37.73,37.78,37.12,normal,drought,False,0.597,0.34,0.063,0,0,0.29,10
6,2025-08-08,0.0815,38.84,predicted,38.84,38.8,43.62,37.57,37.4,37.35,36.78,normal,drought,False,0.596,0.341,0.063,0,0,0.29,10
6,2025-08-09,0.081,38.6,predicted,38.6,43.62,37.76,37.22,37.05,36.96,36.39,normal,drought,False,0.596,0.341,0.063,0,0,0.29,10
6,2025-08-10,0.0915,43.62,observed,43.62,38.16,37.35,36.77,36.59,36.48,35.91,normal,drought,False,0.598,0.341,0.062,0,0,0.29,10
6,2025-08-11,0.0874,41.65,predicted,41.65,41.43,40.42,39.6,39.28,38.98,38.28,normal,drought,False,0.599,0.341,0.06,0,0,0.57,6
6,2025-08-12,0.0874,41.69,predicted,41.69,41.46,40.44,39.61,39.29,38.95,38.26,normal,drought,False,0.6,0.341,0.059,0,0,0.57,6
6,2025-08-13,0.0866,41.31,predicted,41.31,41.13,40.21,39.5,39.24,38.99,38.33,normal,drought,False,0.601,0.341,0.059,0,0,0.29,10
6,2025-08-14,0.0869,41.42,predicted,41.42,41.26,40.29,39.57,39.32,39.09,38.38,normal,drought,False,0.598,0.342,0.06,0,0,0.29,10
6,2025-08-15,0.0874,41.67,predicted,41.67,41.51,40.57,39.86,39.62,39.41,38.68,normal,drought,False,0.589,0.349,0.062,0,0,0.29,10
6,2025-08-16,0.0874,41.69,predicted,41.69,41.53,40.58,39.87,39.62,39.4,40.07,normal,drought,False,0.579,0.356,0.065,0,0,0.29,10
6,2025-08-17,0.0876,41.79,predicted,41.79,41.62,40.65,39.9,39.64,40.07,38.67,normal,drought,False,0.574,0.36,0.067,0,0,0.29,10
6,2025-08-18,0.0877,41.83,predicted,41.83,41.67,40.74,40.0,40.07,39.57,38.8,normal,drought,False,0.581,0.354,0.065,0,0,0.29,10
6,2025-08-19,0.0871,41.55,predicted,41.55,41.38,40.47,40.07,39.52,39.29,38.6,normal,drought,False,0.59,0.348,0.062,0,0,0.29,10
6,2025-08-20,0.0871,41.55,predicted,41.55,41.35,40.07,39.78,39.52,39.21,38.63,normal,drought,False,0.596,0.344,0.06,0,0,0.29,10
6,2025-08-21,0.0873,41.61,predicted,41.61,40.07,40.44,39.65,39.37,39.05,38.43,normal,drought,False,0.596,0.343,0.061,0,0,0.29,10
6,2025-08-22,0.084,40.07,observed,40.07,41.34,40.35,39.5,39.21,38.91,38.22,normal,drought,False,0.593,0.346,0.061,0,0,0.29,10
6,2025-08-23,0.0795,37.9,predicted,37.9,37.77,36.97,36.37,36.23,36.11,35.56,normal,drought,False,0.595,0.344,0.06,0,0,0.57,6
6,2025-08-24,0.0785,37.44,predicted,37.44,37.33,36.55,35.99,35.87,35.77,35.22,normal,drought,False,0.594,0.345,0.061,0,0,0.57,6
6,2025-08-25,0.0792,37.78,predicted,37.78,37.6,36.73,36.07,35.9,35.69,35.15,normal,drought,False,0.591,0.348,0.061,0,0,0.29,10
6,2025-08-26,0.0798,38.05,predicted,38.05,37.87,36.94,36.2,36.02,35.83,35.22,normal,drought,False,0.591,0.347,0.062,0,0,0.29,10
6,2025-08-27,0.0789,37.64,predicted,37.64,37.45,36.6,35.95,35.78,35.57,35.03,normal,drought,False,0.596,0.343,0.061,0,0,0.29,10
6,2025-08-28,0.0787,37.53,predicted,37.53,37.35,36.5,35.88,35.7,35.46,30.0,normal,drought,False,0.596,0.342,0.062,0,0,0.29,10
6,2025-08-29,0.0788,37.56,predicted,37.56,37.39,36.52,35.89,35.73,30.0,34.98,normal,drought,False,0.601,0.337,0.062,0,0,0.29,10
6,2025-08-30,0.0789,37.63,predicted,37.63,37.46,36.58,35.93,30.0,35.55,35.01,normal,drought,False,0.606,0.333,0.061,0,0,0.29,10
6,2025-08-31,0.079,37.65,predicted,37.65,37.48,36.59,30.0,35.77,35.58,35.0,normal,drought,False,0.605,0.333,0.062,0,0,0.29,10
7,2025-03-01,0.0321,23.86,predicted,23.86,24.16,23.75,24.11,24.43,24.73,16.03,normal,drought,False,0.559,0.343,0.098,0,0,0.29,10
7,2025-03-02,0.033,24.54,predicted,24.54,24.91,24.52,24.97,25.29,16.03,25.26,normal,drought,False,0.572,0.329,0.099,0,0,0.29,10
7,2025-03-03,0.0332,24.66,predicted,24.66,25.04,24.72,25.12,16.03,25.88,25.52,normal,drought,False,0.582,0.317,0.1,0,0,0.29,10
7,2025-03-04,0.0333,24.74,predicted,24.74,25.08,24.78,16.03,25.35,25.79,25.49,normal,drought,False,0.583,0.316,0.101,0,0,0.29,10
7,2025-03-05,0.0331,24.62,predicted,24.62,24.9,16.03,24.75,25.0,25.36,25.16,normal,drought,False,0.581,0.319,0.099,0,0,0.29,10
7,2025-03-06,0.0326,24.21,predicted,24.21,16.03,24.12,24.18,24.41,24.67,24.58,normal,drought,False,0.581,0.322,0.097,0,0,0.29,10
7,2025-03-07,0.0216,16.03,observed,16.03,24.07,23.73,23.72,23.94,24.11,24.08,normal,drought,False,0.58,0.325,0.095,0,0,0.29,10
7,2025-03-08,0.0191,14.17,predicted,14.17,14.62,15.0,15.54,16.03,16.52,17.07,normal,drought,False,0.577,0.329,0.094,0,0,0.57,6
7,2025-03-09,0.0178,13.22,predicted,13.22,13.65,14.02,14.54,15.02,15.48,16.06,normal,drought,False,0.573,0.333,0.094,0,0,0.57,6
7,2025-03-10,0.0179,13.34,predicted,13.34,13.42,13.17,13.12,13.42,13.6,13.82,normal,drought,False,0.567,0.338,0.096,0,0,0.29,10
7,2025-03-11,0.0179,13.3,predicted,13.3,13.4,13.08,13.32,13.7,13.74,13.83,normal,drought,False,0.555,0.344,0.101,0,0,0.29,10
7,2025-03-12,0.0183,13.62,predicted,13.62,13.86,13.58,14.33,14.82,14.85,14.75,normal,drought,False,0.555,0.338,0.106,0,0,0.29,10
7,2025-03-13,0.0193,14.34,predicted,14.34,14.55,14.25,14.63,15.03,15.23,17.98,normal,drought,False,0.553,0.335,0.112,0,0,0.29,10
7,2025-03-14,0.019,14.15,predicted,14.15,14.28,14.05,14.26,14.58,17.98,14.82,normal,drought,False,0.553,0.335,0.112,0,0,0.29,10
7,2025-03-15,0.0191,14.23,predicted,14.23,14.31,14.1,14.15,17.98,14.69,14.76,normal,drought,False,0.561,0.331,0.107,0,0,0.29,10
7,2025-03-16,0.019,14.14,predicted,14.14,14.25,14.04,17.98,14.51,14.73,14.82,normal,drought,False,0.589,0.317,0.094,0,0,0.29,10
7,2025-03-17,0.0186,13.81,predicted,13.81,14.02,17.98,14.35,14.77,14.92,14.95,normal,drought,False,0.6,0.309,0.091,0,0,0.29,10
7,2025-03-18,0.0192,14.24,predicted,14.24,17.98,14.26,14.67,15.09,15.34,15.32,normal,drought,False,0.603,0.306,0.091,0,0,0.29,10
7,2025-03-19,0.0242,17.98,observed,17.98,14.54,14.33,14.5,14.86,15.17,15.2,normal,drought,False,0.599,0.31,0.091,0,0,0.29,10
7,2025-03-20,0.0216,16.06,predicted,16.06,16.22,15.93,16.12,16.46,16.71,16.69,normal,drought,False,0.598,0.311,0.091,0,0,0.57,6
7,2025-03-21,0.0219,16.28,predicted,16.28,16.42,16.1,16.18,16.5,16.75,16.73,normal,drought,False,0.593,0.315,0.092,0,0,0.57,6
7,2025-03-22,0.0219,16.26,predicted,16.26,16.39,16.09,16.04,16.34,16.61,16.66,normal,drought,False,0.585,0.323,0.093,0,0,0.29,10
7,2025-03-23,0.0218,16.21,predicted,16.21,16.32,15.98,15.95,16.25,16.47,16.5,normal,drought,False,0.577,0.328,0.095,0,0,0.29,10
7,2025-03-24,0.0218,16.17,predicted,16.17,16.19,15.85,15.71,15.94,16.09,16.17,normal,drought,False,0.568,0.333,0.099,0,0,0.29,10
7,2025-03-25,0.0214,15.89,predicted,15.89,15.83,15.46,15.24,15.43,15.5,27.77,normal,drought,False,0.563,0.337,0.1,0,0,0.29,10
7,2025-03-26,0.0214,15.89,predicted,15.89,15.95,15.62,15.54,15.83,27.77,16.05,normal,drought,False,0.615,0.306,0.079,0,0,0.29,10
7,2025-03-27,0.0215,15.97,predicted,15.97,16.03,15.67,15.55,27.77,16.0,16.06,normal,drought,False,0.621,0.303,0.077,0,0,0.29,10
7,2025-03-28,0.0215,16.01,predicted,16.01,16.08,15.73,27.77,15.85,16.06,16.11,normal,drought,False,0.619,0.303,0.078,0,0,0.29,10
7,2025-03-29,0.0216,16.09,predicted,16.09,16.12,27.77,15.56,15.81,16.0,16.07,normal,drought,False,0.605,0.313,0.082,0,0,0.29,10
7,2025-03-30,0.0214,15.87,predicted,15.87,27.77,15.46,15.15,15.33,15.44,15.58,normal,drought,False,0.603,0.315,0.082,0,0,0.29,10
7,2025-03-31,0.0374,27.77,observed,27.77,15.92,15.57,15.26,15.46,15.59,15.74,normal,drought,False,0.621,0.303,0.076,0,0,0.29,10
7,2025-04-01,0.0329,24.46,predicted,24.46,24.13,23.32,22.65,22.59,22.35,22.21,normal,drought,False,0.633,0.295,0.072,0,0,0.57,6
7,2025-04-02,0.034,25.28,predicted,25.28,24.98,24.1,23.52,23.48,23.25,22.97,normal,drought,False,0.632,0.294,0.074,0,0,0.57,6
7,2025-04-03,0.034,25.25,predicted,25.25,25.37,24.76,24.69,24.91,25.06,24.73,normal,drought,False,0.649,0.282,0.069,0,0,0.29,10
7,2025-04-04,0.0352,26.16,predicted,26.16,26.46,25.9,26.17,26.45,26.78,26.32,normal,drought,False,0.659,0.268,0.073,0,0,0.29,10
7,2025-04-05,0.0371,27.58,predicted,27.58,28.03,27.56,28.07,28.38,28.86,28.32,normal,drought,False,0.657,0.259,0.084,0,0,0.29,10
7,2025-04-06,0.0365,27.12,predicted,27.12,27.55,27.21,27.67,27.95,28.44,38.71,normal,drought,False,0.652,0.254,0.094,0,0,0.29,10
7,2025-04-07,0.0365,27.1,predicted,27.1,27.52,27.26,27.73,28.0,38.71,28.18,normal,drought,False,0.644,0.252,0.105,0,0,0.29,10
7,2025-04-08,0.0363,27.0,predicted,27.0,27.37,27.1,27.44,38.71,28.08,27.87,normal,drought,False,0.636,0.253,0.112,0,0,0.29,10
7,2025-04-09,0.0355,26.37,predicted,26.37,26.63,26.32,38.71,26.65,26.94,26.82,normal,drought,False,0.631,0.256,0.112,0,0,0.29,10
7,2025-04-10,0.0347,25.78,predicted,25.78,25.97,38.71,25.59,25.8,25.99,25.9,normal,drought,False,0.627,0.263,0.111,0,0,0.29,10
7,2025-04-11,0.0338,25.15,predicted,25.15,38.71,24.91,24.96,25.19,25.34,25.21,normal,drought,False,0.619,0.271,0.11,0,0,0.29,10
7,2025-04-12,0.0521,38.71,observed,38.71,25.35,24.83,24.78,25.01,25.17,24.96,normal,drought,False,0.612,0.279,0.109,0,0,0.29,10
7,2025-04-13,0.0493,36.63,predicted,36.63,36.43,35.39,34.68,34.44,34.16,33.52,normal,drought,False,0.605,0.288,0.107,0,0,0.57,6
7,2025-04-14,0.0508,37.77,predicted,37.77,37.55,36.46,35.65,35.38,35.11,34.4,normal,drought,False,0.592,0.3,0.108,0,0,0.57,6
7,2025-04-15,0.0498,36.99,predicted,36.99,36.97,36.07,35.54,35.45,35.42,34.72,normal,drought,False,0.565,0.317,0.117,0,0,0.29,10
7,2025-04-16,0.0501,37.2,predicted,37.2,37.16,36.3,35.76,35.66,35.63,34.95,normal,drought,False,0.527,0.339,0.134,0,0,0.29,10
7,2025-04-17,0.0507,37.69,predicted,37.69,37.67,36.87,36.36,36.26,36.27,35.58,normal,drought,False,0.488,0.36,0.152,0,0,0.29,10
7,2025-04-18,0.0507,37.7,predicted,37.7,37.67,36.9,36.38,36.28,36.27,41.02,normal,drought,False,0.525,0.351,0.124,0,0,0.29,10
7,2025-04-19,0.05,37.12,predicted,37.12,37.03,36.21,35.64,35.51,41.02,34.81,normal,drought,False,0.599,0.317,0.085,0,0,0.29,10
7,2025-04-20,0.05,37.13,predicted,37.13,37.03,36.22,35.66,41.02,35.41,34.83,normal,drought,False,0.601,0.316,0.083,0,0,0.29,10
7,2025-04-21,0.0496,36.89,predicted,36.89,36.77,35.92,41.02,35.18,35.03,34.47,normal,drought,False,0.625,0.303,0.072,0,0,0.29,10
7,2025-04-22,0.0492,36.57,predicted,36.57,36.45,41.02,35.0,34.87,34.72,34.14,normal,drought,False,0.637,0.294,0.069,0,0,0.29,10
7,2025-04-23,0.0493,36.61,predicted,36.61,41.02,35.66,35.15,35.04,34.94,34.31,normal,drought,False,0.636,0.294,0.07,0,0,0.29,10
7,2025-04-24,0.0552,41.02,observed,41.02,36.77,35.9,35.39,35.29,35.22,34.56,normal,drought,False,0.632,0.295,0.072,0,0,0.29,10
7,2025-04-25,0.0528,39.2,predicted,39.2,39.08,38.11,37.44,37.23,37.11,36.33,normal,drought,False,0.644,0.286,0.07,0,0,0.57,6
7,2025-04-26,0.053,39.42,predicted,39.42,39.31,38.36,37.72,37.51,37.39,36.62,normal,drought,False,0.651,0.28,0.069,0,0,0.57,6
7,2025-04-27,0.0528,39.23,predicted,39.23,39.17,38.33,37.82,37.66,37.6,36.9,normal,drought,False,0.656,0.276,0.068,0,0,0.29,10
7,2025-04-28,0.053,39.39,predicted,39.39,39.37,38.54,38.1,37.95,37.92,37.19,normal,drought,False,0.657,0.274,0.07,0,0,0.29,10
7,2025-04-29,0.0532,39.54,predicted,39.54,39.57,38.75,38.38,38.23,38.23,37.5,normal,drought,False,0.665,0.266,0.069,0,0,0.29,10
7,2025-04-30,0.0535,39.75,predicted,39.75,39.84,39.04,38.74,38.61,38.69,31.18,normal,drought,False,0.668,0.261,0.072,0,0,0.29,10
7,2025-05-01,0.0537,39.87,predicted,39.87,40.01,39.25,39.05,38.94,31.18,38.28,normal,drought,False,0.666,0.257,0.077,0,0,0.29,10
7,2025-05-02,0.0542,40.29,predicted,40.29,40.39,39.63,39.3,31.18,39.27,38.51,normal,drought,False,0.661,0.259,0.079,0,0,0.29,10
7,2025-05-03,0.0539,40.06,predicted,40.06,40.1,39.37,31.18,38.81,38.84,38.17,normal,drought,False,0.658,0.262,0.08,0,0,0.29,10
7,2025-05-04,0.0536,39.8,predicted,39.8,39.78,31.18,38.54,38.36,38.31,37.69,normal,drought,False,0.653,0.267,0.08,0,0,0.29,10
7,2025-05-05,0.0537,39.88,predicted,39.88,31.18,38.99,38.4,38.19,38.07,37.46,normal,drought,False,0.645,0.276,0.079,0,0,0.29,10
7,2025-05-06,0.042,31.18,observed,31.18,39.95,39.1,38.54,38.33,38.17,37.54,normal,drought,False,0.647,0.276,0.077,0,0,0.29,10
7,2025-05-07,0.0401,29.78,predicted,29.78,30.04,29.73,29.87,30.1,30.36,30.18,normal,drought,False,0.65,0.274,0.076,0,0,0.57,6
7,2025-05-08,0.0383,28.45,predicted,28.45,28.73,28.43,28.58,28.86,29.16,28.97,normal,drought,False,0.648,0.276,0.076,0,0,0.57,6
7,2025-05-09,0.0393,29.19,predicted,29.19,29.3,28.68,28.45,28.58,28.74,28.36,normal,drought,False,0.643,0.28,0.077,0,0,0.29,10
7,2025-05-10,0.0395,29.34,predicted,29.34,29.42,28.77,28.46,28.57,28.72,28.32,normal,drought,False,0.634,0.287,0.079,0,0,0.29,10
7,2025-05-11,0.0396,29.42,predicted,29.42,29.48,28.85,28.52,28.62,28.75,28.38,normal,drought,False,0.622,0.296,0.082,0,0,0.29,10
7,2025-05-12,0.0394,29.25,predicted,29.25,29.28,28.69,28.34,28.43,28.51,41.02,normal,drought,False,0.614,0.302,0.084,0,0,0.29,10
7,2025-05-13,0.0392,29.14,predicted,29.14,29.13,28.52,28.14,28.22,41.02,27.97,normal,drought,False,0.608,0.307,0.085,0,0,0.29,10
7,2025-05-14,0.0392,29.12,predicted,29.12,29.07,28.41,27.98,41.02,28.01,27.72,normal,drought,False,0.616,0.304,0.08,0,0,0.29,10
7,2025-05-15,0.0387,28.75,predicted,28.75,28.7,28.02,41.02,27.64,27.63,27.34,normal,drought,False,0.648,0.284,0.067,0,0,0.29,10
7,2025-05-16,0.0387,28.72,predicted,28.72,28.68,41.02,27.54,27.61,27.61,27.3,normal,drought,False,0.648,0.285,0.067,0,0,0.29,10
7,2025-05-17,0.0385,28.63,predicted,28.63,41.02,27.9,27.46,27.54,27.57,27.22,normal,drought,False,0.652,0.282,0.066,0,0,0.29,10
7,2025-05-18,0.0552,41.02,observed,41.02,28.29,27.61,27.41,27.56,27.7,27.25,normal,drought,False,0.655,0.278,0.067,0,0,0.29,10
7,2025-05-19,0.0523,38.89,predicted,38.89,38.76,37.68,37.01,36.77,36.66,35.74,normal,drought,False,0.649,0.28,0.072,0,0,0.57,6
7,2025-05-20,0.054,40.14,predicted,40.14,40.05,38.98,38.37,38.11,38.04,37.06,normal,drought,False,0.645,0.282,0.073,0,0,0.57,6
7,2025-05-21,0.0534,39.65,predicted,39.65,39.69,38.89,38.49,38.35,38.45,37.64,normal,drought,False,0.648,0.28,0.072,0,0,0.29,10
7,2025-05-22,0.0534,39.66,predicted,39.66,39.69,38.92,38.49,38.33,38.42,37.65,normal,drought,False,0.654,0.275,0.071,0,0,0.29,10
7,2025-05-23,0.0534,39.69,predicted,39.69,39.68,38.93,38.44,38.27,38.3,37.61,normal,drought,False,0.657,0.274,0.069,0,0,0.29,10
7,2025-05-24,0.0531,39.48,predicted,39.48,39.42,38.66,38.14,37.95,37.88,46.44,normal,drought,False,0.655,0.276,0.068,0,1,0.29,10
7,2025-05-25,0.0525,39.02,predicted,39.02,38.95,38.15,37.6,37.4,46.44,36.69,normal,drought,False,0.653,0.278,0.068,0,1,0.29,10
7,2025-05-26,0.0524,38.95,predicted,38.95,38.89,38.03,37.44,46.44,37.2,36.49,normal,drought,False,0.652,0.28,0.068,0,1,0.29,10
7,2025-05-27,0.0525,39.04,predicted,39.04,38.97,38.12,46.44,37.36,37.29,36.61,normal,drought,False,0.654,0.279,0.067,0,1,0.29,10
7,2025-05-28,0.0525,39.04,predicted,39.04,38.97,46.44,37.52,37.34,37.28,36.57,normal,drought,False,0.652,0.281,0.067,0,1,0.29,10
7,2025-05-29,0.0528,39.24,predicted,39.24,46.44,38.28,37.68,37.49,37.36,36.74,normal,drought,False,0.646,0.287,0.067,0,1,0.29,10
7,2025-05-30,0.0625,46.44,observed,46.44,39.02,38.16,37.53,37.33,37.13,36.55,overflow,drought,False,0.637,0.293,0.07,0,1,0.29,10
7,2025-05-31,0.06,44.62,predicted,44.62,44.35,43.18,42.2,41.8,41.41,40.47,normal,drought,False,0.622,0.302,0.076,0,0,0.57,6
7,2025-06-01,0.0606,45.04,predicted,45.04,44.77,43.58,42.57,42.16,41.79,40.81,normal,drought,False,0.629,0.297,0.074,0,0,0.57,6
7,2025-06-02,0.0602,44.74,predicted,44.74,44.56,43.56,42.75,42.41,42.19,41.29,normal,drought,False,0.632,0.295,0.073,0,0,0.29,10
7,2025-06-03,0.0598,44.46,predicted,44.46,44.27,43.31,42.54,42.2,41.93,41.13,normal,drought,False,0.648,0.285,0.067,0,0,0.29,10
7,2025-06-04,0.0598,44.45,predicted,44.45,44.24,43.28,42.48,42.14,41.85,41.06,normal,drought,False,0.65,0.283,0.066,0,0,0.29,10
7,2025-06-05,0.0594,44.15,predicted,44.15,43.94,42.99,42.21,41.87,41.56,44.38,normal,drought,False,0.655,0.28,0.065,0,0,0.29,10
7,2025-06-06,0.0594,44.11,predicted,44.11,43.9,42.92,42.11,41.78,44.38,40.7,normal,drought,False,0.653,0.281,0.066,0,0,0.29,10
7,2025-06-07,0.0593,44.1,predicted,44.1,43.88,42.9,42.1,44.38,41.45,40.67,normal,drought,False,0.649,0.285,0.067,0,0,0.29,10
7,2025-06-08,0.0593,44.04,predicted,44.04,43.82,42.85,44.38,41.74,41.4,40.66,normal,drought,False,0.65,0.283,0.066,0,0,0.29,10
7,2025-06-09,0.0591,43.92,predicted,43.92,43.69,44.38,41.98,41.64,41.27,40.58,normal,drought,False,0.654,0.28,0.066,0,0,0.29,10
7,2025-06-10,0.0591,43.92,predicted,43.92,44.38,42.71,41.93,41.59,41.22,40.51,normal,drought,False,0.652,0.282,0.067,0,0,0.29,10
7,2025-06-11,0.0597,44.38,observed,44.38,43.37,42.4,41.65,41.33,41.03,40.26,normal,drought,False,0.656,0.277,0.067,0,0,0.29,10
7,2025-06-12,0.0559,41.51,predicted,41.51,41.43,40.58,40.08,39.87,39.76,39.01,normal,drought,False,0.652,0.279,0.069,0,0,0.57,6
7,2025-06-13,0.0567,42.17,predicted,42.17,42.11,41.27,40.77,40.57,40.5,39.71,normal,drought,False,0.648,0.281,0.071,0,0,0.57,6
7,2025-06-14,0.0569,42.27,predicted,42.27,42.18,41.29,40.72,40.47,40.34,39.56,normal,drought,False,0.656,0.275,0.069,0,0,0.29,10
7,2025-06-15,0.0565,41.98,predicted,41.98,41.94,41.08,40.59,40.37,40.32,39.48,normal,drought,False,0.656,0.273,0.071,0,0,0.29,10
7,2025-06-16,0.0566,42.07,predicted,42.07,42.08,41.25,40.84,40.63,40.63,39.78,normal,drought,False,0.653,0.273,0.074,0,0,0.29,10
7,2025-06-17,0.057,42.38,predicted,42.38,42.43,41.61,41.21,41.0,41.1,48.0,normal,drought,False,0.649,0.274,0.077,0,1,0.29,10
7,2025-06-18,0.0576,42.81,predicted,42.81,42.87,42.06,41.64,41.42,48.0,40.61,normal,drought,False,0.644,0.276,0.08,0,1,0.29,10
7,2025-06-19,0.0582,43.25,predicted,43.25,43.26,42.51,42.06,48.0,41.83,41.04,normal,drought,False,0.642,0.279,0.079,0,1,0.29,10
7,2025-06-20,0.0581,43.17,predicted,43.17,43.1,42.35,48.0,41.53,41.41,40.74,normal,drought,False,0.638,0.285,0.077,0,1,0.29,10
7,2025-06-21,0.0575,42.71,predicted,42.71,42.59,48.0,41.2,40.89,40.68,40.06,normal,drought,False,0.635,0.289,0.076,0,1,0.29,10
7,2025-06-22,0.057,42.38,predicted,42.38,48.0,41.37,40.71,40.4,40.14,39.52,normal,drought,False,0.633,0.293,0.075,0,1,0.29,10
7,2025-06-23,0.0646,48.0,observed,48.0,42.07,41.16,40.44,40.14,39.84,39.2,overflow,drought,False,0.63,0.296,0.074,0,1,0.29,10
7,2025-06-24,0.0618,45.92,predicted,45.92,45.62,44.47,43.43,42.99,42.53,41.65,overflow,drought,False,0.622,0.303,0.075,0,2,0.57,6
7,2025-06-25,0.0621,46.12,predicted,46.12,45.78,44.62,43.57,43.12,42.6,41.74,overflow,drought,False,0.617,0.308,0.074,0,2,0.57,6
7,2025-06-26,0.0613,45.55,predicted,45.55,45.29,44.28,43.42,43.03,42.63,41.86,overflow,drought,False,0.627,0.301,0.072,0,2,0.29,10
7,2025-06-27,0.0611,45.44,predicted,45.44,45.19,44.16,43.31,42.94,42.56,41.74,overflow,drought,False,0.619,0.307,0.074,0,1,0.29,10
7,2025-06-28,0.0616,45.78,predicted,45.78,45.54,44.49,43.61,43.24,42.88,42.01,overflow,drought,False,0.606,0.316,0.078,0,2,0.29,10
7,2025-06-29,0.0616,45.75,predicted,45.75,45.53,44.48,43.61,43.24,42.93,46.96,overflow,drought,False,0.614,0.309,0.076,0,3,0.29,10
7,2025-06-30,0.0617,45.86,predicted,45.86,45.64,44.62,43.78,43.42,46.96,42.22,overflow,drought,False,0.624,0.303,0.074,0,3,0.29,10
7,2025-07-01,0.0617,45.87,predicted,45.87,45.63,44.67,43.87,46.96,43.16,42.36,overflow,drought,False,0.639,0.292,0.068,0,3,0.29,10
7,2025-07-02,0.0613,45.52,predicted,45.52,45.27,44.37,46.96,43.24,42.85,42.17,overflow,drought,False,0.651,0.283,0.066,0,2,0.29,10
7,2025-07-03,0.061,45.36,predicted,45.36,45.1,46.96,43.41,43.03,42.61,41.94,overflow,drought,False,0.652,0.282,0.066,0,2,0.29,10
7,2025-07-04,0.061,45.32,predicted,45.32,46.96,44.09,43.27,42.89,42.48,41.77,overflow,drought,False,0.651,0.283,0.066,0,2,0.29,10
7,2025-07-05,0.0632,46.96,observed,46.96,44.94,43.99,43.19,42.81,42.37,41.7,overflow,drought,False,0.65,0.284,0.066,0,1,0.29,10
7,2025-07-06,0.0595,44.18,predicted,44.18,43.92,43.0,42.23,41.89,41.5,40.85,normal,drought,False,0.651,0.283,0.065,0,0,0.57,6
7,2025-07-07,0.0592,43.98,predicted,43.98,43.72,42.82,42.07,41.74,41.34,40.71,normal,drought,False,0.652,0.283,0.065,0,0,0.57,6
7,2025-07-08,0.0592,44.01,predicted,44.01,43.72,42.77,41.98,41.63,41.17,40.56,normal,drought,False,0.649,0.286,0.066,0,0,0.29,10
7,2025-07-09,0.0593,44.07,predicted,44.07,43.77,42.8,41.97,41.62,41.16,40.52,normal,drought,False,0.648,0.286,0.066,0,0,0.29,10
7,2025-07-10,0.0594,44.11,predicted,44.11,43.81,42.82,41.95,41.59,41.16,40.47,normal,drought,False,0.645,0.288,0.066,0,0,0.29,10
7,2025-07-11,0.0594,44.15,predicted,44.15,43.86,42.84,41.96,41.61,41.23,51.04,normal,drought,False,0.647,0.288,0.065,0,1,0.29,10
7,2025-07-12,0.0594,44.14,predicted,44.14,43.86,42.88,42.04,41.69,51.04,40.57,normal,drought,False,0.646,0.289,0.065,0,1,0.29,10
7,2025-07-13,0.0593,44.07,predicted,44.07,43.8,42.84,42.03,51.04,41.3,40.59,normal,drought,False,0.648,0.288,0.064,0,1,0.29,10
7,2025-07-14,0.0591,43.95,predicted,43.95,43.68,42.75,51.04,41.65,41.26,40.6,normal,drought,False,0.648,0.288,0.064,0,1,0.29,10
7,2025-07-15,0.0591,43.93,predicted,43.93,43.66,51.04,42.01,41.67,41.28,40.63,normal,drought,False,0.649,0.287,0.065,0,1,0.29,10
7,2025-07-16,0.0592,44.03,predicted,44.03,51.04,42.85,42.1,41.75,41.36,40.71,normal,drought,False,0.65,0.285,0.064,0,1,0.29,10
7,2025-07-17,0.0687,51.04,observed,51.04,43.6,42.67,41.92,41.59,41.26,40.53,overflow,drought,False,0.653,0.282,0.065,0,1,0.29,10
7,2025-07-18,0.0643,47.81,predicted,47.81,47.47,46.33,45.32,44.83,44.35,43.43,overflow,drought,False,0.652,0.283,0.065,0,4,0.57,6
7,2025-07-19,0.065,48.3,predicted,48.3,47.98,46.84,45.83,45.33,44.89,43.92,overflow,drought,False,0.655,0.28,0.064,0,5,0.57,6
7,2025-07-20,0.0648,48.16,predicted,48.16,47.96,47.13,46.47,46.05,45.74,44.97,overflow,drought,False,0.653,0.282,0.065,0,6,0.29,10
7,2025-07-21,0.0648,48.12,predicted,48.12,47.94,47.12,46.51,46.09,45.8,45.02,overflow,drought,False,0.655,0.28,0.065,0,6,0.29,10
7,2025-07-22,0.0648,48.15,predicted,48.15,47.99,47.19,46.6,46.2,45.93,45.15,overflow,drought,False,0.66,0.276,0.064,0,6,0.29,10
7,2025-07-23,0.065,48.29,predicted,48.29,48.15,47.35,46.77,46.37,46.12,50.62,overflow,drought,False,0.664,0.272,0.065,0,7,0.29,10
7,2025-07-24,0.0653,48.52,predicted,48.52,48.4,47.6,47.03,46.63,50.62,45.59,overflow,drought,False,0.664,0.27,0.065,0,7,0.29,10
7,2025-07-25,0.0653,48.52,predicted,48.52,48.38,47.59,47.03,50.62,46.35,45.58,overflow,drought,False,0.659,0.274,0.067,0,7,0.29,10
7,2025-07-26,0.0654,48.57,predicted,48.57,48.41,47.63,50.62,46.63,46.33,45.59,overflow,drought,False,0.658,0.274,0.068,0,7,0.29,10
7,2025-07-27,0.0652,48.43,predicted,48.43,48.27,50.62,46.85,46.43,46.12,45.38,overflow,drought,False,0.654,0.277,0.069,0,7,0.29,10
7,2025-07-28,0.0654,48.59,predicted,48.59,50.62,47.59,46.95,46.52,46.16,45.46,overflow,drought,False,0.651,0.28,0.069,0,7,0.29,10
7,2025-07-29,0.0681,50.62,observed,50.62,48.27,47.44,46.74,46.3,45.9,45.21,overflow,drought,False,0.651,0.28,0.069,0,6,0.29,10
7,2025-07-30,0.0649,48.25,predicted,48.25,48.01,47.15,46.4,45.97,45.56,44.85,overflow,drought,False,0.648,0.283,0.069,0,6,0.57,6
7,2025-07-31,0.0646,48.01,predicted,48.01,47.76,46.86,46.06,45.63,45.21,44.5,overflow,drought,False,0.649,0.284,0.067,0,5,0.57,6
7,2025-08-01,0.0644,47.85,predicted,47.85,47.57,46.62,45.77,45.33,44.9,44.13,overflow,drought,False,0.647,0.286,0.067,0,5,0.29,10
7,2025-08-02,0.0643,47.81,predicted,47.81,47.57,46.59,45.76,45.33,44.99,44.12,overflow,drought,False,0.646,0.287,0.068,0,5,0.29,10
7,2025-08-03,0.0646,48.0,predicted,48.0,47.82,46.84,46.08,45.68,45.44,44.47,overflow,drought,False,0.641,0.289,0.069,0,6,0.29,10
7,2025-08-04,0.0645,47.96,predicted,47.96,47.83,46.89,46.21,45.82,45.65,50.2,overflow,drought,False,0.639,0.29,0.071,0,7,0.29,10
7,2025-08-05,0.0654,48.58,predicted,48.58,48.5,47.64,47.1,46.71,50.2,45.6,overflow,drought,False,0.643,0.285,0.072,0,7,0.29,10
7,2025-08-06,0.0657,48.81,predicted,48.81,48.74,47.93,47.4,50.2,46.87,45.95,overflow,drought,False,0.644,0.282,0.073,0,7,0.29,10
7,2025-08-07,0.0658,48.88,predicted,48.88,48.78,48.0,50.2,47.04,46.83,46.01,overflow,drought,False,0.645,0.281,0.073,0,7,0.29,10
7,2025-08-08,0.0655,48.67,predicted,48.67,48.53,50.2,47.17,46.74,46.47,45.71,overflow,drought,False,0.645,0.282,0.073,0,7,0.29,10
7,2025-08-09,0.0652,48.48,predicted,48.48,50.2,47.51,46.86,46.43,46.12,45.37,overflow,drought,False,0.646,0.281,0.073,0,7,0.29,10
7,2025-08-10,0.0676,50.2,observed,50.2,47.93,47.1,46.42,45.99,45.66,44.92,overflow,drought,False,0.65,0.279,0.071,0,6,0.29,10
7,2025-08-11,0.0641,47.63,predicted,47.63,47.44,46.62,45.96,45.55,45.21,44.5,overflow,drought,False,0.651,0.279,0.07,0,5,0.57,6
7,2025-08-12,0.0638,47.38,predicted,47.38,47.18,46.35,45.69,45.29,44.91,44.23,overflow,drought,False,0.652,0.279,0.069,0,4,0.57,6
7,2025-08-13,0.0637,47.3,predicted,47.3,47.08,46.19,45.47,45.07,44.68,43.95,overflow,drought,False,0.651,0.28,0.069,0,4,0.29,10
7,2025-08-14,0.0638,47.42,predicted,47.42,47.21,46.27,45.54,45.14,44.76,43.98,overflow,drought,False,0.647,0.283,0.071,0,4,0.29,10
7,2025-08-15,0.0642,47.71,predicted,47.71,47.51,46.59,45.87,45.47,45.12,44.31,overflow,drought,False,0.637,0.289,0.073,0,5,0.29,10
7,2025-08-16,0.0642,47.73,predicted,47.73,47.52,46.59,45.86,45.46,45.09,49.57,overflow,drought,False,0.629,0.296,0.075,0,6,0.29,10
7,2025-08-17,0.0644,47.82,predicted,47.82,47.6,46.65,45.89,45.48,49.57,44.29,overflow,drought,False,0.625,0.299,0.076,0,6,0.29,10
7,2025-08-18,0.0644,47.87,predicted,47.87,47.67,46.77,46.05,49.57,45.33,44.51,overflow,drought,False,0.63,0.294,0.075,0,6,0.29,10
7,2025-08-19,0.064,47.58,predicted,47.58,47.36,46.48,49.57,45.39,45.02,44.27,overflow,drought,False,0.64,0.29,0.071,0,5,0.29,10
7,2025-08-20,0.064,47.57,predicted,47.57,47.33,49.57,45.82,45.41,44.97,44.33,overflow,drought,False,0.643,0.287,0.07,0,5,0.29,10
7,2025-08-21,0.0641,47.62,predicted,47.62,49.57,46.45,45.69,45.27,44.82,44.13,overflow,drought,False,0.642,0.288,0.07,0,4,0.29,10
7,2025-08-22,0.0667,49.57,observed,49.57,47.32,46.37,45.54,45.11,44.68,43.93,overflow,drought,False,0.64,0.29,0.07,0,4,0.29,10
7,2025-08-23,0.063,46.85,predicted,46.85,46.6,45.69,44.93,44.53,44.15,43.4,overflow,drought,False,0.642,0.289,0.069,0,3,0.57,6
7,2025-08-24,0.0627,46.63,predicted,46.63,46.4,45.51,44.78,44.4,44.04,43.29,overflow,drought,False,0.642,0.29,0.069,0,3,0.57,6
7,2025-08-25,0.0629,46.76,predicted,46.76,46.51,45.61,44.89,44.49,44.08,43.37,overflow,drought,False,0.638,0.293,0.069,0,3,0.29,10
7,2025-08-26,0.0632,46.99,predicted,46.99,46.73,45.79,44.98,44.57,44.18,43.41,overflow,drought,False,0.639,0.292,0.069,0,3,0.29,10
7,2025-08-27,0.0628,46.64,predicted,46.64,46.38,45.5,44.78,44.38,43.97,43.28,overflow,drought,False,0.641,0.29,0.069,0,3,0.29,10
7,2025-08-28,0.0626,46.54,predicted,46.54,46.28,45.41,44.72,44.32,43.88,48.94,overflow,drought,False,0.642,0.289,0.07,0,4,0.29,10
7,2025-08-29,0.0627,46.58,predicted,46.58,46.32,45.44,44.74,44.35,48.94,43.24,overflow,drought,False,0.645,0.285,0.07,0,4,0.29,10
7,2025-08-30,0.0628,46.64,predicted,46.64,46.39,45.48,44.76,48.94,43.94,43.25,overflow,drought,False,0.648,0.283,0.069,0,4,0.29,10
7,2025-08-31,0.0628,46.66,predicted,46.66,46.41,45.5,48.94,44.37,43.97,43.23,overflow,drought,False,0.648,0.283,0.07,0,4,0.29,10
8,2025-03-01,0.0091,26.51,predicted,26.51,26.76,26.21,26.42,26.67,26.9,23.52,normal,drought,False,0.67,0.202,0.128,0,0,0.29,10
8,2025-03-02,0.0093,27.19,predicted,27.19,27.5,26.98,27.27,27.52,23.52,27.35,normal,drought,False,0.669,0.199,0.132,0,0,0.29,10
8,2025-03-03,0.0094,27.31,predicted,27.31,27.63,27.18,27.44,23.52,28.04,27.61,normal,drought,False,0.669,0.196,0.134,0,0,0.29,10
8,2025-03-04,0.0094,27.4,predicted,27.4,27.68,27.25,23.52,27.61,27.96,27.59,normal,drought,False,0.669,0.196,0.136,0,0,0.29,10
8,2025-03-05,0.0093,27.28,predicted,27.28,27.49,23.52,27.09,27.27,27.53,27.26,normal,drought,False,0.669,0.197,0.135,0,0,0.29,10
8,2025-03-06,0.0092,26.86,predicted,26.86,23.52,26.57,26.52,26.68,26.82,26.67,normal,drought,False,0.67,0.197,0.133,0,0,0.29,10
8,2025-03-07,0.0081,23.52,observed,23.52,26.64,26.16,26.04,26.19,26.24,26.15,normal,drought,False,0.671,0.198,0.131,0,0,0.29,10
8,2025-03-08,0.0071,20.76,predicted,20.76,21.01,20.86,21.02,21.37,21.58,21.79,normal,drought,False,0.671,0.199,0.129,0,0,0.57,6
8,2025-03-09,0.0069,20.08,predicted,20.08,20.32,20.14,20.28,20.63,20.81,21.05,normal,drought,False,0.671,0.2,0.129,0,0,0.57,6
8,2025-03-10,0.0069,20.26,predicted,20.26,20.33,19.86,19.75,20.0,20.01,20.09,normal,drought,False,0.669,0.201,0.13,3,0,0.29,10
8,2025-03-11,0.007,20.54,predicted,20.54,20.65,20.08,20.13,20.43,20.42,20.3,normal,drought,False,0.661,0.203,0.136,0,0,0.29,10
8,2025-03-12,0.0072,20.89,predicted,20.89,21.15,20.61,21.08,21.47,21.55,21.25,normal,drought,False,0.653,0.202,0.146,0,0,0.29,10
8,2025-03-13,0.0074,21.72,predicted,21.72,21.96,21.43,21.63,21.95,22.18,27.94,normal,drought,False,0.65,0.202,0.149,0,0,0.29,10
8,2025-03-14,0.0074,21.58,predicted,21.58,21.74,21.29,21.37,21.63,27.94,21.64,normal,drought,False,0.652,0.202,0.146,0,0,0.29,10
8,2025-03-15,0.0074,21.64,predicted,21.64,21.77,21.36,21.33,27.94,21.77,21.65,normal,drought,False,0.657,0.203,0.139,0,0,0.29,10
8,2025-03-16,0.0073,21.38,predicted,21.38,21.52,21.11,27.94,21.42,21.56,21.5,normal,drought,False,0.676,0.199,0.125,0,0,0.29,10
8,2025-03-17,0.0072,21.07,predicted,21.07,21.29,27.94,21.17,21.51,21.64,21.5,normal,drought,False,0.679,0.196,0.125,0,0,0.29,10
8,2025-03-18,0.0073,21.37,predicted,21.37,27.94,21.18,21.41,21.74,21.96,21.77,normal,drought,False,0.679,0.195,0.126,0,0,0.29,10
8,2025-03-19,0.0096,27.94,observed,27.94,21.68,21.24,21.27,21.55,21.78,21.64,normal,drought,False,0.678,0.196,0.126,0,0,0.29,10
8,2025-03-20,0.0088,25.79,predicted,25.79,25.86,25.23,25.12,25.26,25.32,25.04,normal,drought,False,0.677,0.196,0.127,0,0,0.57,6
8,2025-03-21,0.009,26.25,predicted,26.25,26.28,25.61,25.39,25.5,25.55,25.26,normal,drought,False,0.675,0.198,0.127,0,0,0.57,6
8,2025-03-22,0.0089,25.94,predicted,25.94,26.02,25.44,25.2,25.37,25.48,25.26,normal,drought,False,0.672,0.202,0.125,0,0,0.29,10
8,2025-03-23,0.0089,25.87,predicted,25.87,25.92,25.31,25.06,25.22,25.29,25.05,normal,drought,False,0.668,0.205,0.126,0,0,0.29,10
8,2025-03-24,0.0089,25.89,predicted,25.89,25.93,25.34,25.06,25.2,25.26,25.05,normal,drought,False,0.661,0.21,0.129,0,0,0.29,10
8,2025-03-25,0.0089,25.89,predicted,25.89,25.85,25.25,24.93,25.04,25.01,17.45,normal,drought,False,0.656,0.215,0.129,1,0,0.29,10
8,2025-03-26,0.0087,25.45,predicted,25.45,25.48,24.86,24.61,24.77,17.45,24.59,normal,drought,False,0.693,0.205,0.102,1,0,0.29,10
8,2025-03-27,0.0087,25.45,predicted,25.45,25.47,24.84,24.54,17.45,24.73,24.52,normal,drought,False,0.696,0.205,0.099,1,0,0.29,10
8,2025-03-28,0.0087,25.44,predicted,25.44,25.47,24.84,17.45,24.67,24.73,24.52,normal,drought,False,0.695,0.207,0.098,1,0,0.29,10
8,2025-03-29,0.0088,25.64,predicted,25.64,25.65,17.45,24.67,24.82,24.87,24.65,normal,drought,False,0.686,0.212,0.102,1,0,0.29,10
8,2025-03-30,0.0088,25.58,predicted,25.58,17.45,24.93,24.56,24.67,24.65,24.51,normal,drought,False,0.685,0.215,0.1,1,0,0.29,10
8,2025-03-31,0.006,17.45,observed,17.45,25.47,24.85,24.45,24.57,24.53,24.4,drought,drought,True,0.696,0.212,0.092,1,0,0.29,10
8,2025-04-01,0.0054,15.62,predicted,15.62,15.94,16.07,16.24,16.66,17.04,17.53,drought,drought,True,0.703,0.211,0.086,7,0,0.57,6
8,2025-04-02,0.0051,14.93,predicted,14.93,15.29,15.33,15.7,16.19,16.49,16.88,drought,drought,True,0.701,0.21,0.088,7,0,0.57,6
8,2025-04-03,0.0052,15.24,predicted,15.24,15.31,14.83,14.86,15.21,15.25,15.24,drought,drought,True,0.712,0.204,0.084,7,0,0.29,10
8,2025-04-04,0.0055,16.12,predicted,16.12,16.36,15.9,16.32,16.77,16.91,16.74,drought,drought,True,0.714,0.195,0.091,7,0,0.29,10
8,2025-04-05,0.0059,17.32,predicted,17.32,17.68,17.27,17.95,18.42,18.68,18.41,drought,drought,True,0.699,0.193,0.108,7,0,0.29,10
8,2025-04-06,0.0056,16.28,predicted,16.28,16.6,16.37,16.95,17.37,17.66,26.27,drought,drought,True,0.691,0.19,0.119,6,0,0.29,10
8,2025-04-07,0.0055,16.08,predicted,16.08,16.39,16.22,16.78,17.18,26.27,17.51,drought,drought,True,0.681,0.188,0.132,6,0,0.29,10
8,2025-04-08,0.0054,15.85,predicted,15.85,16.11,15.93,16.35,26.27,16.97,17.08,drought,drought,True,0.672,0.188,0.14,6,0,0.29,10
8,2025-04-09,0.0053,15.39,predicted,15.39,15.57,15.37,26.27,15.87,16.1,16.29,drought,drought,True,0.67,0.188,0.142,6,0,0.29,10
8,2025-04-10,0.0052,15.1,predicted,15.1,15.23,26.27,15.04,15.36,15.53,15.73,drought,drought,True,0.667,0.19,0.143,6,0,0.29,10
8,2025-04-11,0.005,14.69,predicted,14.69,26.27,14.55,14.74,15.11,15.22,15.37,drought,drought,True,0.663,0.19,0.147,6,0,0.29,10
8,2025-04-12,0.009,26.27,observed,26.27,15.02,14.66,14.77,15.15,15.29,15.36,normal,drought,False,0.66,0.192,0.148,6,0,0.29,10
8,2025-04-13,0.008,23.47,predicted,23.47,23.38,22.64,22.28,22.38,22.34,22.11,normal,drought,False,0.657,0.195,0.148,0,0,0.57,6
8,2025-04-14,0.0084,24.47,predicted,24.47,24.36,23.58,23.14,23.21,23.18,22.89,normal,drought,False,0.652,0.199,0.15,0,0,0.57,6
8,2025-04-15,0.0083,24.14,predicted,24.14,24.29,23.73,23.6,23.85,24.04,23.78,normal,drought,False,0.637,0.205,0.159,0,0,0.29,10
8,2025-04-16,0.0083,24.31,predicted,24.31,24.41,23.87,23.67,23.89,24.06,23.83,normal,drought,False,0.613,0.215,0.172,0,0,0.29,10
8,2025-04-17,0.0084,24.63,predicted,24.63,24.74,24.22,24.01,24.22,24.4,24.16,normal,drought,False,0.579,0.227,0.193,0,0,0.29,10
8,2025-04-18,0.0084,24.63,predicted,24.63,24.72,24.21,23.98,24.18,24.36,12.26,normal,drought,False,0.612,0.229,0.159,1,0,0.29,10
8,2025-04-19,0.0083,24.24,predicted,24.24,24.26,23.7,23.4,23.56,12.26,23.49,normal,drought,False,0.679,0.215,0.106,1,0,0.29,10
8,2025-04-20,0.0083,24.19,predicted,24.19,24.21,23.65,23.35,12.26,23.57,23.43,normal,drought,False,0.68,0.217,0.103,1,0,0.29,10
8,2025-04-21,0.0082,24.05,predicted,24.05,24.05,23.48,12.26,23.29,23.33,23.21,normal,drought,False,0.698,0.213,0.089,1,0,0.29,10
8,2025-04-22,0.0082,23.87,predicted,23.87,23.88,12.26,22.98,23.16,23.19,23.04,normal,drought,False,0.707,0.21,0.084,1,0,0.29,10
8,2025-04-23,0.0082,23.87,predicted,23.87,12.26,23.31,23.1,23.3,23.36,23.17,normal,drought,False,0.706,0.209,0.085,1,0,0.29,10
8,2025-04-24,0.0042,12.26,observed,12.26,23.97,23.35,23.15,23.34,23.41,23.19,drought,drought,True,0.702,0.211,0.087,1,0,0.29,10
8,2025-04-25,0.0038,11.13,predicted,11.13,11.62,12.09,12.77,13.31,13.78,14.44,drought,drought,True,0.709,0.208,0.083,7,0,0.57,6
8,2025-04-26,0.0035,10.13,predicted,10.13,10.61,11.13,11.82,12.36,12.83,13.51,drought,drought,True,0.712,0.206,0.082,7,0,0.57,6
8,2025-04-27,0.0036,10.56,predicted,10.56,10.62,10.36,10.28,10.62,10.82,10.97,drought,drought,True,0.714,0.205,0.082,7,0,0.29,10
8,2025-04-28,0.0036,10.55,predicted,10.55,10.63,10.37,10.47,10.85,11.0,11.12,drought,drought,True,0.714,0.202,0.084,7,0,0.29,10
8,2025-04-29,0.0037,10.73,predicted,10.73,10.86,10.59,10.78,11.2,11.38,11.46,drought,drought,True,0.718,0.198,0.084,7,0,0.29,10
8,2025-04-30,0.0037,10.72,predicted,10.72,10.91,10.69,11.1,11.57,11.72,28.79,drought,drought,True,0.717,0.193,0.089,6,0,0.29,10
8,2025-05-01,0.0036,10.65,predicted,10.65,10.89,10.73,11.4,11.91,28.79,12.05,drought,drought,True,0.712,0.19,0.098,6,0,0.29,10
8,2025-05-02,0.0037,10.69,predicted,10.69,10.87,10.72,11.0,28.79,11.66,11.78,drought,drought,True,0.707,0.192,0.101,6,0,0.29,10
8,2025-05-03,0.0036,10.51,predicted,10.51,10.64,10.51,28.79,11.04,11.3,11.47,drought,drought,True,0.705,0.192,0.103,6,0,0.29,10
8,2025-05-04,0.0036,10.5,predicted,10.5,10.61,28.79,10.47,10.82,11.08,11.28,drought,drought,True,0.702,0.194,0.104,6,0,0.29,10
8,2025-05-05,0.0037,10.85,predicted,10.85,28.79,10.71,10.53,10.81,11.08,11.31,drought,drought,True,0.698,0.199,0.103,6,0,0.29,10
8,2025-05-06,0.0099,28.79,observed,28.79,11.46,11.17,11.05,11.37,11.6,11.75,normal,drought,False,0.699,0.198,0.103,6,0,0.29,10
8,2025-05-07,0.0088,25.63,predicted,25.63,25.28,24.35,23.73,23.62,23.34,23.1,normal,drought,False,0.702,0.197,0.101,0,0,0.57,6
8,2025-05-08,0.0091,26.51,predicted,26.51,26.13,25.16,24.51,24.37,24.06,23.77,normal,drought,False,0.7,0.197,0.102,0,0,0.57,6
8,2025-05-09,0.0091,26.63,predicted,26.63,26.73,26.12,25.91,26.09,26.23,25.94,normal,drought,False,0.698,0.199,0.103,0,0,0.29,10
8,2025-05-10,0.0092,26.8,predicted,26.8,26.87,26.23,25.92,26.08,26.21,25.9,normal,drought,False,0.693,0.203,0.103,0,0,0.29,10
8,2025-05-11,0.0092,26.86,predicted,26.86,26.91,26.29,25.96,26.1,26.21,25.94,normal,drought,False,0.685,0.209,0.106,0,0,0.29,10
8,2025-05-12,0.0091,26.68,predicted,26.68,26.69,26.11,25.76,25.89,25.95,20.84,normal,drought,False,0.682,0.213,0.105,0,0,0.29,10
8,2025-05-13,0.0091,26.58,predicted,26.58,26.55,25.95,25.57,25.68,20.84,25.51,normal,drought,False,0.679,0.217,0.104,0,0,0.29,10
8,2025-05-14,0.0091,26.58,predicted,26.58,26.52,25.86,25.41,20.84,25.46,25.26,normal,drought,False,0.686,0.218,0.096,0,0,0.29,10
8,2025-05-15,0.009,26.27,predicted,26.27,26.21,25.54,20.84,25.19,25.16,24.96,normal,drought,False,0.709,0.211,0.08,0,0,0.29,10
8,2025-05-16,0.009,26.25,predicted,26.25,26.19,20.84,25.05,25.16,25.14,24.92,normal,drought,False,0.708,0.212,0.079,0,0,0.29,10
8,2025-05-17,0.009,26.17,predicted,26.17,20.84,25.43,24.98,25.1,25.1,24.85,normal,drought,False,0.71,0.212,0.078,0,0,0.29,10
8,2025-05-18,0.0071,20.84,observed,20.84,25.82,25.14,24.95,25.15,25.25,24.89,normal,drought,False,0.714,0.206,0.08,0,0,0.29,10
8,2025-05-19,0.0064,18.67,predicted,18.67,19.1,19.01,19.53,20.06,20.47,20.49,drought,drought,True,0.708,0.206,0.086,4,0,0.57,6
8,2025-05-20,0.0062,18.03,predicted,18.03,18.5,18.47,19.13,19.67,20.11,20.12,drought,drought,True,0.708,0.204,0.088,5,0,0.57,6
8,2025-05-21,0.0064,18.73,predicted,18.73,18.88,18.47,18.52,18.83,19.1,18.93,drought,drought,True,0.711,0.204,0.086,7,0,0.29,10
8,2025-05-22,0.0064,18.71,predicted,18.71,18.88,18.5,18.54,18.86,19.14,19.01,drought,drought,True,0.714,0.202,0.084,7,0,0.29,10
8,2025-05-23,0.0065,18.85,predicted,18.85,18.99,18.64,18.55,18.84,19.13,19.06,drought,drought,True,0.715,0.203,0.083,7,0,0.29,10
8,2025-05-24,0.0064,18.71,predicted,18.71,18.81,18.46,18.31,18.58,18.82,26.27,drought,drought,True,0.714,0.204,0.082,6,0,0.29,10
8,2025-05-25,0.0063,18.42,predicted,18.42,18.52,18.13,18.05,18.35,26.27,18.52,drought,drought,True,0.714,0.203,0.083,6,0,0.29,10
8,2025-05-26,0.0064,18.56,predicted,18.56,18.7,18.26,18.24,26.27,18.75,18.66,drought,drought,True,0.714,0.203,0.083,6,0,0.29,10
8,2025-05-27,0.0064,18.69,predicted,18.69,18.82,18.42,26.27,18.61,18.85,18.79,drought,drought,True,0.714,0.203,0.082,6,0,0.29,10
8,2025-05-28,0.0064,18.63,predicted,18.63,18.78,26.27,18.32,18.64,18.87,18.8,drought,drought,True,0.714,0.203,0.083,6,0,0.29,10
8,2025-05-29,0.0064,18.75,predicted,18.75,26.27,18.49,18.28,18.54,18.78,18.81,drought,drought,True,0.711,0.206,0.084,6,0,0.29,10
8,2025-05-30,0.009,26.27,observed,26.27,18.7,18.34,18.09,18.33,18.51,18.61,normal,drought,False,0.705,0.208,0.087,6,0,0.29,10
8,2025-05-31,0.0081,23.59,predicted,23.59,23.43,22.7,22.33,22.39,22.23,22.06,normal,drought,False,0.696,0.21,0.094,0,0,0.57,6
8,2025-06-01,0.0083,24.23,predicted,24.23,24.1,23.35,22.94,23.01,22.94,22.69,normal,drought,False,0.7,0.21,0.09,0,0,0.57,6
8,2025-06-02,0.0083,24.19,predicted,24.19,24.23,23.63,23.35,23.53,23.64,23.4,normal,drought,False,0.701,0.211,0.087,0,0,0.29,10
8,2025-06-03,0.0082,23.93,predicted,23.93,23.98,23.44,23.16,23.34,23.47,23.32,normal,drought,False,0.711,0.209,0.08,0,0,0.29,10
8,2025-06-04,0.0082,23.93,predicted,23.93,23.96,23.42,23.12,23.3,23.4,23.28,normal,drought,False,0.712,0.209,0.079,0,0,0.29,10
8,2025-06-05,0.0081,23.68,predicted,23.68,23.7,23.18,22.88,23.06,23.14,13.95,normal,drought,False,0.715,0.208,0.078,1,0,0.29,10
8,2025-06-06,0.0081,23.7,predicted,23.7,23.73,23.16,22.85,23.04,13.95,22.98,normal,drought,False,0.714,0.208,0.078,1,0,0.29,10
8,2025-06-07,0.0081,23.65,predicted,23.65,23.66,23.1,22.79,13.95,23.03,22.91,normal,drought,False,0.711,0.21,0.079,1,0,0.29,10
8,2025-06-08,0.0081,23.53,predicted,23.53,23.54,23.01,13.95,22.87,22.92,22.85,normal,drought,False,0.712,0.209,0.078,1,0,0.29,10
8,2025-06-09,0.008,23.43,predicted,23.43,23.43,13.95,22.56,22.73,22.75,22.72,normal,drought,False,0.714,0.208,0.078,1,0,0.29,10
8,2025-06-10,0.008,23.47,predicted,23.47,13.95,22.89,22.54,22.7,22.7,22.65,normal,drought,False,0.713,0.209,0.078,1,0,0.29,10
8,2025-06-11,0.0048,13.95,observed,13.95,23.32,22.69,22.43,22.64,22.65,22.51,drought,drought,True,0.716,0.205,0.078,1,0,0.29,10
8,2025-06-12,0.0041,11.91,predicted,11.91,12.39,12.74,13.51,14.11,14.46,15.03,drought,drought,True,0.714,0.204,0.082,7,0,0.57,6
8,2025-06-13,0.0039,11.43,predicted,11.43,11.9,12.29,12.92,13.46,13.92,14.49,drought,drought,True,0.71,0.205,0.084,7,0,0.57,6
8,2025-06-14,0.004,11.78,predicted,11.78,11.84,11.54,11.44,11.76,11.94,12.07,drought,drought,True,0.716,0.202,0.082,7,0,0.29,10
8,2025-06-15,0.0038,11.18,predicted,11.18,11.31,11.07,11.37,11.8,11.89,11.98,drought,drought,True,0.717,0.198,0.085,7,0,0.29,10
8,2025-06-16,0.0039,11.29,predicted,11.29,11.47,11.23,11.63,12.1,12.21,12.24,drought,drought,True,0.714,0.196,0.089,7,0,0.29,10
8,2025-06-17,0.0039,11.35,predicted,11.35,11.59,11.4,12.01,12.52,12.63,25.99,drought,drought,True,0.711,0.195,0.095,6,0,0.29,10
8,2025-06-18,0.0041,11.84,predicted,11.84,12.07,11.87,12.37,12.86,25.99,12.97,drought,drought,True,0.707,0.195,0.099,6,0,0.29,10
8,2025-06-19,0.0042,12.2,predicted,12.2,12.35,12.15,12.25,25.99,12.95,12.96,drought,drought,True,0.705,0.196,0.099,6,0,0.29,10
8,2025-06-20,0.0041,12.11,predicted,12.11,12.2,12.0,25.99,12.2,12.53,12.66,drought,drought,True,0.704,0.198,0.098,6,0,0.29,10
8,2025-06-21,0.0041,11.95,predicted,11.95,12.01,25.99,11.64,11.94,12.21,12.39,drought,drought,True,0.703,0.2,0.097,6,0,0.29,10
8,2025-06-22,0.0041,11.97,predicted,11.97,25.99,11.76,11.59,11.9,12.13,12.32,drought,drought,True,0.702,0.202,0.096,6,0,0.29,10
8,2025-06-23,0.0089,25.99,observed,25.99,12.13,11.86,11.61,11.89,12.12,12.33,normal,drought,False,0.701,0.204,0.095,6,0,0.29,10
8,2025-06-24,0.0078,22.72,predicted,22.72,22.38,21.55,20.87,20.84,20.62,20.48,normal,drought,False,0.697,0.207,0.096,0,0,0.57,6
8,2025-06-25,0.008,23.3,predicted,23.3,22.89,22.02,21.26,21.17,20.86,20.75,normal,drought,False,0.696,0.21,0.094,0,0,0.57,6
8,2025-06-26,0.008,23.42,predicted,23.42,23.42,22.84,22.49,22.66,22.69,22.6,normal,drought,False,0.701,0.209,0.09,0,0,0.29,10
8,2025-06-27,0.008,23.33,predicted,23.33,23.34,22.73,22.41,22.59,22.61,22.49,normal,drought,False,0.697,0.211,0.092,0,0,0.29,10
8,2025-06-28,0.0081,23.55,predicted,23.55,23.51,22.87,22.5,22.65,22.63,22.49,normal,drought,False,0.689,0.216,0.095,0,0,0.29,10
8,2025-06-29,0.0081,23.53,predicted,23.53,23.5,22.84,22.49,22.66,22.67,19.26,normal,drought,False,0.693,0.215,0.091,1,0,0.29,10
8,2025-06-30,0.0081,23.57,predicted,23.57,23.53,22.9,22.54,22.69,19.26,22.53,normal,drought,False,0.698,0.215,0.087,1,0,0.29,10
8,2025-07-01,0.0081,23.57,predicted,23.57,23.54,22.98,22.61,19.26,22.79,22.7,normal,drought,False,0.707,0.213,0.081,1,0,0.29,10
8,2025-07-02,0.008,23.25,predicted,23.25,23.22,22.7,19.26,22.49,22.51,22.5,normal,drought,False,0.713,0.209,0.077,1,0,0.29,10
8,2025-07-03,0.0079,23.17,predicted,23.17,23.13,19.26,22.2,22.35,22.33,22.34,normal,drought,False,0.714,0.209,0.077,1,0,0.29,10
8,2025-07-04,0.008,23.23,predicted,23.23,19.26,22.58,22.16,22.31,22.28,22.24,normal,drought,False,0.713,0.21,0.077,1,0,0.29,10
8,2025-07-05,0.0066,19.26,observed,19.26,23.06,22.49,22.06,22.2,22.16,22.16,drought,drought,True,0.713,0.21,0.077,1,0,0.29,10
8,2025-07-06,0.0058,16.97,predicted,16.97,17.13,16.99,16.87,17.19,17.42,17.77,drought,drought,True,0.713,0.211,0.076,7,0,0.57,6
8,2025-07-07,0.0056,16.39,predicted,16.39,16.56,16.45,16.34,16.66,16.91,17.29,drought,drought,True,0.714,0.21,0.076,7,0,0.57,6
8,2025-07-08,0.0057,16.71,predicted,16.71,16.64,16.18,15.67,15.84,15.89,16.09,drought,drought,True,0.713,0.211,0.076,7,0,0.29,10
8,2025-07-09,0.0058,16.8,predicted,16.8,16.72,16.24,15.71,15.87,15.91,16.1,drought,drought,True,0.712,0.212,0.076,7,0,0.29,10
8,2025-07-10,0.0058,16.94,predicted,16.94,16.83,16.31,15.76,15.92,15.93,16.09,drought,drought,True,0.71,0.214,0.076,7,0,0.29,10
8,2025-07-11,0.0059,17.16,predicted,17.16,17.07,16.5,15.96,16.16,16.18,24.34,drought,drought,True,0.71,0.216,0.074,6,0,0.29,10
8,2025-07-12,0.0058,16.94,predicted,16.94,16.84,16.33,15.8,15.98,24.34,16.12,drought,drought,True,0.71,0.217,0.074,6,0,0.29,10
8,2025-07-13,0.0058,16.83,predicted,16.83,16.75,16.24,15.74,24.34,15.96,16.08,drought,drought,True,0.712,0.216,0.073,6,0,0.29,10
8,2025-07-14,0.0057,16.64,predicted,16.64,16.56,16.08,24.34,15.78,15.82,15.97,drought,drought,True,0.712,0.216,0.072,6,0,0.29,10
8,2025-07-15,0.0057,16.53,predicted,16.53,16.46,24.34,15.51,15.71,15.74,15.89,drought,drought,True,0.713,0.214,0.073,6,0,0.29,10
8,2025-07-16,0.0057,16.6,predicted,16.6,24.34,16.04,15.56,15.76,15.8,15.95,drought,drought,True,0.713,0.214,0.073,6,0,0.29,10
8,2025-07-17,0.0083,24.34,observed,24.34,16.37,15.85,15.51,15.76,15.77,15.86,normal,drought,False,0.715,0.211,0.073,6,0,0.29,10
8,2025-07-18,0.0073,21.26,predicted,21.26,21.1,20.34,19.81,19.93,19.85,19.71,normal,drought,False,0.714,0.212,0.073,4,0,0.57,6
8,2025-07-19,0.0075,21.8,predicted,21.8,21.66,20.91,20.4,20.53,20.48,20.29,normal,drought,False,0.716,0.211,0.073,0,0,0.57,6
8,2025-07-20,0.0073,21.45,predicted,21.45,21.45,20.88,20.54,20.74,20.82,20.73,normal,drought,False,0.715,0.212,0.074,0,0,0.29,10
8,2025-07-21,0.0073,21.36,predicted,21.36,21.39,20.82,20.58,20.82,20.89,20.78,normal,drought,False,0.717,0.209,0.074,0,0,0.29,10
8,2025-07-22,0.0073,21.26,predicted,21.26,21.32,20.79,20.62,20.86,20.97,20.88,normal,drought,False,0.72,0.206,0.074,0,0,0.29,10
8,2025-07-23,0.0073,21.31,predicted,21.31,21.41,20.9,20.79,21.05,21.19,24.07,normal,drought,False,0.722,0.203,0.075,0,0,0.29,10
8,2025-07-24,0.0074,21.49,predicted,21.49,21.62,21.13,21.04,21.32,24.07,21.38,normal,drought,False,0.722,0.202,0.077,0,0,0.29,10
8,2025-07-25,0.0074,21.5,predicted,21.5,21.59,21.12,20.98,24.07,21.39,21.31,normal,drought,False,0.719,0.202,0.079,0,0,0.29,10
8,2025-07-26,0.0074,21.5,predicted,21.5,21.59,21.13,24.07,21.21,21.36,21.32,normal,drought,False,0.717,0.202,0.081,0,0,0.29,10
8,2025-07-27,0.0073,21.45,predicted,21.45,21.53,24.07,20.88,21.12,21.23,21.18,normal,drought,False,0.716,0.202,0.083,0,0,0.29,10
8,2025-07-28,0.0074,21.66,predicted,21.66,24.07,21.23,20.97,21.18,21.28,21.28,normal,drought,False,0.714,0.203,0.083,0,0,0.29,10
8,2025-07-29,0.0082,24.07,observed,24.07,21.7,21.2,20.88,21.08,21.15,21.18,normal,drought,False,0.713,0.204,0.083,0,0,0.29,10
8,2025-07-30,0.0074,21.65,predicted,21.65,21.65,21.15,20.78,20.96,21.01,21.04,normal,drought,False,0.711,0.206,0.083,0,0,0.57,6
8,2025-07-31,0.0074,21.61,predicted,21.61,21.59,21.06,20.64,20.82,20.86,20.88,normal,drought,False,0.711,0.208,0.081,0,0,0.57,6
8,2025-08-01,0.0074,21.53,predicted,21.53,21.49,20.93,20.5,20.68,20.69,20.69,normal,drought,False,0.71,0.209,0.081,0,0,0.29,10
8,2025-08-02,0.0074,21.57,predicted,21.57,21.57,20.93,20.61,20.84,20.86,20.73,normal,drought,False,0.711,0.208,0.082,0,0,0.29,10
8,2025-08-03,0.0074,21.46,predicted,21.46,21.51,20.89,20.72,20.97,21.05,20.84,normal,drought,False,0.708,0.208,0.084,0,0,0.29,10
8,2025-08-04,0.0072,21.15,predicted,21.15,21.25,20.68,20.68,20.97,21.1,18.48,normal,drought,False,0.709,0.206,0.085,1,0,0.29,10
8,2025-08-05,0.0074,21.69,predicted,21.69,21.85,21.31,21.36,21.65,18.48,21.59,normal,drought,False,0.709,0.203,0.088,1,0,0.29,10
8,2025-08-06,0.0074,21.61,predicted,21.61,21.77,21.31,21.32,18.48,21.83,21.64,normal,drought,False,0.709,0.202,0.089,1,0,0.29,10
8,2025-08-07,0.0074,21.68,predicted,21.68,21.8,21.36,18.48,21.5,21.71,21.61,normal,drought,False,0.709,0.203,0.088,1,0,0.29,10
8,2025-08-08,0.0074,21.51,predicted,21.51,21.6,18.48,21.0,21.23,21.38,21.35,normal,drought,False,0.709,0.203,0.088,1,0,0.29,10
8,2025-08-09,0.0073,21.42,predicted,21.42,18.48,21.03,20.85,21.08,21.17,21.15,normal,drought,False,0.71,0.203,0.087,1,0,0.29,10
8,2025-08-10,0.0063,18.48,observed,18.48,21.34,20.85,20.66,20.89,20.99,20.95,drought,drought,True,0.712,0.202,0.086,1,0,0.29,10
8,2025-08-11,0.0055,16.0,predicted,16.0,16.23,16.11,16.18,16.55,16.84,17.12,drought,drought,True,0.713,0.202,0.085,7,0,0.57,6
8,2025-08-12,0.0053,15.39,predicted,15.39,15.62,15.56,15.64,16.02,16.3,16.64,drought,drought,True,0.714,0.201,0.085,7,0,0.57,6
8,2025-08-13,0.0054,15.74,predicted,15.74,15.8,15.44,15.25,15.53,15.67,15.83,drought,drought,True,0.714,0.2,0.085,7,0,0.29,10
8,2025-08-14,0.0055,15.94,predicted,15.94,16.0,15.61,15.42,15.71,15.84,15.96,drought,drought,True,0.711,0.201,0.088,7,0,0.29,10
8,2025-08-15,0.0055,16.07,predicted,16.07,16.12,15.74,15.53,15.8,15.92,16.05,drought,drought,True,0.706,0.203,0.091,7,0,0.29,10
8,2025-08-16,0.0055,16.03,predicted,16.03,16.03,15.63,15.38,15.62,15.69,24.34,drought,drought,True,0.703,0.205,0.092,6,0,0.29,10
8,2025-08-17,0.0055,16.11,predicted,16.11,16.07,15.61,15.31,15.52,24.34,15.67,drought,drought,True,0.7,0.207,0.093,6,0,0.29,10
8,2025-08-18,0.0055,16.18,predicted,16.18,16.18,15.73,15.47,24.34,15.78,15.87,drought,drought,True,0.702,0.208,0.091,6,0,0.29,10
8,2025-08-19,0.0055,15.99,predicted,15.99,15.97,15.56,24.34,15.5,15.58,15.71,drought,drought,True,0.709,0.205,0.086,6,0,0.29,10
8,2025-08-20,0.0055,15.96,predicted,15.96,15.94,24.34,15.19,15.39,15.51,15.73,drought,drought,True,0.712,0.204,0.084,6,0,0.29,10
8,2025-08-21,0.0055,16.18,predicted,16.18,24.34,15.71,15.26,15.45,15.53,15.74,drought,drought,True,0.709,0.206,0.085,6,0,0.29,10
8,2025-08-22,0.0083,24.34,observed,24.34,16.39,15.9,15.42,15.61,15.66,15.81,normal,drought,False,0.708,0.209,0.084,6,0,0.29,10
8,2025-08-23,0.0074,21.48,predicted,21.48,21.24,20.47,19.86,19.92,19.75,19.67,normal,drought,False,0.709,0.208,0.083,4,0,0.57,6
8,2025-08-24,0.0074,21.71,predicted,21.71,21.5,20.73,20.18,20.26,20.1,19.99,normal,drought,False,0.709,0.208,0.082,1,0,0.57,6
8,2025-08-25,0.0074,21.47,predicted,21.47,21.43,20.86,20.47,20.64,20.64,20.64,normal,drought,False,0.708,0.21,0.082,0,0,0.29,10
8,2025-08-26,0.0075,21.8,predicted,21.8,21.74,21.12,20.67,20.83,20.82,20.77,normal,drought,False,0.706,0.212,0.082,0,0,0.29,10
8,2025-08-27,0.0073,21.33,predicted,21.33,21.28,20.72,20.34,20.51,20.49,20.51,normal,drought,False,0.709,0.21,0.081,0,0,0.29,10
8,2025-08-28,0.0073,21.18,predicted,21.18,21.12,20.57,20.2,20.37,20.33,13.95,normal,drought,False,0.709,0.209,0.081,1,0,0.29,10
8,2025-08-29,0.0073,21.23,predicted,21.23,21.18,20.61,20.25,20.42,13.95,20.41,normal,drought,False,0.711,0.208,0.082,1,0,0.29,10
8,2025-08-30,0.0073,21.34,predicted,21.34,21.3,20.72,20.34,13.95,20.5,20.51,normal,drought,False,0.712,0.207,0.081,1,0,0.29,10
8,2025-08-31,0.0073,21.4,predicted,21.4,21.36,20.77,13.95,20.58,20.56,20.54,normal,drought,False,0.712,0.207,0.081,1,0,0.29,10
9,2025-03-01,0.014,28.55,predicted,28.55,28.8,28.24,28.38,28.58,28.86,28.43,normal,drought,False,0.659,0.233,0.108,0,0,0.29,10
9,2025-03-02,0.0144,29.24,predicted,29.24,29.55,29.02,29.25,29.45,28.43,29.26,normal,drought,False,0.662,0.226,0.112,0,0,0.29,10
9,2025-03-03,0.0144,29.37,predicted,29.37,29.69,29.23,29.43,28.43,30.03,29.54,normal,drought,False,0.665,0.221,0.114,0,0,0.29,10
9,2025-03-04,0.0145,29.47,predicted,29.47,29.75,29.31,28.43,29.58,29.95,29.52,normal,drought,False,0.664,0.221,0.115,0,0,0.29,10
9,2025-03-05,0.0144,29.33,predicted,29.33,29.54,28.43,29.09,29.23,29.5,29.18,normal,drought,False,0.664,0.223,0.113,0,0,0.29,10
9,2025-03-06,0.0142,28.88,predicted,28.88,28.43,28.58,28.49,28.61,28.76,28.56,normal,drought,False,0.665,0.225,0.111,0,0,0.29,10
9,2025-03-07,0.014,28.43,observed,28.43,28.62,28.12,27.97,28.08,28.13,27.98,normal,drought,False,0.666,0.226,0.108,0,0,0.29,10
9,2025-03-08,0.0127,25.86,predicted,25.86,25.98,25.57,25.48,25.68,25.77,25.74,normal,drought,False,0.666,0.228,0.106,0,0,0.57,6
9,2025-03-09,0.0125,25.37,predicted,25.37,25.47,25.02,24.92,25.12,25.17,25.15,normal,drought,False,0.665,0.23,0.106,0,0,0.57,6
9,2025-03-10,0.0124,25.29,predicted,25.29,25.34,24.78,24.61,24.79,24.77,24.69,normal,drought,False,0.662,0.231,0.107,0,0,0.29,10
9,2025-03-11,0.0126,25.65,predicted,25.65,25.76,25.1,24.99,25.22,25.28,24.96,normal,drought,False,0.653,0.234,0.112,0,0,0.29,10
9,2025-03-12,0.0128,26.07,predicted,26.07,26.34,25.71,25.96,26.25,26.49,25.97,normal,drought,False,0.648,0.231,0.121,0,0,0.29,10
9,2025-03-13,0.0132,26.93,predicted,26.93,27.2,26.61,26.72,26.97,27.32,27.8,normal,drought,False,0.644,0.231,0.125,0,0,0.29,10
9,2025-03-14,0.0132,26.94,predicted,26.94,27.16,26.66,26.68,26.89,27.8,26.81,normal,drought,False,0.644,0.232,0.124,0,0,0.29,10
9,2025-03-15,0.0133,27.0,predicted,27.0,27.18,26.73,26.67,27.8,27.13,26.83,normal,drought,False,0.648,0.233,0.119,0,0,0.29,10
9,2025-03-16,0.0131,26.63,predicted,26.63,26.8,26.35,27.8,26.54,26.74,26.52,normal,drought,False,0.669,0.225,0.105,0,0,0.29,10
9,2025-03-17,0.0129,26.34,predicted,26.34,26.57,27.8,26.22,26.47,26.7,26.38,normal,drought,False,0.675,0.221,0.105,0,0,0.29,10
9,2025-03-18,0.013,26.53,predicted,26.53,27.8,26.29,26.4,26.64,26.91,26.58,normal,drought,False,0.676,0.219,0.105,0,0,0.29,10
9,2025-03-19,0.0137,27.8,observed,27.8,26.89,26.38,26.32,26.52,26.77,26.47,normal,drought,False,0.674,0.222,0.105,0,0,0.29,10
9,2025-03-20,0.0127,25.87,predicted,25.87,26.08,25.62,25.66,25.89,26.12,25.89,normal,drought,False,0.673,0.222,0.105,0,0,0.57,6
9,2025-03-21,0.0127,25.89,predicted,25.89,26.06,25.56,25.49,25.7,25.92,25.68,normal,drought,False,0.67,0.225,0.105,0,0,0.57,6
9,2025-03-22,0.0128,25.98,predicted,25.98,26.08,25.53,25.3,25.47,25.63,25.41,normal,drought,False,0.665,0.231,0.104,0,0,0.29,10
9,2025-03-23,0.0127,25.9,predicted,25.9,25.98,25.39,25.15,25.32,25.44,25.2,normal,drought,False,0.658,0.236,0.105,0,0,0.29,10
9,2025-03-24,0.0127,25.9,predicted,25.9,25.95,25.4,25.13,25.29,25.4,25.19,normal,drought,False,0.649,0.242,0.109,0,0,0.29,10
9,2025-03-25,0.0127,25.88,predicted,25.88,25.88,25.31,25.01,25.13,25.16,30.12,normal,drought,False,0.642,0.248,0.11,0,0,0.29,10
9,2025-03-26,0.0125,25.47,predicted,25.47,25.51,24.93,24.68,24.85,30.12,24.71,normal,drought,False,0.683,0.231,0.086,0,0,0.29,10
9,2025-03-27,0.0125,25.46,predicted,25.46,25.5,24.9,24.6,30.12,24.85,24.63,normal,drought,False,0.686,0.231,0.083,0,0,0.29,10
9,2025-03-28,0.0125,25.46,predicted,25.46,25.5,24.89,30.12,24.74,24.85,24.63,normal,drought,False,0.684,0.232,0.084,0,0,0.29,10
9,2025-03-29,0.0126,25.64,predicted,25.64,25.66,30.12,24.73,24.88,24.98,24.76,normal,drought,False,0.672,0.24,0.088,0,0,0.29,10
9,2025-03-30,0.0126,25.55,predicted,25.55,30.12,24.97,24.61,24.73,24.77,24.62,normal,drought,False,0.67,0.243,0.087,0,0,0.29,10
9,2025-03-31,0.0148,30.12,observed,30.12,25.47,24.89,24.5,24.62,24.63,24.5,normal,drought,False,0.682,0.238,0.08,0,0,0.29,10
9,2025-04-01,0.0136,27.61,predicted,27.61,27.49,26.76,26.23,26.27,26.19,25.95,normal,drought,False,0.69,0.235,0.075,0,0,0.57,6
9,2025-04-02,0.0138,27.98,predicted,27.98,27.9,27.12,26.67,26.74,26.69,26.32,normal,drought,False,0.688,0.235,0.078,0,0,0.57,6
9,2025-04-03,0.0136,27.68,predicted,27.68,27.75,27.04,26.82,26.98,27.1,26.68,normal,drought,False,0.701,0.226,0.073,0,0,0.29,10
9,2025-04-04,0.014,28.58,predicted,28.58,28.83,28.17,28.29,28.5,28.79,28.26,normal,drought,False,0.707,0.215,0.079,0,0,0.29,10
9,2025-04-05,0.0148,30.02,predicted,30.02,30.43,29.86,30.23,30.47,30.93,30.3,normal,drought,False,0.697,0.21,0.094,0,0,0.29,10
9,2025-04-06,0.0146,29.7,predicted,29.7,30.09,29.65,29.97,30.18,30.64,22.65,normal,drought,False,0.69,0.206,0.104,0,0,0.29,10
9,2025-04-07,0.0146,29.7,predicted,29.7,30.08,29.72,30.06,30.26,22.65,30.32,normal,drought,False,0.681,0.203,0.116,0,0,0.29,10
9,2025-04-08,0.0146,29.64,predicted,29.64,29.96,29.59,29.8,22.65,30.32,30.04,normal,drought,False,0.673,0.203,0.124,0,0,0.29,10
9,2025-04-09,0.0142,28.98,predicted,28.98,29.2,28.78,22.65,28.91,29.14,28.94,normal,drought,False,0.67,0.205,0.126,0,0,0.29,10
9,2025-04-10,0.0139,28.35,predicted,28.35,28.48,22.65,27.86,28.0,28.12,27.96,normal,drought,False,0.667,0.207,0.125,0,0,0.29,10
9,2025-04-11,0.0136,27.7,predicted,27.7,22.65,27.28,27.17,27.33,27.41,27.21,normal,drought,False,0.663,0.209,0.127,0,0,0.29,10
9,2025-04-12,0.0111,22.65,observed,22.65,27.79,27.16,26.95,27.11,27.21,26.91,normal,drought,False,0.66,0.213,0.127,0,0,0.29,10
9,2025-04-13,0.01,20.37,predicted,20.37,20.72,20.56,20.8,21.23,21.61,21.69,normal,drought,False,0.658,0.217,0.125,0,0,0.57,6
9,2025-04-14,0.0099,20.05,predicted,20.05,20.39,20.21,20.38,20.81,21.22,21.28,normal,drought,False,0.65,0.224,0.125,0,0,0.57,6
9,2025-04-15,0.0102,20.79,predicted,20.79,20.97,20.52,20.47,20.78,21.04,20.89,normal,drought,False,0.633,0.234,0.134,0,0,0.29,10
9,2025-04-16,0.0103,20.91,predicted,20.91,21.04,20.6,20.47,20.73,20.97,20.85,normal,drought,False,0.602,0.249,0.149,0,0,0.29,10
9,2025-04-17,0.0104,21.17,predicted,21.17,21.29,20.87,20.7,20.96,21.2,21.08,normal,drought,False,0.562,0.267,0.171,0,0,0.29,10
9,2025-04-18,0.0104,21.17,predicted,21.17,21.27,20.87,20.67,20.93,21.16,25.92,normal,drought,False,0.595,0.266,0.139,0,0,0.29,10
9,2025-04-19,0.0102,20.83,predicted,20.83,20.87,20.41,20.15,20.37,25.92,20.46,normal,drought,False,0.665,0.243,0.091,0,0,0.29,10
9,2025-04-20,0.0102,20.77,predicted,20.77,20.8,20.34,20.08,25.92,20.42,20.39,normal,drought,False,0.665,0.246,0.089,0,0,0.29,10
9,2025-04-21,0.0102,20.66,predicted,20.66,20.68,20.21,25.92,20.11,20.23,20.21,normal,drought,False,0.684,0.239,0.077,0,0,0.29,10
9,2025-04-22,0.0101,20.53,predicted,20.53,20.57,25.92,19.82,20.05,20.15,20.11,normal,drought,False,0.693,0.234,0.073,1,0,0.29,10
9,2025-04-23,0.0101,20.52,predicted,20.52,25.92,20.08,19.93,20.18,20.31,20.22,normal,drought,False,0.692,0.234,0.074,1,0,0.29,10
9,2025-04-24,0.0127,25.92,observed,25.92,20.57,20.06,19.91,20.15,20.27,20.17,normal,drought,False,0.688,0.236,0.076,1,0,0.29,10
9,2025-04-25,0.0116,23.67,predicted,23.67,23.65,23.01,22.7,22.84,22.93,22.67,normal,drought,False,0.696,0.232,0.072,0,0,0.57,6
9,2025-04-26,0.0118,24.01,predicted,24.01,24.01,23.38,23.1,23.26,23.37,23.1,normal,drought,False,0.7,0.229,0.071,0,0,0.57,6
9,2025-04-27,0.0117,23.77,predicted,23.77,23.89,23.4,23.27,23.5,23.73,23.53,normal,drought,False,0.703,0.226,0.071,0,0,0.29,10
9,2025-04-28,0.0118,23.91,predicted,23.91,24.07,23.58,23.56,23.82,24.05,23.81,normal,drought,False,0.704,0.224,0.073,0,0,0.29,10
9,2025-04-29,0.0118,24.1,predicted,24.1,24.31,23.83,23.89,24.16,24.44,24.18,normal,drought,False,0.709,0.218,0.073,0,0,0.29,10
9,2025-04-30,0.0119,24.27,predicted,24.27,24.56,24.11,24.31,24.62,24.96,25.92,normal,drought,False,0.711,0.213,0.076,0,0,0.29,10
9,2025-05-01,0.012,24.35,predicted,24.35,24.71,24.32,24.68,25.01,25.92,25.09,normal,drought,False,0.709,0.208,0.083,0,0,0.29,10
9,2025-05-02,0.0121,24.58,predicted,24.58,24.89,24.5,24.61,25.92,25.33,25.05,normal,drought,False,0.704,0.21,0.086,0,0,0.29,10
9,2025-05-03,0.0119,24.28,predicted,24.28,24.53,24.18,25.92,24.47,24.84,24.65,normal,drought,False,0.702,0.211,0.087,0,0,0.29,10
9,2025-05-04,0.0118,24.09,predicted,24.09,24.28,25.92,23.84,24.08,24.38,24.24,normal,drought,False,0.699,0.214,0.087,0,0,0.29,10
9,2025-05-05,0.0119,24.22,predicted,24.22,25.92,23.93,23.72,23.93,24.17,24.05,normal,drought,False,0.693,0.22,0.087,0,0,0.29,10
9,2025-05-06,0.0127,25.92,observed,25.92,24.71,24.22,24.08,24.29,24.47,24.32,normal,drought,False,0.695,0.22,0.086,0,0,0.29,10
9,2025-05-07,0.012,24.32,predicted,24.32,24.45,23.95,23.86,24.08,24.25,24.09,normal,drought,False,0.697,0.218,0.084,0,0,0.57,6
9,2025-05-08,0.0117,23.84,predicted,23.84,23.99,23.49,23.43,23.68,23.86,23.68,normal,drought,False,0.696,0.219,0.085,0,0,0.57,6
9,2025-05-09,0.0118,23.92,predicted,23.92,24.07,23.56,23.42,23.66,23.88,23.67,normal,drought,False,0.693,0.221,0.086,0,0,0.29,10
9,2025-05-10,0.0118,24.09,predicted,24.09,24.2,23.66,23.42,23.64,23.85,23.63,normal,drought,False,0.687,0.227,0.087,0,0,0.29,10
9,2025-05-11,0.0119,24.13,predicted,24.13,24.21,23.69,23.42,23.62,23.81,23.62,normal,drought,False,0.677,0.234,0.089,0,0,0.29,10
9,2025-05-12,0.0118,23.91,predicted,23.91,23.96,23.49,23.19,23.37,23.52,17.73,normal,drought,False,0.671,0.239,0.09,1,0,0.29,10
9,2025-05-13,0.0117,23.8,predicted,23.8,23.81,23.31,22.98,23.15,17.73,23.15,normal,drought,False,0.665,0.244,0.091,1,0,0.29,10
9,2025-05-14,0.0117,23.82,predicted,23.82,23.79,23.22,22.83,17.73,23.0,22.89,normal,drought,False,0.671,0.245,0.084,1,0,0.29,10
9,2025-05-15,0.0116,23.59,predicted,23.59,23.57,22.99,17.73,22.75,22.81,22.7,normal,drought,False,0.696,0.234,0.07,1,0,0.29,10
9,2025-05-16,0.0116,23.57,predicted,23.57,23.55,17.73,22.56,22.72,22.78,22.65,normal,drought,False,0.695,0.235,0.07,1,0,0.29,10
9,2025-05-17,0.0116,23.52,predicted,23.52,17.73,22.91,22.51,22.69,22.77,22.61,normal,drought,False,0.698,0.234,0.068,1,0,0.29,10
9,2025-05-18,0.0087,17.73,observed,17.73,23.28,22.68,22.57,22.84,23.0,22.72,drought,drought,True,0.702,0.228,0.07,1,0,0.29,10
9,2025-05-19,0.0079,15.99,predicted,15.99,16.45,16.48,17.07,17.63,18.09,18.2,drought,drought,True,0.697,0.228,0.075,7,0,0.57,6
9,2025-05-20,0.0075,15.31,predicted,15.31,15.8,15.88,16.61,17.19,17.66,17.76,drought,drought,True,0.697,0.227,0.076,7,0,0.57,6
9,2025-05-21,0.0078,15.93,predicted,15.93,16.09,15.78,15.87,16.21,16.53,16.43,drought,drought,True,0.699,0.226,0.075,7,0,0.29,10
9,2025-05-22,0.0078,15.94,predicted,15.94,16.11,15.83,15.9,16.25,16.59,16.52,drought,drought,True,0.703,0.223,0.073,7,0,0.29,10
9,2025-05-23,0.0079,16.1,predicted,16.1,16.24,15.97,15.9,16.22,16.57,16.56,drought,drought,True,0.704,0.224,0.072,7,0,0.29,10
9,2025-05-24,0.0078,15.97,predicted,15.97,16.08,15.81,15.67,15.96,16.28,11.45,drought,drought,True,0.703,0.225,0.071,7,0,0.29,10
9,2025-05-25,0.0077,15.71,predicted,15.71,15.82,15.52,15.47,15.8,11.45,16.1,drought,drought,True,0.703,0.225,0.072,7,0,0.29,10
9,2025-05-26,0.0078,15.88,predicted,15.88,16.03,15.69,15.71,11.45,16.32,16.29,drought,drought,True,0.703,0.225,0.072,7,0,0.29,10
9,2025-05-27,0.0079,16.01,predicted,16.01,16.15,15.84,11.45,16.08,16.39,16.39,drought,drought,True,0.704,0.225,0.071,7,0,0.29,10
9,2025-05-28,0.0078,15.95,predicted,15.95,16.1,11.45,15.77,16.11,16.4,16.4,drought,drought,True,0.703,0.225,0.071,7,0,0.29,10
9,2025-05-29,0.0079,16.04,predicted,16.04,11.45,15.88,15.67,15.94,16.26,16.35,drought,drought,True,0.699,0.229,0.071,7,0,0.29,10
9,2025-05-30,0.0056,11.45,observed,11.45,15.97,15.7,15.45,15.7,15.96,16.13,drought,drought,True,0.693,0.233,0.074,7,0,0.29,10
9,2025-05-31,0.005,10.23,predicted,10.23,10.41,10.45,10.64,11.03,11.26,11.65,drought,drought,True,0.682,0.237,0.081,7,0,0.57,6
9,2025-06-01,0.0049,9.9,predicted,9.9,10.08,10.11,10.23,10.61,10.9,11.26,drought,drought,True,0.687,0.235,0.078,7,0,0.57,6
9,2025-06-02,0.0051,10.34,predicted,10.34,10.36,10.12,9.94,10.24,10.47,10.63,drought,drought,True,0.687,0.237,0.076,7,0,0.29,10
9,2025-06-03,0.0051,10.32,predicted,10.32,10.33,10.15,9.87,10.14,10.44,10.65,drought,drought,True,0.698,0.232,0.07,7,0,0.29,10
9,2025-06-04,0.0051,10.3,predicted,10.3,10.29,10.11,9.78,10.03,10.32,10.56,drought,drought,True,0.7,0.231,0.069,7,0,0.29,10
9,2025-06-05,0.005,10.14,predicted,10.14,10.15,9.97,9.63,9.9,10.2,8.54,drought,drought,True,0.703,0.229,0.068,7,0,0.29,10
9,2025-06-06,0.005,10.15,predicted,10.15,10.16,9.95,9.64,9.92,8.54,10.43,drought,drought,True,0.701,0.23,0.068,7,0,0.29,10
9,2025-06-07,0.005,10.09,predicted,10.09,10.08,9.87,9.53,8.54,10.06,10.3,drought,drought,True,0.698,0.232,0.069,7,0,0.29,10
9,2025-06-08,0.0049,9.99,predicted,9.99,9.96,9.77,8.54,9.62,9.89,10.16,drought,drought,True,0.7,0.231,0.069,7,0,0.29,10
9,2025-06-09,0.0049,9.94,predicted,9.94,9.92,8.54,9.31,9.54,9.85,10.14,drought,drought,True,0.702,0.229,0.068,7,0,0.29,10
9,2025-06-10,0.0049,9.93,predicted,9.93,8.54,9.69,9.24,9.47,9.75,10.04,drought,drought,True,0.701,0.23,0.069,7,0,0.29,10
9,2025-06-11,0.0042,8.54,observed,8.54,9.71,9.45,9.24,9.59,9.82,10.02,drought,drought,True,0.704,0.226,0.069,7,0,0.29,10
9,2025-06-12,0.0034,6.82,predicted,6.82,6.92,6.85,6.93,7.37,7.58,7.82,drought,drought,True,0.703,0.225,0.072,7,0,0.57,6
9,2025-06-13,0.0035,7.05,predicted,7.05,7.11,7.03,6.96,7.33,7.6,7.84,drought,drought,True,0.699,0.227,0.074,7,0,0.57,6
9,2025-06-14,0.0035,7.08,predicted,7.08,7.13,7.01,6.85,7.22,7.55,7.74,drought,drought,True,0.705,0.223,0.071,7,0,0.29,10
9,2025-06-15,0.0032,6.51,predicted,6.51,6.63,6.56,6.84,7.33,7.53,7.65,drought,drought,True,0.707,0.219,0.074,7,0,0.29,10
9,2025-06-16,0.0033,6.62,predicted,6.62,6.77,6.7,7.1,7.62,7.82,7.89,drought,drought,True,0.706,0.217,0.077,7,0,0.29,10
9,2025-06-17,0.0033,6.73,predicted,6.73,6.92,6.92,7.55,8.13,8.27,12.52,drought,drought,True,0.703,0.215,0.082,7,0,0.29,10
9,2025-06-18,0.0035,7.08,predicted,7.08,7.27,7.24,7.8,8.35,12.52,8.54,drought,drought,True,0.7,0.215,0.085,7,0,0.29,10
9,2025-06-19,0.0036,7.27,predicted,7.27,7.38,7.34,7.44,12.52,8.22,8.33,drought,drought,True,0.698,0.217,0.084,7,0,0.29,10
9,2025-06-20,0.0036,7.28,predicted,7.28,7.33,7.28,12.52,7.47,7.9,8.11,drought,drought,True,0.696,0.221,0.084,7,0,0.29,10
9,2025-06-21,0.0035,7.22,predicted,7.22,7.25,12.52,6.97,7.29,7.7,7.93,drought,drought,True,0.694,0.223,0.083,7,0,0.29,10
9,2025-06-22,0.0036,7.28,predicted,7.28,12.52,7.21,6.98,7.31,7.69,7.93,drought,drought,True,0.693,0.225,0.081,7,0,0.29,10
9,2025-06-23,0.0062,12.52,observed,12.52,7.49,7.38,7.06,7.36,7.75,8.02,drought,drought,True,0.692,0.228,0.08,7,0,0.29,10
9,2025-06-24,0.0055,11.12,predicted,11.12,11.1,10.82,10.48,10.74,11.02,11.17,drought,drought,True,0.686,0.233,0.081,7,0,0.57,6
9,2025-06-25,0.0055,11.28,predicted,11.28,11.22,10.94,10.51,10.73,11.0,11.18,drought,drought,True,0.683,0.237,0.08,7,0,0.57,6
9,2025-06-26,0.0054,11.07,predicted,11.07,11.06,10.83,10.46,10.71,10.97,11.22,drought,drought,True,0.689,0.234,0.077,7,0,0.29,10
9,2025-06-27,0.0054,10.93,predicted,10.93,10.93,10.66,10.36,10.64,10.86,11.08,drought,drought,True,0.684,0.237,0.079,7,0,0.29,10
9,2025-06-28,0.0054,10.93,predicted,10.93,10.87,10.59,10.21,10.44,10.64,10.85,drought,drought,True,0.673,0.245,0.083,7,0,0.29,10
9,2025-06-29,0.0053,10.88,predicted,10.88,10.86,10.55,10.29,10.58,10.75,12.7,drought,drought,True,0.677,0.243,0.08,7,0,0.29,10
9,2025-06-30,0.0054,10.96,predicted,10.96,10.92,10.63,10.28,10.53,12.7,10.92,drought,drought,True,0.682,0.241,0.077,7,0,0.29,10
9,2025-07-01,0.0054,11.07,predicted,11.07,11.01,10.78,10.34,12.7,10.81,11.04,drought,drought,True,0.692,0.236,0.071,7,0,0.29,10
9,2025-07-02,0.0054,10.93,predicted,10.93,10.9,10.7,12.7,10.45,10.75,11.03,drought,drought,True,0.701,0.231,0.068,7,0,0.29,10
9,2025-07-03,0.0054,10.89,predicted,10.89,10.85,12.7,10.15,10.36,10.64,10.94,drought,drought,True,0.701,0.231,0.068,7,0,0.29,10
9,2025-07-04,0.0054,10.95,predicted,10.95,12.7,10.65,10.15,10.37,10.62,10.9,drought,drought,True,0.7,0.232,0.069,7,0,0.29,10
9,2025-07-05,0.0062,12.7,observed,12.7,10.87,10.63,10.08,10.28,10.55,10.84,drought,drought,True,0.7,0.232,0.068,7,0,0.29,10
9,2025-07-06,0.0055,11.12,predicted,11.12,11.06,10.78,10.22,10.43,10.69,10.96,drought,drought,True,0.7,0.232,0.068,7,0,0.57,6
9,2025-07-07,0.0054,11.07,predicted,11.07,11.01,10.74,10.18,10.38,10.64,10.92,drought,drought,True,0.701,0.232,0.067,7,0,0.57,6
9,2025-07-08,0.0054,11.03,predicted,11.03,10.96,10.72,10.1,10.28,10.57,10.87,drought,drought,True,0.699,0.233,0.068,7,0,0.29,10
9,2025-07-09,0.0054,11.09,predicted,11.09,11.01,10.74,10.1,10.28,10.56,10.85,drought,drought,True,0.698,0.234,0.068,7,0,0.29,10
9,2025-07-10,0.0055,11.18,predicted,11.18,11.09,10.79,10.14,10.33,10.58,10.85,drought,drought,True,0.695,0.236,0.068,7,0,0.29,10
9,2025-07-11,0.0056,11.39,predicted,11.39,11.33,10.97,10.37,10.6,10.84,19.28,drought,drought,True,0.695,0.238,0.067,7,0,0.29,10
9,2025-07-12,0.0055,11.2,predicted,11.2,11.12,10.81,10.2,10.4,19.28,10.89,drought,drought,True,0.694,0.239,0.066,7,0,0.29,10
9,2025-07-13,0.0055,11.1,predicted,11.1,11.03,10.72,10.15,19.28,10.63,10.85,drought,drought,True,0.696,0.238,0.066,7,0,0.29,10
9,2025-07-14,0.0054,10.94,predicted,10.94,10.88,10.6,19.28,10.24,10.51,10.76,drought,drought,True,0.696,0.238,0.066,7,0,0.29,10
9,2025-07-15,0.0053,10.8,predicted,10.8,10.75,19.28,9.93,10.16,10.42,10.67,drought,drought,True,0.697,0.237,0.066,7,0,0.29,10
9,2025-07-16,0.0053,10.86,predicted,10.86,19.28,10.52,9.97,10.2,10.46,10.72,drought,drought,True,0.698,0.236,0.066,7,0,0.29,10
9,2025-07-17,0.0095,19.28,observed,19.28,10.57,10.25,9.88,10.18,10.38,10.58,drought,drought,True,0.701,0.233,0.067,7,0,0.29,10
9,2025-07-18,0.0082,16.71,predicted,16.71,16.61,16.01,15.52,15.73,15.83,15.78,drought,drought,True,0.699,0.234,0.067,7,0,0.57,6
9,2025-07-19,0.0085,17.34,predicted,17.34,17.25,16.65,16.2,16.4,16.51,16.42,drought,drought,True,0.701,0.233,0.066,7,0,0.57,6
9,2025-07-20,0.0083,16.84,predicted,16.84,16.86,16.41,16.09,16.35,16.51,16.55,drought,drought,True,0.7,0.233,0.067,7,0,0.29,10
9,2025-07-21,0.0082,16.74,predicted,16.74,16.79,16.34,16.14,16.44,16.59,16.61,drought,drought,True,0.703,0.231,0.067,7,0,0.29,10
9,2025-07-22,0.0082,16.62,predicted,16.62,16.7,16.29,16.15,16.46,16.64,16.67,drought,drought,True,0.707,0.227,0.066,7,0,0.29,10
9,2025-07-23,0.0082,16.66,predicted,16.66,16.77,16.38,16.31,16.63,16.84,19.67,drought,drought,True,0.71,0.224,0.067,7,0,0.29,10
9,2025-07-24,0.0083,16.83,predicted,16.83,16.97,16.6,16.55,16.88,19.67,17.13,drought,drought,True,0.711,0.222,0.068,7,0,0.29,10
9,2025-07-25,0.0083,16.82,predicted,16.82,16.93,16.58,16.46,19.67,17.0,17.05,drought,drought,True,0.708,0.222,0.07,7,0,0.29,10
9,2025-07-26,0.0083,16.82,predicted,16.82,16.92,16.58,19.67,16.73,16.96,17.04,drought,drought,True,0.707,0.222,0.071,7,0,0.29,10
9,2025-07-27,0.0082,16.78,predicted,16.78,16.87,19.67,16.38,16.68,16.88,16.95,drought,drought,True,0.705,0.223,0.073,7,0,0.29,10
9,2025-07-28,0.0083,16.99,predicted,16.99,19.67,16.7,16.45,16.7,16.91,17.03,drought,drought,True,0.703,0.225,0.073,7,0,0.29,10
9,2025-07-29,0.0097,19.67,observed,19.67,17.06,16.7,16.39,16.63,16.82,16.96,drought,drought,True,0.702,0.225,0.072,7,0,0.29,10
9,2025-07-30,0.0087,17.62,predicted,17.62,17.61,17.2,16.82,17.02,17.15,17.28,drought,drought,True,0.7,0.228,0.072,7,0,0.57,6
9,2025-07-31,0.0087,17.67,predicted,17.67,17.65,17.22,16.79,16.99,17.11,17.23,drought,drought,True,0.7,0.229,0.071,7,0,0.57,6
9,2025-08-01,0.0086,17.58,predicted,17.58,17.56,17.12,16.71,16.92,17.03,17.14,drought,drought,True,0.698,0.231,0.071,7,0,0.29,10
9,2025-08-02,0.0087,17.65,predicted,17.65,17.67,17.14,16.87,17.15,17.25,17.23,drought,drought,True,0.698,0.23,0.071,7,0,0.29,10
9,2025-08-03,0.0086,17.49,predicted,17.49,17.56,17.05,16.94,17.26,17.38,17.29,drought,drought,True,0.696,0.231,0.073,7,0,0.29,10
9,2025-08-04,0.0084,17.13,predicted,17.13,17.26,16.81,16.88,17.24,17.4,11.81,drought,drought,True,0.696,0.23,0.074,7,0,0.29,10
9,2025-08-05,0.0087,17.62,predicted,17.62,17.78,17.36,17.46,17.81,11.81,17.9,drought,drought,True,0.698,0.226,0.076,7,0,0.29,10
9,2025-08-06,0.0086,17.47,predicted,17.47,17.62,17.28,17.34,11.81,17.94,17.86,drought,drought,True,0.698,0.225,0.077,7,0,0.29,10
9,2025-08-07,0.0086,17.51,predicted,17.51,17.63,17.31,11.81,17.52,17.8,17.81,drought,drought,True,0.698,0.225,0.077,7,0,0.29,10
9,2025-08-08,0.0085,17.38,predicted,17.38,17.46,11.81,17.01,17.27,17.5,17.58,drought,drought,True,0.698,0.225,0.077,7,0,0.29,10
9,2025-08-09,0.0085,17.33,predicted,17.33,11.81,17.05,16.9,17.17,17.35,17.43,drought,drought,True,0.699,0.225,0.076,7,0,0.29,10
9,2025-08-10,0.0058,11.81,observed,11.81,17.33,16.96,16.8,17.09,17.27,17.33,drought,drought,True,0.701,0.224,0.075,7,0,0.29,10
9,2025-08-11,0.005,10.25,predicted,10.25,10.51,10.69,10.82,11.22,11.63,12.13,drought,drought,True,0.703,0.224,0.074,7,0,0.57,6
9,2025-08-12,0.0047,9.58,predicted,9.58,9.83,10.07,10.19,10.58,11.0,11.56,drought,drought,True,0.704,0.223,0.073,7,0,0.57,6
9,2025-08-13,0.0049,9.89,predicted,9.89,9.94,9.76,9.51,9.82,10.11,10.37,drought,drought,True,0.705,0.222,0.073,7,0,0.29,10
9,2025-08-14,0.0049,10.05,predicted,10.05,10.1,9.89,9.66,9.97,10.25,10.49,drought,drought,True,0.702,0.223,0.075,7,0,0.29,10
9,2025-08-15,0.005,10.15,predicted,10.15,10.17,9.98,9.71,9.99,10.27,10.52,drought,drought,True,0.696,0.226,0.078,7,0,0.29,10
9,2025-08-16,0.005,10.08,predicted,10.08,10.07,9.87,9.56,9.83,10.08,9.89,drought,drought,True,0.691,0.229,0.08,7,0,0.29,10
9,2025-08-17,0.005,10.11,predicted,10.11,10.08,9.85,9.51,9.77,9.89,10.25,drought,drought,True,0.688,0.232,0.08,7,0,0.29,10
9,2025-08-18,0.005,10.19,predicted,10.19,10.2,9.96,9.67,9.89,10.21,10.41,drought,drought,True,0.69,0.231,0.079,7,0,0.29,10
9,2025-08-19,0.005,10.1,predicted,10.1,10.09,9.88,9.89,9.81,10.08,10.32,drought,drought,True,0.697,0.228,0.075,7,0,0.29,10
9,2025-08-20,0.005,10.15,predicted,10.15,10.13,9.89,9.48,9.7,10.03,10.34,drought,drought,True,0.701,0.226,0.074,7,0,0.29,10
9,2025-08-21,0.0051,10.32,predicted,10.32,9.89,10.07,9.53,9.74,10.05,10.36,drought,drought,True,0.698,0.228,0.074,7,0,0.29,10
9,2025-08-22,0.0049,9.89,observed,9.89,10.51,10.24,9.69,9.92,10.21,10.46,drought,drought,True,0.695,0.231,0.074,7,0,0.29,10
9,2025-08-23,0.0044,8.86,predicted,8.86,8.84,8.65,8.18,8.44,8.75,9.04,drought,drought,True,0.696,0.231,0.073,7,0,0.57,6
9,2025-08-24,0.0041,8.42,predicted,8.42,8.41,8.25,7.84,8.12,8.43,8.71,drought,drought,True,0.696,0.231,0.073,7,0,0.57,6
9,2025-08-25,0.0042,8.5,predicted,8.5,8.46,8.29,7.74,7.98,8.35,8.64,drought,drought,True,0.694,0.233,0.073,7,0,0.29,10
9,2025-08-26,0.0043,8.66,predicted,8.66,8.62,8.42,7.86,8.11,8.47,8.72,drought,drought,True,0.693,0.235,0.073,7,0,0.29,10
9,2025-08-27,0.0041,8.36,predicted,8.36,8.32,8.15,7.61,7.85,8.2,8.49,drought,drought,True,0.695,0.232,0.072,7,0,0.29,10
9,2025-08-28,0.004,8.21,predicted,8.21,8.17,8.01,7.46,7.7,8.06,0.19,drought,drought,True,0.696,0.231,0.073,7,0,0.29,10
9,2025-08-29,0.004,8.19,predicted,8.19,8.15,7.98,7.46,7.71,0.19,8.35,drought,drought,True,0.698,0.229,0.073,7,0,0.29,10
9,2025-08-30,0.0041,8.31,predicted,8.31,8.27,8.09,7.54,0.19,8.15,8.43,drought,drought,True,0.7,0.228,0.072,7,0,0.29,10
9,2025-08-31,0.0041,8.31,predicted,8.31,8.27,8.07,0.19,7.83,8.18,8.43,drought,drought,True,0.699,0.228,0.073,7,0,0.29,10
10,2025-03-01,0.0382,64.16,predicted,64.16,64.22,64.18,64.31,63.67,63.62,63.99,normal,drought,False,0.675,0.221,0.105,0,0,0.29,10
10,2025-03-02,0.0384,64.51,predicted,64.51,64.59,64.56,64.72,64.07,63.99,63.15,normal,drought,False,0.677,0.215,0.108,0,0,0.29,10
10,2025-03-03,0.0384,64.46,predicted,64.46,64.55,64.56,64.74,63.99,64.06,63.21,normal,drought,False,0.68,0.211,0.109,0,0,0.29,10
10,2025-03-04,0.0384,64.45,predicted,64.45,64.52,64.55,63.99,64.04,63.98,63.19,normal,drought,False,0.68,0.211,0.109,0,0,0.29,10
10,2025-03-05,0.0383,64.26,predicted,64.26,64.3,63.99,64.47,63.8,63.67,62.98,normal,drought,False,0.679,0.214,0.107,0,0,0.29,10
10,2025-03-06,0.0381,63.89,predicted,63.89,63.99,63.96,64.06,63.39,63.19,62.59,normal,drought,False,0.679,0.215,0.105,0,0,0.29,10
10,2025-03-07,0.0381,63.99,observed,63.99,63.65,63.69,63.76,63.09,62.82,62.28,normal,drought,False,0.681,0.216,0.103,0,0,0.29,10
10,2025-03-08,0.0366,61.38,predicted,61.38,61.39,61.47,61.61,61.01,60.8,60.36,normal,drought,False,0.68,0.218,0.102,0,0,0.57,6
10,2025-03-09,0.0363,60.96,predicted,60.96,60.95,61.0,61.12,60.54,60.3,59.87,normal,drought,False,0.68,0.219,0.102,0,0,0.57,6
10,2025-03-10,0.0364,61.14,predicted,61.14,61.06,60.86,60.77,60.15,59.79,59.23,normal,drought,False,0.677,0.219,0.104,0,0,0.29,10
10,2025-03-11,0.0368,61.83,predicted,61.83,61.78,61.48,61.29,60.68,60.48,59.65,normal,drought,False,0.669,0.222,0.109,0,0,0.29,10
10,2025-03-12,0.0372,62.37,predicted,62.37,62.41,62.12,62.04,61.44,61.42,60.4,normal,drought,False,0.663,0.218,0.119,0,0,0.29,10
10,2025-03-13,0.0373,62.66,predicted,62.66,62.74,62.54,62.59,62.01,61.97,57.69,normal,drought,False,0.659,0.218,0.123,0,0,0.29,10
10,2025-03-14,0.0373,62.68,predicted,62.68,62.74,62.63,62.7,62.1,57.69,61.2,normal,drought,False,0.659,0.219,0.121,0,0,0.29,10
10,2025-03-15,0.0373,62.54,predicted,62.54,62.59,62.54,62.61,57.69,61.89,61.17,normal,drought,False,0.665,0.221,0.114,0,0,0.29,10
10,2025-03-16,0.0371,62.26,predicted,62.26,62.29,62.24,57.69,61.69,61.53,60.85,normal,drought,False,0.68,0.217,0.103,0,0,0.29,10
10,2025-03-17,0.0372,62.39,predicted,62.39,62.43,57.69,62.26,61.63,61.55,60.72,normal,drought,False,0.687,0.211,0.102,0,0,0.29,10
10,2025-03-18,0.0371,62.2,predicted,62.2,57.69,62.11,62.1,61.48,61.38,60.59,normal,drought,False,0.687,0.21,0.103,0,0,0.29,10
10,2025-03-19,0.0344,57.69,observed,57.69,62.23,62.08,62.02,61.39,61.23,60.5,normal,drought,False,0.684,0.214,0.103,0,0,0.29,10
10,2025-03-20,0.0334,56.07,predicted,56.07,56.24,56.37,56.66,56.24,56.34,55.86,normal,drought,False,0.683,0.213,0.104,0,0,0.57,6
10,2025-03-21,0.0332,55.66,predicted,55.66,55.81,55.86,56.04,55.61,55.7,55.2,normal,drought,False,0.68,0.216,0.104,0,0,0.57,6
10,2025-03-22,0.0334,56.04,predicted,56.04,55.93,55.26,54.68,54.1,53.81,52.98,normal,drought,False,0.673,0.223,0.104,0,0,0.29,10
10,2025-03-23,0.0334,56.01,predicted,56.01,55.88,55.19,54.57,53.99,53.7,52.83,normal,drought,False,0.666,0.228,0.106,0,0,0.29,10
10,2025-03-24,0.0334,56.09,predicted,56.09,55.96,55.26,54.63,54.06,53.76,52.88,normal,drought,False,0.655,0.235,0.11,0,0,0.29,10
10,2025-03-25,0.0336,56.34,predicted,56.34,56.22,55.58,54.98,54.43,54.13,68.69,normal,drought,False,0.642,0.243,0.115,0,0,0.29,10
10,2025-03-26,0.0331,55.61,predicted,55.61,55.46,54.77,54.14,53.58,68.69,52.42,normal,drought,False,0.692,0.225,0.083,0,0,0.29,10
10,2025-03-27,0.033,55.41,predicted,55.41,55.24,54.52,53.88,68.69,52.96,52.14,normal,drought,False,0.695,0.225,0.08,0,0,0.29,10
10,2025-03-28,0.033,55.37,predicted,55.37,55.2,54.47,68.69,53.26,52.92,52.08,normal,drought,False,0.692,0.227,0.081,0,0,0.29,10
10,2025-03-29,0.0331,55.55,predicted,55.55,55.4,68.69,54.1,53.55,53.22,52.39,normal,drought,False,0.681,0.233,0.085,0,0,0.29,10
10,2025-03-30,0.0332,55.67,predicted,55.67,68.69,54.84,54.25,53.71,53.35,52.55,normal,drought,False,0.677,0.237,0.086,0,0,0.29,10
10,2025-03-31,0.0409,68.69,observed,68.69,55.3,54.64,54.03,53.48,53.1,52.33,normal,drought,False,0.692,0.232,0.077,0,0,0.29,10
10,2025-04-01,0.0391,65.54,predicted,65.54,64.98,63.64,62.12,61.19,60.25,58.9,normal,drought,False,0.697,0.23,0.073,0,0,0.57,6
10,2025-04-02,0.0401,67.28,predicted,67.28,66.77,65.49,64.04,63.1,62.26,60.79,normal,drought,False,0.692,0.232,0.076,0,0,0.57,6
10,2025-04-03,0.0397,66.58,predicted,66.58,66.54,66.53,66.61,65.91,65.75,64.94,normal,drought,False,0.707,0.223,0.07,0,0,0.29,10
10,2025-04-04,0.0399,67.04,predicted,67.04,67.05,67.07,67.26,66.57,66.48,65.58,normal,drought,False,0.714,0.213,0.074,0,0,0.29,10
10,2025-04-05,0.0405,67.96,predicted,67.96,68.05,68.11,68.43,67.74,67.73,66.73,normal,drought,False,0.707,0.206,0.087,0,0,0.29,10
10,2025-04-06,0.0405,68.02,predicted,68.02,68.11,68.17,68.46,67.76,67.7,63.57,normal,drought,False,0.702,0.203,0.095,0,0,0.29,10
10,2025-04-07,0.0406,68.17,predicted,68.17,68.27,68.4,68.74,68.03,63.57,67.08,normal,drought,False,0.694,0.198,0.108,0,0,0.29,10
10,2025-04-08,0.0406,68.14,predicted,68.14,68.22,68.36,68.66,63.57,67.82,67.02,normal,drought,False,0.685,0.198,0.117,0,0,0.29,10
10,2025-04-09,0.0402,67.51,predicted,67.51,67.54,67.69,63.57,67.15,66.98,66.28,normal,drought,False,0.681,0.2,0.119,0,0,0.29,10
10,2025-04-10,0.0399,67.0,predicted,67.0,66.99,63.57,67.24,66.5,66.28,65.64,normal,drought,False,0.679,0.203,0.118,0,0,0.29,10
10,2025-04-11,0.0397,66.63,predicted,66.63,63.57,66.67,66.73,66.0,65.77,65.1,normal,drought,False,0.675,0.205,0.12,0,0,0.29,10
10,2025-04-12,0.0379,63.57,observed,63.57,66.43,66.43,66.42,65.69,65.45,64.75,normal,drought,False,0.673,0.209,0.119,0,0,0.29,10
10,2025-04-13,0.0364,61.01,predicted,61.01,61.09,61.3,61.54,60.99,60.97,60.5,normal,drought,False,0.671,0.212,0.116,0,0,0.57,6
10,2025-04-14,0.0362,60.79,predicted,60.79,60.87,61.01,61.2,60.65,60.66,60.13,normal,drought,False,0.665,0.219,0.116,0,0,0.57,6
10,2025-04-15,0.0368,61.72,predicted,61.72,61.67,61.32,61.03,60.39,60.18,59.36,normal,drought,False,0.651,0.227,0.122,0,0,0.29,10
10,2025-04-16,0.0368,61.84,predicted,61.84,61.79,61.51,61.31,60.68,60.47,59.69,normal,drought,False,0.624,0.24,0.136,0,0,0.29,10
10,2025-04-17,0.0371,62.19,predicted,62.19,62.19,62.03,61.94,61.33,61.17,60.43,normal,drought,False,0.587,0.255,0.157,0,0,0.29,10
10,2025-04-18,0.0371,62.24,predicted,62.24,62.24,62.14,62.09,61.48,61.34,55.83,normal,drought,False,0.596,0.261,0.143,0,0,0.29,10
10,2025-04-19,0.0368,61.7,predicted,61.7,61.67,61.51,61.39,60.76,55.83,59.87,normal,drought,False,0.668,0.24,0.092,0,0,0.29,10
10,2025-04-20,0.0368,61.81,predicted,61.81,61.79,61.69,61.63,55.83,60.84,60.17,normal,drought,False,0.66,0.246,0.094,0,0,0.29,10
10,2025-04-21,0.0366,61.5,predicted,61.5,61.45,61.25,55.83,60.45,60.23,59.54,normal,drought,False,0.692,0.235,0.073,0,0,0.29,10
10,2025-04-22,0.0366,61.41,predicted,61.41,61.35,55.83,60.91,60.28,60.05,59.33,normal,drought,False,0.701,0.23,0.069,0,0,0.29,10
10,2025-04-23,0.0367,61.55,predicted,61.55,55.83,61.26,61.11,60.48,60.27,59.52,normal,drought,False,0.702,0.229,0.07,0,0,0.29,10
10,2025-04-24,0.0333,55.83,observed,55.83,61.67,61.42,61.25,60.63,60.45,59.66,normal,drought,False,0.697,0.231,0.071,0,0,0.29,10
10,2025-04-25,0.0323,54.19,predicted,54.19,54.34,54.38,54.55,54.18,54.34,53.82,normal,drought,False,0.703,0.228,0.069,0,0,0.57,6
10,2025-04-26,0.0319,53.59,predicted,53.59,53.75,53.77,53.94,53.58,53.74,53.22,normal,drought,False,0.707,0.225,0.068,0,0,0.57,6
10,2025-04-27,0.0322,54.06,predicted,54.06,53.94,53.16,52.51,51.99,51.75,50.81,normal,drought,False,0.709,0.224,0.068,0,0,0.29,10
10,2025-04-28,0.0323,54.2,predicted,54.2,54.1,53.34,52.73,52.2,51.99,51.04,normal,drought,False,0.71,0.221,0.069,0,0,0.29,10
10,2025-04-29,0.0325,54.56,predicted,54.56,54.5,53.74,53.21,52.68,52.5,51.53,normal,drought,False,0.716,0.214,0.07,0,0,0.29,10
10,2025-04-30,0.0328,55.02,predicted,55.02,55.02,54.27,53.78,53.27,53.17,59.32,normal,drought,False,0.717,0.207,0.076,0,0,0.29,10
10,2025-05-01,0.0328,55.13,predicted,55.13,55.15,54.4,53.92,53.4,59.32,52.26,normal,drought,False,0.714,0.203,0.082,0,0,0.29,10
10,2025-05-02,0.0329,55.17,predicted,55.17,55.15,54.44,53.91,59.32,53.26,52.27,normal,drought,False,0.709,0.206,0.085,0,0,0.29,10
10,2025-05-03,0.0327,54.8,predicted,54.8,54.74,54.04,59.32,52.91,52.72,51.81,normal,drought,False,0.707,0.208,0.086,0,0,0.29,10
10,2025-05-04,0.0325,54.49,predicted,54.49,54.39,59.32,53.01,52.46,52.21,51.34,normal,drought,False,0.704,0.211,0.085,0,0,0.29,10
10,2025-05-05,0.0325,54.49,predicted,54.49,59.32,53.62,52.9,52.34,52.04,51.2,normal,drought,False,0.697,0.218,0.085,0,0,0.29,10
10,2025-05-06,0.0353,59.32,observed,59.32,54.41,53.62,52.9,52.33,52.0,51.13,normal,drought,False,0.699,0.217,0.084,0,0,0.29,10
10,2025-05-07,0.0343,57.53,predicted,57.53,57.26,56.2,55.17,54.49,53.97,52.89,normal,drought,False,0.702,0.216,0.082,0,0,0.57,6
10,2025-05-08,0.0343,57.6,predicted,57.6,57.34,56.26,55.22,54.55,54.07,52.94,normal,drought,False,0.7,0.217,0.082,0,0,0.57,6
10,2025-05-09,0.0343,57.58,predicted,57.58,57.47,56.82,56.24,55.66,55.39,54.5,normal,drought,False,0.696,0.22,0.083,0,0,0.29,10
10,2025-05-10,0.0343,57.56,predicted,57.56,57.43,56.78,56.18,55.59,55.32,54.43,normal,drought,False,0.689,0.226,0.084,0,0,0.29,10
10,2025-05-11,0.0343,57.59,predicted,57.59,57.47,56.9,56.37,55.79,55.52,54.69,normal,drought,False,0.676,0.235,0.089,0,0,0.29,10
10,2025-05-12,0.0343,57.6,predicted,57.6,57.5,57.03,56.6,56.03,55.75,36.76,normal,drought,False,0.664,0.242,0.094,0,0,0.29,10
10,2025-05-13,0.0343,57.56,predicted,57.56,57.44,56.95,56.47,55.9,36.76,54.85,normal,drought,False,0.661,0.247,0.091,0,0,0.29,10
10,2025-05-14,0.0342,57.38,predicted,57.38,57.23,56.65,56.08,36.76,55.17,54.38,normal,drought,False,0.679,0.244,0.077,0,0,0.29,10
10,2025-05-15,0.0339,56.92,predicted,56.92,56.75,56.11,36.76,54.89,54.54,53.74,normal,drought,False,0.7,0.235,0.065,0,0,0.29,10
10,2025-05-16,0.0339,56.89,predicted,56.89,56.71,36.76,55.44,54.85,54.51,53.69,normal,drought,False,0.699,0.237,0.064,0,0,0.29,10
10,2025-05-17,0.0339,56.87,predicted,56.87,36.76,56.06,55.44,54.85,54.54,53.7,normal,drought,False,0.7,0.237,0.064,0,0,0.29,10
10,2025-05-18,0.0219,36.76,observed,36.76,56.75,56.12,55.57,54.99,54.82,53.87,normal,drought,False,0.705,0.23,0.065,0,0,0.29,10
10,2025-05-19,0.0215,36.08,predicted,36.08,36.47,36.61,37.06,37.29,37.93,37.63,normal,drought,False,0.701,0.23,0.069,0,0,0.57,6
10,2025-05-20,0.0206,34.51,predicted,34.51,34.96,35.05,35.57,35.85,36.54,36.21,normal,drought,False,0.705,0.225,0.07,0,0,0.57,6
10,2025-05-21,0.0213,35.72,predicted,35.72,35.81,35.06,34.7,34.67,34.91,34.19,normal,drought,False,0.706,0.225,0.069,0,0,0.29,10
10,2025-05-22,0.0213,35.7,predicted,35.7,35.77,35.05,34.65,34.6,34.8,34.16,normal,drought,False,0.709,0.223,0.068,0,0,0.29,10
10,2025-05-23,0.0212,35.66,predicted,35.66,35.68,34.97,34.5,34.42,34.56,33.99,normal,drought,False,0.709,0.225,0.066,0,0,0.29,10
10,2025-05-24,0.0211,35.36,predicted,35.36,35.32,34.6,34.08,33.99,34.02,47.3,normal,drought,False,0.707,0.227,0.066,0,0,0.29,10
10,2025-05-25,0.0209,35.03,predicted,35.03,34.98,34.21,33.66,33.57,47.3,33.05,normal,drought,False,0.708,0.226,0.066,0,0,0.29,10
10,2025-05-26,0.0209,35.0,predicted,35.0,34.96,34.13,33.54,47.3,33.51,32.9,normal,drought,False,0.708,0.226,0.066,0,0,0.29,10
10,2025-05-27,0.0209,35.0,predicted,35.0,34.96,34.15,47.3,33.51,33.55,32.98,normal,drought,False,0.708,0.227,0.065,0,0,0.29,10
10,2025-05-28,0.0209,35.02,predicted,35.02,34.98,47.3,33.61,33.53,33.57,32.99,normal,drought,False,0.708,0.227,0.065,0,0,0.29,10
10,2025-05-29,0.0209,35.04,predicted,35.04,47.3,34.18,33.61,33.52,33.47,33.01,normal,drought,False,0.704,0.231,0.065,0,0,0.29,10
10,2025-05-30,0.0282,47.3,observed,47.3,34.8,34.01,33.41,33.32,33.2,32.78,normal,drought,False,0.698,0.233,0.068,0,0,0.29,10
10,2025-05-31,0.0271,45.54,predicted,45.54,45.16,43.83,42.59,42.09,41.6,40.59,normal,drought,False,0.687,0.237,0.076,0,0,0.57,6
10,2025-06-01,0.0276,46.27,predicted,46.27,45.87,44.51,43.22,42.7,42.19,41.14,normal,drought,False,0.691,0.237,0.072,0,0,0.57,6
10,2025-06-02,0.0272,45.73,predicted,45.73,45.51,44.43,43.46,43.09,42.84,41.88,normal,drought,False,0.687,0.241,0.072,0,0,0.29,10
10,2025-06-03,0.027,45.36,predicted,45.36,45.13,44.08,43.16,42.78,42.5,41.63,normal,drought,False,0.703,0.234,0.063,0,0,0.29,10
10,2025-06-04,0.027,45.35,predicted,45.35,45.11,44.06,43.13,42.75,42.44,41.59,normal,drought,False,0.704,0.234,0.062,0,0,0.29,10
10,2025-06-05,0.0269,45.13,predicted,45.13,44.88,43.85,42.95,42.57,42.25,56.24,normal,drought,False,0.707,0.232,0.061,0,0,0.29,10
10,2025-06-06,0.0269,45.15,predicted,45.15,44.91,43.86,42.93,42.55,56.24,41.4,normal,drought,False,0.705,0.233,0.062,0,0,0.29,10
10,2025-06-07,0.0269,45.21,predicted,45.21,44.97,43.92,43.0,56.24,42.33,41.48,normal,drought,False,0.703,0.234,0.063,0,0,0.29,10
10,2025-06-08,0.0269,45.07,predicted,45.07,44.82,43.8,56.24,42.54,42.2,41.41,normal,drought,False,0.706,0.232,0.062,0,0,0.29,10
10,2025-06-09,0.0268,44.98,predicted,44.98,44.72,56.24,42.84,42.46,42.09,41.34,normal,drought,False,0.708,0.23,0.062,0,0,0.29,10
10,2025-06-10,0.0268,44.94,predicted,44.94,56.24,43.65,42.75,42.38,41.99,41.24,normal,drought,False,0.707,0.231,0.063,0,0,0.29,10
10,2025-06-11,0.0335,56.24,observed,56.24,44.45,43.41,42.53,42.16,41.84,41.02,normal,drought,False,0.709,0.227,0.063,0,0,0.29,10
10,2025-06-12,0.0315,52.88,predicted,52.88,52.45,51.0,49.6,48.93,48.32,47.05,normal,drought,False,0.71,0.225,0.065,0,0,0.57,6
10,2025-06-13,0.0323,54.28,predicted,54.28,53.86,52.42,51.03,50.35,49.74,48.44,normal,drought,False,0.707,0.227,0.066,0,0,0.57,6
10,2025-06-14,0.0322,53.99,predicted,53.99,53.85,53.12,52.52,52.01,51.74,50.87,normal,drought,False,0.712,0.223,0.065,0,0,0.29,10
10,2025-06-15,0.0323,54.16,predicted,54.16,54.07,53.33,52.76,52.25,52.08,51.11,normal,drought,False,0.716,0.217,0.067,0,0,0.29,10
10,2025-06-16,0.0323,54.13,predicted,54.13,54.08,53.36,52.83,52.33,52.21,51.22,normal,drought,False,0.715,0.215,0.07,0,0,0.29,10
10,2025-06-17,0.0324,54.37,predicted,54.37,54.35,53.62,53.08,52.57,52.53,67.19,normal,drought,False,0.714,0.213,0.073,0,0,0.29,10
10,2025-06-18,0.0325,54.57,predicted,54.57,54.55,53.86,53.31,52.8,67.19,51.71,normal,drought,False,0.711,0.213,0.076,0,0,0.29,10
10,2025-06-19,0.0326,54.75,predicted,54.75,54.7,54.07,53.55,67.19,52.89,51.97,normal,drought,False,0.709,0.216,0.075,0,0,0.29,10
10,2025-06-20,0.0325,54.59,predicted,54.59,54.49,53.86,67.19,52.75,52.49,51.7,normal,drought,False,0.706,0.219,0.075,0,0,0.29,10
10,2025-06-21,0.0323,54.25,predicted,54.25,54.1,67.19,52.81,52.25,51.92,51.18,normal,drought,False,0.703,0.222,0.075,0,0,0.29,10
10,2025-06-22,0.0322,53.98,predicted,53.98,67.19,53.08,52.38,51.81,51.45,50.69,normal,drought,False,0.702,0.224,0.074,0,0,0.29,10
10,2025-06-23,0.04,67.19,observed,67.19,53.64,52.88,52.14,51.57,51.18,50.41,normal,drought,False,0.7,0.227,0.073,0,0,0.29,10
10,2025-06-24,0.0381,64.01,predicted,64.01,63.46,62.01,60.36,59.44,58.52,57.12,normal,drought,False,0.696,0.231,0.074,0,0,0.57,6
10,2025-06-25,0.0387,64.9,predicted,64.9,64.33,62.94,61.34,60.4,59.44,58.09,normal,drought,False,0.693,0.233,0.073,0,0,0.57,6
10,2025-06-26,0.0384,64.45,predicted,64.45,64.35,64.3,64.26,63.56,63.25,62.67,normal,drought,False,0.697,0.232,0.071,0,0,0.29,10
10,2025-06-27,0.0384,64.52,predicted,64.52,64.43,64.39,64.37,63.69,63.42,62.79,normal,drought,False,0.692,0.234,0.074,0,0,0.29,10
10,2025-06-28,0.0386,64.83,predicted,64.83,64.77,64.77,64.81,64.15,63.92,63.27,normal,drought,False,0.68,0.242,0.078,0,0,0.29,10
10,2025-06-29,0.0387,64.9,predicted,64.9,64.85,64.81,64.81,64.14,63.94,74.98,normal,drought,False,0.687,0.24,0.073,0,0,0.29,10
10,2025-06-30,0.0387,64.92,predicted,64.92,64.87,64.85,64.86,64.2,74.98,63.29,normal,drought,False,0.69,0.24,0.069,0,0,0.29,10
10,2025-07-01,0.0386,64.74,predicted,64.74,64.67,64.68,64.71,74.98,63.79,63.16,normal,drought,False,0.698,0.237,0.064,0,0,0.29,10
10,2025-07-02,0.0383,64.34,predicted,64.34,64.25,64.27,74.98,63.63,63.31,62.78,normal,drought,False,0.706,0.232,0.062,0,0,0.29,10
10,2025-07-03,0.0383,64.25,predicted,64.25,64.14,74.98,64.17,63.49,63.15,62.63,normal,drought,False,0.706,0.231,0.062,0,0,0.29,10
10,2025-07-04,0.0383,64.28,predicted,64.28,74.98,64.15,64.15,63.46,63.14,62.59,normal,drought,False,0.705,0.232,0.063,0,0,0.29,10
10,2025-07-05,0.0447,74.98,observed,74.98,64.07,64.06,64.07,63.39,63.04,62.53,normal,drought,False,0.706,0.232,0.062,0,0,0.29,10
10,2025-07-06,0.0437,73.28,predicted,73.28,72.84,72.32,71.68,70.7,69.9,68.89,normal,drought,False,0.705,0.233,0.062,0,0,0.57,6
10,2025-07-07,0.0441,73.95,predicted,73.95,73.51,73.02,72.42,71.43,70.61,69.61,normal,drought,False,0.705,0.233,0.062,0,0,0.57,6
10,2025-07-08,0.0433,72.61,predicted,72.61,72.31,72.37,72.39,71.52,70.98,70.3,normal,drought,False,0.704,0.233,0.063,0,0,0.29,10
10,2025-07-09,0.0433,72.73,predicted,72.73,72.44,72.49,72.51,71.64,71.11,70.41,normal,drought,False,0.703,0.234,0.063,0,0,0.29,10
10,2025-07-10,0.0435,72.93,predicted,72.93,72.64,72.68,72.69,71.81,71.32,70.57,normal,drought,False,0.698,0.238,0.063,0,0,0.29,10
10,2025-07-11,0.0436,73.1,predicted,73.1,72.82,72.84,72.82,71.94,71.48,76.3,normal,drought,False,0.695,0.243,0.062,0,1,0.29,10
10,2025-07-12,0.0435,72.99,predicted,72.99,72.72,72.78,72.8,71.94,76.3,70.69,normal,drought,False,0.695,0.244,0.061,0,1,0.29,10
10,2025-07-13,0.0435,73.05,predicted,73.05,72.78,72.81,72.8,76.3,71.47,70.66,normal,drought,False,0.696,0.243,0.06,0,1,0.29,10
10,2025-07-14,0.0434,72.83,predicted,72.83,72.55,72.59,76.3,71.72,71.24,70.47,normal,drought,False,0.697,0.242,0.061,0,1,0.29,10
10,2025-07-15,0.0434,72.86,predicted,72.86,72.58,76.3,72.63,71.76,71.27,70.5,normal,drought,False,0.698,0.24,0.062,0,1,0.29,10
10,2025-07-16,0.0434,72.89,predicted,72.89,76.3,72.66,72.67,71.79,71.3,70.54,normal,drought,False,0.699,0.24,0.061,0,1,0.29,10
10,2025-07-17,0.0455,76.3,observed,76.3,72.78,72.8,72.79,71.91,71.47,70.63,overflow,drought,False,0.702,0.236,0.062,0,1,0.29,10
10,2025-07-18,0.0446,74.78,predicted,74.78,74.46,74.39,74.28,73.35,72.83,71.89,normal,drought,False,0.701,0.238,0.062,0,0,0.57,6
10,2025-07-19,0.0447,75.08,predicted,75.08,74.76,74.69,74.57,73.63,73.14,72.15,overflow,drought,False,0.702,0.237,0.061,0,1,0.57,6
10,2025-07-20,0.0445,74.75,predicted,74.75,74.44,74.43,74.37,73.45,72.97,72.03,normal,drought,False,0.701,0.237,0.061,0,0,0.29,10
10,2025-07-21,0.0446,74.85,predicted,74.85,74.55,74.54,74.47,73.55,73.09,72.12,normal,drought,False,0.705,0.234,0.061,0,0,0.29,10
10,2025-07-22,0.0446,74.78,predicted,74.78,74.49,74.51,74.49,73.57,73.12,72.17,normal,drought,False,0.71,0.23,0.06,0,0,0.29,10
10,2025-07-23,0.0445,74.77,predicted,74.77,74.49,74.53,74.54,73.63,73.18,66.55,normal,drought,False,0.715,0.226,0.06,0,0,0.29,10
10,2025-07-24,0.0446,74.87,predicted,74.87,74.6,74.64,74.66,73.75,66.55,72.36,normal,drought,False,0.716,0.224,0.06,0,0,0.29,10
10,2025-07-25,0.0445,74.74,predicted,74.74,74.46,74.5,74.52,66.55,73.14,72.23,normal,drought,False,0.713,0.224,0.063,0,0,0.29,10
10,2025-07-26,0.0445,74.72,predicted,74.72,74.43,74.48,66.55,73.58,73.1,72.22,normal,drought,False,0.713,0.223,0.064,0,0,0.29,10
10,2025-07-27,0.0446,74.78,predicted,74.78,74.49,66.55,74.48,73.56,73.09,72.18,normal,drought,False,0.711,0.223,0.066,0,0,0.29,10
10,2025-07-28,0.0445,74.68,predicted,74.68,66.55,74.42,74.42,73.5,73.0,72.14,normal,drought,False,0.709,0.225,0.066,0,0,0.29,10
10,2025-07-29,0.0397,66.55,observed,66.55,74.32,74.36,74.34,73.42,72.9,72.07,normal,drought,False,0.709,0.226,0.065,0,0,0.29,10
10,2025-07-30,0.0379,63.59,predicted,63.59,63.59,64.04,64.51,63.93,63.89,63.54,normal,drought,False,0.706,0.229,0.065,0,0,0.57,6
10,2025-07-31,0.0374,62.76,predicted,62.76,62.77,63.21,63.64,63.08,63.06,62.72,normal,drought,False,0.704,0.233,0.064,0,0,0.57,6
10,2025-08-01,0.0379,63.68,predicted,63.68,63.57,63.5,63.43,62.76,62.45,61.87,normal,drought,False,0.702,0.234,0.064,0,0,0.29,10
10,2025-08-02,0.0381,63.92,predicted,63.92,63.83,63.71,63.62,62.95,62.72,62.01,normal,drought,False,0.702,0.232,0.065,0,0,0.29,10
10,2025-08-03,0.0382,64.13,predicted,64.13,64.09,63.98,63.95,63.29,63.14,62.35,normal,drought,False,0.702,0.232,0.066,0,0,0.29,10
10,2025-08-04,0.0382,64.14,predicted,64.14,64.12,64.02,64.02,63.36,63.27,31.89,normal,drought,False,0.703,0.229,0.067,0,0,0.29,10
10,2025-08-05,0.0385,64.54,predicted,64.54,64.56,64.52,64.63,63.98,31.89,63.06,normal,drought,False,0.707,0.224,0.069,0,0,0.29,10
10,2025-08-06,0.0385,64.6,predicted,64.6,64.62,64.61,64.72,31.89,63.96,63.18,normal,drought,False,0.706,0.223,0.07,0,0,0.29,10
10,2025-08-07,0.0384,64.41,predicted,64.41,64.4,64.43,31.89,63.85,63.68,63.01,normal,drought,False,0.705,0.224,0.07,0,0,0.29,10
10,2025-08-08,0.0383,64.2,predicted,64.2,64.17,31.89,64.27,63.6,63.38,62.77,normal,drought,False,0.705,0.225,0.07,0,0,0.29,10
10,2025-08-09,0.0382,64.12,predicted,64.12,31.89,64.09,64.11,63.43,63.19,62.58,normal,drought,False,0.705,0.225,0.07,0,0,0.29,10
10,2025-08-10,0.019,31.89,observed,31.89,63.8,63.76,63.72,63.04,62.78,62.17,normal,drought,False,0.708,0.224,0.068,0,0,0.29,10
10,2025-08-11,0.0193,32.31,predicted,32.31,32.73,33.4,34.21,34.58,35.2,35.51,normal,drought,False,0.709,0.224,0.067,0,0,0.57,6
10,2025-08-12,0.0174,29.28,predicted,29.28,29.71,30.34,31.16,31.6,32.2,32.58,normal,drought,False,0.712,0.222,0.066,0,0,0.57,6
10,2025-08-13,0.0173,29.09,predicted,29.09,29.06,28.4,28.0,28.08,28.07,27.83,normal,drought,False,0.713,0.221,0.066,0,0,0.29,10
10,2025-08-14,0.0174,29.27,predicted,29.27,29.25,28.55,28.13,28.21,28.22,27.93,normal,drought,False,0.71,0.222,0.069,0,0,0.29,10
10,2025-08-15,0.0175,29.4,predicted,29.4,29.39,28.72,28.33,28.42,28.46,28.16,normal,drought,False,0.705,0.224,0.071,0,0,0.29,10
10,2025-08-16,0.0175,29.4,predicted,29.4,29.38,28.7,28.29,28.37,28.4,15.9,normal,drought,False,0.701,0.226,0.073,1,0,0.29,10
10,2025-08-17,0.0176,29.55,predicted,29.55,29.52,28.81,28.34,28.41,15.9,28.09,normal,drought,False,0.695,0.23,0.075,1,0,0.29,10
10,2025-08-18,0.0177,29.66,predicted,29.66,29.63,28.93,28.46,15.9,28.57,28.21,normal,drought,False,0.695,0.231,0.075,1,0,0.29,10
10,2025-08-19,0.0174,29.26,predicted,29.26,29.2,28.53,15.9,28.16,28.14,27.88,normal,drought,False,0.706,0.226,0.068,1,0,0.29,10
10,2025-08-20,0.0174,29.25,predicted,29.25,29.17,15.9,28.09,28.13,28.06,27.91,normal,drought,False,0.709,0.224,0.067,1,0,0.29,10
10,2025-08-21,0.0175,29.42,predicted,29.42,15.9,28.6,28.05,28.08,27.99,27.77,normal,drought,False,0.706,0.226,0.068,1,0,0.29,10
10,2025-08-22,0.0095,15.9,observed,15.9,29.39,28.62,27.98,28.0,27.92,27.63,drought,drought,True,0.701,0.231,0.068,1,0,0.29,10
10,2025-08-23,0.009,15.12,predicted,15.12,15.55,15.89,16.23,16.73,17.26,17.87,drought,drought,True,0.702,0.231,0.067,7,0,0.57,6
10,2025-08-24,0.0082,13.73,predicted,13.73,14.18,14.6,15.01,15.53,16.06,16.73,drought,drought,True,0.701,0.231,0.067,7,0,0.57,6
10,2025-08-25,0.0083,13.87,predicted,13.87,13.82,13.49,13.01,13.21,13.42,13.63,drought,drought,True,0.701,0.232,0.067,7,0,0.29,10
10,2025-08-26,0.0084,14.11,predicted,14.11,14.06,13.68,13.18,13.39,13.58,13.75,drought,drought,True,0.698,0.234,0.067,7,0,0.29,10
10,2025-08-27,0.0082,13.72,predicted,13.72,13.67,13.35,12.88,13.1,13.28,13.5,drought,drought,True,0.702,0.231,0.067,7,0,0.29,10
10,2025-08-28,0.0081,13.55,predicted,13.55,13.5,13.18,12.71,12.93,13.11,1.65,drought,drought,True,0.703,0.23,0.067,7,0,0.29,10
10,2025-08-29,0.0081,13.59,predicted,13.59,13.55,13.21,12.76,12.99,1.65,13.38,drought,drought,True,0.705,0.228,0.068,7,0,0.29,10
10,2025-08-30,0.0082,13.74,predicted,13.74,13.71,13.36,12.89,1.65,13.3,13.52,drought,drought,True,0.707,0.226,0.067,7,0,0.29,10
10,2025-08-31,0.0082,13.82,predicted,13.82,13.8,13.42,1.65,13.22,13.41,13.59,drought,drought,True,0.706,0.226,0.068,7,0,0.29,10
11,2025-03-01,0.1481,52.19,predicted,52.19,52.19,51.47,51.08,50.63,50.55,64.94,normal,drought,False,0.624,0.279,0.097,0,0,0.29,10
11,2025-03-02,0.1495,52.66,predicted,52.66,52.7,52.0,51.63,51.18,64.94,50.11,normal,drought,False,0.632,0.269,0.099,0,0,0.29,10
11,2025-03-03,0.1498,52.78,predicted,52.78,52.82,52.17,51.82,64.94,51.32,50.35,normal,drought,False,0.64,0.26,0.099,0,0,0.29,10
11,2025-03-04,0.1501,52.89,predicted,52.89,52.91,52.26,64.94,51.38,51.29,50.37,normal,drought,False,0.641,0.26,0.1,0,0,0.29,10
11,2025-03-05,0.1498,52.77,predicted,52.77,52.74,64.94,51.62,51.12,50.94,50.11,normal,drought,False,0.639,0.263,0.098,0,0,0.29,10
11,2025-03-06,0.1487,52.39,predicted,52.39,64.94,51.65,51.13,50.63,50.34,49.6,normal,drought,False,0.639,0.265,0.096,0,0,0.29,10
11,2025-03-07,0.1843,64.94,observed,64.94,51.92,51.21,50.63,50.12,49.74,49.04,normal,drought,False,0.64,0.266,0.094,0,0,0.29,10
11,2025-03-08,0.175,61.66,predicted,61.66,61.12,59.68,58.11,57.22,56.25,54.97,normal,drought,False,0.638,0.269,0.092,0,0,0.57,6
11,2025-03-09,0.1767,62.24,predicted,62.24,61.68,60.25,58.7,57.8,56.79,55.53,normal,drought,False,0.636,0.272,0.092,0,0,0.57,6
11,2025-03-10,0.1757,61.89,predicted,61.89,61.82,61.72,61.73,61.11,60.76,60.23,normal,drought,False,0.631,0.275,0.094,0,0,0.29,10
11,2025-03-11,0.1776,62.56,predicted,62.56,62.53,62.33,62.26,61.64,61.45,60.67,normal,drought,False,0.62,0.281,0.099,0,0,0.29,10
11,2025-03-12,0.1791,63.08,predicted,63.08,63.13,62.94,62.98,62.38,62.35,61.38,normal,drought,False,0.619,0.274,0.106,0,0,0.29,10
11,2025-03-13,0.1799,63.39,predicted,63.39,63.47,63.37,63.52,62.93,62.88,60.19,normal,drought,False,0.616,0.272,0.112,0,0,0.29,10
11,2025-03-14,0.18,63.4,predicted,63.4,63.47,63.44,63.6,63.0,60.19,62.13,normal,drought,False,0.616,0.273,0.111,0,0,0.29,10
11,2025-03-15,0.1795,63.25,predicted,63.25,63.3,63.35,63.51,60.19,62.78,62.08,normal,drought,False,0.623,0.272,0.105,0,0,0.29,10
11,2025-03-16,0.1787,62.97,predicted,62.97,63.0,63.05,60.19,62.58,62.42,61.78,normal,drought,False,0.641,0.264,0.095,0,0,0.29,10
11,2025-03-17,0.1791,63.09,predicted,63.09,63.14,60.19,63.17,62.54,62.45,61.66,normal,drought,False,0.651,0.256,0.093,0,0,0.29,10
11,2025-03-18,0.1786,62.92,predicted,62.92,60.19,62.92,63.02,62.4,62.29,61.53,normal,drought,False,0.652,0.255,0.093,0,0,0.29,10
11,2025-03-19,0.1709,60.19,observed,60.19,62.97,62.91,62.95,62.32,62.15,61.45,normal,drought,False,0.648,0.26,0.092,0,0,0.29,10
11,2025-03-20,0.1652,58.19,predicted,58.19,58.34,58.5,58.82,58.34,58.38,57.88,normal,drought,False,0.648,0.259,0.093,0,0,0.57,6
11,2025-03-21,0.1643,57.9,predicted,57.9,58.03,58.11,58.34,57.86,57.89,57.37,normal,drought,False,0.644,0.263,0.093,0,0,0.57,6
11,2025-03-22,0.1655,58.31,predicted,58.31,58.24,57.8,57.44,56.85,56.58,55.83,normal,drought,False,0.634,0.272,0.094,0,0,0.29,10
11,2025-03-23,0.1655,58.3,predicted,58.3,58.22,57.75,57.37,56.77,56.51,55.73,normal,drought,False,0.626,0.277,0.097,0,0,0.29,10
11,2025-03-24,0.1658,58.4,predicted,58.4,58.33,57.87,57.48,56.9,56.63,55.85,normal,drought,False,0.613,0.284,0.102,0,0,0.29,10
11,2025-03-25,0.1664,58.63,predicted,58.63,58.57,58.17,57.82,57.25,56.99,61.21,normal,drought,False,0.602,0.292,0.106,0,0,0.29,10
11,2025-03-26,0.1644,57.92,predicted,57.92,57.82,57.36,56.98,56.39,61.21,55.35,normal,drought,False,0.658,0.264,0.078,0,0,0.29,10
11,2025-03-27,0.1639,57.74,predicted,57.74,57.62,57.13,56.72,61.21,55.82,55.08,normal,drought,False,0.662,0.262,0.076,0,0,0.29,10
11,2025-03-28,0.1638,57.7,predicted,57.7,57.58,57.09,61.21,56.09,55.79,55.04,normal,drought,False,0.66,0.264,0.077,0,0,0.29,10
11,2025-03-29,0.1643,57.87,predicted,57.87,57.77,61.21,56.95,56.38,56.09,55.35,normal,drought,False,0.647,0.272,0.081,0,0,0.29,10
11,2025-03-30,0.1646,58.0,predicted,58.0,61.21,57.47,57.12,56.55,56.24,55.52,normal,drought,False,0.642,0.275,0.082,0,0,0.29,10
11,2025-03-31,0.1738,61.21,observed,61.21,57.69,57.24,56.88,56.3,55.96,55.27,normal,drought,False,0.66,0.266,0.074,0,0,0.29,10
11,2025-04-01,0.1662,58.54,predicted,58.54,58.37,57.87,57.43,56.82,56.43,55.71,normal,drought,False,0.667,0.262,0.071,0,0,0.57,6
11,2025-04-02,0.1676,59.03,predicted,59.03,58.91,58.43,58.03,57.43,57.14,56.31,normal,drought,False,0.662,0.264,0.074,0,0,0.57,6
11,2025-04-03,0.167,58.83,predicted,58.83,58.78,58.37,58.1,57.53,57.35,56.5,normal,drought,False,0.679,0.253,0.068,0,0,0.29,10
11,2025-04-04,0.1683,59.29,predicted,59.29,59.32,58.95,58.85,58.29,58.2,57.29,normal,drought,False,0.687,0.242,0.071,0,0,0.29,10
11,2025-04-05,0.1714,60.39,predicted,60.39,60.53,60.23,60.3,59.75,59.77,58.78,normal,drought,False,0.685,0.233,0.082,0,0,0.29,10
11,2025-04-06,0.1717,60.49,predicted,60.49,60.62,60.35,60.41,59.85,59.83,62.72,normal,drought,False,0.681,0.229,0.09,0,0,0.29,10
11,2025-04-07,0.1726,60.79,predicted,60.79,60.93,60.73,60.85,60.28,62.72,59.39,normal,drought,False,0.675,0.224,0.101,0,0,0.29,10
11,2025-04-08,0.1727,60.84,predicted,60.84,60.96,60.77,60.81,62.72,60.13,59.35,normal,drought,False,0.667,0.224,0.109,0,0,0.29,10
11,2025-04-09,0.171,60.24,predicted,60.24,60.29,60.07,62.72,59.37,59.19,58.5,normal,drought,False,0.663,0.227,0.11,0,0,0.29,10
11,2025-04-10,0.1695,59.71,predicted,59.71,59.7,62.72,59.2,58.58,58.34,57.68,normal,drought,False,0.66,0.231,0.109,0,0,0.29,10
11,2025-04-11,0.168,59.18,predicted,59.18,62.72,58.79,58.49,57.87,57.61,56.91,normal,drought,False,0.655,0.236,0.109,0,0,0.29,10
11,2025-04-12,0.178,62.72,observed,62.72,58.88,58.44,58.06,57.44,57.16,56.41,normal,drought,False,0.651,0.242,0.107,0,0,0.29,10
11,2025-04-13,0.1712,60.31,predicted,60.31,60.16,59.59,59.07,58.4,58.01,57.18,normal,drought,False,0.648,0.247,0.104,0,0,0.57,6
11,2025-04-14,0.1719,60.55,predicted,60.55,60.4,59.79,59.22,58.54,58.17,57.29,normal,drought,False,0.64,0.256,0.104,0,0,0.57,6
11,2025-04-15,0.1724,60.73,predicted,60.73,60.66,60.28,59.98,59.36,59.13,58.31,normal,drought,False,0.622,0.268,0.109,0,0,0.29,10
11,2025-04-16,0.1728,60.86,predicted,60.86,60.81,60.5,60.27,59.66,59.44,58.67,normal,drought,False,0.591,0.286,0.123,0,0,0.29,10
11,2025-04-17,0.1738,61.24,predicted,61.24,61.23,61.04,60.94,60.34,60.18,59.43,normal,drought,False,0.555,0.304,0.141,0,0,0.29,10
11,2025-04-18,0.174,61.29,predicted,61.29,61.29,61.17,61.11,60.52,60.37,60.49,normal,drought,False,0.566,0.306,0.128,0,0,0.29,10
11,2025-04-19,0.1724,60.74,predicted,60.74,60.71,60.51,60.38,59.78,60.49,58.88,normal,drought,False,0.636,0.277,0.087,0,0,0.29,10
11,2025-04-20,0.1727,60.86,predicted,60.86,60.84,60.72,60.65,60.49,59.87,59.2,normal,drought,False,0.63,0.282,0.088,0,0,0.29,10
11,2025-04-21,0.1718,60.54,predicted,60.54,60.49,60.26,60.49,59.46,59.23,58.55,normal,drought,False,0.663,0.266,0.07,0,0,0.29,10
11,2025-04-22,0.1715,60.43,predicted,60.43,60.37,60.49,59.89,59.27,59.03,58.31,normal,drought,False,0.673,0.26,0.067,0,0,0.29,10
11,2025-04-23,0.1719,60.56,predicted,60.56,60.49,60.24,60.08,59.47,59.25,58.5,normal,drought,False,0.674,0.259,0.068,0,0,0.29,10
11,2025-04-24,0.1717,60.49,observed,60.49,60.68,60.4,60.22,59.62,59.42,58.64,normal,drought,False,0.669,0.261,0.07,0,0,0.29,10
11,2025-04-25,0.1658,58.42,predicted,58.42,58.45,58.26,58.19,57.66,57.59,56.89,normal,drought,False,0.677,0.255,0.068,0,0,0.57,6
11,2025-04-26,0.1653,58.23,predicted,58.23,58.27,58.1,58.05,57.52,57.46,56.76,normal,drought,False,0.682,0.251,0.067,0,0,0.57,6
11,2025-04-27,0.166,58.47,predicted,58.47,58.43,58.02,57.74,57.17,56.97,56.17,normal,drought,False,0.685,0.248,0.067,0,0,0.29,10
11,2025-04-28,0.1664,58.6,predicted,58.6,58.58,58.19,57.94,57.36,57.19,56.37,normal,drought,False,0.685,0.246,0.068,0,0,0.29,10
11,2025-04-29,0.1673,58.93,predicted,58.93,58.94,58.56,58.37,57.79,57.65,56.8,normal,drought,False,0.692,0.239,0.069,0,0,0.29,10
11,2025-04-30,0.1685,59.37,predicted,59.37,59.43,59.05,58.91,58.34,58.27,54.33,normal,drought,False,0.694,0.232,0.073,0,0,0.29,10
11,2025-05-01,0.1688,59.46,predicted,59.46,59.54,59.14,59.0,58.43,54.33,57.43,normal,drought,False,0.692,0.229,0.079,0,0,0.29,10
11,2025-05-02,0.1687,59.42,predicted,59.42,59.48,59.12,58.92,54.33,58.26,57.38,normal,drought,False,0.688,0.231,0.081,0,0,0.29,10
11,2025-05-03,0.1676,59.05,predicted,59.05,59.06,58.73,54.33,57.89,57.74,56.95,normal,drought,False,0.685,0.234,0.082,0,0,0.29,10
11,2025-05-04,0.1669,58.78,predicted,58.78,58.76,54.33,58.11,57.51,57.31,56.56,normal,drought,False,0.681,0.238,0.081,0,0,0.29,10
11,2025-05-05,0.1669,58.8,predicted,58.8,54.33,58.39,58.05,57.45,57.21,56.5,normal,drought,False,0.673,0.246,0.081,0,0,0.29,10
11,2025-05-06,0.1542,54.33,observed,54.33,58.87,58.46,58.12,57.51,57.24,56.5,normal,drought,False,0.675,0.246,0.079,0,0,0.29,10
11,2025-05-07,0.1502,52.93,predicted,52.93,53.01,52.81,52.76,52.37,52.35,51.8,normal,drought,False,0.678,0.245,0.077,0,0,0.57,6
11,2025-05-08,0.1484,52.26,predicted,52.26,52.34,52.05,51.91,51.54,51.54,50.93,normal,drought,False,0.676,0.247,0.077,0,0,0.57,6
11,2025-05-09,0.1492,52.55,predicted,52.55,52.38,51.45,50.65,50.13,49.82,48.86,normal,drought,False,0.671,0.251,0.078,0,0,0.29,10
11,2025-05-10,0.1492,52.55,predicted,52.55,52.36,51.43,50.6,50.08,49.77,48.8,normal,drought,False,0.663,0.257,0.079,0,0,0.29,10
11,2025-05-11,0.1493,52.6,predicted,52.6,52.42,51.55,50.76,50.25,49.93,49.02,normal,drought,False,0.649,0.267,0.084,0,0,0.29,10
11,2025-05-12,0.1495,52.66,predicted,52.66,52.49,51.71,51.0,50.5,50.17,55.03,normal,drought,False,0.636,0.275,0.088,0,0,0.29,10
11,2025-05-13,0.1493,52.6,predicted,52.6,52.4,51.59,50.84,50.33,55.03,49.13,normal,drought,False,0.632,0.281,0.087,0,0,0.29,10
11,2025-05-14,0.1487,52.37,predicted,52.37,52.15,51.26,50.42,55.03,49.52,48.64,normal,drought,False,0.651,0.274,0.075,0,0,0.29,10
11,2025-05-15,0.1473,51.89,predicted,51.89,51.64,50.72,55.03,49.32,48.93,48.05,normal,drought,False,0.676,0.26,0.064,0,0,0.29,10
11,2025-05-16,0.1472,51.86,predicted,51.86,51.61,55.03,49.81,49.29,48.9,48.01,normal,drought,False,0.675,0.261,0.064,0,0,0.29,10
11,2025-05-17,0.1471,51.82,predicted,51.82,55.03,50.66,49.8,49.28,48.92,48.02,normal,drought,False,0.676,0.26,0.063,0,0,0.29,10
11,2025-05-18,0.1562,55.03,observed,55.03,51.53,50.63,49.86,49.36,49.15,48.13,normal,drought,False,0.681,0.255,0.064,0,0,0.29,10
11,2025-05-19,0.1502,52.91,predicted,52.91,52.81,51.99,51.34,50.86,50.71,49.65,normal,drought,False,0.676,0.256,0.068,0,0,0.57,6
11,2025-05-20,0.1513,53.3,predicted,53.3,53.24,52.41,51.82,51.33,51.23,50.12,normal,drought,False,0.678,0.253,0.069,0,0,0.57,6
11,2025-05-21,0.1519,53.53,predicted,53.53,53.48,52.73,52.18,51.69,51.57,50.56,normal,drought,False,0.68,0.252,0.069,0,0,0.29,10
11,2025-05-22,0.1518,53.48,predicted,53.48,53.42,52.7,52.13,51.62,51.48,50.52,normal,drought,False,0.684,0.249,0.067,0,0,0.29,10
11,2025-05-23,0.1516,53.41,predicted,53.41,53.31,52.6,51.97,51.45,51.25,50.36,normal,drought,False,0.685,0.249,0.066,0,0,0.29,10
11,2025-05-24,0.1508,53.13,predicted,53.13,53.0,52.28,51.63,51.09,50.82,31.86,normal,drought,False,0.684,0.251,0.065,0,0,0.29,10
11,2025-05-25,0.1501,52.87,predicted,52.87,52.73,51.96,51.26,50.72,31.86,49.59,normal,drought,False,0.683,0.251,0.065,0,0,0.29,10
11,2025-05-26,0.1499,52.81,predicted,52.81,52.66,51.84,51.07,31.86,50.29,49.36,normal,drought,False,0.683,0.252,0.065,0,0,0.29,10
11,2025-05-27,0.1499,52.79,predicted,52.79,52.63,51.81,31.86,50.54,50.26,49.36,normal,drought,False,0.684,0.253,0.064,0,0,0.29,10
11,2025-05-28,0.1499,52.82,predicted,52.82,52.66,31.86,51.08,50.56,50.27,49.36,normal,drought,False,0.683,0.253,0.064,0,0,0.29,10
11,2025-05-29,0.1499,52.79,predicted,52.79,31.86,51.79,51.05,50.52,50.15,49.35,normal,drought,False,0.678,0.258,0.064,0,0,0.29,10
11,2025-05-30,0.0904,31.86,observed,31.86,52.5,51.67,50.91,50.38,49.96,49.18,normal,drought,False,0.67,0.263,0.067,0,0,0.29,10
11,2025-05-31,0.0872,30.73,predicted,30.73,31.04,31.07,31.37,31.7,32.13,32.05,normal,drought,False,0.656,0.27,0.073,0,0,0.57,6
11,2025-06-01,0.0819,28.84,predicted,28.84,29.18,29.17,29.46,29.83,30.29,30.23,normal,drought,False,0.662,0.267,0.07,0,0,0.57,6
11,2025-06-02,0.0852,30.03,predicted,30.03,30.04,29.33,28.9,28.97,29.08,28.63,normal,drought,False,0.66,0.27,0.071,0,0,0.29,10
11,2025-06-03,0.0844,29.73,predicted,29.73,29.73,29.06,28.65,28.72,28.82,28.45,normal,drought,False,0.678,0.259,0.063,0,0,0.29,10
11,2025-06-04,0.0844,29.72,predicted,29.72,29.71,29.05,28.62,28.69,28.77,28.42,normal,drought,False,0.68,0.258,0.062,0,0,0.29,10
11,2025-06-05,0.0837,29.48,predicted,29.48,29.47,28.83,28.43,28.5,28.56,36.03,normal,drought,False,0.684,0.256,0.061,0,0,0.29,10
11,2025-06-06,0.0838,29.53,predicted,29.53,29.53,28.84,28.42,28.49,36.03,28.2,normal,drought,False,0.682,0.256,0.062,0,0,0.29,10
11,2025-06-07,0.0838,29.52,predicted,29.52,29.52,28.85,28.45,36.03,28.6,28.24,normal,drought,False,0.678,0.259,0.063,0,0,0.29,10
11,2025-06-08,0.0834,29.37,predicted,29.37,29.36,28.72,36.03,28.41,28.46,28.16,normal,drought,False,0.682,0.256,0.062,0,0,0.29,10
11,2025-06-09,0.0832,29.3,predicted,29.3,29.27,36.03,28.22,28.28,28.29,28.04,normal,drought,False,0.684,0.255,0.062,0,0,0.29,10
11,2025-06-10,0.0831,29.28,predicted,29.28,36.03,28.58,28.14,28.2,28.19,27.93,normal,drought,False,0.682,0.255,0.063,0,0,0.29,10
11,2025-06-11,0.1023,36.03,observed,36.03,29.09,28.37,27.98,28.06,28.08,27.73,normal,drought,False,0.685,0.252,0.063,0,0,0.29,10
11,2025-06-12,0.0943,33.24,predicted,33.24,33.15,32.24,31.73,31.67,31.62,31.01,normal,drought,False,0.684,0.251,0.065,0,0,0.57,6
11,2025-06-13,0.0974,34.32,predicted,34.32,34.25,33.36,32.83,32.76,32.75,32.12,normal,drought,False,0.682,0.252,0.066,0,0,0.57,6
11,2025-06-14,0.0961,33.86,predicted,33.86,33.86,33.12,32.73,32.71,32.77,32.25,normal,drought,False,0.688,0.248,0.064,0,0,0.29,10
11,2025-06-15,0.0961,33.87,predicted,33.87,33.95,33.22,32.94,32.95,33.1,32.49,normal,drought,False,0.691,0.243,0.066,0,0,0.29,10
11,2025-06-16,0.0961,33.86,predicted,33.86,33.98,33.27,33.05,33.08,33.29,32.65,normal,drought,False,0.689,0.242,0.069,0,0,0.29,10
11,2025-06-17,0.097,34.16,predicted,34.16,34.33,33.63,33.42,33.46,33.77,43.36,normal,drought,False,0.688,0.24,0.072,0,0,0.29,10
11,2025-06-18,0.0982,34.58,predicted,34.58,34.76,34.08,33.84,33.86,43.36,33.48,normal,drought,False,0.684,0.242,0.074,0,0,0.29,10
11,2025-06-19,0.0992,34.93,predicted,34.93,35.05,34.44,34.17,43.36,34.42,33.84,normal,drought,False,0.682,0.244,0.073,0,0,0.29,10
11,2025-06-20,0.0987,34.77,predicted,34.77,34.81,34.2,43.36,33.79,33.89,33.46,normal,drought,False,0.678,0.249,0.073,0,0,0.29,10
11,2025-06-21,0.0975,34.36,predicted,34.36,34.33,43.36,33.23,33.16,33.14,32.76,normal,drought,False,0.675,0.253,0.072,0,0,0.29,10
11,2025-06-22,0.0966,34.04,predicted,34.04,43.36,33.25,32.74,32.67,32.6,32.21,normal,drought,False,0.674,0.255,0.071,0,0,0.29,10
11,2025-06-23,0.1231,43.36,observed,43.36,33.8,33.03,32.49,32.43,32.33,31.92,normal,drought,False,0.672,0.258,0.07,0,0,0.29,10
11,2025-06-24,0.118,41.56,predicted,41.56,41.24,40.07,39.04,38.67,38.25,37.47,normal,drought,False,0.666,0.264,0.071,0,0,0.57,6
11,2025-06-25,0.1193,42.03,predicted,42.03,41.67,40.48,39.42,39.03,38.54,37.77,normal,drought,False,0.662,0.267,0.07,0,0,0.57,6
11,2025-06-26,0.1167,41.11,predicted,41.11,40.86,39.85,39.0,38.72,38.38,37.71,normal,drought,False,0.668,0.264,0.069,0,0,0.29,10
11,2025-06-27,0.1164,41.02,predicted,41.02,40.79,39.75,38.92,38.65,38.35,37.62,normal,drought,False,0.661,0.268,0.071,0,0,0.29,10
11,2025-06-28,0.1176,41.44,predicted,41.44,41.23,40.19,39.36,39.1,38.85,38.05,normal,drought,False,0.647,0.277,0.075,0,0,0.29,10
11,2025-06-29,0.1174,41.36,predicted,41.36,41.16,40.11,39.26,39.0,38.8,48.93,normal,drought,False,0.656,0.273,0.072,0,0,0.29,10
11,2025-06-30,0.1178,41.49,predicted,41.49,41.3,40.27,39.45,39.19,48.93,38.17,normal,drought,False,0.661,0.27,0.069,0,0,0.29,10
11,2025-07-01,0.1177,41.47,predicted,41.47,41.26,40.3,39.51,48.93,39.0,38.29,normal,drought,False,0.672,0.264,0.064,0,0,0.29,10
11,2025-07-02,0.1167,41.13,predicted,41.13,40.9,39.98,48.93,38.96,38.64,38.05,normal,drought,False,0.681,0.257,0.062,0,0,0.29,10
11,2025-07-03,0.1162,40.95,predicted,40.95,40.7,48.93,38.99,38.71,38.36,37.79,normal,drought,False,0.682,0.256,0.062,0,0,0.29,10
11,2025-07-04,0.1161,40.88,predicted,40.88,48.93,39.65,38.83,38.55,38.2,37.59,normal,drought,False,0.681,0.257,0.062,0,0,0.29,10
11,2025-07-05,0.1389,48.93,observed,48.93,40.51,39.55,38.74,38.46,38.09,37.5,normal,drought,False,0.68,0.258,0.062,0,0,0.29,10
11,2025-07-06,0.1305,45.96,predicted,45.96,45.53,44.26,43.06,42.57,41.96,41.1,normal,drought,False,0.68,0.258,0.062,0,0,0.57,6
11,2025-07-07,0.1313,46.27,predicted,46.27,45.83,44.57,43.37,42.88,42.24,41.4,normal,drought,False,0.68,0.258,0.062,0,0,0.57,6
11,2025-07-08,0.1304,45.95,predicted,45.95,45.62,44.65,43.8,43.39,42.89,42.24,normal,drought,False,0.677,0.26,0.063,0,0,0.29,10
11,2025-07-09,0.1306,46.0,predicted,46.0,45.67,44.68,43.78,43.37,42.88,42.2,normal,drought,False,0.676,0.261,0.063,0,0,0.29,10
11,2025-07-10,0.1308,46.09,predicted,46.09,45.76,44.74,43.8,43.39,42.93,42.18,normal,drought,False,0.672,0.264,0.064,0,0,0.29,10
11,2025-07-11,0.1307,46.05,predicted,46.05,45.73,44.69,43.72,43.31,42.9,54.86,normal,drought,False,0.67,0.267,0.062,0,0,0.29,10
11,2025-07-12,0.1308,46.07,predicted,46.07,45.76,44.75,43.84,43.44,54.86,42.25,normal,drought,False,0.67,0.269,0.062,0,0,0.29,10
11,2025-07-13,0.1308,46.06,predicted,46.06,45.77,44.77,43.88,54.86,43.08,42.31,normal,drought,False,0.671,0.268,0.061,0,0,0.29,10
11,2025-07-14,0.1304,45.92,predicted,45.92,45.63,44.69,54.86,43.46,43.05,42.35,normal,drought,False,0.671,0.268,0.061,0,0,0.29,10
11,2025-07-15,0.1304,45.95,predicted,45.95,45.67,54.86,43.94,43.54,43.13,42.43,normal,drought,False,0.672,0.266,0.062,0,0,0.29,10
11,2025-07-16,0.1308,46.07,predicted,46.07,54.86,44.85,44.05,43.64,43.23,42.53,normal,drought,False,0.673,0.266,0.061,0,0,0.29,10
11,2025-07-17,0.1557,54.86,observed,54.86,45.66,44.69,43.87,43.47,43.11,42.34,normal,drought,False,0.677,0.261,0.062,0,0,0.29,10
11,2025-07-18,0.1459,51.39,predicted,51.39,50.98,49.73,48.52,47.92,47.33,46.29,normal,drought,False,0.675,0.263,0.062,0,0,0.57,6
11,2025-07-19,0.1476,52.01,predicted,52.01,51.62,50.37,49.16,48.55,47.99,46.9,normal,drought,False,0.678,0.261,0.061,0,0,0.57,6
11,2025-07-20,0.1474,51.92,predicted,51.92,51.73,50.99,50.37,49.87,49.55,48.77,normal,drought,False,0.676,0.262,0.061,0,0,0.29,10
11,2025-07-21,0.1474,51.94,predicted,51.94,51.76,51.03,50.43,49.93,49.64,48.85,normal,drought,False,0.679,0.26,0.061,0,0,0.29,10
11,2025-07-22,0.1476,51.99,predicted,51.99,51.83,51.12,50.55,50.06,49.77,48.99,normal,drought,False,0.686,0.254,0.06,0,0,0.29,10
11,2025-07-23,0.1479,52.1,predicted,52.1,51.94,51.23,50.67,50.18,49.89,47.61,normal,drought,False,0.691,0.25,0.06,0,0,0.29,10
11,2025-07-24,0.1483,52.25,predicted,52.25,52.1,51.38,50.8,50.31,47.61,49.22,normal,drought,False,0.692,0.247,0.06,0,0,0.29,10
11,2025-07-25,0.1482,52.2,predicted,52.2,52.04,51.33,50.77,47.61,49.96,49.21,normal,drought,False,0.689,0.248,0.062,0,0,0.29,10
11,2025-07-26,0.1483,52.25,predicted,52.25,52.08,51.37,47.61,50.3,49.96,49.23,normal,drought,False,0.689,0.248,0.063,0,0,0.29,10
11,2025-07-27,0.148,52.14,predicted,52.14,51.96,47.61,50.62,50.12,49.78,49.03,normal,drought,False,0.686,0.249,0.065,0,0,0.29,10
11,2025-07-28,0.1484,52.27,predicted,52.27,47.61,51.35,50.74,50.24,49.86,49.14,normal,drought,False,0.684,0.251,0.065,0,0,0.29,10
11,2025-07-29,0.1351,47.61,observed,47.61,51.97,51.22,50.56,50.05,49.63,48.93,normal,drought,False,0.683,0.252,0.065,0,0,0.29,10
11,2025-07-30,0.1295,45.63,predicted,45.63,45.57,45.12,44.81,44.55,44.41,43.97,normal,drought,False,0.681,0.255,0.064,0,0,0.57,6
11,2025-07-31,0.1275,44.93,predicted,44.93,44.84,44.33,43.92,43.67,43.52,43.06,normal,drought,False,0.678,0.259,0.063,0,0,0.57,6
11,2025-08-01,0.1276,44.97,predicted,44.97,44.67,43.64,42.7,42.32,41.91,41.16,normal,drought,False,0.677,0.26,0.064,0,0,0.29,10
11,2025-08-02,0.1276,44.94,predicted,44.94,44.68,43.61,42.69,42.31,42.0,41.12,normal,drought,False,0.676,0.259,0.064,0,0,0.29,10
11,2025-08-03,0.1281,45.13,predicted,45.13,44.93,43.88,43.03,42.67,42.46,41.5,normal,drought,False,0.675,0.259,0.065,0,0,0.29,10
11,2025-08-04,0.1282,45.17,predicted,45.17,45.03,44.02,43.26,42.92,42.79,34.31,normal,drought,False,0.675,0.258,0.066,0,0,0.29,10
11,2025-08-05,0.1303,45.9,predicted,45.9,45.82,44.88,44.29,43.95,34.31,42.89,normal,drought,False,0.68,0.252,0.068,0,0,0.29,10
11,2025-08-06,0.1311,46.18,predicted,46.18,46.11,45.22,44.63,34.31,44.19,43.28,normal,drought,False,0.68,0.251,0.069,0,0,0.29,10
11,2025-08-07,0.1312,46.21,predicted,46.21,46.1,45.25,34.31,44.26,44.09,43.28,normal,drought,False,0.679,0.252,0.069,0,0,0.29,10
11,2025-08-08,0.1306,46.0,predicted,46.0,45.85,34.31,44.33,43.96,43.7,42.98,normal,drought,False,0.679,0.252,0.069,0,0,0.29,10
11,2025-08-09,0.1299,45.77,predicted,45.77,34.31,44.7,43.96,43.58,43.27,42.55,normal,drought,False,0.68,0.252,0.068,0,0,0.29,10
11,2025-08-10,0.0974,34.31,observed,34.31,45.16,44.24,43.46,43.08,42.76,42.03,normal,drought,False,0.682,0.251,0.067,0,0,0.29,10
11,2025-08-11,0.0916,32.26,predicted,32.26,32.41,32.16,32.17,32.32,32.51,32.39,normal,drought,False,0.684,0.251,0.065,0,0,0.57,6
11,2025-08-12,0.0878,30.94,predicted,30.94,31.1,30.86,30.9,31.09,31.27,31.21,normal,drought,False,0.686,0.25,0.064,0,0,0.57,6
11,2025-08-13,0.0894,31.51,predicted,31.51,31.46,30.74,30.32,30.33,30.27,29.95,normal,drought,False,0.687,0.248,0.065,0,0,0.29,10
11,2025-08-14,0.0899,31.68,predicted,31.68,31.64,30.88,30.43,30.46,30.42,30.04,normal,drought,False,0.684,0.25,0.067,0,0,0.29,10
11,2025-08-15,0.0904,31.84,predicted,31.84,31.81,31.08,30.65,30.68,30.67,30.28,normal,drought,False,0.678,0.253,0.069,0,0,0.29,10
11,2025-08-16,0.0904,31.84,predicted,31.84,31.8,31.06,30.62,30.65,30.62,29.19,normal,drought,False,0.672,0.257,0.071,0,0,0.29,10
11,2025-08-17,0.0908,31.99,predicted,31.99,31.93,31.17,30.68,30.69,29.19,30.24,normal,drought,False,0.666,0.261,0.073,0,0,0.29,10
11,2025-08-18,0.0911,32.09,predicted,32.09,32.04,31.29,30.81,29.19,30.82,30.38,normal,drought,False,0.667,0.26,0.073,0,0,0.29,10
11,2025-08-19,0.09,31.7,predicted,31.7,31.62,30.9,29.19,30.45,30.39,30.04,normal,drought,False,0.678,0.255,0.067,0,0,0.29,10
11,2025-08-20,0.09,31.72,predicted,31.72,31.62,29.19,30.46,30.45,30.33,30.08,normal,drought,False,0.681,0.253,0.066,0,0,0.29,10
11,2025-08-21,0.0904,31.84,predicted,31.84,29.19,30.96,30.39,30.37,30.22,29.92,normal,drought,False,0.679,0.254,0.067,0,0,0.29,10
11,2025-08-22,0.0829,29.19,observed,29.19,31.76,30.94,30.29,30.26,30.13,29.75,normal,drought,False,0.674,0.259,0.066,0,0,0.29,10
11,2025-08-23,0.076,26.77,predicted,26.77,26.81,26.29,25.99,26.17,26.27,26.12,normal,drought,False,0.675,0.259,0.066,0,0,0.57,6
11,2025-08-24,0.0742,26.15,predicted,26.15,26.21,25.71,25.47,25.67,25.79,25.64,normal,drought,False,0.675,0.259,0.066,0,0,0.57,6
11,2025-08-25,0.075,26.43,predicted,26.43,26.38,25.76,25.34,25.45,25.45,25.28,normal,drought,False,0.673,0.261,0.066,0,0,0.29,10
11,2025-08-26,0.0758,26.7,predicted,26.7,26.64,25.96,25.48,25.58,25.58,25.35,normal,drought,False,0.672,0.262,0.066,0,0,0.29,10
11,2025-08-27,0.0746,26.29,predicted,26.29,26.24,25.63,25.23,25.33,25.33,25.17,normal,drought,False,0.675,0.259,0.066,0,0,0.29,10
11,2025-08-28,0.0743,26.17,predicted,26.17,26.12,25.51,25.12,25.23,25.2,21.77,normal,drought,False,0.675,0.258,0.066,0,0,0.29,10
11,2025-08-29,0.0744,26.22,predicted,26.22,26.18,25.55,25.16,25.28,21.77,25.1,normal,drought,False,0.678,0.255,0.067,0,0,0.29,10
11,2025-08-30,0.0747,26.32,predicted,26.32,26.28,25.65,25.25,21.77,25.36,25.2,normal,drought,False,0.681,0.253,0.066,0,0,0.29,10
11,2025-08-31,0.0748,26.36,predicted,26.36,26.33,25.68,21.77,25.39,25.4,25.2,normal,drought,False,0.68,0.253,0.067,0,0,0.29,10
12,2025-03-01,0.0143,15.04,predicted,15.04,15.28,15.0,15.55,15.98,16.15,19.0,normal,drought,False,0.664,0.221,0.115,0,0,0.29,10
12,2025-03-02,0.0148,15.56,predicted,15.56,15.84,15.58,16.19,16.63,19.0,16.69,normal,drought,False,0.665,0.216,0.119,0,0,0.29,10
12,2025-03-03,0.0149,15.68,predicted,15.68,15.98,15.76,16.3,19.0,17.04,16.91,normal,drought,False,0.668,0.212,0.12,0,0,0.29,10
12,2025-03-04,0.0149,15.74,predicted,15.74,16.0,15.8,19.0,16.56,16.9,16.84,normal,drought,False,0.668,0.211,0.121,0,0,0.29,10
12,2025-03-05,0.0148,15.64,predicted,15.64,15.84,19.0,15.83,16.17,16.48,16.51,normal,drought,False,0.668,0.213,0.12,0,0,0.29,10
12,2025-03-06,0.0145,15.28,predicted,15.28,19.0,15.23,15.31,15.61,15.88,16.0,normal,drought,False,0.668,0.214,0.118,0,0,0.29,10
12,2025-03-07,0.018,19.0,observed,19.0,15.17,14.94,14.95,15.24,15.45,15.63,normal,drought,False,0.67,0.214,0.116,0,0,0.29,10
12,2025-03-08,0.0156,16.42,predicted,16.42,16.47,16.11,16.0,16.25,16.36,16.5,normal,drought,False,0.67,0.216,0.114,0,0,0.57,6
12,2025-03-09,0.0154,16.29,predicted,16.29,16.32,15.94,15.81,16.06,16.14,16.29,normal,drought,False,0.669,0.217,0.114,0,0,0.57,6
12,2025-03-10,0.0152,16.01,predicted,16.01,16.1,15.76,15.7,15.99,16.09,16.26,normal,drought,False,0.666,0.218,0.116,0,0,0.29,10
12,2025-03-11,0.0154,16.29,predicted,16.29,16.4,15.95,16.12,16.48,16.49,16.49,normal,drought,False,0.658,0.221,0.121,0,0,0.29,10
12,2025-03-12,0.0159,16.8,predicted,16.8,17.07,16.65,17.32,17.79,17.84,17.64,normal,drought,False,0.65,0.219,0.131,0,0,0.29,10
12,2025-03-13,0.0165,17.45,predicted,17.45,17.68,17.27,17.6,17.97,18.19,23.58,normal,drought,False,0.647,0.218,0.135,0,0,0.29,10
12,2025-03-14,0.0163,17.19,predicted,17.19,17.33,17.0,17.15,17.44,23.58,17.6,normal,drought,False,0.648,0.219,0.133,0,0,0.29,10
12,2025-03-15,0.0163,17.16,predicted,17.16,17.26,16.96,16.97,23.58,17.44,17.47,normal,drought,False,0.656,0.219,0.125,0,0,0.29,10
12,2025-03-16,0.0161,16.94,predicted,16.94,17.05,16.75,23.58,17.12,17.28,17.35,normal,drought,False,0.67,0.215,0.115,0,0,0.29,10
12,2025-03-17,0.016,16.87,predicted,16.87,17.09,23.58,17.16,17.56,17.69,17.65,normal,drought,False,0.675,0.21,0.114,0,0,0.29,10
12,2025-03-18,0.0162,17.07,predicted,17.07,23.58,16.97,17.28,17.66,17.88,17.81,normal,drought,False,0.675,0.209,0.115,0,0,0.29,10
12,2025-03-19,0.0224,23.58,observed,23.58,17.38,17.04,17.12,17.45,17.71,17.68,normal,drought,False,0.674,0.212,0.114,0,0,0.29,10
12,2025-03-20,0.0205,21.62,predicted,21.62,21.7,21.17,21.17,21.38,21.51,21.34,normal,drought,False,0.673,0.211,0.116,0,0,0.57,6
12,2025-03-21,0.0209,22.04,predicted,22.04,22.09,21.53,21.41,21.61,21.73,21.55,normal,drought,False,0.671,0.214,0.115,0,0,0.57,6
12,2025-03-22,0.0206,21.73,predicted,21.73,21.85,21.39,21.26,21.5,21.69,21.59,normal,drought,False,0.665,0.22,0.115,0,0,0.29,10
12,2025-03-23,0.0206,21.76,predicted,21.76,21.86,21.36,21.24,21.48,21.63,21.5,normal,drought,False,0.66,0.223,0.117,0,0,0.29,10
12,2025-03-24,0.0206,21.68,predicted,21.68,21.74,21.27,21.09,21.3,21.42,21.35,normal,drought,False,0.65,0.229,0.121,0,0,0.29,10
12,2025-03-25,0.0204,21.53,predicted,21.53,21.51,21.01,20.78,20.94,20.97,7.91,normal,drought,False,0.641,0.235,0.124,1,0,0.29,10
12,2025-03-26,0.0201,21.23,predicted,21.23,21.3,20.82,20.66,20.9,7.91,20.94,normal,drought,False,0.688,0.22,0.093,1,0,0.29,10
12,2025-03-27,0.0201,21.16,predicted,21.16,21.22,20.73,20.54,7.91,20.88,20.82,normal,drought,False,0.691,0.219,0.09,1,0,0.29,10
12,2025-03-28,0.0201,21.21,predicted,21.21,21.28,20.77,7.91,20.78,20.91,20.84,normal,drought,False,0.689,0.221,0.09,1,0,0.29,10
12,2025-03-29,0.0202,21.3,predicted,21.3,21.34,7.91,20.59,20.82,20.93,20.86,normal,drought,False,0.679,0.227,0.095,1,0,0.29,10
12,2025-03-30,0.0201,21.22,predicted,21.22,7.91,20.73,20.45,20.63,20.69,20.68,normal,drought,False,0.675,0.23,0.095,1,0,0.29,10
12,2025-03-31,0.0075,7.91,observed,7.91,21.21,20.71,20.4,20.59,20.65,20.64,drought,drought,True,0.69,0.225,0.085,1,0,0.29,10
12,2025-04-01,0.0077,8.12,predicted,8.12,8.58,9.39,9.86,10.3,10.92,11.88,drought,drought,True,0.695,0.223,0.082,7,0,0.57,6
12,2025-04-02,0.0064,6.79,predicted,6.79,7.24,8.02,8.68,9.18,9.68,10.57,drought,drought,True,0.691,0.225,0.084,7,0,0.57,6
12,2025-04-03,0.0062,6.56,predicted,6.56,6.63,6.46,6.5,6.95,7.18,7.29,drought,drought,True,0.705,0.217,0.078,7,0,0.29,10
12,2025-04-04,0.0066,6.97,predicted,6.97,7.15,6.97,7.38,7.95,8.15,8.13,drought,drought,True,0.709,0.208,0.083,7,0,0.29,10
12,2025-04-05,0.0076,8.07,predicted,8.07,8.36,8.19,8.94,9.58,9.81,9.66,drought,drought,True,0.7,0.203,0.097,7,0,0.29,10
12,2025-04-06,0.0067,7.09,predicted,7.09,7.3,7.3,7.88,8.4,8.67,27.11,drought,drought,True,0.693,0.201,0.106,6,0,0.29,10
12,2025-04-07,0.0069,7.3,predicted,7.3,7.53,7.53,8.13,8.67,27.11,9.07,drought,drought,True,0.684,0.197,0.118,6,0,0.29,10
12,2025-04-08,0.0065,6.82,predicted,6.82,6.98,7.02,7.46,27.11,8.21,8.45,drought,drought,True,0.675,0.197,0.127,6,0,0.29,10
12,2025-04-09,0.006,6.37,predicted,6.37,6.46,6.5,27.11,7.06,7.35,7.7,drought,drought,True,0.672,0.198,0.13,6,0,0.29,10
12,2025-04-10,0.0059,6.26,predicted,6.26,6.31,27.11,6.33,6.69,6.97,7.33,drought,drought,True,0.67,0.2,0.129,6,0,0.29,10
12,2025-04-11,0.0057,5.97,predicted,5.97,27.11,6.01,6.17,6.6,6.8,7.08,drought,drought,True,0.667,0.202,0.131,6,0,0.29,10
12,2025-04-12,0.0257,27.11,observed,27.11,6.22,6.13,6.23,6.65,6.88,7.11,normal,drought,False,0.664,0.205,0.131,6,0,0.29,10
12,2025-04-13,0.0227,23.89,predicted,23.89,23.65,22.84,22.31,22.3,22.2,21.96,normal,drought,False,0.663,0.208,0.129,0,0,0.57,6
12,2025-04-14,0.0242,25.48,predicted,25.48,25.17,24.27,23.6,23.52,23.37,23.06,normal,drought,False,0.659,0.213,0.128,0,0,0.57,6
12,2025-04-15,0.0238,25.1,predicted,25.1,25.24,24.66,24.49,24.71,24.92,24.63,normal,drought,False,0.647,0.22,0.133,0,0,0.29,10
12,2025-04-16,0.024,25.26,predicted,25.26,25.38,24.82,24.61,24.82,25.01,24.74,normal,drought,False,0.624,0.232,0.145,0,0,0.29,10
12,2025-04-17,0.0243,25.6,predicted,25.6,25.71,25.18,24.99,25.19,25.38,25.11,normal,drought,False,0.593,0.244,0.162,0,0,0.29,10
12,2025-04-18,0.0243,25.62,predicted,25.62,25.73,25.23,25.03,25.24,25.44,24.31,normal,drought,False,0.604,0.248,0.148,0,0,0.29,10
12,2025-04-19,0.0239,25.23,predicted,25.23,25.29,24.74,24.48,24.66,24.31,24.57,normal,drought,False,0.667,0.231,0.101,0,0,0.29,10
12,2025-04-20,0.024,25.28,predicted,25.28,25.35,24.82,24.58,24.31,24.9,24.7,normal,drought,False,0.663,0.236,0.102,0,0,0.29,10
12,2025-04-21,0.0238,25.09,predicted,25.09,25.13,24.55,24.31,24.41,24.52,24.32,normal,drought,False,0.692,0.226,0.081,0,0,0.29,10
12,2025-04-22,0.0237,25.0,predicted,25.0,25.06,24.31,24.22,24.4,24.49,24.28,normal,drought,False,0.701,0.222,0.077,0,0,0.29,10
12,2025-04-23,0.0237,24.97,predicted,24.97,24.31,24.48,24.32,24.52,24.65,24.41,normal,drought,False,0.701,0.221,0.078,0,0,0.29,10
12,2025-04-24,0.023,24.31,observed,24.31,25.06,24.48,24.3,24.49,24.63,24.37,normal,drought,False,0.697,0.223,0.08,0,0,0.29,10
12,2025-04-25,0.0211,22.24,predicted,22.24,22.42,22.0,21.97,22.27,22.52,22.38,normal,drought,False,0.703,0.22,0.077,0,0,0.57,6
12,2025-04-26,0.0209,22.09,predicted,22.09,22.3,21.9,21.9,22.21,22.5,22.36,normal,drought,False,0.706,0.217,0.077,0,0,0.57,6
12,2025-04-27,0.021,22.17,predicted,22.17,22.31,21.87,21.81,22.07,22.3,22.15,normal,drought,False,0.708,0.215,0.077,0,0,0.29,10
12,2025-04-28,0.0211,22.2,predicted,22.2,22.38,21.93,21.96,22.25,22.47,22.3,normal,drought,False,0.708,0.213,0.079,0,0,0.29,10
12,2025-04-29,0.0216,22.79,predicted,22.79,23.03,22.57,22.7,23.0,23.28,23.06,normal,drought,False,0.712,0.207,0.081,0,0,0.29,10
12,2025-04-30,0.0219,23.07,predicted,23.07,23.39,22.97,23.3,23.64,23.99,4.34,normal,drought,False,0.711,0.202,0.087,1,0,0.29,10
12,2025-05-01,0.0218,23.01,predicted,23.01,23.39,23.03,23.45,23.82,4.34,23.92,normal,drought,False,0.706,0.2,0.094,1,0,0.29,10
12,2025-05-02,0.0219,23.07,predicted,23.07,23.38,23.04,23.21,4.34,23.94,23.72,normal,drought,False,0.701,0.201,0.097,1,0,0.29,10
12,2025-05-03,0.0214,22.62,predicted,22.62,22.86,22.55,4.34,22.9,23.26,23.14,normal,drought,False,0.699,0.203,0.098,1,0,0.29,10
12,2025-05-04,0.0213,22.42,predicted,22.42,22.62,4.34,22.25,22.53,22.82,22.73,normal,drought,False,0.697,0.205,0.098,1,0,0.29,10
12,2025-05-05,0.0214,22.55,predicted,22.55,4.34,22.3,22.13,22.37,22.61,22.54,normal,drought,False,0.691,0.211,0.098,1,0,0.29,10
12,2025-05-06,0.0041,4.34,observed,4.34,22.96,22.49,22.39,22.63,22.81,22.7,drought,drought,True,0.694,0.211,0.096,1,0,0.29,10
12,2025-05-07,0.0057,5.99,predicted,5.99,6.55,7.71,8.7,9.25,9.84,10.95,drought,drought,True,0.697,0.21,0.093,7,0,0.57,6
12,2025-05-08,0.0043,4.57,predicted,4.57,5.08,6.36,7.38,7.91,8.43,9.6,drought,drought,True,0.695,0.211,0.094,7,0,0.57,6
12,2025-05-09,0.0037,3.93,predicted,3.93,3.91,3.93,3.74,4.1,4.43,4.7,drought,drought,True,0.692,0.214,0.095,7,0,0.29,10
12,2025-05-10,0.0039,4.08,predicted,4.08,4.05,4.05,3.77,4.11,4.46,4.74,drought,drought,True,0.686,0.219,0.095,7,0,0.29,10
12,2025-05-11,0.004,4.21,predicted,4.21,4.16,4.18,3.78,4.08,4.47,4.77,drought,drought,True,0.675,0.226,0.099,7,0,0.29,10
12,2025-05-12,0.0041,4.29,predicted,4.29,4.23,4.27,3.75,4.0,4.46,16.96,drought,drought,True,0.664,0.233,0.103,6,0,0.29,10
12,2025-05-13,0.004,4.27,predicted,4.27,4.18,4.21,3.61,3.85,16.96,4.64,drought,drought,True,0.663,0.237,0.1,6,0,0.29,10
12,2025-05-14,0.004,4.27,predicted,4.27,4.18,4.18,3.55,16.96,4.3,4.58,drought,drought,True,0.681,0.233,0.086,6,0,0.29,10
12,2025-05-15,0.0041,4.35,predicted,4.35,4.28,4.25,16.96,3.9,4.39,4.65,drought,drought,True,0.702,0.225,0.073,6,0,0.29,10
12,2025-05-16,0.0041,4.36,predicted,4.36,4.29,16.96,3.61,3.88,4.38,4.64,drought,drought,True,0.701,0.226,0.072,6,0,0.29,10
12,2025-05-17,0.004,4.25,predicted,4.25,16.96,4.15,3.54,3.83,4.31,4.55,drought,drought,True,0.703,0.226,0.071,6,0,0.29,10
12,2025-05-18,0.0161,16.96,observed,16.96,3.45,3.42,3.41,3.92,4.15,4.25,normal,drought,False,0.707,0.22,0.073,6,0,0.29,10
12,2025-05-19,0.0143,15.09,predicted,15.09,15.24,14.79,14.89,15.29,15.56,15.35,normal,drought,False,0.701,0.221,0.078,0,0,0.57,6
12,2025-05-20,0.0154,16.23,predicted,16.23,16.43,16.0,16.27,16.69,16.99,16.69,normal,drought,False,0.704,0.217,0.079,0,0,0.57,6
12,2025-05-21,0.0144,15.24,predicted,15.24,15.39,15.09,15.18,15.53,15.82,15.75,normal,drought,False,0.705,0.217,0.078,0,0,0.29,10
12,2025-05-22,0.0144,15.17,predicted,15.17,15.31,15.04,15.08,15.41,15.72,15.71,normal,drought,False,0.708,0.215,0.077,0,0,0.29,10
12,2025-05-23,0.0145,15.33,predicted,15.33,15.45,15.18,15.08,15.39,15.71,15.74,normal,drought,False,0.709,0.216,0.075,0,0,0.29,10
12,2025-05-24,0.0144,15.21,predicted,15.21,15.29,15.02,14.85,15.13,15.41,32.9,normal,drought,False,0.708,0.218,0.075,0,0,0.29,10
12,2025-05-25,0.0142,15.03,predicted,15.03,15.13,14.81,14.77,15.1,32.9,15.38,normal,drought,False,0.708,0.217,0.075,0,0,0.29,10
12,2025-05-26,0.0144,15.2,predicted,15.2,15.32,14.97,14.95,32.9,15.53,15.53,normal,drought,False,0.708,0.217,0.075,0,0,0.29,10
12,2025-05-27,0.0145,15.29,predicted,15.29,15.4,15.08,32.9,15.28,15.56,15.59,normal,drought,False,0.708,0.218,0.074,0,0,0.29,10
12,2025-05-28,0.0144,15.21,predicted,15.21,15.32,32.9,14.94,15.26,15.52,15.57,normal,drought,False,0.708,0.218,0.074,0,0,0.29,10
12,2025-05-29,0.0144,15.23,predicted,15.23,32.9,15.03,14.77,15.03,15.31,15.46,normal,drought,False,0.704,0.221,0.074,0,0,0.29,10
12,2025-05-30,0.0312,32.9,observed,32.9,15.14,14.87,14.56,14.8,15.02,15.23,normal,drought,False,0.698,0.224,0.077,0,0,0.29,10
12,2025-05-31,0.027,28.44,predicted,28.44,27.87,26.75,25.8,25.52,25.01,24.7,normal,drought,False,0.687,0.229,0.084,0,0,0.57,6
12,2025-06-01,0.0285,30.04,predicted,30.04,29.47,28.31,27.31,27.0,26.52,26.11,normal,drought,False,0.692,0.228,0.08,0,0,0.57,6
12,2025-06-02,0.0294,30.97,predicted,30.97,30.95,30.18,29.71,29.75,29.8,29.31,normal,drought,False,0.69,0.23,0.08,0,0,0.29,10
12,2025-06-03,0.0291,30.66,predicted,30.66,30.63,29.9,29.45,29.49,29.52,29.13,normal,drought,False,0.705,0.224,0.071,0,0,0.29,10
12,2025-06-04,0.0291,30.65,predicted,30.65,30.61,29.89,29.42,29.46,29.48,29.1,normal,drought,False,0.706,0.224,0.07,0,0,0.29,10
12,2025-06-05,0.0288,30.41,predicted,30.41,30.37,29.67,29.23,29.27,29.26,34.83,normal,drought,False,0.709,0.222,0.069,0,0,0.29,10
12,2025-06-06,0.0289,30.46,predicted,30.46,30.42,29.68,29.21,29.25,34.83,28.88,normal,drought,False,0.707,0.223,0.07,0,0,0.29,10
12,2025-06-07,0.0289,30.45,predicted,30.45,30.42,29.7,29.25,34.83,29.3,28.93,normal,drought,False,0.704,0.225,0.071,0,0,0.29,10
12,2025-06-08,0.0287,30.31,predicted,30.31,30.26,29.57,34.83,29.18,29.17,28.85,normal,drought,False,0.707,0.223,0.07,0,0,0.29,10
12,2025-06-09,0.0287,30.24,predicted,30.24,30.17,34.83,29.03,29.06,29.0,28.73,normal,drought,False,0.709,0.222,0.07,0,0,0.29,10
12,2025-06-10,0.0287,30.22,predicted,30.22,34.83,29.43,28.95,28.98,28.9,28.62,normal,drought,False,0.708,0.222,0.07,0,0,0.29,10
12,2025-06-11,0.033,34.83,observed,34.83,29.96,29.19,28.76,28.81,28.77,28.4,normal,drought,False,0.71,0.219,0.07,0,0,0.29,10
12,2025-06-12,0.0302,31.88,predicted,31.88,31.83,30.98,30.54,30.55,30.52,29.99,normal,drought,False,0.71,0.217,0.073,0,0,0.57,6
12,2025-06-13,0.031,32.73,predicted,32.73,32.71,31.88,31.43,31.43,31.45,30.89,normal,drought,False,0.707,0.219,0.074,0,0,0.57,6
12,2025-06-14,0.0308,32.45,predicted,32.45,32.45,31.73,31.36,31.38,31.43,30.97,normal,drought,False,0.712,0.216,0.073,0,0,0.29,10
12,2025-06-15,0.0308,32.45,predicted,32.45,32.53,31.81,31.57,31.63,31.76,31.21,normal,drought,False,0.714,0.211,0.075,0,0,0.29,10
12,2025-06-16,0.0307,32.42,predicted,32.42,32.55,31.85,31.67,31.74,31.93,31.35,normal,drought,False,0.712,0.209,0.079,0,0,0.29,10
12,2025-06-17,0.031,32.7,predicted,32.7,32.87,32.19,32.03,32.11,32.4,31.87,normal,drought,False,0.709,0.207,0.083,0,0,0.29,10
12,2025-06-18,0.0314,33.13,predicted,33.13,33.31,32.64,32.44,32.5,31.87,32.15,normal,drought,False,0.706,0.208,0.086,0,0,0.29,10
12,2025-06-19,0.0317,33.48,predicted,33.48,33.61,33.01,32.76,31.87,33.05,32.52,normal,drought,False,0.704,0.21,0.086,0,0,0.29,10
12,2025-06-20,0.0316,33.32,predicted,33.32,33.36,32.77,31.87,32.42,32.52,32.14,normal,drought,False,0.702,0.213,0.085,0,0,0.29,10
12,2025-06-21,0.0312,32.93,predicted,32.93,32.9,31.87,31.84,31.81,31.79,31.46,normal,drought,False,0.7,0.215,0.084,0,0,0.29,10
12,2025-06-22,0.0309,32.63,predicted,32.63,31.87,31.86,31.38,31.35,31.27,30.93,normal,drought,False,0.7,0.217,0.083,0,0,0.29,10
12,2025-06-23,0.0302,31.87,observed,31.87,32.42,31.66,31.15,31.12,31.02,30.67,normal,drought,False,0.698,0.219,0.082,0,0,0.29,10
12,2025-06-24,0.0281,29.66,predicted,29.66,29.68,29.05,28.69,28.79,28.83,28.55,normal,drought,False,0.694,0.223,0.083,0,0,0.57,6
12,2025-06-25,0.0278,29.29,predicted,29.29,29.28,28.67,28.31,28.4,28.4,28.18,normal,drought,False,0.692,0.226,0.082,0,0,0.57,6
12,2025-06-26,0.0278,29.32,predicted,29.32,29.25,28.52,28.02,28.07,28.0,27.73,normal,drought,False,0.696,0.224,0.079,0,0,0.29,10
12,2025-06-27,0.0277,29.26,predicted,29.26,29.2,28.44,27.97,28.03,27.99,27.65,normal,drought,False,0.691,0.227,0.082,0,0,0.29,10
12,2025-06-28,0.0281,29.59,predicted,29.59,29.54,28.78,28.31,28.37,28.35,27.97,normal,drought,False,0.68,0.234,0.086,0,0,0.29,10
12,2025-06-29,0.028,29.53,predicted,29.53,29.48,28.69,28.22,28.28,28.29,39.15,normal,drought,False,0.688,0.232,0.081,0,0,0.29,10
12,2025-06-30,0.0281,29.63,predicted,29.63,29.59,28.84,28.37,28.42,39.15,28.04,normal,drought,False,0.692,0.231,0.077,0,0,0.29,10
12,2025-07-01,0.0281,29.59,predicted,29.59,29.54,28.86,28.4,39.15,28.45,28.14,normal,drought,False,0.7,0.228,0.072,0,0,0.29,10
12,2025-07-02,0.0277,29.26,predicted,29.26,29.19,28.54,39.15,28.13,28.06,27.86,normal,drought,False,0.707,0.224,0.07,0,0,0.29,10
12,2025-07-03,0.0276,29.13,predicted,29.13,29.04,39.15,27.88,27.92,27.81,27.62,normal,drought,False,0.707,0.223,0.07,0,0,0.29,10
12,2025-07-04,0.0276,29.12,predicted,29.12,39.15,28.3,27.77,27.81,27.7,27.48,normal,drought,False,0.706,0.224,0.07,0,0,0.29,10
12,2025-07-05,0.0371,39.15,observed,39.15,28.91,28.21,27.68,27.72,27.59,27.4,normal,drought,False,0.706,0.224,0.069,0,0,0.29,10
12,2025-07-06,0.0344,36.31,predicted,36.31,35.94,34.83,33.86,33.6,33.14,32.6,normal,drought,False,0.706,0.225,0.069,0,0,0.57,6
12,2025-07-07,0.0349,36.81,predicted,36.81,36.43,35.31,34.33,34.06,33.58,33.03,normal,drought,False,0.706,0.225,0.069,0,0,0.57,6
12,2025-07-08,0.0344,36.23,predicted,36.23,35.98,35.07,34.35,34.18,33.83,33.43,normal,drought,False,0.705,0.226,0.069,0,0,0.29,10
12,2025-07-09,0.0344,36.3,predicted,36.3,36.04,35.11,34.34,34.18,33.83,33.4,normal,drought,False,0.703,0.227,0.07,0,0,0.29,10
12,2025-07-10,0.0345,36.39,predicted,36.39,36.12,35.16,34.35,34.18,33.86,33.36,normal,drought,False,0.7,0.23,0.07,0,0,0.29,10
12,2025-07-11,0.0345,36.38,predicted,36.38,36.12,35.13,34.28,34.12,33.84,35.87,normal,drought,False,0.699,0.232,0.068,0,0,0.29,10
12,2025-07-12,0.0344,36.33,predicted,36.33,36.09,35.14,34.36,34.2,35.87,33.4,normal,drought,False,0.699,0.233,0.067,0,0,0.29,10
12,2025-07-13,0.0344,36.34,predicted,36.34,36.1,35.15,34.39,35.87,33.97,33.43,normal,drought,False,0.701,0.233,0.066,0,0,0.29,10
12,2025-07-14,0.0343,36.18,predicted,36.18,35.95,35.04,35.87,34.17,33.9,33.43,normal,drought,False,0.701,0.233,0.066,0,0,0.29,10
12,2025-07-15,0.0343,36.19,predicted,36.19,35.96,35.87,34.38,34.22,33.94,33.47,normal,drought,False,0.701,0.231,0.067,0,0,0.29,10
12,2025-07-16,0.0344,36.31,predicted,36.31,35.87,35.19,34.49,34.33,34.05,33.59,normal,drought,False,0.702,0.231,0.067,0,0,0.29,10
12,2025-07-17,0.034,35.87,observed,35.87,35.9,34.98,34.29,34.14,33.92,33.37,normal,drought,False,0.705,0.228,0.067,0,0,0.29,10
12,2025-07-18,0.0313,33.02,predicted,33.02,32.93,32.18,31.69,31.68,31.62,31.21,normal,drought,False,0.704,0.229,0.067,0,0,0.57,6
12,2025-07-19,0.0312,32.87,predicted,32.87,32.8,32.06,31.59,31.58,31.57,31.13,normal,drought,False,0.706,0.227,0.067,0,0,0.57,6
12,2025-07-20,0.0313,33.06,predicted,33.06,32.94,32.13,31.59,31.54,31.44,31.0,normal,drought,False,0.705,0.228,0.067,0,0,0.29,10
12,2025-07-21,0.0313,33.04,predicted,33.04,32.94,32.14,31.64,31.6,31.53,31.07,normal,drought,False,0.708,0.225,0.067,0,0,0.29,10
12,2025-07-22,0.0313,33.05,predicted,33.05,32.98,32.21,31.76,31.73,31.69,31.24,normal,drought,False,0.712,0.222,0.066,0,0,0.29,10
12,2025-07-23,0.0314,33.11,predicted,33.11,33.06,32.31,31.9,31.88,31.84,35.35,normal,drought,False,0.715,0.218,0.066,0,0,0.29,10
12,2025-07-24,0.0315,33.25,predicted,33.25,33.21,32.47,32.05,32.04,35.35,31.58,normal,drought,False,0.716,0.216,0.068,0,0,0.29,10
12,2025-07-25,0.0315,33.24,predicted,33.24,33.19,32.45,32.03,35.35,31.95,31.55,normal,drought,False,0.714,0.217,0.07,0,0,0.29,10
12,2025-07-26,0.0315,33.28,predicted,33.28,33.21,32.48,35.35,32.02,31.95,31.57,normal,drought,False,0.713,0.216,0.071,0,0,0.29,10
12,2025-07-27,0.0315,33.17,predicted,33.17,33.1,35.35,31.88,31.85,31.75,31.35,normal,drought,False,0.71,0.216,0.073,0,0,0.29,10
12,2025-07-28,0.0317,33.39,predicted,33.39,35.35,32.54,32.04,31.99,31.87,31.51,normal,drought,False,0.709,0.218,0.073,0,0,0.29,10
12,2025-07-29,0.0335,35.35,observed,35.35,33.26,32.48,31.92,31.86,31.71,31.36,normal,drought,False,0.708,0.219,0.073,0,0,0.29,10
12,2025-07-30,0.0313,32.99,predicted,32.99,32.86,32.09,31.51,31.46,31.3,30.98,normal,drought,False,0.706,0.221,0.073,0,0,0.57,6
12,2025-07-31,0.0312,32.87,predicted,32.87,32.71,31.9,31.26,31.2,31.03,30.68,normal,drought,False,0.704,0.224,0.072,0,0,0.57,6
12,2025-08-01,0.031,32.66,predicted,32.66,32.49,31.65,30.99,30.93,30.75,30.36,normal,drought,False,0.703,0.225,0.072,0,0,0.29,10
12,2025-08-02,0.0309,32.62,predicted,32.62,32.49,31.59,30.96,30.92,30.82,30.3,normal,drought,False,0.704,0.224,0.073,0,0,0.29,10
12,2025-08-03,0.031,32.7,predicted,32.7,32.64,31.76,31.23,31.22,31.23,30.61,normal,drought,False,0.703,0.223,0.074,0,0,0.29,10
12,2025-08-04,0.0309,32.64,predicted,32.64,32.65,31.81,31.41,31.42,31.51,37.7,normal,drought,False,0.703,0.221,0.075,0,0,0.29,10
12,2025-08-05,0.0317,33.42,predicted,33.42,33.5,32.72,32.48,32.5,37.7,32.01,normal,drought,False,0.706,0.217,0.077,0,0,0.29,10
12,2025-08-06,0.0318,33.59,predicted,33.59,33.67,32.96,32.7,37.7,32.88,32.3,normal,drought,False,0.705,0.216,0.078,0,0,0.29,10
12,2025-08-07,0.0319,33.64,predicted,33.64,33.67,33.0,37.7,32.65,32.73,32.27,normal,drought,False,0.704,0.217,0.079,0,0,0.29,10
12,2025-08-08,0.0317,33.43,predicted,33.43,33.41,37.7,32.35,32.32,32.31,31.93,normal,drought,False,0.704,0.217,0.078,0,0,0.29,10
12,2025-08-09,0.0315,33.18,predicted,33.18,37.7,32.43,31.99,31.96,31.89,31.52,normal,drought,False,0.705,0.217,0.078,0,0,0.29,10
12,2025-08-10,0.0357,37.7,observed,37.7,32.78,32.03,31.55,31.51,31.42,31.05,normal,drought,False,0.707,0.217,0.076,0,0,0.29,10
12,2025-08-11,0.0333,35.14,predicted,35.14,34.98,34.09,33.46,33.32,33.11,32.65,normal,drought,False,0.709,0.216,0.075,0,0,0.57,6
12,2025-08-12,0.0333,35.13,predicted,35.13,34.95,34.06,33.43,33.3,33.06,32.6,normal,drought,False,0.711,0.215,0.074,0,0,0.57,6
12,2025-08-13,0.0331,34.86,predicted,34.86,34.74,33.9,33.36,33.27,33.09,32.66,normal,drought,False,0.711,0.214,0.075,0,0,0.29,10
12,2025-08-14,0.0332,35.03,predicted,35.03,34.91,34.04,33.47,33.38,33.22,32.74,normal,drought,False,0.708,0.215,0.077,0,0,0.29,10
12,2025-08-15,0.0334,35.22,predicted,35.22,35.11,34.26,33.7,33.64,33.49,32.99,normal,drought,False,0.702,0.218,0.08,0,0,0.29,10
12,2025-08-16,0.0334,35.22,predicted,35.22,35.1,34.25,33.68,33.6,33.45,37.57,normal,drought,False,0.698,0.22,0.082,0,0,0.29,10
12,2025-08-17,0.0335,35.37,predicted,35.37,35.24,34.36,33.75,33.66,37.57,32.97,normal,drought,False,0.693,0.223,0.083,0,0,0.29,10
12,2025-08-18,0.0336,35.46,predicted,35.46,35.35,34.49,33.89,37.57,33.68,33.14,normal,drought,False,0.694,0.224,0.082,0,0,0.29,10
12,2025-08-19,0.0332,35.06,predicted,35.06,34.92,34.09,37.57,33.43,33.24,32.79,normal,drought,False,0.704,0.22,0.076,0,0,0.29,10
12,2025-08-20,0.0333,35.09,predicted,35.09,34.92,37.57,33.55,33.45,33.2,32.85,normal,drought,False,0.707,0.218,0.075,0,0,0.29,10
12,2025-08-21,0.0334,35.19,predicted,35.19,37.57,34.13,33.46,33.34,33.07,32.68,normal,drought,False,0.704,0.22,0.076,0,0,0.29,10
12,2025-08-22,0.0356,37.57,observed,37.57,35.0,34.08,33.32,33.2,32.96,32.47,normal,drought,False,0.701,0.224,0.075,0,0,0.29,10
12,2025-08-23,0.0331,34.95,predicted,34.95,34.76,33.85,33.16,33.05,32.84,32.34,normal,drought,False,0.702,0.224,0.074,0,0,0.57,6
12,2025-08-24,0.0329,34.75,predicted,34.75,34.58,33.68,33.03,32.93,32.74,32.23,normal,drought,False,0.702,0.224,0.074,0,0,0.57,6
12,2025-08-25,0.033,34.85,predicted,34.85,34.67,33.81,33.2,33.09,32.87,32.44,normal,drought,False,0.701,0.225,0.074,0,0,0.29,10
12,2025-08-26,0.0333,35.08,predicted,35.08,34.9,33.99,33.3,33.18,32.98,32.48,normal,drought,False,0.7,0.226,0.074,0,0,0.29,10
12,2025-08-27,0.0329,34.71,predicted,34.71,34.53,33.69,33.09,32.98,32.76,32.34,normal,drought,False,0.702,0.224,0.073,0,0,0.29,10
12,2025-08-28,0.0328,34.61,predicted,34.61,34.43,33.6,33.01,32.91,32.66,33.28,normal,drought,False,0.703,0.223,0.074,0,0,0.29,10
12,2025-08-29,0.0328,34.65,predicted,34.65,34.47,33.62,33.03,32.93,33.28,32.27,normal,drought,False,0.704,0.222,0.074,0,0,0.29,10
12,2025-08-30,0.0329,34.73,predicted,34.73,34.56,33.7,33.09,33.28,32.76,32.34,normal,drought,False,0.706,0.221,0.073,0,0,0.29,10
12,2025-08-31,0.0329,34.74,predicted,34.74,34.58,33.7,33.28,32.98,32.78,32.31,normal,drought,False,0.706,0.221,0.074,0,0,0.29,10
13,2025-03-01,0.0302,41.06,predicted,41.06,41.14,40.31,39.95,39.77,39.91,46.11,normal,drought,False,0.538,0.379,0.083,0,0,0.29,10
13,2025-03-02,0.0305,41.54,predicted,41.54,41.67,40.87,40.55,40.37,46.11,39.65,normal,drought,False,0.554,0.364,0.082,0,0,0.29,10
13,2025-03-03,0.0306,41.68,predicted,41.68,41.81,41.07,40.78,46.11,40.77,39.93,normal,drought,False,0.568,0.352,0.08,0,0,0.29,10
13,2025-03-04,0.0307,41.83,predicted,41.83,41.91,41.18,46.11,40.6,40.73,39.94,normal,drought,False,0.569,0.351,0.08,0,0,0.29,10
13,2025-03-05,0.0306,41.7,predicted,41.7,41.73,46.11,40.55,40.32,40.34,39.64,normal,drought,False,0.566,0.356,0.079,0,0,0.29,10
13,2025-03-06,0.0303,41.28,predicted,41.28,46.11,40.5,40.0,39.76,39.65,39.06,normal,drought,False,0.565,0.358,0.077,0,0,0.29,10
13,2025-03-07,0.0339,46.11,observed,46.11,40.81,40.01,39.45,39.2,38.99,38.45,normal,drought,False,0.567,0.358,0.075,0,0,0.29,10
13,2025-03-08,0.0328,44.58,predicted,44.58,44.32,43.24,42.32,41.91,41.44,40.72,normal,drought,False,0.565,0.361,0.074,0,0,0.57,6
13,2025-03-09,0.0327,44.5,predicted,44.5,44.2,43.07,42.11,41.69,41.18,40.44,normal,drought,False,0.563,0.363,0.074,0,0,0.57,6
13,2025-03-10,0.0322,43.85,predicted,43.85,43.61,42.61,41.83,41.49,41.07,40.4,normal,drought,False,0.562,0.363,0.075,0,0,0.29,10
13,2025-03-11,0.0325,44.19,predicted,44.19,44.01,42.9,42.02,41.71,41.47,40.52,normal,drought,False,0.554,0.367,0.079,0,0,0.29,10
13,2025-03-12,0.0329,44.73,predicted,44.73,44.7,43.61,42.95,42.67,42.68,41.53,normal,drought,False,0.556,0.359,0.084,0,0,0.29,10
13,2025-03-13,0.0335,45.55,predicted,45.55,45.56,44.57,44.0,43.73,43.76,42.94,normal,drought,False,0.551,0.359,0.09,0,0,0.29,10
13,2025-03-14,0.0336,45.71,predicted,45.71,45.7,44.78,44.19,43.89,42.94,42.88,normal,drought,False,0.554,0.358,0.088,0,0,0.29,10
13,2025-03-15,0.0336,45.74,predicted,45.74,45.69,44.83,44.2,42.94,43.81,42.93,normal,drought,False,0.559,0.356,0.084,0,0,0.29,10
13,2025-03-16,0.0333,45.38,predicted,45.38,45.31,44.47,42.94,43.55,43.41,42.6,normal,drought,False,0.581,0.343,0.075,0,0,0.29,10
13,2025-03-17,0.0333,45.33,predicted,45.33,45.31,42.94,43.79,43.47,43.44,42.49,normal,drought,False,0.598,0.33,0.072,0,0,0.29,10
13,2025-03-18,0.0333,45.37,predicted,45.37,42.94,44.47,43.91,43.6,43.55,42.64,normal,drought,False,0.6,0.327,0.073,0,0,0.29,10
13,2025-03-19,0.0316,42.94,observed,42.94,45.46,44.57,43.93,43.59,43.47,42.62,normal,drought,False,0.592,0.334,0.074,0,0,0.29,10
13,2025-03-20,0.031,42.2,predicted,42.2,42.23,41.51,41.11,40.9,40.9,40.22,normal,drought,False,0.589,0.336,0.075,0,0,0.57,6
13,2025-03-21,0.0308,41.94,predicted,41.94,41.93,41.16,40.65,40.43,40.41,39.72,normal,drought,False,0.582,0.343,0.076,0,0,0.57,6
13,2025-03-22,0.0309,42.08,predicted,42.08,41.95,41.03,40.3,40.01,39.83,39.12,normal,drought,False,0.568,0.355,0.078,0,0,0.29,10
13,2025-03-23,0.0307,41.84,predicted,41.84,41.69,40.73,39.95,39.66,39.47,38.73,normal,drought,False,0.555,0.363,0.082,0,0,0.29,10
13,2025-03-24,0.0308,41.86,predicted,41.86,41.71,40.75,39.97,39.7,39.51,38.76,normal,drought,False,0.541,0.373,0.086,0,0,0.29,10
13,2025-03-25,0.0309,42.01,predicted,42.01,41.85,40.91,40.12,39.85,39.63,45.94,normal,drought,False,0.522,0.385,0.092,0,0,0.29,10
13,2025-03-26,0.0304,41.39,predicted,41.39,41.2,40.21,39.42,39.14,45.94,38.17,normal,drought,False,0.596,0.339,0.064,0,0,0.29,10
13,2025-03-27,0.0303,41.28,predicted,41.28,41.09,40.08,39.27,45.94,38.78,38.02,normal,drought,False,0.6,0.337,0.063,0,0,0.29,10
13,2025-03-28,0.0303,41.21,predicted,41.21,41.03,40.02,45.94,38.94,38.74,37.97,normal,drought,False,0.596,0.339,0.065,0,0,0.29,10
13,2025-03-29,0.0305,41.53,predicted,41.53,41.35,45.94,39.55,39.29,39.1,38.32,normal,drought,False,0.576,0.354,0.07,0,0,0.29,10
13,2025-03-30,0.0306,41.61,predicted,41.61,45.94,40.47,39.68,39.42,39.2,38.47,normal,drought,False,0.564,0.363,0.073,0,0,0.29,10
13,2025-03-31,0.0338,45.94,observed,45.94,41.17,40.21,39.39,39.11,38.84,38.15,normal,drought,False,0.594,0.343,0.062,0,0,0.29,10
13,2025-04-01,0.0323,43.91,predicted,43.91,43.59,42.47,41.44,41.04,40.63,39.83,normal,drought,False,0.606,0.335,0.059,0,0,0.57,6
13,2025-04-02,0.0326,44.31,predicted,44.31,44.03,42.89,41.87,41.48,41.15,40.23,normal,drought,False,0.604,0.335,0.061,0,0,0.57,6
13,2025-04-03,0.0323,43.92,predicted,43.92,43.75,42.7,41.87,41.54,41.37,40.44,normal,drought,False,0.622,0.321,0.056,0,0,0.29,10
13,2025-04-04,0.0324,44.09,predicted,44.09,44.02,43.02,42.38,42.08,42.04,41.05,normal,drought,False,0.632,0.312,0.056,0,0,0.29,10
13,2025-04-05,0.0333,45.33,predicted,45.33,45.41,44.47,44.05,43.78,43.89,42.81,normal,drought,False,0.643,0.297,0.06,0,0,0.29,10
13,2025-04-06,0.0336,45.73,predicted,45.73,45.82,44.96,44.58,44.3,44.39,42.94,normal,drought,False,0.643,0.292,0.065,0,0,0.29,10
13,2025-04-07,0.0339,46.12,predicted,46.12,46.22,45.45,45.15,44.85,42.94,44.02,normal,drought,False,0.646,0.284,0.069,0,0,0.29,10
13,2025-04-08,0.0342,46.54,predicted,46.54,46.64,45.87,45.51,42.94,45.25,44.36,normal,drought,False,0.645,0.282,0.073,0,0,0.29,10
13,2025-04-09,0.0339,46.11,predicted,46.11,46.11,45.33,42.94,44.46,44.39,43.61,normal,drought,False,0.639,0.289,0.073,0,0,0.29,10
13,2025-04-10,0.0334,45.46,predicted,45.46,45.39,42.94,43.91,43.55,43.38,42.65,normal,drought,False,0.632,0.296,0.072,0,0,0.29,10
13,2025-04-11,0.0329,44.73,predicted,44.73,42.94,43.75,43.05,42.69,42.5,41.75,normal,drought,False,0.626,0.302,0.072,0,0,0.29,10
13,2025-04-12,0.0316,42.94,observed,42.94,44.38,43.41,42.63,42.28,42.07,41.27,normal,drought,False,0.617,0.311,0.072,0,0,0.29,10
13,2025-04-13,0.0305,41.51,predicted,41.51,41.45,40.6,39.98,39.75,39.66,38.97,normal,drought,False,0.613,0.316,0.071,0,0,0.57,6
13,2025-04-14,0.0304,41.43,predicted,41.43,41.35,40.43,39.73,39.51,39.43,38.67,normal,drought,False,0.604,0.325,0.071,0,0,0.57,6
13,2025-04-15,0.0307,41.71,predicted,41.71,41.6,40.58,39.79,39.53,39.43,38.57,normal,drought,False,0.586,0.338,0.075,0,0,0.29,10
13,2025-04-16,0.0308,41.86,predicted,41.86,41.75,40.75,39.97,39.72,39.61,38.77,normal,drought,False,0.554,0.361,0.085,0,0,0.29,10
13,2025-04-17,0.0311,42.32,predicted,42.32,42.22,41.26,40.51,40.25,40.16,39.31,normal,drought,False,0.514,0.385,0.101,0,0,0.29,10
13,2025-04-18,0.0312,42.49,predicted,42.49,42.39,41.48,40.73,40.48,40.4,43.77,normal,drought,False,0.509,0.392,0.099,0,0,0.29,10
13,2025-04-19,0.0308,41.92,predicted,41.92,41.77,40.83,40.04,39.77,43.77,38.84,normal,drought,False,0.569,0.36,0.071,0,0,0.29,10
13,2025-04-20,0.0308,41.94,predicted,41.94,41.79,40.87,40.1,43.77,39.65,38.9,normal,drought,False,0.564,0.364,0.072,0,0,0.29,10
13,2025-04-21,0.0306,41.66,predicted,41.66,41.48,40.53,43.77,39.45,39.24,38.52,normal,drought,False,0.589,0.349,0.061,0,0,0.29,10
13,2025-04-22,0.0304,41.31,predicted,41.31,41.13,43.77,39.35,39.08,38.87,38.12,normal,drought,False,0.606,0.337,0.057,0,0,0.29,10
13,2025-04-23,0.0304,41.43,predicted,41.43,43.77,40.29,39.54,39.28,39.12,38.32,normal,drought,False,0.605,0.336,0.058,0,0,0.29,10
13,2025-04-24,0.0322,43.77,observed,43.77,41.59,40.59,39.85,39.6,39.5,38.64,normal,drought,False,0.601,0.339,0.06,0,0,0.29,10
13,2025-04-25,0.0312,42.52,predicted,42.52,42.39,41.36,40.54,40.26,40.16,39.24,normal,drought,False,0.613,0.329,0.058,0,0,0.57,6
13,2025-04-26,0.0313,42.6,predicted,42.6,42.48,41.49,40.73,40.44,40.36,39.47,normal,drought,False,0.623,0.321,0.056,0,0,0.57,6
13,2025-04-27,0.0313,42.56,predicted,42.56,42.47,41.55,40.89,40.62,40.55,39.71,normal,drought,False,0.63,0.315,0.055,0,0,0.29,10
13,2025-04-28,0.0315,42.82,predicted,42.82,42.77,41.84,41.22,40.95,40.92,40.05,normal,drought,False,0.632,0.312,0.056,0,0,0.29,10
13,2025-04-29,0.0314,42.76,predicted,42.76,42.71,41.81,41.2,40.94,40.91,40.07,normal,drought,False,0.637,0.307,0.056,0,0,0.29,10
13,2025-04-30,0.0316,43.0,predicted,43.0,43.0,42.12,41.59,41.34,41.35,55.0,normal,drought,False,0.643,0.301,0.056,0,0,0.29,10
13,2025-05-01,0.0315,42.84,predicted,42.84,42.87,41.98,41.44,41.2,55.0,40.35,normal,drought,False,0.643,0.301,0.057,0,0,0.29,10
13,2025-05-02,0.0317,43.13,predicted,43.13,43.12,42.25,41.65,55.0,41.41,40.56,normal,drought,False,0.64,0.303,0.058,0,0,0.29,10
13,2025-05-03,0.0316,43.05,predicted,43.05,43.0,42.14,55.0,41.22,41.18,40.38,normal,drought,False,0.636,0.306,0.058,0,0,0.29,10
13,2025-05-04,0.0315,42.85,predicted,42.85,42.77,55.0,41.18,40.89,40.8,40.03,normal,drought,False,0.63,0.311,0.059,0,0,0.29,10
13,2025-05-05,0.0316,43.0,predicted,43.0,55.0,41.96,41.19,40.89,40.74,39.99,normal,drought,False,0.62,0.321,0.059,0,0,0.29,10
13,2025-05-06,0.0404,55.0,observed,55.0,42.83,41.9,41.15,40.84,40.65,39.91,normal,drought,False,0.621,0.321,0.059,0,0,0.29,10
13,2025-05-07,0.0392,53.37,predicted,53.37,52.94,51.47,50.01,49.3,48.63,47.39,normal,drought,False,0.625,0.318,0.057,0,0,0.57,6
13,2025-05-08,0.0396,53.88,predicted,53.88,53.44,51.94,50.42,49.7,49.04,47.74,normal,drought,False,0.624,0.319,0.057,0,0,0.57,6
13,2025-05-09,0.0393,53.45,predicted,53.45,53.3,52.44,51.67,51.14,50.86,49.92,normal,drought,False,0.618,0.323,0.059,0,0,0.29,10
13,2025-05-10,0.0393,53.45,predicted,53.45,53.29,52.42,51.61,51.07,50.79,49.84,normal,drought,False,0.609,0.331,0.06,0,0,0.29,10
13,2025-05-11,0.0393,53.47,predicted,53.47,53.29,52.47,51.69,51.15,50.85,49.94,normal,drought,False,0.6,0.339,0.061,0,0,0.29,10
13,2025-05-12,0.0391,53.16,predicted,53.16,52.95,52.14,51.36,50.82,50.44,48.47,normal,drought,False,0.596,0.343,0.061,0,0,0.29,10
13,2025-05-13,0.0391,53.22,predicted,53.22,53.0,52.19,51.4,50.87,48.47,49.65,normal,drought,False,0.587,0.349,0.064,0,0,0.29,10
13,2025-05-14,0.039,53.02,predicted,53.02,52.77,51.88,51.0,48.47,50.05,49.17,normal,drought,False,0.592,0.347,0.061,0,0,0.29,10
13,2025-05-15,0.0387,52.66,predicted,52.66,52.41,51.51,48.47,50.09,49.69,48.82,normal,drought,False,0.613,0.332,0.054,0,0,0.29,10
13,2025-05-16,0.0387,52.67,predicted,52.67,52.43,48.47,50.67,50.13,49.75,48.86,normal,drought,False,0.613,0.333,0.054,0,0,0.29,10
13,2025-05-17,0.0387,52.61,predicted,52.61,48.47,51.47,50.6,50.06,49.72,48.8,normal,drought,False,0.616,0.331,0.054,0,0,0.29,10
13,2025-05-18,0.0356,48.47,observed,48.47,52.46,51.57,50.79,50.28,50.1,49.05,normal,drought,False,0.625,0.322,0.054,0,0,0.29,10
13,2025-05-19,0.0345,47.0,predicted,47.0,47.1,46.6,46.35,46.11,46.29,45.48,normal,drought,False,0.624,0.319,0.056,0,0,0.57,6
13,2025-05-20,0.0344,46.84,predicted,46.84,46.97,46.47,46.25,46.01,46.26,45.4,normal,drought,False,0.621,0.321,0.058,0,0,0.57,6
13,2025-05-21,0.0349,47.44,predicted,47.44,47.38,46.46,45.78,45.41,45.36,44.35,normal,drought,False,0.622,0.32,0.057,0,0,0.29,10
13,2025-05-22,0.0349,47.43,predicted,47.43,47.35,46.46,45.73,45.34,45.28,44.31,normal,drought,False,0.627,0.317,0.056,0,0,0.29,10
13,2025-05-23,0.0348,47.4,predicted,47.4,47.29,46.41,45.64,45.24,45.11,44.21,normal,drought,False,0.626,0.319,0.055,0,0,0.29,10
13,2025-05-24,0.0347,47.16,predicted,47.16,47.01,46.13,45.35,44.93,44.71,43.44,normal,drought,False,0.622,0.323,0.055,0,0,0.29,10
13,2025-05-25,0.0344,46.8,predicted,46.8,46.63,45.71,44.87,44.44,43.44,43.38,normal,drought,False,0.618,0.326,0.055,0,0,0.29,10
13,2025-05-26,0.0344,46.76,predicted,46.76,46.59,45.61,44.71,43.44,44.11,43.17,normal,drought,False,0.619,0.327,0.054,0,0,0.29,10
13,2025-05-27,0.0344,46.77,predicted,46.77,46.59,45.61,43.44,44.33,44.11,43.21,normal,drought,False,0.62,0.327,0.053,0,0,0.29,10
13,2025-05-28,0.0344,46.78,predicted,46.78,46.6,43.44,44.73,44.32,44.1,43.19,normal,drought,False,0.62,0.327,0.053,0,0,0.29,10
13,2025-05-29,0.0344,46.85,predicted,46.85,43.44,45.66,44.8,44.39,44.09,43.27,normal,drought,False,0.613,0.333,0.053,0,0,0.29,10
13,2025-05-30,0.0319,43.44,observed,43.44,46.54,45.55,44.65,44.23,43.88,43.08,normal,drought,False,0.607,0.337,0.056,0,0,0.29,10
13,2025-05-31,0.0309,41.99,predicted,41.99,41.92,41.1,40.46,40.25,40.2,39.44,normal,drought,False,0.591,0.346,0.063,0,0,0.57,6
13,2025-06-01,0.0305,41.56,predicted,41.56,41.49,40.67,40.05,39.85,39.82,39.07,normal,drought,False,0.601,0.34,0.059,0,0,0.57,6
13,2025-06-02,0.0309,42.1,predicted,42.1,41.94,40.93,40.08,39.81,39.69,38.81,normal,drought,False,0.602,0.34,0.058,0,0,0.29,10
13,2025-06-03,0.0308,41.86,predicted,41.86,41.69,40.72,39.93,39.65,39.48,38.71,normal,drought,False,0.616,0.33,0.054,0,0,0.29,10
13,2025-06-04,0.0308,41.89,predicted,41.89,41.71,40.74,39.93,39.65,39.46,38.7,normal,drought,False,0.618,0.329,0.053,0,0,0.29,10
13,2025-06-05,0.0306,41.58,predicted,41.58,41.39,40.44,39.65,39.37,39.16,47.12,normal,drought,False,0.624,0.323,0.052,0,0,0.29,10
13,2025-06-06,0.0306,41.62,predicted,41.62,41.44,40.46,39.64,39.36,47.12,38.41,normal,drought,False,0.623,0.324,0.053,0,0,0.29,10
13,2025-06-07,0.0306,41.62,predicted,41.62,41.43,40.45,39.63,47.12,39.16,38.4,normal,drought,False,0.619,0.327,0.054,0,0,0.29,10
13,2025-06-08,0.0305,41.49,predicted,41.49,41.3,40.34,47.12,39.28,39.05,38.34,normal,drought,False,0.623,0.324,0.053,0,0,0.29,10
13,2025-06-09,0.0304,41.39,predicted,41.39,41.18,47.12,39.44,39.17,38.9,38.24,normal,drought,False,0.627,0.32,0.053,0,0,0.29,10
13,2025-06-10,0.0304,41.34,predicted,41.34,47.12,40.16,39.36,39.08,38.8,38.13,normal,drought,False,0.625,0.321,0.054,0,0,0.29,10
13,2025-06-11,0.0346,47.12,observed,47.12,40.97,39.98,39.2,38.93,38.73,37.97,normal,drought,False,0.629,0.316,0.055,0,0,0.29,10
13,2025-06-12,0.0329,44.74,predicted,44.74,44.51,43.36,42.42,42.04,41.78,40.79,normal,drought,False,0.628,0.316,0.056,0,0,0.57,6
13,2025-06-13,0.0336,45.76,predicted,45.76,45.56,44.41,43.49,43.1,42.87,41.84,normal,drought,False,0.627,0.316,0.057,0,0,0.57,6
13,2025-06-14,0.0334,45.45,predicted,45.45,45.32,44.37,43.65,43.31,43.16,42.27,normal,drought,False,0.635,0.31,0.055,0,0,0.29,10
13,2025-06-15,0.0333,45.37,predicted,45.37,45.29,44.35,43.67,43.34,43.29,42.31,normal,drought,False,0.637,0.307,0.056,0,0,0.29,10
13,2025-06-16,0.0334,45.46,predicted,45.46,45.43,44.53,43.93,43.61,43.61,42.63,normal,drought,False,0.635,0.307,0.059,0,0,0.29,10
13,2025-06-17,0.0337,45.84,predicted,45.84,45.85,44.94,44.32,44.0,44.09,43.1,normal,drought,False,0.632,0.307,0.061,0,0,0.29,10
13,2025-06-18,0.0339,46.17,predicted,46.17,46.18,45.3,44.68,44.34,43.1,43.39,normal,drought,False,0.627,0.311,0.062,0,0,0.29,10
13,2025-06-19,0.0341,46.44,predicted,46.44,46.4,45.59,44.98,43.1,44.6,43.71,normal,drought,False,0.624,0.315,0.062,0,0,0.29,10
13,2025-06-20,0.034,46.29,predicted,46.29,46.19,45.36,43.1,44.29,44.14,43.36,normal,drought,False,0.616,0.323,0.062,0,0,0.29,10
13,2025-06-21,0.0337,45.9,predicted,45.9,45.74,43.1,44.11,43.71,43.47,42.73,normal,drought,False,0.609,0.329,0.062,0,0,0.29,10
13,2025-06-22,0.0335,45.58,predicted,45.58,43.1,44.46,43.64,43.24,42.96,42.21,normal,drought,False,0.606,0.333,0.061,0,0,0.29,10
13,2025-06-23,0.0317,43.1,observed,43.1,45.19,44.22,43.35,42.95,42.63,41.88,normal,drought,False,0.602,0.337,0.06,0,0,0.29,10
13,2025-06-24,0.0307,41.72,predicted,41.72,41.61,40.77,40.08,39.85,39.71,39.05,normal,drought,False,0.596,0.343,0.061,0,0,0.57,6
13,2025-06-25,0.0303,41.2,predicted,41.2,41.06,40.22,39.54,39.31,39.13,38.51,normal,drought,False,0.591,0.348,0.061,0,0,0.57,6
13,2025-06-26,0.0303,41.2,predicted,41.2,40.97,39.96,39.1,38.82,38.53,37.83,normal,drought,False,0.599,0.341,0.059,0,0,0.29,10
13,2025-06-27,0.0302,41.13,predicted,41.13,40.91,39.88,39.03,38.76,38.51,37.76,normal,drought,False,0.59,0.347,0.063,0,0,0.29,10
13,2025-06-28,0.0304,41.4,predicted,41.4,41.19,40.16,39.3,39.04,38.82,38.01,normal,drought,False,0.574,0.36,0.067,0,0,0.29,10
13,2025-06-29,0.0304,41.43,predicted,41.43,41.25,40.2,39.34,39.07,38.92,40.2,normal,drought,False,0.584,0.352,0.065,0,0,0.29,10
13,2025-06-30,0.0305,41.47,predicted,41.47,41.29,40.28,39.45,39.19,40.2,38.2,normal,drought,False,0.595,0.344,0.061,0,0,0.29,10
13,2025-07-01,0.0305,41.48,predicted,41.48,41.29,40.33,39.54,40.2,39.07,38.33,normal,drought,False,0.61,0.334,0.056,0,0,0.29,10
13,2025-07-02,0.0302,41.16,predicted,41.16,40.95,40.04,40.2,39.0,38.73,38.11,normal,drought,False,0.623,0.323,0.054,0,0,0.29,10
13,2025-07-03,0.0301,41.01,predicted,41.01,40.78,40.2,39.05,38.78,38.48,37.87,normal,drought,False,0.625,0.321,0.054,0,0,0.29,10
13,2025-07-04,0.0301,40.96,predicted,40.96,40.2,39.76,38.92,38.65,38.36,37.7,normal,drought,False,0.624,0.321,0.055,0,0,0.29,10
13,2025-07-05,0.0295,40.2,observed,40.2,40.6,39.64,38.82,38.55,38.24,37.61,normal,drought,False,0.624,0.322,0.054,0,0,0.29,10
13,2025-07-06,0.0279,37.97,predicted,37.97,37.8,36.96,36.28,36.12,35.93,35.41,normal,drought,False,0.623,0.322,0.055,0,0,0.57,6
13,2025-07-07,0.0276,37.62,predicted,37.62,37.44,36.62,35.97,35.82,35.63,35.14,normal,drought,False,0.624,0.322,0.054,0,0,0.57,6
13,2025-07-08,0.0277,37.74,predicted,37.74,37.51,36.61,35.86,35.67,35.38,34.89,normal,drought,False,0.622,0.323,0.055,0,0,0.29,10
13,2025-07-09,0.0278,37.79,predicted,37.79,37.55,36.63,35.84,35.65,35.36,34.84,normal,drought,False,0.622,0.323,0.055,0,0,0.29,10
13,2025-07-10,0.0278,37.84,predicted,37.84,37.6,36.64,35.82,35.62,35.36,34.78,normal,drought,False,0.617,0.327,0.056,0,0,0.29,10
13,2025-07-11,0.0278,37.86,predicted,37.86,37.62,36.64,35.77,35.57,35.35,47.12,normal,drought,False,0.611,0.333,0.056,0,0,0.29,10
13,2025-07-12,0.0278,37.78,predicted,37.78,37.55,36.62,35.81,35.62,47.12,34.8,normal,drought,False,0.612,0.334,0.055,0,0,0.29,10
13,2025-07-13,0.0278,37.77,predicted,37.77,37.54,36.61,35.81,47.12,35.4,34.81,normal,drought,False,0.61,0.335,0.055,0,0,0.29,10
13,2025-07-14,0.0276,37.61,predicted,37.61,37.38,36.48,47.12,35.54,35.31,34.77,normal,drought,False,0.61,0.334,0.056,0,0,0.29,10
13,2025-07-15,0.0277,37.66,predicted,37.66,37.44,47.12,35.82,35.62,35.39,34.85,normal,drought,False,0.612,0.331,0.057,0,0,0.29,10
13,2025-07-16,0.0277,37.74,predicted,37.74,47.12,36.63,35.89,35.7,35.47,34.92,normal,drought,False,0.615,0.329,0.056,0,0,0.29,10
13,2025-07-17,0.0346,47.12,observed,47.12,37.44,36.51,35.78,35.6,35.44,34.81,normal,drought,False,0.62,0.323,0.056,0,0,0.29,10
13,2025-07-18,0.0327,44.5,predicted,44.5,44.14,42.9,41.77,41.32,40.9,39.97,normal,drought,False,0.617,0.327,0.056,0,0,0.57,6
13,2025-07-19,0.0332,45.25,predicted,45.25,44.9,43.66,42.52,42.06,41.66,40.68,normal,drought,False,0.619,0.325,0.056,0,0,0.57,6
13,2025-07-20,0.0329,44.8,predicted,44.8,44.59,43.65,42.86,42.5,42.26,41.47,normal,drought,False,0.616,0.328,0.056,0,0,0.29,10
13,2025-07-21,0.0329,44.77,predicted,44.77,44.58,43.65,42.9,42.53,42.31,41.51,normal,drought,False,0.618,0.326,0.056,0,0,0.29,10
13,2025-07-22,0.0329,44.81,predicted,44.81,44.64,43.73,43.02,42.67,42.46,41.67,normal,drought,False,0.627,0.319,0.054,0,0,0.29,10
13,2025-07-23,0.033,44.97,predicted,44.97,44.82,43.9,43.19,42.84,42.65,52.92,normal,drought,False,0.634,0.313,0.053,0,0,0.29,10
13,2025-07-24,0.0331,45.06,predicted,45.06,44.92,44.0,43.28,42.94,52.92,41.94,normal,drought,False,0.636,0.311,0.053,0,0,0.29,10
13,2025-07-25,0.0332,45.13,predicted,45.13,44.97,44.08,43.38,52.92,42.82,42.04,normal,drought,False,0.631,0.314,0.055,0,0,0.29,10
13,2025-07-26,0.0332,45.15,predicted,45.15,44.98,44.09,52.92,43.03,42.79,42.04,normal,drought,False,0.631,0.314,0.056,0,0,0.29,10
13,2025-07-27,0.0332,45.12,predicted,45.12,44.95,52.92,43.31,42.96,42.72,41.94,normal,drought,False,0.627,0.316,0.057,0,0,0.29,10
13,2025-07-28,0.0333,45.26,predicted,45.26,52.92,44.16,43.41,43.05,42.77,42.04,normal,drought,False,0.626,0.318,0.057,0,0,0.29,10
13,2025-07-29,0.0389,52.92,observed,52.92,44.99,44.05,43.24,42.87,42.54,41.83,normal,drought,False,0.626,0.318,0.056,0,0,0.29,10
13,2025-07-30,0.0372,50.62,predicted,50.62,50.22,48.96,47.71,47.12,46.53,45.53,normal,drought,False,0.625,0.32,0.055,0,0,0.57,6
13,2025-07-31,0.0373,50.81,predicted,50.81,50.39,49.11,47.81,47.21,46.6,45.59,normal,drought,False,0.622,0.323,0.055,0,0,0.57,6
13,2025-08-01,0.0371,50.5,predicted,50.5,50.24,49.31,48.42,47.92,47.53,46.7,normal,drought,False,0.62,0.325,0.055,0,0,0.29,10
13,2025-08-02,0.0371,50.49,predicted,50.49,50.26,49.3,48.4,47.91,47.61,46.66,normal,drought,False,0.618,0.325,0.057,0,0,0.29,10
13,2025-08-03,0.0373,50.7,predicted,50.7,50.52,49.56,48.72,48.24,48.03,46.99,normal,drought,False,0.616,0.327,0.057,0,0,0.29,10
13,2025-08-04,0.0373,50.73,predicted,50.73,50.6,49.68,48.92,48.46,48.31,46.78,normal,drought,False,0.615,0.327,0.058,0,0,0.29,10
13,2025-08-05,0.0377,51.33,predicted,51.33,51.25,50.4,49.79,49.33,46.78,48.18,normal,drought,False,0.622,0.32,0.059,0,0,0.29,10
13,2025-08-06,0.0379,51.55,predicted,51.55,51.48,50.67,50.07,46.78,49.47,48.49,normal,drought,False,0.621,0.319,0.06,0,0,0.29,10
13,2025-08-07,0.0379,51.56,predicted,51.56,51.46,50.7,46.78,49.61,49.41,48.53,normal,drought,False,0.621,0.319,0.06,0,0,0.29,10
13,2025-08-08,0.0378,51.39,predicted,51.39,51.26,46.78,49.84,49.35,49.09,48.27,normal,drought,False,0.62,0.32,0.06,0,0,0.29,10
13,2025-08-09,0.0376,51.23,predicted,51.23,46.78,50.28,49.57,49.07,48.78,47.96,normal,drought,False,0.62,0.321,0.06,0,0,0.29,10
13,2025-08-10,0.0344,46.78,observed,46.78,50.68,49.85,49.1,48.6,48.28,47.47,normal,drought,False,0.621,0.321,0.058,0,0,0.29,10
13,2025-08-11,0.0331,44.98,predicted,44.98,44.94,44.4,44.01,43.74,43.65,43.12,normal,drought,False,0.623,0.32,0.057,0,0,0.57,6
13,2025-08-12,0.0325,44.28,predicted,44.28,44.23,43.65,43.25,42.99,42.87,42.35,normal,drought,False,0.625,0.32,0.056,0,0,0.57,6
13,2025-08-13,0.0327,44.48,predicted,44.48,44.25,43.27,42.46,42.1,41.77,41.03,normal,drought,False,0.626,0.319,0.055,0,0,0.29,10
13,2025-08-14,0.0328,44.59,predicted,44.59,44.37,43.35,42.51,42.16,41.85,41.06,normal,drought,False,0.625,0.319,0.056,0,0,0.29,10
13,2025-08-15,0.0329,44.77,predicted,44.77,44.56,43.55,42.73,42.39,42.1,41.28,normal,drought,False,0.619,0.323,0.058,0,0,0.29,10
13,2025-08-16,0.0329,44.8,predicted,44.8,44.59,43.59,42.78,42.44,42.14,50.86,normal,drought,False,0.612,0.327,0.06,0,0,0.29,10
13,2025-08-17,0.033,44.92,predicted,44.92,44.7,43.69,42.84,42.49,50.86,41.37,normal,drought,False,0.606,0.332,0.063,0,0,0.29,10
13,2025-08-18,0.0331,45.03,predicted,45.03,44.84,43.86,43.04,50.86,42.44,41.61,normal,drought,False,0.609,0.329,0.062,0,0,0.29,10
13,2025-08-19,0.0328,44.7,predicted,44.7,44.48,43.53,50.86,42.39,42.09,41.32,normal,drought,False,0.619,0.323,0.058,0,0,0.29,10
13,2025-08-20,0.0328,44.68,predicted,44.68,44.44,50.86,42.74,42.38,42.01,41.35,normal,drought,False,0.624,0.319,0.057,0,0,0.29,10
13,2025-08-21,0.0328,44.7,predicted,44.7,50.86,43.46,42.59,42.22,41.84,41.14,normal,drought,False,0.623,0.319,0.058,0,0,0.29,10
13,2025-08-22,0.0374,50.86,observed,50.86,44.4,43.38,42.45,42.07,41.72,40.95,normal,drought,False,0.618,0.324,0.058,0,0,0.29,10
13,2025-08-23,0.0355,48.35,predicted,48.35,47.98,46.77,45.62,45.1,44.59,43.63,normal,drought,False,0.62,0.322,0.058,0,0,0.57,6
13,2025-08-24,0.0357,48.55,predicted,48.55,48.2,46.99,45.87,45.35,44.87,43.89,normal,drought,False,0.618,0.323,0.059,0,0,0.57,6
13,2025-08-25,0.0356,48.46,predicted,48.46,48.21,47.29,46.49,46.05,45.66,44.89,normal,drought,False,0.616,0.326,0.059,0,0,0.29,10
13,2025-08-26,0.0358,48.67,predicted,48.67,48.41,47.45,46.58,46.12,45.76,44.93,normal,drought,False,0.614,0.327,0.059,0,0,0.29,10
13,2025-08-27,0.0355,48.33,predicted,48.33,48.08,47.18,46.38,45.94,45.55,44.79,normal,drought,False,0.619,0.322,0.059,0,0,0.29,10
13,2025-08-28,0.0355,48.25,predicted,48.25,47.99,47.1,46.33,45.89,45.48,42.77,normal,drought,False,0.62,0.32,0.06,0,0,0.29,10
13,2025-08-29,0.0355,48.27,predicted,48.27,48.01,47.11,46.33,45.89,42.77,44.74,normal,drought,False,0.624,0.316,0.06,0,0,0.29,10
13,2025-08-30,0.0355,48.32,predicted,48.32,48.06,47.14,46.33,42.77,45.49,44.73,normal,drought,False,0.629,0.312,0.059,0,0,0.29,10
13,2025-08-31,0.0355,48.3,predicted,48.3,48.05,47.11,42.77,45.85,45.48,44.68,normal,drought,False,0.629,0.311,0.06,0,0,0.29,10
14,2025-03-01,0.6178,62.75,predicted,62.75,62.88,62.87,63.05,62.43,62.48,54.2,normal,normal,True,0.28,0.582,0.138,0,0,0.29,10
14,2025-03-02,0.6212,63.1,predicted,63.1,63.25,63.26,63.46,62.84,54.2,62.02,normal,normal,True,0.295,0.573,0.131,0,0,0.29,10
14,2025-03-03,0.6209,63.06,predicted,63.06,63.22,63.26,63.48,54.2,62.92,62.08,normal,normal,True,0.309,0.565,0.126,0,0,0.29,10
14,2025-03-04,0.6209,63.06,predicted,63.06,63.2,63.26,54.2,62.81,62.83,62.05,normal,normal,True,0.315,0.561,0.124,0,0,0.29,10
14,2025-03-05,0.6191,62.89,predicted,62.89,62.99,54.2,63.21,62.57,62.53,61.83,normal,normal,True,0.317,0.561,0.123,0,0,0.29,10
14,2025-03-06,0.6157,62.54,predicted,62.54,54.2,62.69,62.8,62.16,62.03,61.44,normal,normal,True,0.315,0.564,0.121,0,0,0.29,10
14,2025-03-07,0.5336,54.2,observed,54.2,62.35,62.4,62.47,61.83,61.63,61.08,normal,normal,True,0.319,0.564,0.118,0,0,0.29,10
14,2025-03-08,0.5199,52.81,predicted,52.81,53.03,53.4,53.84,53.52,53.69,53.49,normal,normal,True,0.317,0.565,0.118,0,0,0.57,6
14,2025-03-09,0.5095,51.75,predicted,51.75,51.95,52.24,52.63,52.33,52.47,52.26,normal,normal,True,0.311,0.569,0.12,0,0,0.57,6
14,2025-03-10,0.5147,52.28,predicted,52.28,52.1,51.26,50.54,50.03,49.61,48.82,normal,normal,True,0.307,0.571,0.122,0,0,0.29,10
14,2025-03-11,0.5193,52.75,predicted,52.75,52.61,51.65,50.81,50.31,50.08,49.0,normal,normal,True,0.306,0.566,0.127,0,0,0.29,10
14,2025-03-12,0.5248,53.3,predicted,53.3,53.29,52.36,51.71,51.23,51.22,49.97,normal,normal,True,0.311,0.564,0.125,0,0,0.29,10
14,2025-03-13,0.5309,53.93,predicted,53.93,53.96,53.14,52.62,52.15,52.15,67.2,normal,normal,True,0.298,0.565,0.136,0,0,0.29,10
14,2025-03-14,0.5328,54.12,predicted,54.12,54.13,53.41,52.9,52.42,67.2,51.31,normal,normal,True,0.296,0.566,0.138,0,0,0.29,10
14,2025-03-15,0.5325,54.09,predicted,54.09,54.07,53.42,52.9,67.2,52.3,51.34,normal,normal,True,0.307,0.564,0.129,0,0,0.29,10
14,2025-03-16,0.5291,53.75,predicted,53.75,53.71,53.07,67.2,52.05,51.89,51.01,normal,normal,True,0.33,0.557,0.113,0,0,0.29,10
14,2025-03-17,0.5287,53.7,predicted,53.7,53.69,67.2,52.37,51.85,51.78,50.75,normal,normal,True,0.345,0.55,0.105,0,0,0.29,10
14,2025-03-18,0.5275,53.58,predicted,53.58,67.2,52.85,52.32,51.81,51.71,50.73,normal,normal,True,0.338,0.553,0.109,0,0,0.29,10
14,2025-03-19,0.6616,67.2,observed,67.2,53.63,52.9,52.29,51.77,51.61,50.67,normal,normal,True,0.327,0.558,0.115,0,0,0.29,10
14,2025-03-20,0.6486,65.88,predicted,65.88,65.37,63.87,62.19,61.21,60.33,58.72,normal,normal,True,0.323,0.56,0.117,0,0,0.57,6
14,2025-03-21,0.6587,66.91,predicted,66.91,66.38,64.87,63.14,62.13,61.23,59.6,normal,normal,True,0.315,0.562,0.122,0,0,0.57,6
14,2025-03-22,0.6464,65.65,predicted,65.65,65.67,65.78,65.91,65.2,65.06,64.39,normal,normal,True,0.301,0.569,0.13,0,0,0.29,10
14,2025-03-23,0.6466,65.67,predicted,65.67,65.69,65.81,65.94,65.23,65.1,64.41,normal,normal,True,0.296,0.568,0.135,0,0,0.29,10
14,2025-03-24,0.6462,65.64,predicted,65.64,65.67,65.84,66.02,65.34,65.21,64.56,normal,normal,True,0.283,0.576,0.141,0,0,0.29,10
14,2025-03-25,0.6473,65.75,predicted,65.75,65.78,65.99,66.19,65.52,65.4,66.75,normal,normal,True,0.266,0.585,0.15,0,0,0.29,10
14,2025-03-26,0.643,65.31,predicted,65.31,65.32,65.44,65.57,64.88,66.75,64.07,normal,normal,True,0.35,0.554,0.096,0,0,0.29,10
14,2025-03-27,0.6417,65.18,predicted,65.18,65.17,65.27,65.37,66.75,64.51,63.87,normal,normal,True,0.352,0.554,0.093,0,0,0.29,10
14,2025-03-28,0.6415,65.16,predicted,65.16,65.15,65.24,66.75,64.66,64.49,63.84,normal,normal,True,0.351,0.554,0.095,0,0,0.29,10
14,2025-03-29,0.6421,65.22,predicted,65.22,65.22,66.75,65.51,64.84,64.68,64.05,normal,normal,True,0.337,0.562,0.101,0,0,0.29,10
14,2025-03-30,0.6425,65.26,predicted,65.26,66.75,65.43,65.63,64.96,64.79,64.19,normal,normal,True,0.329,0.571,0.1,0,0,0.29,10
14,2025-03-31,0.6572,66.75,observed,66.75,65.15,65.28,65.43,64.75,64.55,63.95,normal,normal,True,0.359,0.554,0.087,0,0,0.29,10
14,2025-04-01,0.635,64.5,predicted,64.5,64.48,64.62,64.78,64.11,63.94,63.36,normal,normal,True,0.374,0.545,0.08,0,0,0.57,6
14,2025-04-02,0.6386,64.87,predicted,64.87,64.89,65.03,65.21,64.55,64.46,63.78,normal,normal,True,0.374,0.541,0.084,0,0,0.57,6
14,2025-04-03,0.6399,65.0,predicted,65.0,65.03,65.09,65.22,64.56,64.5,63.71,normal,normal,True,0.394,0.53,0.076,0,0,0.29,10
14,2025-04-04,0.6442,65.43,predicted,65.43,65.53,65.61,65.87,65.21,65.22,64.35,normal,normal,True,0.405,0.523,0.072,0,0,0.29,10
14,2025-04-05,0.6529,66.31,predicted,66.31,66.49,66.61,67.02,66.37,66.46,65.5,normal,normal,True,0.417,0.512,0.072,0,0,0.29,10
14,2025-04-06,0.6537,66.4,predicted,66.4,66.57,66.7,67.08,66.42,66.46,64.3,normal,normal,True,0.404,0.515,0.081,0,0,0.29,10
14,2025-04-07,0.6552,66.55,predicted,66.55,66.73,66.93,67.37,66.69,64.3,65.89,normal,normal,True,0.408,0.508,0.084,0,0,0.29,10
14,2025-04-08,0.6552,66.55,predicted,66.55,66.71,66.93,67.3,64.3,66.6,65.84,normal,normal,True,0.397,0.513,0.09,0,0,0.29,10
14,2025-04-09,0.6496,65.98,predicted,65.98,66.08,66.3,64.3,65.87,65.78,65.12,normal,normal,True,0.385,0.522,0.093,0,0,0.29,10
14,2025-04-10,0.6449,65.5,predicted,65.5,65.57,64.3,65.92,65.22,65.09,64.48,normal,normal,True,0.378,0.527,0.095,0,0,0.29,10
14,2025-04-11,0.6414,65.15,predicted,65.15,64.3,65.32,65.42,64.71,64.57,63.93,normal,normal,True,0.364,0.536,0.1,0,0,0.29,10
14,2025-04-12,0.6331,64.3,observed,64.3,65.02,65.07,65.1,64.39,64.24,63.56,normal,normal,True,0.352,0.541,0.107,0,0,0.29,10
14,2025-04-13,0.6133,62.3,predicted,62.3,62.37,62.51,62.67,62.05,61.99,61.44,normal,normal,True,0.351,0.541,0.108,0,0,0.57,6
14,2025-04-14,0.6131,62.27,predicted,62.27,62.34,62.42,62.52,61.9,61.86,61.25,normal,normal,True,0.342,0.541,0.116,0,0,0.57,6
14,2025-04-15,0.6198,62.96,predicted,62.96,62.96,62.81,62.68,62.03,61.9,61.11,normal,normal,True,0.32,0.548,0.132,0,0,0.29,10
14,2025-04-16,0.6205,63.03,predicted,63.03,63.04,62.95,62.91,62.26,62.14,61.4,normal,normal,True,0.272,0.56,0.168,0,0,0.29,10
14,2025-04-17,0.6233,63.31,predicted,63.31,63.36,63.38,63.45,62.82,62.74,62.03,normal,normal,True,0.224,0.562,0.214,0,0,0.29,10
14,2025-04-18,0.6236,63.35,predicted,63.35,63.4,63.48,63.57,62.94,62.88,65.43,normal,normal,True,0.231,0.576,0.192,0,0,0.29,10
14,2025-04-19,0.619,62.87,predicted,62.87,62.9,62.91,62.95,62.31,65.43,61.53,normal,normal,True,0.325,0.564,0.111,0,0,0.29,10
14,2025-04-20,0.6197,62.95,predicted,62.95,62.99,63.06,63.14,65.43,62.42,61.77,normal,normal,True,0.317,0.57,0.112,0,0,0.29,10
14,2025-04-21,0.6173,62.7,predicted,62.7,62.71,62.69,65.43,62.02,61.89,61.22,normal,normal,True,0.367,0.55,0.083,0,0,0.29,10
14,2025-04-22,0.6168,62.65,predicted,62.65,62.65,65.43,62.55,61.9,61.76,61.05,normal,normal,True,0.381,0.54,0.079,0,0,0.29,10
14,2025-04-23,0.618,62.78,predicted,62.78,65.43,62.73,62.74,62.1,61.98,61.25,normal,normal,True,0.381,0.54,0.079,0,0,0.29,10
14,2025-04-24,0.6442,65.43,observed,65.43,62.96,62.89,62.88,62.25,62.16,61.39,normal,normal,True,0.372,0.547,0.081,0,0,0.29,10
14,2025-04-25,0.6307,64.06,predicted,64.06,64.07,63.92,63.82,63.14,63.01,62.17,normal,normal,True,0.385,0.538,0.077,0,0,0.57,6
14,2025-04-26,0.6315,64.14,predicted,64.14,64.15,64.04,63.98,63.29,63.16,62.34,normal,normal,True,0.392,0.532,0.075,0,0,0.57,6
14,2025-04-27,0.6288,63.87,predicted,63.87,63.93,63.98,64.08,63.44,63.37,62.64,normal,normal,True,0.398,0.529,0.073,0,0,0.29,10
14,2025-04-28,0.6302,64.01,predicted,64.01,64.08,64.14,64.27,63.62,63.57,62.82,normal,normal,True,0.396,0.53,0.074,0,0,0.29,10
14,2025-04-29,0.6332,64.32,predicted,64.32,64.41,64.46,64.65,63.99,63.96,63.18,normal,normal,True,0.406,0.522,0.072,0,0,0.29,10
14,2025-04-30,0.6375,64.75,predicted,64.75,64.89,64.93,65.15,64.5,64.53,66.43,normal,normal,True,0.413,0.517,0.07,0,0,0.29,10
14,2025-05-01,0.6386,64.86,predicted,64.86,65.02,65.05,65.26,64.61,66.43,63.77,normal,normal,True,0.41,0.518,0.072,0,0,0.29,10
14,2025-05-02,0.637,64.7,predicted,64.7,64.83,64.9,65.07,66.43,64.42,63.61,normal,normal,True,0.404,0.52,0.076,0,0,0.29,10
14,2025-05-03,0.6334,64.33,predicted,64.33,64.43,64.52,66.43,63.98,63.93,63.21,normal,normal,True,0.4,0.523,0.078,0,0,0.29,10
14,2025-05-04,0.6308,64.07,predicted,64.07,64.14,66.43,64.32,63.64,63.56,62.89,normal,normal,True,0.397,0.524,0.079,0,0,0.29,10
14,2025-05-05,0.6302,64.01,predicted,64.01,66.43,64.15,64.22,63.55,63.42,62.8,normal,normal,True,0.39,0.532,0.079,0,0,0.29,10
14,2025-05-06,0.654,66.43,observed,66.43,64.23,64.29,64.36,63.68,63.54,62.89,normal,normal,True,0.396,0.525,0.079,0,0,0.29,10
14,2025-05-07,0.6427,65.28,predicted,65.28,65.28,65.21,65.17,64.45,64.25,63.5,normal,normal,True,0.397,0.526,0.077,0,0,0.57,6
14,2025-05-08,0.6424,65.25,predicted,65.25,65.25,65.16,65.09,64.38,64.2,63.41,normal,normal,True,0.392,0.53,0.078,0,0,0.57,6
14,2025-05-09,0.6396,64.97,predicted,64.97,64.99,65.03,65.08,64.4,64.28,63.56,normal,normal,True,0.385,0.533,0.082,0,0,0.29,10
14,2025-05-10,0.6396,64.97,predicted,64.97,64.98,65.0,65.03,64.35,64.22,63.5,normal,normal,True,0.373,0.54,0.086,0,0,0.29,10
14,2025-05-11,0.6387,64.87,predicted,64.87,64.89,64.99,65.08,64.4,64.28,63.61,normal,normal,True,0.356,0.551,0.092,0,0,0.29,10
14,2025-05-12,0.6371,64.71,predicted,64.71,64.74,64.92,65.09,64.43,64.29,63.71,normal,normal,True,0.339,0.563,0.098,0,0,0.29,10
14,2025-05-13,0.6368,64.68,predicted,64.68,64.69,64.87,65.02,64.36,63.71,63.63,normal,normal,True,0.329,0.571,0.1,0,0,0.29,10
14,2025-05-14,0.6365,64.65,predicted,64.65,64.64,64.75,64.83,63.71,64.0,63.37,normal,normal,True,0.355,0.56,0.085,0,0,0.29,10
14,2025-05-15,0.634,64.4,predicted,64.4,64.37,64.4,63.71,63.73,63.55,62.9,normal,normal,True,0.397,0.534,0.069,0,0,0.29,10
14,2025-05-16,0.634,64.4,predicted,64.4,64.36,63.71,64.39,63.71,63.54,62.87,normal,normal,True,0.396,0.536,0.068,0,0,0.29,10
14,2025-05-17,0.6342,64.41,predicted,64.41,63.71,64.4,64.4,63.72,63.57,62.88,normal,normal,True,0.401,0.532,0.068,0,0,0.29,10
14,2025-05-18,0.6273,63.71,observed,63.71,64.58,64.58,64.63,63.95,63.92,63.1,normal,normal,True,0.405,0.527,0.069,0,0,0.29,10
14,2025-05-19,0.6088,61.84,predicted,61.84,62.0,62.22,62.54,62.0,62.15,61.45,normal,normal,True,0.399,0.528,0.073,0,0,0.57,6
14,2025-05-20,0.6095,61.91,predicted,61.91,62.1,62.3,62.65,62.1,62.3,61.54,normal,normal,True,0.392,0.533,0.075,0,0,0.57,6
14,2025-05-21,0.6155,62.52,predicted,62.52,62.62,62.57,62.62,62.01,62.03,61.19,normal,normal,True,0.39,0.533,0.077,0,0,0.29,10
14,2025-05-22,0.6146,62.43,predicted,62.43,62.52,62.48,62.51,61.88,61.88,61.08,normal,normal,True,0.395,0.529,0.076,0,0,0.29,10
14,2025-05-23,0.6134,62.31,predicted,62.31,62.37,62.34,62.33,61.69,61.64,60.91,normal,normal,True,0.394,0.532,0.074,0,0,0.29,10
14,2025-05-24,0.6111,62.07,predicted,62.07,62.1,62.06,62.01,61.36,61.25,56.23,normal,normal,True,0.388,0.537,0.075,0,0,0.29,10
14,2025-05-25,0.6102,61.98,predicted,61.98,62.0,61.91,61.81,61.15,56.23,60.33,normal,normal,True,0.384,0.538,0.078,0,0,0.29,10
14,2025-05-26,0.6102,61.98,predicted,61.98,62.0,61.86,61.71,56.23,60.98,60.2,normal,normal,True,0.385,0.538,0.077,0,0,0.29,10
14,2025-05-27,0.6094,61.9,predicted,61.9,61.91,61.79,56.23,61.02,60.91,60.18,normal,normal,True,0.39,0.536,0.075,0,0,0.29,10
14,2025-05-28,0.61,61.95,predicted,61.95,61.97,56.23,61.72,61.07,60.96,60.22,normal,normal,True,0.391,0.534,0.075,0,0,0.29,10
14,2025-05-29,0.6084,61.79,predicted,61.79,56.23,61.68,61.58,60.94,60.75,60.11,normal,normal,True,0.38,0.547,0.073,0,0,0.29,10
14,2025-05-30,0.5536,56.23,observed,56.23,61.72,61.63,61.53,60.88,60.66,60.06,normal,normal,True,0.381,0.545,0.074,0,0,0.29,10
14,2025-05-31,0.5404,54.89,predicted,54.89,55.06,55.23,55.45,55.07,55.25,54.79,normal,normal,True,0.369,0.547,0.084,0,0,0.57,6
14,2025-06-01,0.5342,54.26,predicted,54.26,54.43,54.54,54.7,54.34,54.51,54.02,normal,normal,True,0.375,0.545,0.08,0,0,0.57,6
14,2025-06-02,0.5424,55.09,predicted,55.09,54.97,54.2,53.46,52.91,52.71,51.71,normal,normal,True,0.37,0.548,0.082,0,0,0.29,10
14,2025-06-03,0.5384,54.68,predicted,54.68,54.54,53.8,53.09,52.54,52.29,51.38,normal,normal,True,0.398,0.534,0.069,0,0,0.29,10
14,2025-06-04,0.5383,54.67,predicted,54.67,54.52,53.78,53.06,52.5,52.25,51.34,normal,normal,True,0.402,0.531,0.067,0,0,0.29,10
14,2025-06-05,0.5362,54.46,predicted,54.46,54.31,53.59,52.91,52.36,52.08,62.19,normal,normal,True,0.408,0.527,0.065,0,0,0.29,10
14,2025-06-06,0.5367,54.51,predicted,54.51,54.37,53.63,52.93,52.37,62.19,51.22,normal,normal,True,0.408,0.525,0.067,0,0,0.29,10
14,2025-06-07,0.5374,54.59,predicted,54.59,54.45,53.71,53.02,62.19,52.23,51.31,normal,normal,True,0.404,0.528,0.067,0,0,0.29,10
14,2025-06-08,0.5361,54.46,predicted,54.46,54.3,53.59,62.19,52.38,52.09,51.23,normal,normal,True,0.406,0.529,0.066,0,0,0.29,10
14,2025-06-09,0.535,54.34,predicted,54.34,54.18,62.19,52.85,52.3,51.98,51.18,normal,normal,True,0.406,0.528,0.066,0,0,0.29,10
14,2025-06-10,0.5348,54.32,predicted,54.32,62.19,53.46,52.79,52.25,51.93,51.12,normal,normal,True,0.404,0.528,0.067,0,0,0.29,10
14,2025-06-11,0.6123,62.19,observed,62.19,54.01,53.29,52.64,52.1,51.85,50.98,normal,normal,True,0.401,0.526,0.073,0,0,0.29,10
14,2025-06-12,0.5897,59.9,predicted,59.9,59.62,58.59,57.57,56.83,56.37,55.14,normal,normal,True,0.4,0.527,0.073,0,0,0.57,6
14,2025-06-13,0.6008,61.03,predicted,61.03,60.77,59.78,58.81,58.08,57.62,56.38,normal,normal,True,0.406,0.524,0.071,0,0,0.57,6
14,2025-06-14,0.5947,60.4,predicted,60.4,60.41,60.23,60.13,59.54,59.43,58.68,normal,normal,True,0.409,0.521,0.07,0,0,0.29,10
14,2025-06-15,0.5972,60.65,predicted,60.65,60.71,60.51,60.43,59.84,59.81,58.96,normal,normal,True,0.409,0.52,0.071,0,0,0.29,10
14,2025-06-16,0.5967,60.61,predicted,60.61,60.69,60.49,60.44,59.85,59.86,58.99,normal,normal,True,0.395,0.53,0.076,0,0,0.29,10
14,2025-06-17,0.5987,60.81,predicted,60.81,60.92,60.72,60.65,60.05,60.13,60.76,normal,normal,True,0.389,0.532,0.079,0,0,0.29,10
14,2025-06-18,0.5997,60.91,predicted,60.91,61.03,60.85,60.78,60.18,60.76,59.34,normal,normal,True,0.383,0.533,0.084,0,0,0.29,10
14,2025-06-19,0.6,60.94,predicted,60.94,61.03,60.92,60.88,60.76,60.27,59.48,normal,normal,True,0.382,0.534,0.084,0,0,0.29,10
14,2025-06-20,0.5983,60.77,predicted,60.77,60.81,60.71,60.76,59.99,59.88,59.2,normal,normal,True,0.371,0.542,0.087,0,0,0.29,10
14,2025-06-21,0.5957,60.5,predicted,60.5,60.5,60.76,60.21,59.57,59.39,58.76,normal,normal,True,0.364,0.546,0.09,0,0,0.29,10
14,2025-06-22,0.5939,60.32,predicted,60.32,60.76,60.11,59.89,59.25,59.05,58.4,normal,normal,True,0.367,0.545,0.088,0,0,0.29,10
14,2025-06-23,0.5982,60.76,observed,60.76,60.17,59.95,59.72,59.08,58.85,58.21,normal,normal,True,0.373,0.544,0.083,0,0,0.29,10
14,2025-06-24,0.5815,59.07,predicted,59.07,59.06,58.88,58.69,58.11,57.97,57.33,normal,normal,True,0.377,0.542,0.081,0,0,0.57,6
14,2025-06-25,0.579,58.81,predicted,58.81,58.78,58.59,58.41,57.84,57.65,57.05,normal,normal,True,0.367,0.553,0.08,0,0,0.57,6
14,2025-06-26,0.5783,58.74,predicted,58.74,58.63,58.23,57.84,57.23,56.94,56.24,normal,normal,True,0.378,0.544,0.079,0,0,0.29,10
14,2025-06-27,0.5785,58.76,predicted,58.76,58.67,58.27,57.89,57.29,57.05,56.3,normal,normal,True,0.374,0.544,0.082,0,0,0.29,10
14,2025-06-28,0.5824,59.15,predicted,59.15,59.09,58.71,58.37,57.79,57.59,56.79,normal,normal,True,0.358,0.557,0.085,0,0,0.29,10
14,2025-06-29,0.5824,59.16,predicted,59.16,59.1,58.68,58.3,57.71,57.55,63.4,normal,normal,True,0.369,0.548,0.083,0,0,0.29,10
14,2025-06-30,0.5828,59.2,predicted,59.2,59.15,58.75,58.39,57.81,63.4,56.8,normal,normal,True,0.374,0.548,0.077,0,0,0.29,10
14,2025-07-01,0.5814,59.06,predicted,59.06,58.99,58.65,58.34,63.4,57.55,56.8,normal,normal,True,0.388,0.543,0.069,0,0,0.29,10
14,2025-07-02,0.5776,58.67,predicted,58.67,58.59,58.3,63.4,57.44,57.18,56.54,normal,normal,True,0.402,0.533,0.065,0,0,0.29,10
14,2025-07-03,0.5764,58.55,predicted,58.55,58.45,63.4,57.87,57.27,56.98,56.36,normal,normal,True,0.409,0.526,0.065,0,0,0.29,10
14,2025-07-04,0.5764,58.54,predicted,58.54,63.4,58.1,57.78,57.18,56.9,56.25,normal,normal,True,0.413,0.522,0.065,0,0,0.29,10
14,2025-07-05,0.6242,63.4,observed,63.4,58.33,58.01,57.7,57.11,56.8,56.18,normal,normal,True,0.414,0.522,0.064,0,0,0.29,10
14,2025-07-06,0.6008,61.03,predicted,61.03,60.82,60.33,59.81,59.12,58.69,57.92,normal,normal,True,0.414,0.52,0.066,0,0,0.57,6
14,2025-07-07,0.6019,61.13,predicted,61.13,60.93,60.47,59.99,59.31,58.87,58.12,normal,normal,True,0.415,0.519,0.066,0,0,0.57,6
14,2025-07-08,0.5976,60.7,predicted,60.7,60.6,60.49,60.39,59.77,59.46,58.94,normal,normal,True,0.405,0.526,0.069,0,0,0.29,10
14,2025-07-09,0.5986,60.81,predicted,60.81,60.7,60.57,60.46,59.84,59.54,59.0,normal,normal,True,0.415,0.517,0.068,0,0,0.29,10
14,2025-07-10,0.6001,60.95,predicted,60.95,60.86,60.71,60.58,59.96,59.7,59.11,normal,normal,True,0.414,0.517,0.069,0,0,0.29,10
14,2025-07-11,0.6005,60.99,predicted,60.99,60.91,60.73,60.56,59.94,59.73,62.54,normal,normal,True,0.407,0.524,0.07,0,0,0.29,10
14,2025-07-12,0.6004,60.99,predicted,60.99,60.92,60.78,60.67,60.06,62.54,59.21,normal,normal,True,0.402,0.528,0.069,0,0,0.29,10
14,2025-07-13,0.6004,60.98,predicted,60.98,60.91,60.77,60.66,62.54,59.83,59.18,normal,normal,True,0.395,0.533,0.073,0,0,0.29,10
14,2025-07-14,0.5984,60.78,predicted,60.78,60.71,60.6,62.54,59.91,59.68,59.09,normal,normal,True,0.382,0.541,0.076,0,0,0.29,10
14,2025-07-15,0.5987,60.82,predicted,60.82,60.75,62.54,60.59,59.97,59.74,59.16,normal,normal,True,0.386,0.536,0.079,0,0,0.29,10
14,2025-07-16,0.5994,60.89,predicted,60.89,62.54,60.72,60.66,60.04,59.8,59.23,normal,normal,True,0.386,0.538,0.076,0,0,0.29,10
14,2025-07-17,0.6157,62.54,observed,62.54,60.87,60.74,60.65,60.03,59.85,59.19,normal,normal,True,0.394,0.527,0.079,0,0,0.29,10
14,2025-07-18,0.5916,60.09,predicted,60.09,60.07,59.98,59.94,59.35,59.22,58.59,normal,normal,True,0.379,0.541,0.08,0,0,0.57,6
14,2025-07-19,0.5924,60.17,predicted,60.17,60.17,60.06,60.01,59.42,59.32,58.64,normal,normal,True,0.38,0.541,0.079,0,0,0.57,6
14,2025-07-20,0.5926,60.19,predicted,60.19,60.16,59.99,59.87,59.26,59.1,58.42,normal,normal,True,0.366,0.553,0.081,0,0,0.29,10
14,2025-07-21,0.5931,60.24,predicted,60.24,60.22,60.05,59.94,59.33,59.19,58.49,normal,normal,True,0.372,0.548,0.08,0,0,0.29,10
14,2025-07-22,0.5932,60.25,predicted,60.25,60.24,60.1,60.03,59.42,59.29,58.6,normal,normal,True,0.389,0.537,0.073,0,0,0.29,10
14,2025-07-23,0.594,60.33,predicted,60.33,60.33,60.19,60.14,59.54,59.4,37.15,normal,normal,True,0.4,0.53,0.07,0,0,0.29,10
14,2025-07-24,0.5954,60.48,predicted,60.48,60.48,60.35,60.28,59.68,37.15,58.86,normal,normal,True,0.401,0.528,0.071,0,0,0.29,10
14,2025-07-25,0.5944,60.38,predicted,60.38,60.37,60.24,60.18,37.15,59.42,58.77,normal,normal,True,0.387,0.538,0.075,0,0,0.29,10
14,2025-07-26,0.5948,60.41,predicted,60.41,60.4,60.27,37.15,59.6,59.42,58.79,normal,normal,True,0.387,0.538,0.075,0,0,0.29,10
14,2025-07-27,0.5943,60.37,predicted,60.37,60.34,37.15,60.09,59.48,59.3,58.65,normal,normal,True,0.379,0.541,0.08,0,0,0.29,10
14,2025-07-28,0.5946,60.39,predicted,60.39,37.15,60.22,60.13,59.52,59.3,58.7,normal,normal,True,0.38,0.545,0.075,0,0,0.29,10
14,2025-07-29,0.3657,37.15,observed,37.15,60.27,60.11,59.98,59.36,59.12,58.53,normal,normal,True,0.39,0.539,0.071,0,0,0.29,10
14,2025-07-30,0.369,37.48,predicted,37.48,37.82,38.32,38.86,39.05,39.6,39.69,normal,normal,True,0.4,0.534,0.066,0,0,0.57,6
14,2025-07-31,0.3465,35.19,predicted,35.19,35.51,35.87,36.26,36.49,37.01,37.07,normal,normal,True,0.397,0.538,0.065,0,0,0.57,6
14,2025-08-01,0.3469,35.23,predicted,35.23,35.09,34.28,33.57,33.46,33.4,32.89,normal,normal,True,0.406,0.528,0.066,0,0,0.29,10
14,2025-08-02,0.3473,35.28,predicted,35.28,35.18,34.31,33.62,33.52,33.56,32.91,normal,normal,True,0.411,0.518,0.07,0,0,0.29,10
14,2025-08-03,0.3489,35.44,predicted,35.44,35.41,34.56,33.96,33.89,34.05,33.31,normal,normal,True,0.407,0.521,0.072,0,0,0.29,10
14,2025-08-04,0.35,35.55,predicted,35.55,35.6,34.79,34.29,34.24,34.5,56.01,normal,normal,True,0.392,0.532,0.076,0,0,0.29,10
14,2025-08-05,0.3573,36.29,predicted,36.29,36.42,35.69,35.39,35.35,56.01,34.9,normal,normal,True,0.394,0.528,0.078,0,0,0.29,10
14,2025-08-06,0.3597,36.54,predicted,36.54,36.67,36.01,35.71,56.01,35.97,35.28,normal,normal,True,0.385,0.534,0.08,0,0,0.29,10
14,2025-08-07,0.3599,36.56,predicted,36.56,36.64,36.02,56.01,35.6,35.81,35.24,normal,normal,True,0.376,0.541,0.082,0,0,0.29,10
14,2025-08-08,0.3576,36.32,predicted,36.32,36.35,56.01,35.34,35.25,35.36,34.88,normal,normal,True,0.375,0.543,0.082,0,0,0.29,10
14,2025-08-09,0.3549,36.05,predicted,36.05,56.01,35.4,34.93,34.84,34.9,34.43,normal,normal,True,0.375,0.543,0.082,0,0,0.29,10
14,2025-08-10,0.5515,56.01,observed,56.01,35.66,34.97,34.44,34.34,34.37,33.89,normal,normal,True,0.367,0.549,0.084,0,0,0.29,10
14,2025-08-11,0.5303,53.86,predicted,53.86,53.3,51.8,50.18,49.36,48.51,47.34,normal,normal,True,0.373,0.548,0.079,0,0,0.57,6
14,2025-08-12,0.5409,54.94,predicted,54.94,54.35,52.78,51.08,50.24,49.31,48.1,normal,normal,True,0.381,0.544,0.075,0,0,0.57,6
14,2025-08-13,0.5304,53.87,predicted,53.87,53.7,52.98,52.33,51.79,51.45,50.67,normal,normal,True,0.394,0.535,0.072,0,0,0.29,10
14,2025-08-14,0.5317,54.0,predicted,54.0,53.84,53.09,52.41,51.87,51.56,50.72,normal,normal,True,0.398,0.529,0.073,0,0,0.29,10
14,2025-08-15,0.534,54.24,predicted,54.24,54.08,53.35,52.7,52.17,51.88,51.02,normal,normal,True,0.398,0.529,0.072,0,0,0.29,10
14,2025-08-16,0.534,54.24,predicted,54.24,54.09,53.36,52.72,52.19,51.9,44.84,normal,normal,True,0.39,0.534,0.076,0,0,0.29,10
14,2025-08-17,0.5352,54.36,predicted,54.36,54.21,53.48,52.82,52.29,44.84,51.14,normal,normal,True,0.381,0.539,0.08,0,0,0.29,10
14,2025-08-18,0.5366,54.5,predicted,54.5,54.38,53.72,53.13,44.84,52.38,51.51,normal,normal,True,0.386,0.535,0.079,0,0,0.29,10
14,2025-08-19,0.5321,54.05,predicted,54.05,53.89,53.23,44.84,52.11,51.81,51.02,normal,normal,True,0.392,0.535,0.074,0,0,0.29,10
14,2025-08-20,0.5314,53.98,predicted,53.98,53.8,44.84,52.62,52.09,51.72,51.03,normal,normal,True,0.39,0.539,0.071,0,0,0.29,10
14,2025-08-21,0.5318,54.02,predicted,54.02,44.84,53.14,52.5,51.96,51.59,50.86,normal,normal,True,0.4,0.529,0.071,0,0,0.29,10
14,2025-08-22,0.4415,44.84,observed,44.84,53.8,53.06,52.33,51.79,51.45,50.64,normal,normal,True,0.399,0.531,0.07,0,0,0.29,10
14,2025-08-23,0.4288,43.55,predicted,43.55,43.61,43.34,43.18,43.03,43.17,42.73,normal,normal,True,0.409,0.521,0.071,0,0,0.57,6
14,2025-08-24,0.4186,42.52,predicted,42.52,42.59,42.28,42.11,41.99,42.14,41.68,normal,normal,True,0.401,0.524,0.075,0,0,0.57,6
14,2025-08-25,0.4236,43.03,predicted,43.03,42.82,41.89,41.12,40.8,40.56,39.84,normal,normal,True,0.393,0.534,0.073,0,0,0.29,10
14,2025-08-26,0.4256,43.23,predicted,43.23,43.02,42.05,41.2,40.87,40.66,39.88,normal,normal,True,0.396,0.529,0.075,0,0,0.29,10
14,2025-08-27,0.4225,42.91,predicted,42.91,42.7,41.8,41.03,40.72,40.48,39.77,normal,normal,True,0.4,0.526,0.074,0,0,0.29,10
14,2025-08-28,0.4218,42.84,predicted,42.84,42.63,41.74,40.99,40.68,40.41,46.37,normal,normal,True,0.396,0.528,0.076,0,0,0.29,10
14,2025-08-29,0.4222,42.88,predicted,42.88,42.67,41.76,41.01,40.7,46.37,39.75,normal,normal,True,0.404,0.52,0.076,0,0,0.29,10
14,2025-08-30,0.4227,42.93,predicted,42.93,42.73,41.81,41.04,46.37,40.48,39.77,normal,normal,True,0.407,0.518,0.074,0,0,0.29,10
14,2025-08-31,0.4229,42.96,predicted,42.96,42.75,41.82,46.37,40.72,40.5,39.75,normal,normal,True,0.402,0.52,0.078,0,0,0.29,10
15,2025-03-01,0.0818,51.82,predicted,51.82,51.81,51.08,50.68,50.25,50.15,45.87,normal,drought,False,0.656,0.23,0.113,0,0,0.29,10
15,2025-03-02,0.0825,52.3,predicted,52.3,52.32,51.61,51.24,50.8,45.87,49.72,normal,drought,False,0.659,0.225,0.117,0,0,0.29,10
15,2025-03-03,0.0827,52.42,predicted,52.42,52.45,51.78,51.44,45.87,50.93,49.97,normal,drought,False,0.662,0.22,0.118,0,0,0.29,10
15,2025-03-04,0.0829,52.54,predicted,52.54,52.54,51.88,45.87,51.01,50.9,49.99,normal,drought,False,0.662,0.219,0.119,0,0,0.29,10
15,2025-03-05,0.0827,52.42,predicted,52.42,52.38,45.87,51.24,50.76,50.56,49.73,normal,drought,False,0.662,0.22,0.118,0,0,0.29,10
15,2025-03-06,0.0821,52.04,predicted,52.04,45.87,51.28,50.76,50.27,49.96,49.24,normal,drought,False,0.663,0.222,0.116,0,0,0.29,10
15,2025-03-07,0.0724,45.87,observed,45.87,51.57,50.85,50.27,49.77,49.37,48.69,normal,drought,False,0.664,0.222,0.114,0,0,0.29,10
15,2025-03-08,0.0693,43.92,predicted,43.92,43.96,43.59,43.45,43.26,43.16,42.81,normal,drought,False,0.664,0.224,0.112,0,0,0.57,6
15,2025-03-09,0.0677,42.87,predicted,42.87,42.87,42.44,42.27,42.11,41.96,41.62,normal,drought,False,0.663,0.226,0.111,0,0,0.57,6
15,2025-03-10,0.0681,43.13,predicted,43.13,42.91,41.92,41.21,40.91,40.47,39.83,normal,drought,False,0.659,0.228,0.113,0,0,0.29,10
15,2025-03-11,0.0686,43.48,predicted,43.48,43.31,42.21,41.42,41.14,40.88,39.95,normal,drought,False,0.651,0.231,0.118,0,0,0.29,10
15,2025-03-12,0.0693,43.91,predicted,43.91,43.89,42.82,42.25,42.01,41.97,40.86,normal,drought,False,0.644,0.228,0.128,0,0,0.29,10
15,2025-03-13,0.0708,44.84,predicted,44.84,44.85,43.85,43.34,43.09,43.08,38.08,normal,drought,False,0.641,0.227,0.132,0,0,0.29,10
15,2025-03-14,0.0712,45.1,predicted,45.1,45.09,44.18,43.66,43.38,38.08,42.38,normal,drought,False,0.642,0.227,0.131,0,0,0.29,10
15,2025-03-15,0.0712,45.12,predicted,45.12,45.07,44.23,43.67,38.08,43.25,42.42,normal,drought,False,0.649,0.227,0.123,0,0,0.29,10
15,2025-03-16,0.0705,44.67,predicted,44.67,44.59,43.77,38.08,42.93,42.74,41.99,normal,drought,False,0.664,0.222,0.113,0,0,0.29,10
15,2025-03-17,0.0701,44.43,predicted,44.43,44.39,38.08,42.94,42.64,42.53,41.65,normal,drought,False,0.67,0.218,0.112,0,0,0.29,10
15,2025-03-18,0.0701,44.4,predicted,44.4,38.08,43.47,42.95,42.66,42.54,41.69,normal,drought,False,0.67,0.217,0.113,0,0,0.29,10
15,2025-03-19,0.0601,38.08,observed,38.08,44.55,43.63,43.01,42.7,42.52,41.71,normal,drought,False,0.669,0.219,0.112,0,0,0.29,10
15,2025-03-20,0.058,36.74,predicted,36.74,36.91,36.47,36.48,36.5,36.65,36.24,normal,drought,False,0.668,0.219,0.113,0,0,0.57,6
15,2025-03-21,0.057,36.12,predicted,36.12,36.27,35.77,35.67,35.7,35.85,35.42,normal,drought,False,0.666,0.222,0.113,0,0,0.57,6
15,2025-03-22,0.0579,36.69,predicted,36.69,36.64,35.8,35.28,35.16,35.08,34.51,normal,drought,False,0.66,0.228,0.112,0,0,0.29,10
15,2025-03-23,0.0578,36.6,predicted,36.6,36.54,35.67,35.13,35.0,34.91,34.31,normal,drought,False,0.654,0.232,0.114,0,0,0.29,10
15,2025-03-24,0.0578,36.6,predicted,36.6,36.53,35.68,35.13,35.02,34.93,34.34,normal,drought,False,0.644,0.237,0.119,0,0,0.29,10
15,2025-03-25,0.058,36.75,predicted,36.75,36.67,35.83,35.27,35.16,35.04,39.73,normal,drought,False,0.635,0.244,0.121,0,0,0.29,10
15,2025-03-26,0.0568,36.02,predicted,36.02,35.92,35.07,34.52,34.41,39.73,33.72,normal,drought,False,0.682,0.226,0.092,0,0,0.29,10
15,2025-03-27,0.0566,35.88,predicted,35.88,35.77,34.9,34.33,39.73,34.07,33.52,normal,drought,False,0.686,0.225,0.089,0,0,0.29,10
15,2025-03-28,0.0566,35.87,predicted,35.87,35.76,34.87,39.73,34.16,34.03,33.46,normal,drought,False,0.684,0.227,0.089,0,0,0.29,10
15,2025-03-29,0.0569,36.03,predicted,36.03,35.93,39.73,34.45,34.35,34.22,33.64,normal,drought,False,0.673,0.233,0.094,0,0,0.29,10
15,2025-03-30,0.057,36.1,predicted,36.1,39.73,35.14,34.57,34.46,34.3,33.77,normal,drought,False,0.67,0.236,0.094,0,0,0.29,10
15,2025-03-31,0.0627,39.73,observed,39.73,35.84,34.97,34.36,34.24,34.05,33.54,normal,drought,False,0.684,0.231,0.085,0,0,0.29,10
15,2025-04-01,0.0591,37.41,predicted,37.41,37.21,36.24,35.5,35.32,35.05,34.47,normal,drought,False,0.69,0.229,0.081,0,0,0.57,6
15,2025-04-02,0.0596,37.75,predicted,37.75,37.59,36.61,35.92,35.74,35.56,34.86,normal,drought,False,0.686,0.23,0.084,0,0,0.57,6
15,2025-04-03,0.059,37.41,predicted,37.41,37.34,36.4,35.85,35.73,35.67,34.93,normal,drought,False,0.701,0.222,0.078,0,0,0.29,10
15,2025-04-04,0.0599,37.96,predicted,37.96,38.02,37.14,36.85,36.76,36.83,36.03,normal,drought,False,0.705,0.213,0.082,0,0,0.29,10
15,2025-04-05,0.0622,39.41,predicted,39.41,39.64,38.82,38.78,38.72,38.96,38.06,normal,drought,False,0.696,0.208,0.096,0,0,0.29,10
15,2025-04-06,0.0624,39.56,predicted,39.56,39.77,39.04,38.97,38.9,39.11,44.25,normal,drought,False,0.69,0.205,0.105,0,0,0.29,10
15,2025-04-07,0.0632,40.07,predicted,40.07,40.3,39.64,39.64,39.54,44.25,39.03,normal,drought,False,0.681,0.202,0.117,0,0,0.29,10
15,2025-04-08,0.0633,40.1,predicted,40.1,40.27,39.61,39.48,44.25,39.46,38.83,normal,drought,False,0.672,0.202,0.126,0,0,0.29,10
15,2025-04-09,0.0622,39.42,predicted,39.42,39.48,38.79,44.25,38.3,38.28,37.75,normal,drought,False,0.669,0.203,0.128,0,0,0.29,10
15,2025-04-10,0.0611,38.72,predicted,38.72,38.7,44.25,37.46,37.29,37.16,36.67,normal,drought,False,0.667,0.205,0.128,0,0,0.29,10
15,2025-04-11,0.0598,37.89,predicted,37.89,44.25,37.01,36.51,36.35,36.18,35.65,normal,drought,False,0.663,0.207,0.129,0,0,0.29,10
15,2025-04-12,0.0698,44.25,observed,44.25,37.63,36.72,36.12,35.97,35.8,35.2,normal,drought,False,0.661,0.211,0.129,0,0,0.29,10
15,2025-04-13,0.0667,42.23,predicted,42.23,41.98,40.81,39.87,39.53,39.15,38.33,normal,drought,False,0.66,0.214,0.126,0,0,0.57,6
15,2025-04-14,0.0674,42.7,predicted,42.7,42.45,41.23,40.22,39.86,39.51,38.61,normal,drought,False,0.655,0.219,0.125,0,0,0.57,6
15,2025-04-15,0.0671,42.54,predicted,42.54,42.37,41.29,40.47,40.19,39.98,39.1,normal,drought,False,0.642,0.227,0.13,0,0,0.29,10
15,2025-04-16,0.0675,42.76,predicted,42.76,42.6,41.56,40.76,40.49,40.28,39.42,normal,drought,False,0.619,0.239,0.142,0,0,0.29,10
15,2025-04-17,0.0683,43.25,predicted,43.25,43.13,42.16,41.43,41.16,40.99,40.14,normal,drought,False,0.589,0.253,0.158,0,0,0.29,10
15,2025-04-18,0.0685,43.4,predicted,43.4,43.28,42.37,41.67,41.41,41.25,45.5,normal,drought,False,0.6,0.256,0.144,0,0,0.29,10
15,2025-04-19,0.0675,42.77,predicted,42.77,42.61,41.65,40.91,40.62,45.5,39.62,normal,drought,False,0.662,0.238,0.1,0,0,0.29,10
15,2025-04-20,0.0678,42.96,predicted,42.96,42.81,41.89,41.18,45.5,40.69,39.92,normal,drought,False,0.658,0.242,0.1,0,0,0.29,10
15,2025-04-21,0.0672,42.58,predicted,42.58,42.39,41.41,45.5,40.32,40.06,39.3,normal,drought,False,0.688,0.232,0.081,0,0,0.29,10
15,2025-04-22,0.0669,42.36,predicted,42.36,42.17,45.5,40.4,40.1,39.85,39.07,normal,drought,False,0.696,0.227,0.077,0,0,0.29,10
15,2025-04-23,0.0669,42.41,predicted,42.41,45.5,41.25,40.54,40.27,40.05,39.24,normal,drought,False,0.696,0.226,0.078,0,0,0.29,10
15,2025-04-24,0.0718,45.5,observed,45.5,42.44,41.43,40.7,40.43,40.24,39.39,normal,drought,False,0.692,0.228,0.08,0,0,0.29,10
15,2025-04-25,0.0691,43.75,predicted,43.75,43.58,42.51,41.69,41.36,41.14,40.24,normal,drought,False,0.699,0.224,0.077,0,0,0.57,6
15,2025-04-26,0.0693,43.89,predicted,43.89,43.73,42.69,41.92,41.58,41.38,40.48,normal,drought,False,0.702,0.221,0.077,0,0,0.57,6
15,2025-04-27,0.0691,43.8,predicted,43.8,43.68,42.72,42.04,41.74,41.56,40.72,normal,drought,False,0.704,0.22,0.077,0,0,0.29,10
15,2025-04-28,0.0693,43.9,predicted,43.9,43.8,42.86,42.22,41.92,41.77,40.92,normal,drought,False,0.704,0.218,0.079,0,0,0.29,10
15,2025-04-29,0.0699,44.31,predicted,44.31,44.26,43.32,42.77,42.48,42.37,41.5,normal,drought,False,0.708,0.211,0.08,0,0,0.29,10
15,2025-04-30,0.0706,44.72,predicted,44.72,44.74,43.82,43.35,43.08,43.06,32.82,normal,drought,False,0.707,0.207,0.087,0,0,0.29,10
15,2025-05-01,0.0707,44.82,predicted,44.82,44.88,43.98,43.55,43.28,32.82,42.34,normal,drought,False,0.702,0.204,0.094,0,0,0.29,10
15,2025-05-02,0.0711,45.06,predicted,45.06,45.07,44.2,43.66,32.82,43.34,42.45,normal,drought,False,0.698,0.206,0.097,0,0,0.29,10
15,2025-05-03,0.0705,44.68,predicted,44.68,44.63,43.77,32.82,42.85,42.74,41.95,normal,drought,False,0.695,0.207,0.097,0,0,0.29,10
15,2025-05-04,0.07,44.35,predicted,44.35,44.25,32.82,42.67,42.34,42.16,41.4,normal,drought,False,0.693,0.21,0.097,0,0,0.29,10
15,2025-05-05,0.07,44.38,predicted,44.38,32.82,43.3,42.52,42.18,41.92,41.18,normal,drought,False,0.688,0.216,0.097,0,0,0.29,10
15,2025-05-06,0.0518,32.82,observed,32.82,44.23,43.25,42.49,42.15,41.86,41.1,normal,drought,False,0.69,0.216,0.094,0,0,0.29,10
15,2025-05-07,0.0496,31.41,predicted,31.41,31.64,31.29,31.36,31.57,31.79,31.58,normal,drought,False,0.693,0.215,0.092,0,0,0.57,6
15,2025-05-08,0.0473,29.98,predicted,29.98,30.22,29.87,29.94,30.19,30.45,30.23,normal,drought,False,0.691,0.216,0.093,0,0,0.57,6
15,2025-05-09,0.0488,30.9,predicted,30.9,30.95,30.23,29.88,29.96,30.05,29.6,normal,drought,False,0.688,0.219,0.094,0,0,0.29,10
15,2025-05-10,0.049,31.06,predicted,31.06,31.09,30.34,29.92,29.97,30.06,29.59,normal,drought,False,0.682,0.224,0.094,0,0,0.29,10
15,2025-05-11,0.0491,31.09,predicted,31.09,31.1,30.38,29.95,29.99,30.06,29.62,normal,drought,False,0.671,0.231,0.098,0,0,0.29,10
15,2025-05-12,0.049,31.03,predicted,31.03,31.03,30.37,29.95,30.0,30.04,38.81,normal,drought,False,0.66,0.238,0.102,0,0,0.29,10
15,2025-05-13,0.0488,30.94,predicted,30.94,30.9,30.22,29.77,29.81,38.81,29.44,normal,drought,False,0.659,0.243,0.099,0,0,0.29,10
15,2025-05-14,0.0486,30.81,predicted,30.81,30.73,29.99,29.47,38.81,29.43,29.06,normal,drought,False,0.677,0.238,0.085,0,0,0.29,10
15,2025-05-15,0.0481,30.5,predicted,30.5,30.42,29.65,38.81,29.14,29.09,28.72,normal,drought,False,0.698,0.229,0.073,0,0,0.29,10
15,2025-05-16,0.0481,30.46,predicted,30.46,30.38,38.81,29.07,29.09,29.04,28.66,normal,drought,False,0.697,0.231,0.072,0,0,0.29,10
15,2025-05-17,0.048,30.41,predicted,30.41,38.81,29.56,29.03,29.05,29.04,28.63,normal,drought,False,0.699,0.23,0.071,0,0,0.29,10
15,2025-05-18,0.0613,38.81,observed,38.81,30.1,29.33,29.0,29.08,29.18,28.66,normal,drought,False,0.702,0.225,0.073,0,0,0.29,10
15,2025-05-19,0.0579,36.67,predicted,36.67,36.6,35.6,35.02,34.88,34.88,34.04,normal,drought,False,0.697,0.225,0.078,0,0,0.57,6
15,2025-05-20,0.0593,37.59,predicted,37.59,37.57,36.59,36.11,35.96,36.01,35.12,normal,drought,False,0.699,0.222,0.079,0,0,0.57,6
15,2025-05-21,0.0592,37.53,predicted,37.53,37.59,36.79,36.41,36.32,36.47,35.71,normal,drought,False,0.701,0.221,0.078,0,0,0.29,10
15,2025-05-22,0.0592,37.51,predicted,37.51,37.55,36.79,36.36,36.26,36.37,35.68,normal,drought,False,0.704,0.219,0.077,0,0,0.29,10
15,2025-05-23,0.0592,37.49,predicted,37.49,37.48,36.73,36.23,36.11,36.16,35.54,normal,drought,False,0.705,0.22,0.075,0,0,0.29,10
15,2025-05-24,0.0587,37.21,predicted,37.21,37.14,36.38,35.84,35.69,35.64,50.64,normal,drought,False,0.704,0.222,0.074,0,0,0.29,10
15,2025-05-25,0.0581,36.83,predicted,36.83,36.76,35.94,35.38,35.24,50.64,34.6,normal,drought,False,0.704,0.221,0.075,0,0,0.29,10
15,2025-05-26,0.0581,36.79,predicted,36.79,36.72,35.86,35.25,50.64,35.09,34.44,normal,drought,False,0.704,0.222,0.074,0,0,0.29,10
15,2025-05-27,0.0581,36.83,predicted,36.83,36.76,35.91,50.64,35.19,35.15,34.53,normal,drought,False,0.704,0.222,0.074,0,0,0.29,10
15,2025-05-28,0.0581,36.84,predicted,36.84,36.77,50.64,35.33,35.21,35.16,34.53,normal,drought,False,0.704,0.222,0.074,0,0,0.29,10
15,2025-05-29,0.0583,36.92,predicted,36.92,50.64,35.97,35.37,35.23,35.1,34.58,normal,drought,False,0.7,0.226,0.074,0,0,0.29,10
15,2025-05-30,0.0799,50.64,observed,50.64,36.66,35.81,35.17,35.03,34.84,34.35,normal,drought,False,0.694,0.229,0.077,0,0,0.29,10
15,2025-05-31,0.0765,48.44,predicted,48.44,47.99,46.56,45.17,44.58,43.93,42.82,normal,drought,False,0.682,0.234,0.084,0,0,0.57,6
15,2025-06-01,0.0777,49.21,predicted,49.21,48.75,47.27,45.84,45.23,44.57,43.41,normal,drought,False,0.687,0.233,0.08,0,0,0.57,6
15,2025-06-02,0.0769,48.7,predicted,48.7,48.48,47.45,46.54,46.1,45.8,44.82,normal,drought,False,0.685,0.235,0.079,0,0,0.29,10
15,2025-06-03,0.0763,48.32,predicted,48.32,48.08,47.09,46.22,45.77,45.43,44.55,normal,drought,False,0.701,0.228,0.071,0,0,0.29,10
15,2025-06-04,0.0763,48.31,predicted,48.31,48.06,47.07,46.18,45.74,45.38,44.51,normal,drought,False,0.702,0.228,0.07,0,0,0.29,10
15,2025-06-05,0.0759,48.09,predicted,48.09,47.84,46.87,46.02,45.58,45.2,50.63,normal,drought,False,0.705,0.226,0.069,0,0,0.29,10
15,2025-06-06,0.0759,48.11,predicted,48.11,47.87,46.88,46.01,45.57,50.63,44.35,normal,drought,False,0.703,0.227,0.07,0,0,0.29,10
15,2025-06-07,0.0761,48.19,predicted,48.19,47.95,46.96,46.09,50.63,45.3,44.43,normal,drought,False,0.7,0.229,0.071,0,0,0.29,10
15,2025-06-08,0.0759,48.06,predicted,48.06,47.81,46.84,50.63,45.57,45.18,44.36,normal,drought,False,0.703,0.227,0.07,0,0,0.29,10
15,2025-06-09,0.0757,47.97,predicted,47.97,47.7,50.63,45.93,45.5,45.07,44.32,normal,drought,False,0.705,0.226,0.07,0,0,0.29,10
15,2025-06-10,0.0757,47.94,predicted,47.94,50.63,46.71,45.86,45.43,44.99,44.23,normal,drought,False,0.704,0.226,0.07,0,0,0.29,10
15,2025-06-11,0.0799,50.63,observed,50.63,47.42,46.45,45.63,45.2,44.84,44.01,normal,drought,False,0.706,0.223,0.07,0,0,0.29,10
15,2025-06-12,0.0753,47.69,predicted,47.69,47.5,46.54,45.79,45.39,45.1,44.21,normal,drought,False,0.705,0.222,0.073,0,0,0.57,6
15,2025-06-13,0.0764,48.39,predicted,48.39,48.21,47.26,46.52,46.12,45.85,44.93,normal,drought,False,0.703,0.223,0.074,0,0,0.57,6
15,2025-06-14,0.0762,48.27,predicted,48.27,48.09,47.17,46.46,46.05,45.77,44.91,normal,drought,False,0.708,0.22,0.073,0,0,0.29,10
15,2025-06-15,0.0763,48.35,predicted,48.35,48.22,47.31,46.65,46.25,46.07,45.11,normal,drought,False,0.71,0.215,0.075,0,0,0.29,10
15,2025-06-16,0.0763,48.33,predicted,48.33,48.25,47.36,46.75,46.37,46.23,45.26,normal,drought,False,0.707,0.214,0.079,0,0,0.29,10
15,2025-06-17,0.0767,48.59,predicted,48.59,48.54,47.65,47.04,46.65,46.6,49.25,normal,drought,False,0.705,0.212,0.083,0,0,0.29,10
15,2025-06-18,0.0772,48.88,predicted,48.88,48.84,47.98,47.35,46.95,49.25,45.88,normal,drought,False,0.701,0.213,0.086,0,0,0.29,10
15,2025-06-19,0.0776,49.18,predicted,49.18,49.1,48.29,47.67,49.25,47.12,46.21,normal,drought,False,0.7,0.215,0.086,0,0,0.29,10
15,2025-06-20,0.0774,49.03,predicted,49.03,48.89,48.09,49.25,46.97,46.71,45.93,normal,drought,False,0.698,0.218,0.085,0,0,0.29,10
15,2025-06-21,0.0768,48.65,predicted,48.65,48.46,49.25,46.88,46.42,46.07,45.35,normal,drought,False,0.696,0.22,0.084,0,0,0.29,10
15,2025-06-22,0.0763,48.34,predicted,48.34,49.25,47.22,46.4,45.94,45.56,44.81,normal,drought,False,0.696,0.222,0.082,0,0,0.29,10
15,2025-06-23,0.0777,49.25,observed,49.25,47.94,46.99,46.14,45.68,45.26,44.51,normal,drought,False,0.694,0.224,0.082,0,0,0.29,10
15,2025-06-24,0.0744,47.12,predicted,47.12,46.9,45.96,45.13,44.72,44.38,43.6,normal,drought,False,0.689,0.229,0.082,0,0,0.57,6
15,2025-06-25,0.074,46.88,predicted,46.88,46.63,45.69,44.88,44.48,44.08,43.34,normal,drought,False,0.687,0.232,0.081,0,0,0.57,6
15,2025-06-26,0.0736,46.65,predicted,46.65,46.35,45.31,44.39,43.97,43.52,42.74,normal,drought,False,0.692,0.23,0.079,0,0,0.29,10
15,2025-06-27,0.0735,46.58,predicted,46.58,46.3,45.24,44.32,43.91,43.5,42.66,normal,drought,False,0.686,0.233,0.081,0,0,0.29,10
15,2025-06-28,0.0742,47.02,predicted,47.02,46.76,45.7,44.78,44.38,44.0,43.11,normal,drought,False,0.675,0.24,0.085,0,0,0.29,10
15,2025-06-29,0.0741,46.92,predicted,46.92,46.67,45.59,44.65,44.25,43.92,50.6,normal,drought,False,0.682,0.237,0.08,0,0,0.29,10
15,2025-06-30,0.0743,47.04,predicted,47.04,46.8,45.74,44.82,44.42,50.6,43.16,normal,drought,False,0.687,0.236,0.077,0,0,0.29,10
15,2025-07-01,0.0742,47.01,predicted,47.01,46.75,45.76,44.89,50.6,44.11,43.29,normal,drought,False,0.696,0.232,0.072,0,0,0.29,10
15,2025-07-02,0.0737,46.67,predicted,46.67,46.4,45.47,50.6,44.25,43.82,43.12,normal,drought,False,0.703,0.228,0.07,0,0,0.29,10
15,2025-07-03,0.0734,46.5,predicted,46.5,46.22,50.6,44.44,44.03,43.56,42.89,normal,drought,False,0.703,0.227,0.07,0,0,0.29,10
15,2025-07-04,0.0733,46.45,predicted,46.45,50.6,45.16,44.28,43.87,43.41,42.7,normal,drought,False,0.702,0.228,0.07,0,0,0.29,10
15,2025-07-05,0.0799,50.6,observed,50.6,46.05,45.07,44.2,43.79,43.3,42.62,normal,drought,False,0.702,0.229,0.069,0,0,0.29,10
15,2025-07-06,0.075,47.51,predicted,47.51,47.16,46.09,45.11,44.64,44.1,43.34,normal,drought,False,0.702,0.229,0.069,0,0,0.57,6
15,2025-07-07,0.075,47.5,predicted,47.5,47.14,46.09,45.13,44.66,44.11,43.37,normal,drought,False,0.702,0.229,0.069,0,0,0.57,6
15,2025-07-08,0.0748,47.4,predicted,47.4,47.07,46.13,45.3,44.86,44.33,43.69,normal,drought,False,0.7,0.23,0.07,0,0,0.29,10
15,2025-07-09,0.0749,47.47,predicted,47.47,47.13,46.16,45.29,44.85,44.33,43.65,normal,drought,False,0.699,0.231,0.07,0,0,0.29,10
15,2025-07-10,0.0751,47.55,predicted,47.55,47.22,46.23,45.31,44.87,44.38,43.64,normal,drought,False,0.696,0.234,0.07,0,0,0.29,10
15,2025-07-11,0.075,47.52,predicted,47.52,47.19,46.17,45.22,44.78,44.34,51.33,normal,drought,False,0.695,0.236,0.068,0,0,0.29,10
15,2025-07-12,0.075,47.54,predicted,47.54,47.22,46.24,45.35,44.92,51.33,43.7,normal,drought,False,0.695,0.238,0.068,0,0,0.29,10
15,2025-07-13,0.075,47.52,predicted,47.52,47.22,46.25,45.38,51.33,44.52,43.75,normal,drought,False,0.697,0.237,0.066,0,0,0.29,10
15,2025-07-14,0.0748,47.38,predicted,47.38,47.08,46.17,51.33,44.94,44.5,43.8,normal,drought,False,0.697,0.237,0.066,0,0,0.29,10
15,2025-07-15,0.0748,47.41,predicted,47.41,47.12,51.33,45.44,45.01,44.57,43.88,normal,drought,False,0.697,0.235,0.067,0,0,0.29,10
15,2025-07-16,0.075,47.53,predicted,47.53,51.33,46.33,45.55,45.12,44.67,43.98,normal,drought,False,0.698,0.235,0.067,0,0,0.29,10
15,2025-07-17,0.081,51.33,observed,51.33,47.11,46.17,45.36,44.94,44.55,43.78,normal,drought,False,0.701,0.232,0.067,0,0,0.29,10
15,2025-07-18,0.076,48.17,predicted,48.17,47.89,46.93,46.09,45.63,45.24,44.43,normal,drought,False,0.7,0.233,0.067,0,0,0.57,6
15,2025-07-19,0.0764,48.37,predicted,48.37,48.11,47.14,46.29,45.84,45.48,44.62,normal,drought,False,0.702,0.231,0.067,0,0,0.57,6
15,2025-07-20,0.0763,48.34,predicted,48.34,48.11,47.23,46.5,46.06,45.71,44.94,normal,drought,False,0.701,0.232,0.067,0,0,0.29,10
15,2025-07-21,0.0763,48.35,predicted,48.35,48.13,47.26,46.56,46.12,45.8,45.01,normal,drought,False,0.703,0.229,0.067,0,0,0.29,10
15,2025-07-22,0.0764,48.4,predicted,48.4,48.21,47.35,46.68,46.25,45.94,45.16,normal,drought,False,0.708,0.226,0.066,0,0,0.29,10
15,2025-07-23,0.0766,48.51,predicted,48.51,48.32,47.47,46.8,46.38,46.07,52.23,normal,drought,False,0.711,0.222,0.067,0,0,0.29,10
15,2025-07-24,0.0768,48.66,predicted,48.66,48.48,47.62,46.94,46.51,52.23,45.41,normal,drought,False,0.712,0.22,0.068,0,0,0.29,10
15,2025-07-25,0.0767,48.62,predicted,48.62,48.43,47.59,46.92,52.23,46.16,45.41,normal,drought,False,0.71,0.221,0.07,0,0,0.29,10
15,2025-07-26,0.0768,48.67,predicted,48.67,48.47,47.63,52.23,46.52,46.15,45.42,normal,drought,False,0.709,0.22,0.071,0,0,0.29,10
15,2025-07-27,0.0766,48.55,predicted,48.55,48.34,52.23,46.76,46.33,45.97,45.21,normal,drought,False,0.706,0.22,0.073,0,0,0.29,10
15,2025-07-28,0.0769,48.72,predicted,48.72,52.23,47.62,46.9,46.46,46.06,45.34,normal,drought,False,0.705,0.222,0.073,0,0,0.29,10
15,2025-07-29,0.0824,52.23,observed,52.23,48.39,47.5,46.73,46.28,45.84,45.14,normal,drought,False,0.704,0.223,0.073,0,0,0.29,10
15,2025-07-30,0.0783,49.58,predicted,49.58,49.27,48.3,47.4,46.91,46.4,45.64,normal,drought,False,0.702,0.225,0.073,0,0,0.57,6
15,2025-07-31,0.0781,49.49,predicted,49.49,49.16,48.16,47.21,46.71,46.21,45.43,normal,drought,False,0.7,0.228,0.072,0,0,0.57,6
15,2025-08-01,0.0778,49.27,predicted,49.27,48.97,48.02,47.13,46.66,46.2,45.43,normal,drought,False,0.699,0.229,0.072,0,0,0.29,10
15,2025-08-02,0.0778,49.26,predicted,49.26,49.0,48.01,47.13,46.67,46.3,45.4,normal,drought,False,0.699,0.228,0.072,0,0,0.29,10
15,2025-08-03,0.0781,49.47,predicted,49.47,49.26,48.28,47.47,47.02,46.75,45.77,normal,drought,False,0.698,0.228,0.073,0,0,0.29,10
15,2025-08-04,0.0781,49.49,predicted,49.49,49.34,48.4,47.67,47.23,47.04,51.24,normal,drought,False,0.699,0.226,0.075,0,0,0.29,10
15,2025-08-05,0.0792,50.17,predicted,50.17,50.08,49.21,48.64,48.21,51.24,47.06,normal,drought,False,0.702,0.222,0.077,0,0,0.29,10
15,2025-08-06,0.0796,50.43,predicted,50.43,50.34,49.52,48.96,51.24,48.35,47.42,normal,drought,False,0.701,0.221,0.078,0,0,0.29,10
15,2025-08-07,0.0796,50.42,predicted,50.42,50.3,49.53,51.24,48.48,48.24,47.42,normal,drought,False,0.7,0.222,0.078,0,0,0.29,10
15,2025-08-08,0.0793,50.22,predicted,50.22,50.06,51.24,48.66,48.2,47.88,47.13,normal,drought,False,0.7,0.222,0.078,0,0,0.29,10
15,2025-08-09,0.079,50.02,predicted,50.02,51.24,49.02,48.31,47.84,47.48,46.73,normal,drought,False,0.7,0.222,0.078,0,0,0.29,10
15,2025-08-10,0.0809,51.24,observed,51.24,49.42,48.57,47.83,47.35,46.98,46.23,normal,drought,False,0.703,0.221,0.076,0,0,0.29,10
15,2025-08-11,0.0767,48.58,predicted,48.58,48.37,47.56,46.88,46.44,46.08,45.39,normal,drought,False,0.705,0.221,0.075,0,0,0.57,6
15,2025-08-12,0.0762,48.29,predicted,48.29,48.07,47.24,46.56,46.13,45.74,45.07,normal,drought,False,0.707,0.22,0.074,0,0,0.57,6
15,2025-08-13,0.0762,48.25,predicted,48.25,47.99,47.06,46.28,45.84,45.4,44.67,normal,drought,False,0.707,0.218,0.074,0,0,0.29,10
15,2025-08-14,0.0764,48.39,predicted,48.39,48.14,47.16,46.35,45.91,45.49,44.7,normal,drought,False,0.703,0.22,0.077,0,0,0.29,10
15,2025-08-15,0.0768,48.64,predicted,48.64,48.4,47.43,46.63,46.2,45.8,44.98,normal,drought,False,0.698,0.222,0.08,0,0,0.29,10
15,2025-08-16,0.0768,48.64,predicted,48.64,48.39,47.43,46.62,46.2,45.79,50.05,normal,drought,False,0.694,0.225,0.081,0,0,0.29,10
15,2025-08-17,0.077,48.76,predicted,48.76,48.51,47.54,46.71,46.28,50.05,45.04,normal,drought,False,0.689,0.228,0.083,0,0,0.29,10
15,2025-08-18,0.0772,48.9,predicted,48.9,48.68,47.77,47.0,50.05,46.22,45.39,normal,drought,False,0.689,0.229,0.082,0,0,0.29,10
15,2025-08-19,0.0765,48.44,predicted,48.44,48.19,47.28,50.05,46.1,45.68,44.93,normal,drought,False,0.7,0.224,0.076,0,0,0.29,10
15,2025-08-20,0.0764,48.43,predicted,48.43,48.17,50.05,46.57,46.13,45.65,45.01,normal,drought,False,0.702,0.223,0.075,0,0,0.29,10
15,2025-08-21,0.0765,48.48,predicted,48.48,50.05,47.26,46.44,46.0,45.51,44.82,normal,drought,False,0.7,0.225,0.076,0,0,0.29,10
15,2025-08-22,0.079,50.05,observed,50.05,48.15,47.17,46.26,45.8,45.35,44.58,normal,drought,False,0.697,0.229,0.075,0,0,0.29,10
15,2025-08-23,0.0746,47.27,predicted,47.27,47.01,46.1,45.32,44.91,44.53,43.79,normal,drought,False,0.698,0.228,0.074,0,0,0.57,6
15,2025-08-24,0.0742,47.04,predicted,47.04,46.8,45.9,45.15,44.76,44.41,43.66,normal,drought,False,0.698,0.229,0.074,0,0,0.57,6
15,2025-08-25,0.0745,47.17,predicted,47.17,46.9,45.96,45.19,44.77,44.34,43.62,normal,drought,False,0.696,0.23,0.074,0,0,0.29,10
15,2025-08-26,0.0747,47.35,predicted,47.35,47.07,46.1,45.24,44.82,44.41,43.63,normal,drought,False,0.695,0.231,0.074,0,0,0.29,10
15,2025-08-27,0.0743,47.05,predicted,47.05,46.78,45.86,45.09,44.68,44.25,43.54,normal,drought,False,0.698,0.229,0.073,0,0,0.29,10
15,2025-08-28,0.0741,46.97,predicted,46.97,46.69,45.79,45.05,44.63,44.17,51.84,normal,drought,False,0.698,0.228,0.074,0,0,0.29,10
15,2025-08-29,0.0742,47.01,predicted,47.01,46.74,45.82,45.06,44.65,51.84,43.51,normal,drought,False,0.7,0.226,0.074,0,0,0.29,10
15,2025-08-30,0.0743,47.08,predicted,47.08,46.8,45.87,45.09,51.84,44.23,43.53,normal,drought,False,0.702,0.225,0.073,0,0,0.29,10
15,2025-08-31,0.0743,47.09,predicted,47.09,46.82,45.87,51.84,44.66,44.24,43.49,normal,drought,False,0.701,0.225,0.074,0,0,0.29,10
16,2025-03-01,0.1027,42.81,predicted,42.81,42.86,42.04,41.7,41.49,41.53,50.59,normal,drought,False,0.568,0.338,0.094,0,0,0.29,10
16,2025-03-02,0.104,43.37,predicted,43.37,43.47,42.67,42.38,42.15,50.59,41.32,normal,drought,False,0.581,0.325,0.095,0,0,0.29,10
16,2025-03-03,0.1045,43.55,predicted,43.55,43.66,42.92,42.64,50.59,42.51,41.64,normal,drought,False,0.593,0.313,0.095,0,0,0.29,10
16,2025-03-04,0.1049,43.74,predicted,43.74,43.81,43.07,50.59,42.46,42.51,41.69,normal,drought,False,0.594,0.311,0.095,0,0,0.29,10
16,2025-03-05,0.1047,43.64,predicted,43.64,43.64,50.59,42.47,42.19,42.13,41.41,normal,drought,False,0.592,0.315,0.093,0,0,0.29,10
16,2025-03-06,0.1036,43.2,predicted,43.2,50.59,42.39,41.9,41.61,41.42,40.8,normal,drought,False,0.591,0.318,0.092,0,0,0.29,10
16,2025-03-07,0.1213,50.59,observed,50.59,42.68,41.88,41.32,41.03,40.75,40.17,normal,drought,False,0.591,0.319,0.089,0,0,0.29,10
16,2025-03-08,0.1164,48.51,predicted,48.51,48.17,46.94,45.85,45.3,44.67,43.79,normal,drought,False,0.588,0.323,0.088,0,0,0.57,6
16,2025-03-09,0.1165,48.55,predicted,48.55,48.17,46.92,45.8,45.25,44.57,43.69,normal,drought,False,0.584,0.327,0.089,0,0,0.57,6
16,2025-03-10,0.1149,47.89,predicted,47.89,47.67,46.72,46.0,45.58,45.11,44.39,normal,drought,False,0.577,0.332,0.091,0,0,0.29,10
16,2025-03-11,0.1158,48.26,predicted,48.26,48.08,47.02,46.2,45.8,45.5,44.49,normal,drought,False,0.565,0.339,0.097,0,0,0.29,10
16,2025-03-12,0.1169,48.72,predicted,48.72,48.67,47.65,47.02,46.65,46.57,45.39,normal,drought,False,0.568,0.33,0.102,0,0,0.29,10
16,2025-03-13,0.1188,49.55,predicted,49.55,49.54,48.6,48.06,47.69,47.63,47.76,normal,drought,False,0.565,0.327,0.107,0,0,0.29,10
16,2025-03-14,0.1194,49.79,predicted,49.79,49.76,48.91,48.37,47.98,47.76,46.87,normal,drought,False,0.565,0.327,0.107,0,0,0.29,10
16,2025-03-15,0.1195,49.8,predicted,49.8,49.74,48.96,48.4,47.76,47.83,46.93,normal,drought,False,0.575,0.324,0.101,0,0,0.29,10
16,2025-03-16,0.1185,49.39,predicted,49.39,49.31,48.55,47.76,47.59,47.37,46.54,normal,drought,False,0.595,0.314,0.091,0,0,0.29,10
16,2025-03-17,0.118,49.21,predicted,49.21,49.16,47.76,47.73,47.32,47.17,46.22,normal,drought,False,0.608,0.304,0.088,0,0,0.29,10
16,2025-03-18,0.1179,49.15,predicted,49.15,47.76,48.27,47.72,47.32,47.16,46.24,normal,drought,False,0.61,0.302,0.088,0,0,0.29,10
16,2025-03-19,0.1145,47.76,observed,47.76,49.23,48.38,47.76,47.33,47.11,46.24,normal,drought,False,0.605,0.308,0.088,0,0,0.29,10
16,2025-03-20,0.1117,46.55,predicted,46.55,46.55,45.87,45.5,45.18,45.08,44.35,normal,drought,False,0.604,0.308,0.088,0,0,0.57,6
16,2025-03-21,0.1112,46.36,predicted,46.36,46.34,45.59,45.11,44.79,44.67,43.92,normal,drought,False,0.599,0.312,0.089,0,0,0.57,6
16,2025-03-22,0.1114,46.46,predicted,46.46,46.31,45.36,44.6,44.21,43.94,43.12,normal,drought,False,0.588,0.322,0.091,0,0,0.29,10
16,2025-03-23,0.1112,46.36,predicted,46.36,46.19,45.21,44.42,44.03,43.76,42.89,normal,drought,False,0.58,0.326,0.094,0,0,0.29,10
16,2025-03-24,0.1113,46.4,predicted,46.4,46.22,45.23,44.42,44.04,43.76,42.89,normal,drought,False,0.568,0.333,0.099,0,0,0.29,10
16,2025-03-25,0.1118,46.62,predicted,46.62,46.44,45.48,44.68,44.3,44.01,46.91,normal,drought,False,0.558,0.34,0.103,0,0,0.29,10
16,2025-03-26,0.11,45.85,predicted,45.85,45.65,44.67,43.88,43.5,46.91,42.36,normal,drought,False,0.621,0.304,0.075,0,0,0.29,10
16,2025-03-27,0.1095,45.67,predicted,45.67,45.46,44.46,43.65,46.91,42.93,42.12,normal,drought,False,0.625,0.301,0.074,0,0,0.29,10
16,2025-03-28,0.1094,45.63,predicted,45.63,45.41,44.4,46.91,43.19,42.87,42.03,normal,drought,False,0.623,0.302,0.075,0,0,0.29,10
16,2025-03-29,0.1099,45.81,predicted,45.81,45.6,46.91,43.79,43.42,43.11,42.27,normal,drought,False,0.609,0.311,0.079,0,0,0.29,10
16,2025-03-30,0.1101,45.92,predicted,45.92,46.91,44.73,43.93,43.56,43.22,42.41,normal,drought,False,0.605,0.315,0.08,0,0,0.29,10
16,2025-03-31,0.1125,46.91,observed,46.91,45.52,44.54,43.73,43.35,42.99,42.21,normal,drought,False,0.626,0.302,0.073,0,0,0.29,10
16,2025-04-01,0.1071,44.67,predicted,44.67,44.46,43.52,42.74,42.4,42.07,41.34,normal,drought,False,0.635,0.295,0.07,0,0,0.57,6
16,2025-04-02,0.1076,44.86,predicted,44.86,44.69,43.75,43.01,42.69,42.45,41.61,normal,drought,False,0.631,0.297,0.072,0,0,0.57,6
16,2025-04-03,0.1073,44.72,predicted,44.72,44.58,43.58,42.86,42.53,42.36,41.42,normal,drought,False,0.65,0.284,0.066,0,0,0.29,10
16,2025-04-04,0.1085,45.26,predicted,45.26,45.23,44.28,43.79,43.49,43.44,42.45,normal,drought,False,0.66,0.272,0.068,0,0,0.29,10
16,2025-04-05,0.1119,46.64,predicted,46.64,46.76,45.88,45.62,45.34,45.44,44.37,normal,drought,False,0.661,0.261,0.078,0,0,0.29,10
16,2025-04-06,0.1125,46.89,predicted,46.89,47.01,46.21,45.94,45.65,45.71,50.11,normal,drought,False,0.658,0.257,0.086,0,0,0.29,10
16,2025-04-07,0.1136,47.38,predicted,47.38,47.51,46.78,46.58,46.27,50.11,45.42,normal,drought,False,0.654,0.251,0.095,0,0,0.29,10
16,2025-04-08,0.1139,47.48,predicted,47.48,47.57,46.84,46.51,50.11,46.14,45.31,normal,drought,False,0.646,0.252,0.102,0,0,0.29,10
16,2025-04-09,0.1124,46.84,predicted,46.84,46.83,46.06,50.11,45.19,45.03,44.3,normal,drought,False,0.641,0.256,0.103,0,0,0.29,10
16,2025-04-10,0.1107,46.15,predicted,46.15,46.05,50.11,44.56,44.18,43.92,43.22,normal,drought,False,0.637,0.262,0.101,0,0,0.29,10
16,2025-04-11,0.1088,45.35,predicted,45.35,50.11,44.31,43.6,43.22,42.93,42.19,normal,drought,False,0.63,0.27,0.101,0,0,0.29,10
16,2025-04-12,0.1202,50.11,observed,50.11,44.93,43.93,43.13,42.76,42.45,41.66,normal,drought,False,0.623,0.278,0.099,0,0,0.29,10
16,2025-04-13,0.1151,47.98,predicted,47.98,47.7,46.5,45.44,44.95,44.48,43.53,normal,drought,False,0.618,0.285,0.097,0,0,0.57,6
16,2025-04-14,0.1158,48.29,predicted,48.29,47.99,46.75,45.63,45.13,44.68,43.66,normal,drought,False,0.607,0.295,0.097,0,0,0.57,6
16,2025-04-15,0.1159,48.34,predicted,48.34,48.15,47.07,46.17,45.74,45.44,44.45,normal,drought,False,0.585,0.311,0.104,0,0,0.29,10
16,2025-04-16,0.1165,48.56,predicted,48.56,48.37,47.34,46.49,46.07,45.78,44.81,normal,drought,False,0.55,0.332,0.118,0,0,0.29,10
16,2025-04-17,0.1177,49.08,predicted,49.08,48.94,48.01,47.26,46.84,46.6,45.66,normal,drought,False,0.514,0.351,0.136,0,0,0.29,10
16,2025-04-18,0.1181,49.25,predicted,49.25,49.12,48.27,47.55,47.15,46.93,48.65,normal,drought,False,0.527,0.35,0.123,0,0,0.29,10
16,2025-04-19,0.1166,48.6,predicted,48.6,48.42,47.51,46.74,46.31,48.65,45.15,normal,drought,False,0.6,0.316,0.085,0,0,0.29,10
16,2025-04-20,0.1171,48.81,predicted,48.81,48.66,47.8,47.07,48.65,46.39,45.53,normal,drought,False,0.596,0.319,0.085,0,0,0.29,10
16,2025-04-21,0.1161,48.4,predicted,48.4,48.2,47.25,48.65,46.0,45.68,44.82,normal,drought,False,0.632,0.299,0.069,0,0,0.29,10
16,2025-04-22,0.1155,48.17,predicted,48.17,47.97,48.65,46.19,45.75,45.43,44.55,normal,drought,False,0.643,0.292,0.065,0,0,0.29,10
16,2025-04-23,0.1157,48.25,predicted,48.25,48.65,47.1,46.34,45.92,45.64,44.72,normal,drought,False,0.644,0.29,0.066,0,0,0.29,10
16,2025-04-24,0.1167,48.65,observed,48.65,48.27,47.29,46.51,46.09,45.83,44.88,normal,drought,False,0.639,0.292,0.069,0,0,0.29,10
16,2025-04-25,0.1127,46.99,predicted,46.99,46.87,45.97,45.27,44.9,44.74,43.83,normal,drought,False,0.649,0.284,0.066,0,0,0.57,6
16,2025-04-26,0.1125,46.91,predicted,46.91,46.81,45.93,45.29,44.93,44.77,43.89,normal,drought,False,0.656,0.279,0.066,0,0,0.57,6
16,2025-04-27,0.1128,47.02,predicted,47.02,46.89,45.96,45.25,44.87,44.67,43.77,normal,drought,False,0.659,0.275,0.066,0,0,0.29,10
16,2025-04-28,0.113,47.12,predicted,47.12,47.02,46.1,45.44,45.07,44.89,43.97,normal,drought,False,0.659,0.274,0.067,0,0,0.29,10
16,2025-04-29,0.114,47.51,predicted,47.51,47.45,46.55,45.98,45.6,45.46,44.53,normal,drought,False,0.668,0.265,0.067,0,0,0.29,10
16,2025-04-30,0.115,47.94,predicted,47.94,47.95,47.05,46.56,46.2,46.15,48.15,normal,drought,False,0.671,0.258,0.07,0,0,0.29,10
16,2025-05-01,0.1153,48.05,predicted,48.05,48.1,47.22,46.74,46.39,48.15,45.35,normal,drought,False,0.67,0.255,0.075,0,0,0.29,10
16,2025-05-02,0.1157,48.25,predicted,48.25,48.25,47.4,46.84,48.15,46.4,45.45,normal,drought,False,0.665,0.258,0.077,0,0,0.29,10
16,2025-05-03,0.1148,47.88,predicted,47.88,47.82,46.98,48.15,45.96,45.81,44.95,normal,drought,False,0.661,0.261,0.078,0,0,0.29,10
16,2025-05-04,0.114,47.55,predicted,47.55,47.44,48.15,45.86,45.45,45.24,44.42,normal,drought,False,0.656,0.267,0.077,0,0,0.29,10
16,2025-05-05,0.1141,47.57,predicted,47.57,48.15,46.51,45.71,45.29,45.01,44.21,normal,drought,False,0.647,0.276,0.077,0,0,0.29,10
16,2025-05-06,0.1155,48.15,observed,48.15,47.41,46.46,45.68,45.25,44.94,44.11,normal,drought,False,0.648,0.277,0.075,0,0,0.29,10
16,2025-05-07,0.1123,46.81,predicted,46.81,46.65,45.65,44.88,44.49,44.18,43.34,normal,drought,False,0.651,0.276,0.073,0,0,0.57,6
16,2025-05-08,0.1115,46.5,predicted,46.5,46.34,45.33,44.52,44.14,43.87,42.97,normal,drought,False,0.648,0.278,0.074,0,0,0.57,6
16,2025-05-09,0.1117,46.59,predicted,46.59,46.41,45.38,44.54,44.15,43.89,42.96,normal,drought,False,0.643,0.282,0.075,0,0,0.29,10
16,2025-05-10,0.1118,46.62,predicted,46.62,46.44,45.39,44.51,44.11,43.85,42.92,normal,drought,False,0.634,0.29,0.076,0,0,0.29,10
16,2025-05-11,0.112,46.68,predicted,46.68,46.48,45.48,44.62,44.22,43.95,43.06,normal,drought,False,0.618,0.3,0.081,0,0,0.29,10
16,2025-05-12,0.1121,46.72,predicted,46.72,46.52,45.59,44.78,44.4,44.1,51.78,normal,drought,False,0.605,0.309,0.086,0,0,0.29,10
16,2025-05-13,0.1119,46.63,predicted,46.63,46.42,45.46,44.61,44.22,51.78,43.07,normal,drought,False,0.601,0.315,0.085,0,0,0.29,10
16,2025-05-14,0.1113,46.41,predicted,46.41,46.16,45.15,44.23,51.78,43.47,42.62,normal,drought,False,0.621,0.305,0.074,0,0,0.29,10
16,2025-05-15,0.1102,45.94,predicted,45.94,45.68,44.64,51.78,43.3,42.94,42.1,normal,drought,False,0.649,0.287,0.063,0,0,0.29,10
16,2025-05-16,0.1101,45.91,predicted,45.91,45.65,51.78,43.66,43.26,42.91,42.06,normal,drought,False,0.649,0.288,0.063,0,0,0.29,10
16,2025-05-17,0.11,45.85,predicted,45.85,51.78,44.56,43.63,43.24,42.92,42.04,normal,drought,False,0.651,0.286,0.062,0,0,0.29,10
16,2025-05-18,0.1242,51.78,observed,51.78,45.45,44.43,43.61,43.24,43.07,42.08,normal,drought,False,0.655,0.281,0.063,0,0,0.29,10
16,2025-05-19,0.119,49.63,predicted,49.63,49.44,48.33,47.42,46.95,46.71,45.55,normal,drought,False,0.65,0.283,0.067,0,0,0.57,6
16,2025-05-20,0.1206,50.29,predicted,50.29,50.15,49.05,48.21,47.73,47.54,46.33,normal,drought,False,0.65,0.282,0.068,0,0,0.57,6
16,2025-05-21,0.1209,50.41,predicted,50.41,50.35,49.5,48.9,48.47,48.36,47.34,normal,drought,False,0.653,0.28,0.068,0,0,0.29,10
16,2025-05-22,0.1208,50.38,predicted,50.38,50.3,49.49,48.86,48.41,48.28,47.32,normal,drought,False,0.658,0.276,0.066,0,0,0.29,10
16,2025-05-23,0.1207,50.32,predicted,50.32,50.2,49.4,48.71,48.25,48.06,47.16,normal,drought,False,0.66,0.276,0.065,0,0,0.29,10
16,2025-05-24,0.12,50.04,predicted,50.04,49.88,49.07,48.35,47.87,47.61,43.86,normal,drought,False,0.658,0.278,0.064,0,0,0.29,10
16,2025-05-25,0.1193,49.74,predicted,49.74,49.57,48.71,47.95,47.47,43.86,46.34,normal,drought,False,0.657,0.279,0.064,0,0,0.29,10
16,2025-05-26,0.1191,49.67,predicted,49.67,49.5,48.58,47.76,43.86,47.05,46.12,normal,drought,False,0.656,0.281,0.063,0,0,0.29,10
16,2025-05-27,0.1191,49.67,predicted,49.67,49.49,48.57,43.86,47.3,47.02,46.12,normal,drought,False,0.657,0.281,0.062,0,0,0.29,10
16,2025-05-28,0.1192,49.68,predicted,49.68,49.5,43.86,47.77,47.3,47.02,46.11,normal,drought,False,0.656,0.282,0.062,0,0,0.29,10
16,2025-05-29,0.1192,49.69,predicted,49.69,43.86,48.56,47.76,47.28,46.92,46.1,normal,drought,False,0.649,0.288,0.063,0,0,0.29,10
16,2025-05-30,0.1052,43.86,observed,43.86,49.35,48.42,47.58,47.1,46.69,45.9,normal,drought,False,0.641,0.294,0.066,0,0,0.29,10
16,2025-05-31,0.101,42.12,predicted,42.12,42.11,41.49,41.09,40.93,40.91,40.29,normal,drought,False,0.625,0.303,0.072,0,0,0.57,6
16,2025-06-01,0.0995,41.47,predicted,41.47,41.47,40.83,40.42,40.28,40.29,39.67,normal,drought,False,0.632,0.299,0.069,0,0,0.57,6
16,2025-06-02,0.1014,42.29,predicted,42.29,42.13,41.13,40.32,40.05,39.88,39.02,normal,drought,False,0.631,0.3,0.07,0,0,0.29,10
16,2025-06-03,0.1006,41.95,predicted,41.95,41.77,40.8,40.03,39.75,39.54,38.77,normal,drought,False,0.652,0.286,0.062,0,0,0.29,10
16,2025-06-04,0.1006,41.94,predicted,41.94,41.75,40.78,40.0,39.71,39.49,38.74,normal,drought,False,0.654,0.285,0.061,0,0,0.29,10
16,2025-06-05,0.1,41.7,predicted,41.7,41.51,40.56,39.8,39.52,39.28,49.53,normal,drought,False,0.659,0.281,0.06,0,0,0.29,10
16,2025-06-06,0.1,41.71,predicted,41.71,41.52,40.55,39.77,39.49,49.53,38.52,normal,drought,False,0.657,0.282,0.061,0,0,0.29,10
16,2025-06-07,0.1002,41.77,predicted,41.77,41.58,40.62,39.85,49.53,39.36,38.6,normal,drought,False,0.653,0.285,0.062,0,0,0.29,10
16,2025-06-08,0.0999,41.64,predicted,41.64,41.45,40.51,49.53,39.49,39.24,38.54,normal,drought,False,0.656,0.283,0.061,0,0,0.29,10
16,2025-06-09,0.0997,41.55,predicted,41.55,41.34,49.53,39.67,39.4,39.1,38.45,normal,drought,False,0.658,0.281,0.061,0,0,0.29,10
16,2025-06-10,0.0996,41.51,predicted,41.51,49.53,40.35,39.58,39.31,39.0,38.34,normal,drought,False,0.657,0.282,0.062,0,0,0.29,10
16,2025-06-11,0.1188,49.53,observed,49.53,41.02,40.05,39.32,39.05,38.81,38.09,normal,drought,False,0.66,0.278,0.062,0,0,0.29,10
16,2025-06-12,0.1119,46.65,predicted,46.65,46.36,45.12,44.09,43.63,43.22,42.18,normal,drought,False,0.658,0.278,0.064,0,0,0.57,6
16,2025-06-13,0.1148,47.87,predicted,47.87,47.58,46.35,45.32,44.85,44.46,43.38,normal,drought,False,0.656,0.279,0.065,0,0,0.57,6
16,2025-06-14,0.1136,47.36,predicted,47.36,47.2,46.3,45.61,45.22,44.98,44.12,normal,drought,False,0.663,0.274,0.063,0,0,0.29,10
16,2025-06-15,0.1138,47.43,predicted,47.43,47.33,46.43,45.8,45.42,45.28,44.33,normal,drought,False,0.665,0.27,0.065,0,0,0.29,10
16,2025-06-16,0.1137,47.42,predicted,47.42,47.36,46.49,45.91,45.55,45.46,44.49,normal,drought,False,0.662,0.27,0.067,0,0,0.29,10
16,2025-06-17,0.1144,47.69,predicted,47.69,47.67,46.79,46.21,45.84,45.84,41.62,normal,drought,False,0.66,0.27,0.07,0,0,0.29,10
16,2025-06-18,0.1151,48.0,predicted,48.0,47.98,47.13,46.54,46.16,41.62,45.14,normal,drought,False,0.655,0.273,0.072,0,0,0.29,10
16,2025-06-19,0.1159,48.31,predicted,48.31,48.25,47.46,46.86,41.62,46.37,45.47,normal,drought,False,0.653,0.276,0.071,0,0,0.29,10
16,2025-06-20,0.1155,48.17,predicted,48.17,48.04,47.25,41.62,46.17,45.95,45.18,normal,drought,False,0.648,0.282,0.07,0,0,0.29,10
16,2025-06-21,0.1146,47.77,predicted,47.77,47.6,41.62,46.05,45.61,45.3,44.57,normal,drought,False,0.644,0.286,0.07,0,0,0.29,10
16,2025-06-22,0.1138,47.45,predicted,47.45,41.62,46.35,45.55,45.11,44.76,44.02,normal,drought,False,0.642,0.289,0.069,0,0,0.29,10
16,2025-06-23,0.0998,41.62,observed,41.62,47.06,46.12,45.28,44.84,44.46,43.7,normal,drought,False,0.64,0.292,0.068,0,0,0.29,10
16,2025-06-24,0.0956,39.88,predicted,39.88,39.85,39.24,38.82,38.71,38.67,38.17,normal,drought,False,0.633,0.298,0.069,0,0,0.57,6
16,2025-06-25,0.0937,39.08,predicted,39.08,39.03,38.43,38.03,37.92,37.84,37.4,normal,drought,False,0.628,0.303,0.069,0,0,0.57,6
16,2025-06-26,0.0944,39.36,predicted,39.36,39.15,38.18,37.41,37.18,36.9,36.28,normal,drought,False,0.635,0.298,0.067,0,0,0.29,10
16,2025-06-27,0.0942,39.27,predicted,39.27,39.08,38.08,37.33,37.11,36.87,36.19,normal,drought,False,0.628,0.302,0.07,0,0,0.29,10
16,2025-06-28,0.0952,39.69,predicted,39.69,39.51,38.53,37.77,37.56,37.36,36.62,normal,drought,False,0.613,0.313,0.074,0,0,0.29,10
16,2025-06-29,0.095,39.6,predicted,39.6,39.44,38.44,37.68,37.47,37.31,39.53,normal,drought,False,0.624,0.306,0.07,0,0,0.29,10
16,2025-06-30,0.0953,39.74,predicted,39.74,39.58,38.62,37.87,37.66,39.53,36.75,normal,drought,False,0.632,0.301,0.068,0,0,0.29,10
16,2025-07-01,0.0953,39.73,predicted,39.73,39.56,38.65,37.93,39.53,37.52,36.86,normal,drought,False,0.645,0.292,0.063,0,0,0.29,10
16,2025-07-02,0.0945,39.39,predicted,39.39,39.19,38.32,39.53,37.42,37.15,36.61,normal,drought,False,0.655,0.284,0.061,0,0,0.29,10
16,2025-07-03,0.094,39.2,predicted,39.2,38.99,39.53,37.39,37.17,36.86,36.34,normal,drought,False,0.656,0.283,0.062,0,0,0.29,10
16,2025-07-04,0.0939,39.14,predicted,39.14,39.53,37.99,37.24,37.01,36.7,36.14,normal,drought,False,0.655,0.284,0.062,0,0,0.29,10
16,2025-07-05,0.0948,39.53,observed,39.53,38.81,37.89,37.14,36.92,36.59,36.06,normal,drought,False,0.654,0.285,0.061,0,0,0.29,10
16,2025-07-06,0.0885,36.92,predicted,36.92,36.73,35.9,35.25,35.11,34.87,34.42,normal,drought,False,0.654,0.285,0.062,0,0,0.57,6
16,2025-07-07,0.0878,36.62,predicted,36.62,36.43,35.62,34.99,34.86,34.62,34.19,normal,drought,False,0.653,0.285,0.061,0,0,0.57,6
16,2025-07-08,0.0881,36.73,predicted,36.73,36.49,35.61,34.91,34.74,34.42,33.99,normal,drought,False,0.65,0.288,0.062,0,0,0.29,10
16,2025-07-09,0.0883,36.79,predicted,36.79,36.55,35.64,34.9,34.73,34.41,33.95,normal,drought,False,0.649,0.288,0.062,0,0,0.29,10
16,2025-07-10,0.0884,36.88,predicted,36.88,36.63,35.69,34.91,34.73,34.45,33.92,normal,drought,False,0.646,0.292,0.063,0,0,0.29,10
16,2025-07-11,0.0884,36.86,predicted,36.86,36.63,35.66,34.85,34.67,34.43,38.52,normal,drought,False,0.645,0.294,0.062,0,0,0.29,10
16,2025-07-12,0.0883,36.83,predicted,36.83,36.6,35.68,34.93,34.77,38.52,33.97,normal,drought,False,0.643,0.296,0.061,0,0,0.29,10
16,2025-07-13,0.0883,36.84,predicted,36.84,36.62,35.7,34.96,38.52,34.58,34.02,normal,drought,False,0.646,0.294,0.06,0,0,0.29,10
16,2025-07-14,0.088,36.68,predicted,36.68,36.47,35.6,38.52,34.75,34.51,34.01,normal,drought,False,0.644,0.295,0.061,0,0,0.29,10
16,2025-07-15,0.088,36.69,predicted,36.69,36.49,38.52,34.96,34.8,34.55,34.06,normal,drought,False,0.645,0.293,0.062,0,0,0.29,10
16,2025-07-16,0.0883,36.82,predicted,36.82,38.52,35.74,35.08,34.91,34.67,34.18,normal,drought,False,0.647,0.292,0.061,0,0,0.29,10
16,2025-07-17,0.0924,38.52,observed,38.52,36.43,35.54,34.88,34.73,34.54,33.98,normal,drought,False,0.651,0.288,0.061,0,0,0.29,10
16,2025-07-18,0.0858,35.78,predicted,35.78,35.65,34.81,34.22,34.11,33.99,33.45,normal,drought,False,0.649,0.289,0.061,0,0,0.57,6
16,2025-07-19,0.086,35.84,predicted,35.84,35.73,34.89,34.31,34.2,34.13,33.56,normal,drought,False,0.652,0.287,0.061,0,0,0.57,6
16,2025-07-20,0.0861,35.91,predicted,35.91,35.78,34.95,34.38,34.26,34.15,33.61,normal,drought,False,0.65,0.289,0.061,0,0,0.29,10
16,2025-07-21,0.0861,35.88,predicted,35.88,35.78,34.96,34.43,34.32,34.24,33.68,normal,drought,False,0.653,0.286,0.061,0,0,0.29,10
16,2025-07-22,0.0861,35.91,predicted,35.91,35.83,35.04,34.56,34.46,34.4,33.86,normal,drought,False,0.661,0.28,0.059,0,0,0.29,10
16,2025-07-23,0.0863,35.98,predicted,35.98,35.92,35.15,34.7,34.61,34.55,41.3,normal,drought,False,0.666,0.275,0.059,0,0,0.29,10
16,2025-07-24,0.0866,36.12,predicted,36.12,36.08,35.31,34.85,34.76,41.3,34.19,normal,drought,False,0.668,0.273,0.06,0,0,0.29,10
16,2025-07-25,0.0866,36.12,predicted,36.12,36.05,35.29,34.83,41.3,34.66,34.17,normal,drought,False,0.664,0.275,0.061,0,0,0.29,10
16,2025-07-26,0.0867,36.16,predicted,36.16,36.08,35.32,41.3,34.75,34.65,34.18,normal,drought,False,0.663,0.275,0.062,0,0,0.29,10
16,2025-07-27,0.0864,36.04,predicted,36.04,35.95,41.3,34.66,34.56,34.45,33.95,normal,drought,False,0.659,0.277,0.064,0,0,0.29,10
16,2025-07-28,0.087,36.26,predicted,36.26,41.3,35.36,34.82,34.7,34.56,34.1,normal,drought,False,0.657,0.279,0.064,0,0,0.29,10
16,2025-07-29,0.0991,41.3,observed,41.3,36.09,35.28,34.69,34.55,34.37,33.93,normal,drought,False,0.656,0.28,0.063,0,0,0.29,10
16,2025-07-30,0.0939,39.17,predicted,39.17,38.91,37.92,37.09,36.84,36.5,35.91,normal,drought,False,0.653,0.284,0.063,0,0,0.57,6
16,2025-07-31,0.0941,39.25,predicted,39.25,38.96,37.94,37.03,36.77,36.41,35.8,normal,drought,False,0.651,0.287,0.062,0,0,0.57,6
16,2025-08-01,0.093,38.78,predicted,38.78,38.55,37.6,36.79,36.57,36.29,35.69,normal,drought,False,0.649,0.288,0.062,0,0,0.29,10
16,2025-08-02,0.0929,38.72,predicted,38.72,38.53,37.53,36.76,36.55,36.36,35.64,normal,drought,False,0.649,0.288,0.063,0,0,0.29,10
16,2025-08-03,0.0932,38.87,predicted,38.87,38.74,37.76,37.08,36.9,36.81,36.0,normal,drought,False,0.647,0.288,0.064,0,0,0.29,10
16,2025-08-04,0.0932,38.87,predicted,38.87,38.81,37.87,37.3,37.14,37.14,39.84,normal,drought,False,0.646,0.288,0.065,0,0,0.29,10
16,2025-08-05,0.0951,39.65,predicted,39.65,39.66,38.79,38.38,38.23,39.84,37.45,normal,drought,False,0.652,0.282,0.066,0,0,0.29,10
16,2025-08-06,0.0957,39.92,predicted,39.92,39.93,39.12,38.71,39.84,38.6,37.83,normal,drought,False,0.652,0.28,0.068,0,0,0.29,10
16,2025-08-07,0.0959,39.98,predicted,39.98,39.95,39.17,39.84,38.52,38.48,37.83,normal,drought,False,0.652,0.281,0.068,0,0,0.29,10
16,2025-08-08,0.0954,39.76,predicted,39.76,39.68,39.84,38.4,38.19,38.07,37.5,normal,drought,False,0.651,0.281,0.068,0,0,0.29,10
16,2025-08-09,0.0948,39.51,predicted,39.51,39.84,38.59,38.01,37.8,37.63,37.06,normal,drought,False,0.652,0.281,0.067,0,0,0.29,10
16,2025-08-10,0.0956,39.84,observed,39.84,38.98,38.14,37.51,37.3,37.11,36.54,normal,drought,False,0.655,0.28,0.065,0,0,0.29,10
16,2025-08-11,0.0899,37.5,predicted,37.5,37.39,36.62,36.08,35.94,35.78,35.3,normal,drought,False,0.657,0.279,0.064,0,0,0.57,6
16,2025-08-12,0.0891,37.16,predicted,37.16,37.05,36.26,35.75,35.61,35.43,34.97,normal,drought,False,0.658,0.279,0.063,0,0,0.57,6
16,2025-08-13,0.0892,37.18,predicted,37.18,37.05,36.19,35.61,35.46,35.26,34.75,normal,drought,False,0.659,0.278,0.063,0,0,0.29,10
16,2025-08-14,0.0896,37.34,predicted,37.34,37.21,36.31,35.7,35.56,35.38,34.81,normal,drought,False,0.655,0.28,0.065,0,0,0.29,10
16,2025-08-15,0.09,37.54,predicted,37.54,37.42,36.54,35.95,35.82,35.66,35.07,normal,drought,False,0.648,0.285,0.067,0,0,0.29,10
16,2025-08-16,0.09,37.54,predicted,37.54,37.41,36.53,35.93,35.8,35.62,36.09,normal,drought,False,0.641,0.289,0.07,0,0,0.29,10
16,2025-08-17,0.0904,37.68,predicted,37.68,37.54,36.65,36.01,35.86,36.09,35.08,normal,drought,False,0.634,0.294,0.072,0,0,0.29,10
16,2025-08-18,0.0906,37.78,predicted,37.78,37.66,36.79,36.17,36.09,35.89,35.27,normal,drought,False,0.637,0.292,0.071,0,0,0.29,10
16,2025-08-19,0.0897,37.38,predicted,37.38,37.23,36.38,36.09,35.64,35.44,34.91,normal,drought,False,0.648,0.286,0.066,0,0,0.29,10
16,2025-08-20,0.0897,37.41,predicted,37.41,37.24,36.09,35.83,35.66,35.4,34.97,normal,drought,False,0.651,0.284,0.065,0,0,0.29,10
16,2025-08-21,0.0899,37.48,predicted,37.48,36.09,36.4,35.71,35.53,35.26,34.77,normal,drought,False,0.65,0.285,0.066,0,0,0.29,10
16,2025-08-22,0.0866,36.09,observed,36.09,37.27,36.33,35.55,35.37,35.12,34.56,normal,drought,False,0.645,0.289,0.065,0,0,0.29,10
16,2025-08-23,0.0806,33.62,predicted,33.62,33.54,32.81,32.32,32.31,32.24,31.83,normal,drought,False,0.647,0.288,0.064,0,0,0.57,6
16,2025-08-24,0.0795,33.12,predicted,33.12,33.07,32.36,31.92,31.92,31.88,31.48,normal,drought,False,0.646,0.289,0.065,0,0,0.57,6
16,2025-08-25,0.0803,33.46,predicted,33.46,33.33,32.54,32.01,31.95,31.81,31.41,normal,drought,False,0.643,0.292,0.065,0,0,0.29,10
16,2025-08-26,0.0808,33.69,predicted,33.69,33.56,32.72,32.11,32.04,31.92,31.45,normal,drought,False,0.644,0.291,0.065,0,0,0.29,10
16,2025-08-27,0.0799,33.32,predicted,33.32,33.19,32.42,31.89,31.84,31.7,31.31,normal,drought,False,0.647,0.288,0.065,0,0,0.29,10
16,2025-08-28,0.0797,33.22,predicted,33.22,33.09,32.32,31.82,31.76,31.59,26.35,normal,drought,False,0.647,0.287,0.065,0,0,0.29,10
16,2025-08-29,0.0798,33.25,predicted,33.25,33.13,32.35,31.84,31.79,26.35,31.25,normal,drought,False,0.65,0.284,0.065,0,0,0.29,10
16,2025-08-30,0.08,33.34,predicted,33.34,33.22,32.43,31.9,26.35,31.7,31.32,normal,drought,False,0.654,0.281,0.065,0,0,0.29,10
16,2025-08-31,0.08,33.35,predicted,33.35,33.24,32.43,26.35,31.85,31.72,31.3,normal,drought,False,0.653,0.282,0.065,0,0,0.29,10
17,2025-03-01,0.6052,70.41,predicted,70.41,70.42,70.59,70.86,70.09,70.02,64.45,normal,normal,True,0.368,0.521,0.111,0,0,0.29,10
17,2025-03-02,0.6077,70.71,predicted,70.71,70.74,70.92,71.21,70.43,64.45,69.37,normal,normal,True,0.387,0.507,0.105,0,0,0.29,10
17,2025-03-03,0.6068,70.6,predicted,70.6,70.63,70.85,71.16,64.45,70.31,69.36,normal,normal,True,0.404,0.495,0.1,0,0,0.29,10
17,2025-03-04,0.606,70.5,predicted,70.5,70.52,70.76,64.45,70.27,70.17,69.28,normal,normal,True,0.408,0.493,0.099,0,0,0.29,10
17,2025-03-05,0.6035,70.22,predicted,70.22,70.22,64.45,70.77,69.98,69.83,69.03,normal,normal,True,0.406,0.495,0.098,0,0,0.29,10
17,2025-03-06,0.6001,69.82,predicted,69.82,64.45,70.08,70.34,69.55,69.34,68.65,normal,normal,True,0.405,0.499,0.096,0,0,0.29,10
17,2025-03-07,0.554,64.45,observed,64.45,69.52,69.8,70.05,69.26,69.0,68.37,normal,normal,True,0.411,0.497,0.092,0,0,0.29,10
17,2025-03-08,0.5328,62.0,predicted,62.0,62.12,62.64,63.18,62.62,62.65,62.34,normal,normal,True,0.41,0.498,0.092,0,0,0.57,6
17,2025-03-09,0.5262,61.22,predicted,61.22,61.34,61.83,62.37,61.83,61.85,61.56,normal,normal,True,0.406,0.501,0.093,0,0,0.57,6
17,2025-03-10,0.5344,62.18,predicted,62.18,62.15,62.07,62.05,61.41,61.13,60.57,normal,normal,True,0.404,0.502,0.094,0,0,0.29,10
17,2025-03-11,0.5405,62.89,predicted,62.89,62.9,62.72,62.61,61.98,61.86,61.04,normal,normal,True,0.397,0.502,0.101,0,0,0.29,10
17,2025-03-12,0.5453,63.45,predicted,63.45,63.55,63.37,63.38,62.76,62.82,61.81,normal,normal,True,0.406,0.494,0.1,0,0,0.29,10
17,2025-03-13,0.5471,63.65,predicted,63.65,63.78,63.71,63.85,63.25,63.28,72.65,normal,normal,True,0.393,0.496,0.111,0,0,0.29,10
17,2025-03-14,0.547,63.64,predicted,63.64,63.76,63.76,63.93,63.31,72.65,62.49,normal,normal,True,0.387,0.501,0.113,0,0,0.29,10
17,2025-03-15,0.5456,63.48,predicted,63.48,63.57,63.65,63.8,72.65,63.15,62.42,normal,normal,True,0.398,0.498,0.105,0,0,0.29,10
17,2025-03-16,0.5434,63.23,predicted,63.23,63.31,63.38,72.65,62.9,62.81,62.14,normal,normal,True,0.425,0.485,0.09,0,0,0.29,10
17,2025-03-17,0.5452,63.43,predicted,63.43,63.52,72.65,63.55,62.9,62.9,62.07,normal,normal,True,0.444,0.474,0.082,0,0,0.29,10
17,2025-03-18,0.5435,63.23,predicted,63.23,72.65,63.3,63.39,62.75,62.71,61.93,normal,normal,True,0.439,0.476,0.085,0,0,0.29,10
17,2025-03-19,0.6245,72.65,observed,72.65,63.31,63.27,63.3,62.65,62.56,61.82,normal,normal,True,0.424,0.485,0.09,0,0,0.29,10
17,2025-03-20,0.626,72.84,predicted,72.84,72.54,71.9,71.17,70.19,69.56,68.27,normal,normal,True,0.42,0.488,0.092,0,0,0.57,6
17,2025-03-21,0.6327,73.62,predicted,73.62,73.3,72.66,71.9,70.91,70.26,68.97,normal,normal,True,0.41,0.494,0.096,0,0,0.57,6
17,2025-03-22,0.615,71.56,predicted,71.56,71.46,71.63,71.77,70.94,70.68,69.87,normal,normal,True,0.392,0.506,0.102,0,0,0.29,10
17,2025-03-23,0.6152,71.58,predicted,71.58,71.49,71.67,71.83,71.0,70.76,69.94,normal,normal,True,0.382,0.51,0.108,0,0,0.29,10
17,2025-03-24,0.6138,71.41,predicted,71.41,71.34,71.59,71.82,71.01,70.79,70.01,normal,normal,True,0.368,0.52,0.113,0,0,0.29,10
17,2025-03-25,0.6142,71.47,predicted,71.47,71.38,71.66,71.9,71.1,70.87,67.93,normal,normal,True,0.345,0.533,0.122,0,0,0.29,10
17,2025-03-26,0.6117,71.17,predicted,71.17,71.06,71.27,71.43,70.61,67.93,69.58,normal,normal,True,0.446,0.48,0.073,0,0,0.29,10
17,2025-03-27,0.6107,71.06,predicted,71.06,70.94,71.12,71.27,67.93,70.17,69.41,normal,normal,True,0.452,0.477,0.071,0,0,0.29,10
17,2025-03-28,0.6108,71.07,predicted,71.07,70.95,71.12,67.93,70.45,70.18,69.41,normal,normal,True,0.451,0.477,0.073,0,0,0.29,10
17,2025-03-29,0.611,71.09,predicted,71.09,70.98,67.93,71.38,70.57,70.31,69.55,normal,normal,True,0.434,0.488,0.078,0,0,0.29,10
17,2025-03-30,0.6106,71.04,predicted,71.04,67.93,71.18,71.41,70.61,70.34,69.62,normal,normal,True,0.43,0.493,0.077,0,0,0.29,10
17,2025-03-31,0.5839,67.93,observed,67.93,70.89,71.1,71.27,70.46,70.16,69.44,normal,normal,True,0.465,0.468,0.066,0,0,0.29,10
17,2025-04-01,0.5628,65.48,predicted,65.48,65.5,65.89,66.29,65.65,65.58,65.09,normal,drought,False,0.483,0.454,0.062,0,0,0.57,6
17,2025-04-02,0.5627,65.47,predicted,65.47,65.52,65.91,66.32,65.68,65.7,65.12,normal,drought,False,0.478,0.455,0.067,0,0,0.57,6
17,2025-04-03,0.5697,66.29,predicted,66.29,66.3,66.37,66.5,65.81,65.73,64.93,normal,drought,False,0.502,0.439,0.059,0,0,0.29,10
17,2025-04-04,0.5735,66.73,predicted,66.73,66.81,66.89,67.14,66.46,66.44,65.56,normal,drought,False,0.519,0.424,0.057,0,0,0.29,10
17,2025-04-05,0.581,67.6,predicted,67.6,67.76,67.88,68.27,67.59,67.65,66.67,normal,drought,False,0.539,0.401,0.061,0,0,0.29,10
17,2025-04-06,0.5817,67.68,predicted,67.68,67.83,67.96,68.33,67.63,67.65,65.0,normal,drought,False,0.532,0.399,0.069,0,0,0.29,10
17,2025-04-07,0.5829,67.82,predicted,67.82,67.97,68.17,68.59,67.88,65.0,67.02,normal,drought,False,0.538,0.388,0.074,0,0,0.29,10
17,2025-04-08,0.5827,67.8,predicted,67.8,67.93,68.15,68.51,65.0,67.76,66.97,normal,drought,False,0.524,0.397,0.079,0,0,0.29,10
17,2025-04-09,0.5777,67.21,predicted,67.21,67.3,67.51,65.0,67.05,66.94,66.25,normal,drought,False,0.506,0.412,0.082,0,0,0.29,10
17,2025-04-10,0.5735,66.73,predicted,66.73,66.77,65.0,67.14,66.41,66.26,65.63,normal,drought,False,0.492,0.426,0.082,0,0,0.29,10
17,2025-04-11,0.5706,66.39,predicted,66.39,65.0,66.55,66.66,65.93,65.77,65.11,normal,drought,False,0.473,0.442,0.085,0,0,0.29,10
17,2025-04-12,0.5587,65.0,observed,65.0,66.25,66.32,66.35,65.62,65.45,64.76,normal,normal,True,0.455,0.456,0.089,0,0,0.29,10
17,2025-04-13,0.5412,62.97,predicted,62.97,63.05,63.23,63.42,62.79,62.75,62.2,normal,normal,True,0.448,0.462,0.09,0,0,0.57,6
17,2025-04-14,0.5407,62.91,predicted,62.91,62.98,63.1,63.24,62.62,62.59,62.0,normal,normal,True,0.433,0.472,0.096,0,0,0.57,6
17,2025-04-15,0.5474,63.68,predicted,63.68,63.69,63.54,63.42,62.75,62.61,61.83,normal,normal,True,0.404,0.486,0.109,0,0,0.29,10
17,2025-04-16,0.5479,63.74,predicted,63.74,63.76,63.68,63.63,62.97,62.85,62.1,normal,normal,True,0.346,0.511,0.144,0,0,0.29,10
17,2025-04-17,0.5503,64.02,predicted,64.02,64.07,64.09,64.16,63.51,63.43,62.71,normal,normal,True,0.284,0.525,0.19,0,0,0.29,10
17,2025-04-18,0.5505,64.05,predicted,64.05,64.1,64.18,64.27,63.63,63.56,64.31,normal,normal,True,0.294,0.539,0.167,0,0,0.29,10
17,2025-04-19,0.5465,63.59,predicted,63.59,63.61,63.62,63.66,63.0,64.31,62.21,normal,normal,True,0.412,0.5,0.088,0,0,0.29,10
17,2025-04-20,0.5471,63.65,predicted,63.65,63.69,63.76,63.84,64.31,63.09,62.43,normal,normal,True,0.402,0.508,0.091,0,0,0.29,10
17,2025-04-21,0.545,63.41,predicted,63.41,63.41,63.39,64.31,62.72,62.58,61.9,normal,normal,True,0.459,0.476,0.065,0,0,0.29,10
17,2025-04-22,0.5446,63.36,predicted,63.36,63.37,64.31,63.27,62.6,62.46,61.75,normal,drought,False,0.475,0.463,0.061,0,0,0.29,10
17,2025-04-23,0.5458,63.5,predicted,63.5,64.31,63.46,63.46,62.81,62.69,61.95,normal,drought,False,0.478,0.461,0.061,0,0,0.29,10
17,2025-04-24,0.5527,64.31,observed,64.31,63.67,63.61,63.6,62.96,62.86,62.09,normal,drought,False,0.47,0.467,0.063,0,0,0.29,10
17,2025-04-25,0.54,62.83,predicted,62.83,62.89,62.85,62.86,62.23,62.18,61.43,normal,drought,False,0.484,0.456,0.06,0,0,0.57,6
17,2025-04-26,0.5394,62.76,predicted,62.76,62.82,62.8,62.84,62.21,62.17,61.42,normal,drought,False,0.492,0.449,0.059,0,0,0.57,6
17,2025-04-27,0.5404,62.87,predicted,62.87,62.92,62.85,62.84,62.2,62.12,61.36,normal,drought,False,0.499,0.444,0.057,0,0,0.29,10
17,2025-04-28,0.5416,63.02,predicted,63.02,63.08,63.02,63.03,62.39,62.33,61.55,normal,drought,False,0.498,0.443,0.058,0,0,0.29,10
17,2025-04-29,0.5443,63.33,predicted,63.33,63.41,63.35,63.42,62.78,62.73,61.93,normal,drought,False,0.511,0.433,0.056,0,0,0.29,10
17,2025-04-30,0.5481,63.77,predicted,63.77,63.9,63.83,63.94,63.3,63.32,68.69,normal,drought,False,0.521,0.424,0.055,0,0,0.29,10
17,2025-05-01,0.5491,63.89,predicted,63.89,64.04,63.95,64.05,63.4,68.69,62.53,normal,drought,False,0.522,0.421,0.057,0,0,0.29,10
17,2025-05-02,0.5478,63.73,predicted,63.73,63.85,63.81,63.87,68.69,63.22,62.39,normal,drought,False,0.514,0.426,0.06,0,0,0.29,10
17,2025-05-03,0.5447,63.37,predicted,63.37,63.45,63.43,68.69,62.79,62.73,61.98,normal,drought,False,0.505,0.433,0.061,0,0,0.29,10
17,2025-05-04,0.5424,63.11,predicted,63.11,63.16,68.69,63.11,62.44,62.35,61.65,normal,drought,False,0.499,0.439,0.062,0,0,0.29,10
17,2025-05-05,0.5419,63.05,predicted,63.05,68.69,63.07,63.01,62.35,62.21,61.56,normal,drought,False,0.487,0.45,0.062,0,0,0.29,10
17,2025-05-06,0.5904,68.69,observed,68.69,63.25,63.19,63.14,62.47,62.31,61.63,normal,drought,False,0.491,0.447,0.062,0,0,0.29,10
17,2025-05-07,0.5852,68.09,predicted,68.09,67.94,67.52,67.06,66.23,65.81,64.82,normal,drought,False,0.494,0.445,0.06,0,0,0.57,6
17,2025-05-08,0.5875,68.35,predicted,68.35,68.2,67.79,67.33,66.5,66.11,65.09,normal,drought,False,0.491,0.448,0.062,0,0,0.57,6
17,2025-05-09,0.5783,67.28,predicted,67.28,67.28,67.39,67.49,66.76,66.62,65.88,normal,drought,False,0.483,0.453,0.064,0,0,0.29,10
17,2025-05-10,0.5784,67.29,predicted,67.29,67.28,67.37,67.45,66.72,66.57,65.83,normal,drought,False,0.468,0.464,0.068,0,0,0.29,10
17,2025-05-11,0.5774,67.18,predicted,67.18,67.17,67.33,67.47,66.74,66.6,65.91,normal,normal,True,0.449,0.478,0.073,0,0,0.29,10
17,2025-05-12,0.5758,66.99,predicted,66.99,66.98,67.22,67.43,66.72,66.56,65.53,normal,normal,True,0.431,0.49,0.079,0,0,0.29,10
17,2025-05-13,0.5754,66.94,predicted,66.94,66.93,67.16,67.36,66.66,65.53,65.88,normal,normal,True,0.421,0.498,0.081,0,0,0.29,10
17,2025-05-14,0.5752,66.92,predicted,66.92,66.89,67.07,67.2,65.53,66.31,65.66,normal,normal,True,0.448,0.484,0.068,0,0,0.29,10
17,2025-05-15,0.5734,66.72,predicted,66.72,66.67,66.77,65.53,66.11,65.92,65.25,normal,drought,False,0.492,0.453,0.055,0,0,0.29,10
17,2025-05-16,0.5735,66.72,predicted,66.72,66.67,65.53,66.82,66.1,65.9,65.22,normal,drought,False,0.491,0.454,0.055,0,0,0.29,10
17,2025-05-17,0.5738,66.76,predicted,66.76,65.53,66.79,66.85,66.12,65.94,65.24,normal,drought,False,0.495,0.45,0.055,0,0,0.29,10
17,2025-05-18,0.5632,65.53,observed,65.53,66.98,67.04,67.13,66.4,66.34,65.5,normal,drought,False,0.502,0.442,0.056,0,0,0.29,10
17,2025-05-19,0.5468,63.62,predicted,63.62,63.77,64.05,64.43,63.84,63.98,63.28,normal,drought,False,0.499,0.442,0.059,0,0,0.57,6
17,2025-05-20,0.547,63.64,predicted,63.64,63.82,64.09,64.49,63.9,64.09,63.33,normal,drought,False,0.495,0.445,0.06,0,0,0.57,6
17,2025-05-21,0.5525,64.28,predicted,64.28,64.38,64.4,64.52,63.88,63.89,63.05,normal,drought,False,0.494,0.446,0.061,0,0,0.29,10
17,2025-05-22,0.5517,64.19,predicted,64.19,64.27,64.31,64.4,63.74,63.73,62.94,normal,drought,False,0.496,0.444,0.06,0,0,0.29,10
17,2025-05-23,0.5505,64.05,predicted,64.05,64.11,64.16,64.21,63.55,63.49,62.76,normal,drought,False,0.492,0.45,0.058,0,0,0.29,10
17,2025-05-24,0.5485,63.81,predicted,63.81,63.84,63.88,63.9,63.22,63.11,62.41,normal,drought,False,0.484,0.457,0.059,0,0,0.29,10
17,2025-05-25,0.5481,63.77,predicted,63.77,63.78,63.77,63.73,63.05,62.41,62.23,normal,drought,False,0.478,0.46,0.061,0,0,0.29,10
17,2025-05-26,0.5481,63.77,predicted,63.77,63.79,63.74,63.66,62.41,62.9,62.13,normal,drought,False,0.476,0.464,0.06,0,0,0.29,10
17,2025-05-27,0.5472,63.67,predicted,63.67,63.68,63.65,62.41,62.93,62.82,62.1,normal,drought,False,0.479,0.463,0.058,0,0,0.29,10
17,2025-05-28,0.5478,63.73,predicted,63.73,63.74,62.41,63.66,62.98,62.87,62.15,normal,drought,False,0.479,0.462,0.058,0,0,0.29,10
17,2025-05-29,0.5461,63.53,predicted,63.53,62.41,63.52,63.5,62.83,62.64,62.02,normal,normal,True,0.472,0.472,0.056,0,0,0.29,10
17,2025-05-30,0.5364,62.41,observed,62.41,63.46,63.47,63.46,62.79,62.57,62.0,normal,drought,False,0.474,0.468,0.058,0,0,0.29,10
17,2025-05-31,0.5216,60.69,predicted,60.69,60.78,60.9,61.05,60.5,60.51,59.93,normal,normal,True,0.459,0.473,0.067,0,0,0.57,6
17,2025-06-01,0.5187,60.35,predicted,60.35,60.44,60.52,60.64,60.1,60.11,59.52,normal,normal,True,0.468,0.469,0.064,0,0,0.57,6
17,2025-06-02,0.525,61.08,predicted,61.08,61.07,60.79,60.53,59.91,59.79,58.96,normal,normal,True,0.461,0.474,0.065,0,0,0.29,10
17,2025-06-03,0.5213,60.65,predicted,60.65,60.61,60.34,60.09,59.46,59.29,58.53,normal,drought,False,0.493,0.453,0.055,0,0,0.29,10
17,2025-06-04,0.5213,60.65,predicted,60.65,60.61,60.34,60.07,59.45,59.26,58.52,normal,drought,False,0.498,0.449,0.053,0,0,0.29,10
17,2025-06-05,0.5195,60.44,predicted,60.44,60.39,60.14,59.91,59.29,59.08,72.13,normal,drought,False,0.506,0.442,0.052,0,0,0.29,10
17,2025-06-06,0.5201,60.51,predicted,60.51,60.47,60.21,59.96,59.33,72.13,58.42,normal,drought,False,0.506,0.441,0.054,0,0,0.29,10
17,2025-06-07,0.5207,60.58,predicted,60.58,60.55,60.3,60.07,72.13,59.29,58.55,normal,drought,False,0.504,0.442,0.054,0,0,0.29,10
17,2025-06-08,0.5195,60.44,predicted,60.44,60.4,60.16,72.13,59.34,59.13,58.44,normal,drought,False,0.511,0.437,0.052,0,0,0.29,10
17,2025-06-09,0.5183,60.31,predicted,60.31,60.25,72.13,59.81,59.2,58.96,58.31,normal,drought,False,0.517,0.431,0.052,0,0,0.29,10
17,2025-06-10,0.5184,60.32,predicted,60.32,72.13,60.01,59.79,59.17,58.92,58.27,normal,drought,False,0.516,0.43,0.054,0,0,0.29,10
17,2025-06-11,0.6199,72.13,observed,72.13,60.17,59.89,59.65,59.03,58.84,58.11,normal,drought,False,0.511,0.43,0.058,0,0,0.29,10
17,2025-06-12,0.611,71.09,predicted,71.09,70.68,69.75,68.7,67.72,67.02,65.61,normal,drought,False,0.511,0.431,0.058,0,0,0.57,6
17,2025-06-13,0.624,72.6,predicted,72.6,72.21,71.38,70.42,69.44,68.75,67.33,normal,drought,False,0.516,0.427,0.056,0,0,0.57,6
17,2025-06-14,0.6064,70.56,predicted,70.56,70.48,70.68,70.9,70.11,69.9,69.1,normal,drought,False,0.521,0.423,0.056,0,0,0.29,10
17,2025-06-15,0.6098,70.95,predicted,70.95,70.9,71.08,71.29,70.49,70.35,69.44,normal,drought,False,0.523,0.421,0.056,0,0,0.29,10
17,2025-06-16,0.6098,70.95,predicted,70.95,70.91,71.08,71.29,70.5,70.38,69.43,normal,drought,False,0.511,0.429,0.06,0,0,0.29,10
17,2025-06-17,0.6115,71.15,predicted,71.15,71.14,71.29,71.48,70.69,70.63,67.66,normal,drought,False,0.504,0.434,0.062,0,0,0.29,10
17,2025-06-18,0.6114,71.14,predicted,71.14,71.13,71.31,71.51,70.71,67.66,69.65,normal,drought,False,0.493,0.441,0.065,0,0,0.29,10
17,2025-06-19,0.6091,70.87,predicted,70.87,70.84,71.1,71.34,67.66,70.41,69.55,normal,drought,False,0.489,0.447,0.065,0,0,0.29,10
17,2025-06-20,0.6072,70.64,predicted,70.64,70.58,70.83,67.66,70.23,70.01,69.26,normal,drought,False,0.475,0.458,0.067,0,0,0.29,10
17,2025-06-21,0.6053,70.43,predicted,70.43,70.34,67.66,70.72,69.9,69.64,68.94,normal,drought,False,0.466,0.465,0.069,0,0,0.29,10
17,2025-06-22,0.6045,70.33,predicted,70.33,67.66,70.43,70.55,69.73,69.47,68.76,normal,normal,True,0.465,0.467,0.068,0,0,0.29,10
17,2025-06-23,0.5815,67.66,observed,67.66,70.1,70.31,70.44,69.63,69.35,68.67,normal,drought,False,0.47,0.466,0.064,0,0,0.29,10
17,2025-06-24,0.5616,65.34,predicted,65.34,65.39,65.78,66.16,65.51,65.47,64.97,normal,drought,False,0.472,0.466,0.062,0,0,0.57,6
17,2025-06-25,0.5573,64.84,predicted,64.84,64.87,65.26,65.64,65.0,64.93,64.48,normal,normal,True,0.467,0.471,0.062,0,0,0.57,6
17,2025-06-26,0.5623,65.42,predicted,65.42,65.36,65.43,65.47,64.77,64.52,63.93,normal,drought,False,0.479,0.459,0.061,0,0,0.29,10
17,2025-06-27,0.5629,65.49,predicted,65.49,65.45,65.52,65.59,64.9,64.7,64.06,normal,drought,False,0.474,0.461,0.065,0,0,0.29,10
17,2025-06-28,0.5651,65.75,predicted,65.75,65.74,65.85,65.99,65.31,65.15,64.49,normal,normal,True,0.458,0.475,0.068,0,0,0.29,10
17,2025-06-29,0.566,65.85,predicted,65.85,65.84,65.92,66.02,65.34,65.22,62.12,normal,drought,False,0.469,0.465,0.066,0,0,0.29,10
17,2025-06-30,0.566,65.85,predicted,65.85,65.85,65.95,66.07,65.39,62.12,64.55,normal,drought,False,0.476,0.463,0.062,0,0,0.29,10
17,2025-07-01,0.5645,65.67,predicted,65.67,65.65,65.77,65.9,62.12,65.04,64.4,normal,drought,False,0.496,0.449,0.055,0,0,0.29,10
17,2025-07-02,0.5613,65.31,predicted,65.31,65.26,65.39,62.12,64.82,64.58,64.03,normal,drought,False,0.516,0.432,0.053,0,0,0.29,10
17,2025-07-03,0.5606,65.22,predicted,65.22,65.16,62.12,65.38,64.69,64.43,63.89,normal,drought,False,0.523,0.424,0.053,0,0,0.29,10
17,2025-07-04,0.5608,65.25,predicted,65.25,62.12,65.28,65.37,64.67,64.42,63.86,normal,drought,False,0.527,0.42,0.053,0,0,0.29,10
17,2025-07-05,0.5339,62.12,observed,62.12,65.08,65.18,65.28,64.59,64.32,63.78,normal,drought,False,0.531,0.416,0.053,0,0,0.29,10
17,2025-07-06,0.5117,59.53,predicted,59.53,59.59,59.87,60.16,59.65,59.62,59.27,normal,drought,False,0.531,0.415,0.054,0,0,0.57,6
17,2025-07-07,0.5071,59.0,predicted,59.0,59.05,59.31,59.61,59.1,59.06,58.73,normal,drought,False,0.534,0.411,0.055,0,0,0.57,6
17,2025-07-08,0.5114,59.5,predicted,59.5,59.37,59.12,58.89,58.28,57.94,57.39,normal,drought,False,0.53,0.413,0.057,0,0,0.29,10
17,2025-07-09,0.5122,59.59,predicted,59.59,59.47,59.2,58.95,58.34,58.01,57.43,normal,drought,False,0.538,0.405,0.057,0,0,0.29,10
17,2025-07-10,0.5134,59.74,predicted,59.74,59.62,59.33,59.06,58.45,58.16,57.53,normal,drought,False,0.532,0.41,0.058,0,0,0.29,10
17,2025-07-11,0.5137,59.77,predicted,59.77,59.65,59.34,59.03,58.42,58.17,57.27,normal,drought,False,0.517,0.424,0.059,0,0,0.29,10
17,2025-07-12,0.5137,59.77,predicted,59.77,59.67,59.4,59.15,58.55,57.27,57.63,normal,drought,False,0.516,0.426,0.058,0,0,0.29,10
17,2025-07-13,0.5137,59.76,predicted,59.76,59.67,59.39,59.14,57.27,58.29,57.61,normal,drought,False,0.507,0.432,0.061,0,0,0.29,10
17,2025-07-14,0.5119,59.56,predicted,59.56,59.47,59.23,57.27,58.42,58.16,57.54,normal,drought,False,0.5,0.437,0.064,0,0,0.29,10
17,2025-07-15,0.5123,59.6,predicted,59.6,59.51,57.27,59.1,58.49,58.23,57.62,normal,drought,False,0.503,0.431,0.066,0,0,0.29,10
17,2025-07-16,0.5129,59.68,predicted,59.68,57.27,59.36,59.17,58.56,58.3,57.69,normal,drought,False,0.507,0.43,0.063,0,0,0.29,10
17,2025-07-17,0.4923,57.27,observed,57.27,59.63,59.37,59.14,58.53,58.33,57.63,normal,drought,False,0.509,0.426,0.066,0,0,0.29,10
17,2025-07-18,0.4736,55.1,predicted,55.1,55.15,55.09,55.09,54.65,54.66,54.14,normal,drought,False,0.494,0.44,0.066,0,0,0.57,6
17,2025-07-19,0.4717,54.88,predicted,54.88,54.93,54.83,54.8,54.36,54.4,53.83,normal,drought,False,0.493,0.442,0.065,0,0,0.57,6
17,2025-07-20,0.4736,55.1,predicted,55.1,54.98,54.38,53.85,53.3,53.07,52.27,normal,drought,False,0.482,0.453,0.065,0,0,0.29,10
17,2025-07-21,0.474,55.15,predicted,55.15,55.04,54.45,53.94,53.38,53.18,52.35,normal,drought,False,0.485,0.451,0.064,0,0,0.29,10
17,2025-07-22,0.4744,55.2,predicted,55.2,55.1,54.52,54.04,53.49,53.29,52.47,normal,drought,False,0.505,0.437,0.058,0,0,0.29,10
17,2025-07-23,0.4753,55.3,predicted,55.3,55.21,54.63,54.15,53.6,53.4,12.81,normal,drought,False,0.517,0.428,0.055,1,0,0.29,10
17,2025-07-24,0.4766,55.45,predicted,55.45,55.36,54.78,54.28,53.73,12.81,52.7,normal,drought,False,0.518,0.426,0.055,1,0,0.29,10
17,2025-07-25,0.4759,55.37,predicted,55.37,55.27,54.71,54.23,12.81,53.44,52.66,normal,drought,False,0.507,0.435,0.058,1,0,0.29,10
17,2025-07-26,0.4762,55.41,predicted,55.41,55.3,54.74,12.81,53.69,53.43,52.67,normal,drought,False,0.509,0.433,0.058,1,0,0.29,10
17,2025-07-27,0.4755,55.33,predicted,55.33,55.21,12.81,54.09,53.53,53.28,52.49,normal,drought,False,0.497,0.44,0.062,1,0,0.29,10
17,2025-07-28,0.4761,55.4,predicted,55.4,12.81,54.68,54.15,53.6,53.3,52.56,normal,drought,False,0.5,0.441,0.058,1,0,0.29,10
17,2025-07-29,0.1101,12.81,observed,12.81,55.15,54.54,53.96,53.39,53.06,52.33,drought,drought,True,0.508,0.436,0.056,1,0,0.29,10
17,2025-07-30,0.1468,17.08,predicted,17.08,17.73,18.87,19.83,20.47,21.36,22.32,drought,drought,True,0.516,0.431,0.053,4,0,0.57,6
17,2025-07-31,0.1221,14.21,predicted,14.21,14.88,16.15,17.07,17.7,18.62,19.73,drought,drought,True,0.51,0.438,0.053,7,0,0.57,6
17,2025-08-01,0.1051,12.23,predicted,12.23,12.26,12.13,11.6,11.85,12.32,12.54,drought,drought,True,0.515,0.431,0.054,7,0,0.29,10
17,2025-08-02,0.1074,12.49,predicted,12.49,12.58,12.32,11.94,12.28,12.73,12.79,drought,drought,True,0.514,0.428,0.058,7,0,0.29,10
17,2025-08-03,0.1069,12.44,predicted,12.44,12.57,12.34,12.12,12.5,12.99,12.99,drought,drought,True,0.511,0.43,0.059,7,0,0.29,10
17,2025-08-04,0.1047,12.19,predicted,12.19,12.39,12.2,12.2,12.64,13.16,4.04,drought,drought,True,0.501,0.437,0.062,7,0,0.29,10
17,2025-08-05,0.108,12.57,predicted,12.57,12.81,12.67,12.75,13.19,4.04,13.72,drought,drought,True,0.506,0.432,0.062,7,0,0.29,10
17,2025-08-06,0.105,12.22,predicted,12.22,12.43,12.4,12.4,4.04,13.4,13.47,drought,drought,True,0.5,0.436,0.064,7,0,0.29,10
17,2025-08-07,0.1039,12.08,predicted,12.08,12.24,12.25,4.04,12.44,13.03,13.21,drought,drought,True,0.492,0.443,0.065,7,0,0.29,10
17,2025-08-08,0.1028,11.96,predicted,11.96,12.08,4.04,11.87,12.18,12.73,12.96,drought,drought,True,0.489,0.446,0.065,7,0,0.29,10
17,2025-08-09,0.1028,11.96,predicted,11.96,4.04,12.04,11.81,12.12,12.63,12.86,drought,drought,True,0.488,0.448,0.064,7,0,0.29,10
17,2025-08-10,0.0347,4.04,observed,4.04,12.12,12.04,11.79,12.11,12.62,12.81,drought,drought,True,0.477,0.457,0.065,7,0,0.29,10
17,2025-08-11,0.0448,5.21,predicted,5.21,5.38,5.9,5.7,6.0,6.74,7.33,drought,drought,True,0.483,0.457,0.061,7,0,0.57,6
17,2025-08-12,0.0398,4.63,predicted,4.63,4.78,5.33,5.08,5.37,6.11,6.73,drought,drought,True,0.492,0.451,0.058,7,0,0.57,6
17,2025-08-13,0.038,4.42,predicted,4.42,4.45,4.61,4.02,4.32,5.11,5.39,drought,drought,True,0.505,0.44,0.055,7,0,0.29,10
17,2025-08-14,0.0387,4.5,predicted,4.5,4.53,4.69,4.12,4.43,5.22,5.48,drought,drought,True,0.508,0.436,0.057,7,0,0.29,10
17,2025-08-15,0.039,4.53,predicted,4.53,4.56,4.77,4.17,4.46,5.28,5.54,drought,drought,True,0.51,0.433,0.056,7,0,0.29,10
17,2025-08-16,0.0383,4.45,predicted,4.45,4.47,4.67,4.06,4.35,5.18,0.31,drought,drought,True,0.505,0.436,0.059,7,0,0.29,10
17,2025-08-17,0.0387,4.5,predicted,4.5,4.51,4.7,4.04,4.33,0.31,5.4,drought,drought,True,0.497,0.441,0.062,7,0,0.29,10
17,2025-08-18,0.0395,4.6,predicted,4.6,4.62,4.79,4.15,0.31,5.29,5.5,drought,drought,True,0.501,0.436,0.062,7,0,0.29,10
17,2025-08-19,0.0389,4.53,predicted,4.53,4.54,4.72,0.31,4.31,5.16,5.4,drought,drought,True,0.514,0.428,0.058,7,0,0.29,10
17,2025-08-20,0.0404,4.71,predicted,4.71,4.69,0.31,4.08,4.3,5.18,5.48,drought,drought,True,0.522,0.422,0.056,7,0,0.29,10
17,2025-08-21,0.0417,4.86,predicted,4.86,0.31,5.01,4.13,4.35,5.23,5.51,drought,drought,True,0.527,0.416,0.057,7,0,0.29,10
17,2025-08-22,0.0027,0.31,observed,0.31,5.02,5.15,4.25,4.48,5.37,5.6,drought,drought,True,0.518,0.425,0.058,7,0,0.29,10
17,2025-08-23,0.0228,2.65,predicted,2.65,2.57,2.86,1.87,2.08,3.04,3.29,drought,drought,True,0.523,0.418,0.059,7,0,0.57,6
17,2025-08-24,0.0185,2.15,predicted,2.15,2.06,2.36,1.42,1.66,2.59,2.83,drought,drought,True,0.517,0.422,0.061,7,0,0.57,6
17,2025-08-25,0.0188,2.19,predicted,2.19,2.1,2.35,1.27,1.51,2.55,2.72,drought,drought,True,0.516,0.424,0.06,7,0,0.29,10
17,2025-08-26,0.0192,2.23,predicted,2.23,2.14,2.37,1.28,1.53,2.57,2.73,drought,drought,True,0.514,0.424,0.062,7,0,0.29,10
17,2025-08-27,0.0177,2.06,predicted,2.06,1.97,2.22,1.14,1.39,2.42,2.59,drought,drought,True,0.524,0.415,0.061,7,0,0.29,10
17,2025-08-28,0.0171,1.99,predicted,1.99,1.9,2.14,1.07,1.32,2.34,5.55,drought,drought,True,0.524,0.413,0.063,7,0,0.29,10
17,2025-08-29,0.0165,1.92,predicted,1.92,1.83,2.06,1.01,1.28,5.55,2.46,drought,drought,True,0.533,0.404,0.063,7,0,0.29,10
17,2025-08-30,0.0175,2.04,predicted,2.04,1.94,2.17,1.1,5.55,2.38,2.55,drought,drought,True,0.539,0.4,0.061,7,0,0.29,10
17,2025-08-31,0.0168,1.95,predicted,1.95,1.87,2.08,5.55,1.32,2.33,2.49,drought,drought,True,0.532,0.404,0.064,7,0,0.29,10
18,2025-03-01,0.012,30.53,predicted,30.53,30.81,30.27,30.38,30.53,30.92,30.04,normal,drought,False,0.511,0.399,0.089,0,0,0.29,10
18,2025-03-02,0.0123,31.14,predicted,31.14,31.47,30.96,31.12,31.28,30.04,31.12,normal,drought,False,0.529,0.383,0.088,0,0,0.29,10
18,2025-03-03,0.0123,31.28,predicted,31.28,31.62,31.18,31.34,30.04,31.97,31.42,normal,drought,False,0.545,0.369,0.086,0,0,0.29,10
18,2025-03-04,0.0124,31.4,predicted,31.4,31.7,31.28,30.04,31.47,31.9,31.43,normal,drought,False,0.546,0.368,0.086,0,0,0.29,10
18,2025-03-05,0.0123,31.22,predicted,31.22,31.45,30.04,31.0,31.1,31.44,31.07,normal,drought,False,0.543,0.372,0.085,0,0,0.29,10
18,2025-03-06,0.0121,30.72,predicted,30.72,30.04,30.45,30.35,30.44,30.63,30.38,normal,drought,False,0.541,0.376,0.083,0,0,0.29,10
18,2025-03-07,0.0118,30.04,observed,30.04,30.39,29.92,29.77,29.85,29.95,29.75,normal,drought,False,0.543,0.376,0.081,0,0,0.29,10
18,2025-03-08,0.011,27.91,predicted,27.91,28.05,27.62,27.5,27.67,27.8,27.68,normal,drought,False,0.539,0.38,0.081,0,0,0.57,6
18,2025-03-09,0.0108,27.35,predicted,27.35,27.47,27.01,26.9,27.07,27.16,27.06,normal,drought,False,0.534,0.384,0.081,0,0,0.57,6
18,2025-03-10,0.0107,27.26,predicted,27.26,27.35,26.8,26.64,26.8,26.86,26.69,normal,drought,False,0.528,0.389,0.084,0,0,0.29,10
18,2025-03-11,0.0109,27.76,predicted,27.76,27.91,27.26,27.11,27.31,27.5,27.07,normal,drought,False,0.515,0.395,0.09,0,0,0.29,10
18,2025-03-12,0.0112,28.39,predicted,28.39,28.72,28.1,28.28,28.54,28.94,28.31,normal,drought,False,0.522,0.385,0.093,0,0,0.29,10
18,2025-03-13,0.0115,29.17,predicted,29.17,29.5,28.96,29.06,29.29,29.77,25.28,normal,drought,False,0.518,0.383,0.099,0,0,0.29,10
18,2025-03-14,0.0115,29.21,predicted,29.21,29.49,29.05,29.08,29.27,25.28,29.25,normal,drought,False,0.516,0.384,0.1,0,0,0.29,10
18,2025-03-15,0.0115,29.14,predicted,29.14,29.37,28.98,28.93,25.28,29.47,29.12,normal,drought,False,0.525,0.381,0.094,0,0,0.29,10
18,2025-03-16,0.0113,28.71,predicted,28.71,28.91,28.52,25.28,28.68,28.95,28.68,normal,drought,False,0.549,0.368,0.083,0,0,0.29,10
18,2025-03-17,0.0113,28.62,predicted,28.62,28.88,25.28,28.47,28.68,29.01,28.61,normal,drought,False,0.566,0.356,0.078,0,0,0.29,10
18,2025-03-18,0.0113,28.61,predicted,28.61,25.28,28.41,28.47,28.66,29.02,28.62,normal,drought,False,0.567,0.355,0.078,0,0,0.29,10
18,2025-03-19,0.01,25.28,observed,25.28,29.01,28.52,28.42,28.59,28.91,28.54,normal,drought,False,0.559,0.362,0.079,0,0,0.29,10
18,2025-03-20,0.0095,24.02,predicted,24.02,24.38,24.17,24.43,24.78,25.22,25.11,normal,drought,False,0.557,0.363,0.08,0,0,0.57,6
18,2025-03-21,0.0093,23.63,predicted,23.63,23.96,23.72,23.87,24.21,24.66,24.54,normal,drought,False,0.551,0.368,0.081,0,0,0.57,6
18,2025-03-22,0.0094,23.86,predicted,23.86,24.03,23.61,23.48,23.7,24.0,23.84,normal,drought,False,0.536,0.379,0.085,0,0,0.29,10
18,2025-03-23,0.0094,23.88,predicted,23.88,24.03,23.57,23.43,23.66,23.93,23.74,normal,drought,False,0.527,0.385,0.088,0,0,0.29,10
18,2025-03-24,0.0093,23.74,predicted,23.74,23.87,23.47,23.31,23.53,23.8,23.64,normal,drought,False,0.513,0.393,0.094,0,0,0.29,10
18,2025-03-25,0.0093,23.67,predicted,23.67,23.74,23.32,23.12,23.31,23.5,16.98,normal,drought,False,0.498,0.403,0.099,1,0,0.29,10
18,2025-03-26,0.0092,23.29,predicted,23.29,23.41,22.97,22.81,23.04,16.98,23.12,normal,drought,False,0.576,0.356,0.068,1,0,0.29,10
18,2025-03-27,0.0091,23.19,predicted,23.19,23.3,22.85,22.66,16.98,23.1,22.97,normal,drought,False,0.581,0.352,0.067,1,0,0.29,10
18,2025-03-28,0.0092,23.24,predicted,23.24,23.35,22.88,16.98,22.88,23.11,22.96,normal,drought,False,0.579,0.353,0.068,1,0,0.29,10
18,2025-03-29,0.0092,23.31,predicted,23.31,23.41,16.98,22.71,22.93,23.16,23.0,normal,drought,False,0.563,0.364,0.073,1,0,0.29,10
18,2025-03-30,0.0091,23.22,predicted,23.22,16.98,22.87,22.63,22.83,23.02,22.93,normal,drought,False,0.558,0.368,0.074,1,0,0.29,10
18,2025-03-31,0.0067,16.98,observed,16.98,23.26,22.8,22.52,22.71,22.88,22.79,drought,drought,True,0.583,0.351,0.066,1,0,0.29,10
18,2025-04-01,0.0062,15.63,predicted,15.63,15.94,16.02,16.1,16.52,17.0,17.34,drought,drought,True,0.595,0.342,0.063,7,0,0.57,6
18,2025-04-02,0.006,15.21,predicted,15.21,15.56,15.57,15.81,16.28,16.73,16.97,drought,drought,True,0.59,0.344,0.066,7,0,0.57,6
18,2025-04-03,0.0061,15.51,predicted,15.51,15.67,15.33,15.38,15.75,16.04,15.99,drought,drought,True,0.612,0.328,0.06,7,0,0.29,10
18,2025-04-04,0.0063,16.07,predicted,16.07,16.37,16.06,16.45,16.9,17.29,17.13,drought,drought,True,0.626,0.314,0.06,7,0,0.29,10
18,2025-04-05,0.0069,17.43,predicted,17.43,17.88,17.62,18.31,18.81,19.31,19.04,drought,drought,True,0.635,0.298,0.067,7,0,0.29,10
18,2025-04-06,0.0065,16.59,predicted,16.59,16.99,16.89,17.48,17.91,18.44,19.52,drought,drought,True,0.634,0.292,0.074,7,0,0.29,10
18,2025-04-07,0.0067,16.96,predicted,16.96,17.39,17.33,17.96,18.4,19.52,18.9,drought,drought,True,0.635,0.284,0.081,7,0,0.29,10
18,2025-04-08,0.0065,16.49,predicted,16.49,16.85,16.82,17.3,19.52,18.19,18.28,drought,drought,True,0.627,0.286,0.087,7,0,0.29,10
18,2025-04-09,0.0062,15.84,predicted,15.84,16.11,16.07,19.52,16.67,17.1,17.28,drought,drought,True,0.619,0.294,0.088,7,0,0.29,10
18,2025-04-10,0.0061,15.5,predicted,15.5,15.72,19.52,15.72,16.07,16.44,16.63,drought,drought,True,0.611,0.303,0.086,7,0,0.29,10
18,2025-04-11,0.0059,15.09,predicted,15.09,19.52,15.16,15.36,15.75,16.06,16.2,drought,drought,True,0.6,0.314,0.086,7,0,0.29,10
18,2025-04-12,0.0077,19.52,observed,19.52,15.48,15.25,15.35,15.73,16.07,16.13,drought,drought,True,0.589,0.325,0.085,7,0,0.29,10
18,2025-04-13,0.007,17.7,predicted,17.7,17.84,17.49,17.4,17.71,18.02,17.98,drought,drought,True,0.582,0.334,0.084,7,0,0.57,6
18,2025-04-14,0.0072,18.23,predicted,18.23,18.36,17.96,17.81,18.1,18.43,18.34,drought,drought,True,0.567,0.346,0.087,7,0,0.57,6
18,2025-04-15,0.0072,18.21,predicted,18.21,18.41,18.11,18.08,18.42,18.8,18.72,drought,drought,True,0.54,0.365,0.095,7,0,0.29,10
18,2025-04-16,0.0072,18.27,predicted,18.27,18.43,18.14,18.04,18.35,18.71,18.67,drought,drought,True,0.496,0.391,0.113,7,0,0.29,10
18,2025-04-17,0.0073,18.47,predicted,18.47,18.61,18.32,18.22,18.52,18.86,18.82,drought,drought,True,0.449,0.414,0.137,7,0,0.29,10
18,2025-04-18,0.0073,18.46,predicted,18.46,18.6,18.34,18.22,18.52,18.88,13.64,drought,drought,True,0.462,0.415,0.123,7,0,0.29,10
18,2025-04-19,0.0072,18.18,predicted,18.18,18.28,17.98,17.81,18.09,13.64,18.39,drought,drought,True,0.551,0.37,0.079,7,0,0.29,10
18,2025-04-20,0.0072,18.18,predicted,18.18,18.29,18.01,17.85,13.64,18.43,18.45,drought,drought,True,0.545,0.375,0.08,7,0,0.29,10
18,2025-04-21,0.0071,18.1,predicted,18.1,18.18,17.86,13.64,17.9,18.19,18.21,drought,drought,True,0.588,0.35,0.062,7,0,0.29,10
18,2025-04-22,0.0071,18.09,predicted,18.09,18.2,13.64,17.71,18.0,18.28,18.27,drought,drought,True,0.601,0.34,0.059,7,0,0.29,10
18,2025-04-23,0.0071,18.03,predicted,18.03,13.64,17.83,17.79,18.1,18.4,18.37,drought,drought,True,0.603,0.337,0.06,7,0,0.29,10
18,2025-04-24,0.0054,13.64,observed,13.64,18.07,17.74,17.67,17.97,18.26,18.23,drought,drought,True,0.597,0.341,0.062,7,0,0.29,10
18,2025-04-25,0.005,12.74,predicted,12.74,13.03,13.06,13.26,13.69,14.15,14.37,drought,drought,True,0.61,0.331,0.059,7,0,0.57,6
18,2025-04-26,0.0049,12.4,predicted,12.4,12.7,12.74,12.96,13.4,13.89,14.1,drought,drought,True,0.618,0.324,0.058,7,0,0.57,6
18,2025-04-27,0.0049,12.56,predicted,12.56,12.72,12.58,12.61,12.96,13.37,13.47,drought,drought,True,0.623,0.319,0.058,7,0,0.29,10
18,2025-04-28,0.0049,12.54,predicted,12.54,12.73,12.59,12.74,13.13,13.51,13.59,drought,drought,True,0.623,0.318,0.059,7,0,0.29,10
18,2025-04-29,0.0052,13.13,predicted,13.13,13.38,13.21,13.48,13.92,14.34,14.34,drought,drought,True,0.634,0.308,0.058,7,0,0.29,10
18,2025-04-30,0.0053,13.35,predicted,13.35,13.68,13.55,14.09,14.58,15.01,11.08,drought,drought,True,0.641,0.299,0.06,7,0,0.29,10
18,2025-05-01,0.0052,13.26,predicted,13.26,13.64,13.58,14.28,14.79,11.08,15.19,drought,drought,True,0.642,0.295,0.063,7,0,0.29,10
18,2025-05-02,0.0052,13.15,predicted,13.15,13.45,13.44,13.77,11.08,14.71,14.78,drought,drought,True,0.637,0.298,0.065,7,0,0.29,10
18,2025-05-03,0.005,12.76,predicted,12.76,13.0,13.0,11.08,13.58,14.07,14.22,drought,drought,True,0.631,0.304,0.066,7,0,0.29,10
18,2025-05-04,0.005,12.68,predicted,12.68,12.88,11.08,12.92,13.29,13.75,13.91,drought,drought,True,0.624,0.31,0.066,7,0,0.29,10
18,2025-05-05,0.0051,12.85,predicted,12.85,11.08,12.91,12.8,13.12,13.56,13.74,drought,drought,True,0.612,0.322,0.066,7,0,0.29,10
18,2025-05-06,0.0044,11.08,observed,11.08,13.32,13.15,13.11,13.45,13.84,13.97,drought,drought,True,0.612,0.323,0.065,7,0,0.29,10
18,2025-05-07,0.0042,10.62,predicted,10.62,10.81,10.78,10.87,11.25,11.65,11.89,drought,drought,True,0.616,0.322,0.063,7,0,0.57,6
18,2025-05-08,0.004,10.07,predicted,10.07,10.26,10.27,10.42,10.82,11.21,11.46,drought,drought,True,0.613,0.324,0.064,7,0,0.57,6
18,2025-05-09,0.0041,10.31,predicted,10.31,10.44,10.36,10.35,10.7,11.11,11.28,drought,drought,True,0.606,0.329,0.065,7,0,0.29,10
18,2025-05-10,0.0042,10.55,predicted,10.55,10.65,10.55,10.42,10.75,11.18,11.34,drought,drought,True,0.595,0.338,0.068,7,0,0.29,10
18,2025-05-11,0.0041,10.54,predicted,10.54,10.6,10.52,10.29,10.59,11.02,11.21,drought,drought,True,0.576,0.351,0.073,7,0,0.29,10
18,2025-05-12,0.0041,10.41,predicted,10.41,10.46,10.41,10.11,10.38,10.82,7.26,drought,drought,True,0.56,0.362,0.078,7,0,0.29,10
18,2025-05-13,0.004,10.26,predicted,10.26,10.27,10.2,9.84,10.08,7.26,10.74,drought,drought,True,0.553,0.369,0.078,7,0,0.29,10
18,2025-05-14,0.0041,10.3,predicted,10.3,10.29,10.17,9.78,7.26,10.4,10.64,drought,drought,True,0.575,0.357,0.068,7,0,0.29,10
18,2025-05-15,0.0041,10.45,predicted,10.45,10.48,10.33,7.26,10.24,10.65,10.85,drought,drought,True,0.609,0.334,0.057,7,0,0.29,10
18,2025-05-16,0.0041,10.42,predicted,10.42,10.44,7.26,9.9,10.17,10.58,10.79,drought,drought,True,0.608,0.336,0.057,7,0,0.29,10
18,2025-05-17,0.0041,10.4,predicted,10.4,7.26,10.28,9.92,10.21,10.62,10.8,drought,drought,True,0.611,0.333,0.056,7,0,0.29,10
18,2025-05-18,0.0029,7.26,observed,7.26,10.06,9.89,10.07,10.54,10.85,10.91,drought,drought,True,0.617,0.327,0.056,7,0,0.29,10
18,2025-05-19,0.0026,6.7,predicted,6.7,6.9,6.99,7.3,7.8,8.18,8.34,drought,drought,True,0.612,0.328,0.06,7,0,0.57,6
18,2025-05-20,0.0025,6.45,predicted,6.45,6.68,6.81,7.34,7.89,8.25,8.33,drought,drought,True,0.612,0.327,0.06,7,0,0.57,6
18,2025-05-21,0.0026,6.71,predicted,6.71,6.86,6.91,7.05,7.5,8.0,8.08,drought,drought,True,0.615,0.325,0.06,7,0,0.29,10
18,2025-05-22,0.0026,6.68,predicted,6.68,6.8,6.86,6.91,7.33,7.85,7.99,drought,drought,True,0.62,0.321,0.059,7,0,0.29,10
18,2025-05-23,0.0027,6.91,predicted,6.91,7.0,7.05,6.91,7.27,7.84,8.02,drought,drought,True,0.621,0.322,0.057,7,0,0.29,10
18,2025-05-24,0.0027,6.95,predicted,6.95,7.02,7.05,6.8,7.12,7.7,3.14,drought,drought,True,0.617,0.326,0.057,7,0,0.29,10
18,2025-05-25,0.0027,6.75,predicted,6.75,6.86,6.84,6.77,7.18,3.14,7.84,drought,drought,True,0.615,0.328,0.057,7,0,0.29,10
18,2025-05-26,0.0027,6.9,predicted,6.9,7.02,7.0,6.98,3.14,7.88,8.01,drought,drought,True,0.614,0.329,0.057,7,0,0.29,10
18,2025-05-27,0.0028,7.09,predicted,7.09,7.18,7.18,3.14,7.39,7.92,8.09,drought,drought,True,0.615,0.33,0.055,7,0,0.29,10
18,2025-05-28,0.0028,7.01,predicted,7.01,7.11,3.14,6.99,7.36,7.87,8.05,drought,drought,True,0.614,0.331,0.056,7,0,0.29,10
18,2025-05-29,0.0028,7.19,predicted,7.19,3.14,7.28,6.9,7.17,7.75,8.03,drought,drought,True,0.605,0.339,0.056,7,0,0.29,10
18,2025-05-30,0.0012,3.14,observed,3.14,7.13,7.19,6.72,6.97,7.54,7.86,drought,drought,True,0.598,0.344,0.059,7,0,0.29,10
18,2025-05-31,0.0014,3.65,predicted,3.65,3.64,3.84,3.55,3.87,4.37,4.69,drought,drought,True,0.58,0.354,0.066,7,0,0.57,6
18,2025-06-01,0.0014,3.61,predicted,3.61,3.59,3.81,3.44,3.74,4.28,4.6,drought,drought,True,0.588,0.349,0.063,7,0,0.57,6
18,2025-06-02,0.0014,3.64,predicted,3.64,3.63,3.73,3.29,3.64,4.26,4.44,drought,drought,True,0.586,0.35,0.064,7,0,0.29,10
18,2025-06-03,0.0015,3.76,predicted,3.76,3.74,3.86,3.32,3.62,4.28,4.51,drought,drought,True,0.612,0.333,0.056,7,0,0.29,10
18,2025-06-04,0.0015,3.78,predicted,3.78,3.75,3.87,3.28,3.57,4.25,4.48,drought,drought,True,0.614,0.331,0.055,7,0,0.29,10
18,2025-06-05,0.0015,3.73,predicted,3.73,3.7,3.82,3.2,3.48,4.17,2.19,drought,drought,True,0.62,0.327,0.054,7,0,0.29,10
18,2025-06-06,0.0014,3.63,predicted,3.63,3.61,3.7,3.14,3.47,2.19,4.34,drought,drought,True,0.618,0.327,0.055,7,0,0.29,10
18,2025-06-07,0.0014,3.63,predicted,3.63,3.6,3.73,3.14,2.19,4.12,4.34,drought,drought,True,0.614,0.33,0.056,7,0,0.29,10
18,2025-06-08,0.0014,3.65,predicted,3.65,3.6,3.74,2.19,3.37,4.07,4.31,drought,drought,True,0.618,0.327,0.055,7,0,0.29,10
18,2025-06-09,0.0015,3.69,predicted,3.69,3.64,2.19,3.05,3.32,4.04,4.3,drought,drought,True,0.621,0.324,0.055,7,0,0.29,10
18,2025-06-10,0.0014,3.67,predicted,3.67,2.19,3.74,3.0,3.26,3.99,4.24,drought,drought,True,0.619,0.325,0.056,7,0,0.29,10
18,2025-06-11,0.0009,2.19,observed,2.19,3.17,3.22,2.74,3.12,3.74,3.91,drought,drought,True,0.622,0.322,0.056,7,0,0.29,10
18,2025-06-12,0.0009,2.26,predicted,2.26,2.28,2.39,2.12,2.57,3.12,3.25,drought,drought,True,0.621,0.321,0.058,7,0,0.57,6
18,2025-06-13,0.001,2.53,predicted,2.53,2.52,2.66,2.26,2.64,3.26,3.44,drought,drought,True,0.62,0.322,0.058,7,0,0.57,6
18,2025-06-14,0.001,2.47,predicted,2.47,2.45,2.58,2.13,2.5,3.14,3.33,drought,drought,True,0.628,0.316,0.056,7,0,0.29,10
18,2025-06-15,0.0008,2.11,predicted,2.11,2.16,2.28,2.25,2.78,3.29,3.34,drought,drought,True,0.631,0.312,0.057,7,0,0.29,10
18,2025-06-16,0.0008,2.1,predicted,2.1,2.17,2.32,2.45,3.02,3.47,3.49,drought,drought,True,0.628,0.313,0.059,7,0,0.29,10
18,2025-06-17,0.0009,2.27,predicted,2.27,2.37,2.58,2.95,3.56,3.95,3.14,drought,drought,True,0.625,0.314,0.061,7,0,0.29,10
18,2025-06-18,0.001,2.43,predicted,2.43,2.53,2.72,3.05,3.63,3.14,4.02,drought,drought,True,0.619,0.318,0.063,7,0,0.29,10
18,2025-06-19,0.001,2.43,predicted,2.43,2.44,2.63,2.54,3.14,3.49,3.67,drought,drought,True,0.616,0.322,0.063,7,0,0.29,10
18,2025-06-20,0.001,2.51,predicted,2.51,2.47,2.64,3.14,2.6,3.21,3.47,drought,drought,True,0.608,0.329,0.063,7,0,0.29,10
18,2025-06-21,0.001,2.59,predicted,2.59,2.53,3.14,2.18,2.49,3.12,3.4,drought,drought,True,0.601,0.336,0.063,7,0,0.29,10
18,2025-06-22,0.0011,2.67,predicted,2.67,3.14,2.74,2.22,2.54,3.17,3.43,drought,drought,True,0.599,0.339,0.062,7,0,0.29,10
18,2025-06-23,0.0012,3.14,observed,3.14,2.84,2.96,2.38,2.67,3.34,3.6,drought,drought,True,0.597,0.342,0.061,7,0,0.29,10
18,2025-06-24,0.0015,3.69,predicted,3.69,3.66,3.76,3.2,3.49,4.17,4.4,drought,drought,True,0.59,0.348,0.062,7,0,0.57,6
18,2025-06-25,0.0015,3.81,predicted,3.81,3.77,3.89,3.21,3.47,4.19,4.44,drought,drought,True,0.584,0.353,0.062,7,0,0.57,6
18,2025-06-26,0.0015,3.75,predicted,3.75,3.7,3.81,3.13,3.4,4.09,4.36,drought,drought,True,0.593,0.346,0.061,7,0,0.29,10
18,2025-06-27,0.0014,3.51,predicted,3.51,3.49,3.58,3.0,3.32,3.98,4.2,drought,drought,True,0.585,0.351,0.064,7,0,0.29,10
18,2025-06-28,0.0014,3.56,predicted,3.56,3.52,3.64,3.01,3.31,4.0,4.21,drought,drought,True,0.569,0.363,0.068,7,0,0.29,10
18,2025-06-29,0.0013,3.33,predicted,3.33,3.31,3.41,2.91,3.26,3.91,9.84,drought,drought,True,0.58,0.355,0.065,7,0,0.29,10
18,2025-06-30,0.0014,3.53,predicted,3.53,3.5,3.6,3.01,3.33,9.84,4.2,drought,drought,True,0.589,0.349,0.062,7,0,0.29,10
18,2025-07-01,0.0015,3.78,predicted,3.78,3.73,3.86,3.13,9.84,4.14,4.37,drought,drought,True,0.604,0.338,0.057,7,0,0.29,10
18,2025-07-02,0.0015,3.84,predicted,3.84,3.78,3.91,9.84,3.34,4.1,4.37,drought,drought,True,0.617,0.327,0.055,7,0,0.29,10
18,2025-07-03,0.0015,3.81,predicted,3.81,3.75,9.84,3.03,3.27,4.02,4.3,drought,drought,True,0.619,0.325,0.056,7,0,0.29,10
18,2025-07-04,0.0015,3.83,predicted,3.83,9.84,3.87,3.02,3.26,4.02,4.27,drought,drought,True,0.619,0.326,0.056,7,0,0.29,10
18,2025-07-05,0.0039,9.84,observed,9.84,3.83,3.95,3.03,3.25,4.04,4.3,drought,drought,True,0.618,0.326,0.055,7,0,0.29,10
18,2025-07-06,0.0035,8.79,predicted,8.79,8.77,8.6,7.9,8.16,8.77,8.92,drought,drought,True,0.618,0.326,0.056,7,0,0.57,6
18,2025-07-07,0.0036,9.19,predicted,9.19,9.16,8.99,8.27,8.52,9.1,9.26,drought,drought,True,0.618,0.326,0.056,7,0,0.57,6
18,2025-07-08,0.0035,8.95,predicted,8.95,8.9,8.82,8.13,8.33,8.83,9.14,drought,drought,True,0.614,0.329,0.057,7,0,0.29,10
18,2025-07-09,0.0035,9.0,predicted,9.0,8.95,8.85,8.14,8.34,8.83,9.13,drought,drought,True,0.615,0.328,0.057,7,0,0.29,10
18,2025-07-10,0.0036,9.09,predicted,9.09,9.04,8.9,8.19,8.4,8.88,9.14,drought,drought,True,0.611,0.331,0.058,7,0,0.29,10
18,2025-07-11,0.0036,9.26,predicted,9.26,9.23,9.04,8.36,8.61,9.08,13.42,drought,drought,True,0.607,0.335,0.057,7,0,0.29,10
18,2025-07-12,0.0036,9.11,predicted,9.11,9.06,8.92,8.24,8.47,13.42,9.18,drought,drought,True,0.606,0.337,0.056,7,0,0.29,10
18,2025-07-13,0.0036,9.08,predicted,9.08,9.05,8.9,8.25,13.42,8.98,9.2,drought,drought,True,0.607,0.337,0.057,7,0,0.29,10
18,2025-07-14,0.0035,8.9,predicted,8.9,8.86,8.74,13.42,8.34,8.82,9.07,drought,drought,True,0.604,0.339,0.057,7,0,0.29,10
18,2025-07-15,0.0035,8.77,predicted,8.77,8.75,13.42,8.02,8.28,8.75,8.99,drought,drought,True,0.606,0.336,0.058,7,0,0.29,10
18,2025-07-16,0.0035,8.83,predicted,8.83,13.42,8.68,8.06,8.3,8.79,9.04,drought,drought,True,0.608,0.335,0.057,7,0,0.29,10
18,2025-07-17,0.0053,13.42,observed,13.42,8.61,8.44,7.99,8.31,8.73,8.93,drought,drought,True,0.613,0.329,0.058,7,0,0.29,10
18,2025-07-18,0.0047,11.88,predicted,11.88,11.89,11.56,11.1,11.4,11.78,11.85,drought,drought,True,0.609,0.333,0.058,7,0,0.57,6
18,2025-07-19,0.0048,12.26,predicted,12.26,12.28,11.95,11.54,11.85,12.23,12.27,drought,drought,True,0.612,0.331,0.057,7,0,0.57,6
18,2025-07-20,0.0047,11.93,predicted,11.93,11.97,11.74,11.38,11.68,12.05,12.19,drought,drought,True,0.608,0.335,0.058,7,0,0.29,10
18,2025-07-21,0.0047,11.85,predicted,11.85,11.92,11.67,11.44,11.78,12.14,12.25,drought,drought,True,0.611,0.332,0.057,7,0,0.29,10
18,2025-07-22,0.0046,11.77,predicted,11.77,11.85,11.65,11.44,11.78,12.16,12.29,drought,drought,True,0.621,0.324,0.055,7,0,0.29,10
18,2025-07-23,0.0046,11.73,predicted,11.73,11.83,11.66,11.48,11.82,12.2,7.64,drought,drought,True,0.629,0.317,0.054,7,0,0.29,10
18,2025-07-24,0.0047,11.85,predicted,11.85,11.96,11.79,11.64,11.98,7.64,12.53,drought,drought,True,0.632,0.314,0.054,7,0,0.29,10
18,2025-07-25,0.0047,11.82,predicted,11.82,11.91,11.75,11.55,7.64,12.27,12.45,drought,drought,True,0.626,0.318,0.056,7,0,0.29,10
18,2025-07-26,0.0047,11.83,predicted,11.83,11.92,11.78,7.64,11.85,12.25,12.46,drought,drought,True,0.626,0.317,0.056,7,0,0.29,10
18,2025-07-27,0.0046,11.81,predicted,11.81,11.9,7.64,11.53,11.86,12.22,12.41,drought,drought,True,0.621,0.321,0.058,7,0,0.29,10
18,2025-07-28,0.0047,12.03,predicted,12.03,7.64,11.93,11.61,11.89,12.29,12.51,drought,drought,True,0.619,0.324,0.058,7,0,0.29,10
18,2025-07-29,0.003,7.64,observed,7.64,12.16,11.99,11.6,11.85,12.25,12.49,drought,drought,True,0.619,0.324,0.057,7,0,0.29,10
18,2025-07-30,0.0031,7.77,predicted,7.77,7.86,8.07,7.66,7.9,8.47,8.96,drought,drought,True,0.617,0.327,0.056,7,0,0.57,6
18,2025-07-31,0.003,7.52,predicted,7.52,7.59,7.78,7.3,7.54,8.12,8.6,drought,drought,True,0.612,0.332,0.056,7,0,0.57,6
18,2025-08-01,0.0029,7.39,predicted,7.39,7.36,7.32,6.67,6.92,7.48,7.74,drought,drought,True,0.611,0.332,0.056,7,0,0.29,10
18,2025-08-02,0.0028,7.13,predicted,7.13,7.17,7.03,6.67,7.05,7.52,7.67,drought,drought,True,0.611,0.331,0.058,7,0,0.29,10
18,2025-08-03,0.0027,6.93,predicted,6.93,7.01,6.89,6.73,7.16,7.61,7.69,drought,drought,True,0.61,0.332,0.058,7,0,0.29,10
18,2025-08-04,0.0026,6.52,predicted,6.52,6.65,6.58,6.7,7.2,7.6,7.84,drought,drought,True,0.608,0.332,0.06,7,0,0.29,10
18,2025-08-05,0.0028,7.02,predicted,7.02,7.19,7.11,7.26,7.76,7.84,8.23,drought,drought,True,0.616,0.324,0.06,7,0,0.29,10
18,2025-08-06,0.0027,6.75,predicted,6.75,6.87,6.88,6.91,7.84,7.85,7.97,drought,drought,True,0.616,0.323,0.061,7,0,0.29,10
18,2025-08-07,0.0027,6.79,predicted,6.79,6.87,6.91,7.84,7.09,7.64,7.86,drought,drought,True,0.614,0.324,0.062,7,0,0.29,10
18,2025-08-08,0.0027,6.81,predicted,6.81,6.86,7.84,6.62,6.95,7.5,7.76,drought,drought,True,0.614,0.325,0.061,7,0,0.29,10
18,2025-08-09,0.0027,6.81,predicted,6.81,7.84,6.87,6.58,6.91,7.43,7.68,drought,drought,True,0.613,0.326,0.061,7,0,0.29,10
18,2025-08-10,0.0031,7.84,observed,7.84,6.9,6.87,6.58,6.93,7.44,7.68,drought,drought,True,0.614,0.326,0.06,7,0,0.29,10
18,2025-08-11,0.0028,7.09,predicted,7.09,7.14,7.11,6.75,7.07,7.61,7.86,drought,drought,True,0.616,0.327,0.058,7,0,0.57,6
18,2025-08-12,0.0028,7.01,predicted,7.01,7.05,7.03,6.66,6.98,7.51,7.78,drought,drought,True,0.618,0.326,0.057,7,0,0.57,6
18,2025-08-13,0.0027,6.97,predicted,6.97,7.02,7.01,6.64,6.96,7.48,7.76,drought,drought,True,0.621,0.323,0.056,7,0,0.29,10
18,2025-08-14,0.0028,7.08,predicted,7.08,7.13,7.11,6.76,7.08,7.6,7.86,drought,drought,True,0.618,0.324,0.058,7,0,0.29,10
18,2025-08-15,0.0028,7.15,predicted,7.15,7.18,7.19,6.8,7.09,7.61,7.88,drought,drought,True,0.612,0.328,0.06,7,0,0.29,10
18,2025-08-16,0.0028,7.06,predicted,7.06,7.08,7.08,6.68,6.97,7.49,9.43,drought,drought,True,0.604,0.333,0.062,7,0,0.29,10
18,2025-08-17,0.0028,7.11,predicted,7.11,7.11,7.09,6.66,6.94,9.43,7.7,drought,drought,True,0.596,0.339,0.065,7,0,0.29,10
18,2025-08-18,0.0028,7.21,predicted,7.21,7.24,7.2,6.79,9.43,7.62,7.85,drought,drought,True,0.6,0.336,0.064,7,0,0.29,10
18,2025-08-19,0.0028,7.11,predicted,7.11,7.12,7.11,9.43,6.93,7.47,7.73,drought,drought,True,0.612,0.329,0.059,7,0,0.29,10
18,2025-08-20,0.0028,7.22,predicted,7.22,7.21,9.43,6.63,6.86,7.44,7.76,drought,drought,True,0.616,0.326,0.058,7,0,0.29,10
18,2025-08-21,0.0029,7.35,predicted,7.35,9.43,7.32,6.67,6.89,7.47,7.77,drought,drought,True,0.615,0.325,0.059,7,0,0.29,10
18,2025-08-22,0.0037,9.43,observed,9.43,7.54,7.47,6.81,7.05,7.62,7.87,drought,drought,True,0.609,0.332,0.059,7,0,0.29,10
18,2025-08-23,0.0035,8.79,predicted,8.79,8.79,8.62,8.06,8.34,8.84,9.01,drought,drought,True,0.611,0.33,0.059,7,0,0.57,6
18,2025-08-24,0.0034,8.61,predicted,8.61,8.62,8.47,7.99,8.3,8.78,8.95,drought,drought,True,0.61,0.331,0.06,7,0,0.57,6
18,2025-08-25,0.0033,8.49,predicted,8.49,8.48,8.41,7.88,8.13,8.63,8.89,drought,drought,True,0.607,0.334,0.06,7,0,0.29,10
18,2025-08-26,0.0034,8.64,predicted,8.64,8.63,8.51,7.98,8.25,8.73,8.96,drought,drought,True,0.607,0.333,0.06,7,0,0.29,10
18,2025-08-27,0.0033,8.34,predicted,8.34,8.33,8.26,7.74,8.01,8.49,8.75,drought,drought,True,0.612,0.329,0.06,7,0,0.29,10
18,2025-08-28,0.0032,8.2,predicted,8.2,8.18,8.12,7.6,7.86,8.34,6.12,drought,drought,True,0.612,0.327,0.061,7,0,0.29,10
18,2025-08-29,0.0032,8.19,predicted,8.19,8.19,8.1,7.61,7.88,6.12,8.62,drought,drought,True,0.617,0.323,0.061,7,0,0.29,10
18,2025-08-30,0.0033,8.33,predicted,8.33,8.33,8.24,7.72,6.12,8.47,8.73,drought,drought,True,0.621,0.319,0.06,7,0,0.29,10
18,2025-08-31,0.0033,8.35,predicted,8.35,8.36,8.25,6.12,8.06,8.53,8.76,drought,drought,True,0.62,0.32,0.061,7,0,0.29,10
19,2025-03-01,0.1544,90.34,predicted,90.34,89.26,88.55,87.3,85.99,84.85,91.52,overflow,drought,False,0.933,0.053,0.014,0,7,0.29,10
19,2025-03-02,0.1544,90.34,predicted,90.34,89.27,88.56,87.31,86.01,91.52,82.68,overflow,drought,False,0.928,0.058,0.013,0,7,0.29,10
19,2025-03-03,0.1543,90.32,predicted,90.32,89.25,88.56,87.33,91.52,84.89,82.71,overflow,drought,False,0.922,0.065,0.013,0,7,0.29,10
19,2025-03-04,0.1543,90.31,predicted,90.31,89.24,88.56,91.52,86.03,84.87,82.74,overflow,drought,False,0.922,0.066,0.012,0,7,0.29,10
19,2025-03-05,0.1542,90.27,predicted,90.27,89.19,91.52,87.33,86.0,84.82,82.76,overflow,drought,False,0.926,0.063,0.01,0,7,0.29,10
19,2025-03-06,0.1541,90.2,predicted,90.2,91.52,88.47,87.28,85.94,84.72,82.75,overflow,drought,False,0.926,0.064,0.01,0,7,0.29,10
19,2025-03-07,0.1564,91.52,observed,91.52,89.06,88.41,87.22,85.88,84.64,82.71,overflow,drought,False,0.929,0.062,0.009,0,7,0.29,10
19,2025-03-08,0.1547,90.54,predicted,90.54,89.39,88.68,87.38,86.03,84.72,82.77,overflow,drought,False,0.932,0.059,0.009,0,7,0.57,6
19,2025-03-09,0.1547,90.53,predicted,90.53,89.37,88.66,87.38,86.03,84.7,82.77,overflow,drought,False,0.934,0.056,0.009,0,7,0.57,6
19,2025-03-10,0.1546,90.48,predicted,90.48,89.32,88.62,87.36,86.01,84.69,82.77,overflow,drought,False,0.933,0.058,0.009,0,7,0.29,10
19,2025-03-11,0.1549,90.68,predicted,90.68,89.51,88.76,87.42,86.08,84.83,82.75,overflow,drought,False,0.939,0.053,0.009,0,7,0.29,10
19,2025-03-12,0.155,90.7,predicted,90.7,89.57,88.79,87.44,86.12,84.96,82.71,overflow,drought,False,0.907,0.082,0.011,0,7,0.29,10
19,2025-03-13,0.1549,90.64,predicted,90.64,89.52,88.79,87.52,86.22,85.02,92.11,overflow,drought,False,0.927,0.065,0.009,0,7,0.29,10
19,2025-03-14,0.1548,90.61,predicted,90.61,89.48,88.79,87.54,86.23,92.11,82.89,overflow,drought,False,0.935,0.056,0.009,0,7,0.29,10
19,2025-03-15,0.1548,90.59,predicted,90.59,89.45,88.78,87.53,92.11,84.95,82.9,overflow,drought,False,0.935,0.057,0.008,0,7,0.29,10
19,2025-03-16,0.1547,90.56,predicted,90.56,89.43,88.75,92.11,86.17,84.91,82.88,overflow,drought,False,0.936,0.055,0.008,0,7,0.29,10
19,2025-03-17,0.1549,90.67,predicted,90.67,89.54,92.11,87.46,86.13,84.92,82.76,overflow,drought,False,0.915,0.076,0.009,0,7,0.29,10
19,2025-03-18,0.1549,90.65,predicted,90.65,92.11,88.78,87.45,86.13,84.9,82.75,overflow,drought,False,0.91,0.081,0.009,0,7,0.29,10
19,2025-03-19,0.1574,92.11,observed,92.11,89.52,88.78,87.44,86.11,84.86,82.75,overflow,drought,False,0.91,0.08,0.01,0,7,0.29,10
19,2025-03-20,0.1552,90.8,predicted,90.8,89.64,88.87,87.49,86.15,84.87,82.74,overflow,drought,False,0.915,0.075,0.01,0,7,0.57,6
19,2025-03-21,0.1552,90.86,predicted,90.86,89.69,88.91,87.51,86.17,84.87,82.76,overflow,drought,False,0.9,0.09,0.01,0,7,0.57,6
19,2025-03-22,0.1552,90.82,predicted,90.82,89.65,88.89,87.53,86.18,84.87,82.81,overflow,drought,False,0.896,0.095,0.009,0,7,0.29,10
19,2025-03-23,0.1552,90.81,predicted,90.81,89.64,88.9,87.54,86.19,84.91,82.84,overflow,drought,False,0.887,0.105,0.008,0,7,0.29,10
19,2025-03-24,0.1551,90.77,predicted,90.77,89.6,88.87,87.54,86.2,84.9,82.86,overflow,drought,False,0.887,0.107,0.006,0,7,0.29,10
19,2025-03-25,0.1551,90.8,predicted,90.8,89.61,88.87,87.51,86.15,84.83,93.68,overflow,drought,False,0.883,0.111,0.006,0,7,0.29,10
19,2025-03-26,0.1551,90.79,predicted,90.79,89.6,88.84,87.46,86.1,93.68,82.75,overflow,drought,False,0.879,0.114,0.006,0,7,0.29,10
19,2025-03-27,0.1551,90.77,predicted,90.77,89.58,88.83,87.46,93.68,84.78,82.76,overflow,drought,False,0.866,0.127,0.007,0,7,0.29,10
19,2025-03-28,0.1551,90.77,predicted,90.77,89.58,88.83,93.68,86.11,84.79,82.78,overflow,drought,False,0.824,0.169,0.007,0,7,0.29,10
19,2025-03-29,0.1551,90.75,predicted,90.75,89.57,93.68,87.48,86.13,84.81,82.81,overflow,drought,False,0.86,0.134,0.006,0,7,0.29,10
19,2025-03-30,0.155,90.71,predicted,90.71,93.68,88.79,87.48,86.12,84.78,82.82,overflow,drought,False,0.862,0.132,0.006,0,7,0.29,10
19,2025-03-31,0.1601,93.68,observed,93.68,89.52,88.79,87.46,86.1,84.75,82.79,overflow,drought,False,0.851,0.143,0.006,0,7,0.29,10
19,2025-04-01,0.1557,91.11,predicted,91.11,89.85,89.05,87.59,86.22,84.8,82.79,overflow,drought,False,0.803,0.19,0.007,0,7,0.57,6
19,2025-04-02,0.1558,91.18,predicted,91.18,89.92,89.09,87.58,86.21,84.82,82.72,overflow,drought,False,0.819,0.174,0.007,0,7,0.57,6
19,2025-04-03,0.1558,91.17,predicted,91.17,89.91,89.05,87.53,86.16,84.82,82.64,overflow,drought,False,0.791,0.201,0.007,0,7,0.29,10
19,2025-04-04,0.1556,91.09,predicted,91.09,89.87,89.01,87.52,86.17,84.88,82.62,overflow,drought,False,0.79,0.202,0.008,0,7,0.29,10
19,2025-04-05,0.1554,90.97,predicted,90.97,89.79,88.95,87.52,86.19,84.96,82.63,overflow,drought,False,0.787,0.204,0.009,0,7,0.29,10
19,2025-04-06,0.1555,91.03,predicted,91.03,89.84,89.01,87.57,86.26,84.98,90.15,overflow,drought,False,0.831,0.161,0.008,0,7,0.29,10
19,2025-04-07,0.1554,90.98,predicted,90.98,89.8,89.0,87.61,86.29,90.15,82.74,overflow,drought,False,0.851,0.141,0.008,0,7,0.29,10
19,2025-04-08,0.1556,91.05,predicted,91.05,89.86,89.06,87.64,90.15,85.0,82.77,overflow,drought,False,0.882,0.111,0.007,0,7,0.29,10
19,2025-04-09,0.1557,91.12,predicted,91.12,89.91,89.11,90.15,86.3,84.95,82.78,overflow,drought,False,0.861,0.131,0.008,0,7,0.29,10
19,2025-04-10,0.1558,91.16,predicted,91.16,89.93,90.15,87.61,86.25,84.87,82.74,overflow,drought,False,0.837,0.155,0.008,0,7,0.29,10
19,2025-04-11,0.1558,91.17,predicted,91.17,90.15,89.08,87.54,86.17,84.8,82.65,overflow,drought,False,0.831,0.161,0.008,0,7,0.29,10
19,2025-04-12,0.154,90.15,observed,90.15,89.94,89.07,87.5,86.13,84.76,82.61,overflow,drought,False,0.797,0.194,0.009,0,7,0.29,10
19,2025-04-13,0.1541,90.2,predicted,90.2,89.09,88.38,87.11,85.77,84.56,82.56,overflow,drought,False,0.787,0.204,0.009,0,7,0.57,6
19,2025-04-14,0.154,90.1,predicted,90.1,89.01,88.31,87.07,85.74,84.55,82.56,overflow,drought,False,0.75,0.241,0.009,0,7,0.57,6
19,2025-04-15,0.1541,90.21,predicted,90.21,89.12,88.45,87.23,85.91,84.72,82.72,overflow,drought,False,0.803,0.189,0.008,0,7,0.29,10
19,2025-04-16,0.1541,90.17,predicted,90.17,89.08,88.43,87.25,85.93,84.73,82.76,overflow,drought,False,0.837,0.156,0.007,0,7,0.29,10
19,2025-04-17,0.1541,90.2,predicted,90.2,89.11,88.47,87.29,85.97,84.77,82.79,overflow,drought,False,0.848,0.145,0.007,0,7,0.29,10
19,2025-04-18,0.1542,90.23,predicted,90.23,89.13,88.49,87.29,85.97,84.76,86.27,overflow,drought,False,0.821,0.172,0.007,0,7,0.29,10
19,2025-04-19,0.154,90.15,predicted,90.15,89.07,88.43,87.24,85.91,86.27,82.75,overflow,drought,False,0.805,0.188,0.007,0,7,0.29,10
19,2025-04-20,0.1541,90.18,predicted,90.18,89.08,88.44,87.24,86.27,84.69,82.74,overflow,drought,False,0.791,0.202,0.007,0,7,0.29,10
19,2025-04-21,0.154,90.14,predicted,90.14,89.05,88.4,86.27,85.86,84.64,82.7,overflow,drought,False,0.761,0.232,0.008,0,7,0.29,10
19,2025-04-22,0.154,90.15,predicted,90.15,89.06,86.27,87.2,85.87,84.67,82.7,overflow,drought,False,0.749,0.243,0.008,0,7,0.29,10
19,2025-04-23,0.1541,90.18,predicted,90.18,86.27,88.44,87.25,85.92,84.73,82.73,overflow,drought,False,0.775,0.217,0.007,0,7,0.29,10
19,2025-04-24,0.1474,86.27,observed,86.27,89.13,88.46,87.26,85.94,84.75,82.73,overflow,drought,False,0.798,0.196,0.007,0,7,0.29,10
19,2025-04-25,0.1507,88.18,predicted,88.18,87.29,86.81,85.95,84.69,83.74,81.9,overflow,drought,False,0.763,0.23,0.008,0,7,0.57,6
19,2025-04-26,0.1503,87.94,predicted,87.94,87.08,86.63,85.81,84.55,83.63,81.81,overflow,drought,False,0.747,0.245,0.008,0,7,0.57,6
19,2025-04-27,0.1506,88.12,predicted,88.12,87.27,86.83,86.01,84.75,83.79,81.99,overflow,drought,False,0.746,0.246,0.008,0,7,0.29,10
19,2025-04-28,0.1507,88.19,predicted,88.19,87.34,86.89,86.07,84.81,83.86,82.02,overflow,drought,False,0.776,0.217,0.007,0,7,0.29,10
19,2025-04-29,0.1508,88.27,predicted,88.27,87.43,86.98,86.17,84.92,83.99,82.11,overflow,drought,False,0.774,0.218,0.008,0,7,0.29,10
19,2025-04-30,0.1512,88.49,predicted,88.49,87.66,87.18,86.35,85.1,84.2,93.38,overflow,drought,False,0.775,0.216,0.009,0,7,0.29,10
19,2025-05-01,0.1514,88.61,predicted,88.61,87.79,87.29,86.43,85.18,93.38,82.27,overflow,drought,False,0.762,0.228,0.009,0,7,0.29,10
19,2025-05-02,0.1512,88.49,predicted,88.49,87.66,87.19,86.34,93.38,84.16,82.24,overflow,drought,False,0.752,0.239,0.009,0,7,0.29,10
19,2025-05-03,0.1509,88.31,predicted,88.31,87.46,87.03,93.38,84.93,83.97,82.13,overflow,drought,False,0.738,0.253,0.009,0,7,0.29,10
19,2025-05-04,0.1506,88.16,predicted,88.16,87.31,93.38,86.05,84.79,83.82,82.03,overflow,drought,False,0.716,0.274,0.01,0,7,0.29,10
19,2025-05-05,0.1504,88.01,predicted,88.01,93.38,86.75,85.92,84.66,83.67,81.95,overflow,drought,False,0.731,0.26,0.009,0,7,0.29,10
19,2025-05-06,0.1596,93.38,observed,93.38,87.18,86.77,85.96,84.69,83.71,81.97,overflow,drought,False,0.764,0.228,0.008,0,7,0.29,10
19,2025-05-07,0.1557,91.1,predicted,91.1,89.9,89.1,87.6,86.25,84.89,82.78,overflow,drought,False,0.76,0.232,0.008,0,7,0.57,6
19,2025-05-08,0.1559,91.22,predicted,91.22,89.99,89.15,87.59,86.24,84.86,82.7,overflow,drought,False,0.756,0.235,0.008,0,7,0.57,6
19,2025-05-09,0.1557,91.14,predicted,91.14,89.9,89.06,87.56,86.2,84.84,82.71,overflow,drought,False,0.761,0.231,0.008,0,7,0.29,10
19,2025-05-10,0.1557,91.13,predicted,91.13,89.89,89.07,87.58,86.21,84.85,82.74,overflow,drought,False,0.737,0.254,0.009,0,7,0.29,10
19,2025-05-11,0.1557,91.1,predicted,91.1,89.86,89.07,87.6,86.24,84.87,82.8,overflow,drought,False,0.749,0.243,0.008,0,7,0.29,10
19,2025-05-12,0.1556,91.07,predicted,91.07,89.83,89.05,87.62,86.25,84.86,87.24,overflow,drought,False,0.752,0.24,0.008,0,7,0.29,10
19,2025-05-13,0.1556,91.07,predicted,91.07,89.81,89.04,87.59,86.22,87.24,82.81,overflow,drought,False,0.745,0.247,0.008,0,7,0.29,10
19,2025-05-14,0.1556,91.09,predicted,91.09,89.83,89.03,87.55,87.24,84.77,82.75,overflow,drought,False,0.714,0.278,0.008,0,7,0.29,10
19,2025-05-15,0.1556,91.09,predicted,91.09,89.84,89.02,87.24,86.15,84.75,82.71,overflow,drought,False,0.659,0.332,0.009,0,7,0.29,10
19,2025-05-16,0.1557,91.1,predicted,91.1,89.85,87.24,87.52,86.14,84.75,82.71,overflow,drought,False,0.647,0.343,0.01,0,7,0.29,10
19,2025-05-17,0.1557,91.11,predicted,91.11,87.24,89.02,87.52,86.14,84.75,82.69,overflow,drought,False,0.618,0.372,0.01,0,7,0.29,10
19,2025-05-18,0.1491,87.24,observed,87.24,89.89,89.03,87.48,86.11,84.79,82.6,overflow,drought,False,0.58,0.409,0.011,0,7,0.29,10
19,2025-05-19,0.1519,88.92,predicted,88.92,87.96,87.38,86.37,85.08,84.11,82.12,overflow,drought,False,0.667,0.323,0.009,0,7,0.57,6
19,2025-05-20,0.1515,88.66,predicted,88.66,87.75,87.2,86.25,84.98,84.07,82.05,overflow,drought,False,0.699,0.291,0.009,0,7,0.57,6
19,2025-05-21,0.1518,88.84,predicted,88.84,87.94,87.44,86.52,85.26,84.27,82.33,overflow,drought,False,0.701,0.29,0.009,0,7,0.29,10
19,2025-05-22,0.1517,88.8,predicted,88.8,87.9,87.4,86.47,85.2,84.2,82.29,overflow,drought,False,0.661,0.329,0.01,0,7,0.29,10
19,2025-05-23,0.1516,88.72,predicted,88.72,87.81,87.32,86.38,85.1,84.09,82.23,overflow,drought,False,0.62,0.37,0.011,0,7,0.29,10
19,2025-05-24,0.1514,88.62,predicted,88.62,87.7,87.22,86.28,84.99,83.95,83.29,overflow,drought,False,0.607,0.382,0.011,0,7,0.29,10
19,2025-05-25,0.1516,88.74,predicted,88.74,87.81,87.3,86.3,85.01,83.29,82.13,overflow,drought,False,0.583,0.405,0.011,0,7,0.29,10
19,2025-05-26,0.1518,88.82,predicted,88.82,87.89,87.35,86.33,83.29,84.02,82.12,overflow,drought,False,0.56,0.428,0.012,0,7,0.29,10
19,2025-05-27,0.1516,88.7,predicted,88.7,87.77,87.25,83.29,84.98,83.95,82.1,overflow,drought,False,0.584,0.405,0.011,0,7,0.29,10
19,2025-05-28,0.1516,88.71,predicted,88.71,87.78,83.29,86.28,84.99,83.96,82.11,overflow,drought,False,0.596,0.393,0.011,0,7,0.29,10
19,2025-05-29,0.1511,88.44,predicted,88.44,83.29,87.05,86.15,84.86,83.8,82.07,overflow,drought,False,0.608,0.382,0.01,0,7,0.29,10
19,2025-05-30,0.1423,83.29,observed,83.29,87.39,86.95,86.08,84.8,83.73,82.05,overflow,drought,False,0.639,0.352,0.01,0,7,0.29,10
19,2025-05-31,0.1458,85.33,predicted,85.33,84.62,84.39,83.87,82.68,81.92,80.39,overflow,drought,False,0.698,0.293,0.008,0,7,0.57,6
19,2025-06-01,0.1453,85.02,predicted,85.02,84.34,84.11,83.62,82.45,81.7,80.18,overflow,drought,False,0.698,0.294,0.008,0,7,0.57,6
19,2025-06-02,0.1462,85.54,predicted,85.54,84.86,84.61,84.07,82.88,82.1,80.54,overflow,drought,False,0.671,0.32,0.009,0,7,0.29,10
19,2025-06-03,0.1458,85.35,predicted,85.35,84.66,84.41,83.87,82.69,81.88,80.36,overflow,drought,False,0.651,0.34,0.009,0,7,0.29,10
19,2025-06-04,0.1458,85.3,predicted,85.3,84.61,84.37,83.83,82.64,81.83,80.33,overflow,drought,False,0.637,0.353,0.01,0,7,0.29,10
19,2025-06-05,0.1455,85.17,predicted,85.17,84.48,84.25,83.73,82.54,81.72,82.62,overflow,drought,False,0.638,0.352,0.009,0,7,0.29,10
19,2025-06-06,0.1457,85.3,predicted,85.3,84.61,84.36,83.84,82.65,82.62,80.34,overflow,drought,False,0.633,0.357,0.01,0,7,0.29,10
19,2025-06-07,0.1456,85.21,predicted,85.21,84.52,84.3,83.8,82.62,81.82,80.33,overflow,drought,False,0.663,0.328,0.009,0,7,0.29,10
19,2025-06-08,0.1453,85.04,predicted,85.04,84.35,84.14,82.62,82.48,81.66,80.21,overflow,drought,False,0.674,0.317,0.009,0,7,0.29,10
19,2025-06-09,0.1452,84.99,predicted,84.99,84.29,82.62,83.57,82.39,81.54,80.12,overflow,drought,False,0.679,0.313,0.009,0,7,0.29,10
19,2025-06-10,0.1453,85.04,predicted,85.04,82.62,84.09,83.58,82.39,81.53,80.11,overflow,drought,False,0.679,0.313,0.009,0,7,0.29,10
19,2025-06-11,0.1412,82.62,observed,82.62,84.74,84.44,83.86,82.65,81.83,80.29,overflow,drought,False,0.65,0.34,0.01,0,7,0.29,10
19,2025-06-12,0.1452,84.96,predicted,84.96,84.31,84.04,83.55,82.38,81.64,80.07,overflow,drought,False,0.718,0.274,0.008,0,7,0.57,6
19,2025-06-13,0.1449,84.82,predicted,84.82,84.19,83.97,83.54,82.38,81.64,80.11,overflow,drought,False,0.763,0.23,0.007,0,7,0.57,6
19,2025-06-14,0.1449,84.82,predicted,84.82,84.18,83.96,83.51,82.35,81.59,80.08,overflow,drought,False,0.749,0.244,0.008,0,7,0.29,10
19,2025-06-15,0.1457,85.25,predicted,85.25,84.61,84.35,83.86,82.69,81.97,80.34,overflow,drought,False,0.747,0.245,0.008,0,7,0.29,10
19,2025-06-16,0.1459,85.36,predicted,85.36,84.74,84.45,83.94,82.78,82.08,80.4,overflow,drought,False,0.747,0.244,0.009,0,7,0.29,10
19,2025-06-17,0.1461,85.52,predicted,85.52,84.9,84.61,84.07,82.9,82.24,71.66,overflow,drought,False,0.686,0.304,0.011,0,6,0.29,10
19,2025-06-18,0.146,85.44,predicted,85.44,84.83,84.56,84.04,82.87,71.66,80.47,overflow,drought,False,0.642,0.346,0.011,0,6,0.29,10
19,2025-06-19,0.1452,85.0,predicted,85.0,84.39,84.19,83.74,71.66,81.86,80.28,overflow,drought,False,0.664,0.326,0.01,0,6,0.29,10
19,2025-06-20,0.1448,84.73,predicted,84.73,84.1,83.92,71.66,82.28,81.52,80.05,overflow,drought,False,0.653,0.336,0.011,0,6,0.29,10
19,2025-06-21,0.1446,84.6,predicted,84.6,83.96,71.66,83.28,82.09,81.31,79.88,overflow,drought,False,0.64,0.349,0.011,0,6,0.29,10
19,2025-06-22,0.1445,84.57,predicted,84.57,71.66,83.72,83.22,82.03,81.25,79.82,overflow,drought,False,0.634,0.355,0.011,0,6,0.29,10
19,2025-06-23,0.1224,71.66,observed,71.66,83.8,83.6,83.13,81.95,81.16,79.76,normal,drought,False,0.659,0.331,0.01,0,6,0.29,10
19,2025-06-24,0.1209,70.76,predicted,70.76,70.66,71.09,71.46,70.67,70.59,69.94,normal,drought,False,0.721,0.271,0.008,0,0,0.57,6
19,2025-06-25,0.1188,69.54,predicted,69.54,69.46,69.93,70.35,69.59,69.52,68.96,normal,drought,False,0.747,0.245,0.008,0,0,0.57,6
19,2025-06-26,0.1215,71.08,predicted,71.08,70.96,71.15,71.31,70.47,70.17,69.5,normal,drought,False,0.701,0.291,0.009,0,0,0.29,10
19,2025-06-27,0.1217,71.21,predicted,71.21,71.1,71.3,71.48,70.66,70.39,69.68,normal,drought,False,0.733,0.259,0.008,0,0,0.29,10
19,2025-06-28,0.1219,71.34,predicted,71.34,71.25,71.49,71.74,70.93,70.69,69.97,normal,drought,False,0.749,0.244,0.007,0,0,0.29,10
19,2025-06-29,0.1222,71.54,predicted,71.54,71.46,71.66,71.88,71.06,70.86,67.22,normal,drought,False,0.726,0.266,0.008,0,0,0.29,10
19,2025-06-30,0.1221,71.49,predicted,71.49,71.41,71.63,71.85,71.05,67.22,70.06,normal,drought,False,0.691,0.3,0.008,0,0,0.29,10
19,2025-07-01,0.1218,71.29,predicted,71.29,71.19,71.42,71.65,67.22,70.58,69.87,normal,drought,False,0.667,0.324,0.009,0,0,0.29,10
19,2025-07-02,0.1213,71.0,predicted,71.0,70.87,71.1,67.22,70.49,70.18,69.54,normal,drought,False,0.654,0.336,0.009,0,0,0.29,10
19,2025-07-03,0.1212,70.93,predicted,70.93,70.79,67.22,71.21,70.39,70.06,69.43,normal,drought,False,0.648,0.342,0.009,0,0,0.29,10
19,2025-07-04,0.1212,70.96,predicted,70.96,67.22,71.03,71.21,70.39,70.06,69.42,normal,drought,False,0.642,0.349,0.009,0,0,0.29,10
19,2025-07-05,0.1149,67.22,observed,67.22,70.69,70.91,71.11,70.29,69.95,69.33,normal,drought,False,0.638,0.352,0.009,0,0,0.29,10
19,2025-07-06,0.1122,65.64,predicted,65.64,65.63,66.0,66.41,65.74,65.62,65.2,normal,drought,False,0.608,0.382,0.01,0,0,0.57,6
19,2025-07-07,0.1113,65.16,predicted,65.16,65.15,65.53,65.94,65.28,65.15,64.76,normal,drought,False,0.601,0.389,0.01,0,0,0.57,6
19,2025-07-08,0.1123,65.75,predicted,65.75,65.66,65.78,65.93,65.22,64.91,64.43,normal,drought,False,0.576,0.413,0.011,0,0,0.29,10
19,2025-07-09,0.1125,65.84,predicted,65.84,65.75,65.87,66.01,65.3,65.01,64.51,normal,drought,False,0.57,0.419,0.011,0,0,0.29,10
19,2025-07-10,0.1127,65.98,predicted,65.98,65.9,66.01,66.14,65.44,65.18,64.63,normal,drought,False,0.545,0.443,0.011,0,0,0.29,10
19,2025-07-11,0.1129,66.09,predicted,66.09,66.02,66.09,66.19,65.48,65.27,63.47,normal,normal,True,0.486,0.501,0.013,0,0,0.29,10
19,2025-07-12,0.1129,66.05,predicted,66.05,66.0,66.11,66.25,65.55,63.47,64.74,normal,normal,True,0.487,0.501,0.013,0,0,0.29,10
19,2025-07-13,0.113,66.12,predicted,66.12,66.06,66.14,66.26,63.47,65.33,64.73,normal,normal,True,0.445,0.541,0.014,0,0,0.29,10
19,2025-07-14,0.1127,65.94,predicted,65.94,65.88,65.98,63.47,65.41,65.17,64.6,normal,normal,True,0.437,0.549,0.014,0,0,0.29,10
19,2025-07-15,0.1128,66.01,predicted,66.01,65.94,63.47,66.2,65.48,65.24,64.67,normal,normal,True,0.466,0.521,0.013,0,0,0.29,10
19,2025-07-16,0.1128,66.02,predicted,66.02,63.47,66.07,66.23,65.51,65.27,64.71,normal,normal,True,0.468,0.519,0.013,0,0,0.29,10
19,2025-07-17,0.1085,63.47,observed,63.47,66.14,66.21,66.32,65.6,65.41,64.77,normal,drought,False,0.509,0.479,0.012,0,0,0.29,10
19,2025-07-18,0.106,62.02,predicted,62.02,62.08,62.31,62.61,62.02,62.01,61.53,normal,drought,False,0.496,0.491,0.013,0,0,0.57,6
19,2025-07-19,0.1057,61.86,predicted,61.86,61.94,62.14,62.42,61.84,61.86,61.35,normal,drought,False,0.505,0.482,0.013,0,0,0.57,6
19,2025-07-20,0.1066,62.4,predicted,62.4,62.37,62.27,62.23,61.57,61.41,60.76,normal,drought,False,0.522,0.465,0.013,0,0,0.29,10
19,2025-07-21,0.1068,62.49,predicted,62.49,62.48,62.37,62.32,61.66,61.52,60.84,normal,drought,False,0.557,0.431,0.012,0,0,0.29,10
19,2025-07-22,0.1068,62.5,predicted,62.5,62.5,62.4,62.38,61.73,61.59,60.93,normal,drought,False,0.621,0.369,0.01,0,0,0.29,10
19,2025-07-23,0.1069,62.57,predicted,62.57,62.58,62.48,62.48,61.83,61.69,67.31,normal,drought,False,0.668,0.323,0.009,0,0,0.29,10
19,2025-07-24,0.1071,62.7,predicted,62.7,62.71,62.62,62.6,61.95,67.31,61.15,normal,drought,False,0.688,0.303,0.009,0,0,0.29,10
19,2025-07-25,0.1069,62.59,predicted,62.59,62.59,62.51,62.51,67.31,61.69,61.06,normal,drought,False,0.696,0.295,0.009,0,0,0.29,10
19,2025-07-26,0.107,62.6,predicted,62.6,62.6,62.52,67.31,61.86,61.68,61.08,normal,drought,False,0.715,0.276,0.009,0,0,0.29,10
19,2025-07-27,0.1069,62.58,predicted,62.58,62.58,67.31,62.43,61.77,61.6,60.97,normal,drought,False,0.719,0.272,0.009,0,0,0.29,10
19,2025-07-28,0.1068,62.52,predicted,62.52,67.31,62.43,62.41,61.76,61.55,60.97,normal,drought,False,0.712,0.279,0.009,0,0,0.29,10
19,2025-07-29,0.115,67.31,observed,67.31,62.41,62.32,62.27,61.61,61.37,60.82,normal,drought,False,0.688,0.303,0.009,0,0,0.29,10
19,2025-07-30,0.1143,66.91,predicted,66.91,66.73,66.41,66.07,65.27,64.81,64.04,normal,drought,False,0.705,0.286,0.009,0,0,0.57,6
19,2025-07-31,0.1147,67.13,predicted,67.13,66.93,66.62,66.26,65.45,64.99,64.22,normal,drought,False,0.637,0.353,0.01,0,0,0.57,6
19,2025-08-01,0.1131,66.21,predicted,66.21,66.15,66.25,66.36,65.64,65.41,64.83,normal,drought,False,0.634,0.356,0.01,0,0,0.29,10
19,2025-08-02,0.1138,66.58,predicted,66.58,66.55,66.6,66.68,65.95,65.8,65.1,normal,drought,False,0.616,0.373,0.011,0,0,0.29,10
19,2025-08-03,0.1142,66.83,predicted,66.83,66.85,66.9,67.02,66.31,66.23,65.45,normal,drought,False,0.664,0.327,0.009,0,0,0.29,10
19,2025-08-04,0.1144,66.95,predicted,66.95,66.99,67.04,67.17,66.45,66.43,55.84,normal,drought,False,0.679,0.312,0.009,0,0,0.29,10
19,2025-08-05,0.115,67.31,predicted,67.31,67.38,67.48,67.72,67.01,55.84,66.16,normal,drought,False,0.743,0.249,0.008,0,0,0.29,10
19,2025-08-06,0.115,67.31,predicted,67.31,67.38,67.51,67.76,55.84,66.99,66.22,normal,drought,False,0.758,0.234,0.008,0,0,0.29,10
19,2025-08-07,0.1145,67.04,predicted,67.04,67.08,67.25,55.84,66.77,66.66,65.98,normal,drought,False,0.738,0.254,0.009,0,0,0.29,10
19,2025-08-08,0.1141,66.8,predicted,66.8,66.83,55.84,67.22,66.49,66.34,65.73,normal,drought,False,0.73,0.262,0.009,0,0,0.29,10
19,2025-08-09,0.114,66.71,predicted,66.71,55.84,66.88,67.05,66.31,66.15,65.55,normal,drought,False,0.72,0.271,0.009,0,0,0.29,10
19,2025-08-10,0.0954,55.84,observed,55.84,66.5,66.61,66.72,65.98,65.8,65.19,normal,drought,False,0.665,0.325,0.01,0,0,0.29,10
19,2025-08-11,0.0939,54.97,predicted,54.97,55.19,55.67,56.19,55.82,56.04,55.87,normal,drought,False,0.67,0.32,0.01,0,0,0.57,6
19,2025-08-12,0.0922,53.97,predicted,53.97,54.19,54.61,55.1,54.75,54.96,54.79,normal,drought,False,0.692,0.299,0.009,0,0,0.57,6
19,2025-08-13,0.0936,54.77,predicted,54.77,54.58,53.81,53.11,52.53,52.17,51.39,normal,drought,False,0.722,0.269,0.008,0,0,0.29,10
19,2025-08-14,0.0938,54.88,predicted,54.88,54.7,53.91,53.19,52.62,52.28,51.45,normal,drought,False,0.746,0.246,0.008,0,0,0.29,10
19,2025-08-15,0.0941,55.09,predicted,55.09,54.92,54.14,53.45,52.89,52.57,51.72,normal,drought,False,0.797,0.196,0.007,0,0,0.29,10
19,2025-08-16,0.0941,55.09,predicted,55.09,54.92,54.14,53.45,52.9,52.58,61.03,normal,drought,False,0.824,0.17,0.006,0,0,0.29,10
19,2025-08-17,0.0942,55.15,predicted,55.15,54.98,54.21,53.51,52.96,61.03,51.79,normal,drought,False,0.835,0.159,0.006,0,0,0.29,10
19,2025-08-18,0.0945,55.32,predicted,55.32,55.19,54.48,53.84,61.03,53.05,52.19,normal,drought,False,0.834,0.159,0.007,0,0,0.29,10
19,2025-08-19,0.0938,54.89,predicted,54.89,54.72,54.0,61.03,52.81,52.49,51.7,normal,drought,False,0.813,0.18,0.007,0,0,0.29,10
19,2025-08-20,0.0936,54.8,predicted,54.8,54.61,61.03,53.35,52.79,52.4,51.71,normal,drought,False,0.764,0.228,0.008,0,0,0.29,10
19,2025-08-21,0.0937,54.82,predicted,54.82,61.03,53.9,53.23,52.67,52.28,51.55,normal,drought,False,0.73,0.261,0.009,0,0,0.29,10
19,2025-08-22,0.1043,61.03,observed,61.03,54.56,53.79,53.05,52.48,52.12,51.33,normal,drought,False,0.678,0.313,0.01,0,0,0.29,10
19,2025-08-23,0.1024,59.92,predicted,59.92,59.57,58.52,57.45,56.71,56.14,55.05,normal,drought,False,0.671,0.319,0.01,0,0,0.57,6
19,2025-08-24,0.1031,60.36,predicted,60.36,60.04,59.03,58.0,57.26,56.72,55.63,normal,drought,False,0.669,0.321,0.01,0,0,0.57,6
19,2025-08-25,0.1024,59.96,predicted,59.96,59.89,59.61,59.42,58.81,58.55,57.92,normal,drought,False,0.691,0.299,0.009,0,0,0.29,10
19,2025-08-26,0.1027,60.13,predicted,60.13,60.06,59.74,59.49,58.87,58.64,57.96,normal,drought,False,0.65,0.34,0.01,0,0,0.29,10
19,2025-08-27,0.1023,59.89,predicted,59.89,59.82,59.56,59.36,58.75,58.5,57.88,normal,drought,False,0.688,0.302,0.009,0,0,0.29,10
19,2025-08-28,0.1022,59.81,predicted,59.81,59.73,59.48,59.3,58.69,58.41,53.11,normal,drought,False,0.703,0.288,0.009,0,0,0.29,10
19,2025-08-29,0.1023,59.89,predicted,59.89,59.81,59.54,59.35,58.74,53.11,57.86,normal,drought,False,0.725,0.267,0.008,0,0,0.29,10
19,2025-08-30,0.1024,59.92,predicted,59.92,59.84,59.56,59.35,53.11,58.48,57.85,normal,drought,False,0.705,0.287,0.009,0,0,0.29,10
19,2025-08-31,0.1025,60.01,predicted,60.01,59.94,59.63,53.11,58.78,58.54,57.87,normal,drought,False,0.693,0.298,0.009,0,0,0.29,10
20,2025-03-01,0.0356,76.13,predicted,76.13,75.9,75.9,75.9,74.97,74.61,59.52,overflow,drought,False,0.426,0.355,0.219,0,4,0.29,10
20,2025-03-02,0.0357,76.39,predicted,76.39,76.17,76.18,76.17,75.24,59.52,73.71,overflow,drought,False,0.44,0.35,0.21,0,5,0.29,10
20,2025-03-03,0.0356,76.2,predicted,76.2,75.99,76.04,76.07,59.52,74.79,73.65,overflow,drought,False,0.456,0.343,0.201,0,4,0.29,10
20,2025-03-04,0.0356,76.17,predicted,76.17,75.95,76.01,59.52,75.08,74.72,73.62,overflow,drought,False,0.458,0.342,0.2,0,4,0.29,10
20,2025-03-05,0.0355,75.91,predicted,75.91,75.67,59.52,75.76,74.82,74.42,73.4,overflow,drought,False,0.456,0.343,0.201,0,3,0.29,10
20,2025-03-06,0.0353,75.51,predicted,75.51,59.52,75.36,75.36,74.41,73.97,73.05,overflow,drought,False,0.459,0.344,0.197,0,3,0.29,10
20,2025-03-07,0.0278,59.52,observed,59.52,74.97,75.07,75.06,74.12,73.64,72.79,normal,drought,False,0.461,0.344,0.195,0,2,0.29,10
20,2025-03-08,0.0268,57.25,predicted,57.25,57.43,58.1,58.76,58.37,58.6,58.45,normal,drought,False,0.459,0.345,0.196,0,0,0.57,6
20,2025-03-09,0.0261,55.78,predicted,55.78,55.96,56.62,57.29,56.94,57.16,57.07,normal,drought,False,0.453,0.345,0.201,0,0,0.57,6
20,2025-03-10,0.0266,56.81,predicted,56.81,56.64,56.08,55.56,54.97,54.53,53.89,normal,drought,False,0.439,0.347,0.214,0,0,0.29,10
20,2025-03-11,0.0268,57.43,predicted,57.43,57.3,56.62,56.02,55.44,55.14,54.23,normal,drought,False,0.419,0.348,0.233,0,0,0.29,10
20,2025-03-12,0.0271,58.0,predicted,58.0,57.98,57.34,56.92,56.36,56.25,55.18,normal,drought,False,0.417,0.344,0.239,0,0,0.29,10
20,2025-03-13,0.0273,58.46,predicted,58.46,58.48,57.93,57.59,57.05,56.96,56.99,normal,drought,False,0.411,0.341,0.248,0,0,0.29,10
20,2025-03-14,0.0274,58.53,predicted,58.53,58.53,58.05,57.71,57.15,56.99,56.1,normal,drought,False,0.416,0.344,0.24,0,0,0.29,10
20,2025-03-15,0.0273,58.4,predicted,58.4,58.37,57.94,57.57,56.99,56.83,56.0,normal,drought,False,0.435,0.345,0.219,0,0,0.29,10
20,2025-03-16,0.0272,58.15,predicted,58.15,58.12,57.72,56.99,56.79,56.58,55.81,normal,drought,False,0.466,0.342,0.192,0,0,0.29,10
20,2025-03-17,0.0271,58.07,predicted,58.07,58.05,56.99,57.16,56.58,56.44,55.54,normal,drought,False,0.488,0.337,0.175,0,0,0.29,10
20,2025-03-18,0.0271,57.99,predicted,57.99,56.99,57.51,57.16,56.59,56.43,55.57,normal,drought,False,0.496,0.332,0.172,0,0,0.29,10
20,2025-03-19,0.0266,56.99,observed,56.99,58.03,57.53,57.11,56.52,56.31,55.49,normal,drought,False,0.493,0.333,0.174,0,0,0.29,10
20,2025-03-20,0.026,55.58,predicted,55.58,55.6,55.24,54.98,54.47,54.36,53.66,normal,drought,False,0.491,0.333,0.177,0,0,0.57,6
20,2025-03-21,0.0259,55.35,predicted,55.35,55.34,54.91,54.55,54.03,53.9,53.18,normal,drought,False,0.48,0.334,0.186,0,0,0.57,6
20,2025-03-22,0.0259,55.33,predicted,55.33,55.18,54.44,53.71,53.12,52.81,51.97,normal,drought,False,0.457,0.339,0.205,0,0,0.29,10
20,2025-03-23,0.0258,55.24,predicted,55.24,55.08,54.32,53.56,52.97,52.67,51.79,normal,drought,False,0.427,0.343,0.23,0,0,0.29,10
20,2025-03-24,0.0259,55.44,predicted,55.44,55.28,54.53,53.77,53.19,52.88,51.99,normal,drought,False,0.398,0.348,0.255,0,0,0.29,10
20,2025-03-25,0.026,55.7,predicted,55.7,55.54,54.82,54.08,53.51,53.19,60.5,normal,drought,False,0.405,0.354,0.241,0,0,0.29,10
20,2025-03-26,0.0257,54.94,predicted,54.94,54.75,53.98,53.19,52.61,60.5,51.4,normal,drought,False,0.506,0.337,0.157,0,0,0.29,10
20,2025-03-27,0.0256,54.8,predicted,54.8,54.6,53.8,53.0,60.5,52.06,51.2,normal,drought,False,0.516,0.333,0.152,0,0,0.29,10
20,2025-03-28,0.0256,54.74,predicted,54.74,54.55,53.75,60.5,52.37,52.03,51.15,normal,drought,False,0.506,0.334,0.16,0,0,0.29,10
20,2025-03-29,0.0257,55.02,predicted,55.02,54.84,60.5,53.3,52.74,52.42,51.54,normal,drought,False,0.481,0.342,0.178,0,0,0.29,10
20,2025-03-30,0.0257,55.07,predicted,55.07,60.5,54.12,53.35,52.78,52.41,51.57,normal,drought,False,0.479,0.346,0.175,0,0,0.29,10
20,2025-03-31,0.0283,60.5,observed,60.5,54.76,54.02,53.26,52.68,52.31,51.5,normal,drought,False,0.514,0.338,0.148,0,0,0.29,10
20,2025-04-01,0.027,57.78,predicted,57.78,57.47,56.52,55.5,54.8,54.26,53.31,normal,drought,False,0.54,0.329,0.131,0,0,0.57,6
20,2025-04-02,0.0273,58.37,predicted,58.37,58.09,57.16,56.18,55.49,55.02,53.97,normal,drought,False,0.537,0.331,0.131,0,0,0.57,6
20,2025-04-03,0.0272,58.16,predicted,58.16,58.05,57.51,57.0,56.4,56.19,55.31,normal,drought,False,0.563,0.321,0.117,0,0,0.29,10
20,2025-04-04,0.0273,58.5,predicted,58.5,58.48,57.99,57.65,57.07,56.94,56.01,normal,drought,False,0.572,0.312,0.116,0,0,0.29,10
20,2025-04-05,0.0278,59.49,predicted,59.49,59.56,59.12,58.95,58.39,58.35,57.35,normal,drought,False,0.571,0.304,0.125,0,0,0.29,10
20,2025-04-06,0.0278,59.56,predicted,59.56,59.63,59.24,59.08,58.5,58.45,58.31,normal,drought,False,0.573,0.296,0.131,0,0,0.29,10
20,2025-04-07,0.028,59.92,predicted,59.92,60.02,59.7,59.62,59.03,58.31,58.1,normal,drought,False,0.567,0.291,0.142,0,0,0.29,10
20,2025-04-08,0.0281,60.1,predicted,60.1,60.18,59.86,59.69,58.31,59.0,58.16,normal,drought,False,0.555,0.291,0.154,0,0,0.29,10
20,2025-04-09,0.0279,59.64,predicted,59.64,59.66,59.32,58.31,58.42,58.26,57.49,normal,drought,False,0.551,0.293,0.157,0,0,0.29,10
20,2025-04-10,0.0277,59.16,predicted,59.16,59.13,58.31,58.33,57.71,57.48,56.74,normal,drought,False,0.545,0.298,0.158,0,0,0.29,10
20,2025-04-11,0.0274,58.71,predicted,58.71,58.31,58.21,57.77,57.14,56.89,56.13,normal,drought,False,0.538,0.302,0.16,0,0,0.29,10
20,2025-04-12,0.0273,58.31,observed,58.31,58.45,57.93,57.41,56.78,56.52,55.72,normal,drought,False,0.527,0.307,0.166,0,0,0.29,10
20,2025-04-13,0.0264,56.38,predicted,56.38,56.33,55.89,55.47,54.92,54.73,54.02,normal,drought,False,0.514,0.311,0.175,0,0,0.57,6
20,2025-04-14,0.0263,56.3,predicted,56.3,56.23,55.7,55.18,54.63,54.44,53.66,normal,drought,False,0.486,0.319,0.195,0,0,0.57,6
20,2025-04-15,0.0264,56.52,predicted,56.52,56.37,55.58,54.79,54.19,53.91,52.94,normal,drought,False,0.439,0.328,0.234,0,0,0.29,10
20,2025-04-16,0.0265,56.61,predicted,56.61,56.46,55.71,54.98,54.38,54.1,53.17,normal,drought,False,0.39,0.332,0.278,0,0,0.29,10
20,2025-04-17,0.0267,57.13,predicted,57.13,57.02,56.39,55.77,55.19,54.95,54.05,normal,drought,False,0.35,0.335,0.315,0,0,0.29,10
20,2025-04-18,0.0267,57.2,predicted,57.2,57.1,56.51,55.91,55.33,55.11,74.23,normal,drought,False,0.38,0.344,0.276,0,0,0.29,10
20,2025-04-19,0.0265,56.61,predicted,56.61,56.48,55.84,55.18,54.59,74.23,53.47,normal,drought,False,0.45,0.343,0.206,0,0,0.29,10
20,2025-04-20,0.0266,56.84,predicted,56.84,56.73,56.17,55.58,74.23,54.74,53.93,normal,drought,False,0.452,0.348,0.2,0,0,0.29,10
20,2025-04-21,0.0264,56.43,predicted,56.43,56.27,55.6,74.23,54.3,53.99,53.15,normal,drought,False,0.524,0.334,0.142,0,0,0.29,10
20,2025-04-22,0.0262,56.12,predicted,56.12,55.95,74.23,54.51,53.92,53.6,52.74,normal,drought,False,0.542,0.329,0.13,0,0,0.29,10
20,2025-04-23,0.0263,56.27,predicted,56.27,74.23,55.43,54.76,54.17,53.88,52.99,normal,drought,False,0.535,0.331,0.134,0,0,0.29,10
20,2025-04-24,0.0347,74.23,observed,74.23,56.44,55.75,55.08,54.5,54.24,53.31,normal,drought,False,0.527,0.334,0.139,0,0,0.29,10
20,2025-04-25,0.0334,71.53,predicted,71.53,70.8,69.07,66.91,65.79,64.66,62.77,normal,drought,False,0.548,0.325,0.126,0,0,0.57,6
20,2025-04-26,0.0343,73.34,predicted,73.34,72.6,70.92,68.8,67.65,66.51,64.59,normal,drought,False,0.563,0.317,0.12,0,0,0.57,6
20,2025-04-27,0.034,72.81,predicted,72.81,72.66,72.78,72.83,71.98,71.69,70.8,normal,drought,False,0.565,0.314,0.12,0,0,0.29,10
20,2025-04-28,0.0342,73.09,predicted,73.09,72.95,73.06,73.14,72.28,72.0,71.07,normal,drought,False,0.567,0.311,0.122,0,0,0.29,10
20,2025-04-29,0.0342,73.23,predicted,73.23,73.1,73.2,73.29,72.42,72.14,71.21,normal,drought,False,0.577,0.304,0.119,0,0,0.29,10
20,2025-04-30,0.0343,73.42,predicted,73.42,73.31,73.42,73.53,72.66,72.41,50.24,normal,drought,False,0.58,0.3,0.12,0,0,0.29,10
20,2025-05-01,0.0344,73.51,predicted,73.51,73.41,73.5,73.6,72.73,50.24,71.49,normal,drought,False,0.579,0.298,0.124,0,0,0.29,10
20,2025-05-02,0.0343,73.35,predicted,73.35,73.24,73.34,73.4,50.24,72.28,71.33,normal,drought,False,0.573,0.298,0.129,0,0,0.29,10
20,2025-05-03,0.0342,73.07,predicted,73.07,72.94,73.06,50.24,72.23,71.95,71.05,normal,drought,False,0.567,0.302,0.131,0,0,0.29,10
20,2025-05-04,0.0341,72.87,predicted,72.87,72.72,50.24,72.87,72.0,71.71,70.84,normal,drought,False,0.557,0.308,0.135,0,0,0.29,10
20,2025-05-05,0.034,72.78,predicted,72.78,50.24,72.74,72.75,71.88,71.55,70.73,normal,drought,False,0.542,0.316,0.141,0,0,0.29,10
20,2025-05-06,0.0235,50.24,observed,50.24,72.73,72.86,72.89,72.01,71.68,70.86,normal,drought,False,0.541,0.319,0.141,0,0,0.29,10
20,2025-05-07,0.0234,49.95,predicted,49.95,50.28,51.01,51.76,51.61,52.14,52.06,normal,drought,False,0.547,0.317,0.136,0,0,0.57,6
20,2025-05-08,0.0225,48.04,predicted,48.04,48.39,49.08,49.8,49.72,50.29,50.19,normal,drought,False,0.54,0.32,0.14,0,0,0.57,6
20,2025-05-09,0.0228,48.84,predicted,48.84,48.63,47.57,46.57,46.11,45.82,44.84,normal,drought,False,0.529,0.323,0.148,0,0,0.29,10
20,2025-05-10,0.0228,48.81,predicted,48.81,48.57,47.49,46.42,45.95,45.65,44.67,normal,drought,False,0.521,0.326,0.153,0,0,0.29,10
20,2025-05-11,0.0229,48.9,predicted,48.9,48.67,47.63,46.6,46.13,45.83,44.88,normal,drought,False,0.502,0.332,0.166,0,0,0.29,10
20,2025-05-12,0.0228,48.71,predicted,48.71,48.45,47.45,46.43,45.96,45.6,44.35,normal,drought,False,0.497,0.337,0.166,0,0,0.29,10
20,2025-05-13,0.0228,48.68,predicted,48.68,48.4,47.38,46.34,45.87,44.35,44.61,normal,drought,False,0.495,0.342,0.163,0,0,0.29,10
20,2025-05-14,0.0227,48.52,predicted,48.52,48.21,47.14,46.02,44.35,45.13,44.22,normal,drought,False,0.528,0.336,0.136,0,0,0.29,10
20,2025-05-15,0.0225,48.09,predicted,48.09,47.77,46.67,44.35,45.06,44.66,43.75,normal,drought,False,0.573,0.317,0.11,0,0,0.29,10
20,2025-05-16,0.0225,48.07,predicted,48.07,47.76,44.35,45.54,45.06,44.67,43.75,normal,drought,False,0.576,0.316,0.108,0,0,0.29,10
20,2025-05-17,0.0224,48.02,predicted,48.02,44.35,46.61,45.49,45.01,44.66,43.71,normal,drought,False,0.585,0.311,0.104,0,0,0.29,10
20,2025-05-18,0.0207,44.35,observed,44.35,47.63,46.56,45.57,45.13,44.91,43.87,normal,drought,False,0.585,0.309,0.106,0,0,0.29,10
20,2025-05-19,0.02,42.77,predicted,42.77,42.79,42.07,41.61,41.43,41.53,40.71,normal,drought,False,0.567,0.315,0.119,0,0,0.57,6
20,2025-05-20,0.0199,42.66,predicted,42.66,42.74,42.06,41.68,41.52,41.71,40.85,normal,drought,False,0.56,0.317,0.123,0,0,0.57,6
20,2025-05-21,0.0203,43.49,predicted,43.49,43.43,42.52,41.83,41.55,41.56,40.63,normal,drought,False,0.57,0.311,0.119,0,0,0.29,10
20,2025-05-22,0.0203,43.46,predicted,43.46,43.39,42.5,41.77,41.47,41.45,40.58,normal,drought,False,0.581,0.305,0.114,0,0,0.29,10
20,2025-05-23,0.0203,43.47,predicted,43.47,43.36,42.46,41.65,41.33,41.26,40.43,normal,drought,False,0.589,0.301,0.11,0,0,0.29,10
20,2025-05-24,0.0202,43.17,predicted,43.17,43.0,42.1,41.26,40.93,40.76,52.53,normal,drought,False,0.591,0.301,0.108,0,0,0.29,10
20,2025-05-25,0.02,42.76,predicted,42.76,42.59,41.65,40.79,40.46,52.53,39.52,normal,drought,False,0.586,0.305,0.109,0,0,0.29,10
20,2025-05-26,0.02,42.77,predicted,42.77,42.6,41.61,40.7,52.53,40.23,39.39,normal,drought,False,0.585,0.306,0.109,0,0,0.29,10
20,2025-05-27,0.02,42.78,predicted,42.78,42.61,41.62,52.53,40.4,40.24,39.42,normal,drought,False,0.586,0.306,0.108,0,0,0.29,10
20,2025-05-28,0.02,42.8,predicted,42.8,42.62,52.53,40.74,40.42,40.25,39.43,normal,drought,False,0.581,0.308,0.111,0,0,0.29,10
20,2025-05-29,0.02,42.86,predicted,42.86,52.53,41.65,40.73,40.4,40.15,39.41,normal,drought,False,0.571,0.314,0.116,0,0,0.29,10
20,2025-05-30,0.0246,52.53,observed,52.53,42.45,41.44,40.49,40.16,39.86,39.15,normal,drought,False,0.549,0.323,0.127,0,0,0.29,10
20,2025-05-31,0.0236,50.48,predicted,50.48,50.07,48.66,47.22,46.6,46.03,44.85,normal,drought,False,0.516,0.338,0.146,0,0,0.57,6
20,2025-06-01,0.0239,51.03,predicted,51.03,50.6,49.18,47.7,47.07,46.49,45.3,normal,drought,False,0.535,0.332,0.133,0,0,0.57,6
20,2025-06-02,0.0238,50.86,predicted,50.86,50.62,49.57,48.53,48.01,47.71,46.68,normal,drought,False,0.547,0.327,0.125,0,0,0.29,10
20,2025-06-03,0.0236,50.51,predicted,50.51,50.27,49.27,48.28,47.77,47.43,46.5,normal,drought,False,0.578,0.313,0.109,0,0,0.29,10
20,2025-06-04,0.0236,50.5,predicted,50.5,50.24,49.24,48.23,47.72,47.37,46.44,normal,drought,False,0.583,0.311,0.105,0,0,0.29,10
20,2025-06-05,0.0235,50.27,predicted,50.27,50.01,49.04,48.06,47.55,47.19,55.84,normal,drought,False,0.593,0.306,0.101,0,0,0.29,10
20,2025-06-06,0.0235,50.31,predicted,50.31,50.06,49.06,48.06,47.56,55.84,46.29,normal,drought,False,0.588,0.308,0.103,0,0,0.29,10
20,2025-06-07,0.0236,50.39,predicted,50.39,50.13,49.13,48.12,55.84,47.26,46.33,normal,drought,False,0.579,0.314,0.107,0,0,0.29,10
20,2025-06-08,0.0235,50.26,predicted,50.26,49.99,49.02,55.84,47.54,47.14,46.28,normal,drought,False,0.586,0.31,0.104,0,0,0.29,10
20,2025-06-09,0.0234,50.13,predicted,50.13,49.85,55.84,47.93,47.42,46.99,46.18,normal,drought,False,0.592,0.307,0.102,0,0,0.29,10
20,2025-06-10,0.0234,50.08,predicted,50.08,55.84,48.81,47.83,47.33,46.88,46.07,normal,drought,False,0.592,0.307,0.102,0,0,0.29,10
20,2025-06-11,0.0261,55.84,observed,55.84,49.52,48.53,47.57,47.07,46.7,45.82,normal,drought,False,0.596,0.303,0.101,0,0,0.29,10
20,2025-06-12,0.0247,52.84,predicted,52.84,52.54,51.41,50.32,49.72,49.29,48.21,normal,drought,False,0.582,0.309,0.109,0,0,0.57,6
20,2025-06-13,0.0252,53.84,predicted,53.84,53.57,52.45,51.38,50.79,50.38,49.26,normal,drought,False,0.572,0.313,0.115,0,0,0.57,6
20,2025-06-14,0.0251,53.64,predicted,53.64,53.47,52.69,51.97,51.44,51.16,50.27,normal,drought,False,0.591,0.303,0.106,0,0,0.29,10
20,2025-06-15,0.0251,53.71,predicted,53.71,53.6,52.82,52.16,51.64,51.46,50.48,normal,drought,False,0.589,0.303,0.109,0,0,0.29,10
20,2025-06-16,0.0251,53.77,predicted,53.77,53.7,52.96,52.38,51.87,51.73,50.74,normal,drought,False,0.583,0.303,0.114,0,0,0.29,10
20,2025-06-17,0.0253,54.12,predicted,54.12,54.09,53.34,52.73,52.22,52.16,71.65,normal,drought,False,0.574,0.305,0.121,0,0,0.29,10
20,2025-06-18,0.0254,54.3,predicted,54.3,54.27,53.56,52.95,52.43,71.65,51.33,normal,drought,False,0.565,0.307,0.128,0,0,0.29,10
20,2025-06-19,0.0255,54.48,predicted,54.48,54.41,53.74,53.13,71.65,52.45,51.52,normal,drought,False,0.563,0.308,0.129,0,0,0.29,10
20,2025-06-20,0.0254,54.26,predicted,54.26,54.14,53.46,71.65,52.21,51.96,51.14,normal,drought,False,0.563,0.31,0.127,0,0,0.29,10
20,2025-06-21,0.0252,53.92,predicted,53.92,53.75,71.65,52.28,51.71,51.38,50.61,normal,drought,False,0.558,0.315,0.127,0,0,0.29,10
20,2025-06-22,0.0251,53.64,predicted,53.64,71.65,52.68,51.86,51.28,50.92,50.13,normal,drought,False,0.555,0.318,0.128,0,0,0.29,10
20,2025-06-23,0.0335,71.65,observed,71.65,53.29,52.47,51.6,51.03,50.63,49.83,normal,drought,False,0.546,0.322,0.132,0,0,0.29,10
20,2025-06-24,0.0317,67.71,predicted,67.71,66.96,65.19,62.99,61.91,60.73,59.05,normal,drought,False,0.528,0.331,0.141,0,0,0.57,6
20,2025-06-25,0.0323,69.17,predicted,69.17,68.39,66.67,64.5,63.4,62.17,60.51,normal,drought,False,0.525,0.334,0.141,0,0,0.57,6
20,2025-06-26,0.0323,69.2,predicted,69.2,69.04,69.11,69.09,68.28,67.94,67.29,normal,drought,False,0.54,0.327,0.132,0,0,0.29,10
20,2025-06-27,0.0324,69.24,predicted,69.24,69.09,69.17,69.17,68.38,68.06,67.38,normal,drought,False,0.519,0.336,0.145,0,0,0.29,10
20,2025-06-28,0.0325,69.48,predicted,69.48,69.35,69.46,69.51,68.74,68.44,67.74,normal,drought,False,0.496,0.345,0.159,0,0,0.29,10
20,2025-06-29,0.0326,69.66,predicted,69.66,69.54,69.63,69.66,68.87,68.62,53.68,normal,drought,False,0.516,0.341,0.143,0,0,0.29,10
20,2025-06-30,0.0325,69.62,predicted,69.62,69.51,69.61,69.65,68.87,53.68,67.86,normal,drought,False,0.542,0.332,0.127,0,0,0.29,10
20,2025-07-01,0.0325,69.45,predicted,69.45,69.32,69.44,69.48,53.68,68.41,67.71,normal,drought,False,0.568,0.32,0.112,0,0,0.29,10
20,2025-07-02,0.0323,69.11,predicted,69.11,68.96,69.08,53.68,68.33,67.98,67.37,normal,drought,False,0.588,0.309,0.102,0,0,0.29,10
20,2025-07-03,0.0323,69.03,predicted,69.03,68.87,53.68,69.0,68.2,67.84,67.24,normal,drought,False,0.592,0.307,0.1,0,0,0.29,10
20,2025-07-04,0.0323,69.08,predicted,69.08,53.68,69.01,69.01,68.21,67.86,67.24,normal,drought,False,0.591,0.308,0.1,0,0,0.29,10
20,2025-07-05,0.0251,53.68,observed,53.68,68.82,68.92,68.93,68.14,67.77,67.17,normal,drought,False,0.591,0.309,0.1,0,0,0.29,10
20,2025-07-06,0.0243,51.94,predicted,51.94,52.1,52.65,53.14,52.9,53.17,53.08,normal,drought,False,0.599,0.305,0.096,0,0,0.57,6
20,2025-07-07,0.0236,50.47,predicted,50.47,50.64,51.16,51.64,51.43,51.7,51.64,normal,drought,False,0.601,0.304,0.095,0,0,0.57,6
20,2025-07-08,0.0237,50.73,predicted,50.73,50.41,49.5,48.57,48.04,47.54,46.82,normal,drought,False,0.598,0.306,0.096,0,0,0.29,10
20,2025-07-09,0.0237,50.79,predicted,50.79,50.46,49.52,48.55,48.02,47.52,46.77,normal,drought,False,0.598,0.306,0.096,0,0,0.29,10
20,2025-07-10,0.0238,50.85,predicted,50.85,50.52,49.55,48.53,48.0,47.54,46.72,normal,drought,False,0.596,0.308,0.096,0,0,0.29,10
20,2025-07-11,0.0238,50.86,predicted,50.86,50.54,49.55,48.51,47.98,47.57,59.24,normal,drought,False,0.603,0.304,0.093,0,0,0.29,10
20,2025-07-12,0.0238,50.88,predicted,50.88,50.57,49.61,48.63,48.11,59.24,46.84,normal,drought,False,0.603,0.304,0.093,0,0,0.29,10
20,2025-07-13,0.0238,50.88,predicted,50.88,50.57,49.63,48.64,59.24,47.71,46.87,normal,drought,False,0.611,0.299,0.09,0,0,0.29,10
20,2025-07-14,0.0237,50.7,predicted,50.7,50.4,49.51,59.24,48.07,47.65,46.87,normal,drought,False,0.613,0.298,0.09,0,0,0.29,10
20,2025-07-15,0.0237,50.73,predicted,50.73,50.44,59.24,48.68,48.16,47.73,46.97,normal,drought,False,0.612,0.298,0.091,0,0,0.29,10
20,2025-07-16,0.0238,50.83,predicted,50.83,59.24,49.65,48.75,48.23,47.8,47.04,normal,drought,False,0.613,0.297,0.091,0,0,0.29,10
20,2025-07-17,0.0277,59.24,observed,59.24,50.49,49.58,48.68,48.16,47.79,46.95,normal,drought,False,0.614,0.295,0.091,0,0,0.29,10
20,2025-07-18,0.0261,55.79,predicted,55.79,55.39,54.2,52.94,52.24,51.65,50.55,normal,drought,False,0.614,0.294,0.092,0,0,0.57,6
20,2025-07-19,0.0264,56.37,predicted,56.37,55.99,54.82,53.57,52.86,52.31,51.17,normal,drought,False,0.615,0.293,0.092,0,0,0.57,6
20,2025-07-20,0.0264,56.42,predicted,56.42,56.27,55.72,55.16,54.58,54.29,53.53,normal,drought,False,0.612,0.295,0.094,0,0,0.29,10
20,2025-07-21,0.0264,56.43,predicted,56.43,56.29,55.76,55.24,54.65,54.39,53.62,normal,drought,False,0.611,0.294,0.095,0,0,0.29,10
20,2025-07-22,0.0264,56.52,predicted,56.52,56.4,55.88,55.41,54.83,54.56,53.82,normal,drought,False,0.614,0.291,0.094,0,0,0.29,10
20,2025-07-23,0.0265,56.65,predicted,56.65,56.53,56.01,55.53,54.95,54.69,58.76,normal,drought,False,0.614,0.291,0.095,0,0,0.29,10
20,2025-07-24,0.0265,56.76,predicted,56.76,56.64,56.12,55.62,55.04,58.76,54.02,normal,drought,False,0.612,0.292,0.097,0,0,0.29,10
20,2025-07-25,0.0265,56.64,predicted,56.64,56.52,56.0,55.51,58.76,54.63,53.91,normal,drought,False,0.605,0.295,0.1,0,0,0.29,10
20,2025-07-26,0.0265,56.63,predicted,56.63,56.49,55.97,58.76,54.88,54.57,53.86,normal,drought,False,0.601,0.297,0.102,0,0,0.29,10
20,2025-07-27,0.0265,56.62,predicted,56.62,56.48,58.76,55.43,54.84,54.53,53.81,normal,drought,False,0.592,0.302,0.106,0,0,0.29,10
20,2025-07-28,0.0265,56.7,predicted,56.7,58.76,56.02,55.49,54.9,54.56,53.87,normal,drought,False,0.587,0.305,0.108,0,0,0.29,10
20,2025-07-29,0.0275,58.76,observed,58.76,56.46,55.89,55.31,54.71,54.34,53.66,normal,drought,False,0.587,0.306,0.106,0,0,0.29,10
20,2025-07-30,0.0263,56.34,predicted,56.34,56.15,55.58,54.97,54.39,54.02,53.33,normal,drought,False,0.581,0.312,0.107,0,0,0.57,6
20,2025-07-31,0.0262,56.15,predicted,56.15,55.95,55.34,54.68,54.1,53.73,53.03,normal,drought,False,0.588,0.309,0.102,0,0,0.57,6
20,2025-08-01,0.0262,56.03,predicted,56.03,55.81,55.12,54.38,53.79,53.41,52.63,normal,drought,False,0.585,0.312,0.103,0,0,0.29,10
20,2025-08-02,0.0262,56.11,predicted,56.11,55.92,55.22,54.49,53.9,53.62,52.73,normal,drought,False,0.578,0.315,0.107,0,0,0.29,10
20,2025-08-03,0.0263,56.33,predicted,56.33,56.19,55.5,54.83,54.26,54.05,53.09,normal,drought,False,0.567,0.32,0.112,0,0,0.29,10
20,2025-08-04,0.0263,56.29,predicted,56.29,56.19,55.56,54.99,54.43,54.26,52.99,normal,drought,False,0.568,0.319,0.113,0,0,0.29,10
20,2025-08-05,0.0265,56.78,predicted,56.78,56.73,56.16,55.71,55.15,52.99,54.07,normal,drought,False,0.571,0.313,0.115,0,0,0.29,10
20,2025-08-06,0.0266,56.96,predicted,56.96,56.92,56.39,55.95,52.99,55.23,54.35,normal,drought,False,0.571,0.311,0.118,0,0,0.29,10
20,2025-08-07,0.0266,56.96,predicted,56.96,56.89,56.39,52.99,55.34,55.13,54.34,normal,drought,False,0.57,0.31,0.119,0,0,0.29,10
20,2025-08-08,0.0265,56.77,predicted,56.77,56.66,52.99,55.67,55.08,54.8,54.08,normal,drought,False,0.569,0.311,0.12,0,0,0.29,10
20,2025-08-09,0.0265,56.67,predicted,56.67,52.99,56.0,55.44,54.84,54.54,53.8,normal,drought,False,0.571,0.311,0.118,0,0,0.29,10
20,2025-08-10,0.0248,52.99,observed,52.99,56.18,55.6,54.99,54.39,54.07,53.34,normal,drought,False,0.583,0.305,0.112,0,0,0.29,10
20,2025-08-11,0.0238,50.9,predicted,50.9,50.87,50.53,50.23,49.83,49.72,49.22,normal,drought,False,0.587,0.304,0.109,0,0,0.57,6
20,2025-08-12,0.0235,50.26,predicted,50.26,50.22,49.84,49.51,49.12,48.98,48.48,normal,drought,False,0.588,0.304,0.108,0,0,0.57,6
20,2025-08-13,0.0235,50.33,predicted,50.33,50.07,49.13,48.22,47.72,47.3,46.5,normal,drought,False,0.582,0.307,0.111,0,0,0.29,10
20,2025-08-14,0.0236,50.48,predicted,50.48,50.23,49.24,48.3,47.81,47.41,46.54,normal,drought,False,0.567,0.314,0.119,0,0,0.29,10
20,2025-08-15,0.0237,50.72,predicted,50.72,50.47,49.5,48.57,48.08,47.69,46.8,normal,drought,False,0.543,0.325,0.132,0,0,0.29,10
20,2025-08-16,0.0237,50.64,predicted,50.64,50.38,49.41,48.49,47.99,47.6,44.21,normal,drought,False,0.536,0.328,0.136,0,0,0.29,10
20,2025-08-17,0.0238,50.85,predicted,50.85,50.6,49.63,48.7,48.2,44.21,46.93,normal,drought,False,0.523,0.334,0.144,0,0,0.29,10
20,2025-08-18,0.0238,50.95,predicted,50.95,50.72,49.81,48.92,44.21,48.09,47.2,normal,drought,False,0.533,0.331,0.137,0,0,0.29,10
20,2025-08-19,0.0236,50.57,predicted,50.57,50.32,49.41,44.21,48.05,47.65,46.84,normal,drought,False,0.559,0.322,0.119,0,0,0.29,10
20,2025-08-20,0.0236,50.5,predicted,50.5,50.22,44.21,48.5,48.0,47.53,46.82,normal,drought,False,0.569,0.318,0.113,0,0,0.29,10
20,2025-08-21,0.0236,50.51,predicted,50.51,44.21,49.28,48.34,47.83,47.37,46.6,normal,drought,False,0.572,0.317,0.111,0,0,0.29,10
20,2025-08-22,0.0207,44.21,observed,44.21,50.21,49.22,48.18,47.66,47.24,46.39,normal,drought,False,0.574,0.317,0.109,0,0,0.29,10
20,2025-08-23,0.0198,42.32,predicted,42.32,42.23,41.65,41.14,40.95,40.88,40.36,normal,drought,False,0.579,0.314,0.106,0,0,0.57,6
20,2025-08-24,0.0194,41.51,predicted,41.51,41.45,40.86,40.39,40.23,40.19,39.66,normal,drought,False,0.578,0.315,0.107,0,0,0.57,6
20,2025-08-25,0.0197,42.05,predicted,42.05,41.79,40.8,39.92,39.6,39.29,38.6,normal,drought,False,0.574,0.317,0.108,0,0,0.29,10
20,2025-08-26,0.0197,42.24,predicted,42.24,41.97,40.94,39.97,39.64,39.35,38.6,normal,drought,False,0.578,0.316,0.106,0,0,0.29,10
20,2025-08-27,0.0196,41.87,predicted,41.87,41.6,40.64,39.76,39.45,39.12,38.46,normal,drought,False,0.58,0.314,0.106,0,0,0.29,10
20,2025-08-28,0.0195,41.78,predicted,41.78,41.51,40.55,39.7,39.39,39.03,24.03,normal,drought,False,0.581,0.314,0.106,0,0,0.29,10
20,2025-08-29,0.0195,41.81,predicted,41.81,41.55,40.57,39.71,39.41,24.03,38.41,normal,drought,False,0.583,0.311,0.105,0,0,0.29,10
20,2025-08-30,0.0196,41.89,predicted,41.89,41.63,40.63,39.75,24.03,39.1,38.44,normal,drought,False,0.59,0.307,0.103,0,0,0.29,10
20,2025-08-31,0.0196,41.88,predicted,41.88,41.62,40.62,24.03,39.43,39.12,38.41,normal,drought,False,0.591,0.306,0.104,0,0,0.29,10
21,2025-03-01,0.0263,37.39,predicted,37.39,37.52,36.75,36.56,36.5,36.65,34.7,normal,drought,False,0.653,0.244,0.103,0,0,0.29,10
21,2025-03-02,0.0267,37.98,predicted,37.98,38.16,37.42,37.27,37.21,34.7,36.62,normal,drought,False,0.657,0.237,0.106,0,0,0.29,10
21,2025-03-03,0.0269,38.17,predicted,38.17,38.35,37.67,37.54,34.7,37.7,36.95,normal,drought,False,0.662,0.231,0.107,0,0,0.29,10
21,2025-03-04,0.027,38.34,predicted,38.34,38.49,37.82,34.7,37.51,37.69,37.0,normal,drought,False,0.662,0.23,0.108,0,0,0.29,10
21,2025-03-05,0.0269,38.22,predicted,38.22,38.3,34.7,37.33,37.21,37.28,36.69,normal,drought,False,0.661,0.233,0.106,0,0,0.29,10
21,2025-03-06,0.0266,37.76,predicted,37.76,34.7,37.08,36.72,36.59,36.52,36.05,normal,drought,False,0.662,0.234,0.104,0,0,0.29,10
21,2025-03-07,0.0244,34.7,observed,34.7,37.28,36.56,36.14,36.0,35.84,35.42,normal,drought,False,0.663,0.235,0.102,0,0,0.29,10
21,2025-03-08,0.0229,32.52,predicted,32.52,32.59,32.06,31.86,31.92,31.9,31.69,normal,drought,False,0.662,0.238,0.1,0,0,0.57,6
21,2025-03-09,0.0223,31.75,predicted,31.75,31.79,31.24,31.05,31.13,31.08,30.88,normal,drought,False,0.661,0.239,0.1,0,0,0.57,6
21,2025-03-10,0.0224,31.84,predicted,31.84,31.81,31.07,30.74,30.76,30.62,30.32,normal,drought,False,0.657,0.241,0.101,0,0,0.29,10
21,2025-03-11,0.0227,32.24,predicted,32.24,32.28,31.44,31.08,31.15,31.16,30.58,normal,drought,False,0.648,0.245,0.107,0,0,0.29,10
21,2025-03-12,0.0231,32.75,predicted,32.75,32.96,32.15,32.1,32.21,32.45,31.68,normal,drought,False,0.644,0.241,0.116,0,0,0.29,10
21,2025-03-13,0.0237,33.67,predicted,33.67,33.9,33.15,33.06,33.15,33.46,41.22,normal,drought,False,0.64,0.24,0.12,0,0,0.29,10
21,2025-03-14,0.0238,33.83,predicted,33.83,34.01,33.37,33.23,33.28,41.22,32.92,normal,drought,False,0.64,0.241,0.119,0,0,0.29,10
21,2025-03-15,0.0238,33.81,predicted,33.81,33.94,33.35,33.13,41.22,33.36,32.85,normal,drought,False,0.647,0.241,0.112,0,0,0.29,10
21,2025-03-16,0.0235,33.34,predicted,33.34,33.44,32.86,41.22,32.7,32.8,32.39,normal,drought,False,0.663,0.235,0.102,0,0,0.29,10
21,2025-03-17,0.0233,33.12,predicted,33.12,33.27,41.22,32.48,32.54,32.7,32.16,normal,drought,False,0.67,0.229,0.101,0,0,0.29,10
21,2025-03-18,0.0233,33.13,predicted,33.13,41.22,32.63,32.5,32.55,32.73,32.2,normal,drought,False,0.671,0.228,0.101,0,0,0.29,10
21,2025-03-19,0.029,41.22,observed,41.22,33.48,32.8,32.53,32.56,32.69,32.19,normal,drought,False,0.668,0.231,0.1,0,0,0.29,10
21,2025-03-20,0.0283,40.24,predicted,40.24,40.12,39.11,38.48,38.21,38.0,37.24,normal,drought,False,0.668,0.231,0.101,0,0,0.57,6
21,2025-03-21,0.0287,40.81,predicted,40.81,40.67,39.6,38.85,38.56,38.33,37.53,normal,drought,False,0.665,0.234,0.101,0,0,0.57,6
21,2025-03-22,0.0282,40.07,predicted,40.07,39.97,39.06,38.41,38.19,38.04,37.36,normal,drought,False,0.657,0.242,0.101,0,0,0.29,10
21,2025-03-23,0.0281,39.97,predicted,39.97,39.86,38.92,38.24,38.02,37.87,37.16,normal,drought,False,0.65,0.247,0.104,0,0,0.29,10
21,2025-03-24,0.0281,39.97,predicted,39.97,39.86,38.93,38.24,38.04,37.88,37.18,normal,drought,False,0.638,0.253,0.109,0,0,0.29,10
21,2025-03-25,0.0283,40.14,predicted,40.14,40.01,39.1,38.42,38.21,38.04,45.69,normal,drought,False,0.627,0.261,0.112,0,0,0.29,10
21,2025-03-26,0.0277,39.4,predicted,39.4,39.26,38.32,37.64,37.43,45.69,36.56,normal,drought,False,0.678,0.239,0.083,0,0,0.29,10
21,2025-03-27,0.0276,39.24,predicted,39.24,39.08,38.13,37.43,45.69,37.01,36.35,normal,drought,False,0.681,0.238,0.08,0,0,0.29,10
21,2025-03-28,0.0276,39.22,predicted,39.22,39.06,38.09,45.69,37.15,36.95,36.27,normal,drought,False,0.679,0.24,0.081,0,0,0.29,10
21,2025-03-29,0.0277,39.38,predicted,39.38,39.23,45.69,37.56,37.36,37.16,36.47,normal,drought,False,0.667,0.247,0.085,0,0,0.29,10
21,2025-03-30,0.0278,39.45,predicted,39.45,45.69,38.37,37.68,37.48,37.26,36.61,normal,drought,False,0.663,0.251,0.086,0,0,0.29,10
21,2025-03-31,0.0322,45.69,observed,45.69,39.13,38.19,37.47,37.26,37.01,36.38,normal,drought,False,0.679,0.244,0.078,0,0,0.29,10
21,2025-04-01,0.0306,43.43,predicted,43.43,43.1,41.93,40.9,40.51,40.06,39.25,normal,drought,False,0.685,0.241,0.074,0,0,0.57,6
21,2025-04-02,0.031,44.06,predicted,44.06,43.78,42.59,41.59,41.21,40.84,39.9,normal,drought,False,0.68,0.243,0.077,0,0,0.57,6
21,2025-04-03,0.0306,43.54,predicted,43.54,43.39,42.36,41.61,41.3,41.14,40.22,normal,drought,False,0.696,0.233,0.071,0,0,0.29,10
21,2025-04-04,0.031,44.08,predicted,44.08,44.05,43.07,42.55,42.28,42.24,41.26,normal,drought,False,0.702,0.223,0.075,0,0,0.29,10
21,2025-04-05,0.032,45.48,predicted,45.48,45.6,44.69,44.4,44.16,44.27,43.2,normal,drought,False,0.697,0.216,0.087,0,0,0.29,10
21,2025-04-06,0.0322,45.73,predicted,45.73,45.85,45.01,44.72,44.45,44.53,47.96,normal,drought,False,0.691,0.213,0.096,0,0,0.29,10
21,2025-04-07,0.0325,46.22,predicted,46.22,46.35,45.59,45.37,45.08,47.96,44.26,normal,drought,False,0.684,0.208,0.107,0,0,0.29,10
21,2025-04-08,0.0326,46.32,predicted,46.32,46.4,45.63,45.29,47.96,44.96,44.14,normal,drought,False,0.676,0.209,0.116,0,0,0.29,10
21,2025-04-09,0.0321,45.67,predicted,45.67,45.65,44.85,47.96,43.98,43.83,43.11,normal,drought,False,0.672,0.21,0.118,0,0,0.29,10
21,2025-04-10,0.0317,44.97,predicted,44.97,44.86,47.96,43.32,42.96,42.71,42.03,normal,drought,False,0.67,0.214,0.117,0,0,0.29,10
21,2025-04-11,0.0311,44.17,predicted,44.17,47.96,43.09,42.36,42.01,41.72,41.01,normal,drought,False,0.666,0.216,0.118,0,0,0.29,10
21,2025-04-12,0.0338,47.96,observed,47.96,43.75,42.72,41.9,41.55,41.26,40.48,normal,drought,False,0.663,0.221,0.116,0,0,0.29,10
21,2025-04-13,0.0324,45.96,predicted,45.96,45.7,44.53,43.52,43.08,42.67,41.78,normal,drought,False,0.662,0.225,0.114,0,0,0.57,6
21,2025-04-14,0.0325,46.22,predicted,46.22,45.95,44.72,43.65,43.21,42.83,41.86,normal,drought,False,0.655,0.232,0.113,0,0,0.57,6
21,2025-04-15,0.0326,46.29,predicted,46.29,46.08,44.96,44.04,43.65,43.38,42.4,normal,drought,False,0.64,0.241,0.118,0,0,0.29,10
21,2025-04-16,0.0327,46.5,predicted,46.5,46.3,45.23,44.34,43.96,43.69,42.74,normal,drought,False,0.613,0.256,0.131,0,0,0.29,10
21,2025-04-17,0.0331,47.01,predicted,47.01,46.85,45.87,45.06,44.69,44.47,43.53,normal,drought,False,0.578,0.272,0.15,0,0,0.29,10
21,2025-04-18,0.0332,47.17,predicted,47.17,47.03,46.11,45.34,44.97,44.77,38.02,normal,drought,False,0.588,0.276,0.136,0,0,0.29,10
21,2025-04-19,0.0328,46.53,predicted,46.53,46.34,45.36,44.55,44.16,38.02,43.02,normal,drought,False,0.656,0.252,0.092,0,0,0.29,10
21,2025-04-20,0.0329,46.73,predicted,46.73,46.56,45.64,44.85,38.02,44.22,43.37,normal,drought,False,0.65,0.257,0.093,0,0,0.29,10
21,2025-04-21,0.0326,46.33,predicted,46.33,46.11,45.11,38.02,43.85,43.54,42.69,normal,drought,False,0.681,0.245,0.074,0,0,0.29,10
21,2025-04-22,0.0325,46.1,predicted,46.1,45.89,38.02,44.01,43.61,43.31,42.44,normal,drought,False,0.69,0.24,0.07,0,0,0.29,10
21,2025-04-23,0.0325,46.17,predicted,46.17,38.02,44.96,44.17,43.79,43.52,42.62,normal,drought,False,0.691,0.239,0.071,0,0,0.29,10
21,2025-04-24,0.0268,38.02,observed,38.02,46.19,45.15,44.33,43.95,43.71,42.77,normal,drought,False,0.686,0.241,0.073,0,0,0.29,10
21,2025-04-25,0.0257,36.53,predicted,36.53,36.64,36.09,35.86,35.88,36.07,35.54,normal,drought,False,0.693,0.237,0.07,0,0,0.57,6
21,2025-04-26,0.0252,35.76,predicted,35.76,35.9,35.39,35.23,35.28,35.5,35.01,normal,drought,False,0.697,0.233,0.07,0,0,0.57,6
21,2025-04-27,0.0256,36.41,predicted,36.41,36.41,35.6,35.14,35.06,35.1,34.47,normal,drought,False,0.699,0.231,0.07,0,0,0.29,10
21,2025-04-28,0.0257,36.49,predicted,36.49,36.51,35.72,35.32,35.24,35.3,34.65,normal,drought,False,0.7,0.229,0.071,0,0,0.29,10
21,2025-04-29,0.026,36.95,predicted,36.95,37.03,36.23,35.93,35.86,35.96,35.29,normal,drought,False,0.706,0.222,0.072,0,0,0.29,10
21,2025-04-30,0.0263,37.33,predicted,37.33,37.49,36.72,36.53,36.48,36.67,45.0,normal,drought,False,0.706,0.216,0.077,0,0,0.29,10
21,2025-05-01,0.0263,37.42,predicted,37.42,37.62,36.88,36.73,36.7,45.0,36.19,normal,drought,False,0.703,0.213,0.084,0,0,0.29,10
21,2025-05-02,0.0265,37.67,predicted,37.67,37.81,37.1,36.81,45.0,36.96,36.27,normal,drought,False,0.699,0.215,0.086,0,0,0.29,10
21,2025-05-03,0.0262,37.27,predicted,37.27,37.35,36.66,45.0,36.2,36.31,35.73,normal,drought,False,0.696,0.217,0.087,0,0,0.29,10
21,2025-05-04,0.026,36.95,predicted,36.95,36.97,45.0,35.79,35.68,35.72,35.17,normal,drought,False,0.693,0.22,0.087,0,0,0.29,10
21,2025-05-05,0.026,36.98,predicted,36.98,45.0,36.17,35.62,35.49,35.45,34.92,normal,drought,False,0.687,0.227,0.086,0,0,0.29,10
21,2025-05-06,0.0317,45.0,observed,45.0,36.98,36.16,35.64,35.52,35.43,34.88,normal,drought,False,0.689,0.227,0.084,0,0,0.29,10
21,2025-05-07,0.0309,43.83,predicted,43.83,43.57,42.36,41.38,40.97,40.57,39.7,normal,drought,False,0.692,0.226,0.082,0,0,0.57,6
21,2025-05-08,0.031,44.1,predicted,44.1,43.84,42.61,41.58,41.18,40.81,39.86,normal,drought,False,0.69,0.227,0.083,0,0,0.57,6
21,2025-05-09,0.0306,43.53,predicted,43.53,43.37,42.32,41.5,41.19,40.98,40.11,normal,drought,False,0.686,0.231,0.084,0,0,0.29,10
21,2025-05-10,0.0307,43.59,predicted,43.59,43.41,42.35,41.48,41.16,40.95,40.07,normal,drought,False,0.679,0.237,0.085,0,0,0.29,10
21,2025-05-11,0.0307,43.63,predicted,43.63,43.45,42.42,41.57,41.25,41.02,40.18,normal,drought,False,0.666,0.245,0.089,0,0,0.29,10
21,2025-05-12,0.0307,43.65,predicted,43.65,43.46,42.5,41.7,41.38,41.13,30.16,normal,drought,False,0.654,0.253,0.093,0,0,0.29,10
21,2025-05-13,0.0307,43.56,predicted,43.56,43.35,42.37,41.52,41.2,30.16,40.14,normal,drought,False,0.651,0.258,0.091,0,0,0.29,10
21,2025-05-14,0.0305,43.34,predicted,43.34,43.1,42.06,41.15,30.16,40.5,39.71,normal,drought,False,0.669,0.253,0.079,0,0,0.29,10
21,2025-05-15,0.0302,42.89,predicted,42.89,42.64,41.58,30.16,40.31,39.99,39.21,normal,drought,False,0.691,0.242,0.067,0,0,0.29,10
21,2025-05-16,0.0302,42.86,predicted,42.86,42.6,30.16,40.6,40.27,39.96,39.17,normal,drought,False,0.69,0.244,0.066,0,0,0.29,10
21,2025-05-17,0.0301,42.8,predicted,42.8,30.16,41.49,40.56,40.24,39.96,39.14,normal,drought,False,0.692,0.243,0.065,0,0,0.29,10
21,2025-05-18,0.0212,30.16,observed,30.16,42.4,41.34,40.53,40.23,40.1,39.16,normal,drought,False,0.696,0.237,0.067,0,0,0.29,10
21,2025-05-19,0.0201,28.51,predicted,28.51,28.85,28.6,28.85,29.19,29.67,29.36,normal,drought,False,0.691,0.238,0.071,0,0,0.57,6
21,2025-05-20,0.0194,27.62,predicted,27.62,28.05,27.88,28.32,28.71,29.27,28.97,normal,drought,False,0.694,0.234,0.072,0,0,0.57,6
21,2025-05-21,0.0202,28.65,predicted,28.65,28.85,28.3,28.19,28.36,28.73,28.25,normal,drought,False,0.696,0.233,0.071,0,0,0.29,10
21,2025-05-22,0.0201,28.59,predicted,28.59,28.77,28.26,28.11,28.26,28.6,28.19,normal,drought,False,0.699,0.231,0.07,0,0,0.29,10
21,2025-05-23,0.0201,28.59,predicted,28.59,28.72,28.22,27.98,28.11,28.4,28.06,normal,drought,False,0.7,0.232,0.068,0,0,0.29,10
21,2025-05-24,0.0199,28.32,predicted,28.32,28.39,27.88,27.59,27.7,27.9,26.52,normal,drought,False,0.698,0.234,0.068,0,0,0.29,10
21,2025-05-25,0.0197,28.05,predicted,28.05,28.12,27.55,27.26,27.39,26.52,27.24,normal,drought,False,0.699,0.233,0.068,0,0,0.29,10
21,2025-05-26,0.0198,28.08,predicted,28.08,28.16,27.54,27.23,26.52,27.56,27.18,normal,drought,False,0.698,0.234,0.067,0,0,0.29,10
21,2025-05-27,0.0198,28.08,predicted,28.08,28.16,27.57,26.52,27.39,27.6,27.26,normal,drought,False,0.699,0.234,0.067,0,0,0.29,10
21,2025-05-28,0.0198,28.08,predicted,28.08,28.16,26.52,27.29,27.42,27.62,27.28,normal,drought,False,0.699,0.235,0.067,0,0,0.29,10
21,2025-05-29,0.0198,28.09,predicted,28.09,26.52,27.58,27.24,27.35,27.49,27.26,normal,drought,False,0.694,0.239,0.067,0,0,0.29,10
21,2025-05-30,0.0187,26.52,observed,26.52,27.98,27.41,27.04,27.15,27.22,27.04,normal,drought,False,0.688,0.243,0.07,0,0,0.29,10
21,2025-05-31,0.0172,24.37,predicted,24.37,24.52,24.08,23.97,24.24,24.44,24.3,normal,drought,False,0.675,0.248,0.077,0,0,0.57,6
21,2025-06-01,0.017,24.15,predicted,24.15,24.3,23.84,23.67,23.94,24.17,24.01,normal,drought,False,0.68,0.247,0.073,0,0,0.57,6
21,2025-06-02,0.0173,24.63,predicted,24.63,24.67,24.08,23.76,23.94,24.11,23.85,normal,drought,False,0.677,0.25,0.073,0,0,0.29,10
21,2025-06-03,0.0171,24.33,predicted,24.33,24.38,23.85,23.54,23.72,23.9,23.71,normal,drought,False,0.694,0.241,0.065,0,0,0.29,10
21,2025-06-04,0.0171,24.32,predicted,24.32,24.36,23.83,23.51,23.69,23.85,23.69,normal,drought,False,0.695,0.241,0.064,0,0,0.29,10
21,2025-06-05,0.017,24.09,predicted,24.09,24.13,23.63,23.33,23.51,23.66,13.73,normal,drought,False,0.698,0.239,0.063,1,0,0.29,10
21,2025-06-06,0.017,24.18,predicted,24.18,24.22,23.67,23.35,23.54,13.73,23.51,normal,drought,False,0.697,0.239,0.064,1,0,0.29,10
21,2025-06-07,0.017,24.14,predicted,24.14,24.18,23.65,23.35,13.73,23.68,23.52,normal,drought,False,0.694,0.241,0.065,1,0,0.29,10
21,2025-06-08,0.0169,23.97,predicted,23.97,24.0,23.51,13.73,23.39,23.52,23.42,normal,drought,False,0.697,0.239,0.064,1,0,0.29,10
21,2025-06-09,0.0168,23.89,predicted,23.89,23.91,13.73,23.08,23.25,23.35,23.28,normal,drought,False,0.698,0.238,0.064,1,0,0.29,10
21,2025-06-10,0.0168,23.9,predicted,23.9,13.73,23.38,23.02,23.19,23.26,23.19,normal,drought,False,0.697,0.238,0.065,1,0,0.29,10
21,2025-06-11,0.0097,13.73,observed,13.73,23.85,23.24,22.96,23.16,23.25,23.07,drought,drought,True,0.7,0.235,0.065,1,0,0.29,10
21,2025-06-12,0.0086,12.28,predicted,12.28,12.77,13.13,13.83,14.42,14.88,15.41,drought,drought,True,0.7,0.233,0.067,7,0,0.57,6
21,2025-06-13,0.0082,11.7,predicted,11.7,12.19,12.63,13.21,13.75,14.32,14.89,drought,drought,True,0.697,0.235,0.068,7,0,0.57,6
21,2025-06-14,0.0084,11.89,predicted,11.89,11.96,11.73,11.59,11.91,12.19,12.34,drought,drought,True,0.703,0.231,0.067,7,0,0.29,10
21,2025-06-15,0.0083,11.78,predicted,11.78,11.94,11.7,11.92,12.36,12.57,12.63,drought,drought,True,0.706,0.226,0.069,7,0,0.29,10
21,2025-06-16,0.0082,11.67,predicted,11.67,11.87,11.66,12.01,12.48,12.71,12.73,drought,drought,True,0.704,0.224,0.072,7,0,0.29,10
21,2025-06-17,0.0083,11.8,predicted,11.8,12.06,11.88,12.41,12.91,13.16,11.84,drought,drought,True,0.702,0.222,0.075,7,0,0.29,10
21,2025-06-18,0.0086,12.25,predicted,12.25,12.51,12.33,12.74,13.22,11.84,13.47,drought,drought,True,0.699,0.223,0.078,7,0,0.29,10
21,2025-06-19,0.0088,12.47,predicted,12.47,12.65,12.51,12.56,11.84,13.36,13.38,drought,drought,True,0.697,0.226,0.077,7,0,0.29,10
21,2025-06-20,0.0086,12.28,predicted,12.28,12.38,12.25,11.84,12.41,12.83,12.98,drought,drought,True,0.694,0.229,0.077,7,0,0.29,10
21,2025-06-21,0.0085,12.13,predicted,12.13,12.19,11.84,11.82,12.11,12.46,12.66,drought,drought,True,0.692,0.232,0.076,7,0,0.29,10
21,2025-06-22,0.0086,12.15,predicted,12.15,11.84,11.99,11.77,12.07,12.37,12.57,drought,drought,True,0.691,0.234,0.075,7,0,0.29,10
21,2025-06-23,0.0083,11.84,observed,11.84,12.28,12.04,11.76,12.05,12.34,12.54,drought,drought,True,0.689,0.237,0.074,7,0,0.29,10
21,2025-06-24,0.0076,10.79,predicted,10.79,10.84,10.69,10.42,10.69,11.0,11.27,drought,drought,True,0.684,0.242,0.074,7,0,0.57,6
21,2025-06-25,0.0074,10.58,predicted,10.58,10.57,10.44,10.06,10.29,10.59,10.9,drought,drought,True,0.681,0.245,0.074,7,0,0.57,6
21,2025-06-26,0.0074,10.52,predicted,10.52,10.51,10.31,9.89,10.14,10.44,10.7,drought,drought,True,0.686,0.243,0.072,7,0,0.29,10
21,2025-06-27,0.0073,10.41,predicted,10.41,10.41,10.17,9.84,10.12,10.38,10.6,drought,drought,True,0.679,0.246,0.075,7,0,0.29,10
21,2025-06-28,0.0074,10.48,predicted,10.48,10.44,10.19,9.8,10.05,10.3,10.51,drought,drought,True,0.667,0.254,0.079,7,0,0.29,10
21,2025-06-29,0.0073,10.39,predicted,10.39,10.37,10.1,9.81,10.1,10.32,14.98,drought,drought,True,0.675,0.251,0.074,7,0,0.29,10
21,2025-06-30,0.0074,10.52,predicted,10.52,10.49,10.24,9.86,10.12,14.98,10.56,drought,drought,True,0.679,0.25,0.071,7,0,0.29,10
21,2025-07-01,0.0075,10.58,predicted,10.58,10.54,10.34,9.87,14.98,10.39,10.64,drought,drought,True,0.688,0.245,0.066,7,0,0.29,10
21,2025-07-02,0.0073,10.42,predicted,10.42,10.39,10.23,14.98,9.93,10.27,10.57,drought,drought,True,0.696,0.24,0.064,7,0,0.29,10
21,2025-07-03,0.0073,10.36,predicted,10.36,10.32,14.98,9.61,9.83,10.15,10.46,drought,drought,True,0.697,0.239,0.064,7,0,0.29,10
21,2025-07-04,0.0073,10.43,predicted,10.43,14.98,10.17,9.63,9.84,10.15,10.44,drought,drought,True,0.696,0.24,0.064,7,0,0.29,10
21,2025-07-05,0.0105,14.98,observed,14.98,10.36,10.16,9.57,9.76,10.08,10.38,drought,drought,True,0.696,0.24,0.064,7,0,0.29,10
21,2025-07-06,0.0092,13.05,predicted,13.05,12.95,12.56,11.95,12.14,12.34,12.54,drought,drought,True,0.695,0.241,0.064,7,0,0.57,6
21,2025-07-07,0.0093,13.2,predicted,13.2,13.09,12.71,12.08,12.26,12.45,12.65,drought,drought,True,0.695,0.241,0.064,7,0,0.57,6
21,2025-07-08,0.0092,13.04,predicted,13.04,12.97,12.67,12.07,12.25,12.47,12.75,drought,drought,True,0.693,0.242,0.064,7,0,0.29,10
21,2025-07-09,0.0092,13.13,predicted,13.13,13.05,12.73,12.11,12.28,12.49,12.76,drought,drought,True,0.692,0.243,0.065,7,0,0.29,10
21,2025-07-10,0.0093,13.28,predicted,13.28,13.18,12.82,12.19,12.37,12.55,12.78,drought,drought,True,0.688,0.247,0.065,7,0,0.29,10
21,2025-07-11,0.0095,13.47,predicted,13.47,13.4,12.98,12.37,12.59,12.77,13.46,drought,drought,True,0.686,0.25,0.064,7,0,0.29,10
21,2025-07-12,0.0093,13.28,predicted,13.28,13.19,12.83,12.23,12.42,13.46,12.81,drought,drought,True,0.686,0.251,0.063,7,0,0.29,10
21,2025-07-13,0.0093,13.25,predicted,13.25,13.19,12.81,12.25,13.46,12.66,12.84,drought,drought,True,0.687,0.25,0.062,7,0,0.29,10
21,2025-07-14,0.0092,13.01,predicted,13.01,12.95,12.61,13.46,12.27,12.48,12.69,drought,drought,True,0.688,0.25,0.062,7,0,0.29,10
21,2025-07-15,0.0091,12.91,predicted,12.91,12.85,13.46,11.98,12.21,12.4,12.62,drought,drought,True,0.688,0.248,0.063,7,0,0.29,10
21,2025-07-16,0.0091,12.97,predicted,12.97,13.46,12.57,12.03,12.24,12.45,12.68,drought,drought,True,0.69,0.248,0.063,7,0,0.29,10
21,2025-07-17,0.0095,13.46,observed,13.46,12.78,12.4,12.0,12.28,12.44,12.61,drought,drought,True,0.693,0.244,0.063,7,0,0.29,10
21,2025-07-18,0.0082,11.68,predicted,11.68,11.69,11.37,10.98,11.27,11.52,11.7,drought,drought,True,0.691,0.245,0.063,7,0,0.57,6
21,2025-07-19,0.0082,11.63,predicted,11.63,11.66,11.35,11.0,11.31,11.57,11.73,drought,drought,True,0.693,0.244,0.063,7,0,0.57,6
21,2025-07-20,0.0082,11.62,predicted,11.62,11.62,11.32,10.93,11.22,11.5,11.65,drought,drought,True,0.692,0.245,0.063,7,0,0.29,10
21,2025-07-21,0.0081,11.49,predicted,11.49,11.53,11.21,10.95,11.28,11.54,11.67,drought,drought,True,0.695,0.242,0.063,7,0,0.29,10
21,2025-07-22,0.008,11.42,predicted,11.42,11.47,11.19,10.96,11.29,11.56,11.71,drought,drought,True,0.701,0.237,0.062,7,0,0.29,10
21,2025-07-23,0.008,11.39,predicted,11.39,11.45,11.2,10.99,11.32,11.6,11.45,drought,drought,True,0.705,0.233,0.061,7,0,0.29,10
21,2025-07-24,0.0081,11.5,predicted,11.5,11.57,11.33,11.14,11.47,11.45,11.93,drought,drought,True,0.707,0.231,0.062,7,0,0.29,10
21,2025-07-25,0.0081,11.49,predicted,11.49,11.55,11.31,11.07,11.45,11.68,11.88,drought,drought,True,0.704,0.232,0.064,7,0,0.29,10
21,2025-07-26,0.0081,11.52,predicted,11.52,11.57,11.36,11.45,11.38,11.68,11.9,drought,drought,True,0.704,0.231,0.066,7,0,0.29,10
21,2025-07-27,0.0081,11.47,predicted,11.47,11.52,11.45,11.05,11.37,11.64,11.84,drought,drought,True,0.701,0.232,0.067,7,0,0.29,10
21,2025-07-28,0.0083,11.75,predicted,11.75,11.45,11.54,11.18,11.44,11.75,11.99,drought,drought,True,0.699,0.233,0.067,7,0,0.29,10
21,2025-07-29,0.0081,11.45,observed,11.45,11.86,11.62,11.19,11.43,11.74,12.0,drought,drought,True,0.699,0.234,0.067,7,0,0.29,10
21,2025-07-30,0.0073,10.38,predicted,10.38,10.38,10.25,9.76,9.98,10.33,10.68,drought,drought,True,0.696,0.237,0.067,7,0,0.57,6
21,2025-07-31,0.0073,10.36,predicted,10.36,10.35,10.21,9.66,9.87,10.23,10.57,drought,drought,True,0.694,0.241,0.066,7,0,0.57,6
21,2025-08-01,0.0072,10.29,predicted,10.29,10.24,10.01,9.44,9.67,9.98,10.25,drought,drought,True,0.693,0.242,0.066,7,0,0.29,10
21,2025-08-02,0.0071,10.13,predicted,10.13,10.15,9.83,9.52,9.86,10.09,10.24,drought,drought,True,0.693,0.241,0.067,7,0,0.29,10
21,2025-08-03,0.007,9.96,predicted,9.96,10.02,9.71,9.58,9.97,10.19,10.28,drought,drought,True,0.692,0.241,0.068,7,0,0.29,10
21,2025-08-04,0.0067,9.51,predicted,9.51,9.62,9.37,9.5,9.95,10.16,9.5,drought,drought,True,0.692,0.239,0.069,7,0,0.29,10
21,2025-08-05,0.0071,10.09,predicted,10.09,10.24,9.99,10.14,10.59,9.5,10.86,drought,drought,True,0.696,0.233,0.07,7,0,0.29,10
21,2025-08-06,0.0069,9.78,predicted,9.78,9.89,9.73,9.77,9.5,10.49,10.59,drought,drought,True,0.696,0.233,0.072,7,0,0.29,10
21,2025-08-07,0.0069,9.79,predicted,9.79,9.86,9.72,9.5,9.91,10.28,10.47,drought,drought,True,0.695,0.233,0.072,7,0,0.29,10
21,2025-08-08,0.0069,9.77,predicted,9.77,9.81,9.5,9.44,9.74,10.1,10.34,drought,drought,True,0.695,0.234,0.072,7,0,0.29,10
21,2025-08-09,0.0069,9.77,predicted,9.77,9.5,9.63,9.39,9.69,10.01,10.25,drought,drought,True,0.695,0.234,0.071,7,0,0.29,10
21,2025-08-10,0.0067,9.5,observed,9.5,9.83,9.63,9.39,9.71,10.03,10.25,drought,drought,True,0.698,0.233,0.07,7,0,0.29,10
21,2025-08-11,0.0058,8.18,predicted,8.18,8.22,8.14,7.85,8.15,8.52,8.83,drought,drought,True,0.699,0.232,0.068,7,0,0.57,6
21,2025-08-12,0.0056,7.94,predicted,7.94,7.99,7.92,7.61,7.91,8.29,8.63,drought,drought,True,0.701,0.231,0.067,7,0,0.57,6
21,2025-08-13,0.0056,8.0,predicted,8.0,8.03,7.91,7.55,7.85,8.23,8.52,drought,drought,True,0.703,0.23,0.068,7,0,0.29,10
21,2025-08-14,0.0057,8.13,predicted,8.13,8.16,8.03,7.68,7.99,8.35,8.62,drought,drought,True,0.699,0.231,0.07,7,0,0.29,10
21,2025-08-15,0.0058,8.23,predicted,8.23,8.23,8.12,7.73,8.0,8.37,8.65,drought,drought,True,0.694,0.234,0.072,7,0,0.29,10
21,2025-08-16,0.0057,8.14,predicted,8.14,8.13,8.0,7.61,7.88,8.23,7.03,drought,drought,True,0.689,0.237,0.074,7,0,0.29,10
21,2025-08-17,0.0058,8.19,predicted,8.19,8.16,8.01,7.58,7.84,7.03,8.45,drought,drought,True,0.683,0.241,0.076,7,0,0.29,10
21,2025-08-18,0.0058,8.28,predicted,8.28,8.28,8.12,7.72,7.03,8.37,8.61,drought,drought,True,0.684,0.241,0.076,7,0,0.29,10
21,2025-08-19,0.0058,8.18,predicted,8.18,8.16,8.03,7.03,7.83,8.21,8.49,drought,drought,True,0.695,0.236,0.07,7,0,0.29,10
21,2025-08-20,0.0058,8.29,predicted,8.29,8.25,7.03,7.56,7.76,8.2,8.53,drought,drought,True,0.697,0.234,0.069,7,0,0.29,10
21,2025-08-21,0.0059,8.42,predicted,8.42,7.03,8.24,7.6,7.81,8.23,8.55,drought,drought,True,0.695,0.236,0.07,7,0,0.29,10
21,2025-08-22,0.0049,7.03,observed,7.03,8.58,8.4,7.74,7.97,8.38,8.64,drought,drought,True,0.691,0.241,0.069,7,0,0.29,10
21,2025-08-23,0.0047,6.65,predicted,6.65,6.61,6.53,5.92,6.17,6.62,6.92,drought,drought,True,0.692,0.24,0.068,7,0,0.57,6
21,2025-08-24,0.0043,6.15,predicted,6.15,6.12,6.05,5.52,5.8,6.22,6.52,drought,drought,True,0.691,0.24,0.068,7,0,0.57,6
21,2025-08-25,0.0044,6.23,predicted,6.23,6.18,6.11,5.43,5.68,6.19,6.47,drought,drought,True,0.69,0.242,0.068,7,0,0.29,10
21,2025-08-26,0.0044,6.28,predicted,6.28,6.23,6.13,5.47,5.73,6.23,6.49,drought,drought,True,0.688,0.243,0.069,7,0,0.29,10
21,2025-08-27,0.0043,6.08,predicted,6.08,6.02,5.95,5.29,5.55,6.05,6.32,drought,drought,True,0.691,0.241,0.068,7,0,0.29,10
21,2025-08-28,0.0042,5.96,predicted,5.96,5.91,5.84,5.18,5.43,5.93,4.06,drought,drought,True,0.692,0.24,0.069,7,0,0.29,10
21,2025-08-29,0.0042,5.92,predicted,5.92,5.87,5.79,5.15,5.42,4.06,6.19,drought,drought,True,0.694,0.237,0.069,7,0,0.29,10
21,2025-08-30,0.0043,6.05,predicted,6.05,6.01,5.92,5.25,4.06,6.02,6.29,drought,drought,True,0.696,0.236,0.068,7,0,0.29,10
21,2025-08-31,0.0042,6.01,predicted,6.01,5.97,5.87,4.06,5.53,6.01,6.27,drought,drought,True,0.696,0.236,0.069,7,0,0.29,10
22,2025-03-01,0.3537,70.5,predicted,70.5,70.45,70.54,70.75,69.97,69.81,42.91,normal,drought,False,0.662,0.237,0.101,0,0,0.29,10
22,2025-03-02,0.3553,70.82,predicted,70.82,70.79,70.89,71.11,70.32,42.91,69.18,normal,drought,False,0.666,0.23,0.104,0,0,0.29,10
22,2025-03-03,0.3549,70.73,predicted,70.73,70.7,70.84,71.07,42.91,70.15,69.18,normal,drought,False,0.671,0.225,0.105,0,0,0.29,10
22,2025-03-04,0.3544,70.64,predicted,70.64,70.61,70.76,42.91,70.2,70.02,69.12,normal,drought,False,0.671,0.225,0.105,0,0,0.29,10
22,2025-03-05,0.3531,70.37,predicted,70.37,70.32,42.91,70.71,69.92,69.69,68.89,normal,drought,False,0.67,0.227,0.103,0,0,0.29,10
22,2025-03-06,0.3511,69.97,predicted,69.97,42.91,70.09,70.29,69.5,69.21,68.51,normal,drought,False,0.67,0.229,0.101,0,0,0.29,10
22,2025-03-07,0.2153,42.91,observed,42.91,69.62,69.81,70.0,69.21,68.88,68.23,normal,drought,False,0.671,0.23,0.099,0,0,0.29,10
22,2025-03-08,0.2144,42.74,predicted,42.74,43.12,43.93,44.84,44.93,45.48,45.65,normal,drought,False,0.671,0.232,0.097,0,0,0.57,6
22,2025-03-09,0.2011,40.08,predicted,40.08,40.46,41.23,42.15,42.32,42.84,43.06,normal,drought,False,0.67,0.233,0.097,0,0,0.57,6
22,2025-03-10,0.2029,40.44,predicted,40.44,40.26,39.28,38.62,38.39,38.03,37.44,normal,drought,False,0.667,0.235,0.099,0,0,0.29,10
22,2025-03-11,0.2048,40.82,predicted,40.82,40.71,39.62,38.88,38.67,38.5,37.62,normal,drought,False,0.658,0.238,0.104,0,0,0.29,10
22,2025-03-12,0.2072,41.31,predicted,41.31,41.34,40.29,39.77,39.6,39.67,38.6,normal,drought,False,0.653,0.233,0.113,0,0,0.29,10
22,2025-03-13,0.2118,42.22,predicted,42.22,42.28,41.31,40.84,40.67,40.77,70.36,normal,drought,False,0.649,0.233,0.118,0,0,0.29,10
22,2025-03-14,0.2131,42.48,predicted,42.48,42.51,41.64,41.16,40.96,70.36,40.11,normal,drought,False,0.649,0.234,0.117,0,0,0.29,10
22,2025-03-15,0.2131,42.48,predicted,42.48,42.47,41.66,41.13,70.36,40.89,40.1,normal,drought,False,0.655,0.235,0.11,0,0,0.29,10
22,2025-03-16,0.2108,42.02,predicted,42.02,41.98,41.18,70.36,40.45,40.35,39.65,normal,drought,False,0.67,0.23,0.1,0,0,0.29,10
22,2025-03-17,0.2098,41.81,predicted,41.81,41.81,70.36,40.41,40.19,40.17,39.34,normal,drought,False,0.678,0.224,0.098,0,0,0.29,10
22,2025-03-18,0.2096,41.77,predicted,41.77,70.36,40.9,40.42,40.2,40.17,39.37,normal,drought,False,0.679,0.222,0.099,0,0,0.29,10
22,2025-03-19,0.353,70.36,observed,70.36,41.96,41.07,40.48,40.23,40.15,39.38,normal,drought,False,0.675,0.227,0.098,0,0,0.29,10
22,2025-03-20,0.3371,67.19,predicted,67.19,66.35,64.32,61.91,60.73,59.33,57.49,normal,drought,False,0.675,0.226,0.099,0,0,0.57,6
22,2025-03-21,0.3463,69.02,predicted,69.02,68.12,66.01,63.43,62.22,60.74,58.81,normal,drought,False,0.671,0.23,0.099,0,0,0.57,6
22,2025-03-22,0.3435,68.47,predicted,68.47,68.4,68.47,68.55,67.79,67.53,66.8,normal,drought,False,0.663,0.237,0.099,0,0,0.29,10
22,2025-03-23,0.3437,68.5,predicted,68.5,68.43,68.51,68.61,67.85,67.6,66.86,normal,drought,False,0.656,0.242,0.102,0,0,0.29,10
22,2025-03-24,0.3434,68.44,predicted,68.44,68.39,68.53,68.7,67.97,67.73,67.03,normal,drought,False,0.644,0.25,0.106,0,0,0.29,10
22,2025-03-25,0.3439,68.53,predicted,68.53,68.48,68.66,68.85,68.11,67.88,64.66,normal,drought,False,0.631,0.258,0.111,0,0,0.29,10
22,2025-03-26,0.3417,68.11,predicted,68.11,68.02,68.12,68.23,67.48,64.66,66.52,normal,drought,False,0.683,0.237,0.08,0,0,0.29,10
22,2025-03-27,0.3411,67.99,predicted,67.99,67.89,67.96,68.05,64.66,67.01,66.33,normal,drought,False,0.686,0.236,0.078,0,0,0.29,10
22,2025-03-28,0.3411,67.99,predicted,67.99,67.89,67.96,64.66,67.29,67.01,66.32,normal,drought,False,0.683,0.238,0.079,0,0,0.29,10
22,2025-03-29,0.3414,68.05,predicted,68.05,67.96,64.66,68.2,67.47,67.19,66.52,normal,drought,False,0.672,0.245,0.083,0,0,0.29,10
22,2025-03-30,0.3415,68.07,predicted,68.07,64.66,68.13,68.3,67.58,67.29,66.65,normal,drought,False,0.668,0.249,0.084,0,0,0.29,10
22,2025-03-31,0.3244,64.66,observed,64.66,67.88,67.99,68.1,67.36,67.05,66.41,normal,drought,False,0.683,0.242,0.075,0,0,0.29,10
22,2025-04-01,0.3099,61.78,predicted,61.78,61.82,62.13,62.49,61.94,61.88,61.49,normal,drought,False,0.688,0.24,0.072,0,0,0.57,6
22,2025-04-02,0.3094,61.66,predicted,61.66,61.74,62.04,62.42,61.88,61.91,61.42,normal,drought,False,0.683,0.242,0.075,0,0,0.57,6
22,2025-04-03,0.313,62.38,predicted,62.38,62.36,62.17,62.09,61.47,61.32,60.52,normal,drought,False,0.699,0.232,0.069,0,0,0.29,10
22,2025-04-04,0.3152,62.83,predicted,62.83,62.88,62.72,62.79,62.17,62.11,61.23,normal,drought,False,0.706,0.222,0.072,0,0,0.29,10
22,2025-04-05,0.3203,63.84,predicted,63.84,63.98,63.88,64.09,63.49,63.52,62.55,normal,drought,False,0.702,0.214,0.085,0,0,0.29,10
22,2025-04-06,0.3206,63.91,predicted,63.91,64.04,63.95,64.15,63.53,63.51,58.23,normal,drought,False,0.697,0.211,0.093,0,0,0.29,10
22,2025-04-07,0.3218,64.13,predicted,64.13,64.27,64.26,64.52,63.88,58.23,63.02,normal,drought,False,0.69,0.206,0.105,0,0,0.29,10
22,2025-04-08,0.3218,64.15,predicted,64.15,64.27,64.27,64.46,58.23,63.74,62.97,normal,drought,False,0.681,0.206,0.113,0,0,0.29,10
22,2025-04-09,0.3188,63.54,predicted,63.54,63.61,63.59,58.23,63.0,62.85,62.18,normal,drought,False,0.677,0.208,0.115,0,0,0.29,10
22,2025-04-10,0.3163,63.04,predicted,63.04,63.05,58.23,62.96,62.3,62.09,61.46,normal,drought,False,0.675,0.211,0.114,0,0,0.29,10
22,2025-04-11,0.3141,62.6,predicted,62.6,58.23,62.47,62.36,61.7,61.47,60.81,normal,drought,False,0.671,0.214,0.115,0,0,0.29,10
22,2025-04-12,0.2921,58.23,observed,58.23,62.37,62.17,61.99,61.32,61.08,60.38,normal,drought,False,0.668,0.218,0.114,0,0,0.29,10
22,2025-04-13,0.2813,56.07,predicted,56.07,56.17,56.21,56.33,55.89,55.91,55.45,normal,drought,False,0.667,0.222,0.111,0,0,0.57,6
22,2025-04-14,0.2797,55.74,predicted,55.74,55.83,55.78,55.81,55.37,55.4,54.87,normal,drought,False,0.66,0.23,0.11,0,0,0.57,6
22,2025-04-15,0.2829,56.39,predicted,56.39,56.24,55.46,54.76,54.19,53.9,52.93,normal,drought,False,0.645,0.239,0.116,0,0,0.29,10
22,2025-04-16,0.2838,56.57,predicted,56.57,56.44,55.73,55.12,54.55,54.27,53.35,normal,drought,False,0.616,0.254,0.13,0,0,0.29,10
22,2025-04-17,0.2863,57.06,predicted,57.06,56.98,56.41,55.93,55.38,55.16,54.28,normal,drought,False,0.579,0.27,0.15,0,0,0.29,10
22,2025-04-18,0.2869,57.18,predicted,57.18,57.12,56.62,56.19,55.65,55.46,42.83,normal,drought,False,0.588,0.275,0.137,0,0,0.29,10
22,2025-04-19,0.2837,56.54,predicted,56.54,56.44,55.87,55.37,54.81,42.83,53.73,normal,drought,False,0.659,0.251,0.09,0,0,0.29,10
22,2025-04-20,0.2847,56.74,predicted,56.74,56.65,56.16,55.72,42.83,54.93,54.14,normal,drought,False,0.652,0.257,0.091,0,0,0.29,10
22,2025-04-21,0.2826,56.33,predicted,56.33,56.2,55.59,42.83,54.47,54.18,53.36,normal,drought,False,0.684,0.245,0.071,0,0,0.29,10
22,2025-04-22,0.2818,56.16,predicted,56.16,56.02,42.83,54.79,54.21,53.91,53.07,normal,drought,False,0.693,0.239,0.067,0,0,0.29,10
22,2025-04-23,0.2824,56.28,predicted,56.28,42.83,55.5,54.97,54.4,54.13,53.25,normal,drought,False,0.694,0.238,0.068,0,0,0.29,10
22,2025-04-24,0.2149,42.83,observed,42.83,56.34,55.67,55.12,54.56,54.31,53.39,normal,drought,False,0.689,0.241,0.07,0,0,0.29,10
22,2025-04-25,0.2103,41.92,predicted,41.92,42.15,42.06,42.18,42.17,42.53,42.12,normal,drought,False,0.696,0.237,0.068,0,0,0.57,6
22,2025-04-26,0.2041,40.67,predicted,40.67,40.9,40.79,40.91,40.92,41.29,40.88,normal,drought,False,0.7,0.233,0.067,0,0,0.57,6
22,2025-04-27,0.2079,41.43,predicted,41.43,41.34,40.41,39.76,39.52,39.43,38.64,normal,drought,False,0.702,0.231,0.067,0,0,0.29,10
22,2025-04-28,0.2083,41.53,predicted,41.53,41.46,40.54,39.94,39.71,39.64,38.83,normal,drought,False,0.703,0.229,0.068,0,0,0.29,10
22,2025-04-29,0.2105,41.95,predicted,41.95,41.93,41.02,40.51,40.28,40.26,39.43,normal,drought,False,0.709,0.222,0.069,0,0,0.29,10
22,2025-04-30,0.2126,42.37,predicted,42.37,42.43,41.53,41.11,40.9,40.97,43.18,normal,drought,False,0.711,0.215,0.074,0,0,0.29,10
22,2025-05-01,0.2132,42.49,predicted,42.49,42.6,41.72,41.33,41.13,43.18,40.33,normal,drought,False,0.709,0.211,0.08,0,0,0.29,10
22,2025-05-02,0.2144,42.73,predicted,42.73,42.78,41.93,41.43,43.18,41.28,40.43,normal,drought,False,0.704,0.214,0.083,0,0,0.29,10
22,2025-05-03,0.2125,42.34,predicted,42.34,42.33,41.51,43.18,40.68,40.67,39.92,normal,drought,False,0.701,0.216,0.083,0,0,0.29,10
22,2025-05-04,0.2107,42.0,predicted,42.0,41.94,43.18,40.43,40.16,40.06,39.35,normal,drought,False,0.698,0.219,0.083,0,0,0.29,10
22,2025-05-05,0.2108,42.01,predicted,42.01,43.18,40.99,40.24,39.97,39.79,39.1,normal,drought,False,0.691,0.227,0.083,0,0,0.29,10
22,2025-05-06,0.2167,43.18,observed,43.18,41.88,40.94,40.22,39.94,39.73,39.02,normal,drought,False,0.693,0.226,0.081,0,0,0.29,10
22,2025-05-07,0.211,42.05,predicted,42.05,41.91,40.89,40.14,39.85,39.63,38.86,normal,drought,False,0.696,0.225,0.079,0,0,0.57,6
22,2025-05-08,0.2097,41.8,predicted,41.8,41.67,40.63,39.84,39.57,39.39,38.57,normal,drought,False,0.694,0.226,0.08,0,0,0.57,6
22,2025-05-09,0.2099,41.84,predicted,41.84,41.7,40.67,39.88,39.62,39.46,38.63,normal,drought,False,0.69,0.23,0.081,0,0,0.29,10
22,2025-05-10,0.2103,41.91,predicted,41.91,41.76,40.71,39.87,39.6,39.43,38.6,normal,drought,False,0.683,0.236,0.082,0,0,0.29,10
22,2025-05-11,0.2104,41.94,predicted,41.94,41.78,40.78,39.95,39.67,39.49,38.69,normal,drought,False,0.669,0.245,0.086,0,0,0.29,10
22,2025-05-12,0.2105,41.95,predicted,41.95,41.78,40.83,40.05,39.78,39.57,35.31,normal,drought,False,0.656,0.253,0.091,0,0,0.29,10
22,2025-05-13,0.21,41.85,predicted,41.85,41.65,40.69,39.87,39.6,35.31,38.62,normal,drought,False,0.653,0.258,0.089,0,0,0.29,10
22,2025-05-14,0.2089,41.63,predicted,41.63,41.4,40.39,39.5,35.31,38.94,38.19,normal,drought,False,0.671,0.253,0.076,0,0,0.29,10
22,2025-05-15,0.2067,41.2,predicted,41.2,40.96,39.92,35.31,38.73,38.45,37.71,normal,drought,False,0.693,0.243,0.064,0,0,0.29,10
22,2025-05-16,0.2065,41.16,predicted,41.16,40.92,35.31,38.97,38.68,38.42,37.66,normal,drought,False,0.692,0.245,0.064,0,0,0.29,10
22,2025-05-17,0.2063,41.11,predicted,41.11,35.31,39.83,38.93,38.65,38.41,37.63,normal,drought,False,0.693,0.244,0.063,0,0,0.29,10
22,2025-05-18,0.1772,35.31,observed,35.31,40.74,39.7,38.9,38.65,38.57,37.66,normal,drought,False,0.698,0.238,0.064,0,0,0.29,10
22,2025-05-19,0.1683,33.54,predicted,33.54,33.72,33.13,32.97,33.09,33.41,32.81,normal,drought,False,0.694,0.238,0.068,0,0,0.57,6
22,2025-05-20,0.1668,33.24,predicted,33.24,33.49,32.95,32.94,33.09,33.5,32.88,normal,drought,False,0.697,0.233,0.069,0,0,0.57,6
22,2025-05-21,0.1715,34.18,predicted,34.18,34.31,33.6,33.32,33.33,33.62,32.95,normal,drought,False,0.699,0.233,0.068,0,0,0.29,10
22,2025-05-22,0.1714,34.16,predicted,34.16,34.26,33.59,33.26,33.26,33.5,32.91,normal,drought,False,0.702,0.231,0.067,0,0,0.29,10
22,2025-05-23,0.1712,34.12,predicted,34.12,34.18,33.52,33.11,33.09,33.27,32.75,normal,drought,False,0.702,0.233,0.065,0,0,0.29,10
22,2025-05-24,0.1697,33.83,predicted,33.83,33.82,33.16,32.7,32.66,32.73,25.62,normal,drought,False,0.7,0.235,0.065,0,0,0.29,10
22,2025-05-25,0.1681,33.51,predicted,33.51,33.49,32.77,32.29,32.25,25.62,31.82,normal,drought,False,0.701,0.234,0.065,0,0,0.29,10
22,2025-05-26,0.168,33.49,predicted,33.49,33.48,32.7,32.19,25.62,32.25,31.69,normal,drought,False,0.701,0.235,0.065,0,0,0.29,10
22,2025-05-27,0.168,33.49,predicted,33.49,33.48,32.73,25.62,32.2,32.29,31.77,normal,drought,False,0.701,0.235,0.064,0,0,0.29,10
22,2025-05-28,0.1681,33.5,predicted,33.5,33.5,25.62,32.25,32.23,32.31,31.78,normal,drought,False,0.701,0.235,0.064,0,0,0.29,10
22,2025-05-29,0.1682,33.53,predicted,33.53,25.62,32.75,32.25,32.21,32.21,31.8,normal,drought,False,0.696,0.24,0.064,0,0,0.29,10
22,2025-05-30,0.1285,25.62,observed,25.62,33.32,32.58,32.04,32.0,31.94,31.57,normal,drought,False,0.69,0.242,0.067,0,0,0.29,10
22,2025-05-31,0.1189,23.71,predicted,23.71,23.97,23.72,23.78,24.15,24.48,24.45,normal,drought,False,0.678,0.248,0.074,0,0,0.57,6
22,2025-06-01,0.1155,23.02,predicted,23.02,23.29,23.04,23.08,23.46,23.83,23.81,normal,drought,False,0.683,0.247,0.071,0,0,0.57,6
22,2025-06-02,0.1195,23.82,predicted,23.82,23.86,23.3,22.98,23.17,23.36,23.13,normal,drought,False,0.679,0.25,0.071,0,0,0.29,10
22,2025-06-03,0.118,23.51,predicted,23.51,23.56,23.06,22.75,22.94,23.14,22.99,normal,drought,False,0.696,0.242,0.062,0,0,0.29,10
22,2025-06-04,0.1179,23.5,predicted,23.5,23.54,23.05,22.72,22.91,23.09,22.96,normal,drought,False,0.697,0.242,0.061,0,0,0.29,10
22,2025-06-05,0.1168,23.27,predicted,23.27,23.32,22.85,22.53,22.73,22.9,26.29,normal,drought,False,0.7,0.24,0.061,0,0,0.29,10
22,2025-06-06,0.1173,23.38,predicted,23.38,23.42,22.9,22.57,22.77,26.29,22.8,normal,drought,False,0.698,0.24,0.061,0,0,0.29,10
22,2025-06-07,0.117,23.32,predicted,23.32,23.37,22.87,22.56,26.29,22.93,22.8,normal,drought,False,0.695,0.242,0.063,0,0,0.29,10
22,2025-06-08,0.1161,23.14,predicted,23.14,23.18,22.71,26.29,22.61,22.77,22.69,normal,drought,False,0.699,0.24,0.061,0,0,0.29,10
22,2025-06-09,0.1157,23.06,predicted,23.06,23.08,26.29,22.28,22.46,22.58,22.55,normal,drought,False,0.7,0.238,0.061,0,0,0.29,10
22,2025-06-10,0.1158,23.08,predicted,23.08,26.29,22.58,22.23,22.41,22.5,22.46,normal,drought,False,0.699,0.238,0.062,0,0,0.29,10
22,2025-06-11,0.1319,26.29,observed,26.29,23.07,22.49,22.19,22.41,22.51,22.36,normal,drought,False,0.702,0.235,0.063,0,0,0.29,10
22,2025-06-12,0.1183,23.58,predicted,23.58,23.66,23.06,22.88,23.11,23.27,23.02,normal,drought,False,0.702,0.233,0.065,0,0,0.57,6
22,2025-06-13,0.121,24.11,predicted,24.11,24.21,23.65,23.43,23.64,23.87,23.61,normal,drought,False,0.7,0.234,0.065,0,0,0.57,6
22,2025-06-14,0.12,23.91,predicted,23.91,24.02,23.54,23.35,23.58,23.82,23.63,normal,drought,False,0.705,0.231,0.064,0,0,0.29,10
22,2025-06-15,0.1205,24.02,predicted,24.02,24.22,23.73,23.73,24.01,24.3,24.02,normal,drought,False,0.709,0.225,0.066,0,0,0.29,10
22,2025-06-16,0.1204,23.99,predicted,23.99,24.23,23.76,23.84,24.13,24.48,24.16,normal,drought,False,0.708,0.223,0.069,0,0,0.29,10
22,2025-06-17,0.1219,24.29,predicted,24.29,24.59,24.14,24.26,24.58,25.02,28.01,normal,drought,False,0.707,0.221,0.072,0,0,0.29,10
22,2025-06-18,0.124,24.71,predicted,24.71,25.01,24.57,24.62,24.92,28.01,24.99,normal,drought,False,0.704,0.222,0.075,0,0,0.29,10
22,2025-06-19,0.1246,24.84,predicted,24.84,25.08,24.73,24.68,28.01,25.4,25.12,normal,drought,False,0.702,0.224,0.074,0,0,0.29,10
22,2025-06-20,0.1233,24.58,predicted,24.58,24.74,24.39,28.01,24.44,24.77,24.64,normal,drought,False,0.698,0.228,0.074,0,0,0.29,10
22,2025-06-21,0.1218,24.27,predicted,24.27,24.36,28.01,23.73,23.91,24.11,24.05,normal,drought,False,0.695,0.231,0.073,0,0,0.29,10
22,2025-06-22,0.121,24.11,predicted,24.11,28.01,23.7,23.41,23.6,23.74,23.66,normal,drought,False,0.694,0.234,0.072,0,0,0.29,10
22,2025-06-23,0.1405,28.01,observed,28.01,24.06,23.56,23.25,23.43,23.56,23.47,normal,drought,False,0.692,0.236,0.071,0,0,0.29,10
22,2025-06-24,0.1299,25.89,predicted,25.89,25.87,25.26,24.83,24.95,25.02,24.81,normal,drought,False,0.687,0.241,0.072,0,0,0.57,6
22,2025-06-25,0.1298,25.88,predicted,25.88,25.82,25.2,24.76,24.85,24.86,24.7,normal,drought,False,0.685,0.244,0.072,0,0,0.57,6
22,2025-06-26,0.1284,25.6,predicted,25.6,25.58,24.98,24.56,24.7,24.74,24.59,normal,drought,False,0.689,0.241,0.07,0,0,0.29,10
22,2025-06-27,0.1283,25.57,predicted,25.57,25.56,24.93,24.54,24.69,24.75,24.53,normal,drought,False,0.683,0.245,0.072,0,0,0.29,10
22,2025-06-28,0.1296,25.83,predicted,25.83,25.83,25.2,24.79,24.94,25.03,24.78,normal,drought,False,0.67,0.253,0.076,0,0,0.29,10
22,2025-06-29,0.1295,25.81,predicted,25.81,25.81,25.14,24.74,24.89,24.99,27.19,normal,drought,False,0.678,0.25,0.072,0,0,0.29,10
22,2025-06-30,0.1299,25.88,predicted,25.88,25.88,25.26,24.85,24.99,27.19,24.84,normal,drought,False,0.682,0.25,0.069,0,0,0.29,10
22,2025-07-01,0.1295,25.81,predicted,25.81,25.8,25.25,24.85,27.19,25.11,24.93,normal,drought,False,0.69,0.246,0.064,0,0,0.29,10
22,2025-07-02,0.1279,25.49,predicted,25.49,25.46,24.93,27.19,24.66,24.72,24.64,normal,drought,False,0.698,0.24,0.062,0,0,0.29,10
22,2025-07-03,0.1274,25.38,predicted,25.38,25.34,27.19,24.36,24.48,24.49,24.42,normal,drought,False,0.699,0.239,0.062,0,0,0.29,10
22,2025-07-04,0.1275,25.41,predicted,25.41,27.19,24.75,24.28,24.4,24.4,24.3,normal,drought,False,0.698,0.24,0.062,0,0,0.29,10
22,2025-07-05,0.1364,27.19,observed,27.19,25.24,24.65,24.18,24.3,24.29,24.22,normal,drought,False,0.698,0.24,0.062,0,0,0.29,10
22,2025-07-06,0.1231,24.54,predicted,24.54,24.49,23.91,23.45,23.59,23.6,23.54,normal,drought,False,0.697,0.241,0.062,0,0,0.57,6
22,2025-07-07,0.1222,24.35,predicted,24.35,24.3,23.74,23.29,23.43,23.44,23.41,normal,drought,False,0.698,0.241,0.062,0,0,0.57,6
22,2025-07-08,0.1222,24.36,predicted,24.36,24.27,23.68,23.18,23.29,23.25,23.24,normal,drought,False,0.696,0.242,0.062,0,0,0.29,10
22,2025-07-09,0.1228,24.47,predicted,24.47,24.37,23.76,23.23,23.34,23.3,23.26,normal,drought,False,0.695,0.243,0.063,0,0,0.29,10
22,2025-07-10,0.1235,24.61,predicted,24.61,24.51,23.86,23.28,23.39,23.36,23.26,normal,drought,False,0.69,0.247,0.063,0,0,0.29,10
22,2025-07-11,0.124,24.72,predicted,24.72,24.62,23.92,23.32,23.43,23.43,30.04,normal,drought,False,0.688,0.251,0.062,0,0,0.29,10
22,2025-07-12,0.1231,24.54,predicted,24.54,24.45,23.81,23.27,23.39,30.04,23.26,normal,drought,False,0.687,0.252,0.061,0,0,0.29,10
22,2025-07-13,0.1232,24.57,predicted,24.57,24.48,23.83,23.29,30.04,23.43,23.28,normal,drought,False,0.688,0.251,0.06,0,0,0.29,10
22,2025-07-14,0.1222,24.35,predicted,24.35,24.26,23.65,30.04,23.26,23.27,23.17,normal,drought,False,0.689,0.251,0.061,0,0,0.29,10
22,2025-07-15,0.122,24.33,predicted,24.33,24.25,30.04,23.15,23.27,23.26,23.16,normal,drought,False,0.689,0.249,0.062,0,0,0.29,10
22,2025-07-16,0.1225,24.41,predicted,24.41,30.04,23.72,23.23,23.35,23.35,23.26,normal,drought,False,0.691,0.248,0.061,0,0,0.29,10
22,2025-07-17,0.1507,30.04,observed,30.04,24.25,23.6,23.15,23.3,23.33,23.16,normal,drought,False,0.694,0.244,0.061,0,0,0.29,10
22,2025-07-18,0.1364,27.19,predicted,27.19,27.06,26.26,25.68,25.73,25.69,25.37,normal,drought,False,0.693,0.246,0.061,0,0,0.57,6
22,2025-07-19,0.1383,27.56,predicted,27.56,27.45,26.66,26.1,26.15,26.15,25.79,normal,drought,False,0.695,0.245,0.061,0,0,0.57,6
22,2025-07-20,0.1372,27.34,predicted,27.34,27.29,26.63,26.19,26.28,26.34,26.06,normal,drought,False,0.693,0.245,0.061,0,0,0.29,10
22,2025-07-21,0.1372,27.34,predicted,27.34,27.32,26.65,26.27,26.37,26.45,26.15,normal,drought,False,0.697,0.243,0.061,0,0,0.29,10
22,2025-07-22,0.137,27.3,predicted,27.3,27.31,26.69,26.36,26.48,26.58,26.31,normal,drought,False,0.703,0.238,0.059,0,0,0.29,10
22,2025-07-23,0.1371,27.33,predicted,27.33,27.36,26.77,26.48,26.61,26.73,4.01,normal,drought,False,0.707,0.233,0.059,1,0,0.29,10
22,2025-07-24,0.1378,27.46,predicted,27.46,27.52,26.93,26.65,26.79,4.01,26.67,normal,drought,False,0.709,0.231,0.06,1,0,0.29,10
22,2025-07-25,0.1376,27.43,predicted,27.43,27.47,26.89,26.59,4.01,26.82,26.6,normal,drought,False,0.706,0.232,0.062,1,0,0.29,10
22,2025-07-26,0.1377,27.45,predicted,27.45,27.48,26.91,4.01,26.73,26.82,26.63,normal,drought,False,0.706,0.231,0.063,1,0,0.29,10
22,2025-07-27,0.1375,27.4,predicted,27.4,27.42,4.01,26.48,26.6,26.67,26.44,normal,drought,False,0.703,0.231,0.065,1,0,0.29,10
22,2025-07-28,0.1384,27.58,predicted,27.58,4.01,26.97,26.6,26.7,26.75,26.57,normal,drought,False,0.702,0.233,0.065,1,0,0.29,10
22,2025-07-29,0.0201,4.01,observed,4.01,27.56,26.94,26.51,26.6,26.61,26.45,drought,drought,True,0.701,0.234,0.065,1,0,0.29,10
22,2025-07-30,0.0376,7.49,predicted,7.49,8.09,9.52,10.2,10.64,11.5,12.85,drought,drought,True,0.699,0.237,0.064,7,0,0.57,6
22,2025-07-31,0.0322,6.41,predicted,6.41,6.97,8.51,9.09,9.47,10.34,11.77,drought,drought,True,0.696,0.241,0.063,7,0,0.57,6
22,2025-08-01,0.0218,4.34,predicted,4.34,4.24,4.25,3.34,3.55,4.23,4.49,drought,drought,True,0.695,0.242,0.064,7,0,0.29,10
22,2025-08-02,0.0188,3.75,predicted,3.75,3.71,3.65,3.04,3.4,3.94,4.1,drought,drought,True,0.695,0.241,0.065,7,0,0.29,10
22,2025-08-03,0.0174,3.48,predicted,3.48,3.46,3.41,3.02,3.45,3.92,4.02,drought,drought,True,0.694,0.24,0.065,7,0,0.29,10
22,2025-08-04,0.0155,3.09,predicted,3.09,3.12,3.1,3.0,3.51,3.88,25.36,drought,drought,True,0.695,0.238,0.067,6,0,0.29,10
22,2025-08-05,0.0174,3.47,predicted,3.47,3.53,3.47,3.4,3.93,25.36,4.35,drought,drought,True,0.699,0.233,0.068,6,0,0.29,10
22,2025-08-06,0.0164,3.27,predicted,3.27,3.28,3.3,3.11,25.36,3.99,4.13,drought,drought,True,0.699,0.232,0.069,6,0,0.29,10
22,2025-08-07,0.0169,3.37,predicted,3.37,3.34,3.38,25.36,3.33,3.84,4.08,drought,drought,True,0.698,0.233,0.069,6,0,0.29,10
22,2025-08-08,0.0174,3.47,predicted,3.47,3.42,25.36,2.94,3.26,3.8,4.07,drought,drought,True,0.698,0.233,0.069,6,0,0.29,10
22,2025-08-09,0.0176,3.5,predicted,3.5,25.36,3.47,2.94,3.26,3.79,4.05,drought,drought,True,0.698,0.233,0.069,6,0,0.29,10
22,2025-08-10,0.1272,25.36,observed,25.36,3.46,3.45,2.91,3.24,3.76,4.01,normal,drought,False,0.7,0.233,0.067,6,0,0.29,10
22,2025-08-11,0.1124,22.39,predicted,22.39,22.19,21.49,20.89,20.93,20.94,20.79,normal,drought,False,0.702,0.232,0.066,0,0,0.57,6
22,2025-08-12,0.1188,23.68,predicted,23.68,23.39,22.62,21.95,21.92,21.8,21.64,normal,drought,False,0.704,0.231,0.065,0,0,0.57,6
22,2025-08-13,0.1131,22.55,predicted,22.55,22.61,22.14,21.88,22.1,22.23,22.21,normal,drought,False,0.706,0.229,0.065,0,0,0.29,10
22,2025-08-14,0.1142,22.75,predicted,22.75,22.82,22.31,22.04,22.27,22.41,22.33,normal,drought,False,0.702,0.23,0.067,0,0,0.29,10
22,2025-08-15,0.1146,22.85,predicted,22.85,22.93,22.46,22.2,22.43,22.59,22.52,normal,drought,False,0.698,0.233,0.07,0,0,0.29,10
22,2025-08-16,0.1146,22.84,predicted,22.84,22.89,22.4,22.13,22.35,22.48,9.07,normal,drought,False,0.693,0.235,0.072,1,0,0.29,10
22,2025-08-17,0.1154,23.0,predicted,23.0,23.02,22.49,22.16,22.35,9.07,22.36,normal,drought,False,0.687,0.239,0.074,1,0,0.29,10
22,2025-08-18,0.1159,23.11,predicted,23.11,23.14,22.61,22.28,9.07,22.62,22.48,normal,drought,False,0.687,0.24,0.073,1,0,0.29,10
22,2025-08-19,0.114,22.72,predicted,22.72,22.73,22.23,9.07,22.09,22.19,22.15,normal,drought,False,0.698,0.235,0.067,1,0,0.29,10
22,2025-08-20,0.1137,22.67,predicted,22.67,22.66,9.07,21.85,22.01,22.09,22.14,normal,drought,False,0.701,0.233,0.066,1,0,0.29,10
22,2025-08-21,0.1149,22.9,predicted,22.9,9.07,22.33,21.88,22.04,22.08,22.09,normal,drought,False,0.698,0.234,0.067,1,0,0.29,10
22,2025-08-22,0.0455,9.07,observed,9.07,23.06,22.46,21.94,22.09,22.13,22.05,drought,drought,True,0.694,0.24,0.067,1,0,0.29,10
22,2025-08-23,0.0483,9.63,predicted,9.63,10.11,10.84,11.25,11.71,12.38,13.28,drought,drought,True,0.694,0.239,0.066,7,0,0.57,6
22,2025-08-24,0.0412,8.2,predicted,8.2,8.65,9.44,9.86,10.31,10.94,11.88,drought,drought,True,0.694,0.24,0.067,7,0,0.57,6
22,2025-08-25,0.0398,7.93,predicted,7.93,7.89,7.77,7.14,7.38,7.83,8.11,drought,drought,True,0.693,0.241,0.066,7,0,0.29,10
22,2025-08-26,0.0404,8.05,predicted,8.05,8.01,7.84,7.22,7.47,7.91,8.16,drought,drought,True,0.691,0.243,0.067,7,0,0.29,10
22,2025-08-27,0.039,7.78,predicted,7.78,7.73,7.61,7.0,7.25,7.68,7.96,drought,drought,True,0.694,0.24,0.066,7,0,0.29,10
22,2025-08-28,0.0383,7.64,predicted,7.64,7.59,7.48,6.87,7.11,7.54,11.6,drought,drought,True,0.695,0.238,0.067,7,0,0.29,10
22,2025-08-29,0.0382,7.62,predicted,7.62,7.58,7.45,6.86,7.12,11.6,7.82,drought,drought,True,0.697,0.236,0.067,7,0,0.29,10
22,2025-08-30,0.0389,7.76,predicted,7.76,7.72,7.58,6.97,11.6,7.66,7.94,drought,drought,True,0.699,0.235,0.066,7,0,0.29,10
22,2025-08-31,0.0389,7.76,predicted,7.76,7.73,7.57,11.6,7.27,7.69,7.95,drought,drought,True,0.698,0.235,0.067,7,0,0.29,10
23,2025-03-01,0.7622,66.75,predicted,66.75,66.81,66.96,67.25,66.56,66.53,66.65,normal,normal,True,0.374,0.518,0.108,0,0,0.29,10
23,2025-03-02,0.7659,67.07,predicted,67.07,67.16,67.31,67.62,66.93,66.65,66.03,normal,normal,True,0.391,0.505,0.103,0,0,0.29,10
23,2025-03-03,0.7651,67.0,predicted,67.0,67.09,67.28,67.61,66.65,66.9,66.05,normal,normal,True,0.408,0.493,0.099,0,0,0.29,10
23,2025-03-04,0.7646,66.95,predicted,66.95,67.03,67.24,66.65,66.85,66.8,66.01,normal,normal,True,0.411,0.49,0.099,0,0,0.29,10
23,2025-03-05,0.7621,66.73,predicted,66.73,66.78,66.65,67.3,66.6,66.49,65.79,normal,normal,True,0.411,0.491,0.098,0,0,0.29,10
23,2025-03-06,0.7579,66.37,predicted,66.37,66.65,66.63,66.9,66.19,66.01,65.41,normal,normal,True,0.409,0.494,0.096,0,0,0.29,10
23,2025-03-07,0.7611,66.65,observed,66.65,66.14,66.37,66.61,65.9,65.67,65.12,normal,normal,True,0.412,0.494,0.094,0,0,0.29,10
23,2025-03-08,0.7313,64.04,predicted,64.04,64.07,64.34,64.64,63.99,63.82,63.36,normal,normal,True,0.41,0.496,0.094,0,0,0.57,6
23,2025-03-09,0.727,63.66,predicted,63.66,63.67,63.92,64.21,63.57,63.38,62.94,normal,normal,True,0.404,0.5,0.096,0,0,0.57,6
23,2025-03-10,0.7296,63.89,predicted,63.89,63.85,63.93,64.07,63.41,63.12,62.6,normal,normal,True,0.398,0.504,0.099,0,0,0.29,10
23,2025-03-11,0.7378,64.61,predicted,64.61,64.61,64.6,64.67,64.02,63.88,63.12,normal,normal,True,0.389,0.505,0.106,0,0,0.29,10
23,2025-03-12,0.7442,65.17,predicted,65.17,65.25,65.23,65.4,64.76,64.78,63.83,normal,normal,True,0.396,0.499,0.105,0,0,0.29,10
23,2025-03-13,0.7465,65.37,predicted,65.37,65.48,65.54,65.82,65.2,65.2,72.83,normal,normal,True,0.387,0.499,0.114,0,0,0.29,10
23,2025-03-14,0.7461,65.33,predicted,65.33,65.43,65.57,65.86,65.23,72.83,64.4,normal,normal,True,0.384,0.501,0.115,0,0,0.29,10
23,2025-03-15,0.7441,65.16,predicted,65.16,65.23,65.43,65.72,72.83,65.01,64.31,normal,normal,True,0.396,0.497,0.107,0,0,0.29,10
23,2025-03-16,0.7412,64.9,predicted,64.9,64.96,65.16,72.83,64.79,64.68,64.03,normal,normal,True,0.42,0.486,0.094,0,0,0.29,10
23,2025-03-17,0.7435,65.11,predicted,65.11,65.19,72.83,65.49,64.83,64.79,64.0,normal,normal,True,0.438,0.476,0.086,0,0,0.29,10
23,2025-03-18,0.7414,64.92,predicted,64.92,72.83,65.11,65.33,64.68,64.61,63.86,normal,normal,True,0.437,0.476,0.087,0,0,0.29,10
23,2025-03-19,0.8317,72.83,observed,72.83,64.99,65.08,65.25,64.58,64.47,63.76,normal,normal,True,0.428,0.482,0.091,0,0,0.29,10
23,2025-03-20,0.8262,72.35,predicted,72.35,72.13,71.82,71.48,70.56,70.04,68.95,normal,normal,True,0.425,0.483,0.091,0,0,0.57,6
23,2025-03-21,0.8331,72.96,predicted,72.96,72.72,72.38,71.99,71.05,70.52,69.41,normal,normal,True,0.419,0.487,0.094,0,0,0.57,6
23,2025-03-22,0.815,71.37,predicted,71.37,71.26,71.43,71.59,70.76,70.48,69.68,normal,normal,True,0.404,0.496,0.1,0,0,0.29,10
23,2025-03-23,0.8152,71.39,predicted,71.39,71.28,71.47,71.64,70.82,70.55,69.74,normal,normal,True,0.396,0.5,0.105,0,0,0.29,10
23,2025-03-24,0.8138,71.26,predicted,71.26,71.17,71.42,71.66,70.86,70.6,69.83,normal,normal,True,0.381,0.508,0.111,0,0,0.29,10
23,2025-03-25,0.8144,71.32,predicted,71.32,71.22,71.5,71.75,70.95,70.69,68.91,normal,normal,True,0.365,0.519,0.116,0,0,0.29,10
23,2025-03-26,0.8106,70.98,predicted,70.98,70.86,71.07,71.25,70.43,68.91,69.39,normal,normal,True,0.45,0.473,0.077,0,0,0.29,10
23,2025-03-27,0.8094,70.88,predicted,70.88,70.75,70.93,71.09,68.91,69.97,69.22,normal,normal,True,0.456,0.47,0.074,0,0,0.29,10
23,2025-03-28,0.8095,70.89,predicted,70.89,70.76,70.93,68.91,70.28,69.98,69.22,normal,normal,True,0.455,0.469,0.076,0,0,0.29,10
23,2025-03-29,0.8099,70.92,predicted,70.92,70.8,68.91,71.21,70.41,70.12,69.37,normal,normal,True,0.438,0.481,0.082,0,0,0.29,10
23,2025-03-30,0.8096,70.9,predicted,70.9,68.91,71.02,71.26,70.47,70.16,69.45,normal,normal,True,0.431,0.487,0.082,0,0,0.29,10
23,2025-03-31,0.7869,68.91,observed,68.91,70.72,70.92,71.11,70.3,69.98,69.26,normal,normal,True,0.462,0.466,0.072,0,0,0.29,10
23,2025-04-01,0.756,66.21,predicted,66.21,66.19,66.55,66.93,66.26,66.13,65.62,normal,drought,False,0.478,0.454,0.068,0,0,0.57,6
23,2025-04-02,0.7565,66.25,predicted,66.25,66.26,66.62,67.02,66.36,66.31,65.7,normal,drought,False,0.474,0.455,0.071,0,0,0.57,6
23,2025-04-03,0.7642,66.92,predicted,66.92,66.91,67.01,67.19,66.49,66.37,65.57,normal,drought,False,0.499,0.438,0.063,0,0,0.29,10
23,2025-04-04,0.7691,67.35,predicted,67.35,67.4,67.52,67.81,67.12,67.07,66.19,normal,drought,False,0.514,0.425,0.061,0,0,0.29,10
23,2025-04-05,0.7791,68.23,predicted,68.23,68.35,68.51,68.93,68.24,68.26,67.28,normal,drought,False,0.528,0.408,0.064,0,0,0.29,10
23,2025-04-06,0.7801,68.31,predicted,68.31,68.42,68.59,68.98,68.28,68.25,64.37,normal,drought,False,0.525,0.404,0.071,0,0,0.29,10
23,2025-04-07,0.7816,68.44,predicted,68.44,68.56,68.79,69.24,68.52,64.37,67.62,normal,drought,False,0.529,0.395,0.075,0,0,0.29,10
23,2025-04-08,0.7813,68.42,predicted,68.42,68.52,68.77,69.16,64.37,68.36,67.57,normal,drought,False,0.519,0.401,0.08,0,0,0.29,10
23,2025-04-09,0.7744,67.82,predicted,67.82,67.87,68.12,64.37,67.69,67.55,66.86,normal,drought,False,0.507,0.411,0.082,0,0,0.29,10
23,2025-04-10,0.7687,67.32,predicted,67.32,67.34,64.37,67.79,67.05,66.87,66.24,normal,drought,False,0.497,0.421,0.082,0,0,0.29,10
23,2025-04-11,0.7646,66.96,predicted,66.96,64.37,67.14,67.3,66.56,66.38,65.73,normal,drought,False,0.482,0.435,0.083,0,0,0.29,10
23,2025-04-12,0.735,64.37,observed,64.37,66.8,66.91,67.01,66.27,66.08,65.39,normal,drought,False,0.468,0.446,0.086,0,0,0.29,10
23,2025-04-13,0.7068,61.89,predicted,61.89,61.99,62.28,62.61,62.03,62.03,61.56,normal,drought,False,0.461,0.452,0.087,0,0,0.57,6
23,2025-04-14,0.7047,61.71,predicted,61.71,61.81,62.04,62.32,61.74,61.77,61.24,normal,normal,True,0.447,0.46,0.093,0,0,0.57,6
23,2025-04-15,0.7161,62.71,predicted,62.71,62.69,62.51,62.38,61.73,61.57,60.79,normal,normal,True,0.419,0.476,0.105,0,0,0.29,10
23,2025-04-16,0.7171,62.79,predicted,62.79,62.79,62.67,62.61,61.98,61.83,61.08,normal,normal,True,0.371,0.498,0.131,0,0,0.29,10
23,2025-04-17,0.7206,63.1,predicted,63.1,63.13,63.13,63.18,62.56,62.45,61.74,normal,normal,True,0.322,0.515,0.163,0,0,0.29,10
23,2025-04-18,0.721,63.14,predicted,63.14,63.18,63.22,63.31,62.69,62.6,57.8,normal,normal,True,0.332,0.523,0.145,0,0,0.29,10
23,2025-04-19,0.7154,62.65,predicted,62.65,62.66,62.64,62.66,62.03,57.8,61.22,normal,normal,True,0.426,0.485,0.089,0,0,0.29,10
23,2025-04-20,0.7163,62.73,predicted,62.73,62.75,62.79,62.87,57.8,62.12,61.48,normal,normal,True,0.421,0.49,0.09,0,0,0.29,10
23,2025-04-21,0.7133,62.46,predicted,62.46,62.45,62.4,57.8,61.74,61.57,60.91,normal,drought,False,0.47,0.462,0.068,0,0,0.29,10
23,2025-04-22,0.7125,62.4,predicted,62.4,62.38,57.8,62.24,61.6,61.43,60.73,normal,drought,False,0.486,0.45,0.064,0,0,0.29,10
23,2025-04-23,0.714,62.53,predicted,62.53,57.8,62.44,62.43,61.8,61.65,60.92,normal,drought,False,0.487,0.449,0.064,0,0,0.29,10
23,2025-04-24,0.66,57.8,observed,57.8,62.69,62.59,62.58,61.95,61.82,61.06,normal,drought,False,0.48,0.454,0.067,0,0,0.29,10
23,2025-04-25,0.6413,56.15,predicted,56.15,56.34,56.49,56.76,56.35,56.53,56.0,normal,drought,False,0.496,0.441,0.063,0,0,0.57,6
23,2025-04-26,0.6356,55.66,predicted,55.66,55.85,55.99,56.26,55.86,56.04,55.51,normal,drought,False,0.505,0.433,0.062,0,0,0.57,6
23,2025-04-27,0.6433,56.33,predicted,56.33,56.28,55.71,55.25,54.7,54.53,53.63,normal,drought,False,0.511,0.428,0.06,0,0,0.29,10
23,2025-04-28,0.6449,56.47,predicted,56.47,56.44,55.89,55.46,54.91,54.77,53.85,normal,drought,False,0.51,0.429,0.061,0,0,0.29,10
23,2025-04-29,0.6487,56.81,predicted,56.81,56.82,56.27,55.92,55.37,55.25,54.32,normal,drought,False,0.523,0.417,0.059,0,0,0.29,10
23,2025-04-30,0.6539,57.26,predicted,57.26,57.32,56.78,56.48,55.93,55.9,57.0,normal,drought,False,0.531,0.41,0.059,0,0,0.29,10
23,2025-05-01,0.6551,57.37,predicted,57.37,57.45,56.9,56.6,56.06,57.0,55.02,normal,drought,False,0.531,0.408,0.061,0,0,0.29,10
23,2025-05-02,0.6552,57.37,predicted,57.37,57.43,56.91,56.56,57.0,55.95,55.0,normal,drought,False,0.525,0.411,0.064,0,0,0.29,10
23,2025-05-03,0.651,57.01,predicted,57.01,57.02,56.52,57.0,55.54,55.41,54.55,normal,drought,False,0.517,0.418,0.065,0,0,0.29,10
23,2025-05-04,0.6477,56.72,predicted,56.72,56.69,57.0,55.69,55.11,54.93,54.1,normal,drought,False,0.51,0.424,0.066,0,0,0.29,10
23,2025-05-05,0.6477,56.72,predicted,56.72,57.0,56.12,55.59,55.0,54.76,53.97,normal,drought,False,0.498,0.435,0.067,0,0,0.29,10
23,2025-05-06,0.6509,57.0,observed,57.0,56.73,56.14,55.61,55.02,54.75,53.92,normal,drought,False,0.5,0.433,0.066,0,0,0.29,10
23,2025-05-07,0.638,55.87,predicted,55.87,55.79,55.16,54.62,54.06,53.81,52.96,normal,drought,False,0.503,0.432,0.065,0,0,0.57,6
23,2025-05-08,0.635,55.6,predicted,55.6,55.53,54.85,54.27,53.72,53.5,52.6,normal,drought,False,0.499,0.436,0.066,0,0,0.57,6
23,2025-05-09,0.6353,55.63,predicted,55.63,55.52,54.78,54.11,53.54,53.29,52.35,normal,drought,False,0.491,0.441,0.068,0,0,0.29,10
23,2025-05-10,0.6351,55.62,predicted,55.62,55.49,54.74,54.05,53.48,53.23,52.29,normal,drought,False,0.479,0.45,0.072,0,0,0.29,10
23,2025-05-11,0.6355,55.65,predicted,55.65,55.53,54.85,54.22,53.66,53.41,52.52,normal,normal,True,0.46,0.463,0.078,0,0,0.29,10
23,2025-05-12,0.6358,55.68,predicted,55.68,55.57,54.99,54.44,53.89,53.63,56.56,normal,normal,True,0.442,0.475,0.083,0,0,0.29,10
23,2025-05-13,0.6352,55.63,predicted,55.63,55.5,54.88,54.29,53.74,56.56,52.63,normal,normal,True,0.433,0.482,0.084,0,0,0.29,10
23,2025-05-14,0.633,55.43,predicted,55.43,55.27,54.58,53.89,56.56,53.02,52.16,normal,normal,True,0.46,0.468,0.072,0,0,0.29,10
23,2025-05-15,0.6277,54.97,predicted,54.97,54.78,54.04,56.56,52.75,52.42,51.55,normal,drought,False,0.502,0.439,0.059,0,0,0.29,10
23,2025-05-16,0.6273,54.93,predicted,54.93,54.75,56.56,53.28,52.71,52.39,51.52,normal,drought,False,0.501,0.44,0.059,0,0,0.29,10
23,2025-05-17,0.627,54.9,predicted,54.9,56.56,53.99,53.28,52.72,52.43,51.53,normal,drought,False,0.506,0.435,0.059,0,0,0.29,10
23,2025-05-18,0.6459,56.56,observed,56.56,54.76,54.03,53.4,52.86,52.72,51.71,normal,drought,False,0.511,0.43,0.059,0,0,0.29,10
23,2025-05-19,0.6276,54.96,predicted,54.96,54.95,54.37,53.94,53.45,53.42,52.43,normal,drought,False,0.505,0.433,0.062,0,0,0.57,6
23,2025-05-20,0.6309,55.25,predicted,55.25,55.29,54.69,54.31,53.81,53.83,52.78,normal,drought,False,0.501,0.436,0.063,0,0,0.57,6
23,2025-05-21,0.6337,55.49,predicted,55.49,55.49,54.86,54.41,53.89,53.83,52.81,normal,drought,False,0.502,0.435,0.064,0,0,0.29,10
23,2025-05-22,0.6331,55.44,predicted,55.44,55.42,54.83,54.34,53.8,53.72,52.76,normal,drought,False,0.508,0.43,0.062,0,0,0.29,10
23,2025-05-23,0.632,55.35,predicted,55.35,55.3,54.71,54.17,53.62,53.48,52.58,normal,drought,False,0.509,0.431,0.06,0,0,0.29,10
23,2025-05-24,0.6289,55.08,predicted,55.08,54.99,54.39,53.82,53.26,53.04,59.18,normal,drought,False,0.503,0.436,0.061,0,0,0.29,10
23,2025-05-25,0.6264,54.85,predicted,54.85,54.75,54.1,53.48,52.91,59.18,51.83,normal,drought,False,0.5,0.439,0.061,0,0,0.29,10
23,2025-05-26,0.6257,54.79,predicted,54.79,54.69,53.98,53.29,59.18,52.54,51.6,normal,drought,False,0.498,0.441,0.061,0,0,0.29,10
23,2025-05-27,0.6253,54.76,predicted,54.76,54.64,53.93,59.18,52.71,52.48,51.58,normal,drought,False,0.501,0.44,0.06,0,0,0.29,10
23,2025-05-28,0.6257,54.79,predicted,54.79,54.67,59.18,53.28,52.72,52.49,51.58,normal,drought,False,0.5,0.441,0.06,0,0,0.29,10
23,2025-05-29,0.6249,54.72,predicted,54.72,59.18,53.87,53.22,52.66,52.34,51.53,normal,drought,False,0.49,0.451,0.06,0,0,0.29,10
23,2025-05-30,0.6758,59.18,observed,59.18,54.47,53.76,53.07,52.51,52.15,51.36,normal,drought,False,0.484,0.453,0.063,0,0,0.29,10
23,2025-05-31,0.655,57.36,predicted,57.36,57.13,56.23,55.34,54.7,54.3,53.25,normal,drought,False,0.466,0.463,0.071,0,0,0.57,6
23,2025-06-01,0.6562,57.46,predicted,57.46,57.24,56.36,55.49,54.85,54.47,53.42,normal,drought,False,0.475,0.457,0.068,0,0,0.57,6
23,2025-06-02,0.6583,57.64,predicted,57.64,57.56,57.01,56.51,55.94,55.74,54.84,normal,drought,False,0.473,0.458,0.068,0,0,0.29,10
23,2025-06-03,0.6533,57.21,predicted,57.21,57.11,56.58,56.1,55.52,55.28,54.46,normal,drought,False,0.504,0.438,0.059,0,0,0.29,10
23,2025-06-04,0.6533,57.21,predicted,57.21,57.1,56.57,56.08,55.5,55.24,54.43,normal,drought,False,0.508,0.435,0.057,0,0,0.29,10
23,2025-06-05,0.6508,56.99,predicted,56.99,56.88,56.38,55.92,55.35,55.08,58.68,normal,drought,False,0.514,0.43,0.056,0,0,0.29,10
23,2025-06-06,0.6515,57.05,predicted,57.05,56.94,56.42,55.95,55.37,58.68,54.33,normal,drought,False,0.513,0.429,0.057,0,0,0.29,10
23,2025-06-07,0.6525,57.14,predicted,57.14,57.04,56.52,56.06,58.68,55.25,54.44,normal,drought,False,0.509,0.433,0.058,0,0,0.29,10
23,2025-06-08,0.6509,57.0,predicted,57.0,56.89,56.39,58.68,55.39,55.11,54.34,normal,drought,False,0.513,0.431,0.057,0,0,0.29,10
23,2025-06-09,0.6495,56.87,predicted,56.87,56.75,58.68,55.85,55.28,54.97,54.26,normal,drought,False,0.515,0.428,0.057,0,0,0.29,10
23,2025-06-10,0.6494,56.87,predicted,56.87,58.68,56.25,55.81,55.24,54.92,54.21,normal,drought,False,0.513,0.429,0.058,0,0,0.29,10
23,2025-06-11,0.67,58.68,observed,58.68,56.58,56.07,55.64,55.07,54.82,54.04,normal,drought,False,0.514,0.426,0.06,0,0,0.29,10
23,2025-06-12,0.6429,56.3,predicted,56.3,56.25,55.77,55.43,54.89,54.74,53.91,normal,drought,False,0.512,0.427,0.06,0,0,0.57,6
23,2025-06-13,0.6488,56.82,predicted,56.82,56.79,56.33,56.02,55.5,55.36,54.52,normal,drought,False,0.513,0.426,0.06,0,0,0.57,6
23,2025-06-14,0.6476,56.71,predicted,56.71,56.65,56.16,55.8,55.26,55.07,54.24,normal,drought,False,0.52,0.421,0.059,0,0,0.29,10
23,2025-06-15,0.6499,56.91,predicted,56.91,56.9,56.4,56.06,55.52,55.42,54.5,normal,drought,False,0.522,0.419,0.059,0,0,0.29,10
23,2025-06-16,0.6494,56.87,predicted,56.87,56.89,56.41,56.11,55.57,55.52,54.58,normal,drought,False,0.513,0.425,0.062,0,0,0.29,10
23,2025-06-17,0.6519,57.09,predicted,57.09,57.14,56.65,56.33,55.8,55.82,59.24,normal,drought,False,0.507,0.429,0.064,0,0,0.29,10
23,2025-06-18,0.6538,57.25,predicted,57.25,57.31,56.85,56.53,55.98,59.24,55.01,normal,drought,False,0.499,0.434,0.067,0,0,0.29,10
23,2025-06-19,0.6553,57.39,predicted,57.39,57.41,57.02,56.72,59.24,56.1,55.23,normal,drought,False,0.496,0.437,0.067,0,0,0.29,10
23,2025-06-20,0.6535,57.22,predicted,57.22,57.2,56.81,59.24,55.88,55.7,54.96,normal,drought,False,0.486,0.446,0.068,0,0,0.29,10
23,2025-06-21,0.6499,56.91,predicted,56.91,56.84,59.24,56.0,55.41,55.16,54.46,normal,drought,False,0.479,0.452,0.069,0,0,0.29,10
23,2025-06-22,0.6472,56.68,predicted,56.68,59.24,56.09,55.61,55.01,54.73,54.02,normal,drought,False,0.478,0.453,0.068,0,0,0.29,10
23,2025-06-23,0.6765,59.24,observed,59.24,56.43,55.9,55.39,54.79,54.48,53.76,normal,drought,False,0.478,0.455,0.067,0,0,0.29,10
23,2025-06-24,0.6547,57.33,predicted,57.33,57.18,56.58,55.97,55.37,55.04,54.22,normal,drought,False,0.475,0.458,0.067,0,0,0.57,6
23,2025-06-25,0.6536,57.24,predicted,57.24,57.07,56.47,55.89,55.28,54.91,54.14,normal,drought,False,0.468,0.465,0.068,0,0,0.57,6
23,2025-06-26,0.6502,56.94,predicted,56.94,56.78,56.24,55.73,55.14,54.8,54.07,normal,drought,False,0.479,0.455,0.066,0,0,0.29,10
23,2025-06-27,0.6503,56.95,predicted,56.95,56.81,56.26,55.76,55.18,54.88,54.09,normal,drought,False,0.472,0.459,0.07,0,0,0.29,10
23,2025-06-28,0.6551,57.37,predicted,57.37,57.26,56.72,56.25,55.69,55.43,54.6,normal,normal,True,0.454,0.472,0.074,0,0,0.29,10
23,2025-06-29,0.6548,57.34,predicted,57.34,57.23,56.65,56.14,55.57,55.35,54.96,normal,drought,False,0.467,0.463,0.07,0,0,0.29,10
23,2025-06-30,0.6555,57.4,predicted,57.4,57.3,56.74,56.25,55.69,54.96,54.58,normal,drought,False,0.477,0.457,0.066,0,0,0.29,10
23,2025-07-01,0.6541,57.28,predicted,57.28,57.17,56.68,56.24,54.96,55.41,54.63,normal,drought,False,0.496,0.445,0.06,0,0,0.29,10
23,2025-07-02,0.6498,56.9,predicted,56.9,56.77,56.35,54.96,55.39,55.07,54.42,normal,drought,False,0.512,0.431,0.057,0,0,0.29,10
23,2025-07-03,0.6483,56.77,predicted,56.77,56.63,54.96,55.78,55.21,54.87,54.23,normal,drought,False,0.516,0.427,0.057,0,0,0.29,10
23,2025-07-04,0.6481,56.75,predicted,56.75,54.96,56.12,55.68,55.1,54.76,54.09,normal,drought,False,0.518,0.425,0.057,0,0,0.29,10
23,2025-07-05,0.6276,54.96,observed,54.96,56.5,56.03,55.6,55.03,54.67,54.02,normal,drought,False,0.518,0.425,0.057,0,0,0.29,10
23,2025-07-06,0.6009,52.62,predicted,52.62,52.56,52.25,52.02,51.59,51.41,50.91,normal,drought,False,0.519,0.423,0.058,0,0,0.57,6
23,2025-07-07,0.5956,52.16,predicted,52.16,52.08,51.77,51.52,51.11,50.91,50.42,normal,drought,False,0.52,0.423,0.057,0,0,0.57,6
23,2025-07-08,0.5962,52.21,predicted,52.21,51.95,51.2,50.51,49.99,49.54,48.86,normal,drought,False,0.515,0.426,0.058,0,0,0.29,10
23,2025-07-09,0.5969,52.27,predicted,52.27,52.01,51.23,50.51,49.99,49.55,48.83,normal,drought,False,0.521,0.421,0.058,0,0,0.29,10
23,2025-07-10,0.5981,52.38,predicted,52.38,52.12,51.32,50.55,50.04,49.63,48.85,normal,drought,False,0.519,0.422,0.059,0,0,0.29,10
23,2025-07-11,0.5978,52.35,predicted,52.35,52.11,51.28,50.48,49.96,49.61,52.34,normal,drought,False,0.515,0.426,0.059,0,0,0.29,10
23,2025-07-12,0.5982,52.38,predicted,52.38,52.15,51.36,50.62,50.11,52.34,48.94,normal,drought,False,0.513,0.429,0.059,0,0,0.29,10
23,2025-07-13,0.5982,52.38,predicted,52.38,52.16,51.38,50.66,52.34,49.81,49.0,normal,drought,False,0.511,0.429,0.06,0,0,0.29,10
23,2025-07-14,0.5965,52.23,predicted,52.23,52.01,51.3,52.34,50.14,49.78,49.04,normal,drought,False,0.505,0.434,0.061,0,0,0.29,10
23,2025-07-15,0.5969,52.27,predicted,52.27,52.06,52.34,50.74,50.23,49.87,49.14,normal,drought,False,0.506,0.431,0.062,0,0,0.29,10
23,2025-07-16,0.5981,52.38,predicted,52.38,52.34,51.46,50.82,50.31,49.95,49.22,normal,drought,False,0.508,0.431,0.061,0,0,0.29,10
23,2025-07-17,0.5977,52.34,observed,52.34,52.1,51.36,50.7,50.19,49.89,49.07,normal,drought,False,0.513,0.425,0.062,0,0,0.29,10
23,2025-07-18,0.5708,49.98,predicted,49.98,49.87,49.26,48.76,48.35,48.18,47.47,normal,drought,False,0.504,0.433,0.063,0,0,0.57,6
23,2025-07-19,0.5701,49.92,predicted,49.92,49.82,49.19,48.67,48.25,48.12,47.36,normal,drought,False,0.506,0.432,0.062,0,0,0.57,6
23,2025-07-20,0.5707,49.97,predicted,49.97,49.79,48.97,48.27,47.8,47.53,46.71,normal,drought,False,0.497,0.44,0.063,0,0,0.29,10
23,2025-07-21,0.571,50.0,predicted,50.0,49.84,49.03,48.35,47.88,47.64,46.79,normal,drought,False,0.499,0.438,0.062,0,0,0.29,10
23,2025-07-22,0.5716,50.06,predicted,50.06,49.9,49.11,48.46,48.0,47.77,46.93,normal,drought,False,0.512,0.429,0.059,0,0,0.29,10
23,2025-07-23,0.5728,50.16,predicted,50.16,50.01,49.22,48.58,48.12,47.88,36.32,normal,drought,False,0.521,0.423,0.057,0,0,0.29,10
23,2025-07-24,0.5745,50.31,predicted,50.31,50.17,49.36,48.7,48.25,36.32,47.16,normal,drought,False,0.523,0.421,0.057,0,0,0.29,10
23,2025-07-25,0.574,50.26,predicted,50.26,50.11,49.33,48.68,36.32,47.95,47.15,normal,drought,False,0.512,0.428,0.059,0,0,0.29,10
23,2025-07-26,0.5744,50.3,predicted,50.3,50.14,49.35,36.32,48.23,47.94,47.15,normal,drought,False,0.512,0.428,0.06,0,0,0.29,10
23,2025-07-27,0.5732,50.2,predicted,50.2,50.02,36.32,48.52,48.05,47.76,46.96,normal,drought,False,0.504,0.433,0.063,0,0,0.29,10
23,2025-07-28,0.5746,50.32,predicted,50.32,36.32,49.32,48.62,48.14,47.81,47.04,normal,drought,False,0.503,0.436,0.061,0,0,0.29,10
23,2025-07-29,0.4148,36.32,observed,36.32,50.01,49.17,48.42,47.93,47.56,46.81,normal,drought,False,0.506,0.434,0.06,0,0,0.29,10
23,2025-07-30,0.4014,35.15,predicted,35.15,35.3,35.14,35.13,35.24,35.48,35.33,normal,drought,False,0.509,0.433,0.058,0,0,0.57,6
23,2025-07-31,0.3851,33.72,predicted,33.72,33.85,33.63,33.53,33.66,33.88,33.73,normal,drought,False,0.506,0.436,0.057,0,0,0.57,6
23,2025-08-01,0.3899,34.14,predicted,34.14,34.0,33.2,32.52,32.44,32.36,31.89,normal,drought,False,0.509,0.433,0.058,0,0,0.29,10
23,2025-08-02,0.39,34.15,predicted,34.15,34.06,33.19,32.55,32.48,32.49,31.88,normal,drought,False,0.51,0.429,0.061,0,0,0.29,10
23,2025-08-03,0.3916,34.29,predicted,34.29,34.27,33.42,32.87,32.83,32.96,32.26,normal,drought,False,0.508,0.431,0.061,0,0,0.29,10
23,2025-08-04,0.3922,34.35,predicted,34.35,34.39,33.59,33.15,33.13,33.36,46.33,normal,drought,False,0.501,0.436,0.063,0,0,0.29,10
23,2025-08-05,0.4009,35.11,predicted,35.11,35.23,34.5,34.25,34.24,46.33,33.8,normal,drought,False,0.507,0.429,0.063,0,0,0.29,10
23,2025-08-06,0.4034,35.33,predicted,35.33,35.45,34.79,34.53,46.33,34.79,34.14,normal,drought,False,0.504,0.431,0.065,0,0,0.29,10
23,2025-08-07,0.4037,35.36,predicted,35.36,35.43,34.81,46.33,34.45,34.64,34.11,normal,drought,False,0.499,0.435,0.066,0,0,0.29,10
23,2025-08-08,0.4011,35.12,predicted,35.12,35.15,46.33,34.16,34.1,34.19,33.75,normal,drought,False,0.497,0.437,0.066,0,0,0.29,10
23,2025-08-09,0.3981,34.86,predicted,34.86,46.33,34.2,33.77,33.7,33.74,33.31,normal,drought,False,0.497,0.438,0.065,0,0,0.29,10
23,2025-08-10,0.5291,46.33,observed,46.33,34.47,33.78,33.29,33.22,33.23,32.79,normal,drought,False,0.494,0.441,0.065,0,0,0.29,10
23,2025-08-11,0.508,44.48,predicted,44.48,44.13,42.94,41.85,41.37,40.89,40.05,normal,drought,False,0.496,0.441,0.062,0,0,0.57,6
23,2025-08-12,0.5141,45.02,predicted,45.02,44.64,43.41,42.28,41.79,41.25,40.41,normal,drought,False,0.499,0.44,0.061,0,0,0.57,6
23,2025-08-13,0.5041,44.14,predicted,44.14,43.93,42.97,42.19,41.84,41.54,40.81,normal,drought,False,0.505,0.435,0.059,0,0,0.29,10
23,2025-08-14,0.5056,44.27,predicted,44.27,44.07,43.07,42.25,41.91,41.63,40.84,normal,drought,False,0.505,0.434,0.061,0,0,0.29,10
23,2025-08-15,0.5079,44.48,predicted,44.48,44.28,43.3,42.5,42.17,41.91,41.1,normal,drought,False,0.5,0.438,0.063,0,0,0.29,10
23,2025-08-16,0.5079,44.48,predicted,44.48,44.28,43.3,42.5,42.18,41.91,35.29,normal,drought,False,0.491,0.444,0.066,0,0,0.29,10
23,2025-08-17,0.5093,44.6,predicted,44.6,44.4,43.41,42.58,42.25,35.29,41.17,normal,drought,False,0.482,0.45,0.069,0,0,0.29,10
23,2025-08-18,0.5109,44.74,predicted,44.74,44.56,43.62,42.82,35.29,42.27,41.44,normal,drought,False,0.488,0.444,0.068,0,0,0.29,10
23,2025-08-19,0.506,44.31,predicted,44.31,44.1,43.18,35.29,42.08,41.79,41.05,normal,drought,False,0.499,0.439,0.063,0,0,0.29,10
23,2025-08-20,0.5059,44.31,predicted,44.31,44.07,35.29,42.43,42.08,41.73,41.08,normal,drought,False,0.504,0.436,0.06,0,0,0.29,10
23,2025-08-21,0.5063,44.34,predicted,44.34,35.29,43.13,42.28,41.92,41.57,40.87,normal,drought,False,0.508,0.431,0.061,0,0,0.29,10
23,2025-08-22,0.403,35.29,observed,35.29,44.04,43.03,42.1,41.73,41.41,40.64,normal,drought,False,0.504,0.434,0.061,0,0,0.29,10
23,2025-08-23,0.3824,33.49,predicted,33.49,33.54,33.07,32.79,32.87,33.01,32.69,normal,drought,False,0.51,0.429,0.061,0,0,0.57,6
23,2025-08-24,0.3704,32.43,predicted,32.43,32.51,32.07,31.85,31.96,32.14,31.84,normal,drought,False,0.506,0.431,0.063,0,0,0.57,6
23,2025-08-25,0.3771,33.03,predicted,33.03,32.93,32.2,31.68,31.64,31.6,31.2,normal,drought,False,0.502,0.436,0.062,0,0,0.29,10
23,2025-08-26,0.38,33.27,predicted,33.27,33.17,32.39,31.79,31.74,31.73,31.25,normal,drought,False,0.504,0.433,0.063,0,0,0.29,10
23,2025-08-27,0.3756,32.89,predicted,32.89,32.8,32.09,31.58,31.54,31.5,31.11,normal,drought,False,0.509,0.429,0.062,0,0,0.29,10
23,2025-08-28,0.3746,32.8,predicted,32.8,32.71,32.0,31.51,31.47,31.4,41.97,normal,drought,False,0.508,0.429,0.064,0,0,0.29,10
23,2025-08-29,0.375,32.84,predicted,32.84,32.75,32.03,31.53,31.5,41.97,31.06,normal,drought,False,0.514,0.423,0.063,0,0,0.29,10
23,2025-08-30,0.3759,32.91,predicted,32.91,32.83,32.1,31.58,41.97,31.51,31.12,normal,drought,False,0.519,0.419,0.062,0,0,0.29,10
23,2025-08-31,0.3762,32.94,predicted,32.94,32.86,32.11,41.97,31.56,31.54,31.11,normal,drought,False,0.516,0.42,0.064,0,0,0.29,10
24,2025-03-01,0.1897,88.56,predicted,88.56,87.64,86.96,85.96,84.69,83.61,88.74,overflow,drought,False,0.425,0.356,0.219,0,7,0.29,10
24,2025-03-02,0.1899,88.66,predicted,88.66,87.75,87.06,86.06,84.78,88.74,81.72,overflow,drought,False,0.438,0.351,0.211,0,7,0.29,10
24,2025-03-03,0.1897,88.58,predicted,88.58,87.67,87.02,86.05,88.74,83.71,81.75,overflow,drought,False,0.455,0.344,0.201,0,7,0.29,10
24,2025-03-04,0.1897,88.58,predicted,88.58,87.67,87.03,88.74,84.77,83.69,81.77,overflow,drought,False,0.457,0.343,0.201,0,7,0.29,10
24,2025-03-05,0.1895,88.48,predicted,88.48,87.55,88.74,85.96,84.68,83.56,81.72,overflow,drought,False,0.455,0.344,0.201,0,7,0.29,10
24,2025-03-06,0.1891,88.28,predicted,88.28,88.74,86.75,85.8,84.51,83.36,81.61,overflow,drought,False,0.458,0.344,0.197,0,7,0.29,10
24,2025-03-07,0.1901,88.74,observed,88.74,87.2,86.6,85.65,84.36,83.19,81.49,overflow,drought,False,0.46,0.345,0.196,0,7,0.29,10
24,2025-03-08,0.1886,88.08,predicted,88.08,87.13,86.52,85.55,84.25,83.07,81.4,overflow,drought,False,0.458,0.345,0.197,0,7,0.57,6
24,2025-03-09,0.1884,87.98,predicted,87.98,87.02,86.41,85.45,84.16,82.95,81.32,overflow,drought,False,0.452,0.346,0.202,0,7,0.57,6
24,2025-03-10,0.1881,87.84,predicted,87.84,86.89,86.29,85.38,84.09,82.88,81.28,overflow,drought,False,0.438,0.347,0.215,0,7,0.29,10
24,2025-03-11,0.1893,88.4,predicted,88.4,87.44,86.77,85.77,84.48,83.35,81.54,overflow,drought,False,0.418,0.349,0.234,0,7,0.29,10
24,2025-03-12,0.19,88.73,predicted,88.73,87.81,87.1,86.09,84.82,83.78,81.76,overflow,drought,False,0.416,0.345,0.24,0,7,0.29,10
24,2025-03-13,0.1901,88.74,predicted,88.74,87.83,87.16,86.2,84.95,83.88,86.74,overflow,drought,False,0.41,0.342,0.248,0,7,0.29,10
24,2025-03-14,0.1898,88.64,predicted,88.64,87.72,87.1,86.17,84.91,86.74,81.92,overflow,drought,False,0.415,0.345,0.24,0,7,0.29,10
24,2025-03-15,0.1896,88.52,predicted,88.52,87.59,87.0,86.07,86.74,83.68,81.87,overflow,drought,False,0.434,0.346,0.22,0,7,0.29,10
24,2025-03-16,0.1893,88.41,predicted,88.41,87.48,86.9,86.74,84.7,83.58,81.8,overflow,drought,False,0.465,0.342,0.193,0,7,0.29,10
24,2025-03-17,0.1898,88.62,predicted,88.62,87.69,86.74,86.06,84.77,83.7,81.78,overflow,drought,False,0.487,0.338,0.175,0,7,0.29,10
24,2025-03-18,0.1896,88.52,predicted,88.52,86.74,86.97,86.01,84.73,83.64,81.75,overflow,drought,False,0.495,0.333,0.172,0,7,0.29,10
24,2025-03-19,0.1858,86.74,observed,86.74,87.59,86.94,85.96,84.68,83.55,81.71,overflow,drought,False,0.492,0.333,0.175,0,7,0.29,10
24,2025-03-20,0.1864,87.04,predicted,87.04,86.22,85.69,84.88,83.63,82.65,80.91,overflow,drought,False,0.49,0.333,0.177,0,7,0.57,6
24,2025-03-21,0.1863,86.98,predicted,86.98,86.16,85.61,84.77,83.52,82.53,80.81,overflow,drought,False,0.479,0.335,0.186,0,7,0.57,6
24,2025-03-22,0.1865,87.06,predicted,87.06,86.23,85.68,84.82,83.56,82.53,80.85,overflow,drought,False,0.455,0.339,0.205,0,7,0.29,10
24,2025-03-23,0.1865,87.07,predicted,87.07,86.24,85.72,84.87,83.62,82.61,80.92,overflow,drought,False,0.426,0.344,0.231,0,7,0.29,10
24,2025-03-24,0.1861,86.9,predicted,86.9,86.08,85.61,84.84,83.6,82.59,80.96,overflow,drought,False,0.396,0.348,0.255,0,7,0.29,10
24,2025-03-25,0.1861,86.9,predicted,86.9,86.06,85.59,84.79,83.55,82.52,81.13,overflow,drought,False,0.403,0.355,0.242,0,7,0.29,10
24,2025-03-26,0.1859,86.8,predicted,86.8,85.96,85.45,84.61,83.36,81.13,80.7,overflow,drought,False,0.505,0.338,0.158,0,7,0.29,10
24,2025-03-27,0.1859,86.8,predicted,86.8,85.95,85.43,84.59,81.13,82.3,80.68,overflow,drought,False,0.514,0.333,0.152,0,7,0.29,10
24,2025-03-28,0.1859,86.82,predicted,86.82,85.98,85.46,81.13,83.37,82.35,80.72,overflow,drought,False,0.505,0.335,0.161,0,7,0.29,10
24,2025-03-29,0.186,86.84,predicted,86.84,86.0,81.13,84.69,83.44,82.41,80.79,overflow,drought,False,0.479,0.342,0.178,0,7,0.29,10
24,2025-03-30,0.1856,86.67,predicted,86.67,81.13,85.36,84.58,83.34,82.29,80.73,overflow,drought,False,0.477,0.347,0.175,0,7,0.29,10
24,2025-03-31,0.1738,81.13,observed,81.13,85.85,85.35,84.54,83.29,82.22,80.67,overflow,drought,False,0.513,0.338,0.149,0,7,0.29,10
24,2025-04-01,0.1726,80.6,predicted,80.6,80.06,79.93,79.61,78.53,77.88,76.71,overflow,drought,False,0.539,0.33,0.132,0,7,0.57,6
24,2025-04-02,0.1722,80.41,predicted,80.41,79.9,79.78,79.48,78.41,77.83,76.59,overflow,drought,False,0.536,0.332,0.132,0,7,0.57,6
24,2025-04-03,0.1739,81.22,predicted,81.22,80.72,80.52,80.16,79.07,78.44,77.11,overflow,drought,False,0.562,0.321,0.117,0,7,0.29,10
24,2025-04-04,0.1745,81.49,predicted,81.49,81.03,80.84,80.55,79.47,78.88,77.46,overflow,drought,False,0.571,0.313,0.117,0,7,0.29,10
24,2025-04-05,0.1757,82.02,predicted,82.02,81.59,81.41,81.18,80.11,79.56,78.03,overflow,drought,False,0.57,0.304,0.126,0,7,0.29,10
24,2025-04-06,0.1759,82.12,predicted,82.12,81.68,81.49,81.24,80.17,79.58,77.09,overflow,drought,False,0.572,0.297,0.132,0,7,0.29,10
24,2025-04-07,0.1759,82.12,predicted,82.12,81.7,81.55,81.36,80.28,77.09,78.24,overflow,drought,False,0.566,0.292,0.142,0,7,0.29,10
24,2025-04-08,0.1762,82.25,predicted,82.25,81.81,81.67,81.44,77.09,79.74,78.32,overflow,drought,False,0.554,0.292,0.154,0,7,0.29,10
24,2025-04-09,0.1753,81.84,predicted,81.84,81.39,81.26,77.09,79.91,79.27,77.94,overflow,drought,False,0.55,0.294,0.156,0,7,0.29,10
24,2025-04-10,0.1744,81.42,predicted,81.42,80.95,77.09,80.54,79.45,78.8,77.53,overflow,drought,False,0.544,0.299,0.157,0,7,0.29,10
24,2025-04-11,0.1739,81.19,predicted,81.19,77.09,80.58,80.26,79.17,78.53,77.25,overflow,drought,False,0.537,0.303,0.16,0,7,0.29,10
24,2025-04-12,0.1651,77.09,observed,77.09,80.71,80.53,80.16,79.07,78.43,77.12,overflow,drought,False,0.526,0.308,0.166,0,7,0.29,10
24,2025-04-13,0.1625,75.86,predicted,75.86,75.58,75.68,75.67,74.73,74.36,73.38,overflow,drought,False,0.513,0.312,0.175,0,4,0.57,6
24,2025-04-14,0.162,75.65,predicted,75.65,75.38,75.47,75.44,74.51,74.17,73.17,overflow,drought,False,0.485,0.319,0.196,0,4,0.57,6
24,2025-04-15,0.1636,76.38,predicted,76.38,76.1,76.1,75.99,75.04,74.62,73.57,overflow,drought,False,0.438,0.328,0.234,0,5,0.29,10
24,2025-04-16,0.1635,76.36,predicted,76.36,76.08,76.1,76.01,75.07,74.64,73.61,overflow,drought,False,0.389,0.333,0.279,0,5,0.29,10
24,2025-04-17,0.1641,76.63,predicted,76.63,76.34,76.39,76.34,75.39,74.95,73.93,overflow,drought,False,0.349,0.336,0.315,0,5,0.29,10
24,2025-04-18,0.1642,76.66,predicted,76.66,76.37,76.42,76.34,75.38,74.94,70.84,overflow,drought,False,0.379,0.345,0.277,0,5,0.29,10
24,2025-04-19,0.1634,76.3,predicted,76.3,76.0,76.04,75.95,74.99,70.84,73.56,overflow,drought,False,0.449,0.344,0.207,0,4,0.29,10
24,2025-04-20,0.1634,76.3,predicted,76.3,76.0,76.07,76.01,70.84,74.59,73.63,overflow,drought,False,0.451,0.348,0.2,0,4,0.29,10
24,2025-04-21,0.163,76.11,predicted,76.11,75.81,75.85,70.84,74.78,74.32,73.36,overflow,drought,False,0.523,0.335,0.142,0,3,0.29,10
24,2025-04-22,0.1628,76.03,predicted,76.03,75.73,70.84,75.63,74.67,74.21,73.24,overflow,drought,False,0.541,0.329,0.13,0,3,0.29,10
24,2025-04-23,0.1632,76.18,predicted,76.18,70.84,75.92,75.84,74.89,74.44,73.44,overflow,drought,False,0.534,0.331,0.135,0,3,0.29,10
24,2025-04-24,0.1517,70.84,observed,70.84,76.12,76.14,76.06,75.11,74.68,73.64,normal,drought,False,0.526,0.335,0.139,0,4,0.29,10
24,2025-04-25,0.1472,68.73,predicted,68.73,68.7,69.02,69.31,68.58,68.55,67.83,normal,drought,False,0.547,0.326,0.127,0,0,0.57,6
24,2025-04-26,0.146,68.18,predicted,68.18,68.18,68.52,68.84,68.13,68.12,67.42,normal,drought,False,0.562,0.318,0.121,0,0,0.57,6
24,2025-04-27,0.1476,68.93,predicted,68.93,68.88,68.99,69.08,68.32,68.13,67.35,normal,drought,False,0.564,0.315,0.121,0,0,0.29,10
24,2025-04-28,0.1482,69.22,predicted,69.22,69.18,69.3,69.41,68.64,68.46,67.66,normal,drought,False,0.566,0.312,0.122,0,0,0.29,10
24,2025-04-29,0.1485,69.35,predicted,69.35,69.31,69.43,69.55,68.78,68.6,67.79,normal,drought,False,0.576,0.305,0.119,0,0,0.29,10
24,2025-04-30,0.1489,69.54,predicted,69.54,69.52,69.64,69.8,69.03,68.88,73.95,normal,drought,False,0.579,0.301,0.12,0,0,0.29,10
24,2025-05-01,0.1491,69.6,predicted,69.6,69.6,69.7,69.85,69.08,73.95,68.07,normal,drought,False,0.578,0.298,0.124,0,0,0.29,10
24,2025-05-02,0.1488,69.47,predicted,69.47,69.46,69.57,69.67,73.95,68.75,67.92,normal,drought,False,0.572,0.299,0.129,0,0,0.29,10
24,2025-05-03,0.1482,69.2,predicted,69.2,69.17,69.29,73.95,68.59,68.41,67.63,normal,drought,False,0.566,0.303,0.131,0,0,0.29,10
24,2025-05-04,0.1478,69.01,predicted,69.01,68.96,73.95,69.14,68.36,68.16,67.42,normal,drought,False,0.556,0.308,0.135,0,0,0.29,10
24,2025-05-05,0.1477,68.96,predicted,68.96,73.95,69.01,69.04,68.26,68.02,67.32,normal,drought,False,0.541,0.317,0.142,0,0,0.29,10
24,2025-05-06,0.1584,73.95,observed,73.95,69.01,69.14,69.19,68.4,68.16,67.46,normal,drought,False,0.54,0.319,0.141,0,0,0.29,10
24,2025-05-07,0.1562,72.96,predicted,72.96,72.76,72.67,72.48,71.58,71.14,70.22,normal,drought,False,0.546,0.318,0.136,0,0,0.57,6
24,2025-05-08,0.1567,73.18,predicted,73.18,72.98,72.88,72.68,71.77,71.35,70.4,normal,drought,False,0.539,0.321,0.14,0,0,0.57,6
24,2025-05-09,0.1554,72.55,predicted,72.55,72.4,72.49,72.49,71.64,71.33,70.47,normal,drought,False,0.528,0.324,0.149,0,0,0.29,10
24,2025-05-10,0.1555,72.6,predicted,72.6,72.43,72.49,72.45,71.59,71.27,70.41,normal,drought,False,0.52,0.327,0.154,0,0,0.29,10
24,2025-05-11,0.1553,72.5,predicted,72.5,72.33,72.44,72.45,71.59,71.27,70.45,normal,drought,False,0.501,0.333,0.166,0,0,0.29,10
24,2025-05-12,0.1546,72.18,predicted,72.18,72.0,72.15,72.2,71.34,70.98,64.01,normal,drought,False,0.496,0.337,0.167,0,0,0.29,10
24,2025-05-13,0.1545,72.13,predicted,72.13,71.94,72.1,72.14,71.29,64.01,70.2,normal,drought,False,0.494,0.343,0.163,0,0,0.29,10
24,2025-05-14,0.1546,72.2,predicted,72.2,72.0,72.11,72.1,64.01,70.87,70.12,normal,drought,False,0.527,0.336,0.137,0,0,0.29,10
24,2025-05-15,0.1543,72.06,predicted,72.06,71.85,71.92,64.01,71.01,70.64,69.86,normal,drought,False,0.573,0.318,0.11,0,0,0.29,10
24,2025-05-16,0.1544,72.08,predicted,72.08,71.88,64.01,71.89,71.03,70.66,69.88,normal,drought,False,0.575,0.317,0.108,0,0,0.29,10
24,2025-05-17,0.1545,72.16,predicted,72.16,64.01,72.0,71.93,71.06,70.72,69.89,normal,drought,False,0.584,0.312,0.104,0,0,0.29,10
24,2025-05-18,0.1371,64.01,observed,64.01,72.2,72.24,72.2,71.34,71.08,70.13,normal,drought,False,0.584,0.31,0.106,0,0,0.29,10
24,2025-05-19,0.1316,61.46,predicted,61.46,61.62,62.1,62.61,62.11,62.36,61.84,normal,drought,False,0.566,0.315,0.119,0,0,0.57,6
24,2025-05-20,0.1304,60.88,predicted,60.88,61.08,61.56,62.1,61.62,61.93,61.38,normal,drought,False,0.559,0.318,0.123,0,0,0.57,6
24,2025-05-21,0.1331,62.13,predicted,62.13,62.15,61.98,61.85,61.22,61.14,60.32,normal,drought,False,0.569,0.312,0.119,0,0,0.29,10
24,2025-05-22,0.133,62.08,predicted,62.08,62.09,61.93,61.76,61.12,61.02,60.23,normal,drought,False,0.58,0.306,0.114,0,0,0.29,10
24,2025-05-23,0.1329,62.06,predicted,62.06,62.05,61.88,61.67,61.01,60.89,60.13,normal,drought,False,0.588,0.302,0.11,0,0,0.29,10
24,2025-05-24,0.1324,61.8,predicted,61.8,61.76,61.59,61.35,60.69,60.5,54.88,normal,drought,False,0.59,0.302,0.108,0,0,0.29,10
24,2025-05-25,0.1319,61.61,predicted,61.61,61.56,61.35,61.07,60.4,54.88,59.5,normal,drought,False,0.586,0.306,0.109,0,0,0.29,10
24,2025-05-26,0.132,61.65,predicted,61.65,61.6,61.34,61.02,54.88,60.19,59.42,normal,drought,False,0.584,0.307,0.109,0,0,0.29,10
24,2025-05-27,0.132,61.61,predicted,61.61,61.56,61.32,54.88,60.37,60.18,59.45,normal,drought,False,0.585,0.306,0.109,0,0,0.29,10
24,2025-05-28,0.132,61.66,predicted,61.66,61.6,54.88,61.08,60.42,60.23,59.5,normal,drought,False,0.58,0.309,0.111,0,0,0.29,10
24,2025-05-29,0.1319,61.58,predicted,61.58,54.88,61.28,61.0,60.34,60.08,59.44,normal,drought,False,0.57,0.314,0.116,0,0,0.29,10
24,2025-05-30,0.1175,54.88,observed,54.88,61.43,61.21,60.94,60.28,59.99,59.38,normal,drought,False,0.548,0.324,0.128,0,0,0.29,10
24,2025-05-31,0.1142,53.32,predicted,53.32,53.45,53.55,53.67,53.33,53.47,53.04,normal,drought,False,0.515,0.339,0.146,0,0,0.57,6
24,2025-06-01,0.1126,52.6,predicted,52.6,52.72,52.74,52.79,52.45,52.59,52.13,normal,drought,False,0.534,0.332,0.134,0,0,0.57,6
24,2025-06-02,0.1137,53.11,predicted,53.11,52.89,51.93,50.96,50.41,50.11,49.09,normal,drought,False,0.546,0.328,0.126,0,0,0.29,10
24,2025-06-03,0.113,52.76,predicted,52.76,52.53,51.63,50.71,50.16,49.82,48.9,normal,drought,False,0.577,0.314,0.109,0,0,0.29,10
24,2025-06-04,0.113,52.75,predicted,52.75,52.52,51.6,50.66,50.11,49.77,48.85,normal,drought,False,0.582,0.312,0.106,0,0,0.29,10
24,2025-06-05,0.1125,52.53,predicted,52.53,52.29,51.41,50.5,49.95,49.59,52.39,normal,drought,False,0.592,0.307,0.101,0,0,0.29,10
24,2025-06-06,0.1126,52.57,predicted,52.57,52.34,51.43,50.51,49.96,52.39,48.71,normal,drought,False,0.587,0.309,0.104,0,0,0.29,10
24,2025-06-07,0.1128,52.65,predicted,52.65,52.42,51.5,50.57,52.39,49.67,48.75,normal,drought,False,0.578,0.315,0.108,0,0,0.29,10
24,2025-06-08,0.1125,52.53,predicted,52.53,52.28,51.39,52.39,49.95,49.56,48.7,normal,drought,False,0.585,0.311,0.104,0,0,0.29,10
24,2025-06-09,0.1122,52.39,predicted,52.39,52.14,52.39,50.38,49.83,49.41,48.61,normal,drought,False,0.591,0.307,0.102,0,0,0.29,10
24,2025-06-10,0.1121,52.35,predicted,52.35,52.39,51.19,50.29,49.75,49.31,48.51,normal,drought,False,0.591,0.307,0.102,0,0,0.29,10
24,2025-06-11,0.1122,52.39,observed,52.39,51.82,50.93,50.04,49.5,49.13,48.27,normal,drought,False,0.595,0.304,0.101,0,0,0.29,10
24,2025-06-12,0.1069,49.9,predicted,49.9,49.77,49.0,48.35,47.93,47.75,46.91,normal,drought,False,0.581,0.31,0.109,0,0,0.57,6
24,2025-06-13,0.1079,50.4,predicted,50.4,50.29,49.53,48.89,48.47,48.32,47.45,normal,drought,False,0.571,0.313,0.116,0,0,0.57,6
24,2025-06-14,0.1077,50.3,predicted,50.3,50.11,49.18,48.35,47.87,47.59,46.68,normal,drought,False,0.59,0.304,0.106,0,0,0.29,10
24,2025-06-15,0.1078,50.34,predicted,50.34,50.2,49.29,48.53,48.07,47.88,46.88,normal,drought,False,0.588,0.304,0.109,0,0,0.29,10
24,2025-06-16,0.108,50.42,predicted,50.42,50.34,49.46,48.78,48.33,48.2,47.19,normal,drought,False,0.582,0.304,0.114,0,0,0.29,10
24,2025-06-17,0.1088,50.81,predicted,50.81,50.76,49.89,49.18,48.73,48.69,51.95,normal,drought,False,0.573,0.305,0.122,0,0,0.29,10
24,2025-06-18,0.1093,51.05,predicted,51.05,51.0,50.15,49.44,48.98,51.95,47.87,normal,drought,False,0.564,0.308,0.128,0,0,0.29,10
24,2025-06-19,0.1098,51.26,predicted,51.26,51.17,50.36,49.63,51.95,49.02,48.07,normal,drought,False,0.562,0.309,0.129,0,0,0.29,10
24,2025-06-20,0.1093,51.03,predicted,51.03,50.88,50.07,51.95,48.76,48.5,47.67,normal,drought,False,0.562,0.311,0.127,0,0,0.29,10
24,2025-06-21,0.1085,50.66,predicted,50.66,50.46,51.95,48.74,48.21,47.88,47.09,normal,drought,False,0.557,0.316,0.127,0,0,0.29,10
24,2025-06-22,0.1078,50.35,predicted,50.35,51.95,49.21,48.27,47.75,47.38,46.57,normal,drought,False,0.554,0.318,0.128,0,0,0.29,10
24,2025-06-23,0.1113,51.95,observed,51.95,49.94,48.98,48.0,47.47,47.07,46.25,normal,drought,False,0.545,0.323,0.132,0,0,0.29,10
24,2025-06-24,0.1071,50.0,predicted,50.0,49.74,48.72,47.68,47.17,46.79,45.9,normal,drought,False,0.527,0.332,0.142,0,0,0.57,6
24,2025-06-25,0.1068,49.85,predicted,49.85,49.57,48.57,47.56,47.05,46.62,45.78,normal,drought,False,0.524,0.334,0.142,0,0,0.57,6
24,2025-06-26,0.1062,49.58,predicted,49.58,49.27,48.22,47.16,46.65,46.2,45.35,normal,drought,False,0.539,0.328,0.133,0,0,0.29,10
24,2025-06-27,0.106,49.5,predicted,49.5,49.2,48.14,47.09,46.59,46.18,45.28,normal,drought,False,0.518,0.336,0.146,0,0,0.29,10
24,2025-06-28,0.1068,49.89,predicted,49.89,49.61,48.55,47.5,47.01,46.62,45.66,normal,drought,False,0.495,0.346,0.159,0,0,0.29,10
24,2025-06-29,0.1069,49.94,predicted,49.94,49.67,48.6,47.55,47.05,46.73,48.47,normal,drought,False,0.514,0.342,0.143,0,0,0.29,10
24,2025-06-30,0.107,49.96,predicted,49.96,49.7,48.65,47.61,47.12,48.47,45.8,normal,drought,False,0.541,0.332,0.127,0,0,0.29,10
24,2025-07-01,0.1069,49.92,predicted,49.92,49.66,48.66,47.67,48.47,46.82,45.91,normal,drought,False,0.567,0.321,0.112,0,0,0.29,10
24,2025-07-02,0.1063,49.63,predicted,49.63,49.35,48.41,48.47,46.98,46.56,45.78,normal,drought,False,0.587,0.31,0.103,0,0,0.29,10
24,2025-07-03,0.1059,49.47,predicted,49.47,49.17,48.47,47.26,46.76,46.32,45.55,normal,drought,False,0.591,0.308,0.101,0,0,0.29,10
24,2025-07-04,0.1058,49.41,predicted,49.41,48.47,48.12,47.11,46.61,46.17,45.37,normal,drought,False,0.591,0.309,0.101,0,0,0.29,10
24,2025-07-05,0.1038,48.47,observed,48.47,49.03,48.05,47.05,46.56,46.09,45.31,normal,drought,False,0.59,0.309,0.1,0,0,0.29,10
24,2025-07-06,0.0988,46.13,predicted,46.13,45.89,45.05,44.22,43.84,43.52,42.86,normal,drought,False,0.598,0.305,0.096,0,0,0.57,6
24,2025-07-07,0.0979,45.72,predicted,45.72,45.47,44.64,43.82,43.46,43.13,42.49,normal,drought,False,0.6,0.304,0.095,0,0,0.57,6
24,2025-07-08,0.098,45.77,predicted,45.77,45.42,44.39,43.38,42.95,42.46,41.78,normal,drought,False,0.597,0.307,0.096,0,0,0.29,10
24,2025-07-09,0.0981,45.82,predicted,45.82,45.46,44.41,43.35,42.92,42.44,41.71,normal,drought,False,0.597,0.307,0.096,0,0,0.29,10
24,2025-07-10,0.0982,45.87,predicted,45.87,45.51,44.42,43.32,42.89,42.44,41.65,normal,drought,False,0.595,0.308,0.096,0,0,0.29,10
24,2025-07-11,0.0982,45.87,predicted,45.87,45.53,44.42,43.3,42.86,42.47,46.33,normal,drought,False,0.602,0.304,0.093,0,0,0.29,10
24,2025-07-12,0.0983,45.88,predicted,45.88,45.54,44.48,43.4,42.98,46.33,41.76,normal,drought,False,0.602,0.305,0.093,0,0,0.29,10
24,2025-07-13,0.0983,45.9,predicted,45.9,45.56,44.5,43.43,46.33,42.61,41.79,normal,drought,False,0.61,0.3,0.09,0,0,0.29,10
24,2025-07-14,0.0979,45.71,predicted,45.71,45.38,44.37,46.33,42.94,42.54,41.79,normal,drought,False,0.612,0.298,0.09,0,0,0.29,10
24,2025-07-15,0.0979,45.73,predicted,45.73,45.41,46.33,43.45,43.02,42.61,41.88,normal,drought,False,0.611,0.298,0.091,0,0,0.29,10
24,2025-07-16,0.0982,45.84,predicted,45.84,46.33,44.51,43.53,43.11,42.7,41.95,normal,drought,False,0.612,0.297,0.091,0,0,0.29,10
24,2025-07-17,0.0992,46.33,observed,46.33,45.45,44.42,43.44,43.02,42.67,41.86,normal,drought,False,0.613,0.296,0.091,0,0,0.29,10
24,2025-07-18,0.0941,43.94,predicted,43.94,43.72,42.79,41.94,41.61,41.38,40.62,normal,drought,False,0.614,0.295,0.092,0,0,0.57,6
24,2025-07-19,0.094,43.88,predicted,43.88,43.68,42.75,41.91,41.58,41.38,40.6,normal,drought,False,0.614,0.294,0.092,0,0,0.57,6
24,2025-07-20,0.0942,43.97,predicted,43.97,43.72,42.74,41.85,41.48,41.21,40.43,normal,drought,False,0.611,0.295,0.094,0,0,0.29,10
24,2025-07-21,0.0941,43.94,predicted,43.94,43.73,42.76,41.93,41.57,41.33,40.55,normal,drought,False,0.61,0.295,0.095,0,0,0.29,10
24,2025-07-22,0.0944,44.07,predicted,44.07,43.87,42.93,42.14,41.79,41.55,40.79,normal,drought,False,0.613,0.292,0.094,0,0,0.29,10
24,2025-07-23,0.0946,44.19,predicted,44.19,44.0,43.06,42.26,41.92,41.69,42.83,normal,drought,False,0.614,0.291,0.095,0,0,0.29,10
24,2025-07-24,0.0949,44.29,predicted,44.29,44.11,43.16,42.35,42.01,42.83,41.0,normal,drought,False,0.611,0.292,0.097,0,0,0.29,10
24,2025-07-25,0.0947,44.23,predicted,44.23,44.03,43.1,42.29,42.83,41.68,40.94,normal,drought,False,0.605,0.296,0.1,0,0,0.29,10
24,2025-07-26,0.0947,44.2,predicted,44.2,43.99,43.05,42.83,41.88,41.59,40.88,normal,drought,False,0.6,0.298,0.102,0,0,0.29,10
24,2025-07-27,0.0946,44.16,predicted,44.16,43.95,42.83,42.16,41.81,41.52,40.78,normal,drought,False,0.591,0.303,0.106,0,0,0.29,10
24,2025-07-28,0.0949,44.32,predicted,44.32,42.83,43.12,42.25,41.89,41.57,40.85,normal,drought,False,0.587,0.306,0.108,0,0,0.29,10
24,2025-07-29,0.0917,42.83,observed,42.83,44.0,43.0,42.06,41.69,41.33,40.63,normal,drought,False,0.586,0.307,0.107,0,0,0.29,10
24,2025-07-30,0.0879,41.06,predicted,41.06,40.86,40.01,39.21,38.97,38.74,38.16,normal,drought,False,0.58,0.313,0.108,0,0,0.57,6
24,2025-07-31,0.087,40.61,predicted,40.61,40.39,39.51,38.66,38.41,38.18,37.59,normal,drought,False,0.587,0.31,0.103,0,0,0.57,6
24,2025-08-01,0.087,40.62,predicted,40.62,40.33,39.3,38.29,38.0,37.7,37.0,normal,drought,False,0.584,0.313,0.103,0,0,0.29,10
24,2025-08-02,0.0869,40.57,predicted,40.57,40.34,39.28,38.32,38.05,37.85,37.03,normal,drought,False,0.577,0.316,0.107,0,0,0.29,10
24,2025-08-03,0.0874,40.8,predicted,40.8,40.63,39.58,38.7,38.45,38.34,37.45,normal,drought,False,0.566,0.321,0.113,0,0,0.29,10
24,2025-08-04,0.0873,40.78,predicted,40.78,40.67,39.7,38.98,38.75,38.7,36.43,normal,drought,False,0.567,0.32,0.113,0,0,0.29,10
24,2025-08-05,0.0887,41.43,predicted,41.43,41.39,40.47,39.88,39.66,36.43,38.79,normal,drought,False,0.57,0.314,0.115,0,0,0.29,10
24,2025-08-06,0.0893,41.71,predicted,41.71,41.67,40.8,40.22,36.43,39.98,39.17,normal,drought,False,0.57,0.312,0.118,0,0,0.29,10
24,2025-08-07,0.0896,41.82,predicted,41.82,41.74,40.89,36.43,39.99,39.91,39.19,normal,drought,False,0.569,0.311,0.12,0,0,0.29,10
24,2025-08-08,0.0891,41.6,predicted,41.6,41.46,36.43,39.92,39.65,39.49,38.84,normal,drought,False,0.568,0.312,0.12,0,0,0.29,10
24,2025-08-09,0.0886,41.38,predicted,41.38,36.43,40.35,39.59,39.31,39.11,38.47,normal,drought,False,0.57,0.312,0.118,0,0,0.29,10
24,2025-08-10,0.078,36.43,observed,36.43,40.82,39.91,39.11,38.83,38.6,37.96,normal,drought,False,0.582,0.306,0.112,0,0,0.29,10
24,2025-08-11,0.0738,34.47,predicted,34.47,34.47,33.9,33.51,33.51,33.53,33.21,normal,drought,False,0.586,0.305,0.109,0,0,0.57,6
24,2025-08-12,0.0722,33.73,predicted,33.73,33.73,33.17,32.82,32.85,32.86,32.57,normal,drought,False,0.587,0.305,0.108,0,0,0.57,6
24,2025-08-13,0.073,34.08,predicted,34.08,33.99,33.21,32.63,32.58,32.49,32.07,normal,drought,False,0.581,0.308,0.111,0,0,0.29,10
24,2025-08-14,0.0734,34.27,predicted,34.27,34.19,33.37,32.77,32.73,32.66,32.18,normal,drought,False,0.566,0.315,0.119,0,0,0.29,10
24,2025-08-15,0.0738,34.48,predicted,34.48,34.41,33.6,33.01,32.97,32.92,32.42,normal,drought,False,0.542,0.326,0.132,0,0,0.29,10
24,2025-08-16,0.0737,34.39,predicted,34.39,34.32,33.51,32.92,32.87,32.81,32.67,normal,drought,False,0.535,0.329,0.136,0,0,0.29,10
24,2025-08-17,0.0742,34.65,predicted,34.65,34.56,33.73,33.09,33.03,32.67,32.43,normal,drought,False,0.522,0.334,0.144,0,0,0.29,10
24,2025-08-18,0.0743,34.7,predicted,34.7,34.61,33.8,33.17,32.67,33.06,32.53,normal,drought,False,0.532,0.331,0.137,0,0,0.29,10
24,2025-08-19,0.0736,34.35,predicted,34.35,34.24,33.45,32.67,32.78,32.68,32.24,normal,drought,False,0.558,0.323,0.119,0,0,0.29,10
24,2025-08-20,0.0735,34.31,predicted,34.31,34.17,32.67,32.78,32.7,32.54,32.19,normal,drought,False,0.568,0.319,0.114,0,0,0.29,10
24,2025-08-21,0.0736,34.38,predicted,34.38,32.67,33.38,32.65,32.55,32.38,31.97,normal,drought,False,0.571,0.317,0.112,0,0,0.29,10
24,2025-08-22,0.07,32.67,observed,32.67,34.27,33.37,32.55,32.44,32.3,31.8,normal,drought,False,0.573,0.318,0.109,0,0,0.29,10
24,2025-08-23,0.0655,30.58,predicted,30.58,30.53,29.86,29.35,29.41,29.43,29.11,normal,drought,False,0.578,0.315,0.106,0,0,0.57,6
24,2025-08-24,0.0645,30.13,predicted,30.13,30.12,29.47,29.03,29.12,29.17,28.86,normal,drought,False,0.577,0.316,0.107,0,0,0.57,6
24,2025-08-25,0.0652,30.44,predicted,30.44,30.35,29.63,29.08,29.1,29.06,28.75,normal,drought,False,0.573,0.318,0.109,0,0,0.29,10
24,2025-08-26,0.0657,30.68,predicted,30.68,30.58,29.81,29.17,29.18,29.15,28.77,normal,drought,False,0.577,0.316,0.107,0,0,0.29,10
24,2025-08-27,0.0648,30.24,predicted,30.24,30.15,29.45,28.91,28.93,28.88,28.59,normal,drought,False,0.579,0.315,0.106,0,0,0.29,10
24,2025-08-28,0.0645,30.13,predicted,30.13,30.03,29.34,28.82,28.84,28.76,27.69,normal,drought,False,0.58,0.314,0.106,0,0,0.29,10
24,2025-08-29,0.0646,30.16,predicted,30.16,30.07,29.37,28.84,28.87,27.69,28.52,normal,drought,False,0.582,0.312,0.106,0,0,0.29,10
24,2025-08-30,0.0648,30.28,predicted,30.28,30.19,29.47,28.91,27.69,28.89,28.59,normal,drought,False,0.589,0.308,0.103,0,0,0.29,10
24,2025-08-31,0.0648,30.28,predicted,30.28,30.21,29.47,27.69,28.96,28.92,28.59,normal,drought,False,0.59,0.307,0.104,0,0,0.29,10
25,2025-03-01,0.1846,91.17,predicted,91.17,89.94,89.05,87.45,86.1,84.79,94.91,overflow,overflow,True,0.005,0.093,0.902,0,7,0.29,10
25,2025-03-02,0.1845,91.14,predicted,91.14,89.92,89.03,87.44,86.09,94.91,82.46,overflow,overflow,True,0.006,0.102,0.892,0,7,0.29,10
25,2025-03-03,0.1845,91.14,predicted,91.14,89.92,89.05,87.47,94.91,84.82,82.51,overflow,overflow,True,0.006,0.102,0.891,0,7,0.29,10
25,2025-03-04,0.1846,91.17,predicted,91.17,89.94,89.08,94.91,86.15,84.82,82.56,overflow,overflow,True,0.006,0.096,0.899,0,7,0.29,10
25,2025-03-05,0.1846,91.2,predicted,91.2,89.96,94.91,87.54,86.18,84.82,82.61,overflow,overflow,True,0.004,0.082,0.914,0,7,0.29,10
25,2025-03-06,0.1847,91.21,predicted,91.21,94.91,89.12,87.56,86.19,84.8,82.66,overflow,overflow,True,0.004,0.078,0.918,0,7,0.29,10
25,2025-03-07,0.1922,94.91,observed,94.91,89.96,89.12,87.56,86.18,84.76,82.67,overflow,overflow,True,0.004,0.08,0.916,0,7,0.29,10
25,2025-03-08,0.1849,91.34,predicted,91.34,90.05,89.17,87.56,86.17,84.71,82.62,overflow,overflow,True,0.004,0.083,0.913,0,7,0.57,6
25,2025-03-09,0.1849,91.34,predicted,91.34,90.04,89.17,87.57,86.18,84.71,82.65,overflow,overflow,True,0.004,0.087,0.909,0,7,0.57,6
25,2025-03-10,0.1849,91.32,predicted,91.32,90.02,89.16,87.58,86.19,84.73,82.67,overflow,overflow,True,0.004,0.092,0.904,0,7,0.29,10
25,2025-03-11,0.185,91.38,predicted,91.38,90.08,89.16,87.51,86.13,84.73,82.53,overflow,overflow,True,0.008,0.135,0.857,0,7,0.29,10
25,2025-03-12,0.1848,91.29,predicted,91.29,90.02,89.1,87.44,86.08,84.77,82.43,overflow,overflow,True,0.004,0.127,0.868,0,7,0.29,10
25,2025-03-13,0.1848,91.27,predicted,91.27,90.01,89.12,87.54,86.2,84.85,90.62,overflow,overflow,True,0.004,0.091,0.905,0,7,0.29,10
25,2025-03-14,0.1848,91.28,predicted,91.28,90.02,89.16,87.59,86.24,90.62,82.64,overflow,overflow,True,0.004,0.082,0.914,0,7,0.29,10
25,2025-03-15,0.1849,91.31,predicted,91.31,90.04,89.18,87.62,90.62,84.84,82.67,overflow,overflow,True,0.004,0.076,0.921,0,7,0.29,10
25,2025-03-16,0.1849,91.3,predicted,91.3,90.03,89.18,90.62,86.23,84.82,82.66,overflow,overflow,True,0.004,0.076,0.921,0,7,0.29,10
25,2025-03-17,0.1849,91.3,predicted,91.3,90.04,90.62,87.48,86.11,84.75,82.48,overflow,overflow,True,0.005,0.084,0.91,0,7,0.29,10
25,2025-03-18,0.1848,91.29,predicted,91.29,90.62,89.12,87.49,86.12,84.75,82.49,overflow,overflow,True,0.004,0.077,0.919,0,7,0.29,10
25,2025-03-19,0.1835,90.62,observed,90.62,90.05,89.14,87.5,86.12,84.72,82.5,overflow,overflow,True,0.004,0.07,0.926,0,7,0.29,10
25,2025-03-20,0.1831,90.42,predicted,90.42,89.32,88.58,87.25,85.91,84.72,82.61,overflow,overflow,True,0.004,0.074,0.922,0,7,0.57,6
25,2025-03-21,0.1829,90.36,predicted,90.36,89.26,88.53,87.22,85.88,84.69,82.61,overflow,overflow,True,0.004,0.072,0.924,0,7,0.57,6
25,2025-03-22,0.1831,90.42,predicted,90.42,89.32,88.63,87.34,86.0,84.78,82.76,overflow,overflow,True,0.003,0.071,0.925,0,7,0.29,10
25,2025-03-23,0.183,90.41,predicted,90.41,89.32,88.64,87.36,86.02,84.82,82.79,overflow,overflow,True,0.004,0.075,0.922,0,7,0.29,10
25,2025-03-24,0.1829,90.34,predicted,90.34,89.25,88.6,87.34,86.01,84.8,82.81,overflow,overflow,True,0.003,0.075,0.922,0,7,0.29,10
25,2025-03-25,0.183,90.37,predicted,90.37,89.26,88.59,87.31,85.96,84.74,81.18,overflow,overflow,True,0.003,0.071,0.926,0,7,0.29,10
25,2025-03-26,0.1829,90.36,predicted,90.36,89.25,88.56,87.25,85.9,81.18,82.68,overflow,overflow,True,0.004,0.074,0.922,0,7,0.29,10
25,2025-03-27,0.1829,90.33,predicted,90.33,89.22,88.53,87.24,81.18,84.66,82.69,overflow,overflow,True,0.004,0.073,0.923,0,7,0.29,10
25,2025-03-28,0.1829,90.33,predicted,90.33,89.22,88.54,81.18,85.9,84.68,82.7,overflow,overflow,True,0.004,0.074,0.922,0,7,0.29,10
25,2025-03-29,0.1828,90.31,predicted,90.31,89.21,81.18,87.26,85.92,84.69,82.73,overflow,overflow,True,0.003,0.076,0.92,0,7,0.29,10
25,2025-03-30,0.1827,90.24,predicted,90.24,81.18,88.48,87.24,85.9,84.65,82.73,overflow,overflow,True,0.003,0.079,0.918,0,7,0.29,10
25,2025-03-31,0.1644,81.18,observed,81.18,89.15,88.48,87.22,85.87,84.62,82.7,overflow,overflow,True,0.004,0.077,0.92,0,7,0.29,10
25,2025-04-01,0.1676,82.76,predicted,82.76,82.15,82.03,81.64,80.5,79.89,78.53,overflow,overflow,True,0.003,0.077,0.92,0,7,0.57,6
25,2025-04-02,0.1667,82.35,predicted,82.35,81.8,81.7,81.35,80.22,79.71,78.3,overflow,overflow,True,0.003,0.076,0.92,0,7,0.57,6
25,2025-04-03,0.1694,83.67,predicted,83.67,83.14,82.97,82.57,81.44,80.84,79.32,overflow,overflow,True,0.004,0.081,0.914,0,7,0.29,10
25,2025-04-04,0.17,83.97,predicted,83.97,83.48,83.31,82.96,81.83,81.28,79.66,overflow,overflow,True,0.004,0.095,0.901,0,7,0.29,10
25,2025-04-05,0.1707,84.32,predicted,84.32,83.86,83.7,83.42,82.31,81.79,80.08,overflow,overflow,True,0.004,0.13,0.866,0,7,0.29,10
25,2025-04-06,0.171,84.48,predicted,84.48,84.01,83.85,83.55,82.43,81.86,73.82,overflow,overflow,True,0.004,0.083,0.913,0,6,0.29,10
25,2025-04-07,0.1708,84.35,predicted,84.35,83.89,83.78,83.54,82.41,73.82,80.21,overflow,overflow,True,0.004,0.088,0.908,0,6,0.29,10
25,2025-04-08,0.1708,84.35,predicted,84.35,83.87,83.77,83.5,73.82,81.77,80.2,overflow,overflow,True,0.004,0.076,0.92,0,6,0.29,10
25,2025-04-09,0.17,83.98,predicted,83.98,83.48,83.4,73.82,81.94,81.31,79.84,overflow,overflow,True,0.004,0.071,0.925,0,6,0.29,10
25,2025-04-10,0.1693,83.61,predicted,83.61,83.1,73.82,82.67,81.52,80.88,79.47,overflow,overflow,True,0.004,0.069,0.927,0,6,0.29,10
25,2025-04-11,0.1691,83.52,predicted,83.52,73.82,82.89,82.48,81.32,80.69,79.27,overflow,overflow,True,0.005,0.074,0.921,0,6,0.29,10
25,2025-04-12,0.1495,73.82,observed,73.82,82.96,82.81,82.35,81.19,80.56,79.12,normal,overflow,False,0.004,0.072,0.924,0,6,0.29,10
25,2025-04-13,0.1492,73.68,predicted,73.68,73.56,73.88,74.08,73.19,73.06,72.22,normal,overflow,False,0.004,0.069,0.928,0,0,0.57,6
25,2025-04-14,0.1479,73.07,predicted,73.07,72.97,73.3,73.51,72.64,72.55,71.72,normal,overflow,False,0.004,0.069,0.928,0,0,0.57,6
25,2025-04-15,0.1507,74.44,predicted,74.44,74.31,74.48,74.54,73.63,73.4,72.47,normal,overflow,False,0.003,0.07,0.926,0,0,0.29,10
25,2025-04-16,0.1506,74.39,predicted,74.39,74.26,74.47,74.57,73.67,73.44,72.54,normal,overflow,False,0.003,0.069,0.928,0,0,0.29,10
25,2025-04-17,0.151,74.6,predicted,74.6,74.48,74.72,74.87,73.97,73.74,72.84,normal,overflow,False,0.003,0.067,0.93,0,0,0.29,10
25,2025-04-18,0.1511,74.64,predicted,74.64,74.51,74.77,74.92,74.02,73.79,46.83,normal,overflow,False,0.003,0.068,0.929,0,0,0.29,10
25,2025-04-19,0.1504,74.29,predicted,74.29,74.16,74.4,74.53,73.63,46.83,72.51,normal,overflow,False,0.003,0.079,0.918,0,0,0.29,10
25,2025-04-20,0.1504,74.3,predicted,74.3,74.17,74.43,74.58,46.83,73.43,72.57,normal,overflow,False,0.003,0.08,0.917,0,0,0.29,10
25,2025-04-21,0.1501,74.14,predicted,74.14,74.0,74.22,46.83,73.42,73.16,72.3,normal,overflow,False,0.003,0.091,0.906,0,0,0.29,10
25,2025-04-22,0.1503,74.23,predicted,74.23,74.09,46.83,74.39,73.48,73.23,72.34,normal,overflow,False,0.003,0.094,0.903,0,0,0.29,10
25,2025-04-23,0.1506,74.41,predicted,74.41,46.83,74.48,74.6,73.7,73.47,72.54,normal,overflow,False,0.003,0.092,0.905,0,0,0.29,10
25,2025-04-24,0.0948,46.83,observed,46.83,74.38,74.57,74.69,73.8,73.58,72.63,normal,overflow,False,0.003,0.091,0.906,0,0,0.29,10
25,2025-04-25,0.0985,48.64,predicted,48.64,49.05,49.83,50.55,50.43,51.19,51.07,normal,overflow,False,0.003,0.088,0.909,0,0,0.57,6
25,2025-04-26,0.0946,46.73,predicted,46.73,47.17,47.91,48.63,48.57,49.35,49.25,normal,overflow,False,0.003,0.087,0.91,0,0,0.57,6
25,2025-04-27,0.0953,47.05,predicted,47.05,46.94,45.94,45.03,44.62,44.58,43.6,normal,overflow,False,0.003,0.087,0.91,0,0,0.29,10
25,2025-04-28,0.0956,47.23,predicted,47.23,47.14,46.15,45.27,44.86,44.85,43.85,normal,overflow,False,0.004,0.087,0.909,0,0,0.29,10
25,2025-04-29,0.0964,47.61,predicted,47.61,47.58,46.6,45.82,45.41,45.43,44.42,normal,overflow,False,0.004,0.089,0.907,0,0,0.29,10
25,2025-04-30,0.0974,48.12,predicted,48.12,48.15,47.17,46.44,46.04,46.17,70.44,normal,overflow,False,0.005,0.1,0.895,0,0,0.29,10
25,2025-05-01,0.0978,48.31,predicted,48.31,48.39,47.42,46.71,46.31,70.44,45.37,normal,overflow,False,0.006,0.106,0.888,0,0,0.29,10
25,2025-05-02,0.0979,48.37,predicted,48.37,48.39,47.48,46.73,70.44,46.41,45.4,normal,overflow,False,0.004,0.082,0.915,0,0,0.29,10
25,2025-05-03,0.0973,48.05,predicted,48.05,48.01,47.12,70.44,45.86,45.87,44.95,normal,overflow,False,0.004,0.08,0.917,0,0,0.29,10
25,2025-05-04,0.0966,47.69,predicted,47.69,47.6,70.44,45.79,45.34,45.27,44.39,normal,overflow,False,0.003,0.078,0.918,0,0,0.29,10
25,2025-05-05,0.0963,47.57,predicted,47.57,70.44,46.49,45.52,45.06,44.91,44.07,normal,overflow,False,0.003,0.079,0.918,0,0,0.29,10
25,2025-05-06,0.1426,70.44,observed,70.44,47.4,46.42,45.48,45.02,44.84,43.98,normal,overflow,False,0.003,0.083,0.914,0,0,0.29,10
25,2025-05-07,0.1428,70.54,predicted,70.54,69.76,67.86,65.43,64.22,62.98,61.13,normal,overflow,False,0.003,0.084,0.912,0,0,0.57,6
25,2025-05-08,0.1463,72.24,predicted,72.24,71.41,69.45,66.88,65.65,64.36,62.38,normal,overflow,False,0.004,0.085,0.912,0,0,0.57,6
25,2025-05-09,0.1427,70.48,predicted,70.48,70.47,70.66,70.76,69.95,69.82,69.04,normal,overflow,False,0.003,0.081,0.915,0,0,0.29,10
25,2025-05-10,0.1426,70.45,predicted,70.45,70.44,70.62,70.72,69.9,69.77,69.0,normal,overflow,False,0.003,0.086,0.911,0,0,0.29,10
25,2025-05-11,0.1423,70.27,predicted,70.27,70.25,70.49,70.65,69.84,69.71,68.99,normal,overflow,False,0.003,0.095,0.903,0,0,0.29,10
25,2025-05-12,0.1418,70.03,predicted,70.03,70.02,70.32,70.54,69.75,69.59,60.05,normal,overflow,False,0.003,0.099,0.899,0,0,0.29,10
25,2025-05-13,0.1417,69.96,predicted,69.96,69.94,70.25,70.46,69.67,60.05,68.86,normal,overflow,False,0.003,0.108,0.89,0,0,0.29,10
25,2025-05-14,0.1417,69.98,predicted,69.98,69.95,70.2,70.35,60.05,69.4,68.72,normal,overflow,False,0.003,0.121,0.876,0,0,0.29,10
25,2025-05-15,0.1415,69.88,predicted,69.88,69.84,70.03,60.05,69.31,69.14,68.43,normal,overflow,False,0.003,0.134,0.863,0,0,0.29,10
25,2025-05-16,0.1415,69.9,predicted,69.9,69.84,60.05,70.11,69.3,69.13,68.41,normal,overflow,False,0.003,0.152,0.845,0,0,0.29,10
25,2025-05-17,0.1417,69.97,predicted,69.97,60.05,70.09,70.16,69.35,69.2,68.45,normal,overflow,False,0.003,0.177,0.82,0,0,0.29,10
25,2025-05-18,0.1216,60.05,observed,60.05,70.4,70.53,70.61,69.79,69.74,68.85,normal,overflow,False,0.005,0.191,0.804,0,0,0.29,10
25,2025-05-19,0.1202,59.36,predicted,59.36,59.66,60.2,60.78,60.33,60.77,60.29,normal,overflow,False,0.005,0.165,0.83,0,0,0.57,6
25,2025-05-20,0.1191,58.85,predicted,58.85,59.2,59.71,60.33,59.88,60.38,59.87,normal,overflow,False,0.01,0.213,0.777,0,0,0.57,6
25,2025-05-21,0.1224,60.46,predicted,60.46,60.53,60.1,59.71,59.09,59.12,58.12,normal,overflow,False,0.004,0.146,0.85,0,0,0.29,10
25,2025-05-22,0.1223,60.4,predicted,60.4,60.45,60.04,59.62,58.98,58.98,58.03,normal,overflow,False,0.004,0.156,0.84,0,0,0.29,10
25,2025-05-23,0.122,60.24,predicted,60.24,60.27,59.85,59.39,58.74,58.69,57.8,normal,overflow,False,0.003,0.176,0.821,0,0,0.29,10
25,2025-05-24,0.1215,59.99,predicted,59.99,59.98,59.56,59.06,58.4,58.27,56.49,normal,overflow,False,0.003,0.195,0.802,0,0,0.29,10
25,2025-05-25,0.1213,59.9,predicted,59.9,59.88,59.4,58.83,58.16,56.49,57.18,normal,overflow,False,0.004,0.224,0.771,0,0,0.29,10
25,2025-05-26,0.1212,59.85,predicted,59.85,59.83,59.29,58.67,56.49,57.9,56.97,normal,overflow,False,0.004,0.253,0.742,0,0,0.29,10
25,2025-05-27,0.121,59.75,predicted,59.75,59.71,59.19,56.49,57.93,57.79,56.91,normal,overflow,False,0.004,0.245,0.752,0,0,0.29,10
25,2025-05-28,0.1211,59.81,predicted,59.81,59.77,56.49,58.64,57.97,57.83,56.94,normal,overflow,False,0.004,0.253,0.743,0,0,0.29,10
25,2025-05-29,0.1207,59.62,predicted,59.62,56.49,59.05,58.49,57.83,57.6,56.82,normal,overflow,False,0.004,0.25,0.746,0,0,0.29,10
25,2025-05-30,0.1144,56.49,observed,56.49,59.46,58.96,58.39,57.73,57.47,56.71,normal,overflow,False,0.004,0.248,0.748,0,0,0.29,10
25,2025-05-31,0.1143,56.43,predicted,56.43,56.46,56.06,55.63,55.1,55.1,54.33,normal,overflow,False,0.004,0.204,0.792,0,0,0.57,6
25,2025-06-01,0.1135,56.04,predicted,56.04,56.06,55.64,55.19,54.67,54.67,53.89,normal,overflow,False,0.003,0.175,0.822,0,0,0.57,6
25,2025-06-02,0.1142,56.42,predicted,56.42,56.29,55.44,54.53,53.92,53.76,52.7,normal,overflow,False,0.003,0.193,0.804,0,0,0.29,10
25,2025-06-03,0.1135,56.06,predicted,56.06,55.91,55.09,54.22,53.61,53.39,52.41,normal,overflow,False,0.003,0.193,0.804,0,0,0.29,10
25,2025-06-04,0.1135,56.04,predicted,56.04,55.88,55.05,54.17,53.55,53.32,52.35,normal,overflow,False,0.003,0.206,0.791,0,0,0.29,10
25,2025-06-05,0.1131,55.85,predicted,55.85,55.69,54.89,54.03,53.42,53.17,49.49,normal,overflow,False,0.003,0.192,0.805,0,0,0.29,10
25,2025-06-06,0.1132,55.91,predicted,55.91,55.76,54.94,54.06,53.45,49.49,52.26,normal,overflow,False,0.003,0.187,0.81,0,0,0.29,10
25,2025-06-07,0.1133,55.96,predicted,55.96,55.8,54.98,54.11,49.49,53.29,52.31,normal,overflow,False,0.003,0.172,0.824,0,0,0.29,10
25,2025-06-08,0.113,55.83,predicted,55.83,55.66,54.86,49.49,53.42,53.16,52.23,normal,overflow,False,0.003,0.154,0.843,0,0,0.29,10
25,2025-06-09,0.1129,55.74,predicted,55.74,55.57,49.49,53.98,53.38,53.09,52.22,normal,overflow,False,0.003,0.139,0.858,0,0,0.29,10
25,2025-06-10,0.1128,55.71,predicted,55.71,49.49,54.75,53.92,53.32,53.03,52.15,normal,overflow,False,0.003,0.131,0.865,0,0,0.29,10
25,2025-06-11,0.1002,49.49,observed,49.49,55.5,54.7,53.87,53.26,53.04,52.1,normal,overflow,False,0.003,0.113,0.884,0,0,0.29,10
25,2025-06-12,0.0996,49.2,predicted,49.2,49.25,48.72,48.25,47.9,48.05,47.27,normal,overflow,False,0.004,0.105,0.891,0,0,0.57,6
25,2025-06-13,0.0993,49.04,predicted,49.04,49.09,48.55,48.1,47.77,47.92,47.13,normal,overflow,False,0.003,0.094,0.903,0,0,0.57,6
25,2025-06-14,0.0996,49.19,predicted,49.19,49.03,48.03,47.1,46.63,46.5,45.51,normal,overflow,False,0.003,0.09,0.907,0,0,0.29,10
25,2025-06-15,0.1001,49.44,predicted,49.44,49.34,48.32,47.39,46.93,46.91,45.81,normal,overflow,False,0.006,0.117,0.877,0,0,0.29,10
25,2025-06-16,0.1003,49.54,predicted,49.54,49.48,48.49,47.61,47.15,47.19,46.08,normal,overflow,False,0.007,0.116,0.877,0,0,0.29,10
25,2025-06-17,0.1009,49.85,predicted,49.85,49.83,48.83,47.93,47.47,47.6,48.4,normal,overflow,False,0.009,0.136,0.855,0,0,0.29,10
25,2025-06-18,0.1014,50.08,predicted,50.08,50.07,49.11,48.23,47.75,48.4,46.72,normal,overflow,False,0.008,0.132,0.86,0,0,0.29,10
25,2025-06-19,0.1016,50.19,predicted,50.19,50.13,49.24,48.41,48.4,47.93,46.92,normal,overflow,False,0.004,0.091,0.905,0,0,0.29,10
25,2025-06-20,0.1013,50.03,predicted,50.03,49.91,49.02,48.4,47.64,47.5,46.62,normal,overflow,False,0.003,0.09,0.907,0,0,0.29,10
25,2025-06-21,0.1005,49.65,predicted,49.65,49.48,48.4,47.61,47.09,46.87,46.03,normal,overflow,False,0.003,0.094,0.902,0,0,0.29,10
25,2025-06-22,0.0999,49.32,predicted,49.32,48.4,48.14,47.11,46.59,46.33,45.48,normal,overflow,False,0.003,0.101,0.896,0,0,0.29,10
25,2025-06-23,0.098,48.4,observed,48.4,48.85,47.84,46.78,46.26,45.97,45.11,normal,overflow,False,0.003,0.106,0.891,0,0,0.29,10
25,2025-06-24,0.0974,48.13,predicted,48.13,47.9,46.89,45.83,45.36,45.12,44.23,normal,overflow,False,0.003,0.115,0.882,0,0,0.57,6
25,2025-06-25,0.0969,47.84,predicted,47.84,47.6,46.59,45.56,45.1,44.81,43.97,normal,overflow,False,0.003,0.119,0.878,0,0,0.57,6
25,2025-06-26,0.0965,47.66,predicted,47.66,47.38,46.31,45.21,44.73,44.41,43.54,normal,overflow,False,0.003,0.121,0.875,0,0,0.29,10
25,2025-06-27,0.0964,47.62,predicted,47.62,47.36,46.26,45.15,44.68,44.42,43.48,normal,overflow,False,0.003,0.124,0.873,0,0,0.29,10
25,2025-06-28,0.0969,47.87,predicted,47.87,47.62,46.52,45.42,44.97,44.75,43.75,normal,overflow,False,0.003,0.132,0.865,0,0,0.29,10
25,2025-06-29,0.0969,47.87,predicted,47.87,47.64,46.52,45.39,44.94,44.78,44.82,normal,overflow,False,0.003,0.127,0.87,0,0,0.29,10
25,2025-06-30,0.0969,47.87,predicted,47.87,47.65,46.56,45.46,45.01,44.82,43.82,normal,overflow,False,0.003,0.126,0.871,0,0,0.29,10
25,2025-07-01,0.0969,47.85,predicted,47.85,47.61,46.58,45.54,44.82,44.86,43.93,normal,overflow,False,0.003,0.129,0.868,0,0,0.29,10
25,2025-07-02,0.0965,47.66,predicted,47.66,47.4,46.42,44.82,44.96,44.67,43.85,normal,overflow,False,0.003,0.123,0.874,0,0,0.29,10
25,2025-07-03,0.0962,47.51,predicted,47.51,47.23,44.82,45.21,44.75,44.43,43.62,normal,overflow,False,0.003,0.125,0.872,0,0,0.29,10
25,2025-07-04,0.096,47.41,predicted,47.41,44.82,46.1,45.03,44.57,44.25,43.41,normal,overflow,False,0.003,0.132,0.865,0,0,0.29,10
25,2025-07-05,0.0907,44.82,observed,44.82,46.98,45.95,44.91,44.45,44.1,43.29,normal,overflow,False,0.003,0.136,0.861,0,0,0.29,10
25,2025-07-06,0.0888,43.84,predicted,43.84,43.61,42.71,41.8,41.46,41.26,40.56,normal,overflow,False,0.003,0.144,0.853,0,0,0.57,6
25,2025-07-07,0.0878,43.39,predicted,43.39,43.15,42.26,41.38,41.05,40.84,40.17,normal,overflow,False,0.003,0.147,0.85,0,0,0.57,6
25,2025-07-08,0.088,43.45,predicted,43.45,43.14,42.15,41.17,40.79,40.47,39.8,normal,overflow,False,0.003,0.149,0.847,0,0,0.29,10
25,2025-07-09,0.088,43.46,predicted,43.46,43.14,42.13,41.1,40.73,40.42,39.7,normal,overflow,False,0.003,0.163,0.833,0,0,0.29,10
25,2025-07-10,0.088,43.49,predicted,43.49,43.17,42.13,41.05,40.67,40.4,39.62,normal,overflow,False,0.003,0.194,0.803,0,0,0.29,10
25,2025-07-11,0.088,43.49,predicted,43.49,43.18,42.11,40.99,40.61,40.39,46.08,normal,overflow,False,0.004,0.278,0.718,0,0,0.29,10
25,2025-07-12,0.0879,43.43,predicted,43.43,43.13,42.1,41.04,40.67,46.08,39.64,normal,overflow,False,0.004,0.293,0.703,0,0,0.29,10
25,2025-07-13,0.0881,43.53,predicted,43.53,43.24,42.21,41.16,46.08,40.58,39.77,normal,overflow,False,0.005,0.337,0.658,0,0,0.29,10
25,2025-07-14,0.088,43.46,predicted,43.46,43.18,42.2,46.08,40.84,40.61,39.86,normal,overflow,False,0.005,0.316,0.679,0,0,0.29,10
25,2025-07-15,0.0882,43.55,predicted,43.55,43.28,46.08,41.33,40.96,40.74,39.99,normal,overflow,False,0.004,0.278,0.718,0,0,0.29,10
25,2025-07-16,0.0883,43.63,predicted,43.63,46.08,42.38,41.42,41.05,40.82,40.07,normal,overflow,False,0.005,0.283,0.712,0,0,0.29,10
25,2025-07-17,0.0933,46.08,observed,46.08,43.34,42.32,41.31,40.94,40.79,39.96,normal,overflow,False,0.004,0.23,0.766,0,0,0.29,10
25,2025-07-18,0.0909,44.92,predicted,44.92,44.66,43.61,42.57,42.16,41.97,41.1,normal,overflow,False,0.004,0.215,0.781,0,0,0.57,6
25,2025-07-19,0.0915,45.19,predicted,45.19,44.95,43.89,42.85,42.43,42.28,41.36,normal,overflow,False,0.004,0.208,0.788,0,0,0.57,6
25,2025-07-20,0.0915,45.18,predicted,45.18,44.96,43.98,43.04,42.63,42.49,41.64,normal,overflow,False,0.004,0.18,0.816,0,0,0.29,10
25,2025-07-21,0.0917,45.28,predicted,45.28,45.09,44.11,43.18,42.77,42.66,41.79,normal,overflow,False,0.004,0.145,0.851,0,0,0.29,10
25,2025-07-22,0.0918,45.33,predicted,45.33,45.16,44.2,43.3,42.91,42.8,41.94,normal,overflow,False,0.004,0.122,0.874,0,0,0.29,10
25,2025-07-23,0.092,45.43,predicted,45.43,45.26,44.31,43.42,43.03,42.93,45.78,normal,overflow,False,0.004,0.108,0.888,0,0,0.29,10
25,2025-07-24,0.0922,45.55,predicted,45.55,45.39,44.42,43.53,43.14,45.78,42.17,normal,overflow,False,0.004,0.098,0.898,0,0,0.29,10
25,2025-07-25,0.0922,45.54,predicted,45.54,45.36,44.42,43.56,45.78,43.02,42.21,normal,overflow,False,0.004,0.09,0.906,0,0,0.29,10
25,2025-07-26,0.0922,45.54,predicted,45.54,45.36,44.42,45.78,43.15,42.98,42.19,normal,overflow,False,0.004,0.086,0.909,0,0,0.29,10
25,2025-07-27,0.0921,45.49,predicted,45.49,45.3,45.78,43.41,43.01,42.85,42.03,normal,overflow,False,0.004,0.082,0.914,0,0,0.29,10
25,2025-07-28,0.0922,45.52,predicted,45.52,45.78,44.36,43.44,43.04,42.83,42.06,normal,overflow,False,0.004,0.08,0.916,0,0,0.29,10
25,2025-07-29,0.0927,45.78,observed,45.78,45.18,44.2,43.24,42.83,42.58,41.82,normal,overflow,False,0.004,0.082,0.914,0,0,0.29,10
25,2025-07-30,0.0913,45.11,predicted,45.11,44.84,43.86,42.86,42.46,42.19,41.43,normal,overflow,False,0.003,0.085,0.912,0,0,0.57,6
25,2025-07-31,0.0909,44.91,predicted,44.91,44.62,43.61,42.55,42.14,41.86,41.09,normal,overflow,False,0.003,0.095,0.902,0,0,0.57,6
25,2025-08-01,0.0905,44.69,predicted,44.69,44.4,43.35,42.26,41.85,41.58,40.77,normal,overflow,False,0.003,0.101,0.896,0,0,0.29,10
25,2025-08-02,0.0907,44.8,predicted,44.8,44.56,43.46,42.34,41.94,41.79,40.85,normal,overflow,False,0.003,0.102,0.895,0,0,0.29,10
25,2025-08-03,0.0912,45.02,predicted,45.02,44.84,43.74,42.69,42.3,42.27,41.23,normal,overflow,False,0.003,0.095,0.902,0,0,0.29,10
25,2025-08-04,0.0916,45.26,predicted,45.26,45.14,44.07,43.09,42.71,42.77,43.34,normal,overflow,False,0.005,0.119,0.876,0,0,0.29,10
25,2025-08-05,0.093,45.93,predicted,45.93,45.88,44.88,44.1,43.74,43.34,42.79,normal,overflow,False,0.003,0.095,0.902,0,0,0.29,10
25,2025-08-06,0.0936,46.23,predicted,46.23,46.19,45.25,44.48,43.34,44.2,43.2,normal,overflow,False,0.003,0.089,0.908,0,0,0.29,10
25,2025-08-07,0.0936,46.23,predicted,46.23,46.15,45.26,43.34,44.1,44.09,43.22,normal,overflow,False,0.003,0.088,0.908,0,0,0.29,10
25,2025-08-08,0.0932,46.03,predicted,46.03,45.91,43.34,44.22,43.82,43.72,42.93,normal,overflow,False,0.003,0.094,0.903,0,0,0.29,10
25,2025-08-09,0.0927,45.79,predicted,45.79,43.34,44.73,43.84,43.43,43.29,42.5,normal,overflow,False,0.004,0.098,0.899,0,0,0.29,10
25,2025-08-10,0.0878,43.34,observed,43.34,45.26,44.32,43.38,42.97,42.8,42.02,normal,overflow,False,0.004,0.099,0.897,0,0,0.29,10
25,2025-08-11,0.0868,42.86,predicted,42.86,42.71,41.85,41.03,40.71,40.6,39.93,normal,overflow,False,0.004,0.096,0.901,0,0,0.57,6
25,2025-08-12,0.086,42.45,predicted,42.45,42.28,41.41,40.6,40.28,40.15,39.5,normal,overflow,False,0.004,0.093,0.903,0,0,0.57,6
25,2025-08-13,0.0859,42.44,predicted,42.44,42.23,41.27,40.38,40.05,39.87,39.17,normal,overflow,False,0.004,0.09,0.906,0,0,0.29,10
25,2025-08-14,0.0861,42.52,predicted,42.52,42.32,41.33,40.41,40.09,39.94,39.18,normal,overflow,False,0.004,0.086,0.91,0,0,0.29,10
25,2025-08-15,0.0862,42.59,predicted,42.59,42.4,41.42,40.52,40.22,40.09,39.31,normal,overflow,False,0.004,0.084,0.912,0,0,0.29,10
25,2025-08-16,0.0862,42.59,predicted,42.59,42.4,41.42,40.52,40.21,40.09,44.08,normal,overflow,False,0.004,0.081,0.915,0,0,0.29,10
25,2025-08-17,0.0863,42.64,predicted,42.64,42.44,41.45,40.52,40.21,44.08,39.29,normal,overflow,False,0.004,0.079,0.917,0,0,0.29,10
25,2025-08-18,0.0867,42.82,predicted,42.82,42.64,41.68,40.75,44.08,40.35,39.53,normal,overflow,False,0.004,0.075,0.921,0,0,0.29,10
25,2025-08-19,0.086,42.45,predicted,42.45,42.24,41.31,44.08,40.12,39.96,39.24,normal,overflow,False,0.004,0.075,0.921,0,0,0.29,10
25,2025-08-20,0.0859,42.43,predicted,42.43,42.19,44.08,40.44,40.12,39.88,39.26,normal,overflow,False,0.004,0.076,0.92,0,0,0.29,10
25,2025-08-21,0.086,42.45,predicted,42.45,44.08,41.24,40.28,39.95,39.71,39.03,normal,overflow,False,0.004,0.078,0.918,0,0,0.29,10
25,2025-08-22,0.0892,44.08,observed,44.08,42.09,41.08,40.04,39.7,39.5,38.75,normal,overflow,False,0.003,0.088,0.909,0,0,0.29,10
25,2025-08-23,0.087,42.98,predicted,42.98,42.71,41.67,40.64,40.27,40.08,39.28,normal,overflow,False,0.003,0.091,0.906,0,0,0.57,6
25,2025-08-24,0.0871,43.02,predicted,43.02,42.77,41.73,40.72,40.36,40.19,39.37,normal,overflow,False,0.003,0.086,0.91,0,0,0.57,6
25,2025-08-25,0.0872,43.05,predicted,43.05,42.81,41.84,40.92,40.58,40.38,39.64,normal,overflow,False,0.003,0.087,0.91,0,0,0.29,10
25,2025-08-26,0.0876,43.25,predicted,43.25,43.0,41.99,40.99,40.64,40.47,39.67,normal,overflow,False,0.003,0.097,0.899,0,0,0.29,10
25,2025-08-27,0.087,42.96,predicted,42.96,42.72,41.76,40.84,40.5,40.31,39.57,normal,overflow,False,0.003,0.096,0.901,0,0,0.29,10
25,2025-08-28,0.0869,42.93,predicted,42.93,42.69,41.75,40.85,40.51,40.29,36.25,normal,overflow,False,0.003,0.095,0.902,0,0,0.29,10
25,2025-08-29,0.087,42.98,predicted,42.98,42.74,41.78,40.87,40.53,36.25,39.6,normal,overflow,False,0.004,0.095,0.901,0,0,0.29,10
25,2025-08-30,0.0871,43.0,predicted,43.0,42.76,41.79,40.88,36.25,40.33,39.6,normal,overflow,False,0.004,0.097,0.899,0,0,0.29,10
25,2025-08-31,0.0871,43.02,predicted,43.02,42.79,41.8,36.25,40.51,40.34,39.57,normal,overflow,False,0.004,0.096,0.9,0,0,0.29,10
26,2025-03-01,0.1447,72.15,predicted,72.15,72.16,72.37,72.61,71.77,71.72,73.99,normal,overflow,False,0.004,0.091,0.905,0,0,0.29,10
26,2025-03-02,0.1451,72.36,predicted,72.36,72.38,72.6,72.84,72.0,73.99,70.95,normal,overflow,False,0.004,0.099,0.897,0,0,0.29,10
26,2025-03-03,0.1447,72.14,predicted,72.14,72.17,72.43,72.7,73.99,71.82,70.85,normal,overflow,False,0.004,0.098,0.897,0,0,0.29,10
26,2025-03-04,0.1445,72.04,predicted,72.04,72.06,72.34,73.99,71.76,71.67,70.77,normal,overflow,False,0.004,0.097,0.899,0,0,0.29,10
26,2025-03-05,0.1439,71.74,predicted,71.74,71.74,73.99,72.29,71.45,71.33,70.51,normal,overflow,False,0.003,0.087,0.91,0,0,0.29,10
26,2025-03-06,0.1431,71.37,predicted,71.37,73.99,71.66,71.9,71.06,70.88,70.15,normal,overflow,False,0.003,0.082,0.915,0,0,0.29,10
26,2025-03-07,0.1484,73.99,observed,73.99,71.07,71.39,71.6,70.76,70.54,69.88,normal,overflow,False,0.003,0.083,0.914,0,0,0.29,10
26,2025-03-08,0.1482,73.89,predicted,73.89,73.73,73.88,73.89,72.97,72.58,71.78,normal,overflow,False,0.003,0.086,0.911,0,0,0.57,6
26,2025-03-09,0.1483,73.94,predicted,73.94,73.75,73.89,73.9,72.97,72.56,71.78,normal,overflow,False,0.003,0.091,0.906,0,0,0.57,6
26,2025-03-10,0.147,73.29,predicted,73.29,73.13,73.38,73.55,72.66,72.31,71.6,normal,overflow,False,0.004,0.096,0.9,0,0,0.29,10
26,2025-03-11,0.1491,74.32,predicted,74.32,74.18,74.35,74.46,73.57,73.34,72.39,normal,overflow,False,0.006,0.133,0.862,0,0,0.29,10
26,2025-03-12,0.1509,75.23,predicted,75.23,75.16,75.28,75.43,74.53,74.42,73.25,overflow,overflow,True,0.004,0.128,0.868,0,4,0.29,10
26,2025-03-13,0.1505,75.06,predicted,75.06,75.0,75.19,75.43,74.57,74.43,73.99,overflow,overflow,True,0.003,0.089,0.908,0,3,0.29,10
26,2025-03-14,0.15,74.81,predicted,74.81,74.73,74.99,75.25,74.38,73.99,73.2,normal,overflow,False,0.003,0.08,0.917,0,1,0.29,10
26,2025-03-15,0.1494,74.46,predicted,74.46,74.38,74.68,74.93,73.99,73.85,72.93,normal,overflow,False,0.003,0.074,0.923,0,0,0.29,10
26,2025-03-16,0.1492,74.38,predicted,74.38,74.28,74.58,73.99,73.94,73.72,72.82,normal,overflow,False,0.003,0.073,0.924,0,0,0.29,10
26,2025-03-17,0.1501,74.86,predicted,74.86,74.78,73.99,75.14,74.24,74.08,73.04,normal,overflow,False,0.004,0.077,0.919,0,1,0.29,10
26,2025-03-18,0.1497,74.62,predicted,74.62,73.99,74.78,74.97,74.07,73.89,72.89,normal,overflow,False,0.003,0.073,0.924,0,0,0.29,10
26,2025-03-19,0.1484,73.99,observed,73.99,74.42,74.64,74.8,73.9,73.68,72.74,normal,overflow,False,0.003,0.068,0.929,0,0,0.29,10
26,2025-03-20,0.1495,74.56,predicted,74.56,74.46,74.67,74.81,73.9,73.67,72.72,normal,overflow,False,0.003,0.07,0.927,0,0,0.57,6
26,2025-03-21,0.1495,74.52,predicted,74.52,74.4,74.59,74.68,73.76,73.52,72.58,normal,overflow,False,0.003,0.069,0.928,0,0,0.57,6
26,2025-03-22,0.1489,74.26,predicted,74.26,74.13,74.33,74.42,73.5,73.23,72.36,normal,overflow,False,0.003,0.07,0.927,0,0,0.29,10
26,2025-03-23,0.149,74.29,predicted,74.29,74.16,74.37,74.48,73.56,73.3,72.42,normal,overflow,False,0.003,0.073,0.923,0,0,0.29,10
26,2025-03-24,0.1485,74.03,predicted,74.03,73.91,74.19,74.38,73.5,73.25,72.42,normal,overflow,False,0.003,0.076,0.921,0,0,0.29,10
26,2025-03-25,0.1486,74.07,predicted,74.07,73.95,74.25,74.43,73.55,73.3,71.2,normal,overflow,False,0.003,0.072,0.925,0,0,0.29,10
26,2025-03-26,0.1483,73.95,predicted,73.95,73.81,74.03,74.13,73.23,71.2,72.1,normal,overflow,False,0.003,0.075,0.922,0,0,0.29,10
26,2025-03-27,0.1482,73.91,predicted,73.91,73.76,73.96,74.05,71.2,72.87,72.02,normal,overflow,False,0.003,0.074,0.923,0,0,0.29,10
26,2025-03-28,0.1482,73.91,predicted,73.91,73.77,73.97,71.2,73.16,72.89,72.03,normal,overflow,False,0.003,0.075,0.922,0,0,0.29,10
26,2025-03-29,0.1483,73.92,predicted,73.92,73.78,71.2,74.15,73.27,73.0,72.15,normal,overflow,False,0.003,0.08,0.916,0,0,0.29,10
26,2025-03-30,0.1479,73.74,predicted,73.74,71.2,73.87,74.05,73.17,72.9,72.09,normal,overflow,False,0.003,0.086,0.911,0,0,0.29,10
26,2025-03-31,0.1428,71.2,observed,71.2,73.62,73.86,74.0,73.11,72.81,72.01,normal,overflow,False,0.003,0.084,0.913,0,0,0.29,10
26,2025-04-01,0.1406,70.12,predicted,70.12,70.06,70.43,70.72,69.93,69.78,69.16,normal,overflow,False,0.003,0.086,0.911,0,0,0.57,6
26,2025-04-02,0.1409,70.27,predicted,70.27,70.24,70.58,70.88,70.09,70.01,69.29,normal,overflow,False,0.003,0.086,0.911,0,0,0.57,6
26,2025-04-03,0.1422,70.88,predicted,70.88,70.85,71.03,71.18,70.36,70.26,69.4,normal,overflow,False,0.003,0.084,0.913,0,0,0.29,10
26,2025-04-04,0.1431,71.36,predicted,71.36,71.37,71.55,71.78,70.97,70.92,69.96,normal,overflow,False,0.003,0.097,0.899,0,0,0.29,10
26,2025-04-05,0.1446,72.07,predicted,72.07,72.14,72.34,72.67,71.87,71.87,70.82,normal,overflow,False,0.003,0.121,0.876,0,0,0.29,10
26,2025-04-06,0.1446,72.09,predicted,72.09,72.15,72.37,72.68,71.87,71.83,75.97,normal,overflow,False,0.004,0.08,0.916,0,1,0.29,10
26,2025-04-07,0.1448,72.2,predicted,72.2,72.28,72.55,72.93,72.11,75.97,71.11,normal,overflow,False,0.003,0.09,0.907,0,1,0.29,10
26,2025-04-08,0.1449,72.23,predicted,72.23,72.3,72.58,72.93,75.97,72.03,71.12,normal,overflow,False,0.003,0.075,0.921,0,1,0.29,10
26,2025-04-09,0.1438,71.69,predicted,71.69,71.72,72.03,75.97,71.47,71.35,70.55,normal,overflow,False,0.003,0.071,0.926,0,1,0.29,10
26,2025-04-10,0.1429,71.23,predicted,71.23,71.24,75.97,71.75,70.91,70.77,70.02,normal,overflow,False,0.003,0.069,0.927,0,1,0.29,10
26,2025-04-11,0.1425,71.06,predicted,71.06,75.97,71.31,71.47,70.63,70.48,69.72,normal,overflow,False,0.004,0.075,0.921,0,1,0.29,10
26,2025-04-12,0.1524,75.97,observed,75.97,70.95,71.16,71.26,70.41,70.26,69.48,overflow,overflow,True,0.004,0.075,0.922,0,1,0.29,10
26,2025-04-13,0.1548,77.18,predicted,77.18,76.91,76.79,76.47,75.44,74.95,73.84,overflow,overflow,True,0.003,0.071,0.926,0,5,0.57,6
26,2025-04-14,0.1561,77.81,predicted,77.81,77.52,77.37,77.02,75.98,75.48,74.33,overflow,overflow,True,0.003,0.071,0.926,0,6,0.57,6
26,2025-04-15,0.154,76.79,predicted,76.79,76.58,76.72,76.72,75.75,75.44,74.39,overflow,overflow,True,0.003,0.074,0.923,0,6,0.29,10
26,2025-04-16,0.1538,76.69,predicted,76.69,76.48,76.65,76.69,75.73,75.41,74.4,overflow,overflow,True,0.003,0.074,0.923,0,6,0.29,10
26,2025-04-17,0.1543,76.91,predicted,76.91,76.69,76.89,76.97,76.01,75.69,74.67,overflow,overflow,True,0.003,0.072,0.925,0,6,0.29,10
26,2025-04-18,0.1543,76.94,predicted,76.94,76.71,76.92,76.98,76.02,75.69,77.05,overflow,overflow,True,0.003,0.076,0.922,0,7,0.29,10
26,2025-04-19,0.1537,76.62,predicted,76.62,76.4,76.59,76.64,75.68,77.05,74.36,overflow,overflow,True,0.003,0.09,0.907,0,6,0.29,10
26,2025-04-20,0.1537,76.63,predicted,76.63,76.41,76.62,76.69,77.05,75.39,74.42,overflow,overflow,True,0.003,0.092,0.906,0,6,0.29,10
26,2025-04-21,0.1534,76.48,predicted,76.48,76.24,76.42,77.05,75.49,75.14,74.18,overflow,overflow,True,0.003,0.11,0.888,0,6,0.29,10
26,2025-04-22,0.1534,76.48,predicted,76.48,76.25,77.05,76.42,75.46,75.11,74.12,overflow,overflow,True,0.003,0.11,0.887,0,6,0.29,10
26,2025-04-23,0.1538,76.66,predicted,76.66,77.05,76.61,76.65,75.69,75.37,74.34,overflow,overflow,True,0.003,0.106,0.891,0,6,0.29,10
26,2025-04-24,0.1545,77.05,observed,77.05,76.66,76.81,76.86,75.91,75.6,74.54,overflow,overflow,True,0.003,0.104,0.893,0,6,0.29,10
26,2025-04-25,0.1572,78.39,predicted,78.39,78.13,78.19,78.12,77.12,76.75,75.58,overflow,overflow,True,0.003,0.098,0.899,0,7,0.57,6
26,2025-04-26,0.1576,78.57,predicted,78.57,78.3,78.37,78.31,77.3,76.93,75.74,overflow,overflow,True,0.003,0.094,0.903,0,7,0.57,6
26,2025-04-27,0.1568,78.19,predicted,78.19,77.93,78.06,78.06,77.08,76.73,75.58,overflow,overflow,True,0.003,0.094,0.903,0,7,0.29,10
26,2025-04-28,0.1573,78.43,predicted,78.43,78.19,78.31,78.33,77.33,77.0,75.82,overflow,overflow,True,0.003,0.092,0.905,0,7,0.29,10
26,2025-04-29,0.1577,78.61,predicted,78.61,78.36,78.48,78.5,77.5,77.16,75.96,overflow,overflow,True,0.003,0.09,0.907,0,7,0.29,10
26,2025-04-30,0.1582,78.86,predicted,78.86,78.63,78.73,78.76,77.76,77.44,75.73,overflow,overflow,True,0.005,0.101,0.894,0,7,0.29,10
26,2025-05-01,0.1585,79.05,predicted,79.05,78.83,78.91,78.9,77.9,75.73,76.3,overflow,overflow,True,0.005,0.115,0.88,0,7,0.29,10
26,2025-05-02,0.1579,78.72,predicted,78.72,78.49,78.59,78.59,75.73,77.26,76.05,overflow,overflow,True,0.003,0.087,0.91,0,7,0.29,10
26,2025-05-03,0.1573,78.42,predicted,78.42,78.18,78.31,75.73,77.29,76.93,75.79,overflow,overflow,True,0.003,0.086,0.911,0,7,0.29,10
26,2025-05-04,0.1568,78.17,predicted,78.17,77.92,75.73,78.03,77.03,76.66,75.56,overflow,overflow,True,0.003,0.086,0.911,0,7,0.29,10
26,2025-05-05,0.1563,77.92,predicted,77.92,75.73,77.82,77.79,76.79,76.4,75.37,overflow,overflow,True,0.003,0.092,0.905,0,7,0.29,10
26,2025-05-06,0.1519,75.73,observed,75.73,77.78,77.94,77.93,76.93,76.53,75.49,overflow,overflow,True,0.003,0.097,0.9,0,7,0.29,10
26,2025-05-07,0.1533,76.43,predicted,76.43,76.24,76.45,76.54,75.59,75.29,74.3,overflow,overflow,True,0.003,0.097,0.9,0,6,0.57,6
26,2025-05-08,0.153,76.31,predicted,76.31,76.12,76.31,76.39,75.44,75.17,74.16,overflow,overflow,True,0.003,0.095,0.901,0,6,0.57,6
26,2025-05-09,0.1534,76.47,predicted,76.47,76.26,76.43,76.46,75.5,75.19,74.18,overflow,overflow,True,0.003,0.091,0.906,0,6,0.29,10
26,2025-05-10,0.1534,76.46,predicted,76.46,76.25,76.4,76.4,75.44,75.12,74.12,overflow,overflow,True,0.003,0.101,0.896,0,6,0.29,10
26,2025-05-11,0.153,76.27,predicted,76.27,76.05,76.25,76.31,75.36,75.03,74.07,overflow,overflow,True,0.003,0.12,0.877,0,6,0.29,10
26,2025-05-12,0.1522,75.9,predicted,75.9,75.68,75.91,76.01,75.07,74.71,68.51,overflow,overflow,True,0.003,0.13,0.867,0,5,0.29,10
26,2025-05-13,0.1521,75.82,predicted,75.82,75.59,75.84,75.93,74.99,68.51,73.76,overflow,overflow,True,0.003,0.142,0.855,0,4,0.29,10
26,2025-05-14,0.1523,75.92,predicted,75.92,75.68,75.89,75.94,68.51,74.64,73.74,overflow,overflow,True,0.003,0.167,0.83,0,4,0.29,10
26,2025-05-15,0.1522,75.9,predicted,75.9,75.66,75.82,68.51,74.87,74.51,73.59,overflow,overflow,True,0.003,0.191,0.806,0,3,0.29,10
26,2025-05-16,0.1523,75.96,predicted,75.96,75.72,68.51,75.87,74.92,74.56,73.62,overflow,overflow,True,0.004,0.219,0.778,0,3,0.29,10
26,2025-05-17,0.1526,76.08,predicted,76.08,68.51,75.97,75.95,75.0,74.66,73.68,overflow,overflow,True,0.004,0.274,0.722,0,3,0.29,10
26,2025-05-18,0.1374,68.51,observed,68.51,76.42,76.51,76.47,75.5,75.25,74.11,normal,overflow,False,0.005,0.263,0.732,0,5,0.29,10
26,2025-05-19,0.1353,67.48,predicted,67.48,67.6,68.07,68.56,67.88,68.07,67.36,normal,overflow,False,0.006,0.225,0.77,0,0,0.57,6
26,2025-05-20,0.1345,67.05,predicted,67.05,67.21,67.69,68.22,67.55,67.8,67.06,normal,overflow,False,0.011,0.32,0.669,0,0,0.57,6
26,2025-05-21,0.1367,68.14,predicted,68.14,68.23,68.44,68.66,67.92,67.94,67.12,normal,overflow,False,0.004,0.212,0.784,0,0,0.29,10
26,2025-05-22,0.1366,68.1,predicted,68.1,68.17,68.39,68.58,67.83,67.82,67.04,normal,overflow,False,0.005,0.259,0.736,0,0,0.29,10
26,2025-05-23,0.1364,67.99,predicted,67.99,68.05,68.26,68.42,67.67,67.63,66.89,normal,overflow,False,0.005,0.346,0.649,0,0,0.29,10
26,2025-05-24,0.1359,67.75,predicted,67.75,67.78,68.0,68.13,67.36,67.27,74.9,normal,overflow,False,0.005,0.385,0.61,0,0,0.29,10
26,2025-05-25,0.1359,67.74,predicted,67.74,67.77,67.94,68.0,67.22,74.9,66.44,normal,overflow,False,0.006,0.432,0.562,0,0,0.29,10
26,2025-05-26,0.1359,67.78,predicted,67.78,67.81,67.95,67.99,74.9,67.16,66.41,normal,normal,True,0.007,0.5,0.493,0,0,0.29,10
26,2025-05-27,0.1357,67.64,predicted,67.64,67.67,67.83,74.9,67.15,67.07,66.36,normal,overflow,False,0.006,0.48,0.514,0,0,0.29,10
26,2025-05-28,0.1358,67.69,predicted,67.69,67.71,74.9,67.96,67.2,67.11,66.41,normal,overflow,False,0.006,0.468,0.526,0,0,0.29,10
26,2025-05-29,0.1353,67.44,predicted,67.44,74.9,67.64,67.77,67.01,66.86,66.25,normal,overflow,False,0.006,0.455,0.539,0,0,0.29,10
26,2025-05-30,0.1502,74.9,observed,74.9,67.34,67.56,67.7,66.95,66.78,66.21,normal,overflow,False,0.006,0.421,0.573,0,0,0.29,10
26,2025-05-31,0.153,76.26,predicted,76.26,76.0,75.79,75.39,74.4,73.92,72.76,overflow,overflow,True,0.005,0.311,0.684,0,4,0.57,6
26,2025-06-01,0.154,76.78,predicted,76.78,76.5,76.29,75.89,74.88,74.37,73.21,overflow,overflow,True,0.004,0.237,0.76,0,4,0.57,6
26,2025-06-02,0.1511,75.33,predicted,75.33,75.16,75.35,75.43,74.51,74.25,73.28,overflow,overflow,True,0.004,0.277,0.719,0,4,0.29,10
26,2025-06-03,0.1504,75.01,predicted,75.01,74.83,75.03,75.11,74.19,73.89,72.98,overflow,overflow,True,0.004,0.264,0.732,0,3,0.29,10
26,2025-06-04,0.1504,74.99,predicted,74.99,74.8,75.0,75.08,74.16,73.86,72.96,normal,overflow,False,0.004,0.282,0.714,0,2,0.29,10
26,2025-06-05,0.15,74.8,predicted,74.8,74.62,74.83,74.91,74.0,73.69,74.82,normal,overflow,False,0.004,0.255,0.741,0,0,0.29,10
26,2025-06-06,0.1504,74.97,predicted,74.97,74.78,74.98,75.05,74.13,74.82,72.93,normal,overflow,False,0.004,0.238,0.758,0,1,0.29,10
26,2025-06-07,0.1501,74.86,predicted,74.86,74.68,74.9,75.01,74.82,73.8,72.92,normal,overflow,False,0.004,0.22,0.776,0,1,0.29,10
26,2025-06-08,0.1497,74.65,predicted,74.65,74.46,74.7,74.82,73.91,73.59,72.75,normal,overflow,False,0.004,0.191,0.806,0,0,0.29,10
26,2025-06-09,0.1496,74.58,predicted,74.58,74.38,74.82,74.69,73.78,73.43,72.61,normal,overflow,False,0.004,0.164,0.833,0,0,0.29,10
26,2025-06-10,0.1497,74.62,predicted,74.62,74.82,74.6,74.67,73.75,73.39,72.57,normal,overflow,False,0.004,0.151,0.845,0,0,0.29,10
26,2025-06-11,0.1501,74.82,observed,74.82,74.75,74.88,74.9,73.96,73.64,72.72,normal,overflow,False,0.003,0.121,0.876,0,0,0.29,10
26,2025-06-12,0.1506,75.07,predicted,75.07,74.9,75.04,75.11,74.19,73.93,72.94,overflow,overflow,True,0.004,0.107,0.889,0,3,0.57,6
26,2025-06-13,0.1507,75.14,predicted,75.14,74.98,75.18,75.31,74.41,74.16,73.18,overflow,overflow,True,0.003,0.098,0.899,0,3,0.57,6
26,2025-06-14,0.1505,75.05,predicted,75.05,74.88,75.07,75.2,74.29,74.01,73.06,overflow,overflow,True,0.003,0.091,0.905,0,3,0.29,10
26,2025-06-15,0.1515,75.52,predicted,75.52,75.38,75.54,75.63,74.71,74.5,73.42,overflow,overflow,True,0.006,0.116,0.879,0,4,0.29,10
26,2025-06-16,0.1517,75.62,predicted,75.62,75.5,75.64,75.74,74.82,74.64,73.51,overflow,overflow,True,0.005,0.112,0.883,0,4,0.29,10
26,2025-06-17,0.1522,75.87,predicted,75.87,75.75,75.89,75.97,75.04,74.9,78.97,overflow,overflow,True,0.006,0.132,0.862,0,6,0.29,10
26,2025-06-18,0.1519,75.74,predicted,75.74,75.64,75.8,75.9,74.98,78.97,73.68,overflow,overflow,True,0.006,0.139,0.855,0,5,0.29,10
26,2025-06-19,0.1511,75.32,predicted,75.32,75.2,75.44,75.58,78.97,74.45,73.44,overflow,overflow,True,0.003,0.099,0.898,0,5,0.29,10
26,2025-06-20,0.1505,75.03,predicted,75.03,74.87,75.12,78.97,74.29,74.01,73.11,overflow,overflow,True,0.003,0.101,0.896,0,3,0.29,10
26,2025-06-21,0.1501,74.83,predicted,74.83,74.66,78.97,74.95,74.01,73.69,72.83,normal,overflow,False,0.003,0.107,0.89,0,1,0.29,10
26,2025-06-22,0.15,74.76,predicted,74.76,78.97,74.79,74.83,73.89,73.57,72.71,normal,overflow,False,0.003,0.114,0.883,0,1,0.29,10
26,2025-06-23,0.1584,78.97,observed,78.97,74.39,74.61,74.67,73.74,73.4,72.58,overflow,overflow,True,0.003,0.12,0.877,0,1,0.29,10
26,2025-06-24,0.1611,80.33,predicted,80.33,79.92,79.85,79.53,78.45,77.85,76.67,overflow,overflow,True,0.003,0.137,0.86,0,7,0.57,6
26,2025-06-25,0.1615,80.54,predicted,80.54,80.1,80.03,79.72,78.64,77.99,76.84,overflow,overflow,True,0.003,0.141,0.856,0,7,0.57,6
26,2025-06-26,0.1601,79.84,predicted,79.84,79.42,79.45,79.26,78.2,77.65,76.55,overflow,overflow,True,0.003,0.138,0.859,0,7,0.29,10
26,2025-06-27,0.1604,79.95,predicted,79.95,79.55,79.58,79.42,78.36,77.83,76.7,overflow,overflow,True,0.003,0.142,0.854,0,7,0.29,10
26,2025-06-28,0.1604,80.0,predicted,80.0,79.6,79.66,79.55,78.52,78.01,76.86,overflow,overflow,True,0.003,0.151,0.846,0,7,0.29,10
26,2025-06-29,0.161,80.29,predicted,80.29,79.9,79.94,79.8,78.76,78.28,83.41,overflow,overflow,True,0.003,0.14,0.857,0,7,0.29,10
26,2025-06-30,0.1609,80.21,predicted,80.21,79.83,79.87,79.74,78.71,83.41,77.01,overflow,overflow,True,0.003,0.138,0.859,0,7,0.29,10
26,2025-07-01,0.1604,79.97,predicted,79.97,79.58,79.64,79.52,83.41,77.96,76.82,overflow,overflow,True,0.003,0.138,0.859,0,7,0.29,10
26,2025-07-02,0.1599,79.7,predicted,79.7,79.29,79.36,83.41,78.18,77.62,76.55,overflow,overflow,True,0.003,0.13,0.866,0,7,0.29,10
26,2025-07-03,0.1598,79.65,predicted,79.65,79.24,83.41,79.15,78.1,77.53,76.47,overflow,overflow,True,0.003,0.133,0.863,0,7,0.29,10
26,2025-07-04,0.1599,79.73,predicted,79.73,83.41,79.35,79.2,78.14,77.58,76.5,overflow,overflow,True,0.003,0.14,0.856,0,7,0.29,10
26,2025-07-05,0.1673,83.41,observed,83.41,79.17,79.22,79.08,78.04,77.46,76.41,overflow,overflow,True,0.003,0.143,0.853,0,7,0.29,10
26,2025-07-06,0.1705,85.01,predicted,85.01,84.32,84.04,83.42,82.22,81.33,79.91,overflow,overflow,True,0.003,0.156,0.84,0,7,0.57,6
26,2025-07-07,0.171,85.28,predicted,85.28,84.57,84.27,83.64,82.44,81.51,80.09,overflow,overflow,True,0.003,0.16,0.837,0,7,0.57,6
26,2025-07-08,0.1697,84.62,predicted,84.62,83.91,83.69,83.18,81.99,81.12,79.77,overflow,overflow,True,0.003,0.16,0.836,0,7,0.29,10
26,2025-07-09,0.1698,84.68,predicted,84.68,83.98,83.76,83.24,82.05,81.18,79.83,overflow,overflow,True,0.004,0.177,0.819,0,7,0.29,10
26,2025-07-10,0.1702,84.85,predicted,84.85,84.15,83.92,83.38,82.19,81.34,79.94,overflow,overflow,True,0.004,0.214,0.783,0,7,0.29,10
26,2025-07-11,0.1707,85.09,predicted,85.09,84.39,84.13,83.57,82.37,81.55,85.7,overflow,overflow,True,0.005,0.318,0.678,0,7,0.29,10
26,2025-07-12,0.1704,84.95,predicted,84.95,84.26,84.03,83.49,82.31,85.7,80.04,overflow,overflow,True,0.005,0.339,0.656,0,7,0.29,10
26,2025-07-13,0.1705,85.02,predicted,85.02,84.32,84.07,83.51,85.7,81.49,80.02,overflow,overflow,True,0.006,0.414,0.58,0,7,0.29,10
26,2025-07-14,0.1702,84.88,predicted,84.88,84.18,83.94,85.7,82.19,81.35,79.92,overflow,overflow,True,0.006,0.395,0.599,0,7,0.29,10
26,2025-07-15,0.1703,84.89,predicted,84.89,84.19,85.7,83.41,82.22,81.38,79.95,overflow,overflow,True,0.005,0.353,0.642,0,7,0.29,10
26,2025-07-16,0.1702,84.88,predicted,84.88,85.7,83.95,83.41,82.22,81.38,79.95,overflow,overflow,True,0.006,0.364,0.63,0,7,0.29,10
26,2025-07-17,0.1719,85.7,observed,85.7,84.46,84.2,83.62,82.42,81.61,80.1,overflow,overflow,True,0.005,0.296,0.699,0,7,0.29,10
26,2025-07-18,0.1752,87.34,predicted,87.34,86.52,86.09,85.27,84.01,83.05,81.36,overflow,overflow,True,0.005,0.29,0.705,0,7,0.57,6
26,2025-07-19,0.1756,87.57,predicted,87.57,86.73,86.29,85.43,84.17,83.21,81.47,overflow,overflow,True,0.005,0.289,0.706,0,7,0.57,6
26,2025-07-20,0.1751,87.31,predicted,87.31,86.48,86.06,85.25,83.99,83.04,81.34,overflow,overflow,True,0.004,0.238,0.757,0,7,0.29,10
26,2025-07-21,0.1753,87.4,predicted,87.4,86.57,86.14,85.33,84.07,83.14,81.4,overflow,overflow,True,0.004,0.163,0.834,0,7,0.29,10
26,2025-07-22,0.175,87.28,predicted,87.28,86.46,86.07,85.3,84.05,83.12,81.41,overflow,overflow,True,0.004,0.13,0.866,0,7,0.29,10
26,2025-07-23,0.175,87.25,predicted,87.25,86.44,86.06,85.31,84.06,83.13,87.65,overflow,overflow,True,0.004,0.111,0.885,0,7,0.29,10
26,2025-07-24,0.175,87.27,predicted,87.27,86.46,86.08,85.32,84.07,87.65,81.45,overflow,overflow,True,0.004,0.098,0.897,0,7,0.29,10
26,2025-07-25,0.1749,87.21,predicted,87.21,86.4,86.02,85.26,87.65,83.07,81.39,overflow,overflow,True,0.004,0.09,0.905,0,7,0.29,10
26,2025-07-26,0.1748,87.15,predicted,87.15,86.33,85.96,87.65,83.95,83.0,81.35,overflow,overflow,True,0.005,0.086,0.91,0,7,0.29,10
26,2025-07-27,0.175,87.25,predicted,87.25,86.43,87.65,85.26,84.0,83.06,81.38,overflow,overflow,True,0.004,0.08,0.915,0,7,0.29,10
26,2025-07-28,0.1747,87.13,predicted,87.13,87.65,85.93,85.18,83.93,82.97,81.34,overflow,overflow,True,0.004,0.079,0.917,0,7,0.29,10
26,2025-07-29,0.1758,87.65,observed,87.65,86.24,85.87,85.12,83.87,82.9,81.3,overflow,overflow,True,0.004,0.08,0.916,0,7,0.29,10
26,2025-07-30,0.1775,88.5,predicted,88.5,87.57,87.09,86.16,84.87,83.76,82.07,overflow,overflow,True,0.004,0.083,0.913,0,7,0.57,6
26,2025-07-31,0.1778,88.64,predicted,88.64,87.69,87.19,86.22,84.92,83.81,82.09,overflow,overflow,True,0.003,0.092,0.904,0,7,0.57,6
26,2025-08-01,0.1777,88.58,predicted,88.58,87.63,87.13,86.15,84.85,83.77,82.03,overflow,overflow,True,0.003,0.101,0.896,0,7,0.29,10
26,2025-08-02,0.1782,88.86,predicted,88.86,87.91,87.37,86.34,85.04,84.0,82.13,overflow,overflow,True,0.003,0.102,0.895,0,7,0.29,10
26,2025-08-03,0.1784,88.94,predicted,88.94,88.0,87.45,86.42,85.13,84.12,82.19,overflow,overflow,True,0.003,0.1,0.897,0,7,0.29,10
26,2025-08-04,0.1784,88.95,predicted,88.95,88.03,87.47,86.44,85.16,84.17,83.58,overflow,overflow,True,0.004,0.122,0.874,0,7,0.29,10
26,2025-08-05,0.1783,88.89,predicted,88.89,87.98,87.46,86.5,85.22,83.58,82.26,overflow,overflow,True,0.003,0.099,0.898,0,7,0.29,10
26,2025-08-06,0.1782,88.86,predicted,88.86,87.95,87.44,86.49,83.58,84.21,82.28,overflow,overflow,True,0.003,0.086,0.911,0,7,0.29,10
26,2025-08-07,0.178,88.76,predicted,88.76,87.85,87.36,83.58,85.14,84.11,82.25,overflow,overflow,True,0.003,0.087,0.91,0,7,0.29,10
26,2025-08-08,0.1778,88.66,predicted,88.66,87.74,83.58,86.33,85.04,83.99,82.19,overflow,overflow,True,0.003,0.096,0.901,0,7,0.29,10
26,2025-08-09,0.1779,88.68,predicted,88.68,83.58,87.26,86.3,85.0,83.94,82.14,overflow,overflow,True,0.003,0.105,0.892,0,7,0.29,10
26,2025-08-10,0.1676,83.58,observed,83.58,87.76,87.24,86.24,84.94,83.87,82.07,overflow,overflow,True,0.004,0.107,0.889,0,7,0.29,10
26,2025-08-11,0.1709,85.19,predicted,85.19,84.49,84.23,83.64,82.43,81.64,80.12,overflow,overflow,True,0.004,0.103,0.893,0,7,0.57,6
26,2025-08-12,0.17,84.76,predicted,84.76,84.07,83.84,83.3,82.1,81.33,79.86,overflow,overflow,True,0.004,0.098,0.898,0,7,0.57,6
26,2025-08-13,0.1707,85.12,predicted,85.12,84.43,84.19,83.64,82.44,81.62,80.15,overflow,overflow,True,0.004,0.093,0.903,0,7,0.29,10
26,2025-08-14,0.1709,85.2,predicted,85.2,84.52,84.28,83.75,82.55,81.75,80.26,overflow,overflow,True,0.004,0.088,0.908,0,7,0.29,10
26,2025-08-15,0.1707,85.13,predicted,85.13,84.45,84.25,83.76,82.58,81.77,80.3,overflow,overflow,True,0.004,0.085,0.911,0,7,0.29,10
26,2025-08-16,0.1707,85.13,predicted,85.13,84.45,84.24,83.75,82.57,81.77,85.7,overflow,overflow,True,0.004,0.081,0.914,0,7,0.29,10
26,2025-08-17,0.171,85.25,predicted,85.25,84.57,84.35,83.84,82.66,85.7,80.37,overflow,overflow,True,0.004,0.078,0.918,0,7,0.29,10
26,2025-08-18,0.1712,85.35,predicted,85.35,84.66,84.43,83.9,85.7,81.91,80.39,overflow,overflow,True,0.004,0.074,0.922,0,7,0.29,10
26,2025-08-19,0.1707,85.12,predicted,85.12,84.43,84.21,85.7,82.51,81.69,80.22,overflow,overflow,True,0.004,0.073,0.923,0,7,0.29,10
26,2025-08-20,0.1701,84.82,predicted,84.82,84.13,85.7,83.46,82.27,81.41,80.04,overflow,overflow,True,0.004,0.073,0.922,0,7,0.29,10
26,2025-08-21,0.1705,84.99,predicted,84.99,85.7,84.07,83.54,82.35,81.49,80.09,overflow,overflow,True,0.004,0.075,0.921,0,7,0.29,10
26,2025-08-22,0.1719,85.7,observed,85.7,84.52,84.27,83.69,82.49,81.66,80.19,overflow,overflow,True,0.003,0.084,0.912,0,7,0.29,10
26,2025-08-23,0.175,87.25,predicted,87.25,86.42,86.03,85.25,84.0,83.02,81.38,overflow,overflow,True,0.003,0.086,0.91,0,7,0.57,6
26,2025-08-24,0.1755,87.48,predicted,87.48,86.65,86.23,85.42,84.16,83.19,81.5,overflow,overflow,True,0.003,0.082,0.915,0,7,0.57,6
26,2025-08-25,0.1747,87.09,predicted,87.09,86.26,85.89,85.16,83.91,82.94,81.33,overflow,overflow,True,0.003,0.083,0.914,0,7,0.29,10
26,2025-08-26,0.175,87.23,predicted,87.23,86.4,86.01,85.23,83.97,83.01,81.37,overflow,overflow,True,0.003,0.094,0.903,0,7,0.29,10
26,2025-08-27,0.1745,87.02,predicted,87.02,86.19,85.83,85.09,83.84,82.87,81.28,overflow,overflow,True,0.003,0.092,0.905,0,7,0.29,10
26,2025-08-28,0.1743,86.9,predicted,86.9,86.07,85.72,85.01,83.76,82.78,81.56,overflow,overflow,True,0.004,0.091,0.906,0,7,0.29,10
26,2025-08-29,0.1744,86.93,predicted,86.93,86.1,85.75,85.04,83.79,81.56,81.24,overflow,overflow,True,0.004,0.091,0.905,0,7,0.29,10
26,2025-08-30,0.1745,87.0,predicted,87.0,86.17,85.8,85.07,81.56,82.85,81.26,overflow,overflow,True,0.004,0.094,0.902,0,7,0.29,10
26,2025-08-31,0.1748,87.17,predicted,87.17,86.33,85.94,81.56,83.92,82.95,81.31,overflow,overflow,True,0.004,0.092,0.903,0,7,0.29,10
27,2025-03-01,0.3892,72.95,predicted,72.95,72.9,73.11,73.39,72.55,72.42,71.22,normal,normal,True,0.236,0.605,0.158,0,0,0.29,10
27,2025-03-02,0.3907,73.24,predicted,73.24,73.2,73.42,73.71,72.87,71.22,71.67,normal,normal,True,0.252,0.598,0.151,0,0,0.29,10
27,2025-03-03,0.39,73.11,predicted,73.11,73.08,73.33,73.64,71.22,72.68,71.64,normal,normal,True,0.264,0.591,0.145,0,0,0.29,10
27,2025-03-04,0.3893,72.98,predicted,72.98,72.94,73.22,71.22,72.67,72.51,71.54,normal,normal,True,0.271,0.587,0.143,0,0,0.29,10
27,2025-03-05,0.3877,72.67,predicted,72.67,72.61,71.22,73.2,72.35,72.16,71.28,normal,normal,True,0.273,0.586,0.14,0,0,0.29,10
27,2025-03-06,0.3854,72.25,predicted,72.25,71.22,72.49,72.77,71.92,71.67,70.89,normal,normal,True,0.271,0.59,0.139,0,0,0.29,10
27,2025-03-07,0.38,71.22,observed,71.22,71.88,72.21,72.47,71.62,71.33,70.62,normal,normal,True,0.275,0.591,0.134,0,0,0.29,10
27,2025-03-08,0.3689,69.14,predicted,69.14,69.11,69.51,69.88,69.11,68.92,68.35,normal,normal,True,0.273,0.592,0.135,0,0,0.57,6
27,2025-03-09,0.3667,68.73,predicted,68.73,68.69,69.07,69.45,68.7,68.48,67.94,normal,normal,True,0.267,0.597,0.137,0,0,0.57,6
27,2025-03-10,0.3684,69.06,predicted,69.06,68.99,69.25,69.53,68.76,68.47,67.88,normal,normal,True,0.264,0.598,0.138,0,0,0.29,10
27,2025-03-11,0.3728,69.88,predicted,69.88,69.85,70.04,70.26,69.49,69.34,68.52,normal,normal,True,0.27,0.589,0.14,0,0,0.29,10
27,2025-03-12,0.3765,70.57,predicted,70.57,70.61,70.77,71.05,70.29,70.28,69.25,normal,normal,True,0.275,0.588,0.137,0,0,0.29,10
27,2025-03-13,0.3767,70.6,predicted,70.6,70.65,70.89,71.27,70.52,70.48,72.02,normal,normal,True,0.261,0.589,0.15,0,0,0.29,10
27,2025-03-14,0.376,70.48,predicted,70.48,70.51,70.81,71.2,70.46,72.02,69.5,normal,normal,True,0.258,0.59,0.152,0,0,0.29,10
27,2025-03-15,0.3747,70.23,predicted,70.23,70.25,70.6,70.99,72.02,70.11,69.34,normal,normal,True,0.269,0.588,0.142,0,0,0.29,10
27,2025-03-16,0.3735,70.02,predicted,70.02,70.02,70.37,72.02,69.98,69.84,69.1,normal,normal,True,0.291,0.582,0.127,0,0,0.29,10
27,2025-03-17,0.3755,70.38,predicted,70.38,70.4,72.02,70.97,70.19,70.11,69.24,normal,normal,True,0.303,0.578,0.119,0,0,0.29,10
27,2025-03-18,0.3744,70.17,predicted,70.17,72.02,70.47,70.79,70.01,69.91,69.07,normal,normal,True,0.292,0.582,0.126,0,0,0.29,10
27,2025-03-19,0.3842,72.02,observed,72.02,70.13,70.39,70.67,69.88,69.74,68.94,normal,normal,True,0.279,0.586,0.134,0,0,0.29,10
27,2025-03-20,0.3796,71.16,predicted,71.16,71.12,71.34,71.57,70.75,70.54,69.71,normal,normal,True,0.275,0.588,0.138,0,0,0.57,6
27,2025-03-21,0.3804,71.3,predicted,71.3,71.25,71.42,71.59,70.76,70.55,69.7,normal,normal,True,0.267,0.589,0.144,0,0,0.57,6
27,2025-03-22,0.3783,70.92,predicted,70.92,70.86,71.09,71.28,70.46,70.25,69.47,normal,normal,True,0.254,0.595,0.151,0,0,0.29,10
27,2025-03-23,0.3785,70.94,predicted,70.94,70.88,71.12,71.33,70.51,70.31,69.53,normal,normal,True,0.254,0.591,0.155,0,0,0.29,10
27,2025-03-24,0.3776,70.78,predicted,70.78,70.73,71.03,71.31,70.52,70.33,69.59,normal,normal,True,0.244,0.598,0.157,0,0,0.29,10
27,2025-03-25,0.3779,70.83,predicted,70.83,70.78,71.11,71.4,70.61,70.42,70.14,normal,normal,True,0.228,0.605,0.167,0,0,0.29,10
27,2025-03-26,0.3763,70.55,predicted,70.55,70.47,70.73,70.94,70.13,70.14,69.17,normal,normal,True,0.311,0.582,0.107,0,0,0.29,10
27,2025-03-27,0.3758,70.44,predicted,70.44,70.35,70.58,70.78,70.14,69.74,69.0,normal,normal,True,0.312,0.584,0.105,0,0,0.29,10
27,2025-03-28,0.3758,70.44,predicted,70.44,70.35,70.58,70.14,69.97,69.74,69.0,normal,normal,True,0.31,0.583,0.106,0,0,0.29,10
27,2025-03-29,0.3759,70.46,predicted,70.46,70.38,70.14,70.88,70.09,69.87,69.14,normal,normal,True,0.298,0.591,0.111,0,0,0.29,10
27,2025-03-30,0.3757,70.42,predicted,70.42,70.14,70.64,70.91,70.13,69.9,69.2,normal,normal,True,0.29,0.601,0.109,0,0,0.29,10
27,2025-03-31,0.3742,70.14,observed,70.14,70.3,70.56,70.78,69.99,69.73,69.03,normal,normal,True,0.319,0.586,0.094,0,0,0.29,10
27,2025-04-01,0.363,68.04,predicted,68.04,68.0,68.33,68.65,67.92,67.76,67.16,normal,normal,True,0.333,0.579,0.088,0,0,0.57,6
27,2025-04-02,0.3644,68.3,predicted,68.3,68.29,68.62,68.95,68.22,68.14,67.44,normal,normal,True,0.339,0.57,0.092,0,0,0.57,6
27,2025-04-03,0.3667,68.75,predicted,68.75,68.74,68.92,69.15,68.41,68.31,67.48,normal,normal,True,0.355,0.561,0.084,0,0,0.29,10
27,2025-04-04,0.3691,69.19,predicted,69.19,69.24,69.43,69.76,69.02,68.99,68.07,normal,normal,True,0.363,0.557,0.08,0,0,0.29,10
27,2025-04-05,0.3734,70.0,predicted,70.0,70.12,70.34,70.79,70.06,70.09,69.08,normal,normal,True,0.373,0.547,0.079,0,0,0.29,10
27,2025-04-06,0.374,70.1,predicted,70.1,70.21,70.44,70.87,70.12,70.1,67.53,normal,normal,True,0.352,0.555,0.093,0,0,0.29,10
27,2025-04-07,0.3744,70.18,predicted,70.18,70.29,70.59,71.07,70.31,67.53,69.38,normal,normal,True,0.356,0.548,0.096,0,0,0.29,10
27,2025-04-08,0.3742,70.14,predicted,70.14,70.24,70.55,70.98,67.53,70.15,69.32,normal,normal,True,0.344,0.553,0.103,0,0,0.29,10
27,2025-04-09,0.371,69.55,predicted,69.55,69.61,69.92,67.53,69.49,69.37,68.64,normal,normal,True,0.33,0.561,0.108,0,0,0.29,10
27,2025-04-10,0.3684,69.05,predicted,69.05,69.07,67.53,69.65,68.87,68.71,68.05,normal,normal,True,0.324,0.564,0.111,0,0,0.29,10
27,2025-04-11,0.3667,68.74,predicted,68.74,67.53,69.01,69.21,68.43,68.28,67.59,normal,normal,True,0.31,0.571,0.118,0,0,0.29,10
27,2025-04-12,0.3602,67.53,observed,67.53,68.61,68.8,68.95,68.16,68.0,67.28,normal,normal,True,0.299,0.574,0.127,0,0,0.29,10
27,2025-04-13,0.3495,65.52,predicted,65.52,65.58,65.88,66.17,65.49,65.44,64.87,normal,normal,True,0.3,0.572,0.129,0,0,0.57,6
27,2025-04-14,0.3493,65.48,predicted,65.48,65.54,65.8,66.05,65.37,65.34,64.73,normal,normal,True,0.295,0.569,0.136,0,0,0.57,6
27,2025-04-15,0.3533,66.23,predicted,66.23,66.25,66.33,66.41,65.7,65.59,64.85,normal,normal,True,0.278,0.571,0.151,0,0,0.29,10
27,2025-04-16,0.3535,66.26,predicted,66.26,66.29,66.42,66.56,65.87,65.76,65.05,normal,normal,True,0.228,0.578,0.193,0,0,0.29,10
27,2025-04-17,0.3548,66.5,predicted,66.5,66.55,66.76,67.0,66.31,66.23,65.53,normal,normal,True,0.183,0.57,0.247,0,0,0.29,10
27,2025-04-18,0.3549,66.53,predicted,66.53,66.58,66.83,67.07,66.39,66.32,70.02,normal,normal,True,0.191,0.588,0.221,0,0,0.29,10
27,2025-04-19,0.3527,66.11,predicted,66.11,66.14,66.34,66.54,65.85,70.02,65.08,normal,normal,True,0.287,0.591,0.123,0,0,0.29,10
27,2025-04-20,0.3529,66.15,predicted,66.15,66.19,66.43,66.67,70.02,65.89,65.24,normal,normal,True,0.279,0.597,0.124,0,0,0.29,10
27,2025-04-21,0.3518,65.94,predicted,65.94,65.95,66.13,70.02,65.59,65.46,64.81,normal,normal,True,0.328,0.581,0.091,0,0,0.29,10
27,2025-04-22,0.3517,65.94,predicted,65.94,65.95,70.02,66.24,65.53,65.41,64.72,normal,normal,True,0.343,0.57,0.087,0,0,0.29,10
27,2025-04-23,0.3525,66.07,predicted,66.07,70.02,66.24,66.43,65.73,65.63,64.91,normal,normal,True,0.343,0.57,0.087,0,0,0.29,10
27,2025-04-24,0.3735,70.02,observed,70.02,66.24,66.38,66.56,65.87,65.79,65.04,normal,normal,True,0.334,0.577,0.089,0,0,0.29,10
27,2025-04-25,0.3687,69.11,predicted,69.11,69.06,69.05,69.03,68.24,68.03,67.13,normal,normal,True,0.346,0.569,0.085,0,0,0.57,6
27,2025-04-26,0.3698,69.32,predicted,69.32,69.27,69.28,69.3,68.5,68.29,67.4,normal,normal,True,0.352,0.564,0.084,0,0,0.57,6
27,2025-04-27,0.3663,68.66,predicted,68.66,68.67,68.92,69.18,68.44,68.33,67.57,normal,normal,True,0.358,0.561,0.081,0,0,0.29,10
27,2025-04-28,0.3671,68.81,predicted,68.81,68.83,69.08,69.36,68.61,68.52,67.73,normal,normal,True,0.356,0.561,0.083,0,0,0.29,10
27,2025-04-29,0.3687,69.12,predicted,69.12,69.16,69.4,69.72,68.96,68.89,68.07,normal,normal,True,0.364,0.555,0.081,0,0,0.29,10
27,2025-04-30,0.3711,69.57,predicted,69.57,69.65,69.87,70.21,69.46,69.44,50.82,normal,normal,True,0.37,0.552,0.079,0,0,0.29,10
27,2025-05-01,0.3719,69.71,predicted,69.71,69.81,70.02,70.35,69.59,50.82,68.65,normal,normal,True,0.365,0.554,0.081,0,0,0.29,10
27,2025-05-02,0.3705,69.46,predicted,69.46,69.53,69.78,70.08,50.82,69.28,68.43,normal,normal,True,0.359,0.556,0.086,0,0,0.29,10
27,2025-05-03,0.3684,69.05,predicted,69.05,69.1,69.37,50.82,68.88,68.8,68.03,normal,normal,True,0.356,0.557,0.088,0,0,0.29,10
27,2025-05-04,0.3669,68.77,predicted,68.77,68.79,50.82,69.32,68.56,68.44,67.73,normal,normal,True,0.356,0.556,0.088,0,0,0.29,10
27,2025-05-05,0.3662,68.64,predicted,68.64,50.82,68.94,69.17,68.41,68.26,67.61,normal,normal,True,0.35,0.564,0.086,0,0,0.29,10
27,2025-05-06,0.2711,50.82,observed,50.82,68.82,69.1,69.35,68.58,68.42,67.74,normal,normal,True,0.36,0.554,0.086,0,0,0.29,10
27,2025-05-07,0.2715,50.89,predicted,50.89,51.27,51.98,52.77,52.58,53.1,52.98,normal,normal,True,0.36,0.556,0.085,0,0,0.57,6
27,2025-05-08,0.2633,49.35,predicted,49.35,49.74,50.37,51.07,50.93,51.5,51.32,normal,normal,True,0.355,0.559,0.086,0,0,0.57,6
27,2025-05-09,0.2678,50.21,predicted,50.21,50.06,49.05,48.13,47.65,47.44,46.43,normal,normal,True,0.347,0.563,0.09,0,0,0.29,10
27,2025-05-10,0.2678,50.2,predicted,50.2,50.03,49.03,48.08,47.59,47.38,46.36,normal,normal,True,0.335,0.571,0.094,0,0,0.29,10
27,2025-05-11,0.2679,50.22,predicted,50.22,50.05,49.08,48.16,47.68,47.46,46.48,normal,normal,True,0.319,0.582,0.1,0,0,0.29,10
27,2025-05-12,0.268,50.24,predicted,50.24,50.07,49.17,48.31,47.84,47.6,65.44,normal,normal,True,0.3,0.594,0.105,0,0,0.29,10
27,2025-05-13,0.2675,50.15,predicted,50.15,49.96,49.03,48.13,47.66,65.44,46.46,normal,normal,True,0.289,0.603,0.108,0,0,0.29,10
27,2025-05-14,0.2663,49.92,predicted,49.92,49.7,48.73,47.75,65.44,46.98,46.03,normal,normal,True,0.314,0.594,0.091,0,0,0.29,10
27,2025-05-15,0.264,49.48,predicted,49.48,49.25,48.24,65.44,46.75,46.46,45.51,normal,normal,True,0.355,0.571,0.074,0,0,0.29,10
27,2025-05-16,0.2637,49.44,predicted,49.44,49.2,65.44,47.2,46.72,46.43,45.47,normal,normal,True,0.353,0.574,0.073,0,0,0.29,10
27,2025-05-17,0.2636,49.4,predicted,49.4,65.44,48.17,47.19,46.71,46.46,45.48,normal,normal,True,0.358,0.569,0.073,0,0,0.29,10
27,2025-05-18,0.3491,65.44,observed,65.44,49.24,48.23,47.32,46.86,46.77,45.66,normal,normal,True,0.362,0.562,0.075,0,0,0.29,10
27,2025-05-19,0.3397,63.68,predicted,63.68,63.19,61.6,59.84,58.92,58.2,56.44,normal,normal,True,0.359,0.562,0.08,0,0,0.57,6
27,2025-05-20,0.3493,65.48,predicted,65.48,65.01,63.42,61.66,60.71,60.0,58.15,normal,normal,True,0.351,0.566,0.083,0,0,0.57,6
27,2025-05-21,0.3431,64.32,predicted,64.32,64.44,64.51,64.68,64.04,64.07,63.25,normal,normal,True,0.347,0.567,0.086,0,0,0.29,10
27,2025-05-22,0.3426,64.23,predicted,64.23,64.33,64.42,64.56,63.9,63.91,63.14,normal,normal,True,0.351,0.563,0.086,0,0,0.29,10
27,2025-05-23,0.3419,64.09,predicted,64.09,64.17,64.27,64.37,63.7,63.68,62.96,normal,normal,True,0.347,0.568,0.084,0,0,0.29,10
27,2025-05-24,0.3407,63.86,predicted,63.86,63.9,64.0,64.06,63.38,63.3,74.13,normal,normal,True,0.339,0.575,0.086,0,0,0.29,10
27,2025-05-25,0.3404,63.82,predicted,63.82,63.85,63.89,63.9,63.21,74.13,62.44,normal,normal,True,0.336,0.573,0.091,0,0,0.29,10
27,2025-05-26,0.3405,63.82,predicted,63.82,63.87,63.86,63.83,74.13,63.09,62.34,normal,normal,True,0.34,0.571,0.089,0,0,0.29,10
27,2025-05-27,0.3399,63.72,predicted,63.72,63.75,63.77,74.13,63.09,63.01,62.3,normal,normal,True,0.347,0.569,0.084,0,0,0.29,10
27,2025-05-28,0.3402,63.78,predicted,63.78,63.81,74.13,63.82,63.14,63.06,62.35,normal,normal,True,0.35,0.565,0.085,0,0,0.29,10
27,2025-05-29,0.3392,63.58,predicted,63.58,74.13,63.63,63.66,62.99,62.82,62.22,normal,normal,True,0.335,0.584,0.081,0,0,0.29,10
27,2025-05-30,0.3955,74.13,observed,74.13,63.52,63.57,63.61,62.94,62.75,62.18,normal,normal,True,0.338,0.581,0.081,0,0,0.29,10
27,2025-05-31,0.3968,74.38,predicted,74.38,74.03,73.48,72.74,71.75,71.1,69.84,normal,normal,True,0.335,0.574,0.091,0,0,0.57,6
27,2025-06-01,0.4008,75.13,predicted,75.13,74.77,74.25,73.54,72.54,71.88,70.61,overflow,normal,False,0.338,0.575,0.087,0,1,0.57,6
27,2025-06-02,0.3908,73.26,predicted,73.26,73.13,73.36,73.53,72.68,72.44,71.54,normal,normal,True,0.332,0.58,0.088,0,0,0.29,10
27,2025-06-03,0.389,72.92,predicted,72.92,72.77,73.0,73.16,72.3,72.03,71.18,normal,normal,True,0.356,0.569,0.074,0,0,0.29,10
27,2025-06-04,0.3889,72.91,predicted,72.91,72.75,72.98,73.14,72.28,72.0,71.16,normal,normal,True,0.361,0.567,0.072,0,0,0.29,10
27,2025-06-05,0.3879,72.71,predicted,72.71,72.56,72.79,72.96,72.11,71.81,78.86,normal,normal,True,0.365,0.564,0.071,0,1,0.29,10
27,2025-06-06,0.3886,72.85,predicted,72.85,72.7,72.92,73.08,72.22,78.86,71.11,normal,normal,True,0.367,0.56,0.073,0,1,0.29,10
27,2025-06-07,0.3884,72.8,predicted,72.8,72.66,72.91,73.11,78.86,71.99,71.16,normal,normal,True,0.365,0.563,0.072,0,1,0.29,10
27,2025-06-08,0.3874,72.62,predicted,72.62,72.47,72.73,78.86,72.1,71.8,71.02,normal,normal,True,0.363,0.566,0.071,0,1,0.29,10
27,2025-06-09,0.387,72.54,predicted,72.54,72.37,78.86,72.8,71.95,71.62,70.87,normal,normal,True,0.36,0.568,0.072,0,1,0.29,10
27,2025-06-10,0.3873,72.6,predicted,72.6,78.86,72.65,72.81,71.95,71.61,70.85,normal,normal,True,0.357,0.569,0.074,0,1,0.29,10
27,2025-06-11,0.4207,78.86,observed,78.86,72.68,72.85,72.96,72.09,71.79,70.93,overflow,normal,False,0.353,0.565,0.083,0,1,0.29,10
27,2025-06-12,0.423,79.28,predicted,79.28,78.9,78.77,78.52,77.49,76.91,75.64,overflow,normal,False,0.355,0.563,0.082,0,7,0.57,6
27,2025-06-13,0.426,79.86,predicted,79.86,79.47,79.38,79.18,78.15,77.55,76.28,overflow,normal,False,0.364,0.558,0.078,0,7,0.57,6
27,2025-06-14,0.4208,78.88,predicted,78.88,78.53,78.59,78.58,77.58,77.1,75.93,overflow,normal,False,0.364,0.558,0.079,0,7,0.29,10
27,2025-06-15,0.4231,79.32,predicted,79.32,78.98,79.02,78.98,77.97,77.55,76.26,overflow,normal,False,0.363,0.556,0.08,0,7,0.29,10
27,2025-06-16,0.4235,79.38,predicted,79.38,79.06,79.08,79.04,78.03,77.63,76.3,overflow,normal,False,0.345,0.567,0.088,0,7,0.29,10
27,2025-06-17,0.4247,79.61,predicted,79.61,79.3,79.31,79.24,78.23,77.87,80.27,overflow,normal,False,0.341,0.567,0.092,0,7,0.29,10
27,2025-06-18,0.4245,79.57,predicted,79.57,79.27,79.29,79.23,78.23,80.27,76.48,overflow,normal,False,0.335,0.567,0.098,0,7,0.29,10
27,2025-06-19,0.4222,79.14,predicted,79.14,78.83,78.93,78.93,80.27,77.51,76.26,overflow,normal,False,0.333,0.569,0.098,0,7,0.29,10
27,2025-06-20,0.4207,78.86,predicted,78.86,78.52,78.63,80.27,77.58,77.1,75.97,overflow,normal,False,0.318,0.579,0.102,0,7,0.29,10
27,2025-06-21,0.4197,78.67,predicted,78.67,78.31,80.27,78.34,77.31,76.8,75.72,overflow,normal,False,0.311,0.583,0.106,0,7,0.29,10
27,2025-06-22,0.4194,78.61,predicted,78.61,80.27,78.32,78.23,77.2,76.69,75.61,overflow,normal,False,0.318,0.58,0.103,0,7,0.29,10
27,2025-06-23,0.4282,80.27,observed,80.27,78.11,78.19,78.12,77.11,76.58,75.53,overflow,normal,False,0.329,0.578,0.093,0,7,0.29,10
27,2025-06-24,0.4292,80.45,predicted,80.45,80.01,79.99,79.8,78.73,78.12,76.94,overflow,normal,False,0.339,0.573,0.087,0,7,0.57,6
27,2025-06-25,0.429,80.42,predicted,80.42,79.96,79.94,79.74,78.68,78.02,76.88,overflow,normal,False,0.325,0.587,0.088,0,7,0.57,6
27,2025-06-26,0.4279,80.21,predicted,80.21,79.74,79.73,79.55,78.48,77.85,76.71,overflow,normal,False,0.334,0.58,0.086,0,7,0.29,10
27,2025-06-27,0.4287,80.35,predicted,80.35,79.89,79.88,79.72,78.66,78.06,76.87,overflow,normal,False,0.336,0.575,0.089,0,7,0.29,10
27,2025-06-28,0.4293,80.46,predicted,80.46,80.01,80.03,79.91,78.87,78.29,77.09,overflow,normal,False,0.322,0.587,0.091,0,7,0.29,10
27,2025-06-29,0.4303,80.66,predicted,80.66,80.22,80.21,80.07,79.03,78.47,81.65,overflow,normal,False,0.334,0.577,0.089,0,7,0.29,10
27,2025-06-30,0.43,80.6,predicted,80.6,80.16,80.17,80.04,79.01,81.65,77.2,overflow,normal,False,0.335,0.582,0.084,0,7,0.29,10
27,2025-07-01,0.4287,80.36,predicted,80.36,79.91,79.93,79.81,81.65,78.17,76.99,overflow,normal,False,0.342,0.583,0.075,0,7,0.29,10
27,2025-07-02,0.4271,80.06,predicted,80.06,79.59,79.62,81.65,78.43,77.79,76.69,overflow,normal,False,0.35,0.577,0.073,0,7,0.29,10
27,2025-07-03,0.4268,80.0,predicted,80.0,79.52,81.65,79.4,78.34,77.69,76.61,overflow,normal,False,0.356,0.57,0.074,0,7,0.29,10
27,2025-07-04,0.4271,80.07,predicted,80.07,81.65,79.59,79.44,78.38,77.73,76.63,overflow,normal,False,0.362,0.565,0.073,0,7,0.29,10
27,2025-07-05,0.4356,81.65,observed,81.65,79.45,79.46,79.32,78.27,77.61,76.53,overflow,normal,False,0.358,0.568,0.074,0,7,0.29,10
27,2025-07-06,0.4361,81.74,predicted,81.74,81.18,81.07,80.77,79.67,78.9,77.7,overflow,normal,False,0.356,0.567,0.077,0,7,0.57,6
27,2025-07-07,0.4363,81.78,predicted,81.78,81.21,81.09,80.8,79.69,78.92,77.72,overflow,normal,False,0.352,0.568,0.08,0,7,0.57,6
27,2025-07-08,0.4346,81.47,predicted,81.47,80.89,80.81,80.55,79.45,78.68,77.53,overflow,normal,False,0.334,0.578,0.087,0,7,0.29,10
27,2025-07-09,0.4352,81.57,predicted,81.57,81.0,80.9,80.64,79.54,78.78,77.62,overflow,normal,False,0.343,0.57,0.087,0,7,0.29,10
27,2025-07-10,0.4362,81.77,predicted,81.77,81.2,81.09,80.81,79.71,78.97,77.76,overflow,normal,False,0.338,0.575,0.088,0,7,0.29,10
27,2025-07-11,0.4375,82.02,predicted,82.02,81.44,81.31,81.0,79.9,79.18,82.09,overflow,normal,False,0.325,0.587,0.088,0,7,0.29,10
27,2025-07-12,0.4367,81.87,predicted,81.87,81.3,81.21,80.94,79.84,82.09,77.87,overflow,normal,False,0.317,0.594,0.089,0,7,0.29,10
27,2025-07-13,0.4372,81.96,predicted,81.96,81.39,81.27,80.97,82.09,79.15,77.88,overflow,normal,False,0.306,0.6,0.094,0,7,0.29,10
27,2025-07-14,0.4362,81.77,predicted,81.77,81.2,81.09,82.09,79.7,78.97,77.73,overflow,normal,False,0.29,0.608,0.102,0,7,0.29,10
27,2025-07-15,0.4362,81.77,predicted,81.77,81.21,82.09,80.83,79.72,78.98,77.75,overflow,normal,False,0.3,0.597,0.103,0,7,0.29,10
27,2025-07-16,0.4363,81.78,predicted,81.78,82.09,81.11,80.84,79.73,78.99,77.77,overflow,normal,False,0.299,0.601,0.1,0,7,0.29,10
27,2025-07-17,0.4379,82.09,observed,82.09,81.45,81.32,81.01,79.9,79.2,77.9,overflow,normal,False,0.318,0.581,0.101,0,7,0.29,10
27,2025-07-18,0.4406,82.6,predicted,82.6,82.02,81.85,81.49,80.37,79.64,78.28,overflow,normal,False,0.303,0.596,0.101,0,7,0.57,6
27,2025-07-19,0.4416,82.79,predicted,82.79,82.21,82.02,81.65,80.53,79.82,78.41,overflow,normal,False,0.308,0.594,0.098,0,7,0.57,6
27,2025-07-20,0.4407,82.6,predicted,82.6,82.03,81.86,81.52,80.39,79.68,78.31,overflow,normal,False,0.297,0.605,0.098,0,7,0.29,10
27,2025-07-21,0.4413,82.71,predicted,82.71,82.14,81.97,81.62,80.49,79.79,78.38,overflow,normal,False,0.312,0.593,0.095,0,7,0.29,10
27,2025-07-22,0.4407,82.61,predicted,82.61,82.05,81.91,81.6,80.48,79.78,78.4,overflow,normal,False,0.333,0.58,0.086,0,7,0.29,10
27,2025-07-23,0.4404,82.55,predicted,82.55,82.0,81.88,81.6,80.48,79.79,39.05,overflow,normal,False,0.344,0.573,0.083,0,6,0.29,10
27,2025-07-24,0.4407,82.61,predicted,82.61,82.06,81.95,81.66,80.55,39.05,78.49,overflow,normal,False,0.344,0.572,0.084,0,6,0.29,10
27,2025-07-25,0.4401,82.51,predicted,82.51,81.95,81.84,81.55,39.05,79.73,78.39,overflow,normal,False,0.328,0.583,0.089,0,6,0.29,10
27,2025-07-26,0.4399,82.45,predicted,82.45,81.89,81.78,39.05,80.39,79.67,78.36,overflow,normal,False,0.329,0.583,0.088,0,6,0.29,10
27,2025-07-27,0.4404,82.56,predicted,82.56,81.99,39.05,81.55,80.43,79.71,78.37,overflow,normal,False,0.321,0.584,0.095,0,6,0.29,10
27,2025-07-28,0.4397,82.43,predicted,82.43,39.05,81.74,81.45,80.34,79.6,78.31,overflow,normal,False,0.322,0.591,0.087,0,6,0.29,10
27,2025-07-29,0.2083,39.05,observed,39.05,81.79,81.68,81.38,80.27,79.51,78.25,normal,normal,True,0.337,0.583,0.08,0,6,0.29,10
27,2025-07-30,0.2144,40.18,predicted,40.18,40.5,41.46,42.33,42.48,43.22,43.45,normal,normal,True,0.348,0.579,0.074,0,0,0.57,6
27,2025-07-31,0.1985,37.2,predicted,37.2,37.56,38.49,39.36,39.59,40.36,40.65,normal,normal,True,0.34,0.587,0.073,0,0,0.57,6
27,2025-08-01,0.1991,37.32,predicted,37.32,37.15,36.3,35.52,35.35,35.25,34.67,normal,normal,True,0.353,0.573,0.074,0,0,0.29,10
27,2025-08-02,0.1994,37.38,predicted,37.38,37.26,36.34,35.57,35.41,35.42,34.7,normal,normal,True,0.365,0.555,0.079,0,0,0.29,10
27,2025-08-03,0.2004,37.56,predicted,37.56,37.51,36.61,35.93,35.79,35.93,35.11,normal,normal,True,0.362,0.556,0.081,0,0,0.29,10
27,2025-08-04,0.2012,37.71,predicted,37.71,37.73,36.87,36.29,36.17,36.4,72.02,normal,normal,True,0.343,0.569,0.088,0,0,0.29,10
27,2025-08-05,0.2051,38.44,predicted,38.44,38.54,37.76,37.38,37.27,72.02,36.73,normal,normal,True,0.343,0.566,0.091,0,0,0.29,10
27,2025-08-06,0.2066,38.72,predicted,38.72,38.82,38.11,37.73,72.02,37.89,37.13,normal,normal,True,0.332,0.574,0.094,0,0,0.29,10
27,2025-08-07,0.2067,38.74,predicted,38.74,38.79,38.13,72.02,37.57,37.75,37.11,normal,normal,True,0.319,0.583,0.098,0,0,0.29,10
27,2025-08-08,0.2054,38.51,predicted,38.51,38.51,72.02,37.38,37.23,37.31,36.75,normal,normal,True,0.317,0.586,0.097,0,0,0.29,10
27,2025-08-09,0.204,38.23,predicted,38.23,72.02,37.51,36.97,36.81,36.84,36.29,normal,normal,True,0.319,0.585,0.096,0,0,0.29,10
27,2025-08-10,0.3842,72.02,observed,72.02,37.81,37.06,36.47,36.3,36.3,35.75,normal,normal,True,0.307,0.593,0.1,0,0,0.29,10
27,2025-08-11,0.3678,68.94,predicted,68.94,67.97,65.97,63.37,62.1,60.55,58.77,normal,normal,True,0.318,0.592,0.091,0,0,0.57,6
27,2025-08-12,0.3788,71.02,predicted,71.02,69.96,67.87,65.09,63.78,62.12,60.22,normal,normal,True,0.334,0.583,0.084,0,0,0.57,6
27,2025-08-13,0.3734,69.99,predicted,69.99,69.88,70.1,70.3,69.5,69.22,68.55,normal,normal,True,0.35,0.57,0.079,0,0,0.29,10
27,2025-08-14,0.3742,70.14,predicted,70.14,70.04,70.26,70.47,69.68,69.42,68.72,normal,normal,True,0.357,0.563,0.08,0,0,0.29,10
27,2025-08-15,0.3745,70.21,predicted,70.21,70.12,70.39,70.65,69.88,69.63,68.94,normal,normal,True,0.361,0.562,0.078,0,0,0.29,10
27,2025-08-16,0.3748,70.25,predicted,70.25,70.16,70.42,70.69,69.91,69.66,59.03,normal,normal,True,0.353,0.565,0.082,0,0,0.29,10
27,2025-08-17,0.3755,70.39,predicted,70.39,70.3,70.56,70.81,70.03,59.03,69.08,normal,normal,True,0.343,0.571,0.086,0,0,0.29,10
27,2025-08-18,0.376,70.48,predicted,70.48,70.39,70.65,70.9,59.03,69.89,69.15,normal,normal,True,0.348,0.566,0.086,0,0,0.29,10
27,2025-08-19,0.374,70.11,predicted,70.11,70.0,70.26,59.03,69.71,69.44,68.76,normal,normal,True,0.346,0.571,0.083,0,0,0.29,10
27,2025-08-20,0.373,69.91,predicted,69.91,69.78,59.03,70.3,69.52,69.19,68.59,normal,normal,True,0.334,0.582,0.084,0,0,0.29,10
27,2025-08-21,0.3738,70.08,predicted,70.08,59.03,70.17,70.37,69.57,69.25,68.62,normal,normal,True,0.343,0.574,0.083,0,0,0.29,10
27,2025-08-22,0.3149,59.03,observed,59.03,70.1,70.3,70.46,69.66,69.37,68.68,normal,normal,True,0.34,0.579,0.081,0,0,0.29,10
27,2025-08-23,0.3042,57.02,predicted,57.02,57.2,57.8,58.43,58.04,58.31,58.06,normal,normal,True,0.355,0.563,0.082,0,0,0.57,6
27,2025-08-24,0.2987,56.0,predicted,56.0,56.21,56.77,57.39,57.03,57.33,57.07,normal,normal,True,0.347,0.565,0.088,0,0,0.57,6
27,2025-08-25,0.3043,57.05,predicted,57.05,56.94,56.51,56.14,55.58,55.31,54.61,normal,normal,True,0.333,0.579,0.088,0,0,0.29,10
27,2025-08-26,0.3053,57.24,predicted,57.24,57.13,56.66,56.22,55.64,55.4,54.64,normal,normal,True,0.337,0.575,0.088,0,0,0.29,10
27,2025-08-27,0.3039,56.96,predicted,56.96,56.86,56.45,56.08,55.52,55.26,54.56,normal,normal,True,0.34,0.571,0.089,0,0,0.29,10
27,2025-08-28,0.3034,56.88,predicted,56.88,56.77,56.37,56.03,55.46,55.18,59.19,normal,normal,True,0.333,0.573,0.094,0,0,0.29,10
27,2025-08-29,0.3038,56.95,predicted,56.95,56.84,56.43,56.07,55.51,59.19,54.55,normal,normal,True,0.344,0.563,0.093,0,0,0.29,10
27,2025-08-30,0.304,56.99,predicted,56.99,56.88,56.45,56.08,59.19,55.24,54.54,normal,normal,True,0.344,0.563,0.092,0,0,0.29,10
27,2025-08-31,0.3044,57.06,predicted,57.06,56.96,56.5,59.19,55.53,55.29,54.54,normal,normal,True,0.34,0.564,0.097,0,0,0.29,10
28,2025-03-01,0.2915,42.73,predicted,42.73,42.84,42.0,41.51,41.28,41.54,61.78,normal,normal,True,0.306,0.495,0.199,0,0,0.29,10
28,2025-03-02,0.2953,43.28,predicted,43.28,43.44,42.63,42.2,41.97,61.78,41.29,normal,normal,True,0.323,0.483,0.194,0,0,0.29,10
28,2025-03-03,0.2963,43.43,predicted,43.43,43.6,42.85,42.45,61.78,42.51,41.59,normal,normal,True,0.326,0.477,0.197,0,0,0.29,10
28,2025-03-04,0.2971,43.55,predicted,43.55,43.67,42.94,61.78,42.23,42.46,41.61,normal,normal,True,0.331,0.481,0.188,0,0,0.29,10
28,2025-03-05,0.2957,43.35,predicted,43.35,43.41,61.78,42.18,41.9,42.01,41.26,normal,normal,True,0.335,0.487,0.178,0,0,0.29,10
28,2025-03-06,0.2924,42.86,predicted,42.86,61.78,42.12,41.56,41.27,41.23,40.6,normal,normal,True,0.336,0.492,0.172,0,0,0.29,10
28,2025-03-07,0.4214,61.78,observed,61.78,42.31,41.54,40.91,40.62,40.49,39.9,normal,normal,True,0.358,0.49,0.152,0,0,0.29,10
28,2025-03-08,0.412,60.4,predicted,60.4,59.79,58.17,56.3,55.33,54.3,52.96,normal,normal,True,0.364,0.49,0.146,0,0,0.57,6
28,2025-03-09,0.4182,61.31,predicted,61.31,60.65,58.95,56.99,56.0,54.88,53.49,normal,normal,True,0.373,0.487,0.14,0,0,0.57,6
28,2025-03-10,0.4114,60.31,predicted,60.31,60.25,59.93,59.64,59.01,58.72,58.07,normal,normal,True,0.402,0.471,0.126,0,0,0.29,10
28,2025-03-11,0.416,60.98,predicted,60.98,60.96,60.53,60.14,59.51,59.39,58.47,normal,normal,True,0.427,0.456,0.117,0,0,0.29,10
28,2025-03-12,0.42,61.57,predicted,61.57,61.66,61.24,60.98,60.36,60.44,59.33,normal,normal,True,0.433,0.438,0.129,0,0,0.29,10
28,2025-03-13,0.4215,61.79,predicted,61.79,61.92,61.62,61.52,60.93,60.98,33.27,normal,normal,True,0.405,0.444,0.151,0,0,0.29,10
28,2025-03-14,0.4217,61.82,predicted,61.82,61.93,61.72,61.64,61.05,33.27,60.16,normal,normal,True,0.389,0.453,0.159,0,0,0.29,10
28,2025-03-15,0.4207,61.67,predicted,61.67,61.77,61.62,61.54,33.27,60.92,60.11,normal,normal,True,0.4,0.453,0.147,0,0,0.29,10
28,2025-03-16,0.4191,61.43,predicted,61.43,61.51,61.37,33.27,60.65,60.58,59.83,normal,normal,True,0.432,0.439,0.129,0,0,0.29,10
28,2025-03-17,0.4203,61.62,predicted,61.62,61.72,33.27,61.25,60.61,60.63,59.71,normal,normal,True,0.432,0.435,0.133,0,0,0.29,10
28,2025-03-18,0.419,61.42,predicted,61.42,33.27,61.27,61.11,60.48,60.45,59.59,normal,normal,True,0.387,0.454,0.159,0,0,0.29,10
28,2025-03-19,0.227,33.27,observed,33.27,61.48,61.22,61.01,60.37,60.29,59.48,normal,normal,True,0.345,0.475,0.18,0,0,0.29,10
28,2025-03-20,0.2436,35.72,predicted,35.72,36.25,36.76,37.47,37.73,38.53,38.53,normal,normal,True,0.333,0.478,0.188,0,0,0.57,6
28,2025-03-21,0.2263,33.18,predicted,33.18,33.7,34.05,34.56,34.89,35.68,35.64,normal,normal,True,0.319,0.492,0.189,0,0,0.57,6
28,2025-03-22,0.2251,33.0,predicted,33.0,33.08,32.5,32.07,32.07,32.33,31.9,normal,normal,True,0.312,0.511,0.177,0,0,0.29,10
28,2025-03-23,0.2248,32.96,predicted,32.96,33.02,32.4,31.94,31.93,32.19,31.72,normal,normal,True,0.331,0.509,0.16,0,0,0.29,10
28,2025-03-24,0.223,32.68,predicted,32.68,32.76,32.18,31.74,31.77,32.05,31.6,normal,normal,True,0.348,0.512,0.14,0,0,0.29,10
28,2025-03-25,0.223,32.69,predicted,32.69,32.74,32.17,31.71,31.74,31.99,26.96,normal,normal,True,0.334,0.517,0.15,0,0,0.29,10
28,2025-03-26,0.2201,32.27,predicted,32.27,32.3,31.68,31.2,31.22,26.96,30.99,normal,drought,False,0.467,0.449,0.084,0,0,0.29,10
28,2025-03-27,0.2189,32.1,predicted,32.1,32.12,31.48,30.99,26.96,31.2,30.78,normal,drought,False,0.472,0.444,0.084,0,0,0.29,10
28,2025-03-28,0.2191,32.12,predicted,32.12,32.13,31.47,26.96,30.95,31.16,30.71,normal,drought,False,0.471,0.441,0.088,0,0,0.29,10
28,2025-03-29,0.2196,32.19,predicted,32.19,32.2,26.96,31.05,31.06,31.27,30.82,normal,drought,False,0.476,0.437,0.086,0,0,0.29,10
28,2025-03-30,0.2186,32.04,predicted,32.04,26.96,31.46,30.99,31.02,31.23,30.82,normal,drought,False,0.492,0.42,0.088,0,0,0.29,10
28,2025-03-31,0.1839,26.96,observed,26.96,32.02,31.39,30.87,30.87,31.03,30.64,normal,drought,False,0.539,0.38,0.082,0,0,0.29,10
28,2025-04-01,0.1754,25.71,predicted,25.71,25.86,25.52,25.22,25.45,25.83,25.72,normal,drought,False,0.553,0.36,0.087,0,0,0.57,6
28,2025-04-02,0.1745,25.59,predicted,25.59,25.77,25.37,25.08,25.34,25.8,25.55,normal,drought,False,0.54,0.368,0.092,0,0,0.57,6
28,2025-04-03,0.1762,25.83,predicted,25.83,25.98,25.46,25.13,25.34,25.83,25.44,normal,drought,False,0.544,0.368,0.088,0,0,0.29,10
28,2025-04-04,0.1809,26.52,predicted,26.52,26.83,26.35,26.32,26.57,27.2,26.73,normal,drought,False,0.552,0.353,0.095,0,0,0.29,10
28,2025-04-05,0.1906,27.94,predicted,27.94,28.45,28.06,28.34,28.64,29.46,28.9,normal,drought,False,0.523,0.344,0.132,0,0,0.29,10
28,2025-04-06,0.1891,27.72,predicted,27.72,28.19,27.92,28.16,28.43,29.23,43.08,normal,drought,False,0.481,0.339,0.18,0,0,0.29,10
28,2025-04-07,0.1919,28.13,predicted,28.13,28.63,28.45,28.8,29.06,43.08,29.51,normal,drought,False,0.458,0.334,0.208,0,0,0.29,10
28,2025-04-08,0.1903,27.9,predicted,27.9,28.35,28.2,28.4,43.08,29.36,29.12,normal,drought,False,0.424,0.342,0.234,0,0,0.29,10
28,2025-04-09,0.1852,27.15,predicted,27.15,27.47,27.3,43.08,27.5,28.07,27.94,normal,drought,False,0.382,0.368,0.25,0,0,0.29,10
28,2025-04-10,0.1809,26.53,predicted,26.53,26.76,43.08,26.37,26.57,27.03,26.95,normal,normal,True,0.36,0.395,0.246,0,0,0.29,10
28,2025-04-11,0.1776,26.04,predicted,26.04,43.08,25.93,25.75,25.95,26.37,26.23,normal,normal,True,0.327,0.417,0.257,0,0,0.29,10
28,2025-04-12,0.2938,43.08,observed,43.08,26.14,25.73,25.46,25.66,26.07,25.86,normal,normal,True,0.301,0.436,0.263,0,0,0.29,10
28,2025-04-13,0.2876,42.17,predicted,42.17,41.85,40.8,39.8,39.32,39.0,38.29,normal,normal,True,0.312,0.448,0.24,0,0,0.57,6
28,2025-04-14,0.2975,43.62,predicted,43.62,43.29,42.15,41.04,40.53,40.21,39.38,normal,normal,True,0.31,0.465,0.225,0,0,0.57,6
28,2025-04-15,0.2919,42.79,predicted,42.79,42.68,41.64,40.75,40.45,40.41,39.51,normal,normal,True,0.306,0.475,0.219,0,0,0.29,10
28,2025-04-16,0.2928,42.92,predicted,42.92,42.81,41.81,40.95,40.66,40.63,39.74,normal,normal,True,0.235,0.485,0.28,0,0,0.29,10
28,2025-04-17,0.2957,43.35,predicted,43.35,43.27,42.32,41.51,41.23,41.23,40.34,normal,normal,True,0.184,0.48,0.336,0,0,0.29,10
28,2025-04-18,0.2966,43.48,predicted,43.48,43.4,42.5,41.7,41.42,41.43,45.84,normal,normal,True,0.224,0.522,0.254,0,0,0.29,10
28,2025-04-19,0.2929,42.94,predicted,42.94,42.82,41.89,41.06,40.76,45.84,39.89,normal,normal,True,0.39,0.501,0.109,0,0,0.29,10
28,2025-04-20,0.2939,43.09,predicted,43.09,42.98,42.08,41.27,45.84,40.93,40.11,normal,normal,True,0.377,0.508,0.115,0,0,0.29,10
28,2025-04-21,0.2915,42.73,predicted,42.73,42.58,41.63,45.84,40.45,40.37,39.56,normal,drought,False,0.476,0.458,0.066,0,0,0.29,10
28,2025-04-22,0.2902,42.55,predicted,42.55,42.41,45.84,40.6,40.29,40.22,39.39,normal,drought,False,0.5,0.435,0.065,0,0,0.29,10
28,2025-04-23,0.2909,42.64,predicted,42.64,45.84,41.56,40.78,40.49,40.46,39.6,normal,drought,False,0.513,0.422,0.064,0,0,0.29,10
28,2025-04-24,0.3127,45.84,observed,45.84,42.72,41.75,40.94,40.66,40.67,39.77,normal,drought,False,0.51,0.424,0.066,0,0,0.29,10
28,2025-04-25,0.3104,45.51,predicted,45.51,45.36,44.28,43.32,42.92,42.85,41.83,normal,drought,False,0.512,0.422,0.066,0,0,0.57,6
28,2025-04-26,0.3125,45.81,predicted,45.81,45.67,44.61,43.68,43.28,43.2,42.2,normal,drought,False,0.508,0.425,0.068,0,0,0.57,6
28,2025-04-27,0.3113,45.63,predicted,45.63,45.54,44.57,43.75,43.39,43.36,42.41,normal,drought,False,0.522,0.415,0.063,0,0,0.29,10
28,2025-04-28,0.3123,45.79,predicted,45.79,45.72,44.76,43.98,43.62,43.62,42.65,normal,drought,False,0.513,0.419,0.067,0,0,0.29,10
28,2025-04-29,0.3149,46.17,predicted,46.17,46.16,45.21,44.52,44.17,44.2,43.22,normal,drought,False,0.517,0.415,0.068,0,0,0.29,10
28,2025-04-30,0.3183,46.67,predicted,46.67,46.73,45.78,45.16,44.81,44.95,40.92,normal,drought,False,0.532,0.401,0.067,0,0,0.29,10
28,2025-05-01,0.3197,46.86,predicted,46.86,46.97,46.03,45.43,45.08,40.92,44.19,normal,drought,False,0.527,0.401,0.072,0,0,0.29,10
28,2025-05-02,0.3204,46.98,predicted,46.98,47.02,46.14,45.48,40.92,45.23,44.24,normal,drought,False,0.508,0.417,0.075,0,0,0.29,10
28,2025-05-03,0.3181,46.63,predicted,46.63,46.62,45.75,40.92,44.63,44.66,43.76,normal,drought,False,0.497,0.427,0.076,0,0,0.29,10
28,2025-05-04,0.3156,46.27,predicted,46.27,46.2,40.92,44.49,44.1,44.04,43.19,normal,drought,False,0.493,0.434,0.073,0,0,0.29,10
28,2025-05-05,0.315,46.18,predicted,46.18,40.92,45.13,44.23,43.83,43.69,42.87,normal,drought,False,0.477,0.455,0.068,0,0,0.29,10
28,2025-05-06,0.2792,40.92,observed,40.92,46.01,45.04,44.17,43.77,43.59,42.76,normal,drought,False,0.5,0.435,0.065,0,0,0.29,10
28,2025-05-07,0.2797,41.01,predicted,41.01,40.99,40.17,39.54,39.33,39.37,38.67,normal,drought,False,0.511,0.426,0.063,0,0,0.57,6
28,2025-05-08,0.2753,40.36,predicted,40.36,40.35,39.49,38.81,38.63,38.73,37.98,normal,drought,False,0.508,0.427,0.065,0,0,0.57,6
28,2025-05-09,0.2775,40.67,predicted,40.67,40.61,39.68,38.9,38.67,38.71,37.92,normal,drought,False,0.496,0.435,0.068,0,0,0.29,10
28,2025-05-10,0.2779,40.73,predicted,40.73,40.64,39.7,38.87,38.63,38.67,37.86,normal,drought,False,0.463,0.463,0.073,0,0,0.29,10
28,2025-05-11,0.2776,40.7,predicted,40.7,40.6,39.69,38.88,38.64,38.65,37.88,normal,normal,True,0.443,0.48,0.078,0,0,0.29,10
28,2025-05-12,0.2774,40.66,predicted,40.66,40.54,39.69,38.91,38.68,38.65,49.09,normal,normal,True,0.419,0.49,0.091,0,0,0.29,10
28,2025-05-13,0.2763,40.5,predicted,40.5,40.36,39.49,38.68,38.45,49.09,37.69,normal,normal,True,0.414,0.492,0.094,0,0,0.29,10
28,2025-05-14,0.2747,40.27,predicted,40.27,40.1,39.18,38.31,49.09,37.99,37.26,normal,normal,True,0.453,0.472,0.075,0,0,0.29,10
28,2025-05-15,0.2724,39.93,predicted,39.93,39.75,38.8,49.09,37.66,37.57,36.85,normal,drought,False,0.501,0.44,0.059,0,0,0.29,10
28,2025-05-16,0.272,39.88,predicted,39.88,39.7,49.09,37.84,37.59,37.52,36.78,normal,drought,False,0.493,0.447,0.06,0,0,0.29,10
28,2025-05-17,0.2718,39.85,predicted,39.85,49.09,38.71,37.8,37.55,37.51,36.74,normal,drought,False,0.482,0.456,0.063,0,0,0.29,10
28,2025-05-18,0.3349,49.09,observed,49.09,39.8,38.8,37.94,37.7,37.84,36.91,normal,drought,False,0.492,0.436,0.073,0,0,0.29,10
28,2025-05-19,0.3303,48.42,predicted,48.42,48.23,47.0,45.89,45.4,45.28,44.04,normal,drought,False,0.481,0.439,0.08,0,0,0.57,6
28,2025-05-20,0.3384,49.61,predicted,49.61,49.48,48.26,47.21,46.7,46.64,45.33,normal,drought,False,0.478,0.44,0.082,0,0,0.57,6
28,2025-05-21,0.3361,49.27,predicted,49.27,49.23,48.28,47.5,47.07,47.12,46.0,normal,drought,False,0.469,0.45,0.081,0,0,0.29,10
28,2025-05-22,0.3361,49.27,predicted,49.27,49.22,48.3,47.48,47.04,47.05,46.0,normal,normal,True,0.456,0.462,0.082,0,0,0.29,10
28,2025-05-23,0.3353,49.15,predicted,49.15,49.06,48.15,47.28,46.82,46.76,45.78,normal,normal,True,0.433,0.491,0.076,0,0,0.29,10
28,2025-05-24,0.3333,48.86,predicted,48.86,48.72,47.81,46.91,46.43,46.27,55.63,normal,normal,True,0.419,0.505,0.076,0,0,0.29,10
28,2025-05-25,0.3317,48.63,predicted,48.63,48.48,47.51,46.54,46.06,55.63,44.97,normal,normal,True,0.419,0.499,0.082,0,0,0.29,10
28,2025-05-26,0.3311,48.54,predicted,48.54,48.39,47.37,46.35,55.63,45.74,44.73,normal,normal,True,0.425,0.5,0.075,0,0,0.29,10
28,2025-05-27,0.3306,48.46,predicted,48.46,48.29,47.28,55.63,45.81,45.64,44.68,normal,normal,True,0.445,0.491,0.064,0,0,0.29,10
28,2025-05-28,0.3307,48.48,predicted,48.48,48.31,55.63,46.28,45.8,45.64,44.65,normal,normal,True,0.456,0.48,0.064,0,0,0.29,10
28,2025-05-29,0.3299,48.37,predicted,48.37,55.63,47.14,46.17,45.69,45.42,44.55,normal,normal,True,0.444,0.497,0.059,0,0,0.29,10
28,2025-05-30,0.3795,55.63,observed,55.63,47.99,46.96,45.95,45.48,45.16,44.3,normal,normal,True,0.463,0.478,0.059,0,0,0.29,10
28,2025-05-31,0.3714,54.44,predicted,54.44,54.09,52.75,51.34,50.66,50.19,48.93,normal,drought,False,0.472,0.46,0.068,0,0,0.57,6
28,2025-06-01,0.3742,54.86,predicted,54.86,54.5,53.17,51.75,51.07,50.59,49.32,normal,drought,False,0.477,0.459,0.064,0,0,0.57,6
28,2025-06-02,0.3751,54.98,predicted,54.98,54.84,53.96,53.06,52.49,52.3,51.23,normal,normal,True,0.45,0.482,0.069,0,0,0.29,10
28,2025-06-03,0.3724,54.6,predicted,54.6,54.44,53.58,52.72,52.15,51.91,50.93,normal,drought,False,0.491,0.452,0.056,0,0,0.29,10
28,2025-06-04,0.3723,54.58,predicted,54.58,54.41,53.56,52.68,52.1,51.85,50.88,normal,drought,False,0.501,0.444,0.054,0,0,0.29,10
28,2025-06-05,0.371,54.38,predicted,54.38,54.21,53.38,52.54,51.96,51.69,55.63,normal,drought,False,0.525,0.421,0.054,0,0,0.29,10
28,2025-06-06,0.3714,54.44,predicted,54.44,54.27,53.42,52.55,51.98,55.63,50.77,normal,drought,False,0.524,0.418,0.058,0,0,0.29,10
28,2025-06-07,0.3717,54.49,predicted,54.49,54.33,53.48,52.63,55.63,51.82,50.85,normal,drought,False,0.537,0.405,0.058,0,0,0.29,10
28,2025-06-08,0.3708,54.36,predicted,54.36,54.18,53.35,55.63,51.97,51.69,50.76,normal,drought,False,0.552,0.386,0.063,0,0,0.29,10
28,2025-06-09,0.3701,54.26,predicted,54.26,54.07,55.63,52.47,51.91,51.6,50.73,normal,drought,False,0.556,0.371,0.074,0,0,0.29,10
28,2025-06-10,0.3699,54.23,predicted,54.23,55.63,53.23,52.42,51.85,51.53,50.67,normal,drought,False,0.557,0.359,0.085,0,0,0.29,10
28,2025-06-11,0.3795,55.63,observed,55.63,53.96,53.13,52.31,51.74,51.5,50.56,normal,drought,False,0.533,0.37,0.097,0,0,0.29,10
28,2025-06-12,0.3701,54.26,predicted,54.26,54.14,53.31,52.55,52.0,51.85,50.83,normal,drought,False,0.525,0.377,0.097,0,0,0.57,6
28,2025-06-13,0.3737,54.78,predicted,54.78,54.68,53.88,53.16,52.62,52.47,51.45,normal,drought,False,0.543,0.37,0.087,0,0,0.57,6
28,2025-06-14,0.373,54.68,predicted,54.68,54.58,53.81,53.1,52.56,52.39,51.42,normal,drought,False,0.542,0.367,0.091,0,0,0.29,10
28,2025-06-15,0.3748,54.94,predicted,54.94,54.89,54.1,53.41,52.86,52.8,51.72,normal,drought,False,0.532,0.371,0.097,0,0,0.29,10
28,2025-06-16,0.375,54.97,predicted,54.97,54.96,54.19,53.54,53.0,52.99,51.89,normal,drought,False,0.491,0.398,0.111,0,0,0.29,10
28,2025-06-17,0.3768,55.24,predicted,55.24,55.26,54.48,53.81,53.27,53.33,56.41,normal,drought,False,0.465,0.416,0.119,0,0,0.29,10
28,2025-06-18,0.378,55.41,predicted,55.41,55.44,54.7,54.04,53.48,56.41,52.4,normal,normal,True,0.431,0.44,0.129,0,0,0.29,10
28,2025-06-19,0.3787,55.51,predicted,55.51,55.5,54.82,54.2,56.41,53.59,52.59,normal,normal,True,0.421,0.46,0.118,0,0,0.29,10
28,2025-06-20,0.3775,55.33,predicted,55.33,55.26,54.59,56.41,53.34,53.16,52.29,normal,normal,True,0.391,0.482,0.127,0,0,0.29,10
28,2025-06-21,0.3751,54.98,predicted,54.98,54.86,56.41,53.41,52.81,52.56,51.73,normal,normal,True,0.389,0.487,0.124,0,0,0.29,10
28,2025-06-22,0.3731,54.69,predicted,54.69,56.41,53.77,52.94,52.34,52.05,51.21,normal,normal,True,0.422,0.478,0.1,0,0,0.29,10
28,2025-06-23,0.3848,56.41,observed,56.41,54.32,53.51,52.64,52.04,51.72,50.86,normal,drought,False,0.469,0.454,0.077,0,0,0.29,10
28,2025-06-24,0.3778,55.39,predicted,55.39,55.18,54.27,53.31,52.69,52.35,51.38,normal,drought,False,0.498,0.435,0.067,0,0,0.57,6
28,2025-06-25,0.3771,55.28,predicted,55.28,55.06,54.17,53.23,52.62,52.23,51.31,normal,drought,False,0.49,0.435,0.076,0,0,0.57,6
28,2025-06-26,0.3753,55.02,predicted,55.02,54.81,53.99,53.13,52.54,52.19,51.32,normal,drought,False,0.493,0.42,0.086,0,0,0.29,10
28,2025-06-27,0.3753,55.02,predicted,55.02,54.83,53.99,53.14,52.56,52.26,51.33,normal,drought,False,0.516,0.4,0.084,0,0,0.29,10
28,2025-06-28,0.3779,55.39,predicted,55.39,55.23,54.4,53.56,53.0,52.74,51.76,normal,drought,False,0.519,0.4,0.082,0,0,0.29,10
28,2025-06-29,0.3778,55.39,predicted,55.39,55.23,54.37,53.5,52.93,52.73,53.22,normal,drought,False,0.52,0.397,0.083,0,0,0.29,10
28,2025-06-30,0.378,55.42,predicted,55.42,55.27,54.43,53.6,53.03,53.22,51.79,normal,drought,False,0.51,0.41,0.081,0,0,0.29,10
28,2025-07-01,0.3774,55.33,predicted,55.33,55.17,54.4,53.63,53.22,52.8,51.88,normal,drought,False,0.508,0.408,0.084,0,0,0.29,10
28,2025-07-02,0.3753,55.02,predicted,55.02,54.85,54.15,53.22,52.86,52.54,51.75,normal,drought,False,0.506,0.393,0.101,0,0,0.29,10
28,2025-07-03,0.3743,54.88,predicted,54.88,54.69,53.22,53.24,52.66,52.32,51.54,normal,drought,False,0.512,0.377,0.112,0,0,0.29,10
28,2025-07-04,0.374,54.83,predicted,54.83,53.22,53.88,53.1,52.52,52.18,51.36,normal,drought,False,0.506,0.375,0.119,0,0,0.29,10
28,2025-07-05,0.3631,53.22,observed,53.22,54.5,53.76,53.0,52.43,52.07,51.28,normal,drought,False,0.487,0.373,0.14,0,0,0.29,10
28,2025-07-06,0.3527,51.71,predicted,51.71,51.57,50.95,50.33,49.86,49.64,48.95,normal,drought,False,0.454,0.382,0.165,0,0,0.57,6
28,2025-07-07,0.35,51.31,predicted,51.31,51.16,50.54,49.93,49.47,49.23,48.56,normal,drought,False,0.426,0.379,0.195,0,0,0.57,6
28,2025-07-08,0.3497,51.27,predicted,51.27,50.98,50.09,49.2,48.67,48.24,47.47,normal,normal,True,0.365,0.383,0.252,0,0,0.29,10
28,2025-07-09,0.35,51.31,predicted,51.31,51.02,50.1,49.17,48.64,48.23,47.42,normal,normal,True,0.324,0.394,0.282,0,0,0.29,10
28,2025-07-10,0.3506,51.4,predicted,51.4,51.11,50.17,49.19,48.67,48.29,47.42,normal,normal,True,0.272,0.437,0.291,0,0,0.29,10
28,2025-07-11,0.3505,51.39,predicted,51.39,51.11,50.14,49.13,48.61,48.29,48.97,normal,normal,True,0.214,0.531,0.255,0,0,0.29,10
28,2025-07-12,0.3506,51.4,predicted,51.4,51.14,50.2,49.26,48.74,48.97,47.51,normal,normal,True,0.202,0.546,0.252,0,0,0.29,10
28,2025-07-13,0.3509,51.44,predicted,51.44,51.19,50.27,49.34,48.97,48.51,47.61,normal,normal,True,0.202,0.565,0.232,0,0,0.29,10
28,2025-07-14,0.3501,51.32,predicted,51.32,51.08,50.22,48.97,48.84,48.52,47.68,normal,normal,True,0.223,0.54,0.237,0,0,0.29,10
28,2025-07-15,0.3506,51.39,predicted,51.39,51.16,48.97,49.47,48.95,48.63,47.8,normal,normal,True,0.278,0.494,0.228,0,0,0.29,10
28,2025-07-16,0.3512,51.48,predicted,51.48,48.97,50.39,49.55,49.03,48.7,47.88,normal,normal,True,0.3,0.489,0.211,0,0,0.29,10
28,2025-07-17,0.3341,48.97,observed,48.97,51.24,50.34,49.46,48.94,48.68,47.77,normal,normal,True,0.365,0.456,0.179,0,0,0.29,10
28,2025-07-18,0.3249,47.63,predicted,47.63,47.52,46.82,46.18,45.81,45.74,44.99,normal,normal,True,0.369,0.47,0.161,0,0,0.57,6
28,2025-07-19,0.3236,47.44,predicted,47.44,47.34,46.61,45.95,45.58,45.54,44.75,normal,normal,True,0.393,0.468,0.139,0,0,0.57,6
28,2025-07-20,0.3243,47.54,predicted,47.54,47.34,46.38,45.49,45.05,44.85,43.97,normal,normal,True,0.42,0.451,0.129,0,0,0.29,10
28,2025-07-21,0.3249,47.62,predicted,47.62,47.44,46.49,45.61,45.16,44.99,44.09,normal,drought,False,0.461,0.423,0.116,0,0,0.29,10
28,2025-07-22,0.3252,47.68,predicted,47.68,47.51,46.57,45.73,45.29,45.13,44.23,normal,drought,False,0.502,0.395,0.103,0,0,0.29,10
28,2025-07-23,0.3259,47.78,predicted,47.78,47.61,46.68,45.85,45.42,45.25,28.82,normal,drought,False,0.522,0.379,0.099,0,0,0.29,10
28,2025-07-24,0.3268,47.91,predicted,47.91,47.75,46.81,45.96,45.53,28.82,44.46,normal,drought,False,0.528,0.376,0.097,0,0,0.29,10
28,2025-07-25,0.3266,47.88,predicted,47.88,47.71,46.79,45.96,28.82,45.32,44.47,normal,drought,False,0.522,0.376,0.101,0,0,0.29,10
28,2025-07-26,0.3267,47.89,predicted,47.89,47.71,46.79,28.82,45.51,45.28,44.45,normal,drought,False,0.536,0.36,0.104,0,0,0.29,10
28,2025-07-27,0.3262,47.82,predicted,47.82,47.63,28.82,45.8,45.35,45.13,44.27,normal,drought,False,0.525,0.363,0.111,0,0,0.29,10
28,2025-07-28,0.3266,47.88,predicted,47.88,28.82,46.73,45.84,45.4,45.12,44.31,normal,drought,False,0.534,0.357,0.108,0,0,0.29,10
28,2025-07-29,0.1966,28.82,observed,28.82,47.53,46.56,45.63,45.18,44.86,44.06,normal,drought,False,0.551,0.342,0.107,0,0,0.29,10
28,2025-07-30,0.1949,28.57,predicted,28.57,28.78,28.68,28.61,28.89,29.29,29.3,normal,drought,False,0.538,0.347,0.114,0,0,0.57,6
28,2025-07-31,0.1836,26.91,predicted,26.91,27.12,26.99,26.86,27.16,27.57,27.61,normal,drought,False,0.489,0.389,0.123,0,0,0.57,6
28,2025-08-01,0.1842,27.01,predicted,27.01,26.96,26.42,25.83,25.93,26.12,25.91,normal,drought,False,0.478,0.397,0.125,0,0,0.29,10
28,2025-08-02,0.186,27.27,predicted,27.27,27.26,26.6,25.99,26.09,26.37,25.99,normal,drought,False,0.46,0.413,0.127,0,0,0.29,10
28,2025-08-03,0.1867,27.37,predicted,27.37,27.42,26.78,26.26,26.39,26.79,26.32,normal,drought,False,0.452,0.426,0.122,0,0,0.29,10
28,2025-08-04,0.1878,27.53,predicted,27.53,27.66,27.04,26.61,26.76,27.26,42.3,normal,normal,True,0.414,0.446,0.14,0,0,0.29,10
28,2025-08-05,0.1915,28.07,predicted,28.07,28.28,27.76,27.56,27.73,42.3,27.8,normal,normal,True,0.414,0.448,0.138,0,0,0.29,10
28,2025-08-06,0.192,28.14,predicted,28.14,28.36,27.92,27.71,42.3,28.44,28.03,normal,normal,True,0.398,0.462,0.14,0,0,0.29,10
28,2025-08-07,0.1913,28.05,predicted,28.05,28.21,27.84,42.3,27.72,28.19,27.91,normal,normal,True,0.38,0.48,0.14,0,0,0.29,10
28,2025-08-08,0.1897,27.81,predicted,27.81,27.92,42.3,27.25,27.38,27.75,27.56,normal,normal,True,0.404,0.477,0.119,0,0,0.29,10
28,2025-08-09,0.1882,27.59,predicted,27.59,42.3,27.28,26.92,27.04,27.37,27.18,normal,normal,True,0.434,0.467,0.099,0,0,0.29,10
28,2025-08-10,0.2886,42.3,observed,42.3,27.45,26.98,26.57,26.68,26.97,26.76,normal,normal,True,0.435,0.472,0.093,0,0,0.29,10
28,2025-08-11,0.2785,40.83,predicted,40.83,40.5,39.47,38.47,38.04,37.72,37.07,normal,drought,False,0.5,0.43,0.07,0,0,0.57,6
28,2025-08-12,0.285,41.79,predicted,41.79,41.43,40.34,39.31,38.86,38.48,37.79,normal,drought,False,0.559,0.377,0.064,0,0,0.57,6
28,2025-08-13,0.279,40.91,predicted,40.91,40.73,39.8,39.0,38.73,38.56,37.9,normal,drought,False,0.59,0.342,0.067,0,0,0.29,10
28,2025-08-14,0.2798,41.02,predicted,41.02,40.85,39.89,39.05,38.79,38.66,37.93,normal,drought,False,0.599,0.327,0.074,0,0,0.29,10
28,2025-08-15,0.2806,41.13,predicted,41.13,40.97,40.03,39.22,38.98,38.87,38.12,normal,drought,False,0.609,0.308,0.083,0,0,0.29,10
28,2025-08-16,0.2806,41.13,predicted,41.13,40.97,40.03,39.22,38.97,38.87,27.57,normal,drought,False,0.601,0.297,0.103,0,0,0.29,10
28,2025-08-17,0.2812,41.22,predicted,41.22,41.06,40.11,39.26,39.01,27.57,38.14,normal,drought,False,0.578,0.298,0.124,0,0,0.29,10
28,2025-08-18,0.2823,41.39,predicted,41.39,41.24,40.31,39.47,27.57,39.15,38.36,normal,drought,False,0.551,0.302,0.147,0,0,0.29,10
28,2025-08-19,0.2796,40.98,predicted,40.98,40.8,39.9,27.57,38.86,38.72,38.03,normal,drought,False,0.53,0.296,0.175,0,0,0.29,10
28,2025-08-20,0.2794,40.95,predicted,40.95,40.75,27.57,39.11,38.84,38.62,38.04,normal,drought,False,0.462,0.297,0.241,0,0,0.29,10
28,2025-08-21,0.2797,41.0,predicted,41.0,27.57,39.84,38.96,38.68,38.46,37.82,normal,drought,False,0.422,0.303,0.275,0,0,0.29,10
28,2025-08-22,0.188,27.57,observed,27.57,40.71,39.72,38.75,38.47,38.28,37.56,normal,drought,False,0.368,0.351,0.281,0,0,0.29,10
28,2025-08-23,0.1823,26.72,predicted,26.72,26.87,26.56,26.3,26.56,26.93,26.83,normal,drought,False,0.366,0.356,0.278,0,0,0.57,6
28,2025-08-24,0.1738,25.48,predicted,25.48,25.67,25.4,25.21,25.51,25.93,25.85,normal,drought,False,0.362,0.353,0.285,0,0,0.57,6
28,2025-08-25,0.1746,25.6,predicted,25.6,25.59,25.12,24.66,24.78,25.02,24.88,normal,normal,True,0.342,0.352,0.307,0,0,0.29,10
28,2025-08-26,0.177,25.95,predicted,25.95,25.93,25.39,24.83,24.95,25.2,24.98,normal,normal,True,0.333,0.381,0.285,0,0,0.29,10
28,2025-08-27,0.174,25.5,predicted,25.5,25.5,25.03,24.57,24.7,24.94,24.8,normal,drought,False,0.355,0.354,0.291,0,0,0.29,10
28,2025-08-28,0.1733,25.41,predicted,25.41,25.4,24.94,24.5,24.63,24.84,31.63,normal,drought,False,0.352,0.33,0.318,0,0,0.29,10
28,2025-08-29,0.1739,25.49,predicted,25.49,25.49,25.01,24.55,24.69,31.63,24.77,normal,drought,False,0.373,0.31,0.317,0,0,0.29,10
28,2025-08-30,0.1743,25.55,predicted,25.55,25.55,25.07,24.61,31.63,24.98,24.84,normal,drought,False,0.363,0.298,0.338,0,0,0.29,10
28,2025-08-31,0.1749,25.65,predicted,25.65,25.66,25.15,31.63,24.81,25.06,24.87,normal,drought,False,0.364,0.291,0.345,0,0,0.29,10
29,2025-03-01,0.0039,48.22,predicted,48.22,48.24,47.36,46.84,46.47,46.48,26.32,normal,drought,False,0.651,0.258,0.09,0,0,0.29,10
29,2025-03-02,0.0039,48.79,predicted,48.79,48.85,47.98,47.5,47.12,26.32,46.09,normal,drought,False,0.658,0.249,0.093,0,0,0.29,10
29,2025-03-03,0.0039,48.88,predicted,48.88,48.94,48.12,47.64,26.32,47.31,46.28,normal,drought,False,0.665,0.242,0.093,0,0,0.29,10
29,2025-03-04,0.0039,48.9,predicted,48.9,48.91,48.11,26.32,47.15,47.12,46.18,normal,drought,False,0.664,0.244,0.093,0,0,0.29,10
29,2025-03-05,0.0039,48.71,predicted,48.71,48.65,26.32,47.21,46.78,46.63,45.79,normal,drought,False,0.66,0.249,0.091,0,0,0.29,10
29,2025-03-06,0.0039,48.21,predicted,48.21,26.32,47.26,46.57,46.13,45.86,45.11,normal,drought,False,0.66,0.252,0.088,0,0,0.29,10
29,2025-03-07,0.0021,26.32,observed,26.32,47.58,46.69,45.94,45.5,45.14,44.42,normal,drought,False,0.662,0.253,0.086,0,0,0.29,10
29,2025-03-08,0.0021,25.51,predicted,25.51,25.94,26.19,26.71,27.16,27.61,27.91,normal,drought,False,0.659,0.256,0.085,0,0,0.57,6
29,2025-03-09,0.0019,23.28,predicted,23.28,23.73,23.99,24.56,25.06,25.51,25.88,normal,drought,False,0.657,0.258,0.085,0,0,0.57,6
29,2025-03-10,0.0019,23.54,predicted,23.54,23.65,23.2,23.08,23.32,23.44,23.4,normal,drought,False,0.652,0.26,0.087,0,0,0.29,10
29,2025-03-11,0.002,24.37,predicted,24.37,24.56,23.98,23.92,24.21,24.46,24.13,normal,drought,False,0.641,0.264,0.094,0,0,0.29,10
29,2025-03-12,0.002,25.08,predicted,25.08,25.46,24.91,25.25,25.61,26.05,25.51,normal,drought,False,0.639,0.257,0.104,0,0,0.29,10
29,2025-03-13,0.0021,25.65,predicted,25.65,26.02,25.57,25.77,26.08,26.62,40.22,normal,drought,False,0.635,0.256,0.109,0,0,0.29,10
29,2025-03-14,0.0021,25.55,predicted,25.55,25.86,25.52,25.62,25.88,40.22,26.05,normal,drought,False,0.632,0.259,0.109,0,0,0.29,10
29,2025-03-15,0.002,25.39,predicted,25.39,25.63,25.34,25.33,40.22,25.99,25.78,normal,drought,False,0.64,0.26,0.099,0,0,0.29,10
29,2025-03-16,0.002,25.01,predicted,25.01,25.23,24.91,40.22,25.19,25.51,25.37,normal,drought,False,0.663,0.251,0.086,0,0,0.29,10
29,2025-03-17,0.002,25.14,predicted,25.14,25.43,40.22,25.13,25.42,25.79,25.49,normal,drought,False,0.673,0.242,0.085,0,0,0.29,10
29,2025-03-18,0.002,24.95,predicted,24.95,40.22,24.83,24.92,25.2,25.61,25.32,normal,drought,False,0.672,0.242,0.086,0,0,0.29,10
29,2025-03-19,0.0032,40.22,observed,40.22,25.27,24.86,24.8,25.04,25.41,25.17,normal,drought,False,0.665,0.249,0.086,0,0,0.29,10
29,2025-03-20,0.0032,39.54,predicted,39.54,39.34,38.3,37.62,37.26,37.0,36.3,normal,drought,False,0.665,0.247,0.087,0,0,0.57,6
29,2025-03-21,0.0033,40.79,predicted,40.79,40.55,39.45,38.6,38.21,37.92,37.15,normal,drought,False,0.658,0.254,0.088,0,0,0.57,6
29,2025-03-22,0.0032,39.49,predicted,39.49,39.42,38.52,37.86,37.65,37.58,36.9,normal,drought,False,0.645,0.265,0.089,0,0,0.29,10
29,2025-03-23,0.0032,39.43,predicted,39.43,39.36,38.43,37.75,37.55,37.48,36.76,normal,drought,False,0.633,0.273,0.094,0,0,0.29,10
29,2025-03-24,0.0032,39.44,predicted,39.44,39.37,38.47,37.8,37.62,37.56,36.85,normal,drought,False,0.616,0.283,0.101,0,0,0.29,10
29,2025-03-25,0.0032,39.55,predicted,39.55,39.46,38.58,37.9,37.71,37.62,50.08,normal,drought,False,0.601,0.294,0.105,0,0,0.29,10
29,2025-03-26,0.0031,38.82,predicted,38.82,38.7,37.79,37.09,36.9,50.08,36.1,normal,drought,False,0.667,0.263,0.07,0,0,0.29,10
29,2025-03-27,0.0031,38.61,predicted,38.61,38.47,37.54,36.84,50.08,36.49,35.85,normal,drought,False,0.671,0.261,0.068,0,0,0.29,10
29,2025-03-28,0.0031,38.6,predicted,38.6,38.46,37.5,50.08,36.56,36.44,35.75,normal,drought,False,0.667,0.264,0.069,0,0,0.29,10
29,2025-03-29,0.0031,38.75,predicted,38.75,38.62,50.08,36.97,36.79,36.67,35.98,normal,drought,False,0.653,0.273,0.074,0,0,0.29,10
29,2025-03-30,0.0031,38.76,predicted,38.76,50.08,37.72,37.04,36.87,36.73,36.08,normal,drought,False,0.648,0.277,0.075,0,0,0.29,10
29,2025-03-31,0.004,50.08,observed,50.08,38.44,37.52,36.79,36.6,36.42,35.79,normal,drought,False,0.667,0.267,0.066,0,0,0.29,10
29,2025-04-01,0.0039,47.91,predicted,47.91,47.47,46.1,44.76,44.19,43.59,42.56,normal,drought,False,0.671,0.265,0.064,0,0,0.57,6
29,2025-04-02,0.004,49.13,predicted,49.13,48.74,47.35,46.02,45.45,44.93,43.76,normal,drought,False,0.664,0.268,0.068,0,0,0.57,6
29,2025-04-03,0.0039,48.32,predicted,48.32,48.16,47.11,46.25,45.82,45.64,44.6,normal,drought,False,0.685,0.255,0.06,0,0,0.29,10
29,2025-04-04,0.0039,48.83,predicted,48.83,48.76,47.77,47.09,46.69,46.62,45.52,normal,drought,False,0.694,0.244,0.062,0,0,0.29,10
29,2025-04-05,0.0041,50.27,predicted,50.27,50.37,49.45,49.03,48.65,48.73,47.54,normal,drought,False,0.694,0.232,0.073,0,0,0.29,10
29,2025-04-06,0.0041,50.58,predicted,50.58,50.68,49.82,49.4,49.0,49.05,42.16,normal,drought,False,0.693,0.226,0.081,0,0,0.29,10
29,2025-04-07,0.0041,50.88,predicted,50.88,50.98,50.19,49.8,49.38,42.16,48.39,normal,drought,False,0.69,0.22,0.091,0,0,0.29,10
29,2025-04-08,0.0041,50.86,predicted,50.86,50.9,50.11,49.61,42.16,49.1,48.17,normal,drought,False,0.683,0.221,0.097,0,0,0.29,10
29,2025-04-09,0.0041,50.29,predicted,50.29,50.24,49.42,42.16,48.3,48.11,47.27,normal,drought,False,0.677,0.225,0.098,0,0,0.29,10
29,2025-04-10,0.004,49.63,predicted,49.63,49.5,42.16,47.8,47.31,47.03,46.21,normal,drought,False,0.673,0.231,0.096,0,0,0.29,10
29,2025-04-11,0.0039,48.93,predicted,48.93,42.16,47.79,46.9,46.42,46.1,45.25,normal,drought,False,0.669,0.235,0.096,0,0,0.29,10
29,2025-04-12,0.0034,42.16,observed,42.16,48.44,47.38,46.42,45.93,45.6,44.69,normal,drought,False,0.664,0.242,0.094,0,0,0.29,10
29,2025-04-13,0.0033,40.91,predicted,40.91,40.89,40.15,39.62,39.45,39.42,38.82,normal,drought,False,0.66,0.248,0.091,0,0,0.57,6
29,2025-04-14,0.0033,40.34,predicted,40.34,40.3,39.48,38.86,38.71,38.7,38.02,normal,drought,False,0.649,0.258,0.093,0,0,0.57,6
29,2025-04-15,0.0033,40.98,predicted,40.98,40.84,39.79,38.95,38.71,38.59,37.74,normal,drought,False,0.629,0.271,0.1,0,0,0.29,10
29,2025-04-16,0.0033,41.1,predicted,41.1,40.96,39.94,39.13,38.89,38.79,37.95,normal,drought,False,0.592,0.291,0.117,0,0,0.29,10
29,2025-04-17,0.0033,41.43,predicted,41.43,41.32,40.35,39.58,39.34,39.26,38.43,normal,drought,False,0.539,0.315,0.146,0,0,0.29,10
29,2025-04-18,0.0034,41.68,predicted,41.68,41.58,40.69,39.96,39.73,39.67,52.1,normal,drought,False,0.527,0.328,0.145,0,0,0.29,10
29,2025-04-19,0.0033,41.13,predicted,41.13,40.99,40.05,39.28,39.03,52.1,38.14,normal,drought,False,0.643,0.282,0.075,0,0,0.29,10
29,2025-04-20,0.0033,41.16,predicted,41.16,41.02,40.09,39.32,52.1,38.94,38.18,normal,drought,False,0.641,0.285,0.073,0,0,0.29,10
29,2025-04-21,0.0033,40.89,predicted,40.89,40.72,39.75,52.1,38.67,38.52,37.76,normal,drought,False,0.664,0.275,0.061,0,0,0.29,10
29,2025-04-22,0.0033,40.67,predicted,40.67,40.51,52.1,38.74,38.49,38.34,37.57,normal,drought,False,0.672,0.27,0.058,0,0,0.29,10
29,2025-04-23,0.0033,40.66,predicted,40.66,52.1,39.55,38.82,38.58,38.47,37.68,normal,drought,False,0.674,0.267,0.058,0,0,0.29,10
29,2025-04-24,0.0042,52.1,observed,52.1,40.76,39.77,39.03,38.8,38.72,37.89,normal,drought,False,0.67,0.27,0.06,0,0,0.29,10
29,2025-04-25,0.0041,50.39,predicted,50.39,50.02,48.62,47.25,46.65,46.17,44.93,normal,drought,False,0.677,0.265,0.057,0,0,0.57,6
29,2025-04-26,0.0041,51.14,predicted,51.14,50.76,49.36,48.0,47.37,46.87,45.63,normal,drought,False,0.681,0.262,0.057,0,0,0.57,6
29,2025-04-27,0.0041,50.78,predicted,50.78,50.64,49.7,48.92,48.45,48.24,47.25,normal,drought,False,0.686,0.258,0.056,0,0,0.29,10
29,2025-04-28,0.0041,51.02,predicted,51.02,50.92,49.99,49.25,48.78,48.62,47.59,normal,drought,False,0.689,0.254,0.057,0,0,0.29,10
29,2025-04-29,0.0041,51.42,predicted,51.42,51.36,50.45,49.8,49.33,49.19,48.16,normal,drought,False,0.697,0.245,0.058,0,0,0.29,10
29,2025-04-30,0.0042,51.81,predicted,51.81,51.8,50.9,50.3,49.83,49.77,46.09,normal,drought,False,0.703,0.236,0.061,0,0,0.29,10
29,2025-05-01,0.0042,51.96,predicted,51.96,51.99,51.09,50.49,50.03,46.09,48.9,normal,drought,False,0.703,0.23,0.066,0,0,0.29,10
29,2025-05-02,0.0042,52.0,predicted,52.0,51.98,51.12,50.45,46.09,49.88,48.85,normal,drought,False,0.698,0.234,0.068,0,0,0.29,10
29,2025-05-03,0.0042,51.6,predicted,51.6,51.52,50.67,46.09,49.43,49.26,48.31,normal,drought,False,0.695,0.237,0.068,0,0,0.29,10
29,2025-05-04,0.0041,51.28,predicted,51.28,51.15,46.09,49.44,48.92,48.68,47.77,normal,drought,False,0.69,0.242,0.068,0,0,0.29,10
29,2025-05-05,0.0041,51.2,predicted,51.2,46.09,50.09,49.17,48.65,48.34,47.45,normal,drought,False,0.68,0.252,0.068,0,0,0.29,10
29,2025-05-06,0.0037,46.09,observed,46.09,50.97,49.99,49.08,48.55,48.21,47.29,normal,drought,False,0.681,0.252,0.067,0,0,0.29,10
29,2025-05-07,0.0036,45.17,predicted,45.17,45.12,44.35,43.76,43.47,43.37,42.65,normal,drought,False,0.683,0.251,0.066,0,0,0.57,6
29,2025-05-08,0.0036,44.49,predicted,44.49,44.43,43.61,42.97,42.7,42.64,41.86,normal,drought,False,0.681,0.252,0.066,0,0,0.57,6
29,2025-05-09,0.0036,44.86,predicted,44.86,44.68,43.59,42.66,42.3,42.09,41.16,normal,drought,False,0.675,0.257,0.068,0,0,0.29,10
29,2025-05-10,0.0036,45.03,predicted,45.03,44.84,43.77,42.82,42.46,42.26,41.33,normal,drought,False,0.663,0.266,0.071,0,0,0.29,10
29,2025-05-11,0.0036,45.02,predicted,45.02,44.82,43.78,42.84,42.48,42.27,41.36,normal,drought,False,0.647,0.277,0.075,0,0,0.29,10
29,2025-05-12,0.0036,45.03,predicted,45.03,44.83,43.85,42.97,42.61,42.36,32.66,normal,drought,False,0.632,0.288,0.081,0,0,0.29,10
29,2025-05-13,0.0036,44.96,predicted,44.96,44.74,43.73,42.8,42.44,32.66,41.33,normal,drought,False,0.626,0.295,0.079,0,0,0.29,10
29,2025-05-14,0.0036,44.68,predicted,44.68,44.42,43.36,42.37,32.66,41.69,40.84,normal,drought,False,0.647,0.287,0.066,0,0,0.29,10
29,2025-05-15,0.0036,44.31,predicted,44.31,44.05,42.97,32.66,41.6,41.3,40.45,normal,drought,False,0.671,0.274,0.055,0,0,0.29,10
29,2025-05-16,0.0036,44.31,predicted,44.31,44.05,32.66,41.98,41.61,41.32,40.46,normal,drought,False,0.669,0.276,0.055,0,0,0.29,10
29,2025-05-17,0.0036,44.24,predicted,44.24,32.66,42.9,41.91,41.55,41.28,40.41,normal,drought,False,0.669,0.277,0.054,0,0,0.29,10
29,2025-05-18,0.0026,32.66,observed,32.66,43.92,42.84,41.92,41.58,41.47,40.46,normal,drought,False,0.678,0.267,0.055,0,0,0.29,10
29,2025-05-19,0.0025,31.46,predicted,31.46,31.72,31.3,31.27,31.49,31.96,31.47,normal,drought,False,0.675,0.267,0.058,0,0,0.57,6
29,2025-05-20,0.0025,30.82,predicted,30.82,31.16,30.79,30.91,31.17,31.73,31.23,normal,drought,False,0.681,0.26,0.058,0,0,0.57,6
29,2025-05-21,0.0026,31.78,predicted,31.78,31.95,31.34,31.1,31.18,31.58,30.99,normal,drought,False,0.681,0.26,0.058,0,0,0.29,10
29,2025-05-22,0.0026,31.68,predicted,31.68,31.81,31.24,30.95,31.01,31.35,30.86,normal,drought,False,0.684,0.259,0.057,0,0,0.29,10
29,2025-05-23,0.0025,31.6,predicted,31.6,31.69,31.12,30.73,30.78,31.05,30.62,normal,drought,False,0.682,0.262,0.056,0,0,0.29,10
29,2025-05-24,0.0025,31.29,predicted,31.29,31.31,30.73,30.31,30.33,30.5,17.77,normal,drought,False,0.68,0.265,0.055,1,0,0.29,10
29,2025-05-25,0.0025,30.99,predicted,30.99,31.01,30.36,29.91,29.93,17.77,29.68,normal,drought,False,0.68,0.264,0.056,1,0,0.29,10
29,2025-05-26,0.0025,30.98,predicted,30.98,31.0,30.31,29.82,17.77,30.04,29.57,normal,drought,False,0.68,0.265,0.055,1,0,0.29,10
29,2025-05-27,0.0025,30.96,predicted,30.96,30.98,30.31,17.77,29.88,30.06,29.63,normal,drought,False,0.68,0.266,0.054,1,0,0.29,10
29,2025-05-28,0.0025,30.96,predicted,30.96,30.98,17.77,29.87,29.91,30.07,29.65,normal,drought,False,0.679,0.267,0.054,1,0,0.29,10
29,2025-05-29,0.0025,30.88,predicted,30.88,17.77,30.23,29.77,29.8,29.88,29.57,normal,drought,False,0.674,0.272,0.054,1,0,0.29,10
29,2025-05-30,0.0014,17.77,observed,17.77,30.72,30.07,29.57,29.6,29.62,29.34,drought,drought,True,0.668,0.275,0.057,1,0,0.29,10
29,2025-05-31,0.0014,16.87,predicted,16.87,17.33,17.52,17.91,18.46,19.02,19.38,drought,drought,True,0.656,0.28,0.064,7,0,0.57,6
29,2025-06-01,0.0013,15.85,predicted,15.85,16.32,16.59,16.96,17.49,18.11,18.53,drought,drought,True,0.661,0.279,0.061,7,0,0.57,6
29,2025-06-02,0.0013,16.7,predicted,16.7,16.75,16.38,16.05,16.31,16.6,16.61,drought,drought,True,0.653,0.285,0.062,7,0,0.29,10
29,2025-06-03,0.0013,16.34,predicted,16.34,16.39,16.1,15.76,16.02,16.33,16.41,drought,drought,True,0.674,0.273,0.053,7,0,0.29,10
29,2025-06-04,0.0013,16.32,predicted,16.32,16.37,16.08,15.73,15.98,16.28,16.38,drought,drought,True,0.674,0.273,0.052,7,0,0.29,10
29,2025-06-05,0.0013,16.15,predicted,16.15,16.2,15.93,15.58,15.84,16.14,0.0,drought,drought,True,0.678,0.27,0.052,7,0,0.29,10
29,2025-06-06,0.0013,16.25,predicted,16.25,16.3,15.97,15.64,15.92,0.0,16.28,drought,drought,True,0.677,0.27,0.053,7,0,0.29,10
29,2025-06-07,0.0013,16.21,predicted,16.21,16.25,15.95,15.62,0.0,16.16,16.26,drought,drought,True,0.675,0.272,0.054,7,0,0.29,10
29,2025-06-08,0.0013,15.98,predicted,15.98,16.03,15.77,0.0,15.68,15.96,16.12,drought,drought,True,0.68,0.268,0.053,7,0,0.29,10
29,2025-06-09,0.0013,15.87,predicted,15.87,15.89,0.0,15.25,15.49,15.76,15.95,drought,drought,True,0.683,0.265,0.053,7,0,0.29,10
29,2025-06-10,0.0013,15.89,predicted,15.89,0.0,15.61,15.21,15.44,15.69,15.87,drought,drought,True,0.682,0.264,0.054,7,0,0.29,10
29,2025-06-11,0.0,0.0,observed,0.0,16.0,15.6,15.29,15.59,15.81,15.88,drought,drought,True,0.683,0.262,0.055,7,0,0.29,10
29,2025-06-12,0.0002,2.49,predicted,2.49,2.8,3.93,4.32,4.72,5.35,6.34,drought,drought,True,0.684,0.26,0.056,7,0,0.57,6
29,2025-06-13,0.0002,2.79,predicted,2.79,3.08,4.24,4.46,4.78,5.51,6.52,drought,drought,True,0.683,0.261,0.056,7,0,0.57,6
29,2025-06-14,0.0001,1.12,predicted,1.12,1.0,1.14,0.26,0.57,1.32,1.5,drought,drought,True,0.689,0.256,0.055,7,0,0.29,10
29,2025-06-15,0.0,0.55,predicted,0.55,0.47,0.59,0.06,0.52,1.15,1.19,drought,drought,True,0.694,0.251,0.055,7,0,0.29,10
29,2025-06-16,0.0,0.47,predicted,0.47,0.41,0.53,0.18,0.7,1.24,1.25,drought,drought,True,0.694,0.249,0.058,7,0,0.29,10
29,2025-06-17,0.0,0.56,predicted,0.56,0.53,0.68,0.58,1.16,1.62,0.0,drought,drought,True,0.694,0.247,0.059,7,0,0.29,10
29,2025-06-18,0.0001,0.68,predicted,0.68,0.64,0.78,0.64,1.17,0.0,1.63,drought,drought,True,0.691,0.248,0.06,7,0,0.29,10
29,2025-06-19,0.0001,0.84,predicted,0.84,0.74,0.9,0.4,0.0,1.33,1.54,drought,drought,True,0.688,0.252,0.06,7,0,0.29,10
29,2025-06-20,0.0001,1.08,predicted,1.08,0.93,1.08,0.0,0.59,1.24,1.53,drought,drought,True,0.683,0.256,0.06,7,0,0.29,10
29,2025-06-21,0.0001,1.26,predicted,1.26,1.09,0.0,0.34,0.58,1.27,1.57,drought,drought,True,0.679,0.26,0.061,7,0,0.29,10
29,2025-06-22,0.0001,1.32,predicted,1.32,0.0,1.28,0.38,0.63,1.34,1.6,drought,drought,True,0.677,0.263,0.06,7,0,0.29,10
29,2025-06-23,0.0,0.0,observed,0.0,1.43,1.58,0.59,0.83,1.59,1.85,drought,drought,True,0.676,0.265,0.059,7,0,0.29,10
29,2025-06-24,0.0001,1.76,predicted,1.76,1.62,1.8,0.8,1.02,1.84,2.08,drought,drought,True,0.671,0.27,0.059,7,0,0.57,6
29,2025-06-25,0.0002,1.9,predicted,1.9,1.74,1.94,0.83,1.03,1.91,2.14,drought,drought,True,0.668,0.273,0.059,7,0,0.57,6
29,2025-06-26,0.0002,1.87,predicted,1.87,1.72,1.88,0.74,0.94,1.81,2.04,drought,drought,True,0.671,0.27,0.058,7,0,0.29,10
29,2025-06-27,0.0001,1.54,predicted,1.54,1.39,1.55,0.5,0.76,1.6,1.78,drought,drought,True,0.667,0.272,0.06,7,0,0.29,10
29,2025-06-28,0.0001,1.52,predicted,1.52,1.38,1.57,0.5,0.75,1.65,1.81,drought,drought,True,0.657,0.28,0.063,7,0,0.29,10
29,2025-06-29,0.0001,1.25,predicted,1.25,1.12,1.29,0.31,0.61,1.47,0.0,drought,drought,True,0.659,0.279,0.062,7,0,0.29,10
29,2025-06-30,0.0001,1.38,predicted,1.38,1.25,1.41,0.4,0.68,0.0,1.68,drought,drought,True,0.662,0.279,0.059,7,0,0.29,10
29,2025-07-01,0.0001,1.75,predicted,1.75,1.6,1.78,0.65,0.0,1.8,1.96,drought,drought,True,0.67,0.275,0.055,7,0,0.29,10
29,2025-07-02,0.0002,1.94,predicted,1.94,1.78,1.94,0.0,0.92,1.83,2.04,drought,drought,True,0.679,0.268,0.053,7,0,0.29,10
29,2025-07-03,0.0002,1.96,predicted,1.96,1.79,0.0,0.7,0.89,1.8,2.01,drought,drought,True,0.68,0.266,0.054,7,0,0.29,10
29,2025-07-04,0.0002,1.97,predicted,1.97,0.0,1.95,0.69,0.88,1.81,2.0,drought,drought,True,0.679,0.267,0.054,7,0,0.29,10
29,2025-07-05,0.0,0.0,observed,0.0,1.89,2.05,0.75,0.93,1.89,2.08,drought,drought,True,0.681,0.266,0.053,7,0,0.29,10
29,2025-07-06,0.0002,2.09,predicted,2.09,1.91,2.06,0.74,0.91,1.86,2.05,drought,drought,True,0.679,0.267,0.054,7,0,0.57,6
29,2025-07-07,0.0002,2.15,predicted,2.15,1.97,2.12,0.76,0.93,1.89,2.08,drought,drought,True,0.68,0.266,0.054,7,0,0.57,6
29,2025-07-08,0.0002,2.27,predicted,2.27,2.08,2.23,0.83,0.98,1.96,2.15,drought,drought,True,0.679,0.267,0.055,7,0,0.29,10
29,2025-07-09,0.0002,2.3,predicted,2.3,2.11,2.27,0.84,0.99,1.99,2.17,drought,drought,True,0.677,0.268,0.055,7,0,0.29,10
29,2025-07-10,0.0002,2.25,predicted,2.25,2.06,2.21,0.78,0.95,1.96,2.12,drought,drought,True,0.671,0.274,0.055,7,0,0.29,10
29,2025-07-11,0.0002,2.19,predicted,2.19,2.0,2.12,0.72,0.91,1.9,0.0,drought,drought,True,0.663,0.282,0.054,7,0,0.29,10
29,2025-07-12,0.0002,2.14,predicted,2.14,1.95,2.09,0.69,0.87,0.0,2.01,drought,drought,True,0.664,0.283,0.053,7,0,0.29,10
29,2025-07-13,0.0002,2.09,predicted,2.09,1.89,2.01,0.63,0.0,1.8,1.93,drought,drought,True,0.662,0.285,0.053,7,0,0.29,10
29,2025-07-14,0.0002,2.05,predicted,2.05,1.85,1.97,0.0,0.78,1.73,1.88,drought,drought,True,0.663,0.283,0.054,7,0,0.29,10
29,2025-07-15,0.0001,1.86,predicted,1.86,1.67,0.0,0.44,0.65,1.58,1.73,drought,drought,True,0.664,0.28,0.056,7,0,0.29,10
29,2025-07-16,0.0002,1.99,predicted,1.99,0.0,1.91,0.55,0.75,1.7,1.86,drought,drought,True,0.667,0.279,0.054,7,0,0.29,10
29,2025-07-17,0.0,0.0,observed,0.0,1.25,1.35,0.13,0.39,1.26,1.38,drought,drought,True,0.67,0.274,0.056,7,0,0.29,10
29,2025-07-18,0.0001,1.49,predicted,1.49,1.31,1.39,0.2,0.46,1.32,1.45,drought,drought,True,0.668,0.277,0.055,7,0,0.57,6
29,2025-07-19,0.0001,1.37,predicted,1.37,1.2,1.27,0.15,0.43,1.26,1.37,drought,drought,True,0.67,0.276,0.054,7,0,0.57,6
29,2025-07-20,0.0001,1.41,predicted,1.41,1.24,1.32,0.19,0.46,1.28,1.42,drought,drought,True,0.668,0.277,0.055,7,0,0.29,10
29,2025-07-21,0.0001,1.13,predicted,1.13,0.97,1.02,0.01,0.33,1.09,1.21,drought,drought,True,0.673,0.273,0.054,7,0,0.29,10
29,2025-07-22,0.0001,1.16,predicted,1.16,1.0,1.08,0.08,0.38,1.14,1.29,drought,drought,True,0.683,0.265,0.052,7,0,0.29,10
29,2025-07-23,0.0001,1.18,predicted,1.18,1.03,1.12,0.12,0.42,1.18,0.0,drought,drought,True,0.69,0.259,0.051,7,0,0.29,10
29,2025-07-24,0.0001,1.2,predicted,1.2,1.05,1.16,0.17,0.45,0.0,1.4,drought,drought,True,0.692,0.256,0.051,7,0,0.29,10
29,2025-07-25,0.0001,1.26,predicted,1.26,1.1,1.21,0.2,0.0,1.25,1.44,drought,drought,True,0.691,0.256,0.053,7,0,0.29,10
29,2025-07-26,0.0001,1.37,predicted,1.37,1.22,1.34,0.0,0.57,1.35,1.57,drought,drought,True,0.691,0.254,0.054,7,0,0.29,10
29,2025-07-27,0.0001,1.21,predicted,1.21,1.06,0.0,0.2,0.49,1.25,1.44,drought,drought,True,0.688,0.256,0.057,7,0,0.29,10
29,2025-07-28,0.0001,1.63,predicted,1.63,0.0,1.62,0.53,0.77,1.59,1.82,drought,drought,True,0.687,0.258,0.056,7,0,0.29,10
29,2025-07-29,0.0,0.0,observed,0.0,1.74,1.88,0.7,0.89,1.76,2.01,drought,drought,True,0.685,0.259,0.055,7,0,0.29,10
29,2025-07-30,0.0002,2.19,predicted,2.19,2.03,2.21,0.95,1.11,2.06,2.29,drought,drought,True,0.681,0.265,0.054,7,0,0.57,6
29,2025-07-31,0.0002,2.37,predicted,2.37,2.19,2.36,1.03,1.18,2.14,2.36,drought,drought,True,0.674,0.273,0.054,7,0,0.57,6
29,2025-08-01,0.0002,2.19,predicted,2.19,2.01,2.17,0.85,1.03,1.99,2.17,drought,drought,True,0.671,0.274,0.055,7,0,0.29,10
29,2025-08-02,0.0001,1.35,predicted,1.35,1.2,1.3,0.26,0.57,1.39,1.48,drought,drought,True,0.67,0.274,0.056,7,0,0.29,10
29,2025-08-03,0.0001,1.04,predicted,1.04,0.91,1.01,0.12,0.49,1.26,1.31,drought,drought,True,0.67,0.274,0.057,7,0,0.29,10
29,2025-08-04,0.0,0.5,predicted,0.5,0.41,0.5,-0.06,0.42,1.05,0.0,drought,drought,True,0.673,0.27,0.057,7,0,0.29,10
29,2025-08-05,0.0001,0.62,predicted,0.62,0.56,0.62,0.13,0.64,0.0,1.22,drought,drought,True,0.679,0.263,0.058,7,0,0.29,10
29,2025-08-06,0.0001,0.65,predicted,0.65,0.55,0.65,0.05,0.0,1.1,1.2,drought,drought,True,0.679,0.262,0.059,7,0,0.29,10
29,2025-08-07,0.0001,0.87,predicted,0.87,0.74,0.87,0.0,0.42,1.12,1.31,drought,drought,True,0.678,0.263,0.059,7,0,0.29,10
29,2025-08-08,0.0001,1.07,predicted,1.07,0.93,0.0,0.16,0.44,1.18,1.41,drought,drought,True,0.679,0.262,0.059,7,0,0.29,10
29,2025-08-09,0.0001,1.12,predicted,1.12,0.0,1.1,0.19,0.49,1.24,1.43,drought,drought,True,0.681,0.26,0.058,7,0,0.29,10
29,2025-08-10,0.0,0.0,observed,0.0,1.03,1.12,0.18,0.46,1.19,1.4,drought,drought,True,0.682,0.261,0.057,7,0,0.29,10
29,2025-08-11,0.0001,1.37,predicted,1.37,1.21,1.31,0.31,0.56,1.3,1.54,drought,drought,True,0.685,0.26,0.055,7,0,0.57,6
29,2025-08-12,0.0001,1.39,predicted,1.39,1.23,1.33,0.31,0.56,1.3,1.55,drought,drought,True,0.69,0.256,0.053,7,0,0.57,6
29,2025-08-13,0.0001,1.43,predicted,1.43,1.27,1.4,0.36,0.61,1.37,1.62,drought,drought,True,0.693,0.254,0.054,7,0,0.29,10
29,2025-08-14,0.0001,1.42,predicted,1.42,1.28,1.43,0.43,0.69,1.47,1.7,drought,drought,True,0.69,0.255,0.056,7,0,0.29,10
29,2025-08-15,0.0001,1.5,predicted,1.5,1.37,1.58,0.57,0.82,1.67,1.88,drought,drought,True,0.687,0.256,0.058,7,0,0.29,10
29,2025-08-16,0.0001,1.4,predicted,1.4,1.27,1.47,0.47,0.73,1.58,0.0,drought,drought,True,0.684,0.256,0.06,7,0,0.29,10
29,2025-08-17,0.0001,1.37,predicted,1.37,1.24,1.44,0.42,0.68,0.0,1.74,drought,drought,True,0.676,0.262,0.063,7,0,0.29,10
29,2025-08-18,0.0001,1.41,predicted,1.41,1.28,1.47,0.44,0.0,1.58,1.75,drought,drought,True,0.676,0.261,0.063,7,0,0.29,10
29,2025-08-19,0.0001,1.54,predicted,1.54,1.4,1.58,0.0,0.73,1.61,1.81,drought,drought,True,0.685,0.256,0.059,7,0,0.29,10
29,2025-08-20,0.0002,1.91,predicted,1.91,1.75,0.0,0.72,0.9,1.82,2.06,drought,drought,True,0.69,0.252,0.058,7,0,0.29,10
29,2025-08-21,0.0002,2.02,predicted,2.02,0.0,2.02,0.75,0.93,1.87,2.09,drought,drought,True,0.686,0.255,0.06,7,0,0.29,10
29,2025-08-22,0.0,0.0,observed,0.0,1.88,2.04,0.77,0.96,1.92,2.1,drought,drought,True,0.677,0.263,0.059,7,0,0.29,10
29,2025-08-23,0.0002,1.87,predicted,1.87,1.71,1.85,0.63,0.85,1.79,1.93,drought,drought,True,0.677,0.264,0.059,7,0,0.57,6
29,2025-08-24,0.0001,1.58,predicted,1.58,1.42,1.55,0.4,0.65,1.54,1.68,drought,drought,True,0.676,0.264,0.06,7,0,0.57,6
29,2025-08-25,0.0001,1.76,predicted,1.76,1.6,1.76,0.54,0.76,1.68,1.86,drought,drought,True,0.676,0.265,0.059,7,0,0.29,10
29,2025-08-26,0.0001,1.77,predicted,1.77,1.61,1.75,0.53,0.75,1.67,1.84,drought,drought,True,0.672,0.268,0.059,7,0,0.29,10
29,2025-08-27,0.0001,1.66,predicted,1.66,1.49,1.65,0.44,0.66,1.58,1.74,drought,drought,True,0.678,0.263,0.059,7,0,0.29,10
29,2025-08-28,0.0001,1.64,predicted,1.64,1.47,1.62,0.4,0.62,1.53,0.0,drought,drought,True,0.679,0.261,0.06,7,0,0.29,10
29,2025-08-29,0.0001,1.53,predicted,1.53,1.36,1.51,0.32,0.56,0.0,1.62,drought,drought,True,0.683,0.257,0.06,7,0,0.29,10
29,2025-08-30,0.0001,1.66,predicted,1.66,1.49,1.64,0.42,0.0,1.56,1.73,drought,drought,True,0.686,0.256,0.059,7,0,0.29,10
29,2025-08-31,0.0001,1.49,predicted,1.49,1.33,1.46,0.0,0.54,1.43,1.58,drought,drought,True,0.683,0.256,0.061,7,0,0.29,10
30,2025-03-01,0.0332,17.88,predicted,17.88,18.25,18.05,18.44,18.87,19.46,20.46,drought,drought,True,0.587,0.325,0.088,6,0,0.29,10
30,2025-03-02,0.0344,18.53,predicted,18.53,18.96,18.79,19.25,19.69,20.46,20.11,drought,drought,True,0.603,0.309,0.088,5,0,0.29,10
30,2025-03-03,0.0343,18.44,predicted,18.44,18.87,18.8,19.18,20.46,20.33,20.16,drought,drought,True,0.613,0.301,0.086,4,0,0.29,10
30,2025-03-04,0.0338,18.2,predicted,18.2,18.56,18.54,20.46,19.13,19.82,19.78,drought,drought,True,0.606,0.31,0.084,6,0,0.29,10
30,2025-03-05,0.033,17.77,predicted,17.77,18.05,20.46,18.12,18.45,19.03,19.13,drought,drought,True,0.597,0.322,0.082,6,0,0.29,10
30,2025-03-06,0.0319,17.18,predicted,17.18,20.46,17.37,17.37,17.68,18.15,18.35,drought,drought,True,0.593,0.328,0.079,6,0,0.29,10
30,2025-03-07,0.038,20.46,observed,20.46,16.97,16.92,16.88,17.19,17.6,17.84,normal,drought,False,0.6,0.325,0.074,6,0,0.29,10
30,2025-03-08,0.0346,18.65,predicted,18.65,18.75,18.52,18.35,18.6,18.89,19.03,drought,drought,True,0.598,0.328,0.074,7,0,0.57,6
30,2025-03-09,0.0345,18.54,predicted,18.54,18.63,18.36,18.18,18.43,18.69,18.82,drought,drought,True,0.596,0.329,0.075,7,0,0.57,6
30,2025-03-10,0.0339,18.26,predicted,18.26,18.43,18.21,18.13,18.44,18.75,18.89,drought,drought,True,0.595,0.328,0.077,7,0,0.29,10
30,2025-03-11,0.0361,19.43,predicted,19.43,19.69,19.3,19.29,19.68,20.1,19.93,drought,drought,True,0.584,0.333,0.084,6,0,0.29,10
30,2025-03-12,0.0378,20.37,predicted,20.37,20.83,20.45,20.9,21.37,21.97,21.57,normal,drought,False,0.59,0.317,0.094,0,0,0.29,10
30,2025-03-13,0.0381,20.53,predicted,20.53,20.95,20.72,20.99,21.39,22.1,22.31,normal,drought,False,0.583,0.316,0.101,0,0,0.29,10
30,2025-03-14,0.0375,20.21,predicted,20.21,20.55,20.45,20.59,20.94,22.31,21.47,normal,drought,False,0.571,0.325,0.104,0,0,0.29,10
30,2025-03-15,0.0371,19.97,predicted,19.97,20.25,20.19,20.2,22.31,21.11,21.11,drought,drought,True,0.581,0.327,0.093,1,0,0.29,10
30,2025-03-16,0.0365,19.66,predicted,19.66,19.92,19.8,22.31,20.19,20.67,20.72,drought,drought,True,0.614,0.31,0.076,3,0,0.29,10
30,2025-03-17,0.0374,20.14,predicted,20.14,20.48,22.31,20.38,20.77,21.29,21.15,normal,drought,False,0.63,0.296,0.074,0,0,0.29,10
30,2025-03-18,0.0368,19.83,predicted,19.83,22.31,19.93,20.06,20.44,21.0,20.88,drought,drought,True,0.622,0.301,0.077,2,0,0.29,10
30,2025-03-19,0.0414,22.31,observed,22.31,20.02,19.82,19.79,20.11,20.64,20.59,normal,drought,False,0.605,0.316,0.079,2,0,0.29,10
30,2025-03-20,0.0401,21.61,predicted,21.61,21.84,21.54,21.55,21.83,22.27,22.16,normal,drought,False,0.603,0.316,0.081,0,0,0.57,6
30,2025-03-21,0.0404,21.72,predicted,21.72,21.91,21.59,21.44,21.71,22.14,22.02,normal,drought,False,0.586,0.331,0.083,0,0,0.57,6
30,2025-03-22,0.0399,21.46,predicted,21.46,21.62,21.33,21.12,21.38,21.8,21.74,normal,drought,False,0.562,0.351,0.087,0,0,0.29,10
30,2025-03-23,0.0401,21.6,predicted,21.6,21.76,21.41,21.2,21.47,21.86,21.75,normal,drought,False,0.542,0.364,0.094,0,0,0.29,10
30,2025-03-24,0.0397,21.35,predicted,21.35,21.52,21.27,21.08,21.36,21.79,21.74,normal,drought,False,0.522,0.378,0.1,0,0,0.29,10
30,2025-03-25,0.0394,21.23,predicted,21.23,21.35,21.09,20.86,21.11,21.48,17.44,normal,drought,False,0.498,0.394,0.108,1,0,0.29,10
30,2025-03-26,0.0389,20.92,predicted,20.92,21.04,20.73,20.48,20.74,17.44,21.06,normal,drought,False,0.602,0.337,0.061,1,0,0.29,10
30,2025-03-27,0.0386,20.76,predicted,20.76,20.88,20.56,20.3,17.44,20.91,20.89,normal,drought,False,0.608,0.332,0.059,1,0,0.29,10
30,2025-03-28,0.0388,20.9,predicted,20.9,21.01,20.65,17.44,20.6,20.97,20.91,normal,drought,False,0.601,0.337,0.062,1,0,0.29,10
30,2025-03-29,0.0388,20.9,predicted,20.9,21.0,17.44,20.37,20.62,20.99,20.94,normal,drought,False,0.585,0.348,0.067,1,0,0.29,10
30,2025-03-30,0.0385,20.71,predicted,20.71,17.44,20.56,20.3,20.55,20.92,20.93,normal,drought,False,0.584,0.348,0.067,1,0,0.29,10
30,2025-03-31,0.0324,17.44,observed,17.44,20.78,20.46,20.12,20.35,20.66,20.67,drought,drought,True,0.615,0.328,0.057,1,0,0.29,10
30,2025-04-01,0.0305,16.42,predicted,16.42,16.63,16.57,16.38,16.73,17.22,17.44,drought,drought,True,0.623,0.321,0.056,7,0,0.57,6
30,2025-04-02,0.0308,16.57,predicted,16.57,16.82,16.66,16.57,16.97,17.47,17.55,drought,drought,True,0.61,0.328,0.062,7,0,0.57,6
30,2025-04-03,0.0313,16.87,predicted,16.87,17.05,16.71,16.55,16.91,17.37,17.27,drought,drought,True,0.636,0.312,0.053,7,0,0.29,10
30,2025-04-04,0.0321,17.28,predicted,17.28,17.59,17.29,17.43,17.85,18.4,18.23,drought,drought,True,0.652,0.293,0.054,7,0,0.29,10
30,2025-04-05,0.0352,18.95,predicted,18.95,19.46,19.21,19.74,20.22,20.94,20.63,drought,drought,True,0.661,0.272,0.067,4,0,0.29,10
30,2025-04-06,0.0336,18.11,predicted,18.11,18.55,18.46,18.9,19.33,20.04,10.29,drought,drought,True,0.661,0.261,0.079,6,0,0.29,10
30,2025-04-07,0.0335,18.05,predicted,18.05,18.49,18.47,18.93,19.35,10.29,20.03,drought,drought,True,0.659,0.251,0.09,6,0,0.29,10
30,2025-04-08,0.0327,17.62,predicted,17.62,18.0,18.01,18.31,10.29,19.32,19.42,drought,drought,True,0.647,0.256,0.097,7,0,0.29,10
30,2025-04-09,0.0316,16.99,predicted,16.99,17.27,17.26,10.29,17.69,18.23,18.42,drought,drought,True,0.632,0.27,0.098,7,0,0.29,10
30,2025-04-10,0.0309,16.66,predicted,16.66,16.88,10.29,16.77,17.1,17.58,17.78,drought,drought,True,0.619,0.285,0.095,7,0,0.29,10
30,2025-04-11,0.0305,16.4,predicted,16.4,10.29,16.47,16.45,16.81,17.23,17.37,drought,drought,True,0.605,0.299,0.096,7,0,0.29,10
30,2025-04-12,0.0191,10.29,observed,10.29,16.7,16.48,16.37,16.71,17.15,17.22,drought,drought,True,0.586,0.318,0.095,7,0,0.29,10
30,2025-04-13,0.019,10.24,predicted,10.24,10.56,10.84,10.94,11.35,12.0,12.45,drought,drought,True,0.579,0.33,0.091,7,0,0.57,6
30,2025-04-14,0.0187,10.04,predicted,10.04,10.36,10.62,10.64,11.06,11.73,12.15,drought,drought,True,0.556,0.349,0.095,7,0,0.57,6
30,2025-04-15,0.0194,10.43,predicted,10.43,10.58,10.55,10.33,10.68,11.26,11.44,drought,drought,True,0.525,0.369,0.107,7,0,0.29,10
30,2025-04-16,0.0193,10.38,predicted,10.38,10.49,10.51,10.22,10.52,11.11,11.33,drought,drought,True,0.46,0.4,0.14,7,0,0.29,10
30,2025-04-17,0.0194,10.46,predicted,10.46,10.56,10.57,10.23,10.52,11.1,11.32,drought,normal,False,0.377,0.431,0.192,7,0,0.29,10
30,2025-04-18,0.0196,10.53,predicted,10.53,10.63,10.67,10.32,10.62,11.22,14.53,drought,normal,False,0.37,0.448,0.182,7,0,0.29,10
30,2025-04-19,0.0192,10.34,predicted,10.34,10.42,10.41,10.01,10.29,14.53,11.09,drought,drought,True,0.557,0.374,0.069,7,0,0.29,10
30,2025-04-20,0.0191,10.28,predicted,10.28,10.34,10.35,9.92,14.53,10.77,11.02,drought,drought,True,0.552,0.379,0.068,7,0,0.29,10
30,2025-04-21,0.0191,10.3,predicted,10.3,10.35,10.33,14.53,10.14,10.71,10.95,drought,drought,True,0.586,0.361,0.053,7,0,0.29,10
30,2025-04-22,0.0191,10.27,predicted,10.27,10.35,14.53,9.9,10.22,10.76,10.96,drought,drought,True,0.598,0.351,0.051,7,0,0.29,10
30,2025-04-23,0.0187,10.08,predicted,10.08,14.53,10.12,9.85,10.19,10.73,10.92,drought,drought,True,0.603,0.346,0.051,7,0,0.29,10
30,2025-04-24,0.027,14.53,observed,14.53,10.15,10.11,9.83,10.16,10.71,10.9,drought,drought,True,0.598,0.349,0.052,7,0,0.29,10
30,2025-04-25,0.0261,14.05,predicted,14.05,14.14,13.9,13.58,13.9,14.39,14.39,drought,drought,True,0.606,0.344,0.051,7,0,0.57,6
30,2025-04-26,0.0267,14.38,predicted,14.38,14.48,14.25,13.95,14.27,14.78,14.77,drought,drought,True,0.609,0.341,0.05,7,0,0.57,6
30,2025-04-27,0.0264,14.21,predicted,14.21,14.4,14.26,14.13,14.49,15.02,15.1,drought,drought,True,0.619,0.333,0.048,7,0,0.29,10
30,2025-04-28,0.0266,14.32,predicted,14.32,14.54,14.39,14.38,14.77,15.29,15.34,drought,drought,True,0.624,0.327,0.049,7,0,0.29,10
30,2025-04-29,0.0275,14.8,predicted,14.8,15.08,14.91,15.02,15.43,16.0,16.0,drought,drought,True,0.638,0.313,0.048,7,0,0.29,10
30,2025-04-30,0.0281,15.1,predicted,15.1,15.48,15.33,15.66,16.13,16.74,16.33,drought,drought,True,0.654,0.297,0.05,7,0,0.29,10
30,2025-05-01,0.0281,15.15,predicted,15.15,15.57,15.48,15.92,16.41,16.33,17.0,drought,drought,True,0.659,0.288,0.053,7,0,0.29,10
30,2025-05-02,0.0276,14.83,predicted,14.83,15.15,15.16,15.28,16.33,16.37,16.43,drought,drought,True,0.648,0.297,0.055,7,0,0.29,10
30,2025-05-03,0.0268,14.4,predicted,14.4,14.66,14.69,16.33,15.07,15.69,15.85,drought,drought,True,0.64,0.305,0.056,7,0,0.29,10
30,2025-05-04,0.0265,14.24,predicted,14.24,14.46,16.33,14.36,14.71,15.28,15.47,drought,drought,True,0.63,0.315,0.055,7,0,0.29,10
30,2025-05-05,0.0265,14.25,predicted,14.25,16.33,14.38,14.14,14.44,14.97,15.19,drought,drought,True,0.613,0.332,0.055,7,0,0.29,10
30,2025-05-06,0.0303,16.33,observed,16.33,14.67,14.55,14.37,14.69,15.16,15.33,drought,drought,True,0.615,0.33,0.055,7,0,0.29,10
30,2025-05-07,0.0291,15.68,predicted,15.68,15.8,15.6,15.41,15.72,16.13,16.24,drought,drought,True,0.618,0.329,0.054,7,0,0.57,6
30,2025-05-08,0.0293,15.79,predicted,15.79,15.93,15.71,15.53,15.86,16.29,16.35,drought,drought,True,0.615,0.33,0.055,7,0,0.57,6
30,2025-05-09,0.0293,15.76,predicted,15.76,15.93,15.77,15.56,15.9,16.39,16.46,drought,drought,True,0.606,0.337,0.057,7,0,0.29,10
30,2025-05-10,0.0296,15.95,predicted,15.95,16.1,15.92,15.63,15.94,16.44,16.5,drought,drought,True,0.585,0.353,0.062,7,0,0.29,10
30,2025-05-11,0.0294,15.85,predicted,15.85,15.97,15.83,15.49,15.78,16.27,16.37,drought,drought,True,0.562,0.371,0.067,7,0,0.29,10
30,2025-05-12,0.029,15.6,predicted,15.6,15.71,15.62,15.28,15.55,16.02,9.0,drought,drought,True,0.542,0.383,0.075,7,0,0.29,10
30,2025-05-13,0.0289,15.55,predicted,15.55,15.62,15.51,15.12,15.37,9.0,15.99,drought,drought,True,0.534,0.392,0.075,7,0,0.29,10
30,2025-05-14,0.029,15.6,predicted,15.6,15.64,15.47,15.03,9.0,15.66,15.83,drought,drought,True,0.565,0.377,0.058,7,0,0.29,10
30,2025-05-15,0.0291,15.68,predicted,15.68,15.73,15.49,9.0,15.31,15.71,15.83,drought,drought,True,0.597,0.357,0.047,7,0,0.29,10
30,2025-05-16,0.0289,15.58,predicted,15.58,15.63,9.0,14.95,15.21,15.61,15.74,drought,drought,True,0.595,0.358,0.047,7,0,0.29,10
30,2025-05-17,0.029,15.62,predicted,15.62,9.0,15.43,14.96,15.23,15.64,15.74,drought,drought,True,0.593,0.36,0.046,7,0,0.29,10
30,2025-05-18,0.0167,9.0,observed,9.0,16.11,15.74,15.55,15.95,16.39,16.29,drought,drought,True,0.609,0.343,0.048,7,0,0.29,10
30,2025-05-19,0.0177,9.53,predicted,9.53,9.9,10.1,10.36,10.87,11.53,11.79,drought,drought,True,0.607,0.341,0.052,7,0,0.57,6
30,2025-05-20,0.0169,9.12,predicted,9.12,9.52,9.71,10.17,10.72,11.35,11.55,drought,drought,True,0.618,0.33,0.051,7,0,0.57,6
30,2025-05-21,0.017,9.16,predicted,9.16,9.34,9.39,9.27,9.66,10.35,10.46,drought,drought,True,0.617,0.332,0.051,7,0,0.29,10
30,2025-05-22,0.0168,9.06,predicted,9.06,9.2,9.28,9.06,9.41,10.09,10.28,drought,drought,True,0.617,0.333,0.051,7,0,0.29,10
30,2025-05-23,0.0171,9.22,predicted,9.22,9.33,9.4,9.03,9.33,10.01,10.25,drought,drought,True,0.607,0.344,0.049,7,0,0.29,10
30,2025-05-24,0.017,9.13,predicted,9.13,9.21,9.27,8.82,9.1,9.75,13.33,drought,drought,True,0.602,0.35,0.048,7,0,0.29,10
30,2025-05-25,0.017,9.15,predicted,9.15,9.26,9.22,8.89,9.24,13.33,10.04,drought,drought,True,0.598,0.351,0.051,7,0,0.29,10
30,2025-05-26,0.0174,9.38,predicted,9.38,9.49,9.44,9.1,13.33,10.07,10.23,drought,drought,True,0.594,0.357,0.049,7,0,0.29,10
30,2025-05-27,0.0173,9.3,predicted,9.3,9.4,9.42,13.33,9.32,9.97,10.18,drought,drought,True,0.593,0.36,0.047,7,0,0.29,10
30,2025-05-28,0.0171,9.19,predicted,9.19,9.28,13.33,8.92,9.22,9.85,10.1,drought,drought,True,0.594,0.359,0.047,7,0,0.29,10
30,2025-05-29,0.0168,9.03,predicted,9.03,13.33,9.19,8.64,8.87,9.53,9.88,drought,drought,True,0.592,0.363,0.045,7,0,0.29,10
30,2025-05-30,0.0248,13.33,observed,13.33,8.98,9.09,8.49,8.71,9.34,9.71,drought,drought,True,0.595,0.358,0.047,7,0,0.29,10
30,2025-05-31,0.0236,12.71,predicted,12.71,12.74,12.51,12.07,12.36,12.78,12.89,drought,drought,True,0.579,0.364,0.057,7,0,0.57,6
30,2025-06-01,0.0243,13.07,predicted,13.07,13.09,12.87,12.38,12.65,13.11,13.2,drought,drought,True,0.586,0.361,0.053,7,0,0.57,6
30,2025-06-02,0.0247,13.28,predicted,13.28,13.36,13.2,12.78,13.07,13.56,13.68,drought,drought,True,0.567,0.377,0.056,7,0,0.29,10
30,2025-06-03,0.0239,12.86,predicted,12.86,12.93,12.83,12.39,12.65,13.16,13.36,drought,drought,True,0.601,0.354,0.045,7,0,0.29,10
30,2025-06-04,0.0239,12.85,predicted,12.85,12.91,12.82,12.36,12.62,13.12,13.33,drought,drought,True,0.603,0.352,0.044,7,0,0.29,10
30,2025-06-05,0.0235,12.68,predicted,12.68,12.73,12.65,12.2,12.46,12.95,12.28,drought,drought,True,0.614,0.343,0.043,7,0,0.29,10
30,2025-06-06,0.0239,12.84,predicted,12.84,12.91,12.76,12.31,12.6,12.28,13.25,drought,drought,True,0.611,0.343,0.046,7,0,0.29,10
30,2025-06-07,0.0237,12.75,predicted,12.75,12.82,12.72,12.28,12.28,13.04,13.24,drought,drought,True,0.613,0.341,0.046,7,0,0.29,10
30,2025-06-08,0.0232,12.49,predicted,12.49,12.55,12.49,12.28,12.3,12.79,13.05,drought,drought,True,0.627,0.328,0.045,7,0,0.29,10
30,2025-06-09,0.0229,12.35,predicted,12.35,12.38,12.28,11.83,12.07,12.54,12.83,drought,drought,True,0.637,0.317,0.046,7,0,0.29,10
30,2025-06-10,0.023,12.38,predicted,12.38,12.28,12.31,11.79,12.03,12.49,12.77,drought,drought,True,0.639,0.313,0.048,7,0,0.29,10
30,2025-06-11,0.0228,12.28,observed,12.28,12.68,12.43,12.0,12.32,12.74,12.88,drought,drought,True,0.632,0.316,0.052,7,0,0.29,10
30,2025-06-12,0.0216,11.63,predicted,11.63,11.76,11.58,11.33,11.7,12.18,12.3,drought,drought,True,0.633,0.315,0.052,7,0,0.57,6
30,2025-06-13,0.0217,11.67,predicted,11.67,11.8,11.73,11.41,11.73,12.28,12.45,drought,drought,True,0.637,0.313,0.049,7,0,0.57,6
30,2025-06-14,0.0214,11.53,predicted,11.53,11.62,11.55,11.18,11.49,12.02,12.22,drought,drought,True,0.646,0.305,0.049,7,0,0.29,10
30,2025-06-15,0.0219,11.76,predicted,11.76,11.95,11.79,11.67,12.09,12.59,12.67,drought,drought,True,0.651,0.299,0.05,7,0,0.29,10
30,2025-06-16,0.0218,11.73,predicted,11.73,11.95,11.8,11.81,12.25,12.78,12.81,drought,drought,True,0.647,0.3,0.053,7,0,0.29,10
30,2025-06-17,0.0228,12.26,predicted,12.26,12.55,12.39,12.5,12.98,13.59,15.62,drought,drought,True,0.645,0.301,0.054,7,0,0.29,10
30,2025-06-18,0.0234,12.61,predicted,12.61,12.89,12.77,12.78,13.23,15.62,13.83,drought,drought,True,0.635,0.309,0.056,7,0,0.29,10
30,2025-06-19,0.0228,12.26,predicted,12.26,12.45,12.49,12.3,15.62,13.33,13.45,drought,drought,True,0.629,0.317,0.054,7,0,0.29,10
30,2025-06-20,0.0221,11.88,predicted,11.88,11.99,12.06,15.62,12.01,12.63,12.91,drought,drought,True,0.621,0.324,0.055,7,0,0.29,10
30,2025-06-21,0.0217,11.69,predicted,11.69,11.76,15.62,11.4,11.65,12.19,12.51,drought,drought,True,0.613,0.33,0.057,7,0,0.29,10
30,2025-06-22,0.0219,11.8,predicted,11.8,15.62,11.8,11.39,11.66,12.15,12.43,drought,drought,True,0.608,0.336,0.056,7,0,0.29,10
30,2025-06-23,0.029,15.62,observed,15.62,11.81,11.75,11.29,11.55,12.04,12.33,drought,drought,True,0.612,0.336,0.052,7,0,0.29,10
30,2025-06-24,0.0273,14.7,predicted,14.7,14.68,14.45,13.91,14.13,14.51,14.66,drought,drought,True,0.61,0.341,0.05,7,0,0.57,6
30,2025-06-25,0.0271,14.6,predicted,14.6,14.55,14.34,13.78,13.96,14.31,14.51,drought,drought,True,0.613,0.337,0.05,7,0,0.57,6
30,2025-06-26,0.0271,14.56,predicted,14.56,14.59,14.4,13.91,14.14,14.53,14.75,drought,drought,True,0.617,0.331,0.052,7,0,0.29,10
30,2025-06-27,0.0271,14.61,predicted,14.61,14.64,14.41,13.95,14.21,14.58,14.74,drought,drought,True,0.613,0.333,0.054,7,0,0.29,10
30,2025-06-28,0.0273,14.7,predicted,14.7,14.74,14.53,14.07,14.32,14.72,14.87,drought,drought,True,0.607,0.339,0.054,7,0,0.29,10
30,2025-06-29,0.0277,14.94,predicted,14.94,14.98,14.7,14.24,14.52,14.92,15.3,drought,drought,True,0.604,0.341,0.056,7,0,0.29,10
30,2025-06-30,0.0279,15.02,predicted,15.02,15.08,14.85,14.38,14.65,15.3,15.17,drought,drought,True,0.603,0.344,0.053,7,0,0.29,10
30,2025-07-01,0.0274,14.73,predicted,14.73,14.78,14.65,14.17,15.3,14.88,15.05,drought,drought,True,0.617,0.336,0.048,7,0,0.29,10
30,2025-07-02,0.0266,14.32,predicted,14.32,14.33,14.21,15.3,13.92,14.33,14.6,drought,drought,True,0.634,0.318,0.048,7,0,0.29,10
30,2025-07-03,0.0266,14.3,predicted,14.3,14.3,15.3,13.62,13.84,14.21,14.48,drought,drought,True,0.64,0.311,0.049,7,0,0.29,10
30,2025-07-04,0.0267,14.4,predicted,14.4,15.3,14.2,13.65,13.87,14.24,14.47,drought,drought,True,0.641,0.31,0.049,7,0,0.29,10
30,2025-07-05,0.0284,15.3,observed,15.3,14.31,14.14,13.58,13.79,14.17,14.42,drought,drought,True,0.648,0.303,0.049,7,0,0.29,10
30,2025-07-06,0.0263,14.15,predicted,14.15,14.14,13.94,13.34,13.56,13.94,14.18,drought,drought,True,0.643,0.306,0.051,7,0,0.57,6
30,2025-07-07,0.026,14.0,predicted,14.0,13.99,13.81,13.22,13.42,13.81,14.07,drought,drought,True,0.649,0.3,0.051,7,0,0.57,6
30,2025-07-08,0.0258,13.87,predicted,13.87,13.82,13.65,13.01,13.19,13.56,13.84,drought,drought,True,0.647,0.298,0.054,7,0,0.29,10
30,2025-07-09,0.0261,14.05,predicted,14.05,14.01,13.8,13.13,13.32,13.68,13.95,drought,drought,True,0.646,0.3,0.054,7,0,0.29,10
30,2025-07-10,0.0266,14.3,predicted,14.3,14.25,14.0,13.3,13.49,13.85,14.06,drought,drought,True,0.631,0.315,0.054,7,0,0.29,10
30,2025-07-11,0.0271,14.57,predicted,14.57,14.53,14.21,13.49,13.7,14.07,16.53,drought,drought,True,0.606,0.34,0.054,7,0,0.29,10
30,2025-07-12,0.0266,14.33,predicted,14.33,14.29,14.05,13.38,13.58,16.53,14.15,drought,drought,True,0.609,0.34,0.052,7,0,0.29,10
30,2025-07-13,0.0267,14.36,predicted,14.36,14.33,14.06,13.4,16.53,13.99,14.15,drought,drought,True,0.597,0.349,0.053,7,0,0.29,10
30,2025-07-14,0.0261,14.04,predicted,14.04,14.0,13.76,16.53,13.32,13.68,13.88,drought,drought,True,0.602,0.342,0.056,7,0,0.29,10
30,2025-07-15,0.0259,13.94,predicted,13.94,13.9,16.53,13.03,13.24,13.59,13.79,drought,drought,True,0.606,0.335,0.059,7,0,0.29,10
30,2025-07-16,0.026,13.97,predicted,13.97,16.53,13.69,13.06,13.27,13.64,13.85,drought,drought,True,0.613,0.332,0.055,7,0,0.29,10
30,2025-07-17,0.0307,16.53,observed,16.53,14.09,13.78,13.21,13.47,13.82,13.95,drought,drought,True,0.612,0.33,0.059,7,0,0.29,10
30,2025-07-18,0.0284,15.28,predicted,15.28,15.25,14.88,14.28,14.52,14.87,14.93,drought,drought,True,0.603,0.34,0.057,7,0,0.57,6
30,2025-07-19,0.0289,15.54,predicted,15.54,15.54,15.16,14.6,14.86,15.23,15.25,drought,drought,True,0.601,0.344,0.056,7,0,0.57,6
30,2025-07-20,0.0284,15.26,predicted,15.26,15.28,14.99,14.49,14.74,15.13,15.22,drought,drought,True,0.599,0.347,0.055,7,0,0.29,10
30,2025-07-21,0.0284,15.29,predicted,15.29,15.34,15.02,14.6,14.88,15.26,15.33,drought,drought,True,0.606,0.341,0.053,7,0,0.29,10
30,2025-07-22,0.0282,15.15,predicted,15.15,15.22,14.96,14.58,14.86,15.26,15.37,drought,drought,True,0.632,0.321,0.047,7,0,0.29,10
30,2025-07-23,0.0281,15.12,predicted,15.12,15.2,14.98,14.62,14.91,15.32,15.81,drought,drought,True,0.646,0.308,0.046,7,0,0.29,10
30,2025-07-24,0.0282,15.16,predicted,15.16,15.25,15.05,14.7,15.0,15.81,15.57,drought,drought,True,0.65,0.303,0.047,7,0,0.29,10
30,2025-07-25,0.028,15.06,predicted,15.06,15.14,14.94,14.58,15.81,15.27,15.43,drought,drought,True,0.649,0.302,0.049,7,0,0.29,10
30,2025-07-26,0.028,15.05,predicted,15.05,15.13,14.95,15.81,14.86,15.27,15.46,drought,drought,True,0.653,0.297,0.05,7,0,0.29,10
30,2025-07-27,0.0282,15.2,predicted,15.2,15.28,15.81,14.66,14.95,15.34,15.47,drought,drought,True,0.643,0.303,0.054,7,0,0.29,10
30,2025-07-28,0.0282,15.19,predicted,15.19,15.81,15.05,14.63,14.87,15.28,15.47,drought,drought,True,0.647,0.302,0.051,7,0,0.29,10
30,2025-07-29,0.0294,15.81,observed,15.81,15.28,15.09,14.59,14.82,15.21,15.43,drought,drought,True,0.65,0.301,0.049,7,0,0.29,10
30,2025-07-30,0.0275,14.82,predicted,14.82,14.86,14.72,14.19,14.41,14.83,15.09,drought,drought,True,0.643,0.309,0.048,7,0,0.57,6
30,2025-07-31,0.0278,14.94,predicted,14.94,14.96,14.78,14.19,14.4,14.81,15.04,drought,drought,True,0.627,0.326,0.047,7,0,0.57,6
30,2025-08-01,0.0277,14.92,predicted,14.92,14.91,14.68,14.07,14.29,14.66,14.85,drought,drought,True,0.623,0.328,0.049,7,0,0.29,10
30,2025-08-02,0.0284,15.28,predicted,15.28,15.31,14.92,14.38,14.67,15.03,15.04,drought,drought,True,0.611,0.335,0.054,7,0,0.29,10
30,2025-08-03,0.0282,15.18,predicted,15.18,15.24,14.89,14.46,14.78,15.19,15.16,drought,drought,True,0.606,0.339,0.055,7,0,0.29,10
30,2025-08-04,0.028,15.08,predicted,15.08,15.21,14.87,14.62,14.99,15.45,14.09,drought,drought,True,0.605,0.338,0.057,7,0,0.29,10
30,2025-08-05,0.0282,15.16,predicted,15.16,15.34,15.07,14.95,15.32,14.09,15.76,drought,drought,True,0.612,0.331,0.057,7,0,0.29,10
30,2025-08-06,0.0277,14.92,predicted,14.92,15.09,14.92,14.75,14.09,15.63,15.65,drought,drought,True,0.611,0.331,0.058,7,0,0.29,10
30,2025-08-07,0.0275,14.81,predicted,14.81,14.92,14.81,14.09,14.83,15.34,15.48,drought,drought,True,0.609,0.333,0.058,7,0,0.29,10
30,2025-08-08,0.0271,14.6,predicted,14.6,14.68,14.09,14.26,14.52,14.98,15.2,drought,drought,True,0.614,0.33,0.056,7,0,0.29,10
30,2025-08-09,0.0273,14.72,predicted,14.72,14.09,14.65,14.33,14.62,15.03,15.23,drought,drought,True,0.619,0.327,0.054,7,0,0.29,10
30,2025-08-10,0.0262,14.09,observed,14.09,14.77,14.58,14.21,14.49,14.9,15.07,drought,drought,True,0.613,0.333,0.054,7,0,0.29,10
30,2025-08-11,0.0244,13.12,predicted,13.12,13.21,13.13,12.78,13.06,13.53,13.8,drought,drought,True,0.628,0.325,0.048,7,0,0.57,6
30,2025-08-12,0.0238,12.84,predicted,12.84,12.94,12.87,12.53,12.82,13.29,13.58,drought,drought,True,0.644,0.311,0.045,7,0,0.57,6
30,2025-08-13,0.0239,12.89,predicted,12.89,12.96,12.85,12.45,12.73,13.18,13.44,drought,drought,True,0.653,0.302,0.045,7,0,0.29,10
30,2025-08-14,0.0243,13.08,predicted,13.08,13.16,13.01,12.62,12.9,13.35,13.57,drought,drought,True,0.65,0.302,0.047,7,0,0.29,10
30,2025-08-15,0.0242,13.05,predicted,13.05,13.14,13.07,12.69,12.96,13.44,13.69,drought,drought,True,0.655,0.296,0.048,7,0,0.29,10
30,2025-08-16,0.0242,13.02,predicted,13.02,13.1,12.98,12.59,12.86,13.32,14.85,drought,drought,True,0.656,0.292,0.052,7,0,0.29,10
30,2025-08-17,0.0246,13.23,predicted,13.23,13.29,13.14,12.69,12.96,14.85,13.6,drought,drought,True,0.648,0.297,0.056,7,0,0.29,10
30,2025-08-18,0.0247,13.29,predicted,13.29,13.34,13.17,12.71,14.85,13.43,13.6,drought,drought,True,0.646,0.296,0.057,7,0,0.29,10
30,2025-08-19,0.024,12.91,predicted,12.91,12.94,12.82,14.85,12.6,13.04,13.28,drought,drought,True,0.662,0.283,0.055,7,0,0.29,10
30,2025-08-20,0.0236,12.72,predicted,12.72,12.74,14.85,12.14,12.35,12.8,13.13,drought,drought,True,0.67,0.274,0.057,7,0,0.29,10
30,2025-08-21,0.0243,13.07,predicted,13.07,14.85,12.91,12.3,12.51,12.93,13.21,drought,drought,True,0.664,0.277,0.06,7,0,0.29,10
30,2025-08-22,0.0276,14.85,observed,14.85,13.52,13.29,12.64,12.86,13.28,13.46,drought,drought,True,0.644,0.297,0.058,7,0,0.29,10
30,2025-08-23,0.0261,14.07,predicted,14.07,14.05,13.77,13.16,13.39,13.78,13.91,drought,drought,True,0.641,0.3,0.059,7,0,0.57,6
30,2025-08-24,0.0258,13.9,predicted,13.9,13.89,13.62,13.06,13.31,13.69,13.82,drought,drought,True,0.634,0.304,0.062,7,0,0.57,6
30,2025-08-25,0.0252,13.58,predicted,13.58,13.57,13.39,12.85,13.07,13.47,13.69,drought,drought,True,0.641,0.299,0.06,7,0,0.29,10
30,2025-08-26,0.0259,13.93,predicted,13.93,13.92,13.68,13.09,13.32,13.71,13.88,drought,drought,True,0.628,0.31,0.061,7,0,0.29,10
30,2025-08-27,0.025,13.46,predicted,13.46,13.45,13.28,12.75,12.97,13.36,13.6,drought,drought,True,0.644,0.296,0.06,7,0,0.29,10
30,2025-08-28,0.0247,13.28,predicted,13.28,13.27,13.1,12.57,12.79,13.17,16.72,drought,drought,True,0.649,0.288,0.063,7,0,0.29,10
30,2025-08-29,0.0248,13.37,predicted,13.37,13.37,13.17,12.66,12.89,16.72,13.5,drought,drought,True,0.658,0.28,0.063,7,0,0.29,10
30,2025-08-30,0.0251,13.5,predicted,13.5,13.5,13.3,12.76,16.72,13.39,13.61,drought,drought,True,0.663,0.275,0.062,7,0,0.29,10
30,2025-08-31,0.0253,13.63,predicted,13.63,13.65,13.41,16.72,13.14,13.53,13.71,drought,drought,True,0.654,0.28,0.066,7,0,0.29,10
31,2025-03-01,46.5373,83.85,predicted,83.85,83.23,83.36,83.34,82.3,81.77,82.4,overflow,normal,False,0.01,0.686,0.304,0,7,0.29,10
31,2025-03-02,46.5797,83.93,predicted,83.93,83.32,83.45,83.45,82.41,82.4,80.19,overflow,normal,False,0.01,0.687,0.303,0,7,0.29,10
31,2025-03-03,46.5449,83.86,predicted,83.86,83.25,83.4,83.4,82.4,81.82,80.15,overflow,normal,False,0.01,0.685,0.305,0,7,0.29,10
31,2025-03-04,46.4515,83.69,predicted,83.69,83.07,83.25,82.4,82.19,81.64,80.04,overflow,normal,False,0.01,0.682,0.308,0,7,0.29,10
31,2025-03-05,46.32,83.46,predicted,83.46,82.82,82.4,83.02,81.96,81.39,79.87,overflow,normal,False,0.01,0.679,0.311,0,7,0.29,10
31,2025-03-06,46.1842,83.21,predicted,83.21,82.4,82.78,82.78,81.71,81.12,79.66,overflow,normal,False,0.01,0.678,0.312,0,7,0.29,10
31,2025-03-07,45.7308,82.4,observed,82.4,82.39,82.6,82.59,81.52,80.92,79.51,overflow,normal,False,0.01,0.677,0.314,0,7,0.29,10
31,2025-03-08,46.3043,83.43,predicted,83.43,82.74,82.92,82.86,81.77,81.13,79.71,overflow,normal,False,0.01,0.676,0.315,0,7,0.57,6
31,2025-03-09,46.2868,83.4,predicted,83.4,82.7,82.87,82.81,81.73,81.08,79.67,overflow,normal,False,0.01,0.675,0.315,0,7,0.57,6
31,2025-03-10,46.2507,83.33,predicted,83.33,82.64,82.81,82.76,81.69,81.04,79.63,overflow,normal,False,0.01,0.676,0.315,0,7,0.29,10
31,2025-03-11,46.5055,83.79,predicted,83.79,83.12,83.25,83.18,82.11,81.52,79.98,overflow,normal,False,0.01,0.683,0.307,0,7,0.29,10
31,2025-03-12,46.6807,84.11,predicted,84.11,83.48,83.59,83.55,82.5,81.98,80.28,overflow,normal,False,0.011,0.689,0.301,0,7,0.29,10
31,2025-03-13,46.7235,84.18,predicted,84.18,83.54,83.67,83.67,82.63,82.08,83.43,overflow,normal,False,0.01,0.681,0.308,0,7,0.29,10
31,2025-03-14,46.6776,84.1,predicted,84.1,83.45,83.61,83.61,82.56,83.43,80.37,overflow,normal,False,0.01,0.678,0.312,0,7,0.29,10
31,2025-03-15,46.5941,83.95,predicted,83.95,83.29,83.47,83.45,83.43,81.8,80.25,overflow,normal,False,0.01,0.675,0.315,0,7,0.29,10
31,2025-03-16,46.5456,83.86,predicted,83.86,83.2,83.38,83.43,82.29,81.69,80.16,overflow,normal,False,0.01,0.679,0.311,0,7,0.29,10
31,2025-03-17,46.6685,84.09,predicted,84.09,83.44,83.43,83.51,82.44,81.88,80.26,overflow,normal,False,0.01,0.685,0.305,0,7,0.29,10
31,2025-03-18,46.6452,84.04,predicted,84.04,83.43,83.53,83.46,82.4,81.82,80.21,overflow,normal,False,0.01,0.683,0.307,0,7,0.29,10
31,2025-03-19,46.3055,83.43,observed,83.43,83.32,83.46,83.38,82.31,81.71,80.14,overflow,normal,False,0.01,0.677,0.313,0,7,0.29,10
31,2025-03-20,47.1826,85.01,predicted,85.01,84.29,84.37,84.2,83.09,82.43,80.78,overflow,normal,False,0.01,0.682,0.308,0,7,0.57,6
31,2025-03-21,47.2588,85.15,predicted,85.15,84.41,84.47,84.26,83.15,82.47,80.84,overflow,normal,False,0.01,0.678,0.312,0,7,0.57,6
31,2025-03-22,47.1208,84.9,predicted,84.9,84.16,84.24,84.05,82.94,82.25,80.67,overflow,normal,False,0.01,0.674,0.316,0,7,0.29,10
31,2025-03-23,47.0999,84.86,predicted,84.86,84.13,84.23,84.05,82.94,82.27,80.68,overflow,normal,False,0.01,0.678,0.312,0,7,0.29,10
31,2025-03-24,47.0381,84.75,predicted,84.75,84.02,84.14,83.98,82.88,82.21,80.65,overflow,normal,False,0.01,0.674,0.316,0,7,0.29,10
31,2025-03-25,47.0507,84.77,predicted,84.77,84.03,84.15,83.97,82.87,82.19,81.45,overflow,normal,False,0.01,0.674,0.316,0,7,0.29,10
31,2025-03-26,47.0296,84.74,predicted,84.74,83.99,84.07,83.86,82.75,81.45,80.51,overflow,normal,False,0.01,0.676,0.313,0,7,0.29,10
31,2025-03-27,47.0058,84.69,predicted,84.69,83.94,84.02,83.81,81.45,82.0,80.47,overflow,normal,False,0.01,0.675,0.315,0,7,0.29,10
31,2025-03-28,47.0201,84.72,predicted,84.72,83.97,84.04,81.45,82.72,82.02,80.48,overflow,normal,False,0.01,0.675,0.315,0,7,0.29,10
31,2025-03-29,47.0101,84.7,predicted,84.7,83.95,81.45,83.85,82.74,82.05,80.51,overflow,normal,False,0.01,0.674,0.316,0,7,0.29,10
31,2025-03-30,46.9794,84.65,predicted,84.65,81.45,83.99,83.81,82.71,82.0,80.49,overflow,normal,False,0.01,0.671,0.319,0,7,0.29,10
31,2025-03-31,45.2064,81.45,observed,81.45,83.92,84.0,83.8,82.69,81.97,80.46,overflow,normal,False,0.01,0.671,0.319,0,7,0.29,10
31,2025-04-01,45.8446,82.6,predicted,82.6,81.94,82.13,82.12,81.07,80.49,79.1,overflow,normal,False,0.01,0.671,0.319,0,7,0.57,6
31,2025-04-02,45.926,82.75,predicted,82.75,82.11,82.3,82.3,81.25,80.71,79.26,overflow,normal,False,0.01,0.679,0.31,0,7,0.57,6
31,2025-04-03,46.1411,83.14,predicted,83.14,82.51,82.66,82.65,81.6,81.06,79.53,overflow,normal,False,0.01,0.684,0.305,0,7,0.29,10
31,2025-04-04,46.2504,83.33,predicted,83.33,82.74,82.88,82.91,81.88,81.37,79.76,overflow,normal,False,0.01,0.689,0.3,0,7,0.29,10
31,2025-04-05,46.3195,83.46,predicted,83.46,82.92,83.07,83.18,82.17,81.71,80.0,overflow,normal,False,0.011,0.694,0.296,0,7,0.29,10
31,2025-04-06,46.5105,83.8,predicted,83.8,83.23,83.38,83.45,82.43,81.92,81.21,overflow,normal,False,0.01,0.689,0.301,0,7,0.29,10
31,2025-04-07,46.4636,83.72,predicted,83.72,83.15,83.33,83.42,82.39,81.21,80.22,overflow,normal,False,0.01,0.689,0.301,0,7,0.29,10
31,2025-04-08,46.4158,83.63,predicted,83.63,83.04,83.25,83.32,81.21,81.74,80.14,overflow,normal,False,0.01,0.685,0.305,0,7,0.29,10
31,2025-04-09,46.2427,83.32,predicted,83.32,82.72,82.94,81.21,81.93,81.37,79.86,overflow,normal,False,0.01,0.681,0.309,0,7,0.29,10
31,2025-04-10,46.0484,82.97,predicted,82.97,82.36,81.21,82.61,81.54,80.98,79.55,overflow,normal,False,0.01,0.68,0.31,0,7,0.29,10
31,2025-04-11,45.936,82.77,predicted,82.77,81.21,82.37,82.37,81.3,80.76,79.33,overflow,normal,False,0.01,0.684,0.306,0,7,0.29,10
31,2025-04-12,45.0709,81.21,observed,81.21,82.08,82.28,82.26,81.19,80.64,79.21,overflow,normal,False,0.01,0.682,0.308,0,7,0.29,10
31,2025-04-13,45.6813,82.31,predicted,82.31,81.7,81.91,81.92,80.86,80.32,78.94,overflow,normal,False,0.01,0.678,0.312,0,7,0.57,6
31,2025-04-14,45.7112,82.36,predicted,82.36,81.75,81.95,81.96,80.9,80.37,78.97,overflow,normal,False,0.01,0.677,0.313,0,7,0.57,6
31,2025-04-15,45.7645,82.46,predicted,82.46,81.85,82.06,82.1,81.05,80.53,79.11,overflow,normal,False,0.01,0.677,0.313,0,7,0.29,10
31,2025-04-16,45.7678,82.46,predicted,82.46,81.85,82.07,82.12,81.08,80.55,79.14,overflow,normal,False,0.01,0.674,0.316,0,7,0.29,10
31,2025-04-17,45.8218,82.56,predicted,82.56,81.94,82.18,82.23,81.19,80.66,79.24,overflow,normal,False,0.01,0.672,0.318,0,7,0.29,10
31,2025-04-18,45.8801,82.66,predicted,82.66,82.04,82.28,82.33,81.29,80.75,81.08,overflow,normal,False,0.01,0.672,0.318,0,7,0.29,10
31,2025-04-19,45.8007,82.52,predicted,82.52,81.91,82.14,82.18,81.14,81.08,79.19,overflow,normal,False,0.01,0.674,0.316,0,7,0.29,10
31,2025-04-20,45.8106,82.54,predicted,82.54,81.92,82.15,82.19,81.08,80.6,79.19,overflow,normal,False,0.01,0.673,0.317,0,7,0.29,10
31,2025-04-21,45.7904,82.5,predicted,82.5,81.88,82.1,81.08,81.07,80.52,79.12,overflow,normal,False,0.01,0.674,0.316,0,7,0.29,10
31,2025-04-22,45.8244,82.56,predicted,82.56,81.95,81.08,82.17,81.13,80.58,79.15,overflow,normal,False,0.01,0.679,0.311,0,7,0.29,10
31,2025-04-23,45.8695,82.65,predicted,82.65,81.08,82.23,82.27,81.22,80.68,79.23,overflow,normal,False,0.01,0.682,0.308,0,7,0.29,10
31,2025-04-24,45.001,81.08,observed,81.08,82.09,82.29,82.32,81.28,80.74,79.28,overflow,normal,False,0.01,0.681,0.309,0,7,0.29,10
31,2025-04-25,45.8455,82.6,predicted,82.6,82.0,82.2,82.23,81.19,80.67,79.2,overflow,normal,False,0.01,0.682,0.307,0,7,0.57,6
31,2025-04-26,45.8377,82.59,predicted,82.59,81.99,82.19,82.22,81.19,80.67,79.2,overflow,normal,False,0.01,0.683,0.307,0,7,0.57,6
31,2025-04-27,45.8772,82.66,predicted,82.66,82.07,82.27,82.33,81.29,80.77,79.29,overflow,normal,False,0.01,0.684,0.306,0,7,0.29,10
31,2025-04-28,45.9597,82.81,predicted,82.81,82.23,82.42,82.48,81.44,80.93,79.42,overflow,normal,False,0.01,0.687,0.303,0,7,0.29,10
31,2025-04-29,46.0414,82.96,predicted,82.96,82.39,82.57,82.65,81.62,81.12,79.56,overflow,normal,False,0.01,0.689,0.301,0,7,0.29,10
31,2025-04-30,46.1541,83.16,predicted,83.16,82.61,82.78,82.87,81.84,81.36,81.63,overflow,normal,False,0.011,0.692,0.297,0,7,0.29,10
31,2025-05-01,46.2019,83.24,predicted,83.24,82.7,82.87,82.95,81.92,81.63,79.81,overflow,normal,False,0.011,0.692,0.297,0,7,0.29,10
31,2025-05-02,46.0986,83.06,predicted,83.06,82.49,82.69,82.76,81.63,81.22,79.67,overflow,normal,False,0.01,0.684,0.306,0,7,0.29,10
31,2025-05-03,45.9208,82.74,predicted,82.74,82.16,82.39,81.63,81.41,80.9,79.42,overflow,normal,False,0.01,0.684,0.306,0,7,0.29,10
31,2025-05-04,45.7715,82.47,predicted,82.47,81.89,81.63,82.19,81.14,80.63,79.2,overflow,normal,False,0.01,0.681,0.309,0,7,0.29,10
31,2025-05-05,45.6597,82.27,predicted,82.27,81.63,81.93,81.98,80.94,80.41,79.04,overflow,normal,False,0.01,0.674,0.316,0,7,0.29,10
31,2025-05-06,45.3054,81.63,observed,81.63,81.76,82.01,82.07,81.02,80.5,79.11,overflow,normal,False,0.01,0.679,0.311,0,7,0.29,10
31,2025-05-07,46.1029,83.07,predicted,83.07,82.44,82.63,82.61,81.55,80.98,79.53,overflow,normal,False,0.01,0.681,0.309,0,7,0.57,6
31,2025-05-08,46.1423,83.14,predicted,83.14,82.51,82.68,82.65,81.59,81.03,79.55,overflow,normal,False,0.01,0.682,0.307,0,7,0.57,6
31,2025-05-09,46.0891,83.04,predicted,83.04,82.41,82.59,82.56,81.5,80.94,79.48,overflow,normal,False,0.01,0.679,0.311,0,7,0.29,10
31,2025-05-10,46.082,83.03,predicted,83.03,82.39,82.58,82.56,81.5,80.94,79.49,overflow,normal,False,0.01,0.676,0.314,0,7,0.29,10
31,2025-05-11,46.0175,82.91,predicted,82.91,82.27,82.48,82.48,81.42,80.86,79.43,overflow,normal,False,0.01,0.673,0.317,0,7,0.29,10
31,2025-05-12,45.9498,82.79,predicted,82.79,82.14,82.38,82.39,81.34,80.76,80.93,overflow,normal,False,0.01,0.67,0.32,0,7,0.29,10
31,2025-05-13,45.9327,82.76,predicted,82.76,82.11,82.34,82.35,81.29,80.93,79.33,overflow,normal,False,0.01,0.671,0.32,0,7,0.29,10
31,2025-05-14,45.9525,82.8,predicted,82.8,82.14,82.35,82.33,80.93,80.68,79.3,overflow,normal,False,0.01,0.672,0.318,0,7,0.29,10
31,2025-05-15,46.0151,82.91,predicted,82.91,82.25,82.42,80.93,81.31,80.72,79.31,overflow,normal,False,0.01,0.675,0.315,0,7,0.29,10
31,2025-05-16,46.0503,82.97,predicted,82.97,82.31,80.93,82.43,81.36,80.77,79.34,overflow,normal,False,0.01,0.674,0.316,0,7,0.29,10
31,2025-05-17,46.0701,83.01,predicted,83.01,80.93,82.5,82.44,81.38,80.79,79.35,overflow,normal,False,0.01,0.676,0.314,0,7,0.29,10
31,2025-05-18,44.9145,80.93,observed,80.93,82.61,82.74,82.68,81.62,81.08,79.54,overflow,normal,False,0.011,0.69,0.3,0,7,0.29,10
31,2025-05-19,45.8092,82.54,predicted,82.54,81.96,82.15,82.2,81.18,80.7,79.18,overflow,normal,False,0.011,0.689,0.301,0,7,0.57,6
31,2025-05-20,45.8564,82.62,predicted,82.62,82.07,82.25,82.33,81.31,80.86,79.28,overflow,normal,False,0.011,0.692,0.297,0,7,0.57,6
31,2025-05-21,45.8784,82.66,predicted,82.66,82.09,82.29,82.37,81.35,80.86,79.33,overflow,normal,False,0.01,0.685,0.305,0,7,0.29,10
31,2025-05-22,45.8059,82.53,predicted,82.53,81.95,82.17,82.23,81.2,80.7,79.21,overflow,normal,False,0.01,0.685,0.305,0,7,0.29,10
31,2025-05-23,45.7296,82.39,predicted,82.39,81.81,82.03,82.08,81.04,80.53,79.08,overflow,normal,False,0.01,0.681,0.309,0,7,0.29,10
31,2025-05-24,45.6342,82.22,predicted,82.22,81.63,81.86,81.9,80.85,80.32,80.57,overflow,normal,False,0.01,0.679,0.31,0,7,0.29,10
31,2025-05-25,45.64,82.23,predicted,82.23,81.64,81.86,81.87,80.82,80.57,78.89,overflow,normal,False,0.01,0.686,0.303,0,7,0.29,10
31,2025-05-26,45.6416,82.24,predicted,82.24,81.65,81.85,81.87,80.57,80.31,78.88,overflow,normal,False,0.01,0.685,0.304,0,7,0.29,10
31,2025-05-27,45.59,82.14,predicted,82.14,81.55,81.76,80.57,80.75,80.24,78.83,overflow,normal,False,0.01,0.681,0.308,0,7,0.29,10
31,2025-05-28,45.5765,82.12,predicted,82.12,81.52,80.57,81.78,80.74,80.22,78.83,overflow,normal,False,0.01,0.682,0.308,0,7,0.29,10
31,2025-05-29,45.4662,81.92,predicted,81.92,80.57,81.55,81.61,80.57,80.02,78.69,overflow,normal,False,0.01,0.671,0.319,0,7,0.29,10
31,2025-05-30,44.7183,80.57,observed,80.57,81.21,81.47,81.54,80.5,79.94,78.64,overflow,normal,False,0.01,0.672,0.319,0,7,0.29,10
31,2025-05-31,45.331,81.68,predicted,81.68,81.1,81.37,81.47,80.45,79.95,78.6,overflow,normal,False,0.01,0.682,0.307,0,7,0.57,6
31,2025-06-01,45.3434,81.7,predicted,81.7,81.12,81.37,81.47,80.45,79.95,78.59,overflow,normal,False,0.01,0.678,0.312,0,7,0.57,6
31,2025-06-02,45.4675,81.92,predicted,81.92,81.34,81.58,81.66,80.64,80.14,78.75,overflow,normal,False,0.01,0.678,0.312,0,7,0.29,10
31,2025-06-03,45.3943,81.79,predicted,81.79,81.2,81.43,81.5,80.48,79.96,78.59,overflow,normal,False,0.01,0.676,0.314,0,7,0.29,10
31,2025-06-04,45.3804,81.76,predicted,81.76,81.17,81.41,81.47,80.45,79.92,78.57,overflow,normal,False,0.01,0.677,0.313,0,7,0.29,10
31,2025-06-05,45.3282,81.67,predicted,81.67,81.08,81.32,81.39,80.36,79.83,81.26,overflow,normal,False,0.01,0.677,0.313,0,7,0.29,10
31,2025-06-06,45.3626,81.73,predicted,81.73,81.14,81.38,81.45,80.42,81.26,78.54,overflow,normal,False,0.01,0.68,0.31,0,7,0.29,10
31,2025-06-07,45.3427,81.7,predicted,81.7,81.11,81.35,81.44,81.26,79.9,78.55,overflow,normal,False,0.01,0.677,0.313,0,7,0.29,10
31,2025-06-08,45.3021,81.62,predicted,81.62,81.03,81.27,81.26,80.33,79.79,78.47,overflow,normal,False,0.01,0.675,0.315,0,7,0.29,10
31,2025-06-09,45.2947,81.61,predicted,81.61,81.0,81.26,81.31,80.28,79.72,78.42,overflow,normal,False,0.01,0.674,0.316,0,7,0.29,10
31,2025-06-10,45.3121,81.64,predicted,81.64,81.26,81.25,81.31,80.27,79.72,78.41,overflow,normal,False,0.01,0.674,0.316,0,7,0.29,10
31,2025-06-11,45.1013,81.26,observed,81.26,81.23,81.43,81.46,80.42,79.89,78.52,overflow,normal,False,0.01,0.684,0.306,0,7,0.29,10
31,2025-06-12,45.9152,82.73,predicted,82.73,82.1,82.26,82.25,81.2,80.64,79.18,overflow,normal,False,0.01,0.687,0.302,0,7,0.57,6
31,2025-06-13,45.9662,82.82,predicted,82.82,82.19,82.36,82.38,81.34,80.77,79.31,overflow,normal,False,0.01,0.679,0.311,0,7,0.57,6
31,2025-06-14,45.9119,82.72,predicted,82.72,82.09,82.26,82.27,81.23,80.66,79.21,overflow,normal,False,0.01,0.681,0.309,0,7,0.29,10
31,2025-06-15,46.0136,82.91,predicted,82.91,82.29,82.45,82.45,81.4,80.87,79.35,overflow,normal,False,0.01,0.689,0.3,0,7,0.29,10
31,2025-06-16,46.0352,82.94,predicted,82.94,82.34,82.49,82.49,81.45,80.94,79.39,overflow,normal,False,0.01,0.69,0.299,0,7,0.29,10
31,2025-06-17,46.0771,83.02,predicted,83.02,82.43,82.58,82.57,81.54,81.04,81.54,overflow,normal,False,0.011,0.691,0.299,0,7,0.29,10
31,2025-06-18,46.0507,82.97,predicted,82.97,82.38,82.54,82.55,81.52,81.54,79.44,overflow,normal,False,0.011,0.688,0.302,0,7,0.29,10
31,2025-06-19,45.939,82.77,predicted,82.77,82.17,82.37,82.4,81.54,80.83,79.34,overflow,normal,False,0.01,0.678,0.312,0,7,0.29,10
31,2025-06-20,45.8421,82.6,predicted,82.6,81.98,82.19,81.54,81.15,80.6,79.18,overflow,normal,False,0.01,0.675,0.316,0,7,0.29,10
31,2025-06-21,45.7539,82.44,predicted,82.44,81.81,81.54,82.03,80.96,80.39,79.02,overflow,normal,False,0.01,0.675,0.315,0,7,0.29,10
31,2025-06-22,45.726,82.39,predicted,82.39,81.54,81.97,81.96,80.9,80.33,78.96,overflow,normal,False,0.01,0.677,0.313,0,7,0.29,10
31,2025-06-23,45.2585,81.54,observed,81.54,81.66,81.87,81.87,80.82,80.24,78.9,overflow,normal,False,0.01,0.673,0.317,0,7,0.29,10
31,2025-06-24,45.8755,82.66,predicted,82.66,82.01,82.2,82.18,81.12,80.53,79.15,overflow,normal,False,0.01,0.671,0.319,0,7,0.57,6
31,2025-06-25,45.8467,82.6,predicted,82.6,81.94,82.14,82.12,81.06,80.45,79.1,overflow,normal,False,0.01,0.667,0.323,0,7,0.57,6
31,2025-06-26,45.8473,82.61,predicted,82.61,81.94,82.12,82.09,81.02,80.41,79.06,overflow,normal,False,0.01,0.671,0.32,0,7,0.29,10
31,2025-06-27,45.8778,82.66,predicted,82.66,82.0,82.19,82.17,81.11,80.51,79.14,overflow,normal,False,0.01,0.676,0.314,0,7,0.29,10
31,2025-06-28,45.9026,82.71,predicted,82.71,82.05,82.25,82.25,81.2,80.62,79.23,overflow,normal,False,0.01,0.673,0.317,0,7,0.29,10
31,2025-06-29,45.9924,82.87,predicted,82.87,82.22,82.4,82.38,81.33,80.76,80.67,overflow,normal,False,0.01,0.678,0.312,0,7,0.29,10
31,2025-06-30,46.031,82.94,predicted,82.94,82.29,82.46,82.44,81.39,80.67,79.37,overflow,normal,False,0.01,0.676,0.314,0,7,0.29,10
31,2025-07-01,45.9928,82.87,predicted,82.87,82.21,82.38,82.36,80.67,80.71,79.29,overflow,normal,False,0.01,0.67,0.321,0,7,0.29,10
31,2025-07-02,45.9222,82.74,predicted,82.74,82.07,82.25,80.67,81.15,80.52,79.16,overflow,normal,False,0.01,0.669,0.321,0,7,0.29,10
31,2025-07-03,45.9008,82.7,predicted,82.7,82.03,80.67,82.16,81.09,80.46,79.11,overflow,normal,False,0.01,0.671,0.32,0,7,0.29,10
31,2025-07-04,45.905,82.71,predicted,82.71,80.67,82.2,82.15,81.09,80.46,79.1,overflow,normal,False,0.01,0.671,0.319,0,7,0.29,10
31,2025-07-05,44.7751,80.67,observed,80.67,81.98,82.15,82.11,81.05,80.41,79.07,overflow,normal,False,0.01,0.668,0.322,0,7,0.29,10
31,2025-07-06,45.3631,81.73,predicted,81.73,81.1,81.3,81.32,80.28,79.7,78.4,overflow,normal,False,0.01,0.669,0.321,0,7,0.57,6
31,2025-07-07,45.2907,81.6,predicted,81.6,80.97,81.17,81.21,80.17,79.59,78.3,overflow,normal,False,0.01,0.667,0.323,0,7,0.57,6
31,2025-07-08,45.3073,81.63,predicted,81.63,80.98,81.2,81.23,80.19,79.58,78.32,overflow,normal,False,0.009,0.664,0.327,0,7,0.29,10
31,2025-07-09,45.3331,81.68,predicted,81.68,81.03,81.24,81.27,80.23,79.62,78.36,overflow,normal,False,0.009,0.664,0.326,0,7,0.29,10
31,2025-07-10,45.3885,81.78,predicted,81.78,81.13,81.34,81.36,80.32,79.72,78.43,overflow,normal,False,0.01,0.666,0.325,0,7,0.29,10
31,2025-07-11,45.4696,81.93,predicted,81.93,81.29,81.47,81.47,80.43,79.86,77.89,overflow,normal,False,0.01,0.67,0.321,0,7,0.29,10
31,2025-07-12,45.4535,81.9,predicted,81.9,81.26,81.45,81.47,80.44,77.89,78.53,overflow,normal,False,0.01,0.669,0.321,0,7,0.29,10
31,2025-07-13,45.5119,82.0,predicted,82.0,81.37,81.54,81.54,77.89,79.93,78.58,overflow,normal,False,0.01,0.672,0.318,0,7,0.29,10
31,2025-07-14,45.4785,81.94,predicted,81.94,81.3,81.48,77.89,80.45,79.86,78.52,overflow,normal,False,0.01,0.673,0.317,0,7,0.29,10
31,2025-07-15,45.4869,81.96,predicted,81.96,81.32,77.89,81.51,80.47,79.88,78.54,overflow,normal,False,0.01,0.676,0.314,0,7,0.29,10
31,2025-07-16,45.4774,81.94,predicted,81.94,77.89,81.49,81.5,80.46,79.87,78.54,overflow,normal,False,0.01,0.672,0.318,0,7,0.29,10
31,2025-07-17,43.2295,77.89,observed,77.89,81.42,81.59,81.59,80.55,79.98,78.61,overflow,normal,False,0.01,0.683,0.307,0,7,0.29,10
31,2025-07-18,43.6529,78.65,predicted,78.65,78.18,78.5,78.76,77.81,77.45,76.24,overflow,normal,False,0.01,0.681,0.309,0,7,0.57,6
31,2025-07-19,43.5441,78.46,predicted,78.46,78.01,78.34,78.62,77.67,77.33,76.12,overflow,normal,False,0.01,0.684,0.306,0,7,0.57,6
31,2025-07-20,43.7283,78.79,predicted,78.79,78.33,78.65,78.92,77.97,77.58,76.37,overflow,normal,False,0.01,0.682,0.308,0,7,0.29,10
31,2025-07-21,43.757,78.84,predicted,78.84,78.39,78.71,78.99,78.03,77.65,76.42,overflow,normal,False,0.01,0.687,0.302,0,7,0.29,10
31,2025-07-22,43.7174,78.77,predicted,78.77,78.32,78.66,78.95,78.01,77.63,76.41,overflow,normal,False,0.01,0.686,0.304,0,7,0.29,10
31,2025-07-23,43.6853,78.71,predicted,78.71,78.26,78.61,78.92,77.98,77.6,71.13,overflow,normal,False,0.01,0.684,0.306,0,6,0.29,10
31,2025-07-24,43.6613,78.67,predicted,78.67,78.22,78.58,78.89,77.95,71.13,76.37,overflow,normal,False,0.01,0.683,0.307,0,6,0.29,10
31,2025-07-25,43.6235,78.6,predicted,78.6,78.15,78.51,78.82,71.13,77.49,76.31,overflow,normal,False,0.01,0.681,0.309,0,6,0.29,10
31,2025-07-26,43.5919,78.54,predicted,78.54,78.09,78.45,71.13,77.82,77.43,76.27,overflow,normal,False,0.01,0.678,0.312,0,6,0.29,10
31,2025-07-27,43.6179,78.59,predicted,78.59,78.14,71.13,78.79,77.85,77.46,76.28,overflow,normal,False,0.01,0.681,0.309,0,6,0.29,10
31,2025-07-28,43.569,78.5,predicted,78.5,71.13,78.41,78.72,77.78,77.37,76.23,overflow,normal,False,0.01,0.671,0.319,0,6,0.29,10
31,2025-07-29,39.4787,71.13,observed,71.13,77.95,78.32,78.62,77.68,77.26,76.15,normal,normal,True,0.01,0.667,0.323,0,6,0.29,10
31,2025-07-30,38.496,69.36,predicted,69.36,69.21,69.92,70.71,70.02,70.01,69.34,normal,normal,True,0.009,0.662,0.328,0,0,0.57,6
31,2025-07-31,38.091,68.63,predicted,68.63,68.5,69.22,70.02,69.34,69.36,68.72,normal,normal,True,0.01,0.662,0.328,0,0,0.57,6
31,2025-08-01,38.6127,69.57,predicted,69.57,69.42,70.07,70.8,70.09,70.01,69.31,normal,normal,True,0.01,0.667,0.323,0,0,0.29,10
31,2025-08-02,38.7328,69.79,predicted,69.79,69.67,70.28,71.02,70.31,70.28,69.5,normal,normal,True,0.01,0.68,0.31,0,0,0.29,10
31,2025-08-03,38.8411,69.98,predicted,69.98,69.89,70.5,71.27,70.58,70.57,69.74,normal,normal,True,0.01,0.682,0.308,0,0,0.29,10
31,2025-08-04,38.8953,70.08,predicted,70.08,70.01,70.61,71.4,70.7,70.73,72.94,normal,normal,True,0.01,0.688,0.301,0,0,0.29,10
31,2025-08-05,39.0961,70.44,predicted,70.44,70.39,70.99,71.83,71.14,72.94,70.25,normal,normal,True,0.01,0.689,0.301,0,0,0.29,10
31,2025-08-06,39.1353,70.51,predicted,70.51,70.45,71.07,71.91,72.94,71.21,70.33,normal,normal,True,0.01,0.685,0.305,0,0,0.29,10
31,2025-08-07,39.0389,70.34,predicted,70.34,70.25,70.91,72.94,71.03,71.0,70.18,normal,normal,True,0.01,0.68,0.31,0,0,0.29,10
31,2025-08-08,38.8732,70.04,predicted,70.04,69.94,72.94,71.43,70.72,70.67,69.91,normal,normal,True,0.01,0.678,0.312,0,0,0.29,10
31,2025-08-09,38.829,69.96,predicted,69.96,72.94,70.54,71.33,70.62,70.58,69.83,normal,normal,True,0.01,0.681,0.309,0,0,0.29,10
31,2025-08-10,40.4836,72.94,observed,72.94,69.67,70.33,71.09,70.38,70.32,69.59,normal,normal,True,0.01,0.682,0.308,0,0,0.29,10
31,2025-08-11,39.9947,72.06,predicted,72.06,71.86,72.43,73.06,72.28,72.11,71.28,normal,normal,True,0.01,0.679,0.311,0,0,0.57,6
31,2025-08-12,40.0493,72.16,predicted,72.16,71.94,72.51,73.13,72.35,72.16,71.34,normal,normal,True,0.01,0.679,0.311,0,0,0.57,6
31,2025-08-13,39.8493,71.8,predicted,71.8,71.59,72.19,72.87,72.1,71.95,71.15,normal,normal,True,0.01,0.678,0.312,0,0,0.29,10
31,2025-08-14,39.8859,71.86,predicted,71.86,71.67,72.26,72.95,72.19,72.05,71.24,normal,normal,True,0.01,0.677,0.314,0,0,0.29,10
31,2025-08-15,39.9056,71.9,predicted,71.9,71.7,72.32,73.04,72.29,72.15,71.34,normal,normal,True,0.01,0.672,0.318,0,0,0.29,10
31,2025-08-16,39.9377,71.96,predicted,71.96,71.76,72.37,73.09,72.33,72.19,61.94,normal,normal,True,0.01,0.673,0.317,0,0,0.29,10
31,2025-08-17,40.0038,72.08,predicted,72.08,71.88,72.49,73.2,72.45,61.94,71.48,normal,normal,True,0.01,0.672,0.318,0,0,0.29,10
31,2025-08-18,40.0484,72.16,predicted,72.16,71.96,72.57,73.27,61.94,72.39,71.54,normal,normal,True,0.01,0.672,0.318,0,0,0.29,10
31,2025-08-19,39.9743,72.02,predicted,72.02,71.81,72.41,61.94,72.35,72.19,71.37,normal,normal,True,0.01,0.67,0.321,0,0,0.29,10
31,2025-08-20,39.9135,71.91,predicted,71.91,71.68,61.94,72.97,72.21,72.01,71.24,normal,normal,True,0.009,0.66,0.33,0,0,0.29,10
31,2025-08-21,39.9358,71.95,predicted,71.95,61.94,72.31,72.97,72.2,72.01,71.23,normal,normal,True,0.009,0.663,0.327,0,0,0.29,10
31,2025-08-22,34.3768,61.94,observed,61.94,71.82,72.4,73.04,72.27,72.12,71.3,normal,normal,True,0.01,0.665,0.325,0,0,0.29,10
31,2025-08-23,32.9117,59.3,predicted,59.3,59.45,60.37,61.49,61.09,61.44,61.1,normal,normal,True,0.01,0.67,0.321,0,0,0.57,6
31,2025-08-24,32.4281,58.43,predicted,58.43,58.61,59.53,60.69,60.31,60.7,60.36,normal,normal,True,0.01,0.674,0.316,0,0,0.57,6
31,2025-08-25,33.1075,59.65,predicted,59.65,59.76,60.43,61.35,60.91,61.08,60.62,normal,normal,True,0.01,0.667,0.323,0,0,0.29,10
31,2025-08-26,33.1386,59.71,predicted,59.71,59.83,60.48,61.37,60.93,61.12,60.64,normal,normal,True,0.01,0.67,0.32,0,0,0.29,10
31,2025-08-27,33.0743,59.59,predicted,59.59,59.7,60.38,61.3,60.86,61.03,60.58,normal,normal,True,0.01,0.671,0.319,0,0,0.29,10
31,2025-08-28,33.0518,59.55,predicted,59.55,59.66,60.33,61.25,60.8,60.96,67.95,normal,normal,True,0.01,0.671,0.319,0,0,0.29,10
31,2025-08-29,33.075,59.59,predicted,59.59,59.7,60.38,61.29,60.85,67.95,60.56,normal,normal,True,0.01,0.674,0.317,0,0,0.29,10
31,2025-08-30,33.0993,59.64,predicted,59.64,59.74,60.4,61.3,67.95,61.02,60.56,normal,normal,True,0.01,0.671,0.319,0,0,0.29,10
31,2025-08-31,33.1101,59.66,predicted,59.66,59.77,60.42,67.95,60.87,61.05,60.57,normal,normal,True,0.01,0.676,0.315,0,0,0.29,10
32,2025-03-01,0.0278,37.74,predicted,37.74,37.87,37.09,36.94,36.87,37.0,41.34,normal,drought,False,0.665,0.211,0.124,0,0,0.29,10
32,2025-03-02,0.0283,38.35,predicted,38.35,38.53,37.78,37.67,37.6,41.34,36.98,normal,drought,False,0.663,0.207,0.13,0,0,0.29,10
32,2025-03-03,0.0284,38.49,predicted,38.49,38.66,37.98,37.85,41.34,37.98,37.23,normal,drought,False,0.665,0.203,0.132,0,0,0.29,10
32,2025-03-04,0.0284,38.57,predicted,38.57,38.69,38.02,41.34,37.69,37.83,37.16,normal,drought,False,0.665,0.203,0.132,0,0,0.29,10
32,2025-03-05,0.0283,38.41,predicted,38.41,38.46,41.34,37.45,37.32,37.33,36.77,normal,drought,False,0.665,0.204,0.131,0,0,0.29,10
32,2025-03-06,0.0279,37.88,predicted,37.88,41.34,37.16,36.77,36.62,36.5,36.04,normal,drought,False,0.666,0.206,0.129,0,0,0.29,10
32,2025-03-07,0.0305,41.34,observed,41.34,37.34,36.59,36.15,36.0,35.79,35.38,normal,drought,False,0.667,0.206,0.127,0,0,0.29,10
32,2025-03-08,0.0289,39.2,predicted,39.2,39.03,38.08,37.41,37.18,36.82,36.29,normal,drought,False,0.667,0.208,0.126,0,0,0.57,6
32,2025-03-09,0.0287,39.0,predicted,39.0,38.8,37.8,37.13,36.9,36.5,35.96,normal,drought,False,0.666,0.209,0.125,0,0,0.57,6
32,2025-03-10,0.0284,38.53,predicted,38.53,38.37,37.42,36.84,36.67,36.33,35.8,normal,drought,False,0.661,0.21,0.128,0,0,0.29,10
32,2025-03-11,0.0288,39.05,predicted,39.05,38.97,37.93,37.31,37.16,37.0,36.19,normal,drought,False,0.652,0.213,0.136,0,0,0.29,10
32,2025-03-12,0.0291,39.5,predicted,39.5,39.58,38.58,38.24,38.14,38.2,37.21,normal,drought,False,0.64,0.212,0.148,0,0,0.29,10
32,2025-03-13,0.0298,40.45,predicted,40.45,40.55,39.63,39.3,39.19,39.31,53.12,normal,drought,False,0.639,0.21,0.15,0,0,0.29,10
32,2025-03-14,0.03,40.74,predicted,40.74,40.81,39.99,39.62,39.48,53.12,38.72,normal,drought,False,0.641,0.211,0.148,0,0,0.29,10
32,2025-03-15,0.03,40.7,predicted,40.7,40.72,39.95,39.52,53.12,39.34,38.63,normal,drought,False,0.653,0.211,0.137,0,0,0.29,10
32,2025-03-16,0.0296,40.2,predicted,40.2,40.18,39.41,53.12,38.82,38.72,38.1,normal,drought,False,0.67,0.206,0.124,0,0,0.29,10
32,2025-03-17,0.0295,39.97,predicted,39.97,40.0,53.12,38.74,38.58,38.55,37.8,normal,drought,False,0.674,0.202,0.124,0,0,0.29,10
32,2025-03-18,0.0294,39.84,predicted,39.84,53.12,39.02,38.62,38.46,38.43,37.7,normal,drought,False,0.672,0.202,0.126,0,0,0.29,10
32,2025-03-19,0.0391,53.12,observed,53.12,40.05,39.19,38.69,38.5,38.42,37.72,normal,drought,False,0.671,0.204,0.125,0,0,0.29,10
32,2025-03-20,0.038,51.54,predicted,51.54,51.16,49.7,48.41,47.74,47.08,45.89,normal,drought,False,0.67,0.203,0.127,0,0,0.57,6
32,2025-03-21,0.0385,52.31,predicted,52.31,51.89,50.39,48.97,48.28,47.59,46.36,normal,drought,False,0.667,0.206,0.127,0,0,0.57,6
32,2025-03-22,0.0379,51.38,predicted,51.38,51.21,50.32,49.57,49.07,48.73,47.87,normal,drought,False,0.662,0.211,0.127,0,0,0.29,10
32,2025-03-23,0.0378,51.33,predicted,51.33,51.16,50.24,49.47,48.97,48.64,47.73,normal,drought,False,0.656,0.214,0.13,0,0,0.29,10
32,2025-03-24,0.0379,51.48,predicted,51.48,51.31,50.39,49.6,49.12,48.78,47.87,normal,drought,False,0.644,0.22,0.135,0,0,0.29,10
32,2025-03-25,0.0381,51.7,predicted,51.7,51.52,50.64,49.86,49.38,49.03,41.01,normal,drought,False,0.639,0.225,0.135,0,0,0.29,10
32,2025-03-26,0.0375,50.87,predicted,50.87,50.66,49.75,48.96,48.47,41.01,47.23,normal,drought,False,0.688,0.212,0.101,0,0,0.29,10
32,2025-03-27,0.0373,50.64,predicted,50.64,50.41,49.48,48.68,41.01,47.78,46.95,normal,drought,False,0.692,0.211,0.097,0,0,0.29,10
32,2025-03-28,0.0373,50.61,predicted,50.61,50.38,49.43,41.01,48.12,47.73,46.86,normal,drought,False,0.689,0.213,0.098,0,0,0.29,10
32,2025-03-29,0.0375,50.83,predicted,50.83,50.61,41.01,48.92,48.44,48.07,47.21,normal,drought,False,0.68,0.219,0.102,0,0,0.29,10
32,2025-03-30,0.0375,50.93,predicted,50.93,41.01,49.81,49.04,48.57,48.17,47.32,normal,drought,False,0.678,0.221,0.101,0,0,0.29,10
32,2025-03-31,0.0302,41.01,observed,41.01,50.45,49.53,48.74,48.26,47.83,47.02,normal,drought,False,0.693,0.217,0.09,0,0,0.29,10
32,2025-04-01,0.0287,39.01,predicted,39.01,39.07,38.72,38.59,38.58,38.63,38.32,normal,drought,False,0.697,0.216,0.087,0,0,0.57,6
32,2025-04-02,0.0282,38.21,predicted,38.21,38.32,37.93,37.84,37.86,38.0,37.58,normal,drought,False,0.692,0.217,0.091,0,0,0.57,6
32,2025-04-03,0.0286,38.77,predicted,38.77,38.68,37.71,37.11,36.95,36.86,36.08,normal,drought,False,0.708,0.209,0.083,0,0,0.29,10
32,2025-04-04,0.0289,39.25,predicted,39.25,39.27,38.35,37.97,37.84,37.87,37.04,normal,drought,False,0.71,0.203,0.088,0,0,0.29,10
32,2025-04-05,0.0301,40.85,predicted,40.85,41.05,40.21,40.1,40.0,40.2,39.26,normal,drought,False,0.698,0.199,0.103,0,0,0.29,10
32,2025-04-06,0.0302,41.05,predicted,41.05,41.24,40.47,40.35,40.23,40.4,52.77,normal,drought,False,0.692,0.196,0.112,0,0,0.29,10
32,2025-04-07,0.0305,41.35,predicted,41.35,41.54,40.83,40.74,40.6,52.77,40.0,normal,drought,False,0.684,0.193,0.123,0,0,0.29,10
32,2025-04-08,0.0304,41.28,predicted,41.28,41.41,40.7,40.47,52.77,40.36,39.7,normal,drought,False,0.676,0.193,0.131,0,0,0.29,10
32,2025-04-09,0.03,40.67,predicted,40.67,40.7,39.96,52.77,39.36,39.29,38.72,normal,drought,False,0.673,0.194,0.133,0,0,0.29,10
32,2025-04-10,0.0295,40.01,predicted,40.01,39.95,52.77,38.6,38.38,38.21,37.67,normal,drought,False,0.671,0.196,0.133,0,0,0.29,10
32,2025-04-11,0.0289,39.21,predicted,39.21,52.77,38.25,37.66,37.45,37.24,36.67,normal,drought,False,0.668,0.197,0.134,0,0,0.29,10
32,2025-04-12,0.0389,52.77,observed,52.77,38.92,37.95,37.28,37.07,36.85,36.21,normal,drought,False,0.667,0.2,0.133,0,0,0.29,10
32,2025-04-13,0.037,50.15,predicted,50.15,49.67,48.15,46.68,46.02,45.26,44.15,normal,drought,False,0.666,0.203,0.132,0,0,0.57,6
32,2025-04-14,0.0375,50.96,predicted,50.96,50.46,48.9,47.35,46.67,45.93,44.73,normal,drought,False,0.661,0.207,0.132,0,0,0.57,6
32,2025-04-15,0.0374,50.69,predicted,50.69,50.46,49.41,48.49,48.01,47.65,46.66,normal,drought,False,0.65,0.213,0.137,0,0,0.29,10
32,2025-04-16,0.0375,50.84,predicted,50.84,50.62,49.62,48.75,48.28,47.93,46.97,normal,drought,False,0.629,0.223,0.147,0,0,0.29,10
32,2025-04-17,0.0378,51.24,predicted,51.24,51.06,50.16,49.39,48.93,48.63,47.7,normal,drought,False,0.598,0.236,0.166,0,0,0.29,10
32,2025-04-18,0.038,51.56,predicted,51.56,51.42,50.63,49.94,49.49,49.24,56.07,normal,drought,False,0.595,0.244,0.162,0,0,0.29,10
32,2025-04-19,0.0375,50.91,predicted,50.91,50.72,49.85,49.09,48.62,56.07,47.42,normal,drought,False,0.676,0.223,0.101,0,0,0.29,10
32,2025-04-20,0.0376,50.98,predicted,50.98,50.79,49.95,49.21,56.07,48.42,47.56,normal,drought,False,0.678,0.225,0.097,0,0,0.29,10
32,2025-04-21,0.0373,50.65,predicted,50.65,50.43,49.52,56.07,48.23,47.87,47.0,normal,drought,False,0.697,0.22,0.083,0,0,0.29,10
32,2025-04-22,0.0372,50.42,predicted,50.42,50.2,56.07,48.46,47.97,47.62,46.73,normal,drought,False,0.704,0.216,0.079,0,0,0.29,10
32,2025-04-23,0.0372,50.43,predicted,50.43,56.07,49.3,48.54,48.07,47.73,46.83,normal,drought,False,0.705,0.215,0.08,0,0,0.29,10
32,2025-04-24,0.0413,56.07,observed,56.07,50.46,49.51,48.73,48.26,47.95,47.01,normal,drought,False,0.702,0.217,0.082,0,0,0.29,10
32,2025-04-25,0.0395,53.59,predicted,53.59,53.32,52.21,51.19,50.6,50.18,49.07,normal,drought,False,0.707,0.214,0.079,0,0,0.57,6
32,2025-04-26,0.0397,53.85,predicted,53.85,53.59,52.52,51.54,50.95,50.53,49.45,normal,drought,False,0.71,0.212,0.078,0,0,0.57,6
32,2025-04-27,0.0398,54.03,predicted,54.03,53.92,53.18,52.61,52.1,51.85,50.94,normal,drought,False,0.712,0.209,0.079,0,0,0.29,10
32,2025-04-28,0.04,54.26,predicted,54.26,54.18,53.45,52.93,52.41,52.2,51.27,normal,drought,False,0.712,0.207,0.081,0,0,0.29,10
32,2025-04-29,0.0403,54.65,predicted,54.65,54.6,53.89,53.43,52.92,52.73,51.79,normal,drought,False,0.715,0.201,0.084,0,0,0.29,10
32,2025-04-30,0.0405,55.0,predicted,55.0,55.0,54.3,53.89,53.39,53.26,55.54,normal,drought,False,0.713,0.196,0.091,0,0,0.29,10
32,2025-05-01,0.0406,55.1,predicted,55.1,55.13,54.44,54.04,53.53,55.54,52.42,normal,drought,False,0.706,0.195,0.099,0,0,0.29,10
32,2025-05-02,0.0406,55.11,predicted,55.11,55.1,54.44,53.97,55.54,53.31,52.37,normal,drought,False,0.702,0.196,0.102,0,0,0.29,10
32,2025-05-03,0.0403,54.71,predicted,54.71,54.65,53.99,55.54,52.92,52.7,51.84,normal,drought,False,0.7,0.197,0.103,0,0,0.29,10
32,2025-05-04,0.0401,54.42,predicted,54.42,54.32,55.54,53.02,52.47,52.19,51.36,normal,drought,False,0.697,0.2,0.103,0,0,0.29,10
32,2025-05-05,0.0401,54.39,predicted,54.39,55.54,53.51,52.82,52.27,51.93,51.12,normal,drought,False,0.693,0.205,0.102,0,0,0.29,10
32,2025-05-06,0.0409,55.54,observed,55.54,54.25,53.47,52.77,52.21,51.84,51.0,normal,drought,False,0.695,0.205,0.101,0,0,0.29,10
32,2025-05-07,0.0395,53.6,predicted,53.6,53.44,52.61,51.9,51.37,51.01,50.15,normal,drought,False,0.696,0.204,0.099,0,0,0.57,6
32,2025-05-08,0.0393,53.39,predicted,53.39,53.23,52.37,51.62,51.1,50.77,49.86,normal,drought,False,0.695,0.205,0.1,0,0,0.57,6
32,2025-05-09,0.0394,53.41,predicted,53.41,53.23,52.34,51.55,51.02,50.68,49.75,normal,drought,False,0.691,0.208,0.101,0,0,0.29,10
32,2025-05-10,0.0395,53.57,predicted,53.57,53.39,52.53,51.77,51.24,50.92,49.99,normal,drought,False,0.685,0.213,0.102,0,0,0.29,10
32,2025-05-11,0.0395,53.58,predicted,53.58,53.4,52.59,51.86,51.33,51.01,50.13,normal,drought,False,0.676,0.22,0.105,0,0,0.29,10
32,2025-05-12,0.0395,53.64,predicted,53.64,53.47,52.76,52.11,51.6,51.26,78.06,normal,drought,False,0.667,0.226,0.107,0,1,0.29,10
32,2025-05-13,0.0395,53.61,predicted,53.61,53.42,52.66,51.96,51.44,78.06,50.26,normal,drought,False,0.667,0.23,0.103,0,1,0.29,10
32,2025-05-14,0.0393,53.33,predicted,53.33,53.1,52.27,51.47,78.06,50.54,49.69,normal,drought,False,0.687,0.226,0.087,0,1,0.29,10
32,2025-05-15,0.039,52.92,predicted,52.92,52.68,51.81,78.06,50.46,50.06,49.2,normal,drought,False,0.706,0.219,0.075,0,1,0.29,10
32,2025-05-16,0.039,52.93,predicted,52.93,52.69,78.06,51.02,50.49,50.1,49.23,normal,drought,False,0.705,0.22,0.075,0,1,0.29,10
32,2025-05-17,0.0389,52.85,predicted,52.85,78.06,51.76,50.96,50.43,50.05,49.18,normal,drought,False,0.707,0.22,0.073,0,1,0.29,10
32,2025-05-18,0.0575,78.06,observed,78.06,52.56,51.71,50.98,50.47,50.24,49.25,overflow,drought,False,0.711,0.214,0.075,0,1,0.29,10
32,2025-05-19,0.0546,74.1,predicted,74.1,73.16,71.09,68.48,67.27,65.87,63.62,normal,drought,False,0.706,0.214,0.08,0,0,0.57,6
32,2025-05-20,0.0563,76.46,predicted,76.46,75.48,73.4,70.73,69.48,68.04,65.66,overflow,drought,False,0.709,0.21,0.081,0,2,0.57,6
32,2025-05-21,0.0571,77.54,predicted,77.54,77.24,77.23,77.2,76.25,75.81,74.62,overflow,drought,False,0.708,0.211,0.081,0,6,0.29,10
32,2025-05-22,0.057,77.34,predicted,77.34,77.03,77.04,77.0,76.03,75.58,74.45,overflow,drought,False,0.711,0.209,0.079,0,6,0.29,10
32,2025-05-23,0.0569,77.19,predicted,77.19,76.86,76.88,76.81,75.84,75.36,74.28,overflow,drought,False,0.712,0.211,0.078,0,6,0.29,10
32,2025-05-24,0.0567,76.92,predicted,76.92,76.58,76.59,76.51,75.54,75.02,45.14,overflow,drought,False,0.711,0.212,0.077,0,6,0.29,10
32,2025-05-25,0.0567,76.94,predicted,76.94,76.6,76.57,76.45,75.47,45.14,73.9,overflow,drought,False,0.712,0.211,0.077,0,5,0.29,10
32,2025-05-26,0.0567,76.98,predicted,76.98,76.64,76.6,76.46,45.14,75.0,73.91,overflow,drought,False,0.712,0.212,0.077,0,5,0.29,10
32,2025-05-27,0.0566,76.83,predicted,76.83,76.49,76.47,45.14,75.4,74.9,73.85,overflow,drought,False,0.711,0.212,0.076,0,4,0.29,10
32,2025-05-28,0.0566,76.82,predicted,76.82,76.47,45.14,76.37,75.4,74.89,73.85,overflow,drought,False,0.711,0.213,0.077,0,4,0.29,10
32,2025-05-29,0.0564,76.54,predicted,76.54,45.14,76.2,76.13,75.17,74.6,73.67,overflow,drought,False,0.707,0.216,0.077,0,4,0.29,10
32,2025-05-30,0.0333,45.14,observed,45.14,76.11,76.14,76.09,75.13,74.55,73.65,normal,drought,False,0.702,0.219,0.08,0,4,0.29,10
32,2025-05-31,0.0328,44.56,predicted,44.56,44.87,45.69,46.55,46.6,47.21,47.26,normal,drought,False,0.692,0.222,0.086,0,0,0.57,6
32,2025-06-01,0.0311,42.14,predicted,42.14,42.49,43.27,44.12,44.25,44.89,44.97,normal,drought,False,0.696,0.222,0.082,0,0,0.57,6
32,2025-06-02,0.032,43.37,predicted,43.37,43.16,42.11,41.22,40.91,40.67,39.79,normal,drought,False,0.693,0.225,0.082,0,0,0.29,10
32,2025-06-03,0.0316,42.92,predicted,42.92,42.69,41.67,40.83,40.52,40.23,39.46,normal,drought,False,0.71,0.218,0.072,0,0,0.29,10
32,2025-06-04,0.0316,42.93,predicted,42.93,42.69,41.67,40.82,40.5,40.2,39.43,normal,drought,False,0.71,0.218,0.071,0,0,0.29,10
32,2025-06-05,0.0315,42.73,predicted,42.73,42.49,41.5,40.67,40.35,40.04,39.22,normal,drought,False,0.713,0.217,0.07,0,0,0.29,10
32,2025-06-06,0.0315,42.7,predicted,42.7,42.47,41.45,40.6,40.29,39.22,39.23,normal,drought,False,0.712,0.217,0.071,0,0,0.29,10
32,2025-06-07,0.0315,42.8,predicted,42.8,42.57,41.55,40.71,39.22,40.11,39.34,normal,drought,False,0.709,0.219,0.072,0,0,0.29,10
32,2025-06-08,0.0314,42.68,predicted,42.68,42.44,41.45,39.22,40.33,40.0,39.29,normal,drought,False,0.712,0.217,0.071,0,0,0.29,10
32,2025-06-09,0.0314,42.58,predicted,42.58,42.32,39.22,40.54,40.23,39.86,39.2,normal,drought,False,0.713,0.216,0.071,0,0,0.29,10
32,2025-06-10,0.0313,42.51,predicted,42.51,39.22,41.25,40.43,40.11,39.73,39.07,normal,drought,False,0.712,0.217,0.072,0,0,0.29,10
32,2025-06-11,0.0289,39.22,observed,39.22,41.97,40.95,40.14,39.83,39.51,38.78,normal,drought,False,0.714,0.214,0.072,0,0,0.29,10
32,2025-06-12,0.0268,36.38,predicted,36.38,36.37,35.66,35.31,35.27,35.27,34.74,normal,drought,False,0.713,0.213,0.074,0,0,0.57,6
32,2025-06-13,0.0269,36.52,predicted,36.52,36.53,35.85,35.51,35.48,35.52,34.99,normal,drought,False,0.71,0.214,0.076,0,0,0.57,6
32,2025-06-14,0.0271,36.84,predicted,36.84,36.75,35.89,35.35,35.23,35.12,34.54,normal,drought,False,0.715,0.211,0.074,0,0,0.29,10
32,2025-06-15,0.0271,36.74,predicted,36.74,36.7,35.85,35.37,35.28,35.26,34.59,normal,drought,False,0.717,0.207,0.076,0,0,0.29,10
32,2025-06-16,0.027,36.7,predicted,36.7,36.7,35.87,35.47,35.39,35.42,34.72,normal,drought,False,0.715,0.206,0.079,0,0,0.29,10
32,2025-06-17,0.0273,37.04,predicted,37.04,37.09,36.25,35.84,35.77,35.91,56.07,normal,drought,False,0.714,0.204,0.082,0,0,0.29,10
32,2025-06-18,0.0276,37.44,predicted,37.44,37.5,36.68,36.26,36.17,56.07,35.54,normal,drought,False,0.711,0.205,0.085,0,0,0.29,10
32,2025-06-19,0.0279,37.83,predicted,37.83,37.84,37.09,36.65,56.07,36.62,35.96,normal,drought,False,0.709,0.207,0.084,0,0,0.29,10
32,2025-06-20,0.0278,37.69,predicted,37.69,37.63,36.89,56.07,36.23,36.17,35.66,normal,drought,False,0.707,0.209,0.084,0,0,0.29,10
32,2025-06-21,0.0275,37.29,predicted,37.29,37.17,56.07,35.82,35.65,35.47,35.03,normal,drought,False,0.706,0.211,0.083,0,0,0.29,10
32,2025-06-22,0.0273,36.99,predicted,36.99,56.07,35.99,35.35,35.18,34.97,34.49,normal,drought,False,0.706,0.212,0.083,0,0,0.29,10
32,2025-06-23,0.0413,56.07,observed,56.07,36.68,35.81,35.13,34.96,34.72,34.24,normal,drought,False,0.704,0.214,0.082,0,0,0.29,10
32,2025-06-24,0.0389,52.76,predicted,52.76,52.13,50.48,48.71,47.93,46.98,45.76,normal,drought,False,0.701,0.217,0.082,0,0,0.57,6
32,2025-06-25,0.0396,53.79,predicted,53.79,53.12,51.44,49.63,48.82,47.78,46.56,normal,drought,False,0.699,0.219,0.081,0,0,0.57,6
32,2025-06-26,0.0391,53.09,predicted,53.09,52.84,52.03,51.29,50.75,50.28,49.55,normal,drought,False,0.703,0.218,0.079,0,0,0.29,10
32,2025-06-27,0.0391,53.03,predicted,53.03,52.79,51.96,51.22,50.69,50.27,49.47,normal,drought,False,0.699,0.22,0.081,0,0,0.29,10
32,2025-06-28,0.0393,53.4,predicted,53.4,53.17,52.34,51.6,51.08,50.68,49.83,normal,drought,False,0.692,0.225,0.083,0,0,0.29,10
32,2025-06-29,0.0394,53.42,predicted,53.42,53.2,52.34,51.57,51.05,50.7,47.49,normal,drought,False,0.695,0.225,0.081,0,0,0.29,10
32,2025-06-30,0.0394,53.5,predicted,53.5,53.29,52.44,51.68,51.16,47.49,49.89,normal,drought,False,0.699,0.224,0.077,0,0,0.29,10
32,2025-07-01,0.0394,53.44,predicted,53.44,53.23,52.46,51.77,47.49,50.87,50.05,normal,drought,False,0.705,0.222,0.073,0,0,0.29,10
32,2025-07-02,0.0392,53.13,predicted,53.13,52.91,52.22,47.49,51.08,50.65,49.97,normal,drought,False,0.711,0.219,0.071,0,0,0.29,10
32,2025-07-03,0.0391,53.02,predicted,53.02,52.78,47.49,51.44,50.91,50.46,49.8,normal,drought,False,0.711,0.218,0.071,0,0,0.29,10
32,2025-07-04,0.039,52.96,predicted,52.96,47.49,51.98,51.31,50.78,50.33,49.64,normal,drought,False,0.71,0.219,0.071,0,0,0.29,10
32,2025-07-05,0.035,47.49,observed,47.49,52.67,51.94,51.27,50.75,50.27,49.6,normal,drought,False,0.71,0.219,0.071,0,0,0.29,10
32,2025-07-06,0.0331,44.97,predicted,44.97,44.9,44.52,44.26,44.04,43.9,43.53,normal,drought,False,0.71,0.22,0.07,0,0,0.57,6
32,2025-07-07,0.0325,44.13,predicted,44.13,44.05,43.65,43.39,43.18,43.02,42.68,normal,drought,False,0.711,0.22,0.07,0,0,0.57,6
32,2025-07-08,0.0327,44.36,predicted,44.36,44.03,43.05,42.19,41.81,41.3,40.71,normal,drought,False,0.709,0.221,0.071,0,0,0.29,10
32,2025-07-09,0.0327,44.44,predicted,44.44,44.1,43.09,42.18,41.81,41.3,40.66,normal,drought,False,0.708,0.221,0.071,0,0,0.29,10
32,2025-07-10,0.0328,44.51,predicted,44.51,44.16,43.11,42.16,41.78,41.31,40.6,normal,drought,False,0.705,0.225,0.071,0,0,0.29,10
32,2025-07-11,0.0328,44.47,predicted,44.47,44.14,43.07,42.08,41.7,41.28,46.15,normal,drought,False,0.704,0.227,0.069,0,0,0.29,10
32,2025-07-12,0.0328,44.47,predicted,44.47,44.14,43.11,42.17,41.8,46.15,40.63,normal,drought,False,0.704,0.228,0.068,0,0,0.29,10
32,2025-07-13,0.0328,44.49,predicted,44.49,44.18,43.15,42.23,46.15,41.45,40.7,normal,drought,False,0.705,0.228,0.067,0,0,0.29,10
32,2025-07-14,0.0327,44.35,predicted,44.35,44.04,43.06,46.15,41.84,41.42,40.74,normal,drought,False,0.706,0.227,0.067,0,0,0.29,10
32,2025-07-15,0.0327,44.35,predicted,44.35,44.05,46.15,42.26,41.89,41.46,40.79,normal,drought,False,0.706,0.226,0.068,0,0,0.29,10
32,2025-07-16,0.0328,44.49,predicted,44.49,46.15,43.22,42.38,42.01,41.58,40.92,normal,drought,False,0.706,0.226,0.067,0,0,0.29,10
32,2025-07-17,0.034,46.15,observed,46.15,44.04,43.04,42.19,41.83,41.45,40.71,normal,drought,False,0.709,0.223,0.068,0,0,0.29,10
32,2025-07-18,0.0318,43.18,predicted,43.18,42.95,42.02,41.26,40.95,40.65,39.95,normal,drought,False,0.709,0.224,0.068,0,0,0.57,6
32,2025-07-19,0.0318,43.21,predicted,43.21,42.99,42.05,41.29,40.98,40.73,39.99,normal,drought,False,0.71,0.223,0.067,0,0,0.57,6
32,2025-07-20,0.0319,43.28,predicted,43.28,43.04,42.08,41.31,40.97,40.67,39.95,normal,drought,False,0.71,0.223,0.068,0,0,0.29,10
32,2025-07-21,0.0319,43.28,predicted,43.28,43.07,42.12,41.38,41.05,40.77,40.04,normal,drought,False,0.712,0.22,0.068,0,0,0.29,10
32,2025-07-22,0.032,43.36,predicted,43.36,43.16,42.24,41.53,41.21,40.93,40.22,normal,drought,False,0.716,0.217,0.067,0,0,0.29,10
32,2025-07-23,0.032,43.46,predicted,43.46,43.26,42.34,41.64,41.32,41.04,44.14,normal,drought,False,0.719,0.214,0.067,0,0,0.29,10
32,2025-07-24,0.0321,43.5,predicted,43.5,43.3,42.38,41.66,41.34,44.14,40.35,normal,drought,False,0.72,0.212,0.068,0,0,0.29,10
32,2025-07-25,0.032,43.45,predicted,43.45,43.24,42.32,41.62,44.14,40.98,40.31,normal,drought,False,0.718,0.212,0.071,0,0,0.29,10
32,2025-07-26,0.032,43.48,predicted,43.48,43.26,42.33,44.14,41.29,40.95,40.29,normal,drought,False,0.717,0.211,0.072,0,0,0.29,10
32,2025-07-27,0.032,43.4,predicted,43.4,43.18,44.14,41.48,41.15,40.82,40.13,normal,drought,False,0.715,0.211,0.074,0,0,0.29,10
32,2025-07-28,0.0321,43.58,predicted,43.58,44.14,42.4,41.63,41.3,40.94,40.28,normal,drought,False,0.713,0.213,0.074,0,0,0.29,10
32,2025-07-29,0.0325,44.14,observed,44.14,43.3,42.33,41.52,41.18,40.78,40.14,normal,drought,False,0.712,0.214,0.074,0,0,0.29,10
32,2025-07-30,0.0308,41.8,predicted,41.8,41.56,40.67,39.91,39.64,39.3,38.73,normal,drought,False,0.709,0.217,0.074,0,0,0.57,6
32,2025-07-31,0.0306,41.52,predicted,41.52,41.26,40.34,39.53,39.25,38.9,38.32,normal,drought,False,0.707,0.221,0.073,0,0,0.57,6
32,2025-08-01,0.0305,41.39,predicted,41.39,41.09,40.06,39.15,38.85,38.46,37.8,normal,drought,False,0.706,0.221,0.073,0,0,0.29,10
32,2025-08-02,0.0304,41.26,predicted,41.26,41.0,39.92,39.01,38.72,38.43,37.64,normal,drought,False,0.706,0.22,0.074,0,0,0.29,10
32,2025-08-03,0.0305,41.39,predicted,41.39,41.18,40.13,39.3,39.03,38.81,37.96,normal,drought,False,0.706,0.22,0.074,0,0,0.29,10
32,2025-08-04,0.0305,41.35,predicted,41.35,41.2,40.18,39.44,39.19,39.06,29.11,normal,drought,False,0.707,0.218,0.075,0,0,0.29,10
32,2025-08-05,0.0309,41.9,predicted,41.9,41.82,40.86,40.28,40.03,29.11,39.08,normal,drought,False,0.71,0.214,0.077,0,0,0.29,10
32,2025-08-06,0.0312,42.29,predicted,42.29,42.21,41.3,40.73,29.11,40.39,39.57,normal,drought,False,0.709,0.213,0.078,0,0,0.29,10
32,2025-08-07,0.0313,42.46,predicted,42.46,42.35,41.48,29.11,40.6,40.44,39.72,normal,drought,False,0.708,0.214,0.078,0,0,0.29,10
32,2025-08-08,0.0311,42.25,predicted,42.25,42.09,29.11,40.6,40.31,40.06,39.44,normal,drought,False,0.708,0.214,0.078,0,0,0.29,10
32,2025-08-09,0.031,42.13,predicted,42.13,29.11,41.06,40.38,40.08,39.8,39.17,normal,drought,False,0.709,0.213,0.078,0,0,0.29,10
32,2025-08-10,0.0215,29.11,observed,29.11,41.56,40.64,39.9,39.61,39.31,38.68,normal,drought,False,0.712,0.212,0.076,0,0,0.29,10
32,2025-08-11,0.0198,26.86,predicted,26.86,27.09,26.99,27.16,27.47,27.72,27.84,normal,drought,False,0.714,0.212,0.074,0,0,0.57,6
32,2025-08-12,0.0188,25.45,predicted,25.45,25.71,25.65,25.88,26.23,26.49,26.68,normal,drought,False,0.716,0.21,0.074,0,0,0.57,6
32,2025-08-13,0.0192,26.04,predicted,26.04,26.04,25.45,25.13,25.27,25.29,25.16,normal,drought,False,0.716,0.209,0.075,0,0,0.29,10
32,2025-08-14,0.0193,26.19,predicted,26.19,26.2,25.57,25.23,25.38,25.4,25.22,normal,drought,False,0.713,0.21,0.078,0,0,0.29,10
32,2025-08-15,0.0194,26.29,predicted,26.29,26.31,25.71,25.38,25.53,25.57,25.4,normal,drought,False,0.708,0.211,0.08,0,0,0.29,10
32,2025-08-16,0.0194,26.27,predicted,26.27,26.27,25.65,25.31,25.45,25.46,5.48,normal,drought,False,0.705,0.213,0.082,1,0,0.29,10
32,2025-08-17,0.0195,26.48,predicted,26.48,26.45,25.79,25.39,25.51,5.48,25.29,normal,drought,False,0.7,0.216,0.084,1,0,0.29,10
32,2025-08-18,0.0195,26.53,predicted,26.53,26.51,25.85,25.46,5.48,25.6,25.36,normal,drought,False,0.701,0.217,0.083,1,0,0.29,10
32,2025-08-19,0.0193,26.21,predicted,26.21,26.18,25.56,5.48,25.31,25.29,25.14,normal,drought,False,0.708,0.214,0.078,1,0,0.29,10
32,2025-08-20,0.0193,26.18,predicted,26.18,26.13,5.48,25.16,25.26,25.21,25.16,normal,drought,False,0.71,0.213,0.077,1,0,0.29,10
32,2025-08-21,0.0194,26.38,predicted,26.38,5.48,25.64,25.15,25.24,25.15,25.05,normal,drought,False,0.708,0.214,0.078,1,0,0.29,10
32,2025-08-22,0.004,5.48,observed,5.48,26.48,25.76,25.21,25.3,25.23,25.03,drought,drought,True,0.705,0.218,0.077,1,0,0.29,10
32,2025-08-23,0.0054,7.4,predicted,7.4,7.96,9.14,9.83,10.32,11.01,12.26,drought,drought,True,0.706,0.218,0.076,7,0,0.57,6
32,2025-08-24,0.0042,5.74,predicted,5.74,6.27,7.54,8.22,8.68,9.34,10.63,drought,drought,True,0.706,0.218,0.076,7,0,0.57,6
32,2025-08-25,0.0036,4.91,predicted,4.91,4.83,4.76,4.0,4.25,4.76,5.04,drought,drought,True,0.705,0.219,0.076,7,0,0.29,10
32,2025-08-26,0.0036,4.93,predicted,4.93,4.85,4.76,4.01,4.27,4.77,5.03,drought,drought,True,0.704,0.22,0.075,7,0,0.29,10
32,2025-08-27,0.0035,4.78,predicted,4.78,4.7,4.63,3.88,4.13,4.64,4.91,drought,drought,True,0.706,0.219,0.075,7,0,0.29,10
32,2025-08-28,0.0035,4.72,predicted,4.72,4.63,4.57,3.8,4.04,4.56,2.69,drought,drought,True,0.707,0.218,0.075,7,0,0.29,10
32,2025-08-29,0.0034,4.64,predicted,4.64,4.56,4.49,3.75,4.02,2.69,4.79,drought,drought,True,0.708,0.216,0.075,7,0,0.29,10
32,2025-08-30,0.0035,4.78,predicted,4.78,4.7,4.62,3.85,2.69,4.62,4.9,drought,drought,True,0.71,0.216,0.075,7,0,0.29,10
32,2025-08-31,0.0034,4.65,predicted,4.65,4.58,4.48,2.69,4.06,4.54,4.8,drought,drought,True,0.709,0.215,0.075,7,0,0.29,10
