tank_id,date,status,storage,storage_pct,storage_source,t+1,t+2,t+3,t+4,t+5,t+6,t+7,primary_risk,classifier_risk,agreement,prob_drought,prob_normal,prob_overflow,drought_duration_days,overflow_duration_days,confidence,days_gap,rejection_reason
1,2026-03-25,ok,0.0155,58.32,predicted,58.32,55.02,57.93,57.68,57.49,57.29,57.18,overflow,drought,False,0.527,0.163,0.31,0.0,7.0,0.29,10.0,
1,2026-03-26,ok,0.0146,55.02,observed,55.02,58.19,57.95,57.71,57.53,57.34,57.24,overflow,drought,False,0.569,0.123,0.308,0.0,7.0,0.29,10.0,
1,2026-03-27,ok,0.0147,55.26,predicted,55.26,55.03,54.73,54.45,54.21,54.01,53.94,overflow,drought,False,0.617,0.097,0.285,0.0,7.0,0.57,6.0,
1,2026-03-28,ok,0.0146,55.05,predicted,55.05,54.84,54.55,54.29,54.06,53.87,53.82,overflow,drought,False,0.636,0.096,0.268,0.0,7.0,0.57,6.0,
1,2026-03-29,ok,0.0147,55.54,predicted,55.54,55.44,55.23,55.01,54.82,54.62,54.56,overflow,drought,False,0.612,0.11,0.278,0.0,7.0,0.29,10.0,
1,2026-03-30,ok,0.0147,55.57,predicted,55.57,55.48,55.28,55.08,54.9,54.72,54.67,overflow,drought,False,0.596,0.123,0.281,0.0,7.0,0.29,10.0,
1,2026-03-31,ok,0.0147,55.58,predicted,55.58,55.49,55.29,55.08,54.9,54.71,54.65,overflow,drought,False,0.596,0.127,0.277,0.0,7.0,0.29,10.0,
1,2026-04-01,ok,0.0147,55.57,predicted,55.57,55.46,55.23,55.0,54.8,54.6,49.65,overflow,drought,False,0.605,0.113,0.282,0.0,7.0,0.29,10.0,
1,2026-04-02,ok,0.0147,55.59,predicted,55.59,55.49,55.27,55.05,54.86,49.65,54.6,overflow,drought,False,0.609,0.093,0.298,0.0,7.0,0.29,10.0,
1,2026-04-03,ok,0.0148,55.65,predicted,55.65,55.61,55.49,55.34,49.65,55.05,55.06,overflow,drought,False,0.592,0.11,0.298,0.0,7.0,0.29,10.0,
1,2026-04-04,ok,0.0147,55.44,predicted,55.44,55.42,55.33,49.65,55.1,54.96,55.01,overflow,drought,False,0.572,0.119,0.308,0.0,7.0,0.29,10.0,
1,2026-04-05,ok,0.0147,55.44,predicted,55.44,55.56,49.65,55.63,55.67,55.64,55.76,overflow,drought,False,0.547,0.131,0.322,0.0,7.0,0.29,10.0,
1,2026-04-06,ok,0.0147,55.46,predicted,55.46,49.65,55.41,55.32,55.24,55.14,55.16,overflow,drought,False,0.523,0.145,0.332,0.0,7.0,0.29,10.0,
1,2026-04-07,ok,0.0132,49.65,observed,49.65,55.5,55.36,55.19,55.04,54.87,54.85,overflow,drought,False,0.487,0.165,0.348,0.0,7.0,0.29,10.0,
1,2026-04-08,ok,0.0131,49.38,predicted,49.38,49.05,48.66,48.3,47.94,47.67,47.61,overflow,drought,False,0.42,0.195,0.385,0.0,7.0,0.57,6.0,
1,2026-04-09,ok,0.013,49.03,predicted,49.03,48.73,48.37,48.04,47.71,47.45,47.41,overflow,drought,False,0.463,0.252,0.285,0.0,7.0,0.57,6.0,
1,2026-04-10,ok,0.0133,50.1,predicted,50.1,50.04,49.86,49.65,49.43,49.19,49.16,overflow,drought,False,0.546,0.279,0.176,0.0,7.0,0.29,10.0,
1,2026-04-11,ok,0.0133,50.01,predicted,50.01,49.86,49.58,49.3,48.99,48.69,48.6,overflow,drought,False,0.577,0.302,0.121,0.0,7.0,0.29,10.0,
1,2026-04-12,ok,0.0133,50.1,predicted,50.1,50.03,49.84,49.63,49.4,49.16,49.13,overflow,drought,False,0.583,0.321,0.096,0.0,7.0,0.29,10.0,
1,2026-04-13,ok,0.0133,50.08,predicted,50.08,50.02,49.85,49.65,49.44,49.21,48.52,overflow,drought,False,0.594,0.316,0.09,0.0,7.0,0.29,10.0,
1,2026-04-14,ok,0.0133,50.03,predicted,50.03,50.04,49.98,49.88,49.75,48.52,49.67,overflow,drought,False,0.588,0.303,0.109,0.0,7.0,0.29,10.0,
1,2026-04-15,ok,0.0132,49.93,predicted,49.93,50.0,50.0,49.97,48.52,49.8,49.92,overflow,drought,False,0.599,0.299,0.103,0.0,7.0,0.29,10.0,
1,2026-04-16,ok,0.0133,50.02,predicted,50.02,50.14,50.17,48.52,50.13,50.05,50.17,overflow,drought,False,0.615,0.297,0.088,0.0,7.0,0.29,10.0,
1,2026-04-17,ok,0.0133,50.03,predicted,50.03,50.02,48.52,49.73,49.55,49.35,49.36,overflow,drought,False,0.587,0.338,0.075,0.0,7.0,0.29,10.0,
1,2026-04-18,ok,0.0133,50.03,predicted,50.03,48.52,49.66,49.4,49.11,48.83,48.76,overflow,drought,False,0.566,0.376,0.058,0.0,7.0,0.29,10.0,
1,2026-04-19,ok,0.0129,48.52,observed,48.52,49.98,49.72,49.44,49.15,48.87,48.79,overflow,drought,False,0.534,0.409,0.057,0.0,7.0,0.29,10.0,
1,2026-04-20,ok,0.0129,48.8,predicted,48.8,48.59,48.26,47.93,47.58,47.26,47.16,overflow,drought,False,0.51,0.435,0.055,0.0,7.0,0.57,6.0,
1,2026-04-21,ok,0.0129,48.76,predicted,48.76,48.66,48.5,48.31,48.09,47.88,47.9,overflow,drought,False,0.547,0.379,0.074,0.0,7.0,0.57,6.0,
1,2026-04-22,ok,0.0129,48.82,predicted,48.82,48.86,48.82,48.75,48.64,48.5,48.58,overflow,drought,False,0.573,0.352,0.075,0.0,7.0,0.29,10.0,
1,2026-04-23,ok,0.013,48.89,predicted,48.89,49.0,49.04,49.04,48.99,48.91,49.03,overflow,drought,False,0.571,0.341,0.088,0.0,7.0,0.29,10.0,
1,2026-04-24,ok,0.013,48.87,predicted,48.87,48.92,48.89,48.82,48.7,48.56,48.65,overflow,drought,False,0.555,0.341,0.103,0.0,7.0,0.29,10.0,
1,2026-04-25,ok,0.0129,48.8,predicted,48.8,48.79,48.69,48.56,48.38,48.19,53.48,overflow,drought,False,0.542,0.347,0.111,0.0,7.0,0.29,10.0,
1,2026-04-26,ok,0.0129,48.78,predicted,48.78,48.73,48.56,48.38,48.15,53.48,47.92,overflow,drought,False,0.509,0.397,0.094,0.0,7.0,0.29,10.0,
1,2026-04-27,ok,0.013,48.9,predicted,48.9,48.86,48.7,48.52,53.48,48.07,48.06,overflow,drought,False,0.484,0.436,0.079,0.0,7.0,0.29,10.0,
1,2026-04-28,ok,0.013,48.95,predicted,48.95,48.92,48.8,53.48,48.43,48.21,48.23,overflow,drought,False,0.537,0.386,0.078,0.0,7.0,0.29,10.0,
1,2026-04-29,ok,0.0129,48.73,predicted,48.73,48.65,53.48,48.26,48.02,47.77,47.77,overflow,drought,False,0.567,0.359,0.074,0.0,7.0,0.29,10.0,
1,2026-04-30,ok,0.0129,48.79,predicted,48.79,53.48,48.91,48.9,48.84,48.75,48.88,overflow,drought,False,0.576,0.336,0.088,0.0,7.0,0.29,10.0,
1,2026-05-01,ok,0.0142,53.48,observed,53.48,49.06,49.2,49.29,49.32,49.3,49.48,overflow,drought,False,0.562,0.336,0.103,0.0,7.0,0.29,10.0,
1,2026-05-02,ok,0.0144,54.34,predicted,54.34,54.65,54.79,54.86,54.89,54.81,54.88,overflow,drought,False,0.543,0.355,0.103,0.0,7.0,0.57,6.0,
1,2026-05-03,ok,0.0145,54.79,predicted,54.79,54.99,55.01,54.97,54.9,54.74,54.73,overflow,drought,False,0.501,0.396,0.103,0.0,7.0,0.57,6.0,
1,2026-05-04,ok,0.0143,53.93,predicted,53.93,53.84,53.63,53.41,53.19,52.97,52.92,overflow,drought,False,0.606,0.301,0.093,0.0,7.0,0.29,10.0,
1,2026-05-05,ok,0.0143,53.87,predicted,53.87,53.75,53.53,53.29,53.05,52.82,52.76,overflow,drought,False,0.595,0.313,0.092,0.0,7.0,0.29,10.0,
1,2026-05-06,ok,0.0143,53.99,predicted,53.99,54.04,54.02,53.96,53.89,53.78,53.84,overflow,drought,False,0.618,0.285,0.097,0.0,7.0,0.29,10.0,
1,2026-05-07,ok,0.0143,53.84,predicted,53.84,53.85,53.78,53.69,53.59,53.47,57.36,overflow,drought,False,0.621,0.28,0.099,0.0,7.0,0.29,10.0,
1,2026-05-08,ok,0.0143,53.93,predicted,53.93,54.03,54.07,54.06,54.05,57.36,54.09,overflow,drought,False,0.631,0.274,0.095,0.0,7.0,0.29,10.0,
1,2026-05-09,ok,0.0143,53.89,predicted,53.89,53.98,54.0,53.98,57.36,53.87,53.97,overflow,drought,False,0.61,0.282,0.109,0.0,7.0,0.29,10.0,
1,2026-05-10,ok,0.0143,53.88,predicted,53.88,54.01,54.09,57.36,54.1,54.06,54.18,overflow,drought,False,0.607,0.285,0.108,0.0,7.0,0.29,10.0,
1,2026-05-11,ok,0.0143,53.9,predicted,53.9,54.17,57.36,54.63,54.77,54.87,55.11,overflow,drought,False,0.546,0.306,0.148,0.0,7.0,0.29,10.0,
1,2026-05-12,ok,0.0143,53.95,predicted,53.95,57.36,55.11,55.6,56.01,56.34,56.75,overflow,drought,False,0.543,0.312,0.145,0.0,7.0,0.29,10.0,
1,2026-05-13,ok,0.0152,57.36,observed,57.36,54.39,54.85,55.19,55.47,55.66,55.97,overflow,drought,False,0.534,0.314,0.153,0.0,7.0,0.29,10.0,
1,2026-05-14,ok,0.0155,58.48,predicted,58.48,59.27,60.02,60.59,61.08,61.4,61.76,overflow,drought,False,0.568,0.29,0.142,0.0,7.0,0.57,6.0,
1,2026-05-15,ok,0.0155,58.57,predicted,58.57,58.97,59.29,59.46,59.59,59.6,59.71,overflow,drought,False,0.594,0.274,0.131,0.0,7.0,0.57,6.0,
1,2026-05-16,ok,0.0153,57.77,predicted,57.77,57.75,57.66,57.48,57.32,57.13,57.09,overflow,drought,False,0.612,0.262,0.126,0.0,7.0,0.29,10.0,
1,2026-05-17,ok,0.0153,57.67,predicted,57.67,57.49,57.22,56.9,56.6,56.31,56.16,overflow,drought,False,0.611,0.258,0.132,0.0,7.0,0.29,10.0,
1,2026-05-18,ok,0.0153,57.69,predicted,57.69,57.48,57.16,56.81,56.49,56.19,56.01,overflow,drought,False,0.592,0.262,0.146,0.0,7.0,0.29,10.0,
1,2026-05-19,ok,0.0153,57.81,predicted,57.81,57.61,57.3,56.97,56.67,56.39,56.22,overflow,drought,False,0.579,0.26,0.162,0.0,7.0,0.29,10.0,
1,2026-05-20,ok,0.0153,57.77,predicted,57.77,57.58,57.27,56.96,56.68,56.41,56.25,overflow,drought,False,0.542,0.265,0.193,0.0,7.0,0.29,10.0,
1,2026-05-21,ok,0.0153,57.79,predicted,57.79,57.67,57.45,57.22,57.04,56.84,56.74,overflow,drought,False,0.51,0.271,0.22,0.0,7.0,0.29,10.0,
1,2026-05-22,ok,0.0153,57.81,predicted,57.81,57.7,57.5,57.29,57.12,56.94,56.86,overflow,drought,False,0.462,0.307,0.231,0.0,7.0,0.29,10.0,
1,2026-05-23,ok,0.0154,57.93,predicted,57.93,57.93,57.85,57.75,57.69,57.6,57.6,overflow,drought,False,0.445,0.296,0.259,0.0,7.0,0.29,10.0,
1,2026-05-24,ok,0.0153,57.75,predicted,57.75,57.66,57.48,57.29,57.14,56.98,56.94,overflow,drought,False,0.366,0.301,0.333,0.0,7.0,0.29,10.0,
1,2026-05-25,ok,0.0153,57.81,predicted,57.81,57.8,57.71,57.61,57.55,57.46,57.47,overflow,drought,False,0.471,0.303,0.226,0.0,7.0,0.29,10.0,
1,2026-05-26,ok,0.0153,57.81,predicted,57.81,57.8,57.72,57.62,57.56,57.47,57.47,overflow,drought,False,0.501,0.301,0.197,0.0,7.0,0.29,10.0,
1,2026-05-27,ok,0.0153,57.86,predicted,57.86,57.83,57.73,57.61,57.53,57.42,57.41,overflow,drought,False,0.498,0.305,0.197,0.0,7.0,0.29,10.0,
1,2026-05-28,rejected,,,,,,,,,,,,,,,,,,,,,no storage data available for this tank
1,2026-05-29,rejected,,,,,,,,,,,,,,,,,,,,,no storage data available for this tank
1,2026-05-30,rejected,,,,,,,,,,,,,,,,,,,,,no storage data available for this tank
1,2026-05-31,rejected,,,,,,,,,,,,,,,,,,,,,no storage data available for this tank
1,2026-06-01,rejected,,,,,,,,,,,,,,,,,,,,,no storage data available for this tank
1,2026-06-02,rejected,,,,,,,,,,,,,,,,,,,,,no storage data available for this tank
1,2026-06-03,rejected,,,,,,,,,,,,,,,,,,,,,no storage data available for this tank
1,2026-06-04,rejected,,,,,,,,,,,,,,,,,,,,,no storage data available for this tank
1,2026-06-05,rejected,,,,,,,,,,,,,,,,,,,,,no storage data available for this tank
1,2026-06-06,rejected,,,,,,,,,,,,,,,,,,,,,no storage data available for this tank
1,2026-06-07,ok,0.0104,39.12,predicted,39.12,39.16,39.14,39.09,38.98,38.87,38.92,normal,drought,False,0.651,0.235,0.114,0.0,0.0,0.29,10.0,
1,2026-06-08,ok,0.0104,39.04,predicted,39.04,39.03,38.96,38.85,38.68,38.52,38.56,normal,drought,False,0.657,0.228,0.115,0.0,0.0,0.29,10.0,
1,2026-06-09,ok,0.0103,38.97,predicted,38.97,38.96,38.88,38.78,38.61,38.46,38.5,normal,drought,False,0.655,0.227,0.118,0.0,0.0,0.29,10.0,
1,2026-06-10,ok,0.0103,39.02,predicted,39.02,39.07,39.05,39.0,38.9,38.79,38.86,normal,drought,False,0.645,0.238,0.117,0.0,0.0,0.29,10.0,
1,2026-06-11,ok,0.0104,39.09,predicted,39.09,39.15,39.14,39.09,39.0,38.88,38.95,normal,drought,False,0.642,0.247,0.111,0.0,0.0,0.29,10.0,
1,2026-06-12,ok,0.0104,39.04,predicted,39.04,39.04,38.99,38.9,38.75,38.6,14.59,normal,drought,False,0.652,0.236,0.112,0.0,0.0,0.29,10.0,
1,2026-06-13,ok,0.0103,38.94,predicted,38.94,39.1,39.29,39.41,39.43,14.59,39.66,normal,drought,False,0.628,0.23,0.142,0.0,0.0,0.29,10.0,
1,2026-06-14,ok,0.0103,38.96,predicted,38.96,39.29,39.59,39.85,14.59,40.14,40.4,normal,drought,False,0.643,0.237,0.12,0.0,0.0,0.29,10.0,
1,2026-06-15,ok,0.0104,39.03,predicted,39.03,39.23,39.35,14.59,39.44,39.42,39.56,normal,drought,False,0.619,0.254,0.127,0.0,0.0,0.29,10.0,
1,2026-06-16,ok,0.0104,39.04,predicted,39.04,39.08,14.59,38.95,38.79,38.63,38.66,normal,drought,False,0.6,0.265,0.135,0.0,0.0,0.29,10.0,
1,2026-06-17,ok,0.0103,39.0,predicted,39.0,14.59,38.79,38.61,38.37,38.13,38.09,normal,drought,False,0.579,0.281,0.14,0.0,0.0,0.29,10.0,
1,2026-06-18,ok,0.0039,14.59,observed,14.59,39.0,38.86,38.69,38.47,38.25,38.22,normal,drought,False,0.564,0.282,0.154,0.0,0.0,0.29,10.0,
1,2026-06-19,ok,0.0035,13.06,predicted,13.06,11.68,10.53,9.54,8.79,8.33,17.32,normal,drought,False,0.593,0.261,0.146,5.0,0.0,0.57,6.0,
1,2026-06-20,ok,0.0029,10.95,predicted,10.95,9.58,8.46,7.51,6.81,17.32,6.17,drought,drought,True,0.59,0.26,0.151,6.0,0.0,0.57,6.0,
1,2026-06-21,ok,0.0039,14.58,predicted,14.58,14.52,14.49,14.49,17.32,14.73,14.74,normal,drought,False,0.565,0.268,0.167,0.0,0.0,0.29,10.0,
1,2026-06-22,ok,0.0039,14.61,predicted,14.61,14.58,14.6,17.32,14.81,14.96,15.0,normal,drought,False,0.576,0.26,0.165,0.0,0.0,0.29,10.0,
1,2026-06-23,ok,0.0039,14.62,predicted,14.62,14.66,17.32,14.86,15.07,15.3,15.39,normal,drought,False,0.613,0.244,0.143,0.0,0.0,0.29,10.0,
1,2026-06-24,ok,0.0038,14.46,predicted,14.46,17.32,14.38,14.4,14.53,14.66,14.71,normal,drought,False,0.601,0.251,0.149,0.0,0.0,0.29,10.0,
1,2026-06-25,ok,0.0046,17.32,observed,17.32,14.47,14.56,14.66,14.89,15.09,15.2,normal,drought,False,0.538,0.285,0.177,0.0,0.0,0.29,10.0,
1,2026-06-26,ok,0.0047,17.85,predicted,17.85,18.24,18.6,18.93,19.33,19.64,19.75,normal,drought,False,0.532,0.306,0.162,0.0,0.0,0.57,6.0,
1,2026-06-27,ok,0.0049,18.32,predicted,18.32,18.64,18.92,19.18,19.5,19.75,19.8,normal,drought,False,0.544,0.297,0.159,0.0,0.0,0.57,6.0,
1,2026-06-28,ok,0.005,18.7,predicted,18.7,18.9,19.05,19.17,19.37,19.52,19.49,normal,drought,False,0.582,0.284,0.133,0.0,0.0,0.57,6.0,
1,2026-06-29,ok,0.0051,19.1,predicted,19.1,19.32,19.48,19.63,19.85,20.02,20.0,normal,drought,False,0.595,0.279,0.127,0.0,0.0,0.57,6.0,
1,2026-06-30,ok,0.0052,19.47,predicted,19.47,19.68,19.85,20.0,20.21,20.37,20.36,normal,drought,False,0.602,0.271,0.127,0.0,0.0,0.57,6.0,
1,2026-07-01,ok,0.0053,19.86,predicted,19.86,20.04,20.2,20.3,20.49,20.62,4.33,normal,drought,False,0.563,0.243,0.194,1.0,0.0,0.57,6.0,
1,2026-07-02,ok,0.0054,20.4,predicted,20.4,20.66,20.89,21.06,21.31,4.33,21.46,normal,drought,False,0.543,0.208,0.249,1.0,0.0,0.57,6.0,
1,2026-07-03,ok,0.0047,17.68,predicted,17.68,17.5,17.36,17.17,4.33,17.07,16.95,normal,drought,False,0.482,0.168,0.35,1.0,0.0,0.29,10.0,
1,2026-07-04,ok,0.0047,17.85,predicted,17.85,17.77,17.71,4.33,17.74,17.79,17.73,normal,drought,False,0.506,0.17,0.324,1.0,0.0,0.29,10.0,
1,2026-07-05,ok,0.0047,17.62,predicted,17.62,17.33,4.33,16.81,16.67,16.58,16.42,normal,drought,False,0.513,0.166,0.321,1.0,0.0,0.29,10.0,
1,2026-07-06,ok,0.0046,17.45,predicted,17.45,4.33,16.99,16.79,16.71,16.68,16.57,normal,drought,False,0.507,0.151,0.342,1.0,0.0,0.29,10.0,
1,2026-07-07,ok,0.0011,4.33,observed,4.33,17.41,17.39,17.36,17.46,17.56,17.56,drought,drought,True,0.541,0.127,0.332,1.0,0.0,0.29,10.0,
1,2026-07-08,ok,0.0008,3.12,predicted,3.12,2.42,1.99,1.56,1.51,1.31,1.46,drought,drought,True,0.564,0.115,0.321,7.0,0.0,0.57,6.0,
1,2026-07-09,ok,0.0006,2.3,predicted,2.3,1.59,1.13,0.67,0.6,0.35,0.48,drought,drought,True,0.572,0.121,0.306,7.0,0.0,0.57,6.0,
1,2026-07-10,ok,0.001,3.64,predicted,3.64,3.58,3.65,3.63,3.78,3.82,3.95,drought,drought,True,0.569,0.139,0.292,7.0,0.0,0.29,10.0,
1,2026-07-11,ok,0.001,3.65,predicted,3.65,3.57,3.61,3.59,3.72,3.77,3.9,drought,drought,True,0.57,0.138,0.292,7.0,0.0,0.29,10.0,
1,2026-07-12,ok,0.0009,3.56,predicted,3.56,3.48,3.53,3.51,3.64,3.7,3.84,drought,drought,True,0.561,0.138,0.3,7.0,0.0,0.29,10.0,
1,2026-07-13,ok,0.0009,3.52,predicted,3.52,3.48,3.57,3.58,3.76,3.84,7.82,drought,drought,True,0.555,0.135,0.309,7.0,0.0,0.29,10.0,
1,2026-07-14,ok,0.0009,3.56,predicted,3.56,3.57,3.71,3.79,4.02,7.82,4.36,drought,drought,True,0.511,0.147,0.342,7.0,0.0,0.29,10.0,
1,2026-07-15,ok,0.0009,3.56,predicted,3.56,3.54,3.64,3.7,7.82,4.01,4.2,drought,drought,True,0.523,0.164,0.312,7.0,0.0,0.29,10.0,
1,2026-07-16,ok,0.0009,3.52,predicted,3.52,3.53,3.64,7.82,3.94,4.09,4.29,drought,drought,True,0.475,0.176,0.348,7.0,0.0,0.29,10.0,
1,2026-07-17,ok,0.0009,3.47,predicted,3.47,3.48,7.82,3.69,3.92,4.07,4.29,drought,drought,True,0.653,0.14,0.207,7.0,0.0,0.29,10.0,
1,2026-07-18,ok,0.0009,3.4,predicted,3.4,7.82,3.59,3.68,3.94,4.07,4.31,drought,drought,True,0.658,0.122,0.221,7.0,0.0,0.29,10.0,
1,2026-07-19,ok,0.0021,7.82,observed,7.82,3.6,3.85,4.05,4.39,4.61,4.9,drought,drought,True,0.589,0.143,0.268,7.0,0.0,0.29,10.0,
1,2026-07-20,ok,0.002,7.64,predicted,7.64,7.76,7.96,8.08,8.31,8.48,8.57,drought,drought,True,0.539,0.159,0.301,7.0,0.0,0.57,6.0,
1,2026-07-21,ok,0.0021,7.94,predicted,7.94,8.06,8.25,8.35,8.58,8.75,8.82,drought,drought,True,0.56,0.178,0.262,7.0,0.0,0.57,6.0,
1,2026-07-22,ok,0.0019,7.21,predicted,7.21,7.14,7.19,7.17,7.35,7.43,7.55,drought,drought,True,0.631,0.169,0.2,7.0,0.0,0.29,10.0,
1,2026-07-23,ok,0.0019,7.25,predicted,7.25,7.17,7.22,7.2,7.37,7.45,7.56,drought,drought,True,0.651,0.165,0.184,7.0,0.0,0.29,10.0,
1,2026-07-24,ok,0.0019,7.26,predicted,7.26,7.11,7.1,7.0,7.11,7.12,7.19,drought,drought,True,0.602,0.162,0.237,7.0,0.0,0.29,10.0,
1,2026-07-25,ok,0.0019,7.25,predicted,7.25,7.09,7.07,6.95,7.05,7.05,7.1,drought,drought,True,0.495,0.151,0.354,7.0,0.0,0.29,10.0,
1,2026-07-26,ok,0.0019,7.27,predicted,7.27,7.11,7.1,6.98,7.09,7.08,7.13,drought,overflow,False,0.399,0.14,0.46,7.0,0.0,0.29,10.0,
2,2026-03-25,ok,0.0018,15.02,predicted,15.02,4.61,14.65,14.47,14.46,14.4,14.3,drought,drought,True,0.74,0.174,0.087,7.0,0.0,0.29,10.0,
2,2026-03-26,ok,0.0006,4.61,observed,4.61,14.78,14.58,14.39,14.35,14.3,14.18,drought,drought,True,0.753,0.137,0.11,7.0,0.0,0.29,10.0,
2,2026-03-27,ok,0.0004,3.65,predicted,3.65,2.95,2.46,1.99,1.84,1.59,1.65,drought,drought,True,0.751,0.114,0.135,7.0,0.0,0.57,6.0,
2,2026-03-28,ok,0.0003,2.81,predicted,2.81,2.18,1.79,1.39,1.32,1.12,1.26,drought,drought,True,0.739,0.114,0.147,7.0,0.0,0.57,6.0,
2,2026-03-29,ok,0.0005,3.9,predicted,3.9,3.81,3.87,3.83,3.95,3.99,4.11,drought,drought,True,0.712,0.129,0.16,7.0,0.0,0.29,10.0,
2,2026-03-30,ok,0.0005,3.93,predicted,3.93,3.84,3.89,3.84,3.96,4.0,4.12,drought,drought,True,0.704,0.142,0.154,7.0,0.0,0.29,10.0,
2,2026-03-31,ok,0.0005,3.95,predicted,3.95,3.85,3.89,3.85,3.96,4.0,4.12,drought,drought,True,0.717,0.143,0.139,7.0,0.0,0.29,10.0,
2,2026-04-01,ok,0.0005,3.91,predicted,3.91,3.81,3.85,3.81,3.93,3.97,7.88,drought,drought,True,0.737,0.129,0.134,7.0,0.0,0.29,10.0,
2,2026-04-02,ok,0.0005,3.87,predicted,3.87,3.81,3.9,3.9,4.08,7.88,4.32,drought,drought,True,0.738,0.111,0.151,7.0,0.0,0.29,10.0,
2,2026-04-03,ok,0.0005,3.91,predicted,3.91,4.07,4.34,4.63,7.88,5.35,5.66,drought,drought,True,0.681,0.135,0.184,7.0,0.0,0.29,10.0,
2,2026-04-04,ok,0.0005,3.73,predicted,3.73,3.87,4.11,7.88,4.77,5.19,5.53,drought,drought,True,0.666,0.14,0.194,7.0,0.0,0.29,10.0,
2,2026-04-05,ok,0.0004,3.4,predicted,3.4,3.64,7.88,4.42,4.86,5.31,5.75,drought,drought,True,0.646,0.153,0.202,7.0,0.0,0.29,10.0,
2,2026-04-06,ok,0.0004,3.4,predicted,3.4,7.88,3.97,4.25,4.68,4.98,5.38,drought,drought,True,0.649,0.168,0.184,7.0,0.0,0.29,10.0,
2,2026-04-07,ok,0.001,7.88,observed,7.88,3.95,4.33,4.69,5.17,5.52,5.91,drought,drought,True,0.625,0.188,0.187,7.0,0.0,0.29,10.0,
2,2026-04-08,ok,0.0009,7.59,predicted,7.59,7.71,7.94,8.04,8.27,8.43,8.53,drought,drought,True,0.618,0.22,0.162,7.0,0.0,0.57,6.0,
2,2026-04-09,ok,0.001,8.0,predicted,8.0,8.06,8.21,8.23,8.41,8.5,8.53,drought,drought,True,0.672,0.24,0.089,7.0,0.0,0.57,6.0,
2,2026-04-10,ok,0.0009,7.5,predicted,7.5,7.37,7.35,7.26,7.36,7.37,7.42,drought,drought,True,0.702,0.243,0.055,7.0,0.0,0.29,10.0,
2,2026-04-11,ok,0.0009,7.51,predicted,7.51,7.2,7.02,6.73,6.66,6.52,6.45,drought,drought,True,0.71,0.247,0.044,7.0,0.0,0.29,10.0,
2,2026-04-12,ok,0.0009,7.53,predicted,7.53,7.32,7.24,7.07,7.11,7.07,7.07,drought,drought,True,0.714,0.243,0.043,7.0,0.0,0.29,10.0,
2,2026-04-13,ok,0.0009,7.56,predicted,7.56,7.41,7.37,7.3,7.4,7.46,3.32,drought,drought,True,0.731,0.222,0.047,7.0,0.0,0.29,10.0,
2,2026-04-14,ok,0.0009,7.46,predicted,7.46,7.45,7.54,7.69,7.92,3.32,8.38,drought,drought,True,0.731,0.211,0.058,7.0,0.0,0.29,10.0,
2,2026-04-15,ok,0.0009,7.16,predicted,7.16,7.18,7.31,7.5,3.32,8.08,8.32,drought,drought,True,0.74,0.216,0.043,7.0,0.0,0.29,10.0,
2,2026-04-16,ok,0.0008,6.93,predicted,6.93,7.07,7.39,3.32,8.05,8.41,8.74,drought,drought,True,0.717,0.249,0.033,7.0,0.0,0.29,10.0,
2,2026-04-17,ok,0.0009,7.05,predicted,7.05,7.15,3.32,7.62,7.98,8.23,8.51,drought,drought,True,0.702,0.271,0.027,7.0,0.0,0.29,10.0,
2,2026-04-18,ok,0.0009,7.28,predicted,7.28,3.32,7.24,7.16,7.31,7.33,7.43,drought,drought,True,0.685,0.295,0.02,7.0,0.0,0.29,10.0,
2,2026-04-19,ok,0.0004,3.32,observed,3.32,7.33,7.32,7.18,7.27,7.23,7.27,drought,drought,True,0.667,0.314,0.019,7.0,0.0,0.29,10.0,
2,2026-04-20,ok,0.0003,2.77,predicted,2.77,2.29,2.04,1.67,1.6,1.36,1.41,drought,drought,True,0.649,0.333,0.019,7.0,0.0,0.57,6.0,
2,2026-04-21,ok,0.0003,2.27,predicted,2.27,2.01,1.92,1.9,2.06,2.17,2.4,drought,drought,True,0.673,0.299,0.029,7.0,0.0,0.57,6.0,
2,2026-04-22,ok,0.0003,2.53,predicted,2.53,2.45,2.51,2.57,2.7,2.87,3.06,drought,drought,True,0.7,0.272,0.028,7.0,0.0,0.29,10.0,
2,2026-04-23,ok,0.0003,2.26,predicted,2.26,2.41,2.73,3.02,3.4,3.75,4.12,drought,drought,True,0.701,0.267,0.032,7.0,0.0,0.29,10.0,
2,2026-04-24,ok,0.0003,2.28,predicted,2.28,2.52,2.91,3.29,3.74,4.13,4.55,drought,drought,True,0.684,0.276,0.04,7.0,0.0,0.29,10.0,
2,2026-04-25,ok,0.0003,2.32,predicted,2.32,2.51,2.86,3.14,3.52,3.84,1.06,drought,drought,True,0.668,0.288,0.044,7.0,0.0,0.29,10.0,
2,2026-04-26,ok,0.0003,2.43,predicted,2.43,2.44,2.64,2.7,2.92,1.06,3.25,drought,drought,True,0.651,0.315,0.034,7.0,0.0,0.29,10.0,
2,2026-04-27,ok,0.0003,2.62,predicted,2.62,2.62,2.8,2.83,1.06,3.1,3.31,drought,drought,True,0.625,0.343,0.031,7.0,0.0,0.29,10.0,
2,2026-04-28,ok,0.0003,2.8,predicted,2.8,2.85,3.02,1.06,3.38,3.55,3.78,drought,drought,True,0.647,0.318,0.036,7.0,0.0,0.29,10.0,
2,2026-04-29,ok,0.0003,2.69,predicted,2.69,2.63,1.06,2.71,2.83,2.96,3.13,drought,drought,True,0.658,0.307,0.035,7.0,0.0,0.29,10.0,
2,2026-04-30,ok,0.0003,2.38,predicted,2.38,1.06,2.71,2.96,3.27,3.6,3.92,drought,drought,True,0.661,0.296,0.043,7.0,0.0,0.29,10.0,
2,2026-05-01,ok,0.0001,1.06,observed,1.06,2.47,2.86,3.25,3.69,4.1,4.53,drought,drought,True,0.654,0.294,0.052,7.0,0.0,0.29,10.0,
2,2026-05-02,ok,0.0,0.09,predicted,0.09,0.19,0.47,0.67,1.02,1.22,1.64,drought,drought,True,0.644,0.306,0.05,7.0,0.0,0.57,6.0,
2,2026-05-03,ok,0.0,0.22,predicted,0.22,0.19,0.35,0.37,0.59,0.61,0.91,drought,drought,True,0.626,0.324,0.05,7.0,0.0,0.57,6.0,
2,2026-05-04,ok,0.0001,0.7,predicted,0.7,0.69,0.83,0.83,0.97,0.97,1.15,drought,drought,True,0.682,0.272,0.046,7.0,0.0,0.29,10.0,
2,2026-05-05,ok,0.0001,0.74,predicted,0.74,0.63,0.66,0.58,0.64,0.61,0.73,drought,drought,True,0.687,0.271,0.042,7.0,0.0,0.29,10.0,
2,2026-05-06,ok,0.0001,0.52,predicted,0.52,0.57,0.82,0.96,1.18,1.38,1.65,drought,drought,True,0.682,0.265,0.053,7.0,0.0,0.29,10.0,
2,2026-05-07,ok,0.0001,0.44,predicted,0.44,0.44,0.56,0.67,0.86,1.01,0.74,drought,drought,True,0.692,0.256,0.051,7.0,0.0,0.29,10.0,
2,2026-05-08,ok,0.0,0.26,predicted,0.26,0.36,0.58,0.79,1.05,0.74,1.61,drought,drought,True,0.698,0.252,0.05,7.0,0.0,0.29,10.0,
2,2026-05-09,ok,0.0,0.05,predicted,0.05,0.33,0.73,1.16,0.74,2.05,2.51,drought,drought,True,0.682,0.255,0.063,7.0,0.0,0.29,10.0,
2,2026-05-10,ok,-0.0,-0.04,predicted,-0.04,0.3,0.77,0.74,1.72,2.18,2.68,drought,drought,True,0.664,0.268,0.068,7.0,0.0,0.29,10.0,
2,2026-05-11,ok,-0.0,-0.33,predicted,-0.33,0.36,0.74,2.22,3.09,4.07,4.85,drought,drought,True,0.574,0.302,0.124,7.0,0.0,0.29,10.0,
2,2026-05-12,ok,-0.0001,-0.42,predicted,-0.42,0.74,0.81,1.59,2.27,3.06,3.74,drought,drought,True,0.571,0.309,0.12,7.0,0.0,0.29,10.0,
2,2026-05-13,ok,0.0001,0.74,observed,0.74,0.18,0.98,1.87,2.68,3.5,4.25,drought,drought,True,0.557,0.315,0.127,7.0,0.0,0.29,10.0,
2,2026-05-14,ok,-0.0001,-0.91,predicted,-0.91,0.3,1.75,3.15,4.42,5.69,6.78,drought,drought,True,0.572,0.308,0.12,7.0,0.0,0.57,6.0,
2,2026-05-15,ok,-0.0,-0.26,predicted,-0.26,0.15,0.59,1.05,1.46,1.87,2.32,drought,drought,True,0.592,0.292,0.116,7.0,0.0,0.57,6.0,
2,2026-05-16,ok,0.0,0.05,predicted,0.05,0.31,0.57,0.82,1.06,1.26,1.56,drought,drought,True,0.61,0.28,0.11,7.0,0.0,0.29,10.0,
2,2026-05-17,ok,0.0,0.27,predicted,0.27,0.4,0.53,0.62,0.77,0.81,1.0,drought,drought,True,0.611,0.275,0.113,7.0,0.0,0.29,10.0,
2,2026-05-18,ok,0.0001,0.53,predicted,0.53,0.51,0.51,0.39,0.41,0.25,0.32,drought,drought,True,0.603,0.279,0.119,7.0,0.0,0.29,10.0,
2,2026-05-19,ok,0.0001,0.78,predicted,0.78,0.68,0.57,0.38,0.31,0.09,0.07,drought,drought,True,0.586,0.285,0.129,7.0,0.0,0.29,10.0,
2,2026-05-20,ok,0.0001,0.8,predicted,0.8,0.63,0.48,0.24,0.11,-0.12,-0.18,drought,drought,True,0.575,0.284,0.141,7.0,0.0,0.29,10.0,
2,2026-05-21,ok,0.0001,0.74,predicted,0.74,0.56,0.42,0.17,0.06,-0.16,-0.2,drought,drought,True,0.555,0.298,0.147,7.0,0.0,0.29,10.0,
2,2026-05-22,ok,0.0001,0.67,predicted,0.67,0.48,0.37,0.13,0.04,-0.17,-0.19,drought,drought,True,0.555,0.32,0.125,7.0,0.0,0.29,10.0,
2,2026-05-23,ok,0.0001,0.59,predicted,0.59,0.52,0.47,0.41,0.41,0.36,0.42,drought,drought,True,0.541,0.323,0.136,7.0,0.0,0.29,10.0,
2,2026-05-24,ok,0.0,0.34,predicted,0.34,0.27,0.31,0.27,0.31,0.32,0.45,drought,drought,True,0.529,0.334,0.138,7.0,0.0,0.29,10.0,
2,2026-05-25,ok,0.0,0.18,predicted,0.18,0.23,0.39,0.5,0.68,0.81,1.04,drought,drought,True,0.595,0.296,0.109,7.0,0.0,0.29,10.0,
2,2026-05-26,ok,0.0,0.14,predicted,0.14,0.21,0.4,0.52,0.73,0.85,1.12,drought,drought,True,0.615,0.289,0.096,7.0,0.0,0.29,10.0,
2,2026-05-27,ok,0.0,0.18,predicted,0.18,0.27,0.48,0.63,0.86,1.0,1.28,drought,drought,True,0.614,0.293,0.093,7.0,0.0,0.29,10.0,
2,2026-05-28,rejected,,,,,,,,,,,,,,,,,,,,,no storage data available for this tank
2,2026-05-29,rejected,,,,,,,,,,,,,,,,,,,,,no storage data available for this tank
2,2026-05-30,rejected,,,,,,,,,,,,,,,,,,,,,no storage data available for this tank
2,2026-05-31,rejected,,,,,,,,,,,,,,,,,,,,,no storage data available for this tank
2,2026-06-01,rejected,,,,,,,,,,,,,,,,,,,,,no storage data available for this tank
2,2026-06-02,rejected,,,,,,,,,,,,,,,,,,,,,no storage data available for this tank
2,2026-06-03,rejected,,,,,,,,,,,,,,,,,,,,,no storage data available for this tank
2,2026-06-04,rejected,,,,,,,,,,,,,,,,,,,,,no storage data available for this tank
2,2026-06-05,rejected,,,,,,,,,,,,,,,,,,,,,no storage data available for this tank
2,2026-06-06,rejected,,,,,,,,,,,,,,,,,,,,,no storage data available for this tank
2,2026-06-07,rejected,,,,,,,,,,,,,,,,,,,,,no storage data available for this tank
2,2026-06-08,rejected,,,,,,,,,,,,,,,,,,,,,no storage data available for this tank
2,2026-06-09,rejected,,,,,,,,,,,,,,,,,,,,,no storage data available for this tank
2,2026-06-10,rejected,,,,,,,,,,,,,,,,,,,,,no storage data available for this tank
2,2026-06-11,rejected,,,,,,,,,,,,,,,,,,,,,no storage data available for this tank
2,2026-06-12,rejected,,,,,,,,,,,,,,,,,,,,,no storage data available for this tank
2,2026-06-13,rejected,,,,,,,,,,,,,,,,,,,,,no storage data available for this tank
2,2026-06-14,rejected,,,,,,,,,,,,,,,,,,,,,no storage data available for this tank
2,2026-06-15,rejected,,,,,,,,,,,,,,,,,,,,,no storage data available for this tank
2,2026-06-16,rejected,,,,,,,,,,,,,,,,,,,,,no storage data available for this tank
2,2026-06-17,rejected,,,,,,,,,,,,,,,,,,,,,no storage data available for this tank
2,2026-06-18,rejected,,,,,,,,,,,,,,,,,,,,,no storage data available for this tank
2,2026-06-19,ok,0.0028,23.17,predicted,23.17,22.95,22.71,22.48,22.33,22.21,10.93,normal,drought,False,0.674,0.252,0.074,1.0,0.0,0.29,10.0,
2,2026-06-20,ok,0.0028,23.1,predicted,23.1,22.9,22.7,22.51,22.39,10.93,22.18,normal,drought,False,0.664,0.258,0.078,1.0,0.0,0.29,10.0,
2,2026-06-21,ok,0.0028,23.13,predicted,23.13,23.01,22.88,22.77,10.93,22.7,22.62,normal,drought,False,0.651,0.266,0.082,1.0,0.0,0.29,10.0,
2,2026-06-22,ok,0.0028,23.13,predicted,23.13,23.03,22.93,10.93,22.81,22.81,22.75,normal,drought,False,0.654,0.261,0.086,1.0,0.0,0.29,10.0,
2,2026-06-23,ok,0.0028,23.08,predicted,23.08,23.01,10.93,22.95,22.97,23.03,23.02,normal,drought,False,0.668,0.247,0.085,1.0,0.0,0.29,10.0,
2,2026-06-24,ok,0.0028,23.01,predicted,23.01,10.93,22.86,22.82,22.82,22.87,22.85,normal,drought,False,0.664,0.252,0.084,1.0,0.0,0.29,10.0,
2,2026-06-25,ok,0.0013,10.93,observed,10.93,23.06,23.06,23.06,23.13,23.2,23.21,drought,drought,True,0.638,0.274,0.088,1.0,0.0,0.29,10.0,
2,2026-06-26,ok,0.0012,9.41,predicted,9.41,8.29,7.46,6.72,6.29,5.98,5.92,drought,drought,True,0.657,0.271,0.072,7.0,0.0,0.57,6.0,
2,2026-06-27,ok,0.001,7.87,predicted,7.87,6.76,5.93,5.21,4.8,4.5,4.46,drought,drought,True,0.656,0.271,0.073,7.0,0.0,0.57,6.0,
2,2026-06-28,ok,0.0008,6.27,predicted,6.27,5.08,4.16,3.33,2.85,2.44,2.35,drought,drought,True,0.679,0.259,0.061,7.0,0.0,0.57,6.0,
2,2026-06-29,ok,0.0006,4.69,predicted,4.69,3.59,2.76,2.03,1.67,1.33,1.32,drought,drought,True,0.686,0.255,0.058,7.0,0.0,0.57,6.0,
2,2026-06-30,ok,0.0004,3.19,predicted,3.19,2.11,1.31,0.59,0.27,-0.1,-0.08,drought,drought,True,0.697,0.248,0.055,7.0,0.0,0.57,6.0,
2,2026-07-01,ok,0.0002,1.88,predicted,1.88,0.78,0.02,-0.77,-1.07,-1.54,27.18,drought,drought,True,0.712,0.233,0.054,6.0,0.0,0.57,6.0,
2,2026-07-02,ok,0.0001,0.83,predicted,0.83,-0.2,-0.88,-1.63,-1.86,27.18,-2.32,drought,drought,True,0.719,0.216,0.065,6.0,0.0,0.57,6.0,
2,2026-07-03,ok,0.0013,10.81,predicted,10.81,10.63,10.55,10.38,27.18,10.38,10.35,drought,drought,True,0.708,0.202,0.09,6.0,0.0,0.29,10.0,
2,2026-07-04,ok,0.0014,11.09,predicted,11.09,11.08,11.12,27.18,11.36,11.5,11.56,drought,drought,True,0.687,0.21,0.103,6.0,0.0,0.29,10.0,
2,2026-07-05,ok,0.0013,10.9,predicted,10.9,10.67,27.18,10.35,10.31,10.33,10.28,drought,drought,True,0.689,0.204,0.107,6.0,0.0,0.29,10.0,
2,2026-07-06,ok,0.0013,10.62,predicted,10.62,27.18,10.29,10.16,10.18,10.23,10.23,drought,drought,True,0.721,0.183,0.096,6.0,0.0,0.29,10.0,
2,2026-07-07,ok,0.0033,27.18,observed,27.18,10.55,10.62,10.66,10.87,11.04,11.15,normal,drought,False,0.745,0.159,0.096,6.0,0.0,0.29,10.0,
2,2026-07-08,ok,0.0035,28.69,predicted,28.69,29.82,30.7,31.44,32.06,32.51,32.6,normal,drought,False,0.743,0.148,0.109,0.0,0.0,0.57,6.0,
2,2026-07-09,ok,0.0037,30.05,predicted,30.05,31.15,31.99,32.69,33.27,33.67,33.76,normal,drought,False,0.724,0.156,0.121,0.0,0.0,0.57,6.0,
2,2026-07-10,ok,0.0034,27.63,predicted,27.63,27.41,27.15,26.88,26.67,26.49,26.32,normal,drought,False,0.705,0.174,0.122,0.0,0.0,0.29,10.0,
2,2026-07-11,ok,0.0034,27.6,predicted,27.6,27.37,27.1,26.84,26.64,26.47,26.31,normal,drought,False,0.701,0.17,0.129,0.0,0.0,0.29,10.0,
2,2026-07-12,ok,0.0034,27.57,predicted,27.57,27.35,27.1,26.86,26.67,26.51,26.37,normal,drought,False,0.685,0.171,0.144,0.0,0.0,0.29,10.0,
2,2026-07-13,ok,0.0034,27.61,predicted,27.61,27.42,27.2,26.99,26.83,26.7,26.55,normal,drought,False,0.673,0.169,0.159,0.0,0.0,0.29,10.0,
2,2026-07-14,ok,0.0034,27.61,predicted,27.61,27.43,27.24,27.03,26.88,26.55,26.65,normal,drought,False,0.63,0.184,0.186,0.0,0.0,0.29,10.0,
2,2026-07-15,ok,0.0034,27.56,predicted,27.56,27.35,27.12,26.9,26.55,26.59,26.46,normal,drought,False,0.647,0.205,0.148,0.0,0.0,0.29,10.0,
2,2026-07-16,ok,0.0034,27.54,predicted,27.54,27.36,27.16,26.55,26.82,26.72,26.62,normal,drought,False,0.643,0.215,0.142,0.0,0.0,0.29,10.0,
2,2026-07-17,ok,0.0034,27.54,predicted,27.54,27.39,26.55,27.06,26.94,26.86,26.78,normal,drought,False,0.774,0.156,0.07,0.0,0.0,0.29,10.0,
2,2026-07-18,ok,0.0034,27.58,predicted,27.58,26.55,27.33,27.19,27.09,27.03,26.96,normal,drought,False,0.78,0.14,0.08,0.0,0.0,0.29,10.0,
2,2026-07-19,ok,0.0032,26.55,observed,26.55,27.54,27.44,27.33,27.27,27.22,27.16,normal,drought,False,0.721,0.165,0.114,0.0,0.0,0.29,10.0,
2,2026-07-20,ok,0.0033,26.92,predicted,26.92,26.69,26.43,26.18,25.99,25.84,25.7,normal,drought,False,0.718,0.176,0.106,0.0,0.0,0.57,6.0,
2,2026-07-21,ok,0.0033,26.87,predicted,26.87,26.63,26.38,26.13,25.94,25.79,25.65,normal,drought,False,0.747,0.188,0.065,0.0,0.0,0.57,6.0,
2,2026-07-22,ok,0.0033,27.0,predicted,27.0,26.81,26.6,26.37,26.21,26.08,25.95,normal,drought,False,0.762,0.195,0.043,0.0,0.0,0.29,10.0,
2,2026-07-23,ok,0.0033,27.03,predicted,27.03,26.82,26.6,26.36,26.18,26.04,25.89,normal,drought,False,0.761,0.2,0.04,0.0,0.0,0.29,10.0,
2,2026-07-24,ok,0.0033,27.05,predicted,27.05,26.8,26.53,26.25,26.04,25.87,25.69,normal,drought,False,0.763,0.194,0.043,0.0,0.0,0.29,10.0,
2,2026-07-25,ok,0.0033,27.08,predicted,27.08,26.83,26.56,26.27,26.06,25.88,25.7,normal,drought,False,0.749,0.197,0.054,0.0,0.0,0.29,10.0,
2,2026-07-26,ok,0.0033,27.13,predicted,27.13,26.88,26.61,26.32,26.1,25.92,25.74,normal,drought,False,0.706,0.21,0.084,0.0,0.0,0.29,10.0,
3,2026-03-25,ok,0.1788,60.38,predicted,60.38,55.75,59.93,59.66,59.48,59.31,59.22,normal,drought,False,0.465,0.23,0.305,0.0,0.0,0.29,10.0,
3,2026-03-26,ok,0.1651,55.75,observed,55.75,60.21,59.96,59.7,59.54,59.37,59.29,normal,drought,False,0.495,0.197,0.307,0.0,0.0,0.29,10.0,
3,2026-03-27,ok,0.1653,55.82,predicted,55.82,55.48,55.12,54.79,54.52,54.32,54.29,normal,drought,False,0.542,0.173,0.285,0.0,0.0,0.57,6.0,
3,2026-03-28,ok,0.1643,55.48,predicted,55.48,55.17,54.82,54.5,54.25,54.05,54.03,normal,drought,False,0.539,0.179,0.282,0.0,0.0,0.57,6.0,
3,2026-03-29,ok,0.1665,56.22,predicted,56.22,56.08,55.84,55.61,55.4,55.2,55.17,normal,drought,False,0.548,0.203,0.249,0.0,0.0,0.29,10.0,
3,2026-03-30,ok,0.1666,56.25,predicted,56.25,56.12,55.91,55.69,55.5,55.3,55.29,normal,drought,False,0.557,0.233,0.21,0.0,0.0,0.29,10.0,
3,2026-03-31,ok,0.1666,56.27,predicted,56.27,56.14,55.92,55.7,55.51,55.31,55.29,normal,drought,False,0.556,0.251,0.193,0.0,0.0,0.29,10.0,
3,2026-04-01,ok,0.1666,56.26,predicted,56.26,56.11,55.86,55.61,55.4,55.18,52.85,normal,drought,False,0.532,0.262,0.206,0.0,0.0,0.29,10.0,
3,2026-04-02,ok,0.1666,56.27,predicted,56.27,56.13,55.89,55.64,55.44,52.85,55.2,normal,drought,False,0.515,0.26,0.224,0.0,0.0,0.29,10.0,
3,2026-04-03,ok,0.1669,56.35,predicted,56.35,56.27,56.14,55.97,52.85,55.66,55.7,normal,drought,False,0.583,0.255,0.161,0.0,0.0,0.29,10.0,
3,2026-04-04,ok,0.1663,56.17,predicted,56.17,56.1,56.0,52.85,55.75,55.6,55.68,normal,drought,False,0.626,0.235,0.139,0.0,0.0,0.29,10.0,
3,2026-04-05,ok,0.1663,56.16,predicted,56.16,56.22,52.85,56.21,56.21,56.16,56.29,normal,drought,False,0.621,0.237,0.142,0.0,0.0,0.29,10.0,
3,2026-04-06,ok,0.1663,56.16,predicted,56.16,52.85,55.99,55.85,55.74,55.6,55.64,normal,drought,False,0.584,0.264,0.152,0.0,0.0,0.29,10.0,
3,2026-04-07,ok,0.1565,52.85,observed,52.85,56.15,55.98,55.78,55.61,55.43,55.44,normal,drought,False,0.616,0.253,0.131,0.0,0.0,0.29,10.0,
3,2026-04-08,ok,0.1566,52.87,predicted,52.87,52.59,52.24,51.91,51.59,51.33,51.3,normal,drought,False,0.567,0.293,0.14,0.0,0.0,0.57,6.0,
3,2026-04-09,ok,0.1561,52.72,predicted,52.72,52.48,52.17,51.88,51.6,51.36,51.35,normal,drought,False,0.548,0.339,0.114,0.0,0.0,0.57,6.0,
3,2026-04-10,ok,0.1579,53.33,predicted,53.33,53.22,53.01,52.78,52.56,52.32,52.32,normal,drought,False,0.579,0.341,0.08,0.0,0.0,0.29,10.0,
3,2026-04-11,ok,0.1576,53.23,predicted,53.23,53.03,52.72,52.4,52.09,51.8,51.73,normal,drought,False,0.56,0.367,0.073,0.0,0.0,0.29,10.0,
3,2026-04-12,ok,0.1579,53.32,predicted,53.32,53.2,52.99,52.76,52.53,52.3,52.29,normal,drought,False,0.633,0.301,0.066,0.0,0.0,0.29,10.0,
3,2026-04-13,ok,0.1579,53.33,predicted,53.33,53.23,53.04,52.84,52.63,52.42,49.27,normal,drought,False,0.754,0.188,0.058,0.0,0.0,0.29,10.0,
3,2026-04-14,ok,0.1579,53.31,predicted,53.31,53.28,53.2,53.08,52.96,49.27,52.91,normal,drought,False,0.833,0.111,0.056,0.0,0.0,0.29,10.0,
3,2026-04-15,ok,0.1575,53.2,predicted,53.2,53.2,53.16,53.08,49.27,52.86,52.99,normal,drought,False,0.828,0.099,0.073,0.0,0.0,0.29,10.0,
3,2026-04-16,ok,0.1577,53.25,predicted,53.25,53.27,53.22,49.27,53.05,52.93,53.04,normal,drought,False,0.723,0.192,0.085,0.0,0.0,0.29,10.0,
3,2026-04-17,ok,0.1577,53.24,predicted,53.24,53.14,49.27,52.72,52.49,52.26,52.27,normal,drought,False,0.619,0.261,0.119,0.0,0.0,0.29,10.0,
3,2026-04-18,ok,0.1576,53.23,predicted,53.23,49.27,52.74,52.43,52.12,51.82,51.76,normal,drought,False,0.569,0.323,0.108,0.0,0.0,0.29,10.0,
3,2026-04-19,ok,0.1459,49.27,observed,49.27,53.13,52.84,52.54,52.24,51.96,51.9,normal,drought,False,0.497,0.412,0.091,0.0,0.0,0.29,10.0,
3,2026-04-20,ok,0.1458,49.25,predicted,49.25,48.89,48.45,48.03,47.6,47.25,47.18,normal,normal,True,0.459,0.464,0.076,0.0,0.0,0.57,6.0,
3,2026-04-21,ok,0.1453,49.05,predicted,49.05,48.8,48.55,48.28,47.99,47.74,47.8,normal,drought,False,0.73,0.228,0.042,0.0,0.0,0.57,6.0,
3,2026-04-22,ok,0.1468,49.57,predicted,49.57,49.58,49.53,49.43,49.29,49.14,49.26,normal,drought,False,0.76,0.195,0.045,0.0,0.0,0.29,10.0,
3,2026-04-23,ok,0.147,49.64,predicted,49.64,49.71,49.72,49.69,49.6,49.49,49.65,normal,drought,False,0.784,0.168,0.049,0.0,0.0,0.29,10.0,
3,2026-04-24,ok,0.1469,49.62,predicted,49.62,49.62,49.57,49.46,49.31,49.13,49.25,normal,drought,False,0.802,0.144,0.054,0.0,0.0,0.29,10.0,
3,2026-04-25,ok,0.1467,49.54,predicted,49.54,49.48,49.34,49.16,48.93,48.71,46.55,normal,drought,False,0.784,0.161,0.055,0.0,0.0,0.29,10.0,
3,2026-04-26,ok,0.1466,49.49,predicted,49.49,49.38,49.17,48.93,48.66,46.55,48.41,normal,drought,False,0.639,0.29,0.071,0.0,0.0,0.29,10.0,
3,2026-04-27,ok,0.1469,49.62,predicted,49.62,49.53,49.34,49.12,46.55,48.61,48.63,normal,drought,False,0.585,0.335,0.08,0.0,0.0,0.29,10.0,
3,2026-04-28,ok,0.1472,49.7,predicted,49.7,49.64,49.52,46.55,49.13,48.89,48.96,normal,drought,False,0.774,0.16,0.066,0.0,0.0,0.29,10.0,
3,2026-04-29,ok,0.1465,49.49,predicted,49.49,49.37,46.55,48.95,48.68,48.41,48.46,normal,drought,False,0.795,0.164,0.041,0.0,0.0,0.29,10.0,
3,2026-04-30,ok,0.1467,49.55,predicted,49.55,46.55,49.61,49.57,49.48,49.36,49.53,normal,drought,False,0.785,0.168,0.047,0.0,0.0,0.29,10.0,
3,2026-05-01,ok,0.1378,46.55,observed,46.55,49.77,49.88,49.93,49.92,49.87,50.09,normal,drought,False,0.774,0.163,0.063,0.0,0.0,0.29,10.0,
3,2026-05-02,ok,0.1375,46.45,predicted,46.45,46.31,46.14,45.93,45.68,45.46,45.54,normal,drought,False,0.746,0.183,0.071,0.0,0.0,0.57,6.0,
3,2026-05-03,ok,0.1369,46.23,predicted,46.23,46.01,45.74,45.45,45.11,44.82,44.85,normal,drought,False,0.687,0.222,0.09,0.0,0.0,0.57,6.0,
3,2026-05-04,ok,0.1385,46.79,predicted,46.79,46.71,46.55,46.34,46.08,45.81,45.85,normal,drought,False,0.769,0.154,0.078,0.0,0.0,0.29,10.0,
3,2026-05-05,ok,0.1383,46.72,predicted,46.72,46.6,46.4,46.16,45.87,45.59,45.62,normal,drought,False,0.796,0.126,0.078,0.0,0.0,0.29,10.0,
3,2026-05-06,ok,0.1388,46.86,predicted,46.86,46.91,46.93,46.87,46.76,46.61,46.75,normal,drought,False,0.841,0.101,0.058,0.0,0.0,0.29,10.0,
3,2026-05-07,ok,0.1383,46.7,predicted,46.7,46.7,46.64,46.53,46.36,46.19,60.43,normal,drought,False,0.85,0.091,0.059,0.0,0.0,0.29,10.0,
3,2026-05-08,ok,0.1386,46.8,predicted,46.8,46.91,46.98,46.98,46.92,60.43,47.01,normal,drought,False,0.867,0.085,0.049,0.0,0.0,0.29,10.0,
3,2026-05-09,ok,0.1385,46.77,predicted,46.77,46.87,46.94,46.94,60.43,46.77,46.96,normal,drought,False,0.861,0.09,0.05,0.0,0.0,0.29,10.0,
3,2026-05-10,ok,0.1385,46.78,predicted,46.78,46.93,47.05,60.43,47.07,47.0,47.22,normal,drought,False,0.864,0.09,0.047,0.0,0.0,0.29,10.0,
3,2026-05-11,ok,0.1386,46.8,predicted,46.8,47.07,60.43,47.6,47.7,47.78,48.1,normal,drought,False,0.807,0.104,0.089,0.0,0.0,0.29,10.0,
3,2026-05-12,ok,0.1389,46.9,predicted,46.9,60.43,48.17,48.7,49.09,49.41,49.91,normal,drought,False,0.787,0.109,0.104,0.0,0.0,0.29,10.0,
3,2026-05-13,ok,0.179,60.43,observed,60.43,47.33,47.83,48.2,48.44,48.62,49.02,normal,drought,False,0.765,0.117,0.118,0.0,0.0,0.29,10.0,
3,2026-05-14,ok,0.1847,62.38,predicted,62.38,63.73,64.86,65.74,66.47,66.85,67.26,normal,drought,False,0.791,0.107,0.102,0.0,6.0,0.57,6.0,
3,2026-05-15,ok,0.1875,63.33,predicted,63.33,64.29,64.99,65.47,65.86,65.94,66.1,overflow,drought,False,0.815,0.107,0.078,0.0,7.0,0.57,6.0,
3,2026-05-16,ok,0.1801,60.81,predicted,60.81,60.73,60.61,60.41,60.27,60.1,60.05,normal,drought,False,0.82,0.11,0.07,0.0,0.0,0.29,10.0,
3,2026-05-17,ok,0.1798,60.71,predicted,60.71,60.47,60.16,59.81,59.53,59.25,59.11,normal,drought,False,0.815,0.113,0.072,0.0,0.0,0.29,10.0,
3,2026-05-18,ok,0.1798,60.71,predicted,60.71,60.43,60.06,59.67,59.36,59.07,58.89,normal,drought,False,0.804,0.112,0.084,0.0,0.0,0.29,10.0,
3,2026-05-19,ok,0.1801,60.82,predicted,60.82,60.56,60.21,59.86,59.58,59.32,59.15,normal,drought,False,0.805,0.111,0.085,0.0,0.0,0.29,10.0,
3,2026-05-20,ok,0.18,60.8,predicted,60.8,60.55,60.22,59.89,59.64,59.4,59.25,normal,drought,False,0.771,0.116,0.113,0.0,0.0,0.29,10.0,
3,2026-05-21,ok,0.1801,60.82,predicted,60.82,60.64,60.4,60.15,59.99,59.83,59.73,normal,drought,False,0.748,0.12,0.131,0.0,0.0,0.29,10.0,
3,2026-05-22,ok,0.1801,60.83,predicted,60.83,60.66,60.42,60.19,60.04,59.9,59.81,normal,drought,False,0.657,0.156,0.187,0.0,0.0,0.29,10.0,
3,2026-05-23,ok,0.1805,60.96,predicted,60.96,60.91,60.81,60.69,60.66,60.59,60.6,normal,drought,False,0.716,0.132,0.152,0.0,0.0,0.29,10.0,
3,2026-05-24,ok,0.18,60.79,predicted,60.79,60.64,60.43,60.22,60.09,59.96,59.92,normal,drought,False,0.506,0.198,0.297,0.0,0.0,0.29,10.0,
3,2026-05-25,ok,0.1801,60.83,predicted,60.83,60.75,60.62,60.49,60.43,60.36,60.36,normal,drought,False,0.572,0.176,0.252,0.0,0.0,0.29,10.0,
3,2026-05-26,ok,0.1801,60.84,predicted,60.84,60.76,60.64,60.51,60.45,60.38,60.38,normal,drought,False,0.595,0.169,0.236,0.0,0.0,0.29,10.0,
3,2026-05-27,ok,0.1803,60.88,predicted,60.88,60.8,60.66,60.51,60.43,60.34,60.33,normal,drought,False,0.648,0.153,0.199,0.0,0.0,0.29,10.0,
3,2026-05-28,rejected,,,,,,,,,,,,,,,,,,,,,no storage data available for this tank
3,2026-05-29,rejected,,,,,,,,,,,,,,,,,,,,,no storage data available for this tank
3,2026-05-30,rejected,,,,,,,,,,,,,,,,,,,,,no storage data available for this tank
3,2026-05-31,rejected,,,,,,,,,,,,,,,,,,,,,no storage data available for this tank
3,2026-06-01,rejected,,,,,,,,,,,,,,,,,,,,,no storage data available for this tank
3,2026-06-02,rejected,,,,,,,,,,,,,,,,,,,,,no storage data available for this tank
3,2026-06-03,rejected,,,,,,,,,,,,,,,,,,,,,no storage data available for this tank
3,2026-06-04,rejected,,,,,,,,,,,,,,,,,,,,,no storage data available for this tank
3,2026-06-05,rejected,,,,,,,,,,,,,,,,,,,,,no storage data available for this tank
3,2026-06-06,rejected,,,,,,,,,,,,,,,,,,,,,no storage data available for this tank
3,2026-06-07,ok,0.1152,38.91,predicted,38.91,38.94,38.93,38.87,38.75,38.61,38.72,normal,drought,False,0.734,0.173,0.093,0.0,0.0,0.29,10.0,
3,2026-06-08,ok,0.115,38.84,predicted,38.84,38.81,38.74,38.62,38.44,38.26,38.34,normal,drought,False,0.799,0.129,0.073,0.0,0.0,0.29,10.0,
3,2026-06-09,ok,0.1148,38.76,predicted,38.76,38.73,38.65,38.53,38.34,38.16,38.24,normal,drought,False,0.808,0.12,0.072,0.0,0.0,0.29,10.0,
3,2026-06-10,ok,0.1149,38.8,predicted,38.8,38.83,38.8,38.74,38.62,38.48,38.59,normal,drought,False,0.784,0.139,0.077,0.0,0.0,0.29,10.0,
3,2026-06-11,ok,0.1151,38.88,predicted,38.88,38.92,38.91,38.86,38.75,38.61,38.72,normal,drought,False,0.788,0.141,0.071,0.0,0.0,0.29,10.0,
3,2026-06-12,ok,0.115,38.84,predicted,38.84,38.83,38.79,38.69,38.53,38.36,41.47,normal,drought,False,0.83,0.113,0.058,0.0,0.0,0.29,10.0,
3,2026-06-13,ok,0.1148,38.77,predicted,38.77,38.91,39.1,39.2,39.2,41.47,39.45,normal,drought,False,0.841,0.101,0.058,0.0,0.0,0.29,10.0,
3,2026-06-14,ok,0.1148,38.77,predicted,38.77,39.07,39.36,39.6,41.47,39.82,40.12,normal,drought,False,0.853,0.092,0.054,0.0,0.0,0.29,10.0,
3,2026-06-15,ok,0.115,38.82,predicted,38.82,39.0,39.12,41.47,39.17,39.12,39.3,normal,drought,False,0.842,0.095,0.063,0.0,0.0,0.29,10.0,
3,2026-06-16,ok,0.115,38.83,predicted,38.83,38.84,41.47,38.7,38.53,38.34,38.41,normal,drought,False,0.838,0.095,0.068,0.0,0.0,0.29,10.0,
3,2026-06-17,ok,0.1148,38.78,predicted,38.78,41.47,38.54,38.34,38.08,37.81,37.82,normal,drought,False,0.813,0.106,0.081,0.0,0.0,0.29,10.0,
3,2026-06-18,ok,0.1228,41.47,observed,41.47,38.77,38.65,38.47,38.24,38.0,38.03,normal,drought,False,0.797,0.104,0.099,0.0,0.0,0.29,10.0,
3,2026-06-19,ok,0.1237,41.78,predicted,41.78,41.88,41.88,41.81,41.67,41.47,41.42,normal,drought,False,0.833,0.091,0.076,0.0,0.0,0.57,6.0,
3,2026-06-20,ok,0.1243,41.97,predicted,41.97,42.1,42.14,42.1,41.99,41.42,41.92,normal,drought,False,0.821,0.093,0.086,0.0,0.0,0.57,6.0,
3,2026-06-21,ok,0.123,41.53,predicted,41.53,41.55,41.51,41.42,41.42,41.09,41.19,normal,drought,False,0.787,0.1,0.113,0.0,0.0,0.29,10.0,
3,2026-06-22,ok,0.123,41.54,predicted,41.54,41.57,41.55,41.42,41.33,41.16,41.28,normal,drought,False,0.803,0.094,0.103,0.0,0.0,0.29,10.0,
3,2026-06-23,ok,0.1231,41.56,predicted,41.56,41.63,41.42,41.67,41.57,41.45,41.63,normal,drought,False,0.846,0.084,0.07,0.0,0.0,0.29,10.0,
3,2026-06-24,ok,0.1226,41.42,predicted,41.42,41.42,41.43,41.36,41.21,41.06,41.19,normal,drought,False,0.831,0.088,0.081,0.0,0.0,0.29,10.0,
3,2026-06-25,ok,0.1227,41.42,observed,41.42,41.63,41.66,41.65,41.56,41.45,41.6,normal,drought,False,0.739,0.115,0.145,0.0,0.0,0.29,10.0,
3,2026-06-26,ok,0.123,41.54,predicted,41.54,41.59,41.58,41.51,41.38,41.23,41.34,normal,drought,False,0.59,0.184,0.226,0.0,0.0,0.57,6.0,
3,2026-06-27,ok,0.1229,41.5,predicted,41.5,41.48,41.41,41.28,41.08,40.87,40.95,normal,drought,False,0.759,0.118,0.123,0.0,0.0,0.57,6.0,
3,2026-06-28,ok,0.1227,41.44,predicted,41.44,41.4,41.3,41.15,40.93,40.71,40.78,normal,drought,False,0.816,0.103,0.081,0.0,0.0,0.57,6.0,
3,2026-06-29,ok,0.1228,41.48,predicted,41.48,41.47,41.4,41.28,41.1,40.9,40.99,normal,drought,False,0.83,0.099,0.071,0.0,0.0,0.57,6.0,
3,2026-06-30,ok,0.1227,41.43,predicted,41.43,41.39,41.29,41.14,40.93,40.71,40.78,normal,drought,False,0.823,0.105,0.072,0.0,0.0,0.57,6.0,
3,2026-07-01,ok,0.1227,41.44,predicted,41.44,41.42,41.32,41.18,40.98,40.78,32.24,normal,drought,False,0.608,0.217,0.174,0.0,0.0,0.57,6.0,
3,2026-07-02,ok,0.1231,41.58,predicted,41.58,41.59,41.53,41.41,41.24,32.24,41.12,normal,drought,False,0.462,0.282,0.256,0.0,0.0,0.57,6.0,
3,2026-07-03,ok,0.1233,41.63,predicted,41.63,41.55,41.37,41.15,32.24,40.61,40.6,normal,drought,False,0.376,0.294,0.33,0.0,0.0,0.29,10.0,
3,2026-07-04,ok,0.1234,41.68,predicted,41.68,41.6,41.45,32.24,40.97,40.7,40.73,normal,drought,False,0.477,0.287,0.235,0.0,0.0,0.29,10.0,
3,2026-07-05,ok,0.1227,41.44,predicted,41.44,41.25,32.24,40.7,40.36,40.03,40.02,normal,drought,False,0.498,0.276,0.226,0.0,0.0,0.29,10.0,
3,2026-07-06,ok,0.1229,41.49,predicted,41.49,32.24,41.34,41.2,41.0,40.8,40.86,normal,drought,False,0.446,0.293,0.261,0.0,0.0,0.29,10.0,
3,2026-07-07,ok,0.0955,32.24,observed,32.24,41.66,41.62,41.54,41.4,41.25,41.35,normal,drought,False,0.514,0.273,0.213,0.0,0.0,0.29,10.0,
3,2026-07-08,ok,0.0934,31.53,predicted,31.53,30.94,30.4,29.89,29.39,29.05,28.94,normal,drought,False,0.547,0.224,0.23,0.0,0.0,0.57,6.0,
3,2026-07-09,ok,0.0911,30.78,predicted,30.78,30.13,29.52,28.95,28.41,28.02,27.87,normal,drought,False,0.547,0.239,0.214,0.0,0.0,0.57,6.0,
3,2026-07-10,ok,0.0957,32.33,predicted,32.33,32.19,31.98,31.75,31.52,31.29,31.23,normal,drought,False,0.554,0.274,0.171,0.0,0.0,0.29,10.0,
3,2026-07-11,ok,0.0957,32.31,predicted,32.31,32.16,31.96,31.75,31.54,31.32,31.27,normal,drought,False,0.563,0.299,0.138,0.0,0.0,0.29,10.0,
3,2026-07-12,ok,0.0956,32.3,predicted,32.3,32.18,32.01,31.82,31.63,31.43,31.4,normal,drought,False,0.547,0.326,0.127,0.0,0.0,0.29,10.0,
3,2026-07-13,ok,0.0957,32.34,predicted,32.34,32.24,32.1,31.93,31.77,31.6,27.68,normal,drought,False,0.538,0.355,0.106,0.0,0.0,0.29,10.0,
3,2026-07-14,ok,0.0957,32.33,predicted,32.33,32.23,32.08,31.91,31.74,27.68,31.54,normal,drought,False,0.515,0.383,0.102,0.0,0.0,0.29,10.0,
3,2026-07-15,ok,0.0956,32.28,predicted,32.28,32.15,31.97,31.77,27.68,31.38,31.35,normal,drought,False,0.505,0.395,0.1,0.0,0.0,0.29,10.0,
3,2026-07-16,ok,0.0956,32.27,predicted,32.27,32.17,32.02,27.68,31.71,31.54,31.54,normal,drought,False,0.502,0.39,0.108,0.0,0.0,0.29,10.0,
3,2026-07-17,ok,0.0956,32.27,predicted,32.27,32.2,27.68,31.96,31.82,31.68,31.69,normal,drought,False,0.628,0.295,0.077,0.0,0.0,0.29,10.0,
3,2026-07-18,ok,0.0957,32.31,predicted,32.31,27.68,32.19,32.09,31.98,31.85,31.88,normal,drought,False,0.612,0.294,0.094,0.0,0.0,0.29,10.0,
3,2026-07-19,ok,0.082,27.68,observed,27.68,32.33,32.26,32.16,32.06,31.93,31.96,normal,drought,False,0.573,0.316,0.11,0.0,0.0,0.29,10.0,
3,2026-07-20,ok,0.0811,27.37,predicted,27.37,26.95,26.54,26.15,25.82,25.55,25.43,normal,drought,False,0.532,0.335,0.133,0.0,0.0,0.57,6.0,
3,2026-07-21,ok,0.08,27.01,predicted,27.01,26.59,26.2,25.82,25.51,25.26,25.14,normal,drought,False,0.482,0.359,0.158,0.0,0.0,0.57,6.0,
3,2026-07-22,ok,0.0822,27.77,predicted,27.77,27.65,27.5,27.33,27.2,27.06,27.01,normal,drought,False,0.46,0.381,0.159,0.0,0.0,0.29,10.0,
3,2026-07-23,ok,0.0823,27.8,predicted,27.8,27.66,27.49,27.3,27.16,27.0,26.93,normal,drought,False,0.451,0.413,0.136,0.0,0.0,0.29,10.0,
3,2026-07-24,ok,0.0824,27.81,predicted,27.81,27.64,27.43,27.21,27.04,26.86,26.77,normal,normal,True,0.406,0.453,0.142,0.0,0.0,0.29,10.0,
3,2026-07-25,ok,0.0825,27.84,predicted,27.84,27.68,27.47,27.24,27.07,26.89,26.8,normal,normal,True,0.321,0.485,0.194,0.0,0.0,0.29,10.0,
3,2026-07-26,ok,0.0826,27.89,predicted,27.89,27.72,27.51,27.28,27.11,26.93,26.83,normal,normal,True,0.261,0.505,0.234,0.0,0.0,0.29,10.0,
4,2026-03-25,rejected,,,,,,,,,,,,,,,,,,,,,no storage data available for this tank
4,2026-03-26,rejected,,,,,,,,,,,,,,,,,,,,,no storage data available for this tank
4,2026-03-27,rejected,,,,,,,,,,,,,,,,,,,,,no storage data available for this tank
4,2026-03-28,rejected,,,,,,,,,,,,,,,,,,,,,no storage data available for this tank
4,2026-03-29,rejected,,,,,,,,,,,,,,,,,,,,,no storage data available for this tank
4,2026-03-30,rejected,,,,,,,,,,,,,,,,,,,,,no storage data available for this tank
4,2026-03-31,rejected,,,,,,,,,,,,,,,,,,,,,no storage data available for this tank
4,2026-04-01,rejected,,,,,,,,,,,,,,,,,,,,,no storage data available for this tank
4,2026-04-02,rejected,,,,,,,,,,,,,,,,,,,,,no storage data available for this tank
4,2026-04-03,rejected,,,,,,,,,,,,,,,,,,,,,no storage data available for this tank
4,2026-04-04,rejected,,,,,,,,,,,,,,,,,,,,,no storage data available for this tank
4,2026-04-05,rejected,,,,,,,,,,,,,,,,,,,,,no storage data available for this tank
4,2026-04-06,rejected,,,,,,,,,,,,,,,,,,,,,no storage data available for this tank
4,2026-04-07,rejected,,,,,,,,,,,,,,,,,,,,,no storage data available for this tank
4,2026-04-08,rejected,,,,,,,,,,,,,,,,,,,,,no storage data available for this tank
4,2026-04-09,rejected,,,,,,,,,,,,,,,,,,,,,no storage data available for this tank
4,2026-04-10,rejected,,,,,,,,,,,,,,,,,,,,,no storage data available for this tank
4,2026-04-11,rejected,,,,,,,,,,,,,,,,,,,,,no storage data available for this tank
4,2026-04-12,rejected,,,,,,,,,,,,,,,,,,,,,no storage data available for this tank
4,2026-04-13,rejected,,,,,,,,,,,,,,,,,,,,,no storage data available for this tank
4,2026-04-14,rejected,,,,,,,,,,,,,,,,,,,,,no storage data available for this tank
4,2026-04-15,rejected,,,,,,,,,,,,,,,,,,,,,no storage data available for this tank
4,2026-04-16,rejected,,,,,,,,,,,,,,,,,,,,,no storage data available for this tank
4,2026-04-17,rejected,,,,,,,,,,,,,,,,,,,,,no storage data available for this tank
4,2026-04-18,rejected,,,,,,,,,,,,,,,,,,,,,no storage data available for this tank
4,2026-04-19,rejected,,,,,,,,,,,,,,,,,,,,,no storage data available for this tank
4,2026-04-20,rejected,,,,,,,,,,,,,,,,,,,,,no storage data available for this tank
4,2026-04-21,rejected,,,,,,,,,,,,,,,,,,,,,no storage data available for this tank
4,2026-04-22,rejected,,,,,,,,,,,,,,,,,,,,,no storage data available for this tank
4,2026-04-23,rejected,,,,,,,,,,,,,,,,,,,,,no storage data available for this tank
4,2026-04-24,rejected,,,,,,,,,,,,,,,,,,,,,no storage data available for this tank
4,2026-04-25,rejected,,,,,,,,,,,,,,,,,,,,,no storage data available for this tank
4,2026-04-26,rejected,,,,,,,,,,,,,,,,,,,,,no storage data available for this tank
4,2026-04-27,rejected,,,,,,,,,,,,,,,,,,,,,no storage data available for this tank
4,2026-04-28,rejected,,,,,,,,,,,,,,,,,,,,,no storage data available for this tank
4,2026-04-29,rejected,,,,,,,,,,,,,,,,,,,,,no storage data available for this tank
4,2026-04-30,rejected,,,,,,,,,,,,,,,,,,,,,no storage data available for this tank
4,2026-05-01,rejected,,,,,,,,,,,,,,,,,,,,,no storage data available for this tank
4,2026-05-02,rejected,,,,,,,,,,,,,,,,,,,,,no storage data available for this tank
4,2026-05-03,rejected,,,,,,,,,,,,,,,,,,,,,no storage data available for this tank
4,2026-05-04,rejected,,,,,,,,,,,,,,,,,,,,,no storage data available for this tank
4,2026-05-05,rejected,,,,,,,,,,,,,,,,,,,,,no storage data available for this tank
4,2026-05-06,rejected,,,,,,,,,,,,,,,,,,,,,no storage data available for this tank
4,2026-05-07,rejected,,,,,,,,,,,,,,,,,,,,,no storage data available for this tank
4,2026-05-08,rejected,,,,,,,,,,,,,,,,,,,,,no storage data available for this tank
4,2026-05-09,rejected,,,,,,,,,,,,,,,,,,,,,no storage data available for this tank
4,2026-05-10,rejected,,,,,,,,,,,,,,,,,,,,,no storage data available for this tank
4,2026-05-11,rejected,,,,,,,,,,,,,,,,,,,,,no storage data available for this tank
4,2026-05-12,rejected,,,,,,,,,,,,,,,,,,,,,no storage data available for this tank
4,2026-05-13,rejected,,,,,,,,,,,,,,,,,,,,,no storage data available for this tank
4,2026-05-14,rejected,,,,,,,,,,,,,,,,,,,,,no storage data available for this tank
4,2026-05-15,rejected,,,,,,,,,,,,,,,,,,,,,no storage data available for this tank
4,2026-05-16,rejected,,,,,,,,,,,,,,,,,,,,,no storage data available for this tank
4,2026-05-17,rejected,,,,,,,,,,,,,,,,,,,,,no storage data available for this tank
4,2026-05-18,rejected,,,,,,,,,,,,,,,,,,,,,no storage data available for this tank
4,2026-05-19,rejected,,,,,,,,,,,,,,,,,,,,,no storage data available for this tank
4,2026-05-20,rejected,,,,,,,,,,,,,,,,,,,,,no storage data available for this tank
4,2026-05-21,rejected,,,,,,,,,,,,,,,,,,,,,no storage data available for this tank
4,2026-05-22,rejected,,,,,,,,,,,,,,,,,,,,,no storage data available for this tank
4,2026-05-23,rejected,,,,,,,,,,,,,,,,,,,,,no storage data available for this tank
4,2026-05-24,rejected,,,,,,,,,,,,,,,,,,,,,no storage data available for this tank
4,2026-05-25,rejected,,,,,,,,,,,,,,,,,,,,,no storage data available for this tank
4,2026-05-26,rejected,,,,,,,,,,,,,,,,,,,,,no storage data available for this tank
4,2026-05-27,rejected,,,,,,,,,,,,,,,,,,,,,no storage data available for this tank
4,2026-05-28,rejected,,,,,,,,,,,,,,,,,,,,,no storage data available for this tank
4,2026-05-29,rejected,,,,,,,,,,,,,,,,,,,,,no storage data available for this tank
4,2026-05-30,rejected,,,,,,,,,,,,,,,,,,,,,no storage data available for this tank
4,2026-05-31,rejected,,,,,,,,,,,,,,,,,,,,,no storage data available for this tank
4,2026-06-01,rejected,,,,,,,,,,,,,,,,,,,,,no storage data available for this tank
4,2026-06-02,rejected,,,,,,,,,,,,,,,,,,,,,no storage data available for this tank
4,2026-06-03,rejected,,,,,,,,,,,,,,,,,,,,,no storage data available for this tank
4,2026-06-04,rejected,,,,,,,,,,,,,,,,,,,,,no storage data available for this tank
4,2026-06-05,rejected,,,,,,,,,,,,,,,,,,,,,no storage data available for this tank
4,2026-06-06,rejected,,,,,,,,,,,,,,,,,,,,,no storage data available for this tank
4,2026-06-07,rejected,,,,,,,,,,,,,,,,,,,,,no storage data available for this tank
4,2026-06-08,rejected,,,,,,,,,,,,,,,,,,,,,no storage data available for this tank
4,2026-06-09,rejected,,,,,,,,,,,,,,,,,,,,,no storage data available for this tank
4,2026-06-10,rejected,,,,,,,,,,,,,,,,,,,,,no storage data available for this tank
4,2026-06-11,rejected,,,,,,,,,,,,,,,,,,,,,no storage data available for this tank
4,2026-06-12,rejected,,,,,,,,,,,,,,,,,,,,,no storage data available for this tank
4,2026-06-13,rejected,,,,,,,,,,,,,,,,,,,,,no storage data available for this tank
4,2026-06-14,rejected,,,,,,,,,,,,,,,,,,,,,no storage data available for this tank
4,2026-06-15,rejected,,,,,,,,,,,,,,,,,,,,,no storage data available for this tank
4,2026-06-16,rejected,,,,,,,,,,,,,,,,,,,,,no storage data available for this tank
4,2026-06-17,rejected,,,,,,,,,,,,,,,,,,,,,no storage data available for this tank
4,2026-06-18,rejected,,,,,,,,,,,,,,,,,,,,,no storage data available for this tank
4,2026-06-19,rejected,,,,,,,,,,,,,,,,,,,,,no storage data available for this tank
4,2026-06-20,rejected,,,,,,,,,,,,,,,,,,,,,no storage data available for this tank
4,2026-06-21,rejected,,,,,,,,,,,,,,,,,,,,,no storage data available for this tank
4,2026-06-22,rejected,,,,,,,,,,,,,,,,,,,,,no storage data available for this tank
4,2026-06-23,rejected,,,,,,,,,,,,,,,,,,,,,no storage data available for this tank
4,2026-06-24,rejected,,,,,,,,,,,,,,,,,,,,,no storage data available for this tank
4,2026-06-25,rejected,,,,,,,,,,,,,,,,,,,,,no storage data available for this tank
4,2026-06-26,rejected,,,,,,,,,,,,,,,,,,,,,no storage data available for this tank
4,2026-06-27,rejected,,,,,,,,,,,,,,,,,,,,,no storage data available for this tank
4,2026-06-28,rejected,,,,,,,,,,,,,,,,,,,,,no storage data available for this tank
4,2026-06-29,rejected,,,,,,,,,,,,,,,,,,,,,no storage data available for this tank
4,2026-06-30,rejected,,,,,,,,,,,,,,,,,,,,,no storage data available for this tank
4,2026-07-01,rejected,,,,,,,,,,,,,,,,,,,,,no storage data available for this tank
4,2026-07-02,rejected,,,,,,,,,,,,,,,,,,,,,no storage data available for this tank
4,2026-07-03,rejected,,,,,,,,,,,,,,,,,,,,,no storage data available for this tank
4,2026-07-04,rejected,,,,,,,,,,,,,,,,,,,,,no storage data available for this tank
4,2026-07-05,rejected,,,,,,,,,,,,,,,,,,,,,no storage data available for this tank
4,2026-07-06,rejected,,,,,,,,,,,,,,,,,,,,,no storage data available for this tank
4,2026-07-07,rejected,,,,,,,,,,,,,,,,,,,,,no storage data available for this tank
4,2026-07-08,rejected,,,,,,,,,,,,,,,,,,,,,no storage data available for this tank
4,2026-07-09,rejected,,,,,,,,,,,,,,,,,,,,,no storage data available for this tank
4,2026-07-10,rejected,,,,,,,,,,,,,,,,,,,,,no storage data available for this tank
4,2026-07-11,rejected,,,,,,,,,,,,,,,,,,,,,no storage data available for this tank
4,2026-07-12,rejected,,,,,,,,,,,,,,,,,,,,,no storage data available for this tank
4,2026-07-13,rejected,,,,,,,,,,,,,,,,,,,,,no storage data available for this tank
4,2026-07-14,rejected,,,,,,,,,,,,,,,,,,,,,no storage data available for this tank
4,2026-07-15,rejected,,,,,,,,,,,,,,,,,,,,,no storage data available for this tank
4,2026-07-16,rejected,,,,,,,,,,,,,,,,,,,,,no storage data available for this tank
4,2026-07-17,rejected,,,,,,,,,,,,,,,,,,,,,no storage data available for this tank
4,2026-07-18,rejected,,,,,,,,,,,,,,,,,,,,,no storage data available for this tank
4,2026-07-19,rejected,,,,,,,,,,,,,,,,,,,,,no storage data available for this tank
4,2026-07-20,rejected,,,,,,,,,,,,,,,,,,,,,no storage data available for this tank
4,2026-07-21,rejected,,,,,,,,,,,,,,,,,,,,,no storage data available for this tank
4,2026-07-22,rejected,,,,,,,,,,,,,,,,,,,,,no storage data available for this tank
4,2026-07-23,rejected,,,,,,,,,,,,,,,,,,,,,no storage data available for this tank
4,2026-07-24,rejected,,,,,,,,,,,,,,,,,,,,,no storage data available for this tank
4,2026-07-25,rejected,,,,,,,,,,,,,,,,,,,,,no storage data available for this tank
4,2026-07-26,rejected,,,,,,,,,,,,,,,,,,,,,no storage data available for this tank
5,2026-03-25,ok,0.2448,67.53,predicted,67.53,64.6,67.06,66.82,66.73,66.65,66.39,overflow,normal,False,0.16,0.739,0.101,0.0,7.0,0.29,10.0,
5,2026-03-26,ok,0.2342,64.6,observed,64.6,67.35,67.08,66.84,66.76,66.68,66.44,overflow,normal,False,0.149,0.746,0.104,0.0,7.0,0.29,10.0,
5,2026-03-27,ok,0.2353,64.88,predicted,64.88,64.63,64.32,64.06,63.96,63.89,63.7,overflow,normal,False,0.156,0.755,0.089,0.0,7.0,0.57,6.0,
5,2026-03-28,ok,0.2346,64.69,predicted,64.69,64.46,64.16,63.91,63.83,63.76,63.59,overflow,normal,False,0.178,0.742,0.08,0.0,7.0,0.57,6.0,
5,2026-03-29,ok,0.2361,65.12,predicted,65.12,64.97,64.73,64.52,64.44,64.37,64.18,overflow,normal,False,0.19,0.739,0.07,0.0,7.0,0.29,10.0,
5,2026-03-30,ok,0.2362,65.15,predicted,65.15,65.02,64.79,64.6,64.54,64.47,64.3,overflow,normal,False,0.199,0.737,0.064,0.0,7.0,0.29,10.0,
5,2026-03-31,ok,0.2363,65.18,predicted,65.18,65.04,64.81,64.62,64.56,64.49,64.32,overflow,normal,False,0.189,0.745,0.066,0.0,7.0,0.29,10.0,
5,2026-04-01,ok,0.2363,65.18,predicted,65.18,65.02,64.76,64.53,64.45,64.37,63.86,overflow,normal,False,0.161,0.766,0.073,0.0,7.0,0.29,10.0,
5,2026-04-02,ok,0.2364,65.19,predicted,65.19,65.03,64.76,64.53,64.45,63.86,64.16,overflow,normal,False,0.148,0.76,0.091,0.0,7.0,0.29,10.0,
5,2026-04-03,ok,0.2365,65.24,predicted,65.24,65.14,64.96,64.8,63.86,64.72,64.58,overflow,normal,False,0.195,0.701,0.103,0.0,7.0,0.29,10.0,
5,2026-04-04,ok,0.2358,65.03,predicted,65.03,64.96,64.83,63.86,64.73,64.7,64.6,overflow,normal,False,0.17,0.714,0.116,0.0,7.0,0.29,10.0,
5,2026-04-05,ok,0.2356,64.98,predicted,64.98,65.02,63.86,64.99,65.11,65.16,65.12,overflow,normal,False,0.136,0.727,0.137,0.0,7.0,0.29,10.0,
5,2026-04-06,ok,0.2358,65.02,predicted,65.02,63.86,64.82,64.7,64.71,64.7,64.58,overflow,normal,False,0.101,0.729,0.17,0.0,7.0,0.29,10.0,
5,2026-04-07,ok,0.2316,63.86,observed,63.86,65.03,64.83,64.66,64.61,64.55,64.39,overflow,normal,False,0.119,0.674,0.207,0.0,7.0,0.29,10.0,
5,2026-04-08,ok,0.2328,64.22,predicted,64.22,64.01,63.72,63.47,63.36,63.25,63.06,overflow,normal,False,0.101,0.62,0.28,0.0,7.0,0.57,6.0,
5,2026-04-09,ok,0.2329,64.23,predicted,64.23,64.06,63.8,63.58,63.5,63.42,63.24,overflow,normal,False,0.124,0.587,0.289,0.0,7.0,0.57,6.0,
5,2026-04-10,ok,0.2337,64.45,predicted,64.45,64.32,64.1,63.9,63.84,63.76,63.59,overflow,normal,False,0.175,0.603,0.222,0.0,7.0,0.29,10.0,
5,2026-04-11,ok,0.2334,64.38,predicted,64.38,64.18,63.86,63.58,63.44,63.3,63.07,overflow,normal,False,0.196,0.595,0.209,0.0,7.0,0.29,10.0,
5,2026-04-12,ok,0.2337,64.46,predicted,64.46,64.31,64.06,63.85,63.78,63.69,63.51,overflow,normal,False,0.198,0.551,0.251,0.0,7.0,0.29,10.0,
5,2026-04-13,ok,0.2337,64.46,predicted,64.46,64.34,64.14,63.97,63.93,63.86,60.02,overflow,normal,False,0.176,0.54,0.285,0.0,7.0,0.29,10.0,
5,2026-04-14,ok,0.2335,64.41,predicted,64.41,64.36,64.26,64.16,64.18,60.02,64.09,overflow,normal,False,0.184,0.524,0.291,0.0,7.0,0.29,10.0,
5,2026-04-15,ok,0.2331,64.29,predicted,64.29,64.27,64.18,64.11,60.02,64.18,64.11,overflow,normal,False,0.157,0.574,0.269,0.0,7.0,0.29,10.0,
5,2026-04-16,ok,0.2333,64.34,predicted,64.34,64.3,64.2,60.02,64.14,64.14,64.05,overflow,normal,False,0.251,0.546,0.204,0.0,7.0,0.29,10.0,
5,2026-04-17,ok,0.2334,64.36,predicted,64.36,64.21,60.02,63.75,63.66,63.57,63.39,overflow,normal,False,0.238,0.533,0.228,0.0,7.0,0.29,10.0,
5,2026-04-18,ok,0.2334,64.38,predicted,64.38,60.02,63.82,63.53,63.37,63.23,62.99,overflow,normal,False,0.251,0.459,0.29,0.0,7.0,0.29,10.0,
5,2026-04-19,ok,0.2176,60.02,observed,60.02,64.26,63.95,63.67,63.53,63.4,63.18,overflow,normal,False,0.3,0.406,0.294,0.0,7.0,0.29,10.0,
5,2026-04-20,ok,0.2183,60.21,predicted,60.21,59.88,59.49,59.17,58.97,58.82,58.67,overflow,normal,False,0.322,0.386,0.292,0.0,7.0,0.57,6.0,
5,2026-04-21,ok,0.2175,59.99,predicted,59.99,59.8,59.6,59.44,59.39,59.35,59.33,overflow,normal,False,0.296,0.429,0.275,0.0,7.0,0.57,6.0,
5,2026-04-22,ok,0.2195,60.53,predicted,60.53,60.54,60.48,60.43,60.46,60.44,60.43,overflow,normal,False,0.261,0.495,0.244,0.0,7.0,0.29,10.0,
5,2026-04-23,ok,0.2196,60.56,predicted,60.56,60.6,60.56,60.53,60.58,60.57,60.58,overflow,normal,False,0.256,0.523,0.222,0.0,7.0,0.29,10.0,
5,2026-04-24,ok,0.2196,60.55,predicted,60.55,60.53,60.43,60.32,60.3,60.24,60.21,overflow,normal,False,0.263,0.542,0.196,0.0,7.0,0.29,10.0,
5,2026-04-25,ok,0.2193,60.48,predicted,60.48,60.39,60.21,60.05,59.96,59.84,60.5,overflow,normal,False,0.284,0.526,0.189,0.0,7.0,0.29,10.0,
5,2026-04-26,ok,0.2191,60.44,predicted,60.44,60.29,60.03,59.8,59.66,60.5,59.39,overflow,normal,False,0.244,0.527,0.228,0.0,7.0,0.29,10.0,
5,2026-04-27,ok,0.2196,60.56,predicted,60.56,60.44,60.21,60.01,60.5,59.75,59.63,overflow,normal,False,0.237,0.507,0.256,0.0,7.0,0.29,10.0,
5,2026-04-28,ok,0.2199,60.64,predicted,60.64,60.58,60.45,60.5,60.26,60.18,60.12,overflow,normal,False,0.253,0.494,0.253,0.0,7.0,0.29,10.0,
5,2026-04-29,ok,0.2192,60.46,predicted,60.46,60.35,60.5,60.0,59.91,59.8,59.73,overflow,normal,False,0.239,0.539,0.222,0.0,7.0,0.29,10.0,
5,2026-04-30,ok,0.2192,60.46,predicted,60.46,60.5,60.47,60.44,60.49,60.49,60.51,overflow,normal,False,0.221,0.585,0.194,0.0,7.0,0.29,10.0,
5,2026-05-01,ok,0.2194,60.5,observed,60.5,60.6,60.65,60.7,60.81,60.85,60.92,overflow,normal,False,0.208,0.64,0.152,0.0,7.0,0.29,10.0,
5,2026-05-02,ok,0.2211,60.97,predicted,60.97,60.95,60.85,60.75,60.72,60.66,60.62,overflow,normal,False,0.275,0.616,0.109,0.0,7.0,0.57,6.0,
5,2026-05-03,ok,0.2213,61.04,predicted,61.04,60.94,60.74,60.55,60.45,60.33,60.22,overflow,normal,False,0.341,0.543,0.115,0.0,7.0,0.57,6.0,
5,2026-05-04,ok,0.2212,61.0,predicted,61.0,60.88,60.66,60.47,60.36,60.23,60.12,overflow,normal,False,0.309,0.527,0.164,0.0,7.0,0.29,10.0,
5,2026-05-05,ok,0.221,60.96,predicted,60.96,60.82,60.59,60.38,60.26,60.13,60.02,overflow,normal,False,0.287,0.518,0.195,0.0,7.0,0.29,10.0,
5,2026-05-06,ok,0.2214,61.05,predicted,61.05,61.06,61.02,60.98,61.01,60.99,60.98,overflow,normal,False,0.354,0.465,0.18,0.0,7.0,0.29,10.0,
5,2026-05-07,ok,0.2209,60.91,predicted,60.91,60.9,60.83,60.76,60.77,60.75,54.94,overflow,normal,False,0.284,0.514,0.202,0.0,7.0,0.29,10.0,
5,2026-05-08,ok,0.2212,61.0,predicted,61.0,61.06,61.08,61.08,61.16,54.94,61.21,overflow,normal,False,0.293,0.548,0.159,0.0,7.0,0.29,10.0,
5,2026-05-09,ok,0.2211,60.97,predicted,60.97,61.0,60.99,60.97,54.94,61.02,61.04,overflow,normal,False,0.34,0.544,0.115,0.0,7.0,0.29,10.0,
5,2026-05-10,ok,0.221,60.94,predicted,60.94,61.02,61.05,54.94,61.14,61.17,61.21,overflow,normal,False,0.372,0.532,0.096,0.0,7.0,0.29,10.0,
5,2026-05-11,ok,0.221,60.94,predicted,60.94,61.14,54.94,61.52,61.73,61.89,62.03,overflow,normal,False,0.274,0.544,0.182,0.0,7.0,0.29,10.0,
5,2026-05-12,ok,0.221,60.95,predicted,60.95,54.94,61.94,62.38,62.84,63.2,63.51,overflow,normal,False,0.269,0.571,0.159,0.0,7.0,0.29,10.0,
5,2026-05-13,ok,0.1992,54.94,observed,54.94,61.35,61.75,62.07,62.41,62.66,62.88,overflow,normal,False,0.264,0.579,0.157,0.0,7.0,0.29,10.0,
5,2026-05-14,ok,0.1999,55.12,predicted,55.12,55.43,55.88,56.23,56.55,56.86,57.23,overflow,normal,False,0.291,0.528,0.18,0.0,7.0,0.57,6.0,
5,2026-05-15,ok,0.1971,54.35,predicted,54.35,54.29,54.29,54.23,54.18,54.17,54.29,overflow,normal,False,0.419,0.474,0.106,0.0,7.0,0.57,6.0,
5,2026-05-16,ok,0.2004,55.27,predicted,55.27,55.27,55.22,55.08,54.93,54.76,54.74,overflow,drought,False,0.5,0.434,0.066,0.0,7.0,0.29,10.0,
5,2026-05-17,ok,0.2,55.16,predicted,55.16,55.02,54.78,54.5,54.22,53.95,53.84,overflow,drought,False,0.479,0.462,0.059,0.0,7.0,0.29,10.0,
5,2026-05-18,ok,0.2001,55.18,predicted,55.18,55.02,54.74,54.44,54.15,53.88,53.74,overflow,drought,False,0.495,0.461,0.045,0.0,7.0,0.29,10.0,
5,2026-05-19,ok,0.2005,55.3,predicted,55.3,55.15,54.9,54.62,54.36,54.1,53.98,overflow,normal,False,0.418,0.505,0.077,0.0,7.0,0.29,10.0,
5,2026-05-20,ok,0.2004,55.27,predicted,55.27,55.12,54.87,54.61,54.36,54.12,54.01,overflow,normal,False,0.374,0.559,0.067,0.0,7.0,0.29,10.0,
5,2026-05-21,ok,0.2005,55.29,predicted,55.29,55.21,55.04,54.86,54.7,54.52,54.47,overflow,normal,False,0.264,0.62,0.116,0.0,7.0,0.29,10.0,
5,2026-05-22,ok,0.2005,55.3,predicted,55.3,55.23,55.07,54.91,54.77,54.61,54.57,overflow,normal,False,0.239,0.586,0.175,0.0,7.0,0.29,10.0,
5,2026-05-23,ok,0.201,55.43,predicted,55.43,55.47,55.46,55.41,55.38,55.32,55.37,overflow,normal,False,0.216,0.553,0.232,0.0,7.0,0.29,10.0,
5,2026-05-24,ok,0.2003,55.25,predicted,55.25,55.19,55.06,54.92,54.8,54.67,54.67,overflow,normal,False,0.203,0.509,0.288,0.0,7.0,0.29,10.0,
5,2026-05-25,ok,0.2005,55.31,predicted,55.31,55.34,55.3,55.26,55.22,55.16,55.21,overflow,normal,False,0.232,0.498,0.27,0.0,7.0,0.29,10.0,
5,2026-05-26,ok,0.2005,55.3,predicted,55.3,55.33,55.29,55.24,55.21,55.14,55.19,overflow,normal,False,0.22,0.494,0.287,0.0,7.0,0.29,10.0,
5,2026-05-27,ok,0.2007,55.35,predicted,55.35,55.37,55.32,55.25,55.19,55.11,55.15,overflow,normal,False,0.217,0.485,0.298,0.0,7.0,0.29,10.0,
5,2026-05-28,rejected,,,,,,,,,,,,,,,,,,,,,no storage data available for this tank
5,2026-05-29,rejected,,,,,,,,,,,,,,,,,,,,,no storage data available for this tank
5,2026-05-30,rejected,,,,,,,,,,,,,,,,,,,,,no storage data available for this tank
5,2026-05-31,rejected,,,,,,,,,,,,,,,,,,,,,no storage data available for this tank
5,2026-06-01,rejected,,,,,,,,,,,,,,,,,,,,,no storage data available for this tank
5,2026-06-02,rejected,,,,,,,,,,,,,,,,,,,,,no storage data available for this tank
5,2026-06-03,rejected,,,,,,,,,,,,,,,,,,,,,no storage data available for this tank
5,2026-06-04,rejected,,,,,,,,,,,,,,,,,,,,,no storage data available for this tank
5,2026-06-05,rejected,,,,,,,,,,,,,,,,,,,,,no storage data available for this tank
5,2026-06-06,rejected,,,,,,,,,,,,,,,,,,,,,no storage data available for this tank
5,2026-06-07,ok,0.1435,39.56,predicted,39.56,39.62,39.62,39.6,39.53,39.45,39.52,normal,normal,True,0.257,0.582,0.161,0.0,0.0,0.29,10.0,
5,2026-06-08,ok,0.1432,39.5,predicted,39.5,39.51,39.47,39.41,39.29,39.17,39.23,normal,normal,True,0.273,0.578,0.149,0.0,0.0,0.29,10.0,
5,2026-06-09,ok,0.1429,39.42,predicted,39.42,39.43,39.38,39.32,39.2,39.08,39.14,normal,normal,True,0.261,0.582,0.157,0.0,0.0,0.29,10.0,
5,2026-06-10,ok,0.1431,39.46,predicted,39.46,39.52,39.51,39.5,39.43,39.35,39.43,normal,normal,True,0.258,0.571,0.172,0.0,0.0,0.29,10.0,
5,2026-06-11,ok,0.1433,39.53,predicted,39.53,39.6,39.61,39.61,39.54,39.47,39.55,normal,normal,True,0.253,0.571,0.176,0.0,0.0,0.29,10.0,
5,2026-06-12,ok,0.1432,39.5,predicted,39.5,39.52,39.51,39.47,39.37,39.27,44.93,normal,normal,True,0.256,0.581,0.163,0.0,0.0,0.29,10.0,
5,2026-06-13,ok,0.143,39.43,predicted,39.43,39.63,39.87,40.05,40.13,44.93,40.44,normal,normal,True,0.303,0.521,0.176,0.0,0.0,0.29,10.0,
5,2026-06-14,ok,0.1429,39.41,predicted,39.41,39.73,40.04,40.31,44.93,40.64,40.9,normal,normal,True,0.276,0.579,0.145,0.0,0.0,0.29,10.0,
5,2026-06-15,ok,0.1431,39.47,predicted,39.47,39.65,39.77,44.93,39.89,39.89,40.02,normal,normal,True,0.254,0.616,0.13,0.0,0.0,0.29,10.0,
5,2026-06-16,ok,0.1432,39.49,predicted,39.49,39.53,44.93,39.47,39.35,39.23,39.27,normal,normal,True,0.287,0.595,0.118,0.0,0.0,0.29,10.0,
5,2026-06-17,ok,0.143,39.45,predicted,39.45,44.93,39.29,39.15,38.96,38.77,38.75,normal,normal,True,0.289,0.583,0.127,0.0,0.0,0.29,10.0,
5,2026-06-18,ok,0.1629,44.93,observed,44.93,39.47,39.38,39.25,39.08,38.91,38.9,normal,normal,True,0.228,0.596,0.176,0.0,0.0,0.29,10.0,
5,2026-06-19,ok,0.1654,45.62,predicted,45.62,45.96,46.15,46.27,46.31,46.24,43.11,normal,normal,True,0.276,0.601,0.123,0.0,0.0,0.57,6.0,
5,2026-06-20,ok,0.167,46.05,predicted,46.05,46.4,46.62,46.76,46.82,43.11,46.87,normal,normal,True,0.281,0.587,0.132,0.0,0.0,0.57,6.0,
5,2026-06-21,ok,0.1634,45.07,predicted,45.07,45.12,45.11,45.06,43.11,44.85,44.92,normal,normal,True,0.246,0.58,0.174,0.0,0.0,0.29,10.0,
5,2026-06-22,ok,0.1635,45.08,predicted,45.08,45.16,45.17,43.11,45.07,44.97,45.07,normal,normal,True,0.268,0.571,0.161,0.0,0.0,0.29,10.0,
5,2026-06-23,ok,0.1636,45.11,predicted,45.11,45.24,43.11,45.38,45.36,45.31,45.47,normal,normal,True,0.335,0.556,0.108,0.0,0.0,0.29,10.0,
5,2026-06-24,ok,0.163,44.95,predicted,44.95,43.11,45.01,44.98,44.88,44.78,44.88,normal,normal,True,0.31,0.57,0.119,0.0,0.0,0.29,10.0,
5,2026-06-25,ok,0.1563,43.11,observed,43.11,45.17,45.21,45.22,45.18,45.11,45.22,normal,normal,True,0.243,0.558,0.2,0.0,0.0,0.29,10.0,
5,2026-06-26,ok,0.1558,42.97,predicted,42.97,42.87,42.72,42.58,42.39,42.23,42.27,normal,normal,True,0.212,0.579,0.209,0.0,0.0,0.57,6.0,
5,2026-06-27,ok,0.1548,42.69,predicted,42.69,42.53,42.34,42.14,41.89,41.7,41.71,normal,normal,True,0.234,0.538,0.227,0.0,0.0,0.57,6.0,
5,2026-06-28,ok,0.1536,42.37,predicted,42.37,42.19,41.97,41.75,41.49,41.28,41.29,normal,normal,True,0.274,0.553,0.173,0.0,0.0,0.57,6.0,
5,2026-06-29,ok,0.1528,42.15,predicted,42.15,41.99,41.8,41.61,41.38,41.19,41.21,normal,normal,True,0.268,0.575,0.157,0.0,0.0,0.57,6.0,
5,2026-06-30,ok,0.1517,41.84,predicted,41.84,41.66,41.44,41.22,40.96,40.76,40.76,normal,normal,True,0.269,0.599,0.132,0.0,0.0,0.57,6.0,
5,2026-07-01,ok,0.1509,41.61,predicted,41.61,41.45,41.23,41.02,40.78,40.59,39.34,normal,normal,True,0.195,0.588,0.217,0.0,0.0,0.57,6.0,
5,2026-07-02,ok,0.1505,41.5,predicted,41.5,41.37,41.18,40.99,40.77,39.34,40.58,normal,normal,True,0.19,0.557,0.253,0.0,0.0,0.57,6.0,
5,2026-07-03,ok,0.1573,43.39,predicted,43.39,43.35,43.19,43.03,39.34,42.62,42.58,normal,normal,True,0.186,0.564,0.25,0.0,0.0,0.29,10.0,
5,2026-07-04,ok,0.1575,43.45,predicted,43.45,43.41,43.29,39.34,42.95,42.75,42.75,normal,normal,True,0.214,0.595,0.191,0.0,0.0,0.29,10.0,
5,2026-07-05,ok,0.1567,43.2,predicted,43.2,43.08,39.34,42.64,42.37,42.12,42.09,normal,normal,True,0.215,0.628,0.157,0.0,0.0,0.29,10.0,
5,2026-07-06,ok,0.1568,43.23,predicted,43.23,39.34,43.14,43.05,42.9,42.76,42.79,normal,normal,True,0.167,0.67,0.164,0.0,0.0,0.29,10.0,
5,2026-07-07,ok,0.1427,39.34,observed,39.34,43.42,43.4,43.36,43.27,43.17,43.23,normal,normal,True,0.169,0.697,0.134,0.0,0.0,0.29,10.0,
5,2026-07-08,ok,0.1422,39.22,predicted,39.22,38.99,38.72,38.46,38.18,37.97,37.93,normal,normal,True,0.169,0.721,0.109,0.0,0.0,0.57,6.0,
5,2026-07-09,ok,0.141,38.9,predicted,38.9,38.62,38.3,37.99,37.66,37.4,37.33,normal,normal,True,0.184,0.709,0.106,0.0,0.0,0.57,6.0,
5,2026-07-10,ok,0.1435,39.57,predicted,39.57,39.48,39.31,39.13,38.92,38.71,38.67,normal,normal,True,0.212,0.695,0.092,0.0,0.0,0.29,10.0,
5,2026-07-11,ok,0.1434,39.55,predicted,39.55,39.47,39.31,39.15,38.95,38.77,38.74,normal,normal,True,0.192,0.716,0.092,0.0,0.0,0.29,10.0,
5,2026-07-12,ok,0.1434,39.54,predicted,39.54,39.49,39.35,39.21,39.04,38.87,38.86,normal,normal,True,0.18,0.716,0.104,0.0,0.0,0.29,10.0,
5,2026-07-13,ok,0.1435,39.57,predicted,39.57,39.54,39.43,39.31,39.16,39.01,30.49,normal,normal,True,0.152,0.726,0.122,0.0,0.0,0.29,10.0,
5,2026-07-14,ok,0.1435,39.58,predicted,39.58,39.54,39.43,39.31,39.15,30.49,38.99,normal,normal,True,0.132,0.731,0.137,0.0,0.0,0.29,10.0,
5,2026-07-15,ok,0.1433,39.52,predicted,39.52,39.45,39.31,39.17,30.49,38.81,38.8,normal,normal,True,0.135,0.737,0.128,0.0,0.0,0.29,10.0,
5,2026-07-16,ok,0.1433,39.51,predicted,39.51,39.47,39.36,30.49,39.09,38.94,38.96,normal,normal,True,0.134,0.723,0.143,0.0,0.0,0.29,10.0,
5,2026-07-17,ok,0.1433,39.51,predicted,39.51,39.49,30.49,39.3,39.16,39.03,39.05,normal,normal,True,0.152,0.688,0.16,0.0,0.0,0.29,10.0,
5,2026-07-18,ok,0.1434,39.54,predicted,39.54,30.49,39.47,39.39,39.27,39.15,39.18,normal,normal,True,0.128,0.663,0.209,0.0,0.0,0.29,10.0,
5,2026-07-19,ok,0.1106,30.49,observed,30.49,39.61,39.56,39.49,39.37,39.26,39.29,normal,normal,True,0.135,0.59,0.275,0.0,0.0,0.29,10.0,
5,2026-07-20,ok,0.1086,29.95,predicted,29.95,29.32,28.72,28.19,27.7,27.39,27.21,normal,normal,True,0.111,0.591,0.298,0.0,0.0,0.57,6.0,
5,2026-07-21,ok,0.1061,29.25,predicted,29.25,28.62,28.03,27.52,27.05,26.75,26.57,normal,normal,True,0.144,0.612,0.244,0.0,0.0,0.57,6.0,
5,2026-07-22,ok,0.1117,30.82,predicted,30.82,30.7,30.53,30.38,30.25,30.14,30.06,normal,normal,True,0.208,0.612,0.181,0.0,0.0,0.29,10.0,
5,2026-07-23,ok,0.1118,30.84,predicted,30.84,30.7,30.52,30.35,30.21,30.08,29.98,normal,normal,True,0.243,0.603,0.154,0.0,0.0,0.29,10.0,
5,2026-07-24,ok,0.1119,30.86,predicted,30.86,30.69,30.48,30.28,30.1,29.95,29.84,normal,normal,True,0.22,0.611,0.169,0.0,0.0,0.29,10.0,
5,2026-07-25,ok,0.112,30.89,predicted,30.89,30.73,30.52,30.31,30.14,29.98,29.86,normal,normal,True,0.212,0.611,0.177,0.0,0.0,0.29,10.0,
5,2026-07-26,ok,0.1122,30.94,predicted,30.94,30.77,30.56,30.35,30.16,30.01,29.88,normal,normal,True,0.211,0.599,0.19,0.0,0.0,0.29,10.0,
6,2026-03-25,ok,0.1174,55.99,predicted,55.99,58.48,55.69,55.49,55.33,55.16,55.09,normal,normal,True,0.167,0.676,0.157,0.0,0.0,0.29,10.0,
6,2026-03-26,ok,0.1226,58.48,observed,58.48,55.9,55.7,55.51,55.36,55.2,55.14,normal,normal,True,0.157,0.681,0.162,0.0,0.0,0.29,10.0,
6,2026-03-27,ok,0.1243,59.29,predicted,59.29,59.32,59.21,59.09,59.02,58.88,58.79,normal,normal,True,0.165,0.685,0.15,0.0,0.0,0.57,6.0,
6,2026-03-28,ok,0.1249,59.55,predicted,59.55,59.6,59.5,59.39,59.33,59.21,59.12,normal,normal,True,0.183,0.692,0.125,0.0,0.0,0.57,6.0,
6,2026-03-29,ok,0.1237,58.99,predicted,58.99,58.89,58.69,58.51,58.4,58.27,58.18,normal,normal,True,0.198,0.665,0.137,0.0,0.0,0.29,10.0,
6,2026-03-30,ok,0.1238,59.02,predicted,59.02,58.93,58.74,58.58,58.48,58.36,58.28,normal,normal,True,0.203,0.663,0.134,0.0,0.0,0.29,10.0,
6,2026-03-31,ok,0.1238,59.04,predicted,59.04,58.95,58.76,58.58,58.48,58.36,58.28,normal,normal,True,0.194,0.678,0.128,0.0,0.0,0.29,10.0,
6,2026-04-01,ok,0.1238,59.03,predicted,59.03,58.91,58.7,58.5,58.38,58.24,54.7,normal,normal,True,0.169,0.696,0.135,0.0,0.0,0.29,10.0,
6,2026-04-02,ok,0.1238,59.04,predicted,59.04,58.94,58.72,58.53,58.41,54.7,58.19,normal,normal,True,0.159,0.684,0.156,0.0,0.0,0.29,10.0,
6,2026-04-03,ok,0.124,59.12,predicted,59.12,59.08,58.98,58.86,54.7,58.73,58.71,normal,normal,True,0.21,0.616,0.174,0.0,0.0,0.29,10.0,
6,2026-04-04,ok,0.1236,58.91,predicted,58.91,58.89,58.82,54.7,58.71,58.65,58.66,normal,normal,True,0.182,0.617,0.201,0.0,0.0,0.29,10.0,
6,2026-04-05,ok,0.1235,58.89,predicted,58.89,58.99,54.7,59.07,59.16,59.19,59.26,normal,normal,True,0.146,0.62,0.235,0.0,0.0,0.29,10.0,
6,2026-04-06,ok,0.1235,58.9,predicted,58.9,54.7,58.8,58.72,58.69,58.63,58.61,normal,normal,True,0.109,0.601,0.29,0.0,0.0,0.29,10.0,
6,2026-04-07,ok,0.1147,54.7,observed,54.7,58.94,58.8,58.66,58.58,58.47,58.43,normal,normal,True,0.123,0.547,0.331,0.0,0.0,0.29,10.0,
6,2026-04-08,ok,0.1147,54.67,predicted,54.67,54.41,54.1,53.83,53.6,53.43,53.37,normal,normal,True,0.098,0.465,0.437,0.0,0.0,0.57,6.0,
6,2026-04-09,ok,0.1142,54.43,predicted,54.43,54.21,53.93,53.69,53.49,53.33,53.29,normal,normal,True,0.121,0.445,0.433,0.0,0.0,0.57,6.0,
6,2026-04-10,ok,0.1158,55.2,predicted,55.2,55.14,54.97,54.8,54.65,54.49,54.44,normal,normal,True,0.185,0.502,0.313,0.0,0.0,0.29,10.0,
6,2026-04-11,ok,0.1156,55.11,predicted,55.11,54.97,54.7,54.44,54.22,53.99,53.89,normal,normal,True,0.21,0.498,0.292,0.0,0.0,0.29,10.0,
6,2026-04-12,ok,0.1158,55.2,predicted,55.2,55.13,54.95,54.78,54.64,54.47,54.42,normal,normal,True,0.211,0.461,0.328,0.0,0.0,0.29,10.0,
6,2026-04-13,ok,0.1158,55.2,predicted,55.2,55.15,55.0,54.86,54.74,54.59,56.62,normal,normal,True,0.189,0.459,0.352,0.0,0.0,0.29,10.0,
6,2026-04-14,ok,0.1157,55.17,predicted,55.17,55.19,55.16,55.1,55.06,56.62,55.04,normal,normal,True,0.2,0.46,0.34,0.0,0.0,0.29,10.0,
6,2026-04-15,ok,0.1154,55.05,predicted,55.05,55.1,55.08,55.06,56.62,55.0,55.07,normal,normal,True,0.175,0.512,0.313,0.0,0.0,0.29,10.0,
6,2026-04-16,ok,0.1156,55.11,predicted,55.11,55.18,55.17,56.62,55.14,55.09,55.16,normal,normal,True,0.272,0.514,0.214,0.0,0.0,0.29,10.0,
6,2026-04-17,ok,0.1156,55.11,predicted,55.11,55.06,56.62,54.73,54.59,54.43,54.4,normal,normal,True,0.26,0.498,0.242,0.0,0.0,0.29,10.0,
6,2026-04-18,ok,0.1156,55.11,predicted,55.11,56.62,54.7,54.45,54.23,54.01,53.9,normal,normal,True,0.267,0.431,0.302,0.0,0.0,0.29,10.0,
6,2026-04-19,ok,0.1187,56.62,observed,56.62,55.07,54.82,54.59,54.38,54.17,54.07,normal,normal,True,0.308,0.379,0.314,0.0,0.0,0.29,10.0,
6,2026-04-20,ok,0.1203,57.34,predicted,57.34,57.28,57.07,56.87,56.7,56.5,56.38,normal,normal,True,0.328,0.361,0.311,0.0,0.0,0.57,6.0,
6,2026-04-21,ok,0.1208,57.6,predicted,57.6,57.68,57.68,57.65,57.65,57.57,57.58,normal,normal,True,0.304,0.406,0.29,0.0,0.0,0.57,6.0,
6,2026-04-22,ok,0.1197,57.08,predicted,57.08,57.11,57.07,57.03,57.02,56.97,57.01,normal,normal,True,0.273,0.462,0.264,0.0,0.0,0.29,10.0,
6,2026-04-23,ok,0.1198,57.12,predicted,57.12,57.19,57.18,57.17,57.19,57.16,57.21,normal,normal,True,0.271,0.484,0.245,0.0,0.0,0.29,10.0,
6,2026-04-24,ok,0.1198,57.11,predicted,57.11,57.11,57.04,56.95,56.9,56.81,56.83,normal,normal,True,0.279,0.499,0.221,0.0,0.0,0.29,10.0,
6,2026-04-25,ok,0.1196,57.04,predicted,57.04,56.98,56.82,56.67,56.56,56.42,58.4,normal,normal,True,0.3,0.487,0.213,0.0,0.0,0.29,10.0,
6,2026-04-26,ok,0.1195,56.99,predicted,56.99,56.87,56.64,56.43,56.26,58.4,56.0,normal,normal,True,0.258,0.489,0.253,0.0,0.0,0.29,10.0,
6,2026-04-27,ok,0.1198,57.12,predicted,57.12,57.02,56.82,56.63,58.4,56.33,56.25,normal,normal,True,0.252,0.474,0.274,0.0,0.0,0.29,10.0,
6,2026-04-28,ok,0.12,57.2,predicted,57.2,57.17,57.05,58.4,56.85,56.73,56.71,normal,normal,True,0.268,0.468,0.264,0.0,0.0,0.29,10.0,
6,2026-04-29,ok,0.1196,57.01,predicted,57.01,56.92,58.4,56.58,56.45,56.31,56.27,normal,normal,True,0.253,0.513,0.234,0.0,0.0,0.29,10.0,
6,2026-04-30,ok,0.1196,57.03,predicted,57.03,58.4,57.09,57.08,57.1,57.08,57.15,normal,normal,True,0.24,0.55,0.21,0.0,0.0,0.29,10.0,
6,2026-05-01,ok,0.1225,58.4,observed,58.4,57.21,57.3,57.37,57.46,57.49,57.61,normal,normal,True,0.232,0.597,0.171,0.0,0.0,0.29,10.0,
6,2026-05-02,ok,0.1237,58.98,predicted,58.98,59.04,59.0,58.94,58.92,58.84,58.83,normal,normal,True,0.302,0.574,0.124,0.0,0.0,0.57,6.0,
6,2026-05-03,ok,0.1241,59.16,predicted,59.16,59.13,58.99,58.84,58.73,58.59,58.51,normal,normal,True,0.368,0.504,0.128,0.0,0.0,0.57,6.0,
6,2026-05-04,ok,0.1235,58.88,predicted,58.88,58.78,58.57,58.38,58.25,58.11,58.03,normal,normal,True,0.339,0.492,0.169,0.0,0.0,0.29,10.0,
6,2026-05-05,ok,0.1234,58.83,predicted,58.83,58.71,58.49,58.28,58.14,57.99,57.9,normal,normal,True,0.315,0.49,0.194,0.0,0.0,0.29,10.0,
6,2026-05-06,ok,0.1236,58.94,predicted,58.94,58.98,58.96,58.92,58.94,58.91,58.93,normal,normal,True,0.385,0.437,0.178,0.0,0.0,0.29,10.0,
6,2026-05-07,ok,0.1233,58.8,predicted,58.8,58.8,58.73,58.66,58.65,58.61,55.51,normal,normal,True,0.315,0.487,0.198,0.0,0.0,0.29,10.0,
6,2026-05-08,ok,0.1235,58.88,predicted,58.88,58.96,58.99,59.0,59.07,55.51,59.13,normal,normal,True,0.325,0.514,0.16,0.0,0.0,0.29,10.0,
6,2026-05-09,ok,0.1234,58.85,predicted,58.85,58.91,58.92,58.91,55.51,58.93,58.98,normal,normal,True,0.376,0.5,0.124,0.0,0.0,0.29,10.0,
6,2026-05-10,ok,0.1234,58.83,predicted,58.83,58.93,58.98,55.51,59.08,59.1,59.17,normal,normal,True,0.408,0.487,0.105,0.0,0.0,0.29,10.0,
6,2026-05-11,ok,0.1234,58.84,predicted,58.84,59.06,55.51,59.49,59.69,59.84,60.03,normal,normal,True,0.299,0.512,0.189,0.0,0.0,0.29,10.0,
6,2026-05-12,ok,0.1234,58.86,predicted,58.86,55.51,59.92,60.38,60.85,61.2,61.55,normal,normal,True,0.293,0.532,0.175,0.0,0.0,0.29,10.0,
6,2026-05-13,ok,0.1164,55.51,observed,55.51,59.27,59.69,60.03,60.36,60.6,60.86,normal,normal,True,0.277,0.547,0.176,0.0,0.0,0.29,10.0,
6,2026-05-14,ok,0.1173,55.94,predicted,55.94,56.39,56.93,57.35,57.73,58.06,58.43,normal,normal,True,0.303,0.497,0.2,0.0,0.0,0.57,6.0,
6,2026-05-15,ok,0.1162,55.41,predicted,55.41,55.48,55.57,55.59,55.59,55.59,55.71,normal,normal,True,0.437,0.442,0.121,0.0,0.0,0.57,6.0,
6,2026-05-16,ok,0.1171,55.84,predicted,55.84,55.85,55.79,55.65,55.51,55.34,55.32,normal,drought,False,0.51,0.409,0.081,0.0,0.0,0.29,10.0,
6,2026-05-17,ok,0.1169,55.74,predicted,55.74,55.59,55.35,55.07,54.8,54.53,54.41,normal,drought,False,0.482,0.443,0.075,0.0,0.0,0.29,10.0,
6,2026-05-18,ok,0.1169,55.76,predicted,55.76,55.59,55.31,55.0,54.72,54.44,54.29,normal,drought,False,0.472,0.466,0.062,0.0,0.0,0.29,10.0,
6,2026-05-19,ok,0.1172,55.88,predicted,55.88,55.72,55.46,55.18,54.92,54.67,54.53,normal,normal,True,0.393,0.504,0.103,0.0,0.0,0.29,10.0,
6,2026-05-20,ok,0.1171,55.85,predicted,55.85,55.69,55.44,55.17,54.92,54.68,54.56,normal,normal,True,0.359,0.545,0.096,0.0,0.0,0.29,10.0,
6,2026-05-21,ok,0.1172,55.86,predicted,55.86,55.78,55.6,55.42,55.26,55.09,55.02,normal,normal,True,0.28,0.576,0.144,0.0,0.0,0.29,10.0,
6,2026-05-22,ok,0.1172,55.87,predicted,55.87,55.8,55.64,55.47,55.33,55.18,55.12,normal,normal,True,0.257,0.549,0.194,0.0,0.0,0.29,10.0,
6,2026-05-23,ok,0.1175,56.0,predicted,56.0,56.04,56.02,55.97,55.94,55.88,55.92,normal,normal,True,0.231,0.529,0.24,0.0,0.0,0.29,10.0,
6,2026-05-24,ok,0.1171,55.82,predicted,55.82,55.77,55.63,55.49,55.37,55.24,55.23,normal,normal,True,0.215,0.492,0.293,0.0,0.0,0.29,10.0,
6,2026-05-25,ok,0.1172,55.88,predicted,55.88,55.91,55.87,55.82,55.78,55.72,55.77,normal,normal,True,0.248,0.483,0.269,0.0,0.0,0.29,10.0,
6,2026-05-26,ok,0.1172,55.88,predicted,55.88,55.9,55.86,55.81,55.77,55.71,55.74,normal,normal,True,0.234,0.483,0.283,0.0,0.0,0.29,10.0,
6,2026-05-27,ok,0.1173,55.93,predicted,55.93,55.94,55.88,55.81,55.76,55.67,55.7,normal,normal,True,0.23,0.477,0.293,0.0,0.0,0.29,10.0,
6,2026-05-28,rejected,,,,,,,,,,,,,,,,,,,,,no storage data available for this tank
6,2026-05-29,rejected,,,,,,,,,,,,,,,,,,,,,no storage data available for this tank
6,2026-05-30,rejected,,,,,,,,,,,,,,,,,,,,,no storage data available for this tank
6,2026-05-31,rejected,,,,,,,,,,,,,,,,,,,,,no storage data available for this tank
6,2026-06-01,rejected,,,,,,,,,,,,,,,,,,,,,no storage data available for this tank
6,2026-06-02,rejected,,,,,,,,,,,,,,,,,,,,,no storage data available for this tank
6,2026-06-03,rejected,,,,,,,,,,,,,,,,,,,,,no storage data available for this tank
6,2026-06-04,rejected,,,,,,,,,,,,,,,,,,,,,no storage data available for this tank
6,2026-06-05,rejected,,,,,,,,,,,,,,,,,,,,,no storage data available for this tank
6,2026-06-06,rejected,,,,,,,,,,,,,,,,,,,,,no storage data available for this tank
6,2026-06-07,ok,0.1151,54.87,predicted,54.87,54.88,54.82,54.74,54.68,54.59,54.62,normal,normal,True,0.277,0.557,0.166,0.0,0.0,0.29,10.0,
6,2026-06-08,ok,0.115,54.85,predicted,54.85,54.83,54.74,54.64,54.54,54.42,54.45,normal,normal,True,0.295,0.55,0.155,0.0,0.0,0.29,10.0,
6,2026-06-09,ok,0.1148,54.75,predicted,54.75,54.71,54.6,54.47,54.36,54.22,54.24,normal,normal,True,0.284,0.552,0.164,0.0,0.0,0.29,10.0,
6,2026-06-10,ok,0.1148,54.73,predicted,54.73,54.72,54.62,54.51,54.42,54.31,54.33,normal,normal,True,0.283,0.538,0.179,0.0,0.0,0.29,10.0,
6,2026-06-11,ok,0.115,54.81,predicted,54.81,54.82,54.75,54.66,54.59,54.49,54.52,normal,normal,True,0.279,0.538,0.183,0.0,0.0,0.29,10.0,
6,2026-06-12,ok,0.115,54.85,predicted,54.85,54.86,54.81,54.73,54.66,54.57,56.84,normal,normal,True,0.283,0.546,0.171,0.0,0.0,0.29,10.0,
6,2026-06-13,ok,0.115,54.85,predicted,54.85,55.06,55.29,55.44,55.58,56.84,55.88,normal,normal,True,0.337,0.479,0.184,0.0,0.0,0.29,10.0,
6,2026-06-14,ok,0.1147,54.68,predicted,54.68,54.94,55.14,55.32,56.84,55.57,55.77,normal,normal,True,0.316,0.529,0.156,0.0,0.0,0.29,10.0,
6,2026-06-15,ok,0.1148,54.75,predicted,54.75,54.84,54.85,56.84,54.81,54.75,54.82,normal,normal,True,0.293,0.565,0.142,0.0,0.0,0.29,10.0,
6,2026-06-16,ok,0.1149,54.77,predicted,54.77,54.71,56.84,54.39,54.23,54.05,54.02,normal,normal,True,0.326,0.544,0.13,0.0,0.0,0.29,10.0,
6,2026-06-17,ok,0.1147,54.7,predicted,54.7,56.84,54.35,54.12,53.9,53.68,53.61,normal,normal,True,0.327,0.536,0.137,0.0,0.0,0.29,10.0,
6,2026-06-18,ok,0.1192,56.84,observed,56.84,54.75,54.62,54.48,54.34,54.19,54.17,normal,normal,True,0.255,0.562,0.183,0.0,0.0,0.29,10.0,
6,2026-06-19,ok,0.1206,57.49,predicted,57.49,57.54,57.48,57.39,57.32,57.19,56.69,normal,normal,True,0.308,0.561,0.131,0.0,0.0,0.57,6.0,
6,2026-06-20,ok,0.1209,57.64,predicted,57.64,57.69,57.62,57.52,57.45,56.69,57.29,normal,normal,True,0.312,0.552,0.137,0.0,0.0,0.57,6.0,
6,2026-06-21,ok,0.12,57.23,predicted,57.23,57.21,57.11,57.01,56.69,56.86,56.86,normal,normal,True,0.269,0.554,0.178,0.0,0.0,0.29,10.0,
6,2026-06-22,ok,0.1201,57.25,predicted,57.25,57.26,57.21,56.69,57.11,57.05,57.07,normal,normal,True,0.294,0.542,0.164,0.0,0.0,0.29,10.0,
6,2026-06-23,ok,0.1202,57.29,predicted,57.29,57.37,56.69,57.41,57.45,57.43,57.52,normal,normal,True,0.372,0.514,0.114,0.0,0.0,0.29,10.0,
6,2026-06-24,ok,0.1198,57.11,predicted,57.11,56.69,56.99,56.89,56.83,56.74,56.75,normal,normal,True,0.345,0.53,0.125,0.0,0.0,0.29,10.0,
6,2026-06-25,ok,0.1189,56.69,observed,56.69,57.2,57.12,57.05,57.0,56.93,56.94,normal,normal,True,0.265,0.533,0.202,0.0,0.0,0.29,10.0,
6,2026-06-26,ok,0.1197,57.09,predicted,57.09,57.07,56.96,56.86,56.79,56.7,56.69,normal,normal,True,0.23,0.555,0.214,0.0,0.0,0.57,6.0,
6,2026-06-27,ok,0.1198,57.1,predicted,57.1,57.06,56.94,56.82,56.74,56.63,56.62,normal,normal,True,0.256,0.519,0.226,0.0,0.0,0.57,6.0,
6,2026-06-28,ok,0.1196,57.0,predicted,57.0,56.94,56.8,56.66,56.56,56.44,56.41,normal,normal,True,0.303,0.525,0.172,0.0,0.0,0.57,6.0,
6,2026-06-29,ok,0.1196,57.04,predicted,57.04,57.01,56.91,56.8,56.74,56.64,56.64,normal,normal,True,0.294,0.548,0.158,0.0,0.0,0.57,6.0,
6,2026-06-30,ok,0.1195,56.97,predicted,56.97,56.9,56.75,56.6,56.49,56.36,56.33,normal,normal,True,0.296,0.569,0.135,0.0,0.0,0.57,6.0,
6,2026-07-01,ok,0.1194,56.91,predicted,56.91,56.81,56.61,56.42,56.28,56.14,59.45,normal,normal,True,0.209,0.568,0.223,0.0,0.0,0.57,6.0,
6,2026-07-02,ok,0.1196,57.04,predicted,57.04,56.98,56.82,56.68,56.58,59.45,56.42,normal,normal,True,0.199,0.536,0.266,0.0,0.0,0.57,6.0,
6,2026-07-03,ok,0.12,57.21,predicted,57.21,57.09,56.85,56.64,59.45,56.3,56.19,normal,normal,True,0.192,0.53,0.278,0.0,0.0,0.29,10.0,
6,2026-07-04,ok,0.1203,57.36,predicted,57.36,57.31,57.18,59.45,56.93,56.8,56.77,normal,normal,True,0.222,0.563,0.215,0.0,0.0,0.29,10.0,
6,2026-07-05,ok,0.1198,57.13,predicted,57.13,57.0,59.45,56.54,56.36,56.16,56.09,normal,normal,True,0.222,0.601,0.177,0.0,0.0,0.29,10.0,
6,2026-07-06,ok,0.1197,57.09,predicted,57.09,59.45,56.85,56.7,56.59,56.46,56.42,normal,normal,True,0.173,0.639,0.188,0.0,0.0,0.29,10.0,
6,2026-07-07,ok,0.1247,59.45,observed,59.45,57.18,57.05,56.93,56.85,56.76,56.73,normal,normal,True,0.175,0.654,0.171,0.0,0.0,0.29,10.0,
6,2026-07-08,ok,0.1265,60.31,predicted,60.31,60.31,60.17,60.03,59.95,59.81,59.7,normal,normal,True,0.178,0.658,0.164,0.0,0.0,0.57,6.0,
6,2026-07-09,ok,0.127,60.55,predicted,60.55,60.52,60.35,60.17,60.06,59.9,59.77,normal,normal,True,0.195,0.633,0.171,0.0,0.0,0.57,6.0,
6,2026-07-10,ok,0.1259,60.03,predicted,60.03,59.88,59.62,59.39,59.24,59.08,58.95,normal,normal,True,0.22,0.623,0.157,0.0,0.0,0.29,10.0,
6,2026-07-11,ok,0.1259,60.03,predicted,60.03,59.92,59.7,59.51,59.4,59.27,59.17,normal,normal,True,0.201,0.63,0.169,0.0,0.0,0.29,10.0,
6,2026-07-12,ok,0.1259,60.01,predicted,60.01,59.9,59.69,59.5,59.4,59.27,59.17,normal,normal,True,0.189,0.612,0.199,0.0,0.0,0.29,10.0,
6,2026-07-13,ok,0.1259,60.03,predicted,60.03,59.93,59.74,59.57,59.48,59.37,58.03,normal,normal,True,0.159,0.596,0.245,0.0,0.0,0.29,10.0,
6,2026-07-14,ok,0.126,60.07,predicted,60.07,59.98,59.79,59.63,59.55,58.03,59.36,normal,normal,True,0.136,0.578,0.285,0.0,0.0,0.29,10.0,
6,2026-07-15,ok,0.1259,60.01,predicted,60.01,59.88,59.66,59.46,58.03,59.2,59.1,normal,normal,True,0.142,0.599,0.258,0.0,0.0,0.29,10.0,
6,2026-07-16,ok,0.1258,60.0,predicted,60.0,59.89,59.69,58.03,59.41,59.29,59.21,normal,normal,True,0.141,0.598,0.261,0.0,0.0,0.29,10.0,
6,2026-07-17,ok,0.1258,59.98,predicted,59.98,59.88,58.03,59.5,59.4,59.28,59.2,normal,normal,True,0.167,0.6,0.233,0.0,0.0,0.29,10.0,
6,2026-07-18,ok,0.1258,59.98,predicted,59.98,58.03,59.65,59.46,59.36,59.24,59.14,normal,normal,True,0.14,0.573,0.287,0.0,0.0,0.29,10.0,
6,2026-07-19,ok,0.1217,58.03,observed,58.03,59.98,59.8,59.63,59.55,59.44,59.37,normal,normal,True,0.144,0.493,0.362,0.0,0.0,0.29,10.0,
6,2026-07-20,ok,0.1225,58.39,predicted,58.39,58.2,57.92,57.67,57.51,57.35,57.26,normal,normal,True,0.118,0.487,0.395,0.0,0.0,0.57,6.0,
6,2026-07-21,ok,0.1223,58.3,predicted,58.3,58.14,57.9,57.69,57.56,57.43,57.35,normal,normal,True,0.153,0.52,0.327,0.0,0.0,0.57,6.0,
6,2026-07-22,ok,0.1228,58.57,predicted,58.57,58.46,58.25,58.06,57.93,57.8,57.71,normal,normal,True,0.223,0.536,0.241,0.0,0.0,0.29,10.0,
6,2026-07-23,ok,0.1229,58.59,predicted,58.59,58.49,58.28,58.09,57.96,57.82,57.74,normal,normal,True,0.26,0.529,0.21,0.0,0.0,0.29,10.0,
6,2026-07-24,ok,0.1229,58.58,predicted,58.58,58.46,58.23,58.02,57.88,57.73,57.62,normal,normal,True,0.238,0.527,0.235,0.0,0.0,0.29,10.0,
6,2026-07-25,ok,0.1229,58.61,predicted,58.61,58.49,58.25,58.04,57.9,57.75,57.64,normal,normal,True,0.229,0.518,0.253,0.0,0.0,0.29,10.0,
6,2026-07-26,ok,0.123,58.65,predicted,58.65,58.52,58.27,58.04,57.89,57.74,57.61,normal,normal,True,0.226,0.495,0.279,0.0,0.0,0.29,10.0,
7,2026-03-25,ok,0.1133,84.18,predicted,84.18,78.76,83.84,83.5,83.2,82.97,82.29,overflow,overflow,True,0.435,0.113,0.452,0.0,7.0,0.29,10.0,
7,2026-03-26,ok,0.106,78.76,observed,78.76,84.08,83.82,83.46,83.16,82.92,82.23,overflow,overflow,True,0.365,0.093,0.542,0.0,7.0,0.29,10.0,
7,2026-03-27,ok,0.1057,78.53,predicted,78.53,78.11,77.59,77.08,76.8,76.6,75.97,overflow,overflow,True,0.341,0.081,0.577,0.0,7.0,0.57,6.0,
7,2026-03-28,ok,0.1051,78.1,predicted,78.1,77.68,77.17,76.68,76.42,76.24,75.62,overflow,overflow,True,0.354,0.08,0.566,0.0,7.0,0.57,6.0,
7,2026-03-29,ok,0.1064,79.04,predicted,79.04,78.82,78.47,78.08,77.86,77.68,77.09,overflow,overflow,True,0.364,0.086,0.55,0.0,7.0,0.29,10.0,
7,2026-03-30,ok,0.1064,79.08,predicted,79.08,78.88,78.55,78.19,77.99,77.83,77.24,overflow,overflow,True,0.357,0.091,0.552,0.0,7.0,0.29,10.0,
7,2026-03-31,ok,0.1065,79.12,predicted,79.12,78.93,78.6,78.25,78.05,77.89,77.31,overflow,overflow,True,0.345,0.094,0.561,0.0,7.0,0.29,10.0,
7,2026-04-01,ok,0.1065,79.13,predicted,79.13,78.91,78.55,78.17,77.94,77.76,80.01,overflow,overflow,True,0.327,0.09,0.583,0.0,7.0,0.29,10.0,
7,2026-04-02,ok,0.1065,79.14,predicted,79.14,78.91,78.53,78.13,77.88,80.01,77.08,overflow,overflow,True,0.316,0.085,0.599,0.0,7.0,0.29,10.0,
7,2026-04-03,ok,0.1065,79.17,predicted,79.17,78.97,78.63,78.25,80.01,77.83,77.26,overflow,overflow,True,0.356,0.115,0.529,0.0,7.0,0.29,10.0,
7,2026-04-04,ok,0.1062,78.94,predicted,78.94,78.77,78.47,80.01,77.96,77.78,77.24,overflow,overflow,True,0.318,0.129,0.553,0.0,7.0,0.29,10.0,
7,2026-04-05,ok,0.1061,78.83,predicted,78.83,78.76,80.01,78.35,78.27,78.19,77.71,overflow,overflow,True,0.301,0.126,0.572,0.0,7.0,0.29,10.0,
7,2026-04-06,ok,0.1062,78.89,predicted,78.89,80.01,78.57,78.31,78.2,78.12,77.61,overflow,overflow,True,0.282,0.119,0.599,0.0,7.0,0.29,10.0,
7,2026-04-07,ok,0.1077,80.01,observed,80.01,78.94,78.67,78.36,78.2,78.07,77.53,overflow,overflow,True,0.28,0.125,0.594,0.0,7.0,0.29,10.0,
7,2026-04-08,ok,0.1081,80.3,predicted,80.3,80.13,79.8,79.42,79.17,78.96,78.33,overflow,overflow,True,0.248,0.123,0.629,0.0,7.0,0.57,6.0,
7,2026-04-09,ok,0.1083,80.45,predicted,80.45,80.29,79.97,79.61,79.37,79.18,78.55,overflow,overflow,True,0.301,0.148,0.551,0.0,7.0,0.57,6.0,
7,2026-04-10,ok,0.1081,80.32,predicted,80.32,80.15,79.84,79.49,79.27,79.11,78.51,overflow,overflow,True,0.388,0.165,0.447,0.0,7.0,0.29,10.0,
7,2026-04-11,ok,0.108,80.28,predicted,80.28,80.04,79.65,79.22,78.93,78.72,78.07,overflow,overflow,True,0.4,0.164,0.436,0.0,7.0,0.29,10.0,
7,2026-04-12,ok,0.1081,80.34,predicted,80.34,80.13,79.77,79.38,79.12,78.93,78.29,overflow,overflow,True,0.408,0.171,0.422,0.0,7.0,0.29,10.0,
7,2026-04-13,ok,0.1081,80.35,predicted,80.35,80.17,79.85,79.49,79.26,79.07,84.79,overflow,overflow,True,0.409,0.175,0.416,0.0,7.0,0.29,10.0,
7,2026-04-14,ok,0.108,80.29,predicted,80.29,80.15,79.87,79.54,79.34,84.79,78.58,overflow,drought,False,0.413,0.186,0.401,0.0,7.0,0.29,10.0,
7,2026-04-15,ok,0.1078,80.13,predicted,80.13,80.02,79.78,79.49,84.79,79.19,78.65,overflow,drought,False,0.417,0.201,0.383,0.0,7.0,0.29,10.0,
7,2026-04-16,ok,0.1079,80.15,predicted,80.15,80.04,79.79,84.79,79.35,79.22,78.66,overflow,drought,False,0.582,0.197,0.221,0.0,7.0,0.29,10.0,
7,2026-04-17,ok,0.1079,80.2,predicted,80.2,80.02,84.79,79.34,79.12,78.95,78.34,overflow,drought,False,0.579,0.208,0.214,0.0,7.0,0.29,10.0,
7,2026-04-18,ok,0.108,80.26,predicted,80.26,84.79,79.64,79.22,78.94,78.74,78.09,overflow,drought,False,0.533,0.206,0.262,0.0,7.0,0.29,10.0,
7,2026-04-19,ok,0.1141,84.79,observed,84.79,80.11,79.72,79.3,79.01,78.8,78.14,overflow,drought,False,0.491,0.21,0.299,0.0,7.0,0.29,10.0,
7,2026-04-20,ok,0.1151,85.54,predicted,85.54,85.53,85.33,84.99,84.63,84.32,83.6,overflow,drought,False,0.478,0.221,0.301,0.0,7.0,0.57,6.0,
7,2026-04-21,ok,0.1158,86.09,predicted,86.09,86.21,86.15,85.92,85.64,85.37,84.72,overflow,drought,False,0.47,0.223,0.307,0.0,7.0,0.57,6.0,
7,2026-04-22,ok,0.1143,84.93,predicted,84.93,84.93,84.78,84.51,84.27,84.05,83.41,overflow,drought,False,0.496,0.213,0.29,0.0,7.0,0.29,10.0,
7,2026-04-23,ok,0.1142,84.9,predicted,84.9,84.91,84.77,84.51,84.28,84.07,83.44,overflow,drought,False,0.5,0.208,0.292,0.0,7.0,0.29,10.0,
7,2026-04-24,ok,0.1142,84.89,predicted,84.89,84.9,84.75,84.47,84.23,84.0,83.36,overflow,drought,False,0.493,0.212,0.295,0.0,7.0,0.29,10.0,
7,2026-04-25,ok,0.1141,84.82,predicted,84.82,84.79,84.6,84.3,84.02,83.78,80.23,overflow,drought,False,0.488,0.221,0.291,0.0,7.0,0.29,10.0,
7,2026-04-26,ok,0.1141,84.77,predicted,84.77,84.71,84.48,84.15,83.85,80.23,82.94,overflow,drought,False,0.473,0.243,0.284,0.0,7.0,0.29,10.0,
7,2026-04-27,ok,0.1143,84.92,predicted,84.92,84.86,84.64,84.32,80.23,83.8,83.12,overflow,drought,False,0.462,0.268,0.27,0.0,7.0,0.29,10.0,
7,2026-04-28,ok,0.1144,85.04,predicted,85.04,85.03,84.88,80.23,84.35,84.13,83.48,overflow,drought,False,0.475,0.274,0.252,0.0,7.0,0.29,10.0,
7,2026-04-29,ok,0.1142,84.87,predicted,84.87,84.83,80.23,84.31,84.02,83.77,83.11,overflow,drought,False,0.475,0.293,0.233,0.0,7.0,0.29,10.0,
7,2026-04-30,ok,0.1141,84.82,predicted,84.82,80.23,84.68,84.42,84.18,83.97,83.34,overflow,drought,False,0.478,0.3,0.222,0.0,7.0,0.29,10.0,
7,2026-05-01,ok,0.108,80.23,observed,80.23,84.84,84.76,84.55,84.36,84.18,83.59,overflow,drought,False,0.488,0.305,0.207,0.0,7.0,0.29,10.0,
7,2026-05-02,ok,0.1074,79.82,predicted,79.82,79.56,79.2,78.82,78.63,78.49,77.91,overflow,drought,False,0.595,0.257,0.148,0.0,7.0,0.57,6.0,
7,2026-05-03,ok,0.107,79.53,predicted,79.53,79.21,78.79,78.38,78.15,77.99,77.38,overflow,drought,False,0.644,0.223,0.133,0.0,7.0,0.57,6.0,
7,2026-05-04,ok,0.1082,80.44,predicted,80.44,80.27,79.96,79.61,79.38,79.21,78.6,overflow,drought,False,0.655,0.215,0.129,0.0,7.0,0.29,10.0,
7,2026-05-05,ok,0.1082,80.43,predicted,80.43,80.24,79.9,79.53,79.29,79.1,78.48,overflow,drought,False,0.649,0.225,0.126,0.0,7.0,0.29,10.0,
7,2026-05-06,ok,0.1083,80.46,predicted,80.46,80.32,80.05,79.72,79.52,79.35,78.76,overflow,drought,False,0.649,0.211,0.14,0.0,7.0,0.29,10.0,
7,2026-05-07,ok,0.1081,80.33,predicted,80.33,80.24,80.02,79.75,79.61,79.49,83.65,overflow,drought,False,0.642,0.221,0.138,0.0,7.0,0.29,10.0,
7,2026-05-08,ok,0.1082,80.42,predicted,80.42,80.39,80.23,80.01,79.9,83.65,79.3,overflow,drought,False,0.66,0.216,0.124,0.0,7.0,0.29,10.0,
7,2026-05-09,ok,0.1082,80.41,predicted,80.41,80.32,80.11,79.84,83.65,79.55,79.01,overflow,drought,False,0.682,0.197,0.121,0.0,7.0,0.29,10.0,
7,2026-05-10,ok,0.1081,80.32,predicted,80.32,80.24,80.05,83.65,79.65,79.51,78.98,overflow,drought,False,0.699,0.185,0.115,0.0,7.0,0.29,10.0,
7,2026-05-11,ok,0.1081,80.35,predicted,80.35,80.34,83.65,80.05,79.98,79.9,79.43,overflow,drought,False,0.598,0.233,0.169,0.0,7.0,0.29,10.0,
7,2026-05-12,ok,0.108,80.27,predicted,80.27,83.65,80.58,80.6,80.72,80.78,80.44,overflow,drought,False,0.628,0.223,0.149,0.0,7.0,0.29,10.0,
7,2026-05-13,ok,0.1126,83.65,observed,83.65,80.49,80.61,80.63,80.74,80.8,80.45,overflow,drought,False,0.613,0.237,0.15,0.0,7.0,0.29,10.0,
7,2026-05-14,ok,0.1134,84.31,predicted,84.31,84.72,85.01,85.09,85.13,85.1,84.7,overflow,drought,False,0.622,0.23,0.147,0.0,7.0,0.57,6.0,
7,2026-05-15,ok,0.1134,84.3,predicted,84.3,84.6,84.76,84.72,84.65,84.53,84.04,overflow,drought,False,0.651,0.214,0.135,0.0,7.0,0.57,6.0,
7,2026-05-16,ok,0.1124,83.56,predicted,83.56,83.68,83.67,83.51,83.38,83.24,82.71,overflow,drought,False,0.656,0.216,0.128,0.0,7.0,0.29,10.0,
7,2026-05-17,ok,0.1124,83.52,predicted,83.52,83.56,83.47,83.23,83.04,82.86,82.27,overflow,drought,False,0.65,0.221,0.128,0.0,7.0,0.29,10.0,
7,2026-05-18,ok,0.1124,83.56,predicted,83.56,83.54,83.37,83.09,82.84,82.65,82.02,overflow,drought,False,0.642,0.236,0.122,0.0,7.0,0.29,10.0,
7,2026-05-19,ok,0.1126,83.71,predicted,83.71,83.65,83.44,83.11,82.82,82.59,81.93,overflow,drought,False,0.605,0.255,0.14,0.0,7.0,0.29,10.0,
7,2026-05-20,ok,0.1126,83.68,predicted,83.68,83.58,83.32,82.95,82.62,82.36,81.67,overflow,drought,False,0.626,0.238,0.136,0.0,7.0,0.29,10.0,
7,2026-05-21,ok,0.1126,83.67,predicted,83.67,83.58,83.34,82.99,82.69,82.45,81.78,overflow,drought,False,0.597,0.253,0.149,0.0,7.0,0.29,10.0,
7,2026-05-22,ok,0.1126,83.68,predicted,83.68,83.59,83.34,83.0,82.71,82.48,81.81,overflow,drought,False,0.57,0.267,0.163,0.0,7.0,0.29,10.0,
7,2026-05-23,ok,0.1128,83.82,predicted,83.82,83.82,83.67,83.41,83.19,83.0,82.39,overflow,drought,False,0.497,0.293,0.21,0.0,7.0,0.29,10.0,
7,2026-05-24,ok,0.1126,83.64,predicted,83.64,83.56,83.31,82.96,82.68,82.43,81.77,overflow,drought,False,0.441,0.304,0.256,0.0,7.0,0.29,10.0,
7,2026-05-25,ok,0.1125,83.64,predicted,83.64,83.58,83.38,83.08,82.83,82.62,81.98,overflow,drought,False,0.558,0.255,0.187,0.0,7.0,0.29,10.0,
7,2026-05-26,ok,0.1125,83.63,predicted,83.63,83.62,83.46,83.2,83.0,82.83,82.22,overflow,drought,False,0.555,0.26,0.185,0.0,7.0,0.29,10.0,
7,2026-05-27,ok,0.1126,83.7,predicted,83.7,83.7,83.55,83.29,83.09,82.91,82.31,overflow,drought,False,0.529,0.273,0.198,0.0,7.0,0.29,10.0,
7,2026-05-28,rejected,,,,,,,,,,,,,,,,,,,,,no storage data available for this tank
7,2026-05-29,rejected,,,,,,,,,,,,,,,,,,,,,no storage data available for this tank
7,2026-05-30,rejected,,,,,,,,,,,,,,,,,,,,,no storage data available for this tank
7,2026-05-31,rejected,,,,,,,,,,,,,,,,,,,,,no storage data available for this tank
7,2026-06-01,rejected,,,,,,,,,,,,,,,,,,,,,no storage data available for this tank
7,2026-06-02,rejected,,,,,,,,,,,,,,,,,,,,,no storage data available for this tank
7,2026-06-03,rejected,,,,,,,,,,,,,,,,,,,,,no storage data available for this tank
7,2026-06-04,rejected,,,,,,,,,,,,,,,,,,,,,no storage data available for this tank
7,2026-06-05,rejected,,,,,,,,,,,,,,,,,,,,,no storage data available for this tank
7,2026-06-06,rejected,,,,,,,,,,,,,,,,,,,,,no storage data available for this tank
7,2026-06-07,ok,0.1117,82.99,predicted,82.99,82.93,82.72,82.42,82.21,82.03,81.41,overflow,drought,False,0.63,0.164,0.206,0.0,7.0,0.29,10.0,
7,2026-06-08,ok,0.1117,83.0,predicted,83.0,82.94,82.73,82.42,82.21,82.0,81.39,overflow,drought,False,0.627,0.168,0.205,0.0,7.0,0.29,10.0,
7,2026-06-09,ok,0.1115,82.89,predicted,82.89,82.8,82.56,82.23,81.99,81.77,81.15,overflow,drought,False,0.618,0.174,0.207,0.0,7.0,0.29,10.0,
7,2026-06-10,ok,0.1115,82.84,predicted,82.84,82.75,82.52,82.22,81.99,81.8,81.18,overflow,drought,False,0.622,0.179,0.199,0.0,7.0,0.29,10.0,
7,2026-06-11,ok,0.1116,82.93,predicted,82.93,82.89,82.7,82.43,82.23,82.07,81.47,overflow,drought,False,0.619,0.189,0.192,0.0,7.0,0.29,10.0,
7,2026-06-12,ok,0.1117,83.01,predicted,83.01,82.97,82.79,82.52,82.32,82.14,86.75,overflow,drought,False,0.614,0.194,0.192,0.0,7.0,0.29,10.0,
7,2026-06-13,ok,0.1117,82.99,predicted,82.99,82.99,82.87,82.63,82.46,86.75,81.73,overflow,drought,False,0.607,0.181,0.212,0.0,7.0,0.29,10.0,
7,2026-06-14,ok,0.1112,82.66,predicted,82.66,82.73,82.67,82.51,86.75,82.33,81.81,overflow,drought,False,0.631,0.194,0.175,0.0,7.0,0.29,10.0,
7,2026-06-15,ok,0.1114,82.79,predicted,82.79,82.84,82.76,86.75,82.47,82.38,81.84,overflow,drought,False,0.637,0.207,0.155,0.0,7.0,0.29,10.0,
7,2026-06-16,ok,0.1116,82.92,predicted,82.92,82.89,86.75,82.46,82.27,82.11,81.51,overflow,drought,False,0.647,0.206,0.147,0.0,7.0,0.29,10.0,
7,2026-06-17,ok,0.1115,82.87,predicted,82.87,86.75,82.51,82.17,81.9,81.69,81.05,overflow,drought,False,0.653,0.209,0.138,0.0,7.0,0.29,10.0,
7,2026-06-18,ok,0.1167,86.75,observed,86.75,82.87,82.66,82.35,82.12,81.93,81.31,overflow,drought,False,0.632,0.223,0.145,0.0,7.0,0.29,10.0,
7,2026-06-19,ok,0.1173,87.18,predicted,87.18,87.33,87.29,87.06,86.74,86.44,87.9,overflow,drought,False,0.647,0.213,0.14,0.0,7.0,0.57,6.0,
7,2026-06-20,ok,0.1176,87.41,predicted,87.41,87.54,87.49,87.24,86.9,87.9,85.9,overflow,drought,False,0.659,0.206,0.135,0.0,7.0,0.57,6.0,
7,2026-06-21,ok,0.1166,86.66,predicted,86.66,86.72,86.63,86.38,87.9,85.85,85.19,overflow,drought,False,0.637,0.216,0.147,0.0,7.0,0.29,10.0,
7,2026-06-22,ok,0.1167,86.69,predicted,86.69,86.78,86.72,87.9,86.24,86.01,85.36,overflow,drought,False,0.647,0.204,0.148,0.0,7.0,0.29,10.0,
7,2026-06-23,ok,0.1167,86.75,predicted,86.75,86.87,87.9,86.63,86.39,86.15,85.52,overflow,drought,False,0.666,0.191,0.144,0.0,7.0,0.29,10.0,
7,2026-06-24,ok,0.1164,86.54,predicted,86.54,87.9,86.5,86.24,85.96,85.7,85.04,overflow,drought,False,0.659,0.199,0.142,0.0,7.0,0.29,10.0,
7,2026-06-25,ok,0.1183,87.9,observed,87.9,86.68,86.61,86.39,86.13,85.92,85.27,overflow,drought,False,0.621,0.224,0.155,0.0,7.0,0.29,10.0,
7,2026-06-26,ok,0.1185,88.07,predicted,88.07,88.27,88.31,88.16,87.88,87.66,87.02,overflow,drought,False,0.632,0.226,0.141,0.0,7.0,0.57,6.0,
7,2026-06-27,ok,0.1188,88.31,predicted,88.31,88.5,88.51,88.32,88.01,87.74,87.07,overflow,drought,False,0.62,0.226,0.154,0.0,7.0,0.57,6.0,
7,2026-06-28,ok,0.1189,88.37,predicted,88.37,88.53,88.51,88.28,87.95,87.65,86.96,overflow,drought,False,0.647,0.216,0.138,0.0,7.0,0.57,6.0,
7,2026-06-29,ok,0.1192,88.58,predicted,88.58,88.77,88.77,88.56,88.24,87.94,87.26,overflow,drought,False,0.649,0.217,0.134,0.0,7.0,0.57,6.0,
7,2026-06-30,ok,0.1194,88.71,predicted,88.71,88.88,88.86,88.63,88.28,87.97,87.27,overflow,drought,False,0.665,0.205,0.13,0.0,7.0,0.57,6.0,
7,2026-07-01,ok,0.1195,88.8,predicted,88.8,88.92,88.86,88.6,88.22,87.9,82.05,overflow,drought,False,0.533,0.163,0.304,0.0,7.0,0.57,6.0,
7,2026-07-02,ok,0.1199,89.1,predicted,89.1,89.25,89.22,88.98,88.6,82.05,87.58,overflow,overflow,True,0.398,0.122,0.479,0.0,7.0,0.57,6.0,
7,2026-07-03,ok,0.1184,87.98,predicted,87.98,88.0,87.87,87.57,82.05,86.9,86.16,overflow,overflow,True,0.263,0.087,0.65,0.0,7.0,0.29,10.0,
7,2026-07-04,ok,0.1187,88.2,predicted,88.2,88.3,88.23,82.05,87.63,87.34,86.64,overflow,overflow,True,0.299,0.098,0.604,0.0,7.0,0.29,10.0,
7,2026-07-05,ok,0.1184,87.96,predicted,87.96,87.98,82.05,87.49,87.09,86.73,85.99,overflow,overflow,True,0.302,0.101,0.597,0.0,7.0,0.29,10.0,
7,2026-07-06,ok,0.1182,87.81,predicted,87.81,82.05,87.72,87.41,87.05,86.74,86.01,overflow,overflow,True,0.284,0.091,0.626,0.0,7.0,0.29,10.0,
7,2026-07-07,ok,0.1104,82.05,observed,82.05,88.02,87.94,87.7,87.37,87.11,86.42,overflow,overflow,True,0.281,0.083,0.636,0.0,7.0,0.29,10.0,
7,2026-07-08,ok,0.11,81.73,predicted,81.73,81.38,80.93,80.46,80.16,79.95,79.25,overflow,overflow,True,0.283,0.08,0.638,0.0,7.0,0.57,6.0,
7,2026-07-09,ok,0.1094,81.27,predicted,81.27,80.87,80.36,79.84,79.5,79.26,78.54,overflow,overflow,True,0.3,0.084,0.617,0.0,7.0,0.57,6.0,
7,2026-07-10,ok,0.1108,82.31,predicted,82.31,82.11,81.76,81.34,81.03,80.78,80.09,overflow,overflow,True,0.313,0.093,0.593,0.0,7.0,0.29,10.0,
7,2026-07-11,ok,0.1108,82.31,predicted,82.31,82.16,81.86,81.49,81.23,81.02,80.36,overflow,overflow,True,0.302,0.099,0.599,0.0,7.0,0.29,10.0,
7,2026-07-12,ok,0.1107,82.3,predicted,82.3,82.14,81.84,81.47,81.2,80.99,80.33,overflow,overflow,True,0.295,0.102,0.603,0.0,7.0,0.29,10.0,
7,2026-07-13,ok,0.1108,82.31,predicted,82.31,82.16,81.87,81.52,81.27,81.07,84.68,overflow,overflow,True,0.277,0.102,0.622,0.0,7.0,0.29,10.0,
7,2026-07-14,ok,0.1108,82.35,predicted,82.35,82.22,81.93,81.59,81.34,84.68,80.49,overflow,overflow,True,0.254,0.103,0.643,0.0,7.0,0.29,10.0,
7,2026-07-15,ok,0.1107,82.3,predicted,82.3,82.13,81.81,81.43,84.68,80.91,80.25,overflow,overflow,True,0.273,0.114,0.613,0.0,7.0,0.29,10.0,
7,2026-07-16,ok,0.1107,82.27,predicted,82.27,82.13,81.83,84.68,81.2,80.98,80.33,overflow,overflow,True,0.279,0.109,0.612,0.0,7.0,0.29,10.0,
7,2026-07-17,ok,0.1107,82.27,predicted,82.27,82.13,84.68,81.48,81.23,81.02,80.38,overflow,overflow,True,0.343,0.105,0.552,0.0,7.0,0.29,10.0,
7,2026-07-18,ok,0.1107,82.27,predicted,82.27,84.68,81.79,81.42,81.15,80.93,80.27,overflow,overflow,True,0.323,0.094,0.583,0.0,7.0,0.29,10.0,
7,2026-07-19,ok,0.1139,84.68,observed,84.68,82.18,81.87,81.5,81.23,81.01,80.35,overflow,overflow,True,0.305,0.094,0.601,0.0,7.0,0.29,10.0,
7,2026-07-20,ok,0.1145,85.09,predicted,85.09,85.07,84.87,84.54,84.22,83.95,83.26,overflow,overflow,True,0.265,0.093,0.642,0.0,7.0,0.57,6.0,
7,2026-07-21,ok,0.1148,85.33,predicted,85.33,85.34,85.16,84.86,84.56,84.31,83.63,overflow,overflow,True,0.34,0.113,0.547,0.0,7.0,0.57,6.0,
7,2026-07-22,ok,0.1142,84.84,predicted,84.84,84.75,84.51,84.17,83.86,83.63,82.93,overflow,drought,False,0.452,0.119,0.429,0.0,7.0,0.29,10.0,
7,2026-07-23,ok,0.1142,84.87,predicted,84.87,84.79,84.55,84.21,83.9,83.67,82.97,overflow,drought,False,0.453,0.117,0.43,0.0,7.0,0.29,10.0,
7,2026-07-24,ok,0.1142,84.87,predicted,84.87,84.78,84.52,84.17,83.86,83.62,82.92,overflow,overflow,True,0.405,0.108,0.488,0.0,7.0,0.29,10.0,
7,2026-07-25,ok,0.1142,84.9,predicted,84.9,84.79,84.53,84.16,83.83,83.59,82.87,overflow,overflow,True,0.333,0.095,0.572,0.0,7.0,0.29,10.0,
7,2026-07-26,ok,0.1143,84.94,predicted,84.94,84.81,84.53,84.15,83.8,83.54,82.81,overflow,overflow,True,0.289,0.086,0.624,0.0,7.0,0.29,10.0,
8,2026-03-25,ok,0.0234,68.25,predicted,68.25,59.37,67.67,67.36,67.22,67.1,66.83,overflow,drought,False,0.566,0.298,0.136,0.0,7.0,0.29,10.0,
8,2026-03-26,ok,0.0203,59.37,observed,59.37,68.02,67.69,67.39,67.27,67.15,66.89,overflow,drought,False,0.595,0.266,0.139,0.0,7.0,0.29,10.0,
8,2026-03-27,ok,0.0202,59.07,predicted,59.07,58.55,58.06,57.65,57.39,57.25,57.16,overflow,drought,False,0.624,0.239,0.137,0.0,7.0,0.57,6.0,
8,2026-03-28,ok,0.02,58.38,predicted,58.38,57.88,57.4,57.01,56.76,56.61,56.54,overflow,drought,False,0.618,0.247,0.136,0.0,7.0,0.57,6.0,
8,2026-03-29,ok,0.0205,59.9,predicted,59.9,59.74,59.48,59.23,59.06,58.89,58.8,overflow,drought,False,0.611,0.278,0.111,0.0,7.0,0.29,10.0,
8,2026-03-30,ok,0.0205,59.93,predicted,59.93,59.78,59.54,59.31,59.16,59.0,58.93,overflow,drought,False,0.613,0.299,0.088,0.0,7.0,0.29,10.0,
8,2026-03-31,ok,0.0205,59.96,predicted,59.96,59.81,59.57,59.33,59.18,59.02,58.94,overflow,drought,False,0.624,0.304,0.072,0.0,7.0,0.29,10.0,
8,2026-04-01,ok,0.0205,59.95,predicted,59.95,59.77,59.5,59.25,59.07,58.89,58.73,overflow,drought,False,0.637,0.304,0.059,0.0,7.0,0.29,10.0,
8,2026-04-02,ok,0.0205,59.96,predicted,59.96,59.79,59.52,59.26,59.09,58.73,58.82,overflow,drought,False,0.652,0.299,0.049,0.0,7.0,0.29,10.0,
8,2026-04-03,ok,0.0206,60.02,predicted,60.02,59.91,59.73,59.54,58.73,59.28,59.25,overflow,drought,False,0.67,0.275,0.056,0.0,7.0,0.29,10.0,
8,2026-04-04,ok,0.0205,59.83,predicted,59.83,59.75,59.62,58.73,59.39,59.28,59.3,overflow,drought,False,0.703,0.239,0.058,0.0,7.0,0.29,10.0,
8,2026-04-05,ok,0.0205,59.81,predicted,59.81,59.85,58.73,59.8,59.83,59.81,59.88,overflow,drought,False,0.711,0.229,0.06,0.0,7.0,0.29,10.0,
8,2026-04-06,ok,0.0205,59.83,predicted,59.83,58.73,59.62,59.47,59.39,59.29,59.27,overflow,drought,False,0.686,0.255,0.059,0.0,7.0,0.29,10.0,
8,2026-04-07,ok,0.0201,58.73,observed,58.73,59.8,59.6,59.38,59.24,59.08,59.03,overflow,drought,False,0.688,0.253,0.059,0.0,7.0,0.29,10.0,
8,2026-04-08,ok,0.0202,59.09,predicted,59.09,58.87,58.56,58.26,58.04,57.83,57.73,overflow,drought,False,0.648,0.292,0.059,0.0,7.0,0.57,6.0,
8,2026-04-09,ok,0.0203,59.12,predicted,59.12,58.94,58.67,58.42,58.24,58.06,57.98,overflow,drought,False,0.611,0.337,0.052,0.0,7.0,0.57,6.0,
8,2026-04-10,ok,0.0203,59.32,predicted,59.32,59.17,58.93,58.7,58.53,58.35,58.28,overflow,drought,False,0.61,0.347,0.043,0.0,7.0,0.29,10.0,
8,2026-04-11,ok,0.0203,59.23,predicted,59.23,59.01,58.67,58.34,58.09,57.86,57.72,overflow,drought,False,0.596,0.365,0.039,0.0,7.0,0.29,10.0,
8,2026-04-12,ok,0.0203,59.32,predicted,59.32,59.16,58.9,58.65,58.48,58.29,58.21,overflow,drought,False,0.655,0.306,0.039,0.0,7.0,0.29,10.0,
8,2026-04-13,ok,0.0203,59.32,predicted,59.32,59.19,58.98,58.76,58.62,58.46,53.03,overflow,drought,False,0.76,0.201,0.038,0.0,7.0,0.29,10.0,
8,2026-04-14,ok,0.0203,59.29,predicted,59.29,59.23,59.11,58.98,58.91,53.03,58.82,overflow,drought,False,0.841,0.12,0.04,0.0,7.0,0.29,10.0,
8,2026-04-15,ok,0.0203,59.18,predicted,59.18,59.15,59.07,58.98,53.03,58.86,58.91,overflow,drought,False,0.847,0.105,0.049,0.0,7.0,0.29,10.0,
8,2026-04-16,ok,0.0203,59.22,predicted,59.22,59.19,59.08,53.03,58.91,58.82,58.84,overflow,drought,False,0.758,0.185,0.057,0.0,7.0,0.29,10.0,
8,2026-04-17,ok,0.0203,59.23,predicted,59.23,59.07,53.03,58.56,58.37,58.19,58.11,overflow,drought,False,0.663,0.265,0.072,0.0,7.0,0.29,10.0,
8,2026-04-18,ok,0.0203,59.23,predicted,59.23,53.03,58.64,58.31,58.04,57.8,57.66,overflow,drought,False,0.619,0.315,0.066,0.0,7.0,0.29,10.0,
8,2026-04-19,ok,0.0182,53.03,observed,53.03,59.09,58.75,58.44,58.19,57.96,57.82,overflow,drought,False,0.526,0.413,0.061,0.0,7.0,0.29,10.0,
8,2026-04-20,ok,0.0181,52.93,predicted,52.93,52.48,51.98,51.53,51.13,50.82,50.73,overflow,normal,False,0.453,0.492,0.055,0.0,7.0,0.57,6.0,
8,2026-04-21,ok,0.018,52.56,predicted,52.56,52.23,51.92,51.62,51.35,51.15,51.19,overflow,drought,False,0.693,0.271,0.036,0.0,7.0,0.57,6.0,
8,2026-04-22,ok,0.0183,53.46,predicted,53.46,53.45,53.38,53.28,53.17,53.03,53.12,overflow,drought,False,0.746,0.22,0.034,0.0,7.0,0.29,10.0,
8,2026-04-23,ok,0.0183,53.51,predicted,53.51,53.56,53.55,53.49,53.42,53.32,53.43,overflow,drought,False,0.785,0.18,0.034,0.0,7.0,0.29,10.0,
8,2026-04-24,ok,0.0183,53.5,predicted,53.5,53.48,53.39,53.26,53.12,52.95,53.03,overflow,drought,False,0.812,0.15,0.037,0.0,7.0,0.29,10.0,
8,2026-04-25,ok,0.0183,53.42,predicted,53.42,53.33,53.15,52.95,52.74,52.52,54.6,overflow,drought,False,0.806,0.155,0.038,0.0,7.0,0.29,10.0,
8,2026-04-26,ok,0.0183,53.37,predicted,53.37,53.23,52.98,52.72,52.46,54.6,52.17,overflow,drought,False,0.7,0.251,0.049,0.0,7.0,0.29,10.0,
8,2026-04-27,ok,0.0183,53.5,predicted,53.5,53.38,53.15,52.91,54.6,52.42,52.4,overflow,drought,False,0.618,0.325,0.057,0.0,7.0,0.29,10.0,
8,2026-04-28,ok,0.0184,53.58,predicted,53.58,53.5,53.36,54.6,52.98,52.76,52.79,overflow,drought,False,0.768,0.185,0.047,0.0,7.0,0.29,10.0,
8,2026-04-29,ok,0.0183,53.38,predicted,53.38,53.26,54.6,52.82,52.59,52.35,52.36,overflow,drought,False,0.773,0.196,0.032,0.0,7.0,0.29,10.0,
8,2026-04-30,ok,0.0183,53.42,predicted,53.42,54.6,53.44,53.38,53.31,53.21,53.33,overflow,drought,False,0.775,0.191,0.034,0.0,7.0,0.29,10.0,
8,2026-05-01,ok,0.0187,54.6,observed,54.6,53.6,53.68,53.7,53.7,53.65,53.82,overflow,drought,False,0.788,0.17,0.042,0.0,7.0,0.29,10.0,
8,2026-05-02,ok,0.0189,55.14,predicted,55.14,55.19,55.14,55.04,54.93,54.78,54.83,overflow,drought,False,0.775,0.181,0.044,0.0,7.0,0.57,6.0,
8,2026-05-03,ok,0.0189,55.29,predicted,55.29,55.25,55.08,54.89,54.69,54.47,54.45,overflow,drought,False,0.745,0.204,0.051,0.0,7.0,0.57,6.0,
8,2026-05-04,ok,0.0189,55.05,predicted,55.05,54.91,54.68,54.43,54.19,53.95,53.92,overflow,drought,False,0.774,0.173,0.053,0.0,7.0,0.29,10.0,
8,2026-05-05,ok,0.0188,55.0,predicted,55.0,54.85,54.6,54.33,54.09,53.85,53.81,overflow,drought,False,0.807,0.142,0.051,0.0,7.0,0.29,10.0,
8,2026-05-06,ok,0.0189,55.12,predicted,55.12,55.12,55.07,54.98,54.89,54.77,54.84,overflow,drought,False,0.838,0.119,0.044,0.0,7.0,0.29,10.0,
8,2026-05-07,ok,0.0188,54.99,predicted,54.99,54.97,54.88,54.77,54.66,54.54,39.63,overflow,drought,False,0.849,0.106,0.045,0.0,6.0,0.29,10.0,
8,2026-05-08,ok,0.0189,55.08,predicted,55.08,55.14,55.15,55.11,55.08,39.63,55.13,overflow,drought,False,0.862,0.101,0.037,0.0,6.0,0.29,10.0,
8,2026-05-09,ok,0.0189,55.04,predicted,55.04,55.08,55.07,55.02,39.63,54.86,54.98,overflow,drought,False,0.862,0.101,0.037,0.0,6.0,0.29,10.0,
8,2026-05-10,ok,0.0188,55.03,predicted,55.03,55.11,55.14,39.63,55.09,55.02,55.16,overflow,drought,False,0.863,0.102,0.035,0.0,6.0,0.29,10.0,
8,2026-05-11,ok,0.0189,55.06,predicted,55.06,55.26,39.63,55.65,55.75,55.82,56.07,overflow,drought,False,0.798,0.124,0.078,0.0,6.0,0.29,10.0,
8,2026-05-12,ok,0.0189,55.1,predicted,55.1,39.63,56.16,56.6,56.98,57.27,57.68,overflow,drought,False,0.783,0.128,0.089,0.0,6.0,0.29,10.0,
8,2026-05-13,ok,0.0136,39.63,observed,39.63,55.5,55.91,56.21,56.45,56.62,56.94,normal,drought,False,0.763,0.136,0.101,0.0,6.0,0.29,10.0,
8,2026-05-14,ok,0.0132,38.57,predicted,38.57,38.27,38.24,38.15,37.97,38.0,38.25,normal,drought,False,0.794,0.121,0.085,0.0,0.0,0.57,6.0,
8,2026-05-15,ok,0.0126,36.88,predicted,36.88,36.21,35.71,35.2,34.64,34.33,34.31,normal,drought,False,0.814,0.121,0.066,0.0,0.0,0.57,6.0,
8,2026-05-16,ok,0.0135,39.53,predicted,39.53,39.55,39.52,39.39,39.17,38.93,38.96,normal,drought,False,0.819,0.122,0.059,0.0,0.0,0.29,10.0,
8,2026-05-17,ok,0.0135,39.49,predicted,39.49,39.42,39.26,39.03,38.72,38.41,38.37,normal,drought,False,0.813,0.124,0.063,0.0,0.0,0.29,10.0,
8,2026-05-18,ok,0.0136,39.6,predicted,39.6,39.54,39.37,39.14,38.85,38.55,38.49,normal,drought,False,0.798,0.126,0.076,0.0,0.0,0.29,10.0,
8,2026-05-19,ok,0.0136,39.67,predicted,39.67,39.55,39.33,39.04,38.71,38.36,38.28,normal,drought,False,0.788,0.131,0.081,0.0,0.0,0.29,10.0,
8,2026-05-20,ok,0.0136,39.63,predicted,39.63,39.46,39.21,38.9,38.54,38.17,38.08,normal,drought,False,0.755,0.139,0.107,0.0,0.0,0.29,10.0,
8,2026-05-21,ok,0.0136,39.66,predicted,39.66,39.57,39.39,39.15,38.88,38.59,38.56,normal,drought,False,0.738,0.142,0.12,0.0,0.0,0.29,10.0,
8,2026-05-22,ok,0.0136,39.7,predicted,39.7,39.65,39.52,39.35,39.12,38.88,38.89,normal,drought,False,0.671,0.177,0.153,0.0,0.0,0.29,10.0,
8,2026-05-23,ok,0.0136,39.76,predicted,39.76,39.77,39.72,39.62,39.46,39.28,39.36,normal,drought,False,0.732,0.146,0.123,0.0,0.0,0.29,10.0,
8,2026-05-24,ok,0.0136,39.6,predicted,39.6,39.55,39.44,39.29,39.09,38.88,38.93,normal,drought,False,0.558,0.222,0.22,0.0,0.0,0.29,10.0,
8,2026-05-25,ok,0.0136,39.68,predicted,39.68,39.75,39.77,39.75,39.66,39.55,39.68,normal,drought,False,0.643,0.192,0.165,0.0,0.0,0.29,10.0,
8,2026-05-26,ok,0.0136,39.7,predicted,39.7,39.78,39.81,39.8,39.72,39.61,39.75,normal,drought,False,0.675,0.184,0.141,0.0,0.0,0.29,10.0,
8,2026-05-27,ok,0.0136,39.72,predicted,39.72,39.77,39.78,39.73,39.62,39.48,39.6,normal,drought,False,0.725,0.159,0.115,0.0,0.0,0.29,10.0,
8,2026-05-28,rejected,,,,,,,,,,,,,,,,,,,,,no storage data available for this tank
8,2026-05-29,rejected,,,,,,,,,,,,,,,,,,,,,no storage data available for this tank
8,2026-05-30,rejected,,,,,,,,,,,,,,,,,,,,,no storage data available for this tank
8,2026-05-31,rejected,,,,,,,,,,,,,,,,,,,,,no storage data available for this tank
8,2026-06-01,rejected,,,,,,,,,,,,,,,,,,,,,no storage data available for this tank
8,2026-06-02,rejected,,,,,,,,,,,,,,,,,,,,,no storage data available for this tank
8,2026-06-03,rejected,,,,,,,,,,,,,,,,,,,,,no storage data available for this tank
8,2026-06-04,rejected,,,,,,,,,,,,,,,,,,,,,no storage data available for this tank
8,2026-06-05,rejected,,,,,,,,,,,,,,,,,,,,,no storage data available for this tank
8,2026-06-06,rejected,,,,,,,,,,,,,,,,,,,,,no storage data available for this tank
8,2026-06-07,ok,0.0031,9.09,predicted,9.09,9.2,9.36,9.55,9.88,10.12,10.32,drought,drought,True,0.77,0.179,0.051,7.0,0.0,0.29,10.0,
8,2026-06-08,ok,0.0031,9.19,predicted,9.19,9.33,9.5,9.73,10.08,10.36,10.56,drought,drought,True,0.814,0.143,0.044,7.0,0.0,0.29,10.0,
8,2026-06-09,ok,0.0031,9.11,predicted,9.11,9.17,9.27,9.42,9.68,9.9,10.06,drought,drought,True,0.821,0.136,0.043,7.0,0.0,0.29,10.0,
8,2026-06-10,ok,0.0031,8.98,predicted,8.98,9.03,9.13,9.26,9.53,9.73,9.9,drought,drought,True,0.801,0.155,0.044,7.0,0.0,0.29,10.0,
8,2026-06-11,ok,0.0031,9.03,predicted,9.03,9.16,9.35,9.56,9.92,10.17,10.39,drought,drought,True,0.796,0.163,0.041,7.0,0.0,0.29,10.0,
8,2026-06-12,ok,0.0031,9.2,predicted,9.2,9.38,9.59,9.87,10.27,10.58,16.58,drought,drought,True,0.825,0.138,0.037,6.0,0.0,0.29,10.0,
8,2026-06-13,ok,0.0031,9.04,predicted,9.04,9.32,9.68,10.18,10.7,16.58,11.58,drought,drought,True,0.833,0.125,0.041,6.0,0.0,0.29,10.0,
8,2026-06-14,ok,0.003,8.83,predicted,8.83,9.1,9.39,9.79,16.58,10.68,11.0,drought,drought,True,0.849,0.114,0.037,6.0,0.0,0.29,10.0,
8,2026-06-15,ok,0.003,8.8,predicted,8.8,9.03,9.29,16.58,10.02,10.34,10.62,drought,drought,True,0.841,0.118,0.041,6.0,0.0,0.29,10.0,
8,2026-06-16,ok,0.0031,9.0,predicted,9.0,9.29,16.58,9.93,10.41,10.72,11.0,drought,drought,True,0.842,0.115,0.043,6.0,0.0,0.29,10.0,
8,2026-06-17,ok,0.0031,9.13,predicted,9.13,16.58,9.3,9.39,9.66,9.78,9.9,drought,drought,True,0.825,0.126,0.049,6.0,0.0,0.29,10.0,
8,2026-06-18,ok,0.0057,16.58,observed,16.58,9.33,9.37,9.44,9.67,9.77,9.86,normal,drought,False,0.826,0.118,0.056,6.0,0.0,0.29,10.0,
8,2026-06-19,ok,0.0058,17.07,predicted,17.07,17.42,17.64,17.85,18.11,18.26,7.73,normal,drought,False,0.846,0.107,0.047,1.0,0.0,0.57,6.0,
8,2026-06-20,ok,0.006,17.55,predicted,17.55,17.91,18.17,18.41,18.7,7.73,18.87,normal,drought,False,0.836,0.11,0.054,1.0,0.0,0.57,6.0,
8,2026-06-21,ok,0.0056,16.45,predicted,16.45,16.41,16.39,16.39,7.73,16.58,16.58,normal,drought,False,0.822,0.113,0.066,1.0,0.0,0.29,10.0,
8,2026-06-22,ok,0.0056,16.47,predicted,16.47,16.46,16.47,7.73,16.65,16.75,16.77,normal,drought,False,0.831,0.107,0.062,1.0,0.0,0.29,10.0,
8,2026-06-23,ok,0.0056,16.47,predicted,16.47,16.5,7.73,16.65,16.83,16.99,17.05,normal,drought,False,0.852,0.1,0.048,1.0,0.0,0.29,10.0,
8,2026-06-24,ok,0.0056,16.33,predicted,16.33,7.73,16.29,16.32,16.45,16.56,16.59,normal,drought,False,0.842,0.103,0.055,1.0,0.0,0.29,10.0,
8,2026-06-25,ok,0.0026,7.73,observed,7.73,16.39,16.48,16.6,16.83,17.0,17.1,drought,drought,True,0.791,0.124,0.085,1.0,0.0,0.29,10.0,
8,2026-06-26,ok,0.0021,6.24,predicted,6.24,5.48,4.94,4.49,4.37,4.19,4.29,drought,drought,True,0.698,0.194,0.107,7.0,0.0,0.57,6.0,
8,2026-06-27,ok,0.0018,5.16,predicted,5.16,4.41,3.84,3.4,3.27,3.09,3.18,drought,drought,True,0.811,0.123,0.066,7.0,0.0,0.57,6.0,
8,2026-06-28,ok,0.0014,3.97,predicted,3.97,3.13,2.47,1.91,1.68,1.39,1.43,drought,drought,True,0.835,0.117,0.048,7.0,0.0,0.57,6.0,
8,2026-06-29,ok,0.001,2.78,predicted,2.78,2.02,1.43,0.98,0.86,0.65,0.76,drought,drought,True,0.837,0.119,0.044,7.0,0.0,0.57,6.0,
8,2026-06-30,ok,0.0006,1.64,predicted,1.64,0.88,0.32,-0.14,-0.24,-0.47,-0.34,drought,drought,True,0.825,0.129,0.046,7.0,0.0,0.57,6.0,
8,2026-07-01,ok,0.0002,0.58,predicted,0.58,-0.2,-0.74,-1.26,-1.35,-1.68,3.17,drought,drought,True,0.691,0.219,0.09,7.0,0.0,0.57,6.0,
8,2026-07-02,ok,-0.0001,-0.28,predicted,-0.28,-0.98,-1.42,-1.88,-1.89,3.17,-2.04,drought,drought,True,0.513,0.333,0.154,7.0,0.0,0.57,6.0,
8,2026-07-03,ok,0.0024,7.04,predicted,7.04,6.99,7.01,6.96,3.17,7.13,7.19,drought,drought,True,0.415,0.375,0.21,7.0,0.0,0.29,10.0,
8,2026-07-04,ok,0.0025,7.39,predicted,7.39,7.5,7.62,3.17,8.08,8.24,8.38,drought,drought,True,0.486,0.356,0.159,7.0,0.0,0.29,10.0,
8,2026-07-05,ok,0.0025,7.28,predicted,7.28,7.17,3.17,7.0,7.06,7.1,7.11,drought,drought,True,0.509,0.344,0.147,7.0,0.0,0.29,10.0,
8,2026-07-06,ok,0.0024,6.94,predicted,6.94,3.17,6.78,6.74,6.85,6.91,6.97,drought,drought,True,0.5,0.361,0.138,7.0,0.0,0.29,10.0,
8,2026-07-07,ok,0.0011,3.17,observed,3.17,6.9,7.04,7.17,7.48,7.65,7.84,drought,drought,True,0.559,0.33,0.111,7.0,0.0,0.29,10.0,
8,2026-07-08,ok,0.0006,1.87,predicted,1.87,1.75,1.77,1.78,2.05,2.09,2.37,drought,drought,True,0.602,0.298,0.1,7.0,0.0,0.57,6.0,
8,2026-07-09,ok,0.0006,1.64,predicted,1.64,1.49,1.47,1.44,1.67,1.67,1.92,drought,drought,True,0.607,0.314,0.079,7.0,0.0,0.57,6.0,
8,2026-07-10,ok,0.0008,2.36,predicted,2.36,2.38,2.48,2.53,2.74,2.8,2.96,drought,drought,True,0.601,0.34,0.059,7.0,0.0,0.29,10.0,
8,2026-07-11,ok,0.0008,2.4,predicted,2.4,2.38,2.44,2.47,2.65,2.7,2.85,drought,drought,True,0.611,0.345,0.044,7.0,0.0,0.29,10.0,
8,2026-07-12,ok,0.0008,2.31,predicted,2.31,2.28,2.35,2.38,2.57,2.62,2.78,drought,drought,True,0.617,0.345,0.038,7.0,0.0,0.29,10.0,
8,2026-07-13,ok,0.0008,2.26,predicted,2.26,2.27,2.38,2.44,2.67,2.75,6.06,drought,drought,True,0.633,0.334,0.033,7.0,0.0,0.29,10.0,
8,2026-07-14,ok,0.0008,2.3,predicted,2.3,2.37,2.53,2.66,2.95,6.06,3.31,drought,drought,True,0.636,0.329,0.034,7.0,0.0,0.29,10.0,
8,2026-07-15,ok,0.0008,2.3,predicted,2.3,2.34,2.47,2.57,6.06,2.93,3.14,drought,drought,True,0.632,0.333,0.035,7.0,0.0,0.29,10.0,
8,2026-07-16,ok,0.0008,2.28,predicted,2.28,2.33,2.46,6.06,2.84,2.97,3.19,drought,drought,True,0.649,0.316,0.034,7.0,0.0,0.29,10.0,
8,2026-07-17,ok,0.0008,2.21,predicted,2.21,2.27,6.06,2.53,2.79,2.93,3.16,drought,drought,True,0.698,0.274,0.027,7.0,0.0,0.29,10.0,
8,2026-07-18,ok,0.0007,2.12,predicted,2.12,6.06,2.38,2.52,2.82,2.96,3.21,drought,drought,True,0.713,0.26,0.027,7.0,0.0,0.29,10.0,
8,2026-07-19,ok,0.0021,6.06,observed,6.06,2.39,2.67,2.93,3.34,3.57,3.89,drought,drought,True,0.701,0.266,0.033,7.0,0.0,0.29,10.0,
8,2026-07-20,ok,0.0019,5.52,predicted,5.52,5.69,5.9,6.05,6.34,6.51,6.64,drought,drought,True,0.689,0.276,0.035,7.0,0.0,0.57,6.0,
8,2026-07-21,ok,0.002,5.76,predicted,5.76,5.92,6.12,6.27,6.56,6.72,6.84,drought,drought,True,0.638,0.322,0.041,7.0,0.0,0.57,6.0,
8,2026-07-22,ok,0.0018,5.18,predicted,5.18,5.18,5.27,5.31,5.54,5.63,5.79,drought,drought,True,0.574,0.379,0.047,7.0,0.0,0.29,10.0,
8,2026-07-23,ok,0.0018,5.22,predicted,5.22,5.21,5.3,5.34,5.57,5.65,5.8,drought,drought,True,0.551,0.405,0.044,7.0,0.0,0.29,10.0,
8,2026-07-24,ok,0.0018,5.23,predicted,5.23,5.15,5.17,5.13,5.3,5.32,5.42,drought,drought,True,0.546,0.419,0.035,7.0,0.0,0.29,10.0,
8,2026-07-25,ok,0.0018,5.21,predicted,5.21,5.12,5.14,5.08,5.25,5.25,5.34,drought,drought,True,0.52,0.448,0.032,7.0,0.0,0.29,10.0,
8,2026-07-26,ok,0.0018,5.22,predicted,5.22,5.14,5.18,5.13,5.3,5.31,5.4,drought,drought,True,0.496,0.473,0.03,7.0,0.0,0.29,10.0,
9,2026-03-25,ok,0.0405,82.3,predicted,82.3,76.17,81.88,81.53,81.28,81.07,80.45,overflow,drought,False,0.456,0.184,0.361,0.0,7.0,0.29,10.0,
9,2026-03-26,ok,0.0374,76.17,observed,76.17,82.16,81.87,81.51,81.26,81.04,80.42,overflow,drought,False,0.487,0.155,0.358,0.0,7.0,0.29,10.0,
9,2026-03-27,ok,0.0372,75.75,predicted,75.75,75.26,74.7,74.19,73.95,73.78,73.24,overflow,drought,False,0.543,0.131,0.327,0.0,7.0,0.57,6.0,
9,2026-03-28,ok,0.037,75.25,predicted,75.25,74.77,74.22,73.73,73.49,73.34,72.83,overflow,drought,False,0.565,0.132,0.303,0.0,7.0,0.57,6.0,
9,2026-03-29,ok,0.0375,76.33,predicted,76.33,76.09,75.73,75.38,75.21,75.07,74.58,overflow,drought,False,0.56,0.14,0.3,0.0,7.0,0.29,10.0,
9,2026-03-30,ok,0.0375,76.36,predicted,76.36,76.15,75.82,75.49,75.34,75.22,74.74,overflow,drought,False,0.554,0.151,0.295,0.0,7.0,0.29,10.0,
9,2026-03-31,ok,0.0376,76.41,predicted,76.41,76.2,75.88,75.55,75.41,75.28,74.81,overflow,drought,False,0.546,0.156,0.297,0.0,7.0,0.29,10.0,
9,2026-04-01,ok,0.0376,76.42,predicted,76.42,76.19,75.83,75.47,75.3,75.16,73.16,overflow,drought,False,0.535,0.149,0.316,0.0,7.0,0.29,10.0,
9,2026-04-02,ok,0.0376,76.44,predicted,76.44,76.18,75.8,75.42,75.23,73.16,74.57,overflow,drought,False,0.534,0.129,0.337,0.0,7.0,0.29,10.0,
9,2026-04-03,ok,0.0376,76.45,predicted,76.45,76.22,75.89,75.53,73.16,75.21,74.73,overflow,drought,False,0.567,0.131,0.302,0.0,7.0,0.29,10.0,
9,2026-04-04,ok,0.0375,76.23,predicted,76.23,76.05,75.78,73.16,75.36,75.23,74.81,overflow,drought,False,0.563,0.131,0.306,0.0,7.0,0.29,10.0,
9,2026-04-05,ok,0.0374,76.14,predicted,76.14,76.06,73.16,75.68,75.66,75.61,75.24,overflow,drought,False,0.525,0.137,0.338,0.0,7.0,0.29,10.0,
9,2026-04-06,ok,0.0375,76.21,predicted,76.21,73.16,75.84,75.59,75.52,75.46,75.04,overflow,drought,False,0.471,0.146,0.383,0.0,7.0,0.29,10.0,
9,2026-04-07,ok,0.036,73.16,observed,73.16,76.2,75.91,75.61,75.48,75.37,74.93,overflow,drought,False,0.448,0.155,0.398,0.0,7.0,0.29,10.0,
9,2026-04-08,ok,0.0359,73.04,predicted,73.04,72.64,72.16,71.74,71.53,71.39,70.95,overflow,overflow,True,0.347,0.165,0.488,0.0,7.0,0.57,6.0,
9,2026-04-09,ok,0.0358,72.85,predicted,72.85,72.48,72.03,71.63,71.45,71.34,70.92,overflow,overflow,True,0.361,0.217,0.422,0.0,7.0,0.57,6.0,
9,2026-04-10,ok,0.0361,73.5,predicted,73.5,73.28,72.95,72.64,72.51,72.41,72.02,overflow,drought,False,0.444,0.269,0.287,0.0,7.0,0.29,10.0,
9,2026-04-11,ok,0.0361,73.46,predicted,73.46,73.16,72.75,72.36,72.16,72.01,71.56,overflow,drought,False,0.455,0.336,0.209,0.0,7.0,0.29,10.0,
9,2026-04-12,ok,0.0361,73.52,predicted,73.52,73.26,72.89,72.55,72.39,72.26,71.84,overflow,drought,False,0.466,0.359,0.175,0.0,7.0,0.29,10.0,
9,2026-04-13,ok,0.0361,73.51,predicted,73.51,73.3,72.98,72.67,72.55,72.44,74.66,overflow,drought,False,0.501,0.334,0.165,0.0,7.0,0.29,10.0,
9,2026-04-14,ok,0.0361,73.45,predicted,73.45,73.29,73.03,72.77,72.71,74.66,72.28,overflow,drought,False,0.509,0.296,0.196,0.0,7.0,0.29,10.0,
9,2026-04-15,ok,0.036,73.33,predicted,73.33,73.2,72.99,72.78,74.66,72.7,72.39,overflow,drought,False,0.467,0.29,0.243,0.0,7.0,0.29,10.0,
9,2026-04-16,ok,0.0361,73.36,predicted,73.36,73.21,72.96,74.66,72.67,72.61,72.27,overflow,drought,False,0.511,0.276,0.213,0.0,7.0,0.29,10.0,
9,2026-04-17,ok,0.0361,73.41,predicted,73.41,73.16,74.66,72.47,72.32,72.21,71.8,overflow,drought,False,0.422,0.34,0.238,0.0,7.0,0.29,10.0,
9,2026-04-18,ok,0.0361,73.45,predicted,73.45,74.66,72.72,72.32,72.11,71.96,71.5,overflow,drought,False,0.406,0.366,0.228,0.0,7.0,0.29,10.0,
9,2026-04-19,ok,0.0367,74.66,observed,74.66,73.23,72.81,72.41,72.21,72.05,71.59,overflow,normal,False,0.336,0.45,0.214,0.0,7.0,0.29,10.0,
9,2026-04-20,ok,0.0369,75.13,predicted,75.13,74.88,74.48,74.09,73.87,73.69,73.19,overflow,normal,False,0.306,0.51,0.184,0.0,7.0,0.57,6.0,
9,2026-04-21,ok,0.037,75.34,predicted,75.34,75.22,74.99,74.74,74.66,74.55,74.16,overflow,normal,False,0.415,0.429,0.156,0.0,7.0,0.57,6.0,
9,2026-04-22,ok,0.0368,74.87,predicted,74.87,74.73,74.49,74.24,74.18,74.11,73.73,overflow,drought,False,0.437,0.388,0.175,0.0,7.0,0.29,10.0,
9,2026-04-23,ok,0.0368,74.88,predicted,74.88,74.75,74.52,74.28,74.23,74.16,73.79,overflow,drought,False,0.446,0.356,0.198,0.0,7.0,0.29,10.0,
9,2026-04-24,ok,0.0368,74.87,predicted,74.87,74.71,74.44,74.16,74.07,73.97,73.58,overflow,drought,False,0.442,0.347,0.211,0.0,7.0,0.29,10.0,
9,2026-04-25,ok,0.0368,74.81,predicted,74.81,74.59,74.26,73.93,73.79,73.65,72.16,overflow,drought,False,0.447,0.343,0.21,0.0,7.0,0.29,10.0,
9,2026-04-26,ok,0.0368,74.78,predicted,74.78,74.52,74.15,73.78,73.61,72.16,73.01,overflow,normal,False,0.396,0.399,0.204,0.0,7.0,0.29,10.0,
9,2026-04-27,ok,0.0368,74.91,predicted,74.91,74.65,74.27,73.9,72.16,73.58,73.12,overflow,normal,False,0.39,0.43,0.18,0.0,7.0,0.29,10.0,
9,2026-04-28,ok,0.0369,74.97,predicted,74.97,74.77,74.46,72.16,74.02,73.89,73.47,overflow,drought,False,0.496,0.361,0.143,0.0,7.0,0.29,10.0,
9,2026-04-29,ok,0.0368,74.82,predicted,74.82,74.6,72.16,73.94,73.8,73.66,73.24,overflow,drought,False,0.555,0.326,0.119,0.0,7.0,0.29,10.0,
9,2026-04-30,ok,0.0368,74.78,predicted,74.78,72.16,74.4,74.16,74.1,74.02,73.66,overflow,drought,False,0.553,0.312,0.135,0.0,7.0,0.29,10.0,
9,2026-05-01,ok,0.0355,72.16,observed,72.16,74.67,74.49,74.3,74.29,74.25,73.92,overflow,drought,False,0.522,0.316,0.163,0.0,7.0,0.29,10.0,
9,2026-05-02,ok,0.0354,72.07,predicted,72.07,71.82,71.49,71.2,71.12,71.06,70.73,overflow,drought,False,0.498,0.344,0.158,0.0,7.0,0.57,6.0,
9,2026-05-03,ok,0.0354,71.93,predicted,71.93,71.61,71.21,70.86,70.72,70.62,70.26,overflow,drought,False,0.433,0.398,0.169,0.0,7.0,0.57,6.0,
9,2026-05-04,ok,0.0356,72.43,predicted,72.43,72.19,71.85,71.53,71.39,71.27,70.9,overflow,drought,False,0.557,0.29,0.153,0.0,7.0,0.29,10.0,
9,2026-05-05,ok,0.0356,72.41,predicted,72.41,72.17,71.82,71.49,71.35,71.23,70.86,overflow,drought,False,0.547,0.29,0.163,0.0,7.0,0.29,10.0,
9,2026-05-06,ok,0.0356,72.44,predicted,72.44,72.27,72.01,71.76,71.69,71.62,71.29,overflow,drought,False,0.604,0.247,0.149,0.0,7.0,0.29,10.0,
9,2026-05-07,ok,0.0356,72.34,predicted,72.34,72.23,72.02,71.83,71.82,71.79,75.41,overflow,drought,False,0.608,0.231,0.162,0.0,7.0,0.29,10.0,
9,2026-05-08,ok,0.0356,72.43,predicted,72.43,72.36,72.21,72.06,72.08,75.41,71.82,overflow,drought,False,0.643,0.217,0.14,0.0,7.0,0.29,10.0,
9,2026-05-09,ok,0.0356,72.4,predicted,72.4,72.28,72.09,71.88,75.41,71.81,71.53,overflow,drought,False,0.626,0.226,0.148,0.0,7.0,0.29,10.0,
9,2026-05-10,ok,0.0355,72.32,predicted,72.32,72.22,72.05,75.41,71.86,71.83,71.56,overflow,drought,False,0.64,0.229,0.131,0.0,7.0,0.29,10.0,
9,2026-05-11,ok,0.0356,72.33,predicted,72.33,72.32,75.41,72.22,72.31,72.37,72.19,overflow,drought,False,0.578,0.262,0.16,0.0,7.0,0.29,10.0,
9,2026-05-12,ok,0.0355,72.27,predicted,72.27,75.41,72.72,72.89,73.19,73.41,73.37,overflow,drought,False,0.566,0.261,0.173,0.0,7.0,0.29,10.0,
9,2026-05-13,ok,0.0371,75.41,observed,75.41,72.52,72.7,72.82,73.07,73.25,73.17,overflow,drought,False,0.558,0.253,0.189,0.0,7.0,0.29,10.0,
9,2026-05-14,ok,0.0374,75.99,predicted,75.99,76.35,76.63,76.78,77.01,77.13,76.97,overflow,drought,False,0.614,0.223,0.163,0.0,7.0,0.57,6.0,
9,2026-05-15,ok,0.0374,76.04,predicted,76.04,76.25,76.36,76.34,76.42,76.42,76.15,overflow,drought,False,0.637,0.229,0.134,0.0,7.0,0.57,6.0,
9,2026-05-16,ok,0.0371,75.39,predicted,75.39,75.34,75.22,75.02,74.97,74.9,74.55,overflow,drought,False,0.655,0.222,0.123,0.0,7.0,0.29,10.0,
9,2026-05-17,ok,0.037,75.34,predicted,75.34,75.18,74.92,74.61,74.46,74.31,73.88,overflow,drought,False,0.651,0.224,0.124,0.0,7.0,0.29,10.0,
9,2026-05-18,ok,0.037,75.37,predicted,75.37,75.14,74.8,74.43,74.22,74.06,73.58,overflow,drought,False,0.64,0.225,0.134,0.0,7.0,0.29,10.0,
9,2026-05-19,ok,0.0371,75.48,predicted,75.48,75.23,74.87,74.48,74.25,74.07,73.58,overflow,drought,False,0.654,0.208,0.138,0.0,7.0,0.29,10.0,
9,2026-05-20,ok,0.0371,75.45,predicted,75.45,75.19,74.8,74.41,74.18,74.0,73.5,overflow,drought,False,0.62,0.206,0.174,0.0,7.0,0.29,10.0,
9,2026-05-21,ok,0.0371,75.45,predicted,75.45,75.23,74.9,74.56,74.39,74.25,73.79,overflow,drought,False,0.601,0.199,0.2,0.0,7.0,0.29,10.0,
9,2026-05-22,ok,0.0371,75.47,predicted,75.47,75.26,74.92,74.59,74.43,74.31,73.85,overflow,drought,False,0.501,0.242,0.256,0.0,7.0,0.29,10.0,
9,2026-05-23,ok,0.0372,75.58,predicted,75.58,75.46,75.24,74.99,74.92,74.85,74.46,overflow,drought,False,0.499,0.232,0.269,0.0,7.0,0.29,10.0,
9,2026-05-24,ok,0.0371,75.42,predicted,75.42,75.22,74.91,74.59,74.45,74.33,73.9,overflow,overflow,True,0.37,0.252,0.378,0.0,7.0,0.29,10.0,
9,2026-05-25,ok,0.0371,75.43,predicted,75.43,75.27,75.01,74.74,74.65,74.56,74.16,overflow,drought,False,0.411,0.251,0.338,0.0,7.0,0.29,10.0,
9,2026-05-26,ok,0.0371,75.44,predicted,75.44,75.31,75.08,74.84,74.77,74.71,74.33,overflow,drought,False,0.405,0.251,0.345,0.0,7.0,0.29,10.0,
9,2026-05-27,ok,0.0371,75.5,predicted,75.5,75.36,75.12,74.87,74.79,74.72,74.33,overflow,drought,False,0.421,0.237,0.342,0.0,7.0,0.29,10.0,
9,2026-05-28,rejected,,,,,,,,,,,,,,,,,,,,,no storage data available for this tank
9,2026-05-29,rejected,,,,,,,,,,,,,,,,,,,,,no storage data available for this tank
9,2026-05-30,rejected,,,,,,,,,,,,,,,,,,,,,no storage data available for this tank
9,2026-05-31,rejected,,,,,,,,,,,,,,,,,,,,,no storage data available for this tank
9,2026-06-01,rejected,,,,,,,,,,,,,,,,,,,,,no storage data available for this tank
9,2026-06-02,rejected,,,,,,,,,,,,,,,,,,,,,no storage data available for this tank
9,2026-06-03,rejected,,,,,,,,,,,,,,,,,,,,,no storage data available for this tank
9,2026-06-04,rejected,,,,,,,,,,,,,,,,,,,,,no storage data available for this tank
9,2026-06-05,rejected,,,,,,,,,,,,,,,,,,,,,no storage data available for this tank
9,2026-06-06,rejected,,,,,,,,,,,,,,,,,,,,,no storage data available for this tank
9,2026-06-07,ok,0.0337,68.64,predicted,68.64,68.49,68.27,68.07,68.03,67.98,67.77,overflow,drought,False,0.591,0.21,0.2,0.0,7.0,0.29,10.0,
9,2026-06-08,ok,0.0337,68.62,predicted,68.62,68.46,68.22,68.0,67.94,67.86,67.65,overflow,drought,False,0.606,0.203,0.191,0.0,7.0,0.29,10.0,
9,2026-06-09,ok,0.0337,68.52,predicted,68.52,68.34,68.08,67.84,67.77,67.68,67.46,overflow,drought,False,0.607,0.2,0.194,0.0,7.0,0.29,10.0,
9,2026-06-10,ok,0.0337,68.5,predicted,68.5,68.33,68.08,67.85,67.79,67.72,67.49,overflow,drought,False,0.587,0.213,0.201,0.0,7.0,0.29,10.0,
9,2026-06-11,ok,0.0337,68.58,predicted,68.58,68.43,68.2,68.0,67.95,67.9,67.68,overflow,drought,False,0.587,0.222,0.19,0.0,7.0,0.29,10.0,
9,2026-06-12,ok,0.0337,68.61,predicted,68.61,68.47,68.26,68.06,68.02,67.95,69.43,overflow,drought,False,0.622,0.205,0.173,0.0,7.0,0.29,10.0,
9,2026-06-13,ok,0.0337,68.55,predicted,68.55,68.54,68.52,68.47,68.56,69.43,68.52,overflow,drought,False,0.617,0.201,0.182,0.0,7.0,0.29,10.0,
9,2026-06-14,ok,0.0336,68.37,predicted,68.37,68.44,68.47,68.49,69.43,68.76,68.71,overflow,drought,False,0.644,0.195,0.161,0.0,7.0,0.29,10.0,
9,2026-06-15,ok,0.0337,68.51,predicted,68.51,68.46,68.34,69.43,68.25,68.25,68.09,overflow,drought,False,0.63,0.198,0.172,0.0,7.0,0.29,10.0,
9,2026-06-16,ok,0.0337,68.55,predicted,68.55,68.35,69.43,67.79,67.67,67.55,67.29,overflow,drought,False,0.628,0.197,0.175,0.0,7.0,0.29,10.0,
9,2026-06-17,ok,0.0337,68.48,predicted,68.48,69.43,67.85,67.51,67.34,67.19,66.89,overflow,drought,False,0.609,0.203,0.188,0.0,7.0,0.29,10.0,
9,2026-06-18,ok,0.0341,69.43,observed,69.43,68.37,68.1,67.85,67.77,67.68,67.44,overflow,drought,False,0.567,0.2,0.233,0.0,7.0,0.29,10.0,
9,2026-06-19,ok,0.0343,69.85,predicted,69.85,69.72,69.49,69.25,69.18,69.08,78.19,overflow,drought,False,0.631,0.18,0.189,0.0,7.0,0.57,6.0,
9,2026-06-20,ok,0.0344,69.9,predicted,69.9,69.75,69.5,69.25,69.17,78.19,68.79,overflow,drought,False,0.634,0.175,0.191,0.0,7.0,0.57,6.0,
9,2026-06-21,ok,0.0343,69.69,predicted,69.69,69.53,69.29,69.06,78.19,68.95,68.7,overflow,drought,False,0.579,0.185,0.235,0.0,7.0,0.29,10.0,
9,2026-06-22,ok,0.0343,69.7,predicted,69.7,69.57,69.36,78.19,69.14,69.1,68.88,overflow,drought,False,0.604,0.176,0.22,0.0,7.0,0.29,10.0,
9,2026-06-23,ok,0.0343,69.71,predicted,69.71,69.64,78.19,69.37,69.4,69.39,69.21,overflow,drought,False,0.681,0.161,0.159,0.0,7.0,0.29,10.0,
9,2026-06-24,ok,0.0342,69.57,predicted,69.57,78.19,69.21,69.0,68.96,68.91,68.68,overflow,drought,False,0.666,0.163,0.171,0.0,7.0,0.29,10.0,
9,2026-06-25,ok,0.0384,78.19,observed,78.19,69.52,69.3,69.1,69.07,69.04,68.8,overflow,drought,False,0.525,0.202,0.273,0.0,7.0,0.29,10.0,
9,2026-06-26,ok,0.0393,79.93,predicted,79.93,80.31,80.39,80.31,80.2,79.99,79.51,overflow,drought,False,0.381,0.261,0.358,0.0,7.0,0.57,6.0,
9,2026-06-27,ok,0.0399,81.2,predicted,81.2,81.54,81.59,81.46,81.29,81.02,80.49,overflow,drought,False,0.502,0.211,0.286,0.0,7.0,0.57,6.0,
9,2026-06-28,ok,0.0405,82.35,predicted,82.35,82.69,82.73,82.58,82.38,82.08,81.53,overflow,drought,False,0.598,0.19,0.212,0.0,7.0,0.57,6.0,
9,2026-06-29,ok,0.0411,83.67,predicted,83.67,84.04,84.12,84.0,83.78,83.48,82.92,overflow,drought,False,0.627,0.185,0.188,0.0,7.0,0.57,6.0,
9,2026-06-30,ok,0.0417,84.87,predicted,84.87,85.23,85.28,85.11,84.84,84.49,83.88,overflow,drought,False,0.636,0.19,0.174,0.0,7.0,0.57,6.0,
9,2026-07-01,ok,0.0423,86.05,predicted,86.05,86.37,86.38,86.17,85.82,85.44,74.91,overflow,drought,False,0.518,0.204,0.277,0.0,7.0,0.57,6.0,
9,2026-07-02,ok,0.043,87.45,predicted,87.45,87.78,87.83,87.62,87.24,74.91,86.15,overflow,drought,False,0.451,0.178,0.371,0.0,7.0,0.57,6.0,
9,2026-07-03,ok,0.0385,78.36,predicted,78.36,78.11,77.72,77.33,74.91,76.93,76.37,overflow,overflow,True,0.397,0.153,0.45,0.0,7.0,0.29,10.0,
9,2026-07-04,ok,0.0386,78.5,predicted,78.5,78.32,78.01,74.91,77.51,77.35,76.83,overflow,drought,False,0.471,0.16,0.369,0.0,7.0,0.29,10.0,
9,2026-07-05,ok,0.0385,78.28,predicted,78.28,78.04,74.91,77.26,77.04,76.83,76.28,overflow,drought,False,0.474,0.156,0.37,0.0,7.0,0.29,10.0,
9,2026-07-06,ok,0.0384,78.2,predicted,78.2,74.91,77.67,77.32,77.15,77.0,76.48,overflow,overflow,True,0.413,0.154,0.433,0.0,7.0,0.29,10.0,
9,2026-07-07,ok,0.0368,74.91,observed,74.91,78.16,77.87,77.55,77.41,77.29,76.78,overflow,drought,False,0.46,0.142,0.398,0.0,7.0,0.29,10.0,
9,2026-07-08,ok,0.0368,74.89,predicted,74.89,74.51,74.04,73.61,73.41,73.27,72.79,overflow,drought,False,0.492,0.133,0.374,0.0,7.0,0.57,6.0,
9,2026-07-09,ok,0.0367,74.62,predicted,74.62,74.2,73.7,73.23,73.0,72.84,72.34,overflow,drought,False,0.524,0.141,0.334,0.0,7.0,0.57,6.0,
9,2026-07-10,ok,0.037,75.2,predicted,75.2,74.91,74.49,74.09,73.89,73.72,73.23,overflow,drought,False,0.545,0.156,0.299,0.0,7.0,0.29,10.0,
9,2026-07-11,ok,0.037,75.2,predicted,75.2,74.96,74.61,74.26,74.11,73.98,73.52,overflow,drought,False,0.56,0.156,0.284,0.0,7.0,0.29,10.0,
9,2026-07-12,ok,0.037,75.19,predicted,75.19,74.95,74.58,74.23,74.07,73.93,73.47,overflow,drought,False,0.556,0.154,0.29,0.0,7.0,0.29,10.0,
9,2026-07-13,ok,0.037,75.2,predicted,75.2,74.97,74.62,74.28,74.13,74.01,68.94,overflow,drought,False,0.554,0.154,0.292,0.0,7.0,0.29,10.0,
9,2026-07-14,ok,0.037,75.24,predicted,75.24,75.01,74.67,74.33,74.19,68.94,73.61,overflow,drought,False,0.508,0.164,0.328,0.0,7.0,0.29,10.0,
9,2026-07-15,ok,0.037,75.19,predicted,75.19,74.93,74.55,74.18,68.94,73.85,73.39,overflow,drought,False,0.501,0.174,0.325,0.0,7.0,0.29,10.0,
9,2026-07-16,ok,0.0369,75.17,predicted,75.17,74.93,74.58,68.94,74.08,73.94,73.49,overflow,drought,False,0.431,0.178,0.39,0.0,7.0,0.29,10.0,
9,2026-07-17,ok,0.0369,75.17,predicted,75.17,74.94,68.94,74.25,74.1,73.97,73.52,overflow,drought,False,0.607,0.142,0.251,0.0,7.0,0.29,10.0,
9,2026-07-18,ok,0.037,75.18,predicted,75.18,68.94,74.54,74.18,74.0,73.86,73.4,overflow,drought,False,0.596,0.128,0.276,0.0,7.0,0.29,10.0,
9,2026-07-19,ok,0.0339,68.94,observed,68.94,74.97,74.6,74.23,74.06,73.91,73.45,overflow,drought,False,0.548,0.138,0.314,0.0,7.0,0.29,10.0,
9,2026-07-20,ok,0.0338,68.77,predicted,68.77,68.26,67.72,67.28,67.07,66.95,66.62,overflow,drought,False,0.485,0.146,0.369,0.0,7.0,0.57,6.0,
9,2026-07-21,ok,0.0336,68.31,predicted,68.31,67.84,67.34,66.93,66.76,66.66,66.36,overflow,drought,False,0.479,0.157,0.363,0.0,7.0,0.57,6.0,
9,2026-07-22,ok,0.0341,69.41,predicted,69.41,69.17,68.83,68.52,68.39,68.28,67.98,overflow,drought,False,0.53,0.158,0.312,0.0,7.0,0.29,10.0,
9,2026-07-23,ok,0.0341,69.44,predicted,69.44,69.2,68.86,68.55,68.42,68.31,68.01,overflow,drought,False,0.575,0.154,0.27,0.0,7.0,0.29,10.0,
9,2026-07-24,ok,0.0341,69.44,predicted,69.44,69.19,68.84,68.52,68.38,68.27,67.95,overflow,drought,False,0.518,0.154,0.329,0.0,7.0,0.29,10.0,
9,2026-07-25,ok,0.0342,69.48,predicted,69.48,69.22,68.86,68.53,68.39,68.27,67.94,overflow,overflow,True,0.402,0.138,0.46,0.0,7.0,0.29,10.0,
9,2026-07-26,ok,0.0342,69.52,predicted,69.52,69.25,68.86,68.52,68.36,68.23,67.9,overflow,overflow,True,0.336,0.129,0.535,0.0,7.0,0.29,10.0,
10,2026-03-25,ok,0.0327,54.9,predicted,54.9,49.04,54.57,54.34,54.13,53.92,53.91,normal,drought,False,0.844,0.14,0.016,0.0,0.0,0.29,10.0,
10,2026-03-26,ok,0.0292,49.04,observed,49.04,54.75,54.53,54.3,54.09,53.87,53.86,normal,drought,False,0.863,0.125,0.012,0.0,0.0,0.29,10.0,
10,2026-03-27,ok,0.0291,48.8,predicted,48.8,48.43,48.06,47.69,47.33,47.05,47.06,normal,drought,False,0.903,0.089,0.007,0.0,0.0,0.57,6.0,
10,2026-03-28,ok,0.0288,48.36,predicted,48.36,48.01,47.65,47.3,46.94,46.67,46.69,normal,drought,False,0.898,0.091,0.011,0.0,0.0,0.57,6.0,
10,2026-03-29,ok,0.0294,49.37,predicted,49.37,49.28,49.11,48.9,48.67,48.44,48.48,normal,drought,False,0.923,0.068,0.009,0.0,0.0,0.29,10.0,
10,2026-03-30,ok,0.0294,49.38,predicted,49.38,49.28,49.11,48.91,48.68,48.44,48.48,normal,drought,False,0.926,0.064,0.009,0.0,0.0,0.29,10.0,
10,2026-03-31,ok,0.0294,49.41,predicted,49.41,49.34,49.18,48.99,48.77,48.55,48.6,normal,drought,False,0.915,0.074,0.011,0.0,0.0,0.29,10.0,
10,2026-04-01,ok,0.0294,49.38,predicted,49.38,49.28,49.09,48.87,48.62,48.37,41.45,normal,drought,False,0.902,0.085,0.013,0.0,0.0,0.29,10.0,
10,2026-04-02,ok,0.0295,49.43,predicted,49.43,49.35,49.19,49.0,48.79,41.45,48.61,normal,drought,False,0.907,0.08,0.013,0.0,0.0,0.29,10.0,
10,2026-04-03,ok,0.0295,49.49,predicted,49.49,49.46,49.39,49.26,41.45,48.9,49.01,normal,drought,False,0.939,0.052,0.009,0.0,0.0,0.29,10.0,
10,2026-04-04,ok,0.0294,49.29,predicted,49.29,49.24,49.17,41.45,48.87,48.7,48.82,normal,drought,False,0.937,0.053,0.01,0.0,0.0,0.29,10.0,
10,2026-04-05,ok,0.0294,49.32,predicted,49.32,49.46,41.45,49.6,49.59,49.55,49.76,normal,drought,False,0.921,0.067,0.012,0.0,0.0,0.29,10.0,
10,2026-04-06,ok,0.0294,49.3,predicted,49.3,41.45,49.32,49.26,49.15,49.02,49.14,normal,drought,False,0.91,0.074,0.017,0.0,0.0,0.29,10.0,
10,2026-04-07,ok,0.0247,41.45,observed,41.45,49.45,49.4,49.29,49.13,48.96,49.07,normal,drought,False,0.896,0.084,0.02,0.0,0.0,0.29,10.0,
10,2026-04-08,ok,0.0242,40.68,predicted,40.68,40.15,39.63,39.12,38.58,38.19,38.13,normal,drought,False,0.823,0.126,0.05,0.0,0.0,0.57,6.0,
10,2026-04-09,ok,0.0239,40.15,predicted,40.15,39.68,39.22,38.77,38.29,37.94,37.91,normal,drought,False,0.819,0.132,0.049,0.0,0.0,0.57,6.0,
10,2026-04-10,ok,0.0248,41.64,predicted,41.64,41.6,41.49,41.34,41.13,40.9,40.95,normal,drought,False,0.874,0.105,0.021,0.0,0.0,0.29,10.0,
10,2026-04-11,ok,0.0248,41.55,predicted,41.55,41.43,41.22,40.98,40.69,40.4,40.39,normal,drought,False,0.873,0.11,0.016,0.0,0.0,0.29,10.0,
10,2026-04-12,ok,0.0248,41.62,predicted,41.62,41.55,41.4,41.21,40.97,40.72,40.74,normal,drought,False,0.868,0.116,0.016,0.0,0.0,0.29,10.0,
10,2026-04-13,ok,0.0248,41.62,predicted,41.62,41.55,41.42,41.25,41.03,40.8,38.79,normal,drought,False,0.885,0.101,0.014,0.0,0.0,0.29,10.0,
10,2026-04-14,ok,0.0248,41.54,predicted,41.54,41.53,41.49,41.4,41.24,38.79,41.2,normal,drought,False,0.89,0.095,0.016,0.0,0.0,0.29,10.0,
10,2026-04-15,ok,0.0247,41.51,predicted,41.51,41.59,41.65,41.66,38.79,41.51,41.7,normal,drought,False,0.887,0.094,0.019,0.0,0.0,0.29,10.0,
10,2026-04-16,ok,0.0248,41.54,predicted,41.54,41.64,41.7,38.79,41.63,41.54,41.7,normal,drought,False,0.877,0.093,0.03,0.0,0.0,0.29,10.0,
10,2026-04-17,ok,0.0248,41.58,predicted,41.58,41.6,38.79,41.47,41.31,41.14,41.24,normal,drought,False,0.763,0.161,0.075,0.0,0.0,0.29,10.0,
10,2026-04-18,ok,0.0248,41.59,predicted,41.59,38.79,41.38,41.19,40.95,40.71,40.73,normal,drought,False,0.776,0.161,0.064,0.0,0.0,0.29,10.0,
10,2026-04-19,ok,0.0231,38.79,observed,38.79,41.53,41.34,41.11,40.83,40.56,40.56,normal,drought,False,0.792,0.175,0.033,0.0,0.0,0.29,10.0,
10,2026-04-20,ok,0.023,38.65,predicted,38.65,38.34,37.98,37.61,37.2,36.85,36.79,normal,drought,False,0.817,0.155,0.028,0.0,0.0,0.57,6.0,
10,2026-04-21,ok,0.0229,38.44,predicted,38.44,38.2,37.96,37.69,37.38,37.11,37.13,normal,drought,False,0.871,0.117,0.013,0.0,0.0,0.57,6.0,
10,2026-04-22,ok,0.0231,38.74,predicted,38.74,38.68,38.58,38.45,38.26,38.08,38.15,normal,drought,False,0.87,0.116,0.014,0.0,0.0,0.29,10.0,
10,2026-04-23,ok,0.0231,38.85,predicted,38.85,38.94,39.02,39.04,39.0,38.94,39.11,normal,drought,False,0.886,0.099,0.015,0.0,0.0,0.29,10.0,
10,2026-04-24,ok,0.0232,38.87,predicted,38.87,38.95,38.99,38.99,38.92,38.83,38.98,normal,drought,False,0.865,0.118,0.017,0.0,0.0,0.29,10.0,
10,2026-04-25,ok,0.0231,38.81,predicted,38.81,38.81,38.77,38.68,38.53,38.37,28.87,normal,drought,False,0.879,0.105,0.015,0.0,0.0,0.29,10.0,
10,2026-04-26,ok,0.0231,38.79,predicted,38.79,38.76,38.66,38.53,38.34,28.87,38.2,normal,drought,False,0.879,0.099,0.022,0.0,0.0,0.29,10.0,
10,2026-04-27,ok,0.0232,38.9,predicted,38.9,38.88,38.8,38.68,28.87,38.33,38.39,normal,drought,False,0.814,0.137,0.049,0.0,0.0,0.29,10.0,
10,2026-04-28,ok,0.0232,38.88,predicted,38.88,38.85,38.79,28.87,38.5,38.31,38.39,normal,drought,False,0.836,0.124,0.04,0.0,0.0,0.29,10.0,
10,2026-04-29,ok,0.0231,38.75,predicted,38.75,38.72,28.87,38.54,38.37,38.19,38.27,normal,drought,False,0.886,0.097,0.016,0.0,0.0,0.29,10.0,
10,2026-04-30,ok,0.0231,38.78,predicted,38.78,28.87,38.94,38.95,38.9,38.83,38.99,normal,drought,False,0.867,0.117,0.016,0.0,0.0,0.29,10.0,
10,2026-05-01,ok,0.0172,28.87,observed,28.87,38.98,39.11,39.18,39.17,39.13,39.33,normal,drought,False,0.846,0.136,0.018,0.0,0.0,0.29,10.0,
10,2026-05-02,ok,0.0167,27.95,predicted,27.95,27.38,26.9,26.47,26.07,25.82,25.75,normal,drought,False,0.824,0.157,0.018,0.0,0.0,0.57,6.0,
10,2026-05-03,ok,0.0162,27.21,predicted,27.21,26.62,26.11,25.63,25.21,24.93,24.83,normal,drought,False,0.805,0.174,0.021,0.0,0.0,0.57,6.0,
10,2026-05-04,ok,0.0172,28.9,predicted,28.9,28.84,28.75,28.64,28.55,28.42,28.4,normal,drought,False,0.87,0.101,0.029,0.0,0.0,0.29,10.0,
10,2026-05-05,ok,0.0172,28.85,predicted,28.85,28.7,28.5,28.29,28.11,27.91,27.83,normal,drought,False,0.847,0.116,0.037,0.0,0.0,0.29,10.0,
10,2026-05-06,ok,0.0172,28.81,predicted,28.81,28.72,28.63,28.51,28.4,28.28,28.25,normal,drought,False,0.882,0.09,0.028,0.0,0.0,0.29,10.0,
10,2026-05-07,ok,0.0171,28.72,predicted,28.72,28.6,28.47,28.35,28.24,28.12,28.16,normal,drought,False,0.894,0.083,0.023,0.0,0.0,0.29,10.0,
10,2026-05-08,ok,0.0171,28.73,predicted,28.73,28.77,28.82,28.86,28.9,28.16,29.0,normal,drought,False,0.905,0.077,0.018,0.0,0.0,0.29,10.0,
10,2026-05-09,ok,0.0171,28.66,predicted,28.66,28.75,28.87,28.98,28.16,29.15,29.27,normal,drought,False,0.896,0.087,0.016,0.0,0.0,0.29,10.0,
10,2026-05-10,ok,0.0171,28.66,predicted,28.66,28.85,29.07,28.16,29.45,29.59,29.77,normal,drought,False,0.888,0.097,0.015,0.0,0.0,0.29,10.0,
10,2026-05-11,ok,0.017,28.46,predicted,28.46,28.79,28.16,29.67,30.03,30.38,30.69,normal,drought,False,0.803,0.143,0.055,0.0,0.0,0.29,10.0,
10,2026-05-12,ok,0.0171,28.62,predicted,28.62,28.16,30.25,31.07,31.81,32.46,32.99,normal,drought,False,0.785,0.149,0.066,0.0,0.0,0.29,10.0,
10,2026-05-13,ok,0.0168,28.16,observed,28.16,29.12,29.77,30.37,30.91,31.36,31.75,normal,drought,False,0.745,0.173,0.082,0.0,0.0,0.29,10.0,
10,2026-05-14,ok,0.0167,27.98,predicted,27.98,28.75,29.64,30.43,31.12,31.72,32.2,normal,drought,False,0.794,0.144,0.062,0.0,0.0,0.57,6.0,
10,2026-05-15,ok,0.0165,27.77,predicted,27.77,27.99,28.22,28.4,28.54,28.64,28.76,normal,drought,False,0.826,0.137,0.037,0.0,0.0,0.57,6.0,
10,2026-05-16,ok,0.0165,27.75,predicted,27.75,27.72,27.65,27.55,27.43,27.29,27.23,normal,drought,False,0.833,0.141,0.026,0.0,0.0,0.29,10.0,
10,2026-05-17,ok,0.0166,27.84,predicted,27.84,27.81,27.72,27.6,27.49,27.33,27.26,normal,drought,False,0.853,0.128,0.019,0.0,0.0,0.29,10.0,
10,2026-05-18,ok,0.0167,28.0,predicted,28.0,27.94,27.81,27.65,27.52,27.32,27.22,normal,drought,False,0.875,0.112,0.013,0.0,0.0,0.29,10.0,
10,2026-05-19,ok,0.0167,28.06,predicted,28.06,27.92,27.71,27.47,27.26,27.0,26.84,normal,drought,False,0.896,0.094,0.01,0.0,0.0,0.29,10.0,
10,2026-05-20,ok,0.0167,28.08,predicted,28.08,27.89,27.63,27.34,27.09,26.8,26.63,normal,drought,False,0.91,0.081,0.01,0.0,0.0,0.29,10.0,
10,2026-05-21,ok,0.0167,28.1,predicted,28.1,27.93,27.7,27.45,27.24,26.98,26.84,normal,drought,False,0.914,0.076,0.01,0.0,0.0,0.29,10.0,
10,2026-05-22,ok,0.0168,28.12,predicted,28.12,27.98,27.78,27.57,27.4,27.19,27.08,normal,drought,False,0.881,0.103,0.016,0.0,0.0,0.29,10.0,
10,2026-05-23,ok,0.0168,28.13,predicted,28.13,28.05,27.96,27.84,27.77,27.64,27.61,normal,drought,False,0.889,0.1,0.011,0.0,0.0,0.29,10.0,
10,2026-05-24,ok,0.0167,28.02,predicted,28.02,27.91,27.77,27.64,27.54,27.41,27.38,normal,drought,False,0.811,0.166,0.023,0.0,0.0,0.29,10.0,
10,2026-05-25,ok,0.0167,28.04,predicted,28.04,28.04,28.04,28.03,28.04,28.01,28.06,normal,drought,False,0.852,0.131,0.017,0.0,0.0,0.29,10.0,
10,2026-05-26,ok,0.0167,28.08,predicted,28.08,28.1,28.11,28.12,28.15,28.13,28.2,normal,drought,False,0.851,0.131,0.018,0.0,0.0,0.29,10.0,
10,2026-05-27,ok,0.0167,28.09,predicted,28.09,28.1,28.09,28.08,28.09,28.06,28.11,normal,drought,False,0.869,0.114,0.017,0.0,0.0,0.29,10.0,
10,2026-05-28,rejected,,,,,,,,,,,,,,,,,,,,,no storage data available for this tank
10,2026-05-29,rejected,,,,,,,,,,,,,,,,,,,,,no storage data available for this tank
10,2026-05-30,rejected,,,,,,,,,,,,,,,,,,,,,no storage data available for this tank
10,2026-05-31,rejected,,,,,,,,,,,,,,,,,,,,,no storage data available for this tank
10,2026-06-01,rejected,,,,,,,,,,,,,,,,,,,,,no storage data available for this tank
10,2026-06-02,rejected,,,,,,,,,,,,,,,,,,,,,no storage data available for this tank
10,2026-06-03,rejected,,,,,,,,,,,,,,,,,,,,,no storage data available for this tank
10,2026-06-04,rejected,,,,,,,,,,,,,,,,,,,,,no storage data available for this tank
10,2026-06-05,rejected,,,,,,,,,,,,,,,,,,,,,no storage data available for this tank
10,2026-06-06,rejected,,,,,,,,,,,,,,,,,,,,,no storage data available for this tank
10,2026-06-07,ok,0.0163,27.27,predicted,27.27,27.24,27.2,27.16,27.14,27.1,27.11,normal,drought,False,0.913,0.073,0.014,0.0,0.0,0.29,10.0,
10,2026-06-08,ok,0.0162,27.23,predicted,27.23,27.17,27.09,27.02,26.98,26.91,26.92,normal,drought,False,0.914,0.072,0.014,0.0,0.0,0.29,10.0,
10,2026-06-09,ok,0.0162,27.15,predicted,27.15,27.06,26.95,26.86,26.78,26.7,26.7,normal,drought,False,0.91,0.073,0.016,0.0,0.0,0.29,10.0,
10,2026-06-10,ok,0.0162,27.17,predicted,27.17,27.14,27.09,27.05,27.03,26.99,27.01,normal,drought,False,0.903,0.077,0.02,0.0,0.0,0.29,10.0,
10,2026-06-11,ok,0.0162,27.25,predicted,27.25,27.26,27.25,27.24,27.26,27.25,27.29,normal,drought,False,0.897,0.082,0.021,0.0,0.0,0.29,10.0,
10,2026-06-12,ok,0.0162,27.21,predicted,27.21,27.18,27.14,27.1,27.08,27.04,34.13,normal,drought,False,0.902,0.08,0.018,0.0,0.0,0.29,10.0,
10,2026-06-13,ok,0.0161,26.99,predicted,26.99,27.03,27.14,27.23,27.31,34.13,27.51,normal,drought,False,0.895,0.081,0.024,0.0,0.0,0.29,10.0,
10,2026-06-14,ok,0.0161,27.06,predicted,27.06,27.21,27.37,27.54,34.13,27.84,28.0,normal,drought,False,0.896,0.084,0.02,0.0,0.0,0.29,10.0,
10,2026-06-15,ok,0.0162,27.12,predicted,27.12,27.23,27.33,34.13,27.52,27.57,27.67,normal,drought,False,0.897,0.085,0.018,0.0,0.0,0.29,10.0,
10,2026-06-16,ok,0.0162,27.2,predicted,27.2,27.27,34.13,27.37,27.42,27.42,27.49,normal,drought,False,0.9,0.085,0.015,0.0,0.0,0.29,10.0,
10,2026-06-17,ok,0.0162,27.22,predicted,27.22,34.13,27.09,27.0,26.94,26.83,26.81,normal,drought,False,0.899,0.085,0.015,0.0,0.0,0.29,10.0,
10,2026-06-18,ok,0.0203,34.13,observed,34.13,27.15,27.03,26.9,26.8,26.66,26.61,normal,drought,False,0.897,0.086,0.017,0.0,0.0,0.29,10.0,
10,2026-06-19,ok,0.0206,34.62,predicted,34.62,35.01,35.27,35.45,35.57,35.55,42.79,normal,drought,False,0.915,0.075,0.01,0.0,0.0,0.57,6.0,
10,2026-06-20,ok,0.021,35.17,predicted,35.17,35.6,35.9,36.12,36.28,42.79,36.41,normal,drought,False,0.921,0.07,0.009,0.0,0.0,0.57,6.0,
10,2026-06-21,ok,0.0203,34.06,predicted,34.06,34.06,34.02,33.95,42.79,33.72,33.78,normal,drought,False,0.915,0.073,0.011,0.0,0.0,0.29,10.0,
10,2026-06-22,ok,0.0203,34.06,predicted,34.06,34.06,34.04,42.79,33.89,33.76,33.84,normal,drought,False,0.922,0.068,0.01,0.0,0.0,0.29,10.0,
10,2026-06-23,ok,0.0203,34.02,predicted,34.02,34.05,42.79,34.06,33.99,33.9,34.02,normal,drought,False,0.926,0.067,0.007,0.0,0.0,0.29,10.0,
10,2026-06-24,ok,0.0202,33.97,predicted,33.97,42.79,33.99,33.97,33.9,33.81,33.9,normal,drought,False,0.928,0.065,0.007,0.0,0.0,0.29,10.0,
10,2026-06-25,ok,0.0255,42.79,observed,42.79,34.19,34.25,34.28,34.27,34.22,34.34,normal,drought,False,0.917,0.071,0.012,0.0,0.0,0.29,10.0,
10,2026-06-26,ok,0.0264,44.28,predicted,44.28,45.51,46.45,47.24,47.87,48.16,48.55,normal,drought,False,0.841,0.131,0.029,0.0,0.0,0.57,6.0,
10,2026-06-27,ok,0.0272,45.58,predicted,45.58,46.77,47.67,48.41,49.0,49.24,49.61,normal,drought,False,0.885,0.092,0.023,0.0,0.0,0.57,6.0,
10,2026-06-28,ok,0.0279,46.81,predicted,46.81,47.96,48.8,49.49,50.03,50.24,50.57,normal,drought,False,0.906,0.078,0.016,0.0,0.0,0.57,6.0,
10,2026-06-29,ok,0.0287,48.16,predicted,48.16,49.32,50.17,50.87,51.42,51.63,51.97,normal,drought,False,0.915,0.073,0.012,0.0,0.0,0.57,6.0,
10,2026-06-30,ok,0.0294,49.38,predicted,49.38,50.44,51.19,51.79,52.25,52.39,52.68,normal,drought,False,0.919,0.072,0.01,0.0,0.0,0.57,6.0,
10,2026-07-01,ok,0.0302,50.62,predicted,50.62,51.63,52.33,52.88,53.31,53.43,51.52,normal,drought,False,0.901,0.085,0.014,0.0,0.0,0.57,6.0,
10,2026-07-02,ok,0.031,52.01,predicted,52.01,53.04,53.75,54.33,54.77,51.52,55.16,normal,drought,False,0.899,0.085,0.016,0.0,0.0,0.57,6.0,
10,2026-07-03,ok,0.0256,43.05,predicted,43.05,42.97,42.81,42.6,51.52,42.09,42.1,normal,drought,False,0.929,0.049,0.022,0.0,0.0,0.29,10.0,
10,2026-07-04,ok,0.0257,43.13,predicted,43.13,43.06,42.93,51.52,42.5,42.25,42.29,normal,drought,False,0.942,0.045,0.013,0.0,0.0,0.29,10.0,
10,2026-07-05,ok,0.0255,42.86,predicted,42.86,42.67,51.52,42.09,41.74,41.41,41.38,normal,drought,False,0.947,0.041,0.012,0.0,0.0,0.29,10.0,
10,2026-07-06,ok,0.0256,42.93,predicted,42.93,51.52,42.75,42.58,42.37,42.15,42.21,normal,drought,False,0.933,0.053,0.015,0.0,0.0,0.29,10.0,
10,2026-07-07,ok,0.0307,51.52,observed,51.52,43.05,42.98,42.87,42.71,42.54,42.63,normal,drought,False,0.947,0.04,0.013,0.0,0.0,0.29,10.0,
10,2026-07-08,ok,0.0315,52.85,predicted,52.85,53.31,53.56,53.72,53.81,53.73,53.84,normal,drought,False,0.955,0.031,0.013,0.0,0.0,0.57,6.0,
10,2026-07-09,ok,0.0319,53.6,predicted,53.6,54.01,54.21,54.31,54.36,54.25,54.32,normal,drought,False,0.959,0.029,0.012,0.0,0.0,0.57,6.0,
10,2026-07-10,ok,0.031,51.99,predicted,51.99,51.83,51.59,51.32,51.05,50.78,50.77,normal,drought,False,0.958,0.031,0.011,0.0,0.0,0.29,10.0,
10,2026-07-11,ok,0.031,51.98,predicted,51.98,51.86,51.65,51.42,51.19,50.95,50.96,normal,drought,False,0.953,0.037,0.011,0.0,0.0,0.29,10.0,
10,2026-07-12,ok,0.031,51.96,predicted,51.96,51.85,51.65,51.43,51.2,50.97,50.99,normal,drought,False,0.947,0.042,0.012,0.0,0.0,0.29,10.0,
10,2026-07-13,ok,0.031,51.99,predicted,51.99,51.9,51.72,51.52,51.32,51.11,47.26,normal,drought,False,0.935,0.053,0.012,0.0,0.0,0.29,10.0,
10,2026-07-14,ok,0.031,52.01,predicted,52.01,51.91,51.74,51.53,51.32,47.26,51.13,normal,drought,False,0.9,0.086,0.014,0.0,0.0,0.29,10.0,
10,2026-07-15,ok,0.031,51.95,predicted,51.95,51.82,51.6,51.36,47.26,50.87,50.89,normal,drought,False,0.872,0.114,0.015,0.0,0.0,0.29,10.0,
10,2026-07-16,ok,0.031,51.95,predicted,51.95,51.84,51.66,47.26,51.23,51.0,51.04,normal,drought,False,0.852,0.132,0.016,0.0,0.0,0.29,10.0,
10,2026-07-17,ok,0.031,51.95,predicted,51.95,51.85,47.26,51.47,51.26,51.04,51.08,normal,drought,False,0.943,0.047,0.01,0.0,0.0,0.29,10.0,
10,2026-07-18,ok,0.0309,51.92,predicted,51.92,47.26,51.61,51.39,51.16,50.94,50.96,normal,drought,False,0.944,0.046,0.01,0.0,0.0,0.29,10.0,
10,2026-07-19,ok,0.0282,47.26,observed,47.26,51.95,51.81,51.63,51.45,51.25,51.3,normal,drought,False,0.922,0.064,0.013,0.0,0.0,0.29,10.0,
10,2026-07-20,ok,0.0281,47.09,predicted,47.09,46.73,46.34,45.95,45.55,45.22,45.21,normal,drought,False,0.897,0.086,0.017,0.0,0.0,0.57,6.0,
10,2026-07-21,ok,0.0279,46.75,predicted,46.75,46.43,46.07,45.71,45.34,45.04,45.04,normal,drought,False,0.896,0.09,0.014,0.0,0.0,0.57,6.0,
10,2026-07-22,ok,0.0284,47.61,predicted,47.61,47.55,47.4,47.21,46.99,46.76,46.81,normal,drought,False,0.924,0.066,0.011,0.0,0.0,0.29,10.0,
10,2026-07-23,ok,0.0283,47.57,predicted,47.57,47.46,47.26,47.02,46.76,46.49,46.51,normal,drought,False,0.954,0.036,0.01,0.0,0.0,0.29,10.0,
10,2026-07-24,ok,0.0284,47.6,predicted,47.6,47.51,47.32,47.1,46.85,46.6,46.62,normal,drought,False,0.952,0.038,0.011,0.0,0.0,0.29,10.0,
10,2026-07-25,ok,0.0284,47.63,predicted,47.63,47.53,47.34,47.12,46.87,46.62,46.64,normal,drought,False,0.954,0.034,0.012,0.0,0.0,0.29,10.0,
10,2026-07-26,ok,0.0284,47.63,predicted,47.63,47.51,47.29,47.04,46.77,46.5,46.5,normal,drought,False,0.952,0.033,0.015,0.0,0.0,0.29,10.0,
11,2026-03-25,ok,0.1433,50.49,predicted,50.49,44.03,50.23,50.02,49.79,49.56,49.54,normal,drought,False,0.359,0.344,0.297,0.0,0.0,0.29,10.0,
11,2026-03-26,ok,0.125,44.03,observed,44.03,50.38,50.19,49.97,49.74,49.51,49.49,normal,drought,False,0.394,0.326,0.281,0.0,0.0,0.29,10.0,
11,2026-03-27,ok,0.1239,43.65,predicted,43.65,43.27,42.87,42.49,42.08,41.78,41.73,normal,drought,False,0.446,0.284,0.27,0.0,0.0,0.57,6.0,
11,2026-03-28,ok,0.1225,43.17,predicted,43.17,42.81,42.43,42.06,41.67,41.38,41.34,normal,drought,False,0.5,0.266,0.234,0.0,0.0,0.57,6.0,
11,2026-03-29,ok,0.1257,44.29,predicted,44.29,44.26,44.12,43.96,43.75,43.54,43.54,normal,drought,False,0.52,0.232,0.249,0.0,0.0,0.29,10.0,
11,2026-03-30,ok,0.1258,44.3,predicted,44.3,44.26,44.12,43.96,43.75,43.54,43.54,normal,drought,False,0.509,0.235,0.256,0.0,0.0,0.29,10.0,
11,2026-03-31,ok,0.1258,44.33,predicted,44.33,44.3,44.17,44.01,43.82,43.61,43.63,normal,drought,False,0.505,0.25,0.246,0.0,0.0,0.29,10.0,
11,2026-04-01,ok,0.1258,44.31,predicted,44.31,44.26,44.11,43.93,43.72,43.5,35.21,normal,drought,False,0.499,0.256,0.244,0.0,0.0,0.29,10.0,
11,2026-04-02,ok,0.1259,44.35,predicted,44.35,44.33,44.21,44.07,43.88,35.21,43.7,normal,drought,False,0.509,0.251,0.239,0.0,0.0,0.29,10.0,
11,2026-04-03,ok,0.1259,44.35,predicted,44.35,44.35,44.28,44.17,35.21,43.83,43.9,normal,drought,False,0.536,0.232,0.232,0.0,0.0,0.29,10.0,
11,2026-04-04,ok,0.1252,44.12,predicted,44.12,44.11,44.06,35.21,43.8,43.65,43.74,normal,drought,False,0.5,0.233,0.267,0.0,0.0,0.29,10.0,
11,2026-04-05,ok,0.1255,44.2,predicted,44.2,44.41,35.21,44.7,44.76,44.77,44.98,normal,drought,False,0.452,0.241,0.307,0.0,0.0,0.29,10.0,
11,2026-04-06,ok,0.1256,44.25,predicted,44.25,35.21,44.48,44.52,44.5,44.45,44.58,normal,drought,False,0.381,0.251,0.369,0.0,0.0,0.29,10.0,
11,2026-04-07,ok,0.0999,35.21,observed,35.21,44.41,44.4,44.34,44.22,44.08,44.17,normal,overflow,False,0.371,0.242,0.387,0.0,0.0,0.29,10.0,
11,2026-04-08,ok,0.0978,34.46,predicted,34.46,33.88,33.32,32.8,32.28,31.91,31.77,normal,overflow,False,0.264,0.216,0.52,0.0,0.0,0.57,6.0,
11,2026-04-09,ok,0.096,33.83,predicted,33.83,33.27,32.73,32.23,31.73,31.38,31.24,normal,overflow,False,0.265,0.228,0.507,0.0,0.0,0.57,6.0,
11,2026-04-10,ok,0.1007,35.46,predicted,35.46,35.39,35.24,35.07,34.88,34.69,34.64,normal,drought,False,0.371,0.267,0.362,0.0,0.0,0.29,10.0,
11,2026-04-11,ok,0.1005,35.41,predicted,35.41,35.26,35.03,34.77,34.5,34.25,34.14,normal,drought,False,0.407,0.277,0.316,0.0,0.0,0.29,10.0,
11,2026-04-12,ok,0.1007,35.46,predicted,35.46,35.34,35.15,34.93,34.7,34.47,34.39,normal,drought,False,0.441,0.275,0.284,0.0,0.0,0.29,10.0,
11,2026-04-13,ok,0.1005,35.42,predicted,35.42,35.3,35.12,34.92,34.7,34.49,23.53,normal,drought,False,0.449,0.271,0.28,0.0,0.0,0.29,10.0,
11,2026-04-14,ok,0.1001,35.26,predicted,35.26,35.18,35.09,34.97,34.82,23.53,34.7,normal,drought,False,0.419,0.26,0.322,0.0,0.0,0.29,10.0,
11,2026-04-15,ok,0.1001,35.26,predicted,35.26,35.34,35.39,35.44,23.53,35.43,35.54,normal,drought,False,0.371,0.275,0.355,0.0,0.0,0.29,10.0,
11,2026-04-16,ok,0.1003,35.34,predicted,35.34,35.46,35.54,23.53,35.62,35.62,35.73,normal,drought,False,0.508,0.245,0.247,0.0,0.0,0.29,10.0,
11,2026-04-17,ok,0.1006,35.42,predicted,35.42,35.47,23.53,35.43,35.35,35.27,35.31,normal,drought,False,0.447,0.268,0.285,0.0,0.0,0.29,10.0,
11,2026-04-18,ok,0.1007,35.47,predicted,35.47,23.53,35.28,35.12,34.94,34.75,34.71,normal,drought,False,0.436,0.276,0.287,0.0,0.0,0.29,10.0,
11,2026-04-19,ok,0.0668,23.53,observed,23.53,35.37,35.17,34.94,34.69,34.45,34.36,normal,drought,False,0.422,0.292,0.287,0.0,0.0,0.29,10.0,
11,2026-04-20,ok,0.0652,22.96,predicted,22.96,22.03,21.2,20.43,19.79,19.33,19.02,normal,drought,False,0.458,0.289,0.253,0.0,0.0,0.57,6.0,
11,2026-04-21,ok,0.0625,22.01,predicted,22.01,21.16,20.43,19.8,19.29,18.97,18.75,normal,drought,False,0.507,0.281,0.212,0.0,0.0,0.57,6.0,
11,2026-04-22,ok,0.0672,23.67,predicted,23.67,23.44,23.21,23.03,22.9,22.83,22.71,normal,drought,False,0.481,0.282,0.237,0.0,0.0,0.29,10.0,
11,2026-04-23,ok,0.0671,23.65,predicted,23.65,23.57,23.52,23.5,23.52,23.58,23.58,normal,drought,False,0.479,0.276,0.245,0.0,0.0,0.29,10.0,
11,2026-04-24,ok,0.0673,23.7,predicted,23.7,23.72,23.76,23.82,23.91,24.03,24.07,normal,drought,False,0.451,0.291,0.258,0.0,0.0,0.29,10.0,
11,2026-04-25,ok,0.0673,23.7,predicted,23.7,23.67,23.66,23.66,23.71,23.78,16.95,normal,drought,False,0.463,0.292,0.245,0.0,0.0,0.29,10.0,
11,2026-04-26,ok,0.0673,23.71,predicted,23.71,23.61,23.51,23.41,23.38,16.95,23.32,normal,drought,False,0.435,0.315,0.25,0.0,0.0,0.29,10.0,
11,2026-04-27,ok,0.0675,23.8,predicted,23.8,23.71,23.64,23.56,16.95,23.53,23.49,normal,drought,False,0.426,0.319,0.256,0.0,0.0,0.29,10.0,
11,2026-04-28,ok,0.0676,23.81,predicted,23.81,23.74,23.68,16.95,23.65,23.67,23.64,normal,drought,False,0.444,0.321,0.234,0.0,0.0,0.29,10.0,
11,2026-04-29,ok,0.0672,23.67,predicted,23.67,23.52,16.95,23.25,23.18,23.15,23.08,normal,drought,False,0.47,0.347,0.183,0.0,0.0,0.29,10.0,
11,2026-04-30,ok,0.067,23.59,predicted,23.59,16.95,23.51,23.51,23.55,23.62,23.62,normal,drought,False,0.449,0.368,0.183,0.0,0.0,0.29,10.0,
11,2026-05-01,ok,0.0481,16.95,observed,16.95,23.7,23.77,23.87,24.0,24.14,24.21,normal,drought,False,0.427,0.395,0.179,0.0,0.0,0.29,10.0,
11,2026-05-02,ok,0.0465,16.38,predicted,16.38,15.91,15.54,15.24,15.08,15.01,14.97,normal,drought,False,0.433,0.418,0.149,4.0,0.0,0.57,6.0,
11,2026-05-03,ok,0.0451,15.87,predicted,15.87,15.4,15.05,14.73,14.6,14.5,14.46,normal,drought,False,0.454,0.391,0.156,5.0,0.0,0.57,6.0,
11,2026-05-04,ok,0.0487,17.15,predicted,17.15,17.11,17.1,17.09,17.21,17.29,17.29,normal,drought,False,0.573,0.267,0.16,0.0,0.0,0.29,10.0,
11,2026-05-05,ok,0.0487,17.17,predicted,17.17,16.98,16.81,16.65,16.63,16.59,16.49,normal,drought,False,0.524,0.293,0.183,0.0,0.0,0.29,10.0,
11,2026-05-06,ok,0.0486,17.12,predicted,17.12,17.02,16.97,16.94,17.01,17.09,17.06,normal,drought,False,0.598,0.244,0.158,0.0,0.0,0.29,10.0,
11,2026-05-07,ok,0.0484,17.06,predicted,17.06,16.9,16.76,16.68,16.71,16.77,32.17,normal,drought,False,0.583,0.251,0.167,0.0,0.0,0.29,10.0,
11,2026-05-08,ok,0.0482,16.98,predicted,16.98,16.95,16.95,17.03,17.19,32.17,17.41,normal,drought,False,0.598,0.251,0.151,0.0,0.0,0.29,10.0,
11,2026-05-09,ok,0.048,16.93,predicted,16.93,17.05,17.23,17.49,32.17,18.13,18.29,normal,drought,False,0.583,0.272,0.145,0.0,0.0,0.29,10.0,
11,2026-05-10,ok,0.0479,16.88,predicted,16.88,17.09,17.35,32.17,18.06,18.44,18.65,normal,drought,False,0.626,0.251,0.123,0.0,0.0,0.29,10.0,
11,2026-05-11,ok,0.0474,16.69,predicted,16.69,17.16,32.17,18.5,19.2,19.95,20.36,normal,drought,False,0.541,0.283,0.176,0.0,0.0,0.29,10.0,
11,2026-05-12,ok,0.0473,16.68,predicted,16.68,32.17,18.2,19.11,19.99,20.87,21.4,normal,drought,False,0.558,0.273,0.169,0.0,0.0,0.29,10.0,
11,2026-05-13,ok,0.0913,32.17,observed,32.17,17.24,17.93,18.71,19.48,20.23,20.67,normal,drought,False,0.535,0.278,0.187,0.0,0.0,0.29,10.0,
11,2026-05-14,ok,0.0943,33.22,predicted,33.22,35.6,37.79,39.75,41.42,42.71,43.58,normal,drought,False,0.59,0.25,0.16,0.0,0.0,0.57,6.0,
11,2026-05-15,ok,0.0979,34.47,predicted,34.47,36.1,37.48,38.68,39.66,40.33,40.78,normal,drought,False,0.622,0.239,0.138,0.0,0.0,0.57,6.0,
11,2026-05-16,ok,0.0908,31.99,predicted,31.99,31.97,31.9,31.78,31.61,31.45,31.37,normal,drought,False,0.621,0.241,0.138,0.0,0.0,0.29,10.0,
11,2026-05-17,ok,0.091,32.06,predicted,32.06,32.02,31.91,31.76,31.59,31.39,31.3,normal,drought,False,0.609,0.251,0.14,0.0,0.0,0.29,10.0,
11,2026-05-18,ok,0.0915,32.22,predicted,32.22,32.15,32.0,31.8,31.6,31.37,31.24,normal,drought,False,0.577,0.277,0.146,0.0,0.0,0.29,10.0,
11,2026-05-19,ok,0.0916,32.28,predicted,32.28,32.12,31.88,31.6,31.32,31.03,30.85,normal,drought,False,0.552,0.289,0.159,0.0,0.0,0.29,10.0,
11,2026-05-20,ok,0.0916,32.28,predicted,32.28,32.09,31.81,31.49,31.19,30.88,30.68,normal,drought,False,0.494,0.314,0.193,0.0,0.0,0.29,10.0,
11,2026-05-21,ok,0.0917,32.31,predicted,32.31,32.15,31.91,31.64,31.39,31.12,30.97,normal,drought,False,0.435,0.329,0.235,0.0,0.0,0.29,10.0,
11,2026-05-22,ok,0.0918,32.33,predicted,32.33,32.2,32.0,31.78,31.57,31.35,31.23,normal,drought,False,0.36,0.347,0.292,0.0,0.0,0.29,10.0,
11,2026-05-23,ok,0.0918,32.34,predicted,32.34,32.27,32.16,32.03,31.9,31.75,31.71,normal,normal,True,0.332,0.34,0.327,0.0,0.0,0.29,10.0,
11,2026-05-24,ok,0.0915,32.22,predicted,32.22,32.13,32.0,31.85,31.71,31.57,31.53,normal,overflow,False,0.272,0.329,0.399,0.0,0.0,0.29,10.0,
11,2026-05-25,ok,0.0916,32.27,predicted,32.27,32.29,32.28,32.26,32.23,32.18,32.22,normal,drought,False,0.341,0.336,0.323,0.0,0.0,0.29,10.0,
11,2026-05-26,ok,0.0917,32.3,predicted,32.3,32.33,32.34,32.33,32.31,32.27,32.32,normal,normal,True,0.334,0.344,0.322,0.0,0.0,0.29,10.0,
11,2026-05-27,ok,0.0917,32.31,predicted,32.31,32.32,32.3,32.27,32.22,32.16,32.2,normal,drought,False,0.356,0.336,0.308,0.0,0.0,0.29,10.0,
11,2026-05-28,rejected,,,,,,,,,,,,,,,,,,,,,no storage data available for this tank
11,2026-05-29,rejected,,,,,,,,,,,,,,,,,,,,,no storage data available for this tank
11,2026-05-30,rejected,,,,,,,,,,,,,,,,,,,,,no storage data available for this tank
11,2026-05-31,rejected,,,,,,,,,,,,,,,,,,,,,no storage data available for this tank
11,2026-06-01,rejected,,,,,,,,,,,,,,,,,,,,,no storage data available for this tank
11,2026-06-02,rejected,,,,,,,,,,,,,,,,,,,,,no storage data available for this tank
11,2026-06-03,rejected,,,,,,,,,,,,,,,,,,,,,no storage data available for this tank
11,2026-06-04,rejected,,,,,,,,,,,,,,,,,,,,,no storage data available for this tank
11,2026-06-05,rejected,,,,,,,,,,,,,,,,,,,,,no storage data available for this tank
11,2026-06-06,rejected,,,,,,,,,,,,,,,,,,,,,no storage data available for this tank
11,2026-06-07,ok,0.0318,11.19,predicted,11.19,11.22,11.32,11.45,11.72,11.94,12.08,drought,drought,True,0.606,0.217,0.178,7.0,0.0,0.29,10.0,
11,2026-06-08,ok,0.032,11.28,predicted,11.28,11.35,11.47,11.65,11.94,12.2,12.37,drought,drought,True,0.605,0.216,0.178,7.0,0.0,0.29,10.0,
11,2026-06-09,ok,0.0318,11.19,predicted,11.19,11.17,11.2,11.29,11.48,11.68,11.79,drought,drought,True,0.603,0.214,0.183,7.0,0.0,0.29,10.0,
11,2026-06-10,ok,0.0314,11.06,predicted,11.06,11.03,11.06,11.12,11.31,11.49,11.6,drought,drought,True,0.57,0.23,0.199,7.0,0.0,0.29,10.0,
11,2026-06-11,ok,0.0316,11.12,predicted,11.12,11.19,11.33,11.49,11.79,12.03,12.21,drought,drought,True,0.564,0.241,0.196,7.0,0.0,0.29,10.0,
11,2026-06-12,ok,0.032,11.27,predicted,11.27,11.39,11.55,11.77,12.11,12.41,20.07,drought,drought,True,0.583,0.238,0.178,6.0,0.0,0.29,10.0,
11,2026-06-13,ok,0.0317,11.17,predicted,11.17,11.4,11.72,12.16,12.62,20.07,13.45,drought,drought,True,0.586,0.22,0.195,6.0,0.0,0.29,10.0,
11,2026-06-14,ok,0.0311,10.97,predicted,10.97,11.09,11.25,11.5,20.07,12.17,12.4,drought,drought,True,0.589,0.239,0.172,6.0,0.0,0.29,10.0,
11,2026-06-15,ok,0.031,10.92,predicted,10.92,11.05,11.22,20.07,11.76,12.04,12.26,drought,drought,True,0.563,0.27,0.167,6.0,0.0,0.29,10.0,
11,2026-06-16,ok,0.0315,11.11,predicted,11.11,11.32,20.07,11.88,12.3,12.62,12.87,drought,drought,True,0.557,0.282,0.161,6.0,0.0,0.29,10.0,
11,2026-06-17,ok,0.0318,11.2,predicted,11.2,20.07,11.27,11.33,11.54,11.68,11.77,drought,drought,True,0.542,0.289,0.169,6.0,0.0,0.29,10.0,
11,2026-06-18,ok,0.057,20.07,observed,20.07,11.32,11.31,11.34,11.52,11.63,11.69,normal,drought,False,0.526,0.29,0.184,6.0,0.0,0.29,10.0,
11,2026-06-19,ok,0.0595,20.94,predicted,20.94,21.39,21.71,22.0,22.29,22.5,21.98,normal,drought,False,0.531,0.302,0.167,0.0,0.0,0.57,6.0,
11,2026-06-20,ok,0.0613,21.58,predicted,21.58,22.04,22.39,22.7,23.01,21.98,23.24,normal,drought,False,0.566,0.276,0.158,0.0,0.0,0.57,6.0,
11,2026-06-21,ok,0.0574,20.23,predicted,20.23,20.15,20.07,20.03,21.98,20.11,20.07,normal,drought,False,0.541,0.276,0.183,0.0,0.0,0.29,10.0,
11,2026-06-22,ok,0.0575,20.24,predicted,20.24,20.19,20.16,21.98,20.24,20.31,20.3,normal,drought,False,0.574,0.256,0.171,0.0,0.0,0.29,10.0,
11,2026-06-23,ok,0.0574,20.21,predicted,20.21,20.2,21.98,20.26,20.38,20.51,20.54,normal,drought,False,0.625,0.241,0.134,0.0,0.0,0.29,10.0,
11,2026-06-24,ok,0.0571,20.12,predicted,20.12,21.98,19.98,19.96,20.01,20.08,20.07,normal,drought,False,0.585,0.267,0.148,0.0,0.0,0.29,10.0,
11,2026-06-25,ok,0.0624,21.98,observed,21.98,20.2,20.26,20.33,20.5,20.64,20.7,normal,drought,False,0.481,0.299,0.22,0.0,0.0,0.29,10.0,
11,2026-06-26,ok,0.0639,22.5,predicted,22.5,22.76,23.0,23.22,23.5,23.69,23.76,normal,normal,True,0.344,0.347,0.309,0.0,0.0,0.57,6.0,
11,2026-06-27,ok,0.0646,22.76,predicted,22.76,22.95,23.1,23.24,23.43,23.56,23.58,normal,drought,False,0.452,0.299,0.249,0.0,0.0,0.57,6.0,
11,2026-06-28,ok,0.0654,23.03,predicted,23.03,23.14,23.21,23.27,23.38,23.45,23.42,normal,drought,False,0.529,0.28,0.191,0.0,0.0,0.57,6.0,
11,2026-06-29,ok,0.0662,23.32,predicted,23.32,23.45,23.53,23.61,23.74,23.82,23.79,normal,drought,False,0.569,0.271,0.16,0.0,0.0,0.57,6.0,
11,2026-06-30,ok,0.0669,23.56,predicted,23.56,23.67,23.73,23.78,23.89,23.95,23.92,normal,drought,False,0.583,0.271,0.146,0.0,0.0,0.57,6.0,
11,2026-07-01,ok,0.0678,23.87,predicted,23.87,23.98,24.04,24.07,24.17,24.22,33.0,normal,drought,False,0.458,0.236,0.306,0.0,0.0,0.57,6.0,
11,2026-07-02,ok,0.0689,24.28,predicted,24.28,24.44,24.56,24.63,24.77,33.0,24.81,normal,overflow,False,0.359,0.198,0.444,0.0,0.0,0.57,6.0,
11,2026-07-03,ok,0.0637,22.44,predicted,22.44,22.28,22.11,21.92,33.0,21.74,21.61,normal,overflow,False,0.306,0.177,0.518,0.0,0.0,0.29,10.0,
11,2026-07-04,ok,0.0639,22.5,predicted,22.5,22.37,22.24,33.0,22.08,22.04,21.93,normal,overflow,False,0.368,0.198,0.434,0.0,0.0,0.29,10.0,
11,2026-07-05,ok,0.0632,22.27,predicted,22.27,21.94,33.0,21.28,21.04,20.86,20.65,normal,overflow,False,0.368,0.206,0.426,0.0,0.0,0.29,10.0,
11,2026-07-06,ok,0.063,22.2,predicted,22.2,33.0,21.72,21.5,21.37,21.28,21.14,normal,overflow,False,0.341,0.214,0.445,0.0,0.0,0.29,10.0,
11,2026-07-07,ok,0.0937,33.0,observed,33.0,22.18,22.1,22.02,22.03,22.05,22.0,normal,overflow,False,0.347,0.212,0.441,0.0,0.0,0.29,10.0,
11,2026-07-08,ok,0.097,34.17,predicted,34.17,34.99,35.61,36.15,36.6,36.88,37.05,normal,overflow,False,0.368,0.206,0.426,0.0,0.0,0.57,6.0,
11,2026-07-09,ok,0.0996,35.1,predicted,35.1,35.85,36.39,36.84,37.21,37.41,37.54,normal,drought,False,0.404,0.206,0.391,0.0,0.0,0.57,6.0,
11,2026-07-10,ok,0.0945,33.29,predicted,33.29,33.13,32.91,32.68,32.44,32.23,32.13,normal,drought,False,0.425,0.215,0.36,0.0,0.0,0.29,10.0,
11,2026-07-11,ok,0.0944,33.26,predicted,33.26,33.12,32.91,32.7,32.49,32.3,32.22,normal,drought,False,0.407,0.231,0.362,0.0,0.0,0.29,10.0,
11,2026-07-12,ok,0.0944,33.25,predicted,33.25,33.13,32.95,32.76,32.57,32.4,32.33,normal,drought,False,0.397,0.234,0.369,0.0,0.0,0.29,10.0,
11,2026-07-13,ok,0.0945,33.29,predicted,33.29,33.19,33.04,32.88,32.72,32.57,34.84,normal,overflow,False,0.362,0.241,0.396,0.0,0.0,0.29,10.0,
11,2026-07-14,ok,0.0944,33.27,predicted,33.27,33.17,33.01,32.85,32.68,34.84,32.47,normal,overflow,False,0.308,0.246,0.446,0.0,0.0,0.29,10.0,
11,2026-07-15,ok,0.0943,33.22,predicted,33.22,33.1,32.92,32.73,34.84,32.37,32.32,normal,overflow,False,0.285,0.269,0.445,0.0,0.0,0.29,10.0,
11,2026-07-16,ok,0.0943,33.21,predicted,33.21,33.12,32.97,34.84,32.66,32.52,32.49,normal,overflow,False,0.29,0.257,0.453,0.0,0.0,0.29,10.0,
11,2026-07-17,ok,0.0943,33.23,predicted,33.23,33.16,34.84,32.92,32.79,32.67,32.65,normal,drought,False,0.411,0.232,0.356,0.0,0.0,0.29,10.0,
11,2026-07-18,ok,0.0944,33.26,predicted,33.26,34.84,33.12,33.02,32.9,32.79,32.78,normal,drought,False,0.395,0.212,0.393,0.0,0.0,0.29,10.0,
11,2026-07-19,ok,0.0989,34.84,observed,34.84,33.28,33.21,33.11,33.01,32.9,32.9,normal,overflow,False,0.362,0.197,0.441,0.0,0.0,0.29,10.0,
11,2026-07-20,ok,0.1,35.24,predicted,35.24,35.25,35.17,35.06,34.93,34.78,34.75,normal,overflow,False,0.292,0.202,0.506,0.0,0.0,0.57,6.0,
11,2026-07-21,ok,0.1005,35.41,predicted,35.41,35.44,35.37,35.28,35.17,35.03,35.0,normal,overflow,False,0.343,0.234,0.423,0.0,0.0,0.57,6.0,
11,2026-07-22,ok,0.0997,35.14,predicted,35.14,35.07,34.92,34.76,34.59,34.42,34.38,normal,drought,False,0.49,0.227,0.283,0.0,0.0,0.29,10.0,
11,2026-07-23,ok,0.0997,35.12,predicted,35.12,35.0,34.81,34.6,34.37,34.16,34.09,normal,drought,False,0.556,0.198,0.246,0.0,0.0,0.29,10.0,
11,2026-07-24,ok,0.0998,35.16,predicted,35.16,35.05,34.85,34.64,34.43,34.22,34.15,normal,drought,False,0.52,0.2,0.28,0.0,0.0,0.29,10.0,
11,2026-07-25,ok,0.0999,35.2,predicted,35.2,35.08,34.88,34.67,34.46,34.25,34.17,normal,drought,False,0.488,0.193,0.32,0.0,0.0,0.29,10.0,
11,2026-07-26,ok,0.0999,35.21,predicted,35.21,35.07,34.86,34.62,34.38,34.16,34.06,normal,drought,False,0.473,0.184,0.343,0.0,0.0,0.29,10.0,
12,2026-03-25,ok,0.061,64.35,predicted,64.35,61.51,63.87,63.61,63.47,63.34,63.16,overflow,drought,False,0.463,0.182,0.355,0.0,7.0,0.29,10.0,
12,2026-03-26,ok,0.0583,61.51,observed,61.51,64.14,63.85,63.59,63.45,63.32,63.15,overflow,drought,False,0.495,0.149,0.355,0.0,7.0,0.29,10.0,
12,2026-03-27,ok,0.0586,61.82,predicted,61.82,61.56,61.25,60.96,60.8,60.67,60.56,overflow,drought,False,0.556,0.124,0.32,0.0,7.0,0.57,6.0,
12,2026-03-28,ok,0.0584,61.65,predicted,61.65,61.4,61.09,60.81,60.66,60.53,60.42,overflow,drought,False,0.564,0.13,0.306,0.0,7.0,0.57,6.0,
12,2026-03-29,ok,0.0588,62.06,predicted,62.06,61.88,61.62,61.38,61.24,61.1,60.98,overflow,drought,False,0.558,0.144,0.298,0.0,7.0,0.29,10.0,
12,2026-03-30,ok,0.0589,62.07,predicted,62.07,61.91,61.65,61.42,61.29,61.15,61.03,overflow,drought,False,0.546,0.162,0.292,0.0,7.0,0.29,10.0,
12,2026-03-31,ok,0.0589,62.12,predicted,62.12,61.98,61.74,61.53,61.41,61.29,61.18,overflow,drought,False,0.546,0.17,0.283,0.0,7.0,0.29,10.0,
12,2026-04-01,ok,0.0589,62.11,predicted,62.11,61.93,61.65,61.39,61.24,61.08,51.29,overflow,drought,False,0.525,0.165,0.31,0.0,7.0,0.29,10.0,
12,2026-04-02,ok,0.0589,62.14,predicted,62.14,61.97,61.7,61.45,61.31,51.29,61.04,overflow,drought,False,0.519,0.147,0.334,0.0,7.0,0.29,10.0,
12,2026-04-03,ok,0.0589,62.17,predicted,62.17,62.04,61.85,61.65,51.29,61.43,61.36,overflow,drought,False,0.569,0.15,0.281,0.0,7.0,0.29,10.0,
12,2026-04-04,ok,0.0587,61.96,predicted,61.96,61.86,61.71,51.29,61.49,61.4,61.36,overflow,drought,False,0.582,0.15,0.269,0.0,7.0,0.29,10.0,
12,2026-04-05,ok,0.0587,61.95,predicted,61.95,61.98,51.29,61.95,62.01,62.02,62.06,overflow,drought,False,0.553,0.158,0.289,0.0,7.0,0.29,10.0,
12,2026-04-06,ok,0.0588,61.97,predicted,61.97,51.29,61.76,61.63,61.58,61.52,61.46,overflow,drought,False,0.494,0.177,0.33,0.0,7.0,0.29,10.0,
12,2026-04-07,ok,0.0486,51.29,observed,51.29,62.02,61.84,61.65,61.55,61.44,61.36,overflow,drought,False,0.495,0.19,0.315,0.0,7.0,0.29,10.0,
12,2026-04-08,ok,0.0479,50.52,predicted,50.52,49.9,49.29,48.76,48.28,47.96,47.88,overflow,drought,False,0.413,0.22,0.368,0.0,7.0,0.57,6.0,
12,2026-04-09,ok,0.0472,49.75,predicted,49.75,49.21,48.68,48.22,47.8,47.53,47.5,overflow,drought,False,0.416,0.278,0.306,0.0,7.0,0.57,6.0,
12,2026-04-10,ok,0.0491,51.75,predicted,51.75,51.69,51.53,51.34,51.14,50.93,50.93,overflow,drought,False,0.483,0.326,0.191,0.0,7.0,0.29,10.0,
12,2026-04-11,ok,0.049,51.66,predicted,51.66,51.52,51.25,50.97,50.68,50.4,50.35,overflow,drought,False,0.464,0.398,0.138,0.0,7.0,0.29,10.0,
12,2026-04-12,ok,0.0491,51.74,predicted,51.74,51.64,51.44,51.22,50.99,50.75,50.73,overflow,normal,False,0.438,0.443,0.118,0.0,7.0,0.29,10.0,
12,2026-04-13,ok,0.0491,51.76,predicted,51.76,51.69,51.54,51.35,51.15,50.94,47.74,overflow,drought,False,0.485,0.406,0.108,0.0,7.0,0.29,10.0,
12,2026-04-14,ok,0.049,51.72,predicted,51.72,51.71,51.65,51.54,51.41,47.74,51.34,overflow,drought,False,0.525,0.352,0.123,0.0,7.0,0.29,10.0,
12,2026-04-15,ok,0.049,51.64,predicted,51.64,51.69,51.68,51.62,47.74,51.43,51.56,overflow,drought,False,0.532,0.333,0.135,0.0,7.0,0.29,10.0,
12,2026-04-16,ok,0.049,51.65,predicted,51.65,51.67,51.61,47.74,51.4,51.26,51.35,overflow,drought,False,0.506,0.353,0.141,0.0,7.0,0.29,10.0,
12,2026-04-17,ok,0.049,51.68,predicted,51.68,51.61,47.74,51.26,51.04,50.83,50.84,overflow,drought,False,0.45,0.417,0.133,0.0,7.0,0.29,10.0,
12,2026-04-18,ok,0.049,51.68,predicted,51.68,47.74,51.3,51.03,50.76,50.49,50.44,overflow,normal,False,0.409,0.443,0.148,0.0,7.0,0.29,10.0,
12,2026-04-19,ok,0.0453,47.74,observed,47.74,51.59,51.33,51.05,50.77,50.49,50.43,overflow,normal,False,0.33,0.528,0.142,0.0,7.0,0.29,10.0,
12,2026-04-20,ok,0.0452,47.71,predicted,47.71,47.38,46.97,46.57,46.16,45.81,45.74,overflow,normal,False,0.301,0.579,0.12,0.0,7.0,0.57,6.0,
12,2026-04-21,ok,0.0451,47.52,predicted,47.52,47.29,47.06,46.79,46.5,46.25,46.29,overflow,normal,False,0.428,0.473,0.099,0.0,7.0,0.57,6.0,
12,2026-04-22,ok,0.0455,47.97,predicted,47.97,47.94,47.84,47.7,47.51,47.32,47.39,overflow,drought,False,0.465,0.428,0.107,0.0,7.0,0.29,10.0,
12,2026-04-23,ok,0.0456,48.06,predicted,48.06,48.16,48.19,48.17,48.1,48.0,48.14,overflow,drought,False,0.473,0.409,0.118,0.0,7.0,0.29,10.0,
12,2026-04-24,ok,0.0456,48.07,predicted,48.07,48.12,48.1,48.03,47.91,47.76,47.88,overflow,drought,False,0.47,0.406,0.124,0.0,7.0,0.29,10.0,
12,2026-04-25,ok,0.0455,48.01,predicted,48.01,47.98,47.86,47.7,47.49,47.27,44.11,overflow,drought,False,0.474,0.403,0.123,0.0,7.0,0.29,10.0,
12,2026-04-26,ok,0.0455,47.96,predicted,47.96,47.87,47.68,47.47,47.21,44.11,46.97,overflow,normal,False,0.428,0.457,0.115,0.0,7.0,0.29,10.0,
12,2026-04-27,ok,0.0456,48.08,predicted,48.08,48.03,47.88,47.7,44.11,47.25,47.27,overflow,normal,False,0.43,0.465,0.105,0.0,7.0,0.29,10.0,
12,2026-04-28,ok,0.0456,48.11,predicted,48.11,48.09,48.0,44.11,47.67,47.47,47.54,overflow,drought,False,0.542,0.367,0.091,0.0,7.0,0.29,10.0,
12,2026-04-29,ok,0.0455,47.98,predicted,47.98,47.95,44.11,47.72,47.54,47.34,47.42,overflow,drought,False,0.589,0.329,0.082,0.0,7.0,0.29,10.0,
12,2026-04-30,ok,0.0455,48.02,predicted,48.02,44.11,48.15,48.14,48.07,47.97,48.12,overflow,drought,False,0.624,0.286,0.089,0.0,7.0,0.29,10.0,
12,2026-05-01,ok,0.0418,44.11,observed,44.11,48.17,48.25,48.26,48.21,48.13,48.29,overflow,drought,False,0.633,0.257,0.109,0.0,7.0,0.29,10.0,
12,2026-05-02,ok,0.0416,43.86,predicted,43.86,43.68,43.45,43.21,42.91,42.68,42.72,overflow,drought,False,0.549,0.328,0.123,0.0,7.0,0.57,6.0,
12,2026-05-03,ok,0.0414,43.62,predicted,43.62,43.41,43.14,42.86,42.53,42.26,42.26,overflow,drought,False,0.454,0.406,0.139,0.0,7.0,0.57,6.0,
12,2026-05-04,ok,0.042,44.35,predicted,44.35,44.31,44.17,43.99,43.75,43.5,43.52,overflow,drought,False,0.55,0.333,0.117,0.0,7.0,0.29,10.0,
12,2026-05-05,ok,0.042,44.29,predicted,44.29,44.19,43.99,43.75,43.46,43.18,43.17,overflow,drought,False,0.528,0.351,0.121,0.0,7.0,0.29,10.0,
12,2026-05-06,ok,0.0421,44.35,predicted,44.35,44.35,44.3,44.19,44.01,43.81,43.89,overflow,drought,False,0.582,0.312,0.106,0.0,7.0,0.29,10.0,
12,2026-05-07,ok,0.0419,44.22,predicted,44.22,44.21,44.13,44.01,43.83,43.65,57.82,overflow,drought,False,0.639,0.264,0.097,0.0,7.0,0.29,10.0,
12,2026-05-08,ok,0.042,44.33,predicted,44.33,44.46,44.55,44.58,44.54,57.82,44.65,overflow,drought,False,0.674,0.235,0.091,0.0,7.0,0.29,10.0,
12,2026-05-09,ok,0.042,44.28,predicted,44.28,44.4,44.49,44.52,57.82,44.39,44.57,overflow,drought,False,0.695,0.206,0.098,0.0,7.0,0.29,10.0,
12,2026-05-10,ok,0.042,44.27,predicted,44.27,44.46,44.62,57.82,44.71,44.68,44.9,overflow,drought,False,0.695,0.21,0.095,0.0,7.0,0.29,10.0,
12,2026-05-11,ok,0.042,44.29,predicted,44.29,44.65,57.82,45.37,45.55,45.72,46.07,overflow,drought,False,0.537,0.323,0.14,0.0,7.0,0.29,10.0,
12,2026-05-12,ok,0.0421,44.42,predicted,44.42,57.82,45.94,46.6,47.12,47.54,48.09,overflow,drought,False,0.571,0.297,0.132,0.0,7.0,0.29,10.0,
12,2026-05-13,ok,0.0548,57.82,observed,57.82,44.89,45.46,45.9,46.2,46.44,46.84,overflow,drought,False,0.571,0.276,0.152,0.0,7.0,0.29,10.0,
12,2026-05-14,ok,0.0567,59.8,predicted,59.8,61.3,62.58,63.6,64.43,64.9,65.39,overflow,drought,False,0.639,0.223,0.139,0.0,7.0,0.57,6.0,
12,2026-05-15,ok,0.0576,60.77,predicted,60.77,61.83,62.62,63.18,63.63,63.75,63.96,overflow,drought,False,0.667,0.218,0.116,0.0,7.0,0.57,6.0,
12,2026-05-16,ok,0.0552,58.23,predicted,58.23,58.16,58.04,57.83,57.63,57.42,57.38,overflow,drought,False,0.688,0.205,0.107,0.0,7.0,0.29,10.0,
12,2026-05-17,ok,0.0551,58.13,predicted,58.13,57.94,57.66,57.33,57.03,56.74,56.61,overflow,drought,False,0.692,0.199,0.109,0.0,7.0,0.29,10.0,
12,2026-05-18,ok,0.0551,58.14,predicted,58.14,57.9,57.55,57.17,56.83,56.52,56.35,overflow,drought,False,0.696,0.188,0.116,0.0,7.0,0.29,10.0,
12,2026-05-19,ok,0.0552,58.25,predicted,58.25,58.01,57.67,57.31,56.99,56.7,56.53,overflow,drought,False,0.696,0.183,0.121,0.0,7.0,0.29,10.0,
12,2026-05-20,ok,0.0552,58.23,predicted,58.23,58.0,57.67,57.33,57.05,56.78,56.63,overflow,drought,False,0.665,0.178,0.157,0.0,7.0,0.29,10.0,
12,2026-05-21,ok,0.0552,58.27,predicted,58.27,58.13,57.91,57.67,57.48,57.29,57.21,overflow,drought,False,0.643,0.177,0.18,0.0,7.0,0.29,10.0,
12,2026-05-22,ok,0.0552,58.26,predicted,58.26,58.12,57.89,57.65,57.46,57.28,57.2,overflow,drought,False,0.521,0.229,0.25,0.0,7.0,0.29,10.0,
12,2026-05-23,ok,0.0554,58.41,predicted,58.41,58.39,58.31,58.21,58.15,58.06,58.09,overflow,drought,False,0.518,0.219,0.263,0.0,7.0,0.29,10.0,
12,2026-05-24,ok,0.0552,58.22,predicted,58.22,58.1,57.9,57.7,57.54,57.38,57.35,overflow,overflow,True,0.345,0.228,0.427,0.0,7.0,0.29,10.0,
12,2026-05-25,ok,0.0553,58.28,predicted,58.28,58.24,58.13,58.0,57.92,57.82,57.84,overflow,drought,False,0.442,0.24,0.319,0.0,7.0,0.29,10.0,
12,2026-05-26,ok,0.0553,58.29,predicted,58.29,58.24,58.11,57.98,57.89,57.79,57.8,overflow,drought,False,0.446,0.248,0.306,0.0,7.0,0.29,10.0,
12,2026-05-27,ok,0.0553,58.33,predicted,58.33,58.27,58.13,57.98,57.88,57.76,57.75,overflow,drought,False,0.487,0.233,0.28,0.0,7.0,0.29,10.0,
12,2026-05-28,rejected,,,,,,,,,,,,,,,,,,,,,no storage data available for this tank
12,2026-05-29,rejected,,,,,,,,,,,,,,,,,,,,,no storage data available for this tank
12,2026-05-30,rejected,,,,,,,,,,,,,,,,,,,,,no storage data available for this tank
12,2026-05-31,rejected,,,,,,,,,,,,,,,,,,,,,no storage data available for this tank
12,2026-06-01,rejected,,,,,,,,,,,,,,,,,,,,,no storage data available for this tank
12,2026-06-02,rejected,,,,,,,,,,,,,,,,,,,,,no storage data available for this tank
12,2026-06-03,rejected,,,,,,,,,,,,,,,,,,,,,no storage data available for this tank
12,2026-06-04,rejected,,,,,,,,,,,,,,,,,,,,,no storage data available for this tank
12,2026-06-05,rejected,,,,,,,,,,,,,,,,,,,,,no storage data available for this tank
12,2026-06-06,rejected,,,,,,,,,,,,,,,,,,,,,no storage data available for this tank
12,2026-06-07,ok,0.0416,43.85,predicted,43.85,43.89,43.86,43.78,43.64,43.49,43.58,overflow,drought,False,0.58,0.276,0.144,0.0,7.0,0.29,10.0,
12,2026-06-08,ok,0.0415,43.8,predicted,43.8,43.78,43.69,43.56,43.36,43.15,43.23,overflow,drought,False,0.6,0.262,0.138,0.0,7.0,0.29,10.0,
12,2026-06-09,ok,0.0414,43.7,predicted,43.7,43.66,43.55,43.4,43.18,42.97,43.03,overflow,drought,False,0.612,0.251,0.137,0.0,7.0,0.29,10.0,
12,2026-06-10,ok,0.0415,43.72,predicted,43.72,43.74,43.68,43.58,43.42,43.26,43.34,overflow,drought,False,0.583,0.277,0.14,0.0,7.0,0.29,10.0,
12,2026-06-11,ok,0.0415,43.81,predicted,43.81,43.86,43.83,43.75,43.61,43.46,43.56,overflow,drought,False,0.584,0.288,0.128,0.0,7.0,0.29,10.0,
12,2026-06-12,ok,0.0415,43.8,predicted,43.8,43.8,43.75,43.63,43.46,43.28,53.91,overflow,drought,False,0.632,0.254,0.113,0.0,7.0,0.29,10.0,
12,2026-06-13,ok,0.0415,43.82,predicted,43.82,43.98,44.18,44.27,44.26,53.91,44.49,overflow,drought,False,0.653,0.227,0.12,0.0,7.0,0.29,10.0,
12,2026-06-14,ok,0.0414,43.64,predicted,43.64,43.83,43.97,44.06,53.91,44.03,44.25,overflow,drought,False,0.665,0.22,0.115,0.0,7.0,0.29,10.0,
12,2026-06-15,ok,0.0415,43.75,predicted,43.75,43.89,43.96,53.91,43.92,43.83,43.98,overflow,drought,False,0.64,0.23,0.13,0.0,7.0,0.29,10.0,
12,2026-06-16,ok,0.0415,43.76,predicted,43.76,43.78,53.91,43.6,43.41,43.21,43.28,overflow,drought,False,0.636,0.227,0.137,0.0,7.0,0.29,10.0,
12,2026-06-17,ok,0.0414,43.7,predicted,43.7,53.91,43.47,43.26,43.0,42.74,42.74,overflow,drought,False,0.609,0.241,0.149,0.0,7.0,0.29,10.0,
12,2026-06-18,ok,0.0511,53.91,observed,53.91,43.74,43.62,43.45,43.23,43.0,43.03,overflow,drought,False,0.635,0.214,0.15,0.0,7.0,0.29,10.0,
12,2026-06-19,ok,0.0525,55.33,predicted,55.33,55.91,56.26,56.48,56.64,56.59,54.6,overflow,drought,False,0.672,0.184,0.143,0.0,7.0,0.57,6.0,
12,2026-06-20,ok,0.0532,56.14,predicted,56.14,56.7,57.02,57.23,57.37,54.6,57.4,overflow,drought,False,0.665,0.186,0.149,0.0,7.0,0.57,6.0,
12,2026-06-21,ok,0.0515,54.31,predicted,54.31,54.27,54.15,54.0,54.6,53.69,53.72,overflow,drought,False,0.642,0.19,0.168,0.0,7.0,0.29,10.0,
12,2026-06-22,ok,0.0515,54.33,predicted,54.33,54.32,54.24,54.6,54.02,53.88,53.94,overflow,drought,False,0.661,0.182,0.157,0.0,7.0,0.29,10.0,
12,2026-06-23,ok,0.0515,54.36,predicted,54.36,54.4,54.6,54.33,54.26,54.16,54.27,overflow,drought,False,0.714,0.162,0.123,0.0,7.0,0.29,10.0,
12,2026-06-24,ok,0.0514,54.18,predicted,54.18,54.6,53.97,53.81,53.64,53.46,53.49,overflow,drought,False,0.68,0.176,0.145,0.0,7.0,0.29,10.0,
12,2026-06-25,ok,0.0518,54.6,observed,54.6,54.3,54.2,54.08,53.95,53.81,53.85,overflow,drought,False,0.595,0.213,0.192,0.0,7.0,0.29,10.0,
12,2026-06-26,ok,0.0523,55.17,predicted,55.17,55.17,55.07,54.94,54.81,54.64,54.65,overflow,drought,False,0.477,0.289,0.234,0.0,7.0,0.57,6.0,
12,2026-06-27,ok,0.0524,55.3,predicted,55.3,55.29,55.2,55.06,54.93,54.76,54.78,overflow,drought,False,0.581,0.236,0.184,0.0,7.0,0.57,6.0,
12,2026-06-28,ok,0.0525,55.33,predicted,55.33,55.31,55.19,55.04,54.9,54.73,54.73,overflow,drought,False,0.6,0.253,0.147,0.0,7.0,0.57,6.0,
12,2026-06-29,ok,0.0526,55.52,predicted,55.52,55.54,55.46,55.34,55.23,55.08,55.1,overflow,drought,False,0.611,0.252,0.137,0.0,7.0,0.57,6.0,
12,2026-06-30,ok,0.0527,55.55,predicted,55.55,55.49,55.33,55.13,54.95,54.75,54.73,overflow,drought,False,0.584,0.264,0.152,0.0,7.0,0.57,6.0,
12,2026-07-01,ok,0.0527,55.62,predicted,55.62,55.54,55.35,55.14,54.94,54.74,43.18,overflow,drought,False,0.489,0.242,0.27,0.0,7.0,0.57,6.0,
12,2026-07-02,ok,0.053,55.86,predicted,55.86,55.83,55.67,55.51,55.35,43.18,55.15,overflow,overflow,True,0.373,0.215,0.412,0.0,7.0,0.57,6.0,
12,2026-07-03,ok,0.0523,55.17,predicted,55.17,55.02,54.76,54.5,43.18,54.02,53.94,overflow,overflow,True,0.241,0.177,0.582,0.0,7.0,0.29,10.0,
12,2026-07-04,ok,0.0524,55.31,predicted,55.31,55.22,55.04,43.18,54.65,54.44,54.42,overflow,overflow,True,0.338,0.193,0.469,0.0,7.0,0.29,10.0,
12,2026-07-05,ok,0.0522,55.05,predicted,55.05,54.84,43.18,54.21,53.91,53.62,53.54,overflow,overflow,True,0.344,0.185,0.472,0.0,7.0,0.29,10.0,
12,2026-07-06,ok,0.0522,55.07,predicted,55.07,43.18,54.75,54.53,54.33,54.13,54.11,overflow,overflow,True,0.334,0.173,0.493,0.0,7.0,0.29,10.0,
12,2026-07-07,ok,0.0409,43.18,observed,43.18,55.1,54.93,54.74,54.58,54.41,54.4,overflow,overflow,True,0.367,0.154,0.479,0.0,7.0,0.29,10.0,
12,2026-07-08,ok,0.0401,42.3,predicted,42.3,41.65,41.02,40.45,39.87,39.49,39.41,overflow,overflow,True,0.399,0.142,0.459,0.0,7.0,0.57,6.0,
12,2026-07-09,ok,0.0392,41.32,predicted,41.32,40.63,39.96,39.34,38.71,38.29,38.17,overflow,drought,False,0.432,0.148,0.42,0.0,7.0,0.57,6.0,
12,2026-07-10,ok,0.0412,43.47,predicted,43.47,43.36,43.14,42.89,42.61,42.32,42.3,overflow,drought,False,0.458,0.167,0.375,0.0,7.0,0.29,10.0,
12,2026-07-11,ok,0.0412,43.45,predicted,43.45,43.37,43.18,42.97,42.72,42.46,42.47,overflow,drought,False,0.483,0.16,0.357,0.0,7.0,0.29,10.0,
12,2026-07-12,ok,0.0412,43.45,predicted,43.45,43.38,43.22,43.03,42.8,42.56,42.58,overflow,drought,False,0.488,0.158,0.354,0.0,7.0,0.29,10.0,
12,2026-07-13,ok,0.0412,43.48,predicted,43.48,43.43,43.3,43.13,42.92,42.7,47.2,overflow,drought,False,0.49,0.162,0.348,0.0,7.0,0.29,10.0,
12,2026-07-14,ok,0.0412,43.48,predicted,43.48,43.42,43.28,43.1,42.87,47.2,42.66,overflow,drought,False,0.448,0.184,0.369,0.0,7.0,0.29,10.0,
12,2026-07-15,ok,0.0412,43.42,predicted,43.42,43.33,43.16,42.95,47.2,42.45,42.47,overflow,drought,False,0.424,0.206,0.371,0.0,7.0,0.29,10.0,
12,2026-07-16,ok,0.0412,43.42,predicted,43.42,43.37,43.22,47.2,42.83,42.61,42.66,overflow,drought,False,0.395,0.21,0.395,0.0,7.0,0.29,10.0,
12,2026-07-17,ok,0.0412,43.43,predicted,43.43,43.39,47.2,43.11,42.91,42.7,42.75,overflow,drought,False,0.587,0.167,0.247,0.0,7.0,0.29,10.0,
12,2026-07-18,ok,0.0412,43.43,predicted,43.43,47.2,43.28,43.13,42.93,42.72,42.76,overflow,drought,False,0.577,0.149,0.274,0.0,7.0,0.29,10.0,
12,2026-07-19,ok,0.0447,47.2,observed,47.2,43.5,43.41,43.28,43.09,42.9,42.95,overflow,drought,False,0.513,0.176,0.311,0.0,7.0,0.29,10.0,
12,2026-07-20,ok,0.0454,47.92,predicted,47.92,48.08,48.07,48.01,47.89,47.69,47.74,overflow,drought,False,0.447,0.195,0.358,0.0,7.0,0.57,6.0,
12,2026-07-21,ok,0.0458,48.29,predicted,48.29,48.47,48.49,48.46,48.37,48.2,48.26,overflow,drought,False,0.427,0.212,0.361,0.0,7.0,0.57,6.0,
12,2026-07-22,ok,0.0451,47.59,predicted,47.59,47.53,47.37,47.18,46.96,46.73,46.74,overflow,drought,False,0.469,0.218,0.313,0.0,7.0,0.29,10.0,
12,2026-07-23,ok,0.0451,47.55,predicted,47.55,47.45,47.23,47.0,46.73,46.46,46.44,overflow,drought,False,0.494,0.224,0.282,0.0,7.0,0.29,10.0,
12,2026-07-24,ok,0.0451,47.58,predicted,47.58,47.5,47.29,47.07,46.82,46.57,46.56,overflow,drought,False,0.426,0.235,0.339,0.0,7.0,0.29,10.0,
12,2026-07-25,ok,0.0451,47.61,predicted,47.61,47.53,47.32,47.1,46.84,46.59,46.57,overflow,overflow,True,0.33,0.221,0.449,0.0,7.0,0.29,10.0,
12,2026-07-26,ok,0.0451,47.62,predicted,47.62,47.5,47.27,47.02,46.74,46.46,46.43,overflow,overflow,True,0.276,0.223,0.501,0.0,7.0,0.29,10.0,
13,2026-03-25,ok,0.0318,43.27,predicted,43.27,43.48,43.07,42.89,42.67,42.46,42.44,normal,normal,True,0.181,0.481,0.338,0.0,0.0,0.29,10.0,
13,2026-03-26,ok,0.032,43.48,observed,43.48,43.19,43.03,42.85,42.63,42.41,42.39,normal,normal,True,0.183,0.502,0.315,0.0,0.0,0.29,10.0,
13,2026-03-27,ok,0.0322,43.78,predicted,43.78,43.76,43.64,43.49,43.3,43.1,43.09,normal,normal,True,0.212,0.524,0.264,0.0,0.0,0.57,6.0,
13,2026-03-28,ok,0.0322,43.85,predicted,43.85,43.84,43.74,43.61,43.43,43.25,43.25,normal,normal,True,0.239,0.507,0.254,0.0,0.0,0.57,6.0,
13,2026-03-29,ok,0.0321,43.73,predicted,43.73,43.68,43.53,43.36,43.15,42.95,42.94,normal,normal,True,0.259,0.439,0.303,0.0,0.0,0.29,10.0,
13,2026-03-30,ok,0.0322,43.76,predicted,43.76,43.71,43.57,43.41,43.22,43.02,43.02,normal,normal,True,0.284,0.426,0.291,0.0,0.0,0.29,10.0,
13,2026-03-31,ok,0.0322,43.77,predicted,43.77,43.73,43.61,43.47,43.28,43.1,43.11,normal,normal,True,0.265,0.475,0.26,0.0,0.0,0.29,10.0,
13,2026-04-01,ok,0.0322,43.76,predicted,43.76,43.72,43.59,43.44,43.25,43.07,38.17,normal,normal,True,0.241,0.487,0.272,0.0,0.0,0.29,10.0,
13,2026-04-02,ok,0.0322,43.78,predicted,43.78,43.76,43.64,43.51,43.33,38.17,43.18,normal,normal,True,0.224,0.493,0.283,0.0,0.0,0.29,10.0,
13,2026-04-03,ok,0.0322,43.82,predicted,43.82,43.83,43.8,43.73,38.17,43.46,43.55,normal,normal,True,0.268,0.493,0.239,0.0,0.0,0.29,10.0,
13,2026-04-04,ok,0.032,43.58,predicted,43.58,43.57,43.54,38.17,43.34,43.22,43.32,normal,normal,True,0.221,0.5,0.278,0.0,0.0,0.29,10.0,
13,2026-04-05,ok,0.0321,43.63,predicted,43.63,43.84,38.17,44.14,44.2,44.23,44.44,normal,normal,True,0.187,0.516,0.297,0.0,0.0,0.29,10.0,
13,2026-04-06,ok,0.0321,43.68,predicted,43.68,38.17,43.89,43.94,43.92,43.88,44.01,normal,normal,True,0.145,0.443,0.412,0.0,0.0,0.29,10.0,
13,2026-04-07,ok,0.028,38.17,observed,38.17,43.76,43.75,43.69,43.57,43.45,43.53,normal,overflow,False,0.157,0.409,0.434,0.0,0.0,0.29,10.0,
13,2026-04-08,ok,0.0277,37.76,predicted,37.76,37.44,37.11,36.79,36.45,36.2,36.15,normal,overflow,False,0.124,0.295,0.581,0.0,0.0,0.57,6.0,
13,2026-04-09,ok,0.0275,37.41,predicted,37.41,37.08,36.73,36.39,36.03,35.77,35.69,normal,overflow,False,0.156,0.3,0.544,0.0,0.0,0.57,6.0,
13,2026-04-10,ok,0.0282,38.42,predicted,38.42,38.35,38.21,38.04,37.83,37.62,37.59,normal,normal,True,0.224,0.396,0.38,0.0,0.0,0.29,10.0,
13,2026-04-11,ok,0.0282,38.32,predicted,38.32,38.15,37.89,37.62,37.32,37.03,36.93,normal,overflow,False,0.246,0.369,0.385,0.0,0.0,0.29,10.0,
13,2026-04-12,ok,0.0282,38.41,predicted,38.41,38.32,38.15,37.96,37.75,37.53,37.48,normal,overflow,False,0.258,0.349,0.393,0.0,0.0,0.29,10.0,
13,2026-04-13,ok,0.0282,38.39,predicted,38.39,38.31,38.17,38.01,37.81,37.62,42.51,normal,overflow,False,0.224,0.387,0.389,0.0,0.0,0.29,10.0,
13,2026-04-14,ok,0.0281,38.26,predicted,38.26,38.22,38.15,38.06,37.92,42.51,37.85,normal,normal,True,0.264,0.437,0.298,0.0,0.0,0.29,10.0,
13,2026-04-15,ok,0.028,38.16,predicted,38.16,38.22,38.26,38.29,42.51,38.24,38.36,normal,normal,True,0.249,0.472,0.279,0.0,0.0,0.29,10.0,
13,2026-04-16,ok,0.0282,38.34,predicted,38.34,38.59,38.81,42.51,39.12,39.21,39.41,normal,normal,True,0.297,0.478,0.225,0.0,0.0,0.29,10.0,
13,2026-04-17,ok,0.0282,38.36,predicted,38.36,38.44,42.51,38.43,38.36,38.29,38.35,normal,normal,True,0.258,0.445,0.297,0.0,0.0,0.29,10.0,
13,2026-04-18,ok,0.0282,38.36,predicted,38.36,42.51,38.14,37.96,37.74,37.54,37.49,normal,normal,True,0.308,0.347,0.345,0.0,0.0,0.29,10.0,
13,2026-04-19,ok,0.0312,42.51,observed,42.51,38.31,38.11,37.88,37.63,37.38,37.31,normal,overflow,False,0.327,0.305,0.369,0.0,0.0,0.29,10.0,
13,2026-04-20,ok,0.0317,43.2,predicted,43.2,43.35,43.33,43.27,43.15,42.96,42.94,normal,overflow,False,0.349,0.292,0.36,0.0,0.0,0.57,6.0,
13,2026-04-21,ok,0.032,43.61,predicted,43.61,43.91,44.12,44.26,44.32,44.28,44.41,normal,normal,True,0.311,0.366,0.324,0.0,0.0,0.57,6.0,
13,2026-04-22,ok,0.0313,42.65,predicted,42.65,42.71,42.72,42.71,42.63,42.55,42.65,normal,normal,True,0.269,0.429,0.302,0.0,0.0,0.29,10.0,
13,2026-04-23,ok,0.0314,42.73,predicted,42.73,42.86,42.94,42.99,42.97,42.93,43.07,normal,normal,True,0.271,0.454,0.275,0.0,0.0,0.29,10.0,
13,2026-04-24,ok,0.0314,42.68,predicted,42.68,42.73,42.73,42.7,42.59,42.48,42.58,normal,normal,True,0.29,0.462,0.248,0.0,0.0,0.29,10.0,
13,2026-04-25,ok,0.0313,42.65,predicted,42.65,42.69,42.66,42.6,42.48,42.35,39.6,normal,normal,True,0.316,0.448,0.235,0.0,0.0,0.29,10.0,
13,2026-04-26,ok,0.0313,42.62,predicted,42.62,42.61,42.5,42.38,42.2,39.6,42.06,normal,normal,True,0.289,0.411,0.3,0.0,0.0,0.29,10.0,
13,2026-04-27,ok,0.0314,42.75,predicted,42.75,42.75,42.67,42.57,39.6,42.24,42.27,normal,normal,True,0.275,0.43,0.295,0.0,0.0,0.29,10.0,
13,2026-04-28,ok,0.0314,42.73,predicted,42.73,42.71,42.64,39.6,42.35,42.17,42.22,normal,normal,True,0.287,0.443,0.27,0.0,0.0,0.29,10.0,
13,2026-04-29,ok,0.0313,42.59,predicted,42.59,42.56,39.6,42.35,42.17,42.0,42.04,normal,normal,True,0.269,0.499,0.233,0.0,0.0,0.29,10.0,
13,2026-04-30,ok,0.0313,42.63,predicted,42.63,39.6,42.76,42.77,42.7,42.62,42.75,normal,normal,True,0.252,0.56,0.188,0.0,0.0,0.29,10.0,
13,2026-05-01,ok,0.0291,39.6,observed,39.6,42.79,42.91,42.98,42.98,42.95,43.11,normal,normal,True,0.248,0.613,0.139,0.0,0.0,0.29,10.0,
13,2026-05-02,ok,0.0289,39.38,predicted,39.38,39.29,39.18,39.06,38.88,38.75,38.82,normal,normal,True,0.306,0.567,0.127,0.0,0.0,0.57,6.0,
13,2026-05-03,ok,0.0288,39.21,predicted,39.21,39.07,38.9,38.72,38.5,38.32,38.34,normal,normal,True,0.386,0.463,0.151,0.0,0.0,0.57,6.0,
13,2026-05-04,ok,0.0292,39.78,predicted,39.78,39.77,39.7,39.59,39.43,39.27,39.29,normal,normal,True,0.354,0.457,0.188,0.0,0.0,0.29,10.0,
13,2026-05-05,ok,0.0292,39.7,predicted,39.7,39.63,39.49,39.33,39.12,38.92,38.91,normal,normal,True,0.35,0.439,0.211,0.0,0.0,0.29,10.0,
13,2026-05-06,ok,0.0292,39.78,predicted,39.78,39.86,39.9,39.9,39.84,39.75,39.84,normal,drought,False,0.419,0.396,0.185,0.0,0.0,0.29,10.0,
13,2026-05-07,ok,0.0291,39.65,predicted,39.65,39.66,39.62,39.56,39.44,39.33,32.99,normal,normal,True,0.352,0.458,0.19,0.0,0.0,0.29,10.0,
13,2026-05-08,ok,0.0292,39.74,predicted,39.74,39.87,39.97,40.03,40.03,32.99,40.14,normal,normal,True,0.352,0.489,0.159,0.0,0.0,0.29,10.0,
13,2026-05-09,ok,0.0292,39.67,predicted,39.67,39.78,39.88,39.92,32.99,39.87,40.01,normal,normal,True,0.395,0.476,0.129,0.0,0.0,0.29,10.0,
13,2026-05-10,ok,0.0291,39.63,predicted,39.63,39.78,39.92,32.99,40.02,40.02,40.19,normal,normal,True,0.407,0.474,0.119,0.0,0.0,0.29,10.0,
13,2026-05-11,ok,0.0292,39.67,predicted,39.67,40.05,32.99,40.87,41.12,41.35,41.69,normal,normal,True,0.371,0.44,0.189,0.0,0.0,0.29,10.0,
13,2026-05-12,ok,0.0292,39.71,predicted,39.71,32.99,41.04,41.65,42.12,42.54,43.01,normal,normal,True,0.351,0.433,0.216,0.0,0.0,0.29,10.0,
13,2026-05-13,ok,0.0242,32.99,observed,32.99,40.26,40.89,41.42,41.83,42.18,42.58,normal,normal,True,0.283,0.449,0.268,0.0,0.0,0.29,10.0,
13,2026-05-14,ok,0.024,32.66,predicted,32.66,32.99,33.51,33.96,34.31,34.71,35.1,normal,normal,True,0.32,0.445,0.236,0.0,0.0,0.57,6.0,
13,2026-05-15,ok,0.0234,31.8,predicted,31.8,31.65,31.58,31.49,31.36,31.32,31.37,normal,drought,False,0.441,0.422,0.137,0.0,0.0,0.57,6.0,
13,2026-05-16,ok,0.0241,32.83,predicted,32.83,32.86,32.85,32.8,32.68,32.57,32.54,normal,drought,False,0.468,0.419,0.113,0.0,0.0,0.29,10.0,
13,2026-05-17,ok,0.0241,32.86,predicted,32.86,32.82,32.72,32.59,32.42,32.25,32.17,normal,drought,False,0.456,0.44,0.104,0.0,0.0,0.29,10.0,
13,2026-05-18,ok,0.0243,33.01,predicted,33.01,32.97,32.84,32.69,32.51,32.32,32.21,normal,normal,True,0.407,0.492,0.101,0.0,0.0,0.29,10.0,
13,2026-05-19,ok,0.0243,33.06,predicted,33.06,32.93,32.72,32.47,32.22,31.95,31.79,normal,normal,True,0.38,0.512,0.108,0.0,0.0,0.29,10.0,
13,2026-05-20,ok,0.0243,33.06,predicted,33.06,32.89,32.64,32.36,32.08,31.8,31.63,normal,normal,True,0.34,0.532,0.128,0.0,0.0,0.29,10.0,
13,2026-05-21,ok,0.0243,33.09,predicted,33.09,32.95,32.74,32.51,32.28,32.04,31.91,normal,normal,True,0.29,0.54,0.171,0.0,0.0,0.29,10.0,
13,2026-05-22,ok,0.0243,33.11,predicted,33.11,33.0,32.82,32.63,32.44,32.24,32.14,normal,normal,True,0.26,0.511,0.229,0.0,0.0,0.29,10.0,
13,2026-05-23,ok,0.0243,33.12,predicted,33.12,33.08,33.0,32.91,32.8,32.68,32.67,normal,normal,True,0.24,0.546,0.213,0.0,0.0,0.29,10.0,
13,2026-05-24,ok,0.0242,32.99,predicted,32.99,32.93,32.82,32.72,32.6,32.48,32.46,normal,normal,True,0.227,0.518,0.255,0.0,0.0,0.29,10.0,
13,2026-05-25,ok,0.0243,33.03,predicted,33.03,33.07,33.1,33.11,33.1,33.09,33.15,normal,normal,True,0.232,0.51,0.258,0.0,0.0,0.29,10.0,
13,2026-05-26,ok,0.0243,33.07,predicted,33.07,33.15,33.21,33.26,33.28,33.29,33.37,normal,normal,True,0.227,0.509,0.263,0.0,0.0,0.29,10.0,
13,2026-05-27,ok,0.0243,33.08,predicted,33.08,33.13,33.16,33.17,33.16,33.13,33.2,normal,normal,True,0.234,0.514,0.251,0.0,0.0,0.29,10.0,
13,2026-05-28,rejected,,,,,,,,,,,,,,,,,,,,,no storage data available for this tank
13,2026-05-29,rejected,,,,,,,,,,,,,,,,,,,,,no storage data available for this tank
13,2026-05-30,rejected,,,,,,,,,,,,,,,,,,,,,no storage data available for this tank
13,2026-05-31,rejected,,,,,,,,,,,,,,,,,,,,,no storage data available for this tank
13,2026-06-01,rejected,,,,,,,,,,,,,,,,,,,,,no storage data available for this tank
13,2026-06-02,rejected,,,,,,,,,,,,,,,,,,,,,no storage data available for this tank
13,2026-06-03,rejected,,,,,,,,,,,,,,,,,,,,,no storage data available for this tank
13,2026-06-04,rejected,,,,,,,,,,,,,,,,,,,,,no storage data available for this tank
13,2026-06-05,rejected,,,,,,,,,,,,,,,,,,,,,no storage data available for this tank
13,2026-06-06,rejected,,,,,,,,,,,,,,,,,,,,,no storage data available for this tank
13,2026-06-07,ok,0.02,27.28,predicted,27.28,27.24,27.19,27.17,27.17,27.17,27.17,normal,normal,True,0.323,0.527,0.151,0.0,0.0,0.29,10.0,
13,2026-06-08,ok,0.02,27.23,predicted,27.23,27.17,27.11,27.08,27.06,27.06,27.05,normal,normal,True,0.353,0.52,0.127,0.0,0.0,0.29,10.0,
13,2026-06-09,ok,0.02,27.16,predicted,27.16,27.08,26.99,26.94,26.89,26.88,26.86,normal,normal,True,0.33,0.536,0.134,0.0,0.0,0.29,10.0,
13,2026-06-10,ok,0.02,27.18,predicted,27.18,27.14,27.09,27.07,27.06,27.07,27.07,normal,normal,True,0.343,0.5,0.157,0.0,0.0,0.29,10.0,
13,2026-06-11,ok,0.02,27.26,predicted,27.26,27.26,27.24,27.25,27.27,27.3,27.31,normal,normal,True,0.337,0.503,0.16,0.0,0.0,0.29,10.0,
13,2026-06-12,ok,0.02,27.21,predicted,27.21,27.17,27.13,27.11,27.1,27.11,27.22,normal,normal,True,0.332,0.527,0.141,0.0,0.0,0.29,10.0,
13,2026-06-13,ok,0.0198,26.97,predicted,26.97,27.02,27.17,27.33,27.46,27.22,27.76,normal,normal,True,0.401,0.441,0.159,0.0,0.0,0.29,10.0,
13,2026-06-14,ok,0.0199,27.1,predicted,27.1,27.35,27.62,27.91,27.22,28.46,28.65,normal,normal,True,0.36,0.506,0.135,0.0,0.0,0.29,10.0,
13,2026-06-15,ok,0.0199,27.15,predicted,27.15,27.25,27.34,27.22,27.55,27.65,27.72,normal,normal,True,0.34,0.526,0.134,0.0,0.0,0.29,10.0,
13,2026-06-16,ok,0.02,27.23,predicted,27.23,27.27,27.22,27.31,27.35,27.37,27.39,normal,normal,True,0.375,0.506,0.119,0.0,0.0,0.29,10.0,
13,2026-06-17,ok,0.02,27.25,predicted,27.25,27.22,27.06,26.96,26.88,26.8,26.73,normal,normal,True,0.376,0.493,0.131,0.0,0.0,0.29,10.0,
13,2026-06-18,ok,0.02,27.22,observed,27.22,27.13,26.98,26.84,26.73,26.62,26.52,normal,normal,True,0.275,0.546,0.179,0.0,0.0,0.29,10.0,
13,2026-06-19,ok,0.0201,27.34,predicted,27.34,27.2,27.03,26.88,26.76,26.65,34.54,normal,normal,True,0.359,0.535,0.106,0.0,0.0,0.57,6.0,
13,2026-06-20,ok,0.0201,27.3,predicted,27.3,27.19,27.07,26.96,26.87,34.54,26.74,normal,normal,True,0.348,0.538,0.114,0.0,0.0,0.57,6.0,
13,2026-06-21,ok,0.0201,27.33,predicted,27.33,27.29,27.23,27.19,34.54,27.16,27.14,normal,normal,True,0.296,0.541,0.162,0.0,0.0,0.29,10.0,
13,2026-06-22,ok,0.0201,27.33,predicted,27.33,27.29,27.26,34.54,27.23,27.23,27.22,normal,normal,True,0.324,0.532,0.144,0.0,0.0,0.29,10.0,
13,2026-06-23,ok,0.02,27.26,predicted,27.26,27.26,34.54,27.29,27.32,27.36,27.39,normal,normal,True,0.397,0.515,0.088,0.0,0.0,0.29,10.0,
13,2026-06-24,ok,0.02,27.24,predicted,27.24,34.54,27.23,27.24,27.27,27.31,27.33,normal,normal,True,0.357,0.54,0.103,0.0,0.0,0.29,10.0,
13,2026-06-25,ok,0.0254,34.54,observed,34.54,27.37,27.41,27.46,27.54,27.6,27.64,normal,normal,True,0.275,0.527,0.198,0.0,0.0,0.29,10.0,
13,2026-06-26,ok,0.0262,35.61,predicted,35.61,36.73,37.63,38.44,39.12,39.56,39.88,normal,normal,True,0.223,0.546,0.231,0.0,0.0,0.57,6.0,
13,2026-06-27,ok,0.0269,36.64,predicted,36.64,37.66,38.47,39.18,39.76,40.1,40.38,normal,normal,True,0.269,0.512,0.22,0.0,0.0,0.57,6.0,
13,2026-06-28,ok,0.0277,37.71,predicted,37.71,38.68,39.43,40.07,40.6,40.88,41.13,normal,normal,True,0.343,0.505,0.152,0.0,0.0,0.57,6.0,
13,2026-06-29,ok,0.0285,38.8,predicted,38.8,39.74,40.46,41.07,41.55,41.8,42.03,normal,normal,True,0.33,0.538,0.132,0.0,0.0,0.57,6.0,
13,2026-06-30,ok,0.0293,39.85,predicted,39.85,40.77,41.45,42.03,42.49,42.71,42.93,normal,normal,True,0.331,0.551,0.118,0.0,0.0,0.57,6.0,
13,2026-07-01,ok,0.0301,40.98,predicted,40.98,41.93,42.64,43.24,43.72,43.95,30.38,normal,normal,True,0.247,0.541,0.211,0.0,0.0,0.57,6.0,
13,2026-07-02,ok,0.031,42.17,predicted,42.17,43.14,43.84,44.43,44.9,30.38,45.34,normal,normal,True,0.234,0.484,0.282,0.0,0.0,0.57,6.0,
13,2026-07-03,ok,0.0256,34.84,predicted,34.84,34.78,34.64,34.48,30.38,34.14,34.07,normal,normal,True,0.242,0.465,0.293,0.0,0.0,0.29,10.0,
13,2026-07-04,ok,0.0256,34.79,predicted,34.79,34.69,34.54,30.38,34.17,33.98,33.92,normal,normal,True,0.281,0.517,0.202,0.0,0.0,0.29,10.0,
13,2026-07-05,ok,0.0254,34.58,predicted,34.58,34.41,30.38,33.94,33.69,33.47,33.38,normal,normal,True,0.268,0.55,0.181,0.0,0.0,0.29,10.0,
13,2026-07-06,ok,0.0255,34.65,predicted,34.65,30.38,34.52,34.43,34.31,34.2,34.2,normal,normal,True,0.208,0.565,0.228,0.0,0.0,0.29,10.0,
13,2026-07-07,ok,0.0223,30.38,observed,30.38,34.78,34.75,34.7,34.64,34.57,34.59,normal,normal,True,0.228,0.56,0.212,0.0,0.0,0.29,10.0,
13,2026-07-08,ok,0.0223,30.31,predicted,30.31,30.01,29.72,29.44,29.2,29.03,28.94,normal,normal,True,0.243,0.534,0.222,0.0,0.0,0.57,6.0,
13,2026-07-09,ok,0.022,29.96,predicted,29.96,29.61,29.25,28.92,28.62,28.4,28.28,normal,normal,True,0.268,0.487,0.246,0.0,0.0,0.57,6.0,
13,2026-07-10,ok,0.0225,30.64,predicted,30.64,30.49,30.31,30.13,29.96,29.81,29.72,normal,normal,True,0.29,0.473,0.237,0.0,0.0,0.29,10.0,
13,2026-07-11,ok,0.0225,30.61,predicted,30.61,30.48,30.31,30.14,29.99,29.86,29.79,normal,normal,True,0.272,0.481,0.247,0.0,0.0,0.29,10.0,
13,2026-07-12,ok,0.0225,30.6,predicted,30.6,30.48,30.32,30.18,30.05,29.93,29.87,normal,normal,True,0.255,0.467,0.278,0.0,0.0,0.29,10.0,
13,2026-07-13,ok,0.0225,30.63,predicted,30.63,30.54,30.41,30.29,30.18,30.08,36.4,normal,normal,True,0.226,0.462,0.311,0.0,0.0,0.29,10.0,
13,2026-07-14,ok,0.0225,30.63,predicted,30.63,30.53,30.4,30.28,30.16,36.4,30.01,normal,normal,True,0.204,0.467,0.329,0.0,0.0,0.29,10.0,
13,2026-07-15,ok,0.0225,30.59,predicted,30.59,30.47,30.31,30.16,36.4,29.91,29.85,normal,normal,True,0.226,0.505,0.269,0.0,0.0,0.29,10.0,
13,2026-07-16,ok,0.0225,30.57,predicted,30.57,30.47,30.34,36.4,30.11,30.02,29.98,normal,normal,True,0.238,0.532,0.23,0.0,0.0,0.29,10.0,
13,2026-07-17,ok,0.0225,30.57,predicted,30.57,30.49,36.4,30.27,30.18,30.1,30.07,normal,normal,True,0.236,0.545,0.219,0.0,0.0,0.29,10.0,
13,2026-07-18,ok,0.0225,30.61,predicted,30.61,36.4,30.49,30.41,30.35,30.3,30.28,normal,normal,True,0.224,0.512,0.264,0.0,0.0,0.29,10.0,
13,2026-07-19,ok,0.0268,36.4,observed,36.4,30.63,30.58,30.52,30.47,30.42,30.42,normal,normal,True,0.233,0.457,0.31,0.0,0.0,0.29,10.0,
13,2026-07-20,ok,0.0273,37.13,predicted,37.13,37.48,37.68,37.84,37.94,37.94,38.01,normal,normal,True,0.203,0.464,0.333,0.0,0.0,0.57,6.0,
13,2026-07-21,ok,0.0277,37.64,predicted,37.64,38.0,38.21,38.38,38.48,38.48,38.55,normal,normal,True,0.253,0.453,0.293,0.0,0.0,0.57,6.0,
13,2026-07-22,ok,0.0269,36.62,predicted,36.62,36.58,36.46,36.34,36.19,36.04,36.02,normal,normal,True,0.316,0.441,0.243,0.0,0.0,0.29,10.0,
13,2026-07-23,ok,0.0269,36.63,predicted,36.63,36.56,36.42,36.27,36.09,35.92,35.89,normal,normal,True,0.337,0.418,0.245,0.0,0.0,0.29,10.0,
13,2026-07-24,ok,0.0269,36.65,predicted,36.65,36.58,36.43,36.27,36.09,35.92,35.88,normal,normal,True,0.31,0.418,0.272,0.0,0.0,0.29,10.0,
13,2026-07-25,ok,0.027,36.68,predicted,36.68,36.61,36.46,36.29,36.11,35.93,35.89,normal,normal,True,0.3,0.404,0.297,0.0,0.0,0.29,10.0,
13,2026-07-26,ok,0.027,36.7,predicted,36.7,36.6,36.43,36.24,36.04,35.85,35.79,normal,normal,True,0.306,0.368,0.326,0.0,0.0,0.29,10.0,
14,2026-03-25,ok,0.7516,76.34,observed,76.34,72.63,72.37,72.14,72.09,72.05,71.7,overflow,normal,False,0.138,0.837,0.024,0.0,7.0,0.29,10.0,
14,2026-03-26,ok,0.7581,77.0,predicted,77.0,77.0,76.84,76.63,76.55,76.46,76.0,overflow,normal,False,0.107,0.865,0.028,0.0,7.0,0.57,6.0,
14,2026-03-27,ok,0.7613,77.33,predicted,77.33,77.33,77.17,76.96,76.88,76.78,76.32,overflow,normal,False,0.088,0.88,0.032,0.0,7.0,0.57,6.0,
14,2026-03-28,ok,0.7647,77.68,predicted,77.68,77.68,77.53,77.32,77.24,77.14,76.67,overflow,normal,False,0.085,0.881,0.035,0.0,7.0,0.57,6.0,
14,2026-03-29,ok,0.7534,76.52,predicted,76.52,76.37,76.11,75.84,75.75,75.68,75.22,overflow,normal,False,0.099,0.867,0.035,0.0,7.0,0.29,10.0,
14,2026-03-30,ok,0.7536,76.54,predicted,76.54,76.4,76.15,75.9,75.83,75.77,75.32,overflow,normal,False,0.109,0.857,0.034,0.0,7.0,0.29,10.0,
14,2026-03-31,ok,0.7542,76.6,predicted,76.6,76.49,76.26,76.03,75.97,75.92,75.49,overflow,normal,False,0.105,0.863,0.032,0.0,7.0,0.29,10.0,
14,2026-04-01,ok,0.7543,76.61,predicted,76.61,76.46,76.19,75.91,75.81,75.74,70.02,overflow,normal,False,0.099,0.871,0.03,0.0,7.0,0.29,10.0,
14,2026-04-02,ok,0.7546,76.65,predicted,76.65,76.48,76.2,75.92,75.81,70.02,75.26,overflow,normal,False,0.093,0.879,0.029,0.0,7.0,0.29,10.0,
14,2026-04-03,ok,0.7548,76.66,predicted,76.66,76.53,76.29,76.03,70.02,75.87,75.43,overflow,normal,False,0.116,0.858,0.026,0.0,7.0,0.29,10.0,
14,2026-04-04,ok,0.7525,76.43,predicted,76.43,76.32,76.12,70.02,75.85,75.77,75.37,overflow,normal,False,0.117,0.853,0.03,0.0,7.0,0.29,10.0,
14,2026-04-05,ok,0.7516,76.34,predicted,76.34,76.34,70.02,76.14,76.2,76.22,75.87,overflow,normal,False,0.115,0.856,0.028,0.0,7.0,0.29,10.0,
14,2026-04-06,ok,0.752,76.38,predicted,76.38,70.02,76.16,76.0,76.0,76.0,75.61,overflow,normal,False,0.132,0.843,0.025,0.0,7.0,0.29,10.0,
14,2026-04-07,ok,0.6894,70.02,observed,70.02,76.51,76.34,76.14,76.11,76.08,75.68,overflow,normal,False,0.179,0.798,0.023,0.0,7.0,0.29,10.0,
14,2026-04-08,ok,0.6861,69.69,predicted,69.69,69.24,68.75,68.37,68.23,68.16,67.82,overflow,normal,False,0.24,0.74,0.02,0.0,7.0,0.57,6.0,
14,2026-04-09,ok,0.6923,70.32,predicted,70.32,70.15,69.89,69.68,69.64,69.61,69.31,overflow,normal,False,0.353,0.631,0.016,0.0,7.0,0.29,10.0,
14,2026-04-10,ok,0.6932,70.41,predicted,70.41,70.29,70.07,69.9,69.9,69.89,69.62,overflow,normal,False,0.447,0.54,0.013,0.0,7.0,0.29,10.0,
14,2026-04-11,ok,0.6929,70.38,predicted,70.38,70.17,69.87,69.62,69.54,69.49,69.16,overflow,normal,False,0.484,0.504,0.012,0.0,7.0,0.29,10.0,
14,2026-04-12,ok,0.6933,70.42,predicted,70.42,70.25,69.98,69.75,69.7,69.66,69.36,overflow,drought,False,0.507,0.481,0.012,0.0,7.0,0.29,10.0,
14,2026-04-13,ok,0.6935,70.44,predicted,70.44,70.32,70.11,69.94,69.95,69.95,67.04,overflow,drought,False,0.54,0.449,0.011,0.0,7.0,0.29,10.0,
14,2026-04-14,ok,0.693,70.39,predicted,70.39,70.31,70.18,70.06,70.12,67.04,69.92,overflow,drought,False,0.589,0.398,0.013,0.0,7.0,0.29,10.0,
14,2026-04-15,ok,0.6919,70.28,predicted,70.28,70.24,70.13,70.05,67.04,70.18,69.99,overflow,drought,False,0.628,0.364,0.008,0.0,7.0,0.29,10.0,
14,2026-04-16,ok,0.692,70.29,predicted,70.29,70.19,70.01,67.04,69.9,69.91,69.68,overflow,drought,False,0.629,0.363,0.009,0.0,7.0,0.29,10.0,
14,2026-04-17,ok,0.6924,70.33,predicted,70.33,70.17,67.04,69.7,69.66,69.63,69.34,overflow,drought,False,0.65,0.342,0.008,0.0,7.0,0.29,10.0,
14,2026-04-18,ok,0.6928,70.37,predicted,70.37,67.04,69.85,69.59,69.51,69.45,69.13,overflow,drought,False,0.709,0.285,0.006,0.0,7.0,0.29,10.0,
14,2026-04-19,ok,0.66,67.04,observed,67.04,70.22,69.91,69.65,69.57,69.51,69.18,overflow,drought,False,0.74,0.254,0.006,0.0,7.0,0.29,10.0,
14,2026-04-20,ok,0.6617,67.21,predicted,67.21,66.89,66.52,66.24,66.15,66.09,65.84,overflow,drought,False,0.756,0.238,0.006,0.0,7.0,0.57,6.0,
14,2026-04-21,ok,0.6602,67.06,predicted,67.06,66.89,66.7,66.56,66.61,66.65,66.52,overflow,drought,False,0.802,0.192,0.007,0.0,7.0,0.57,6.0,
14,2026-04-22,ok,0.6637,67.41,predicted,67.41,67.36,67.23,67.14,67.21,67.24,67.1,overflow,drought,False,0.786,0.208,0.006,0.0,7.0,0.29,10.0,
14,2026-04-23,ok,0.6639,67.43,predicted,67.43,67.41,67.32,67.26,67.36,67.42,67.29,overflow,drought,False,0.775,0.219,0.006,0.0,7.0,0.29,10.0,
14,2026-04-24,ok,0.664,67.45,predicted,67.45,67.38,67.24,67.13,67.18,67.19,67.04,overflow,drought,False,0.755,0.239,0.006,0.0,7.0,0.29,10.0,
14,2026-04-25,ok,0.6637,67.41,predicted,67.41,67.28,67.07,66.9,66.88,66.85,64.37,overflow,drought,False,0.732,0.261,0.007,0.0,7.0,0.29,10.0,
14,2026-04-26,ok,0.6631,67.35,predicted,67.35,67.16,66.89,66.67,66.6,64.37,66.31,overflow,drought,False,0.681,0.313,0.007,0.0,7.0,0.29,10.0,
14,2026-04-27,ok,0.6641,67.46,predicted,67.46,67.3,67.05,66.86,64.37,66.79,66.57,overflow,drought,False,0.695,0.298,0.007,0.0,7.0,0.29,10.0,
14,2026-04-28,ok,0.6647,67.51,predicted,67.51,67.43,67.29,64.37,67.22,67.23,67.07,overflow,drought,False,0.754,0.239,0.007,0.0,7.0,0.29,10.0,
14,2026-04-29,ok,0.6635,67.39,predicted,67.39,67.31,64.37,67.06,67.11,67.12,66.97,overflow,drought,False,0.761,0.233,0.006,0.0,7.0,0.29,10.0,
14,2026-04-30,ok,0.6634,67.38,predicted,67.38,64.37,67.3,67.25,67.36,67.42,67.32,overflow,drought,False,0.737,0.257,0.007,0.0,7.0,0.29,10.0,
14,2026-05-01,ok,0.6337,64.37,observed,64.37,67.37,67.33,67.3,67.42,67.49,67.39,overflow,drought,False,0.7,0.293,0.008,0.0,7.0,0.29,10.0,
14,2026-05-02,ok,0.6342,64.41,predicted,64.41,64.21,63.98,63.81,63.79,63.79,63.67,overflow,drought,False,0.695,0.299,0.007,0.0,7.0,0.57,6.0,
14,2026-05-03,ok,0.6326,64.25,predicted,64.25,64.02,63.74,63.54,63.49,63.47,63.32,overflow,drought,False,0.684,0.309,0.007,0.0,7.0,0.57,6.0,
14,2026-05-04,ok,0.638,64.81,predicted,64.81,64.68,64.48,64.32,64.3,64.26,64.11,overflow,drought,False,0.667,0.324,0.008,0.0,7.0,0.29,10.0,
14,2026-05-05,ok,0.6378,64.78,predicted,64.78,64.64,64.41,64.24,64.19,64.14,63.98,overflow,drought,False,0.713,0.28,0.007,0.0,7.0,0.29,10.0,
14,2026-05-06,ok,0.6382,64.83,predicted,64.83,64.77,64.66,64.58,64.63,64.64,64.54,overflow,drought,False,0.763,0.228,0.009,0.0,7.0,0.29,10.0,
14,2026-05-07,ok,0.637,64.7,predicted,64.7,64.66,64.56,64.51,64.58,64.61,61.34,overflow,drought,False,0.784,0.21,0.006,0.0,6.0,0.29,10.0,
14,2026-05-08,ok,0.6379,64.79,predicted,64.79,64.84,64.84,64.87,65.01,61.34,65.09,overflow,drought,False,0.788,0.207,0.005,0.0,6.0,0.29,10.0,
14,2026-05-09,ok,0.6375,64.76,predicted,64.76,64.76,64.74,64.72,61.34,64.89,64.85,overflow,drought,False,0.77,0.224,0.006,0.0,6.0,0.29,10.0,
14,2026-05-10,ok,0.6371,64.71,predicted,64.71,64.76,64.77,61.34,64.94,65.03,65.02,overflow,drought,False,0.719,0.273,0.008,0.0,6.0,0.29,10.0,
14,2026-05-11,ok,0.6369,64.69,predicted,64.69,64.87,61.34,65.28,65.56,65.78,65.89,overflow,normal,False,0.416,0.552,0.032,0.0,6.0,0.29,10.0,
14,2026-05-12,ok,0.6368,64.69,predicted,64.69,61.34,65.65,66.11,66.64,67.06,67.32,overflow,normal,False,0.381,0.589,0.03,0.0,6.0,0.29,10.0,
14,2026-05-13,ok,0.6039,61.34,observed,61.34,65.06,65.43,65.75,66.14,66.45,66.61,normal,normal,True,0.308,0.657,0.035,0.0,6.0,0.29,10.0,
14,2026-05-14,ok,0.6071,61.67,predicted,61.67,62.03,62.49,62.89,63.33,63.71,64.0,normal,normal,True,0.271,0.678,0.052,0.0,3.0,0.57,6.0,
14,2026-05-15,ok,0.6028,61.23,predicted,61.23,61.29,61.4,61.47,61.61,61.73,61.82,normal,normal,True,0.235,0.713,0.052,0.0,0.0,0.57,6.0,
14,2026-05-16,ok,0.6071,61.67,predicted,61.67,61.64,61.59,61.48,61.44,61.37,61.31,normal,normal,True,0.218,0.731,0.051,0.0,0.0,0.29,10.0,
14,2026-05-17,ok,0.6062,61.57,predicted,61.57,61.42,61.21,60.98,60.84,60.69,60.54,normal,normal,True,0.22,0.743,0.038,0.0,0.0,0.29,10.0,
14,2026-05-18,ok,0.6063,61.58,predicted,61.58,61.37,61.08,60.8,60.61,60.43,60.24,normal,normal,True,0.248,0.728,0.024,0.0,0.0,0.29,10.0,
14,2026-05-19,ok,0.6073,61.69,predicted,61.69,61.48,61.21,60.94,60.77,60.61,60.43,normal,normal,True,0.277,0.704,0.02,0.0,0.0,0.29,10.0,
14,2026-05-20,ok,0.6071,61.67,predicted,61.67,61.48,61.22,60.98,60.84,60.7,60.53,normal,normal,True,0.301,0.681,0.018,0.0,0.0,0.29,10.0,
14,2026-05-21,ok,0.6075,61.7,predicted,61.7,61.59,61.41,61.26,61.21,61.14,61.03,normal,normal,True,0.32,0.664,0.016,0.0,0.0,0.29,10.0,
14,2026-05-22,ok,0.6073,61.69,predicted,61.69,61.57,61.38,61.23,61.18,61.12,61.0,normal,normal,True,0.312,0.671,0.017,0.0,0.0,0.29,10.0,
14,2026-05-23,ok,0.6087,61.82,predicted,61.82,61.84,61.81,61.79,61.87,61.9,61.9,normal,normal,True,0.294,0.69,0.016,0.0,0.0,0.29,10.0,
14,2026-05-24,ok,0.607,61.65,predicted,61.65,61.57,61.43,61.32,61.31,61.28,61.22,normal,normal,True,0.288,0.695,0.017,0.0,0.0,0.29,10.0,
14,2026-05-25,ok,0.6075,61.7,predicted,61.7,61.68,61.61,61.56,61.61,61.63,61.61,normal,normal,True,0.353,0.63,0.016,0.0,0.0,0.29,10.0,
14,2026-05-26,ok,0.6075,61.7,predicted,61.7,61.68,61.6,61.55,61.59,61.61,61.58,normal,normal,True,0.397,0.589,0.014,0.0,0.0,0.29,10.0,
14,2026-05-27,ok,0.608,61.75,predicted,61.75,61.72,61.64,61.58,61.61,61.61,61.58,normal,normal,True,0.462,0.525,0.013,0.0,0.0,0.29,10.0,
14,2026-05-28,rejected,,,,,,,,,,,,,,,,,,,,,no storage data available for this tank
14,2026-05-29,rejected,,,,,,,,,,,,,,,,,,,,,no storage data available for this tank
14,2026-05-30,rejected,,,,,,,,,,,,,,,,,,,,,no storage data available for this tank
14,2026-05-31,rejected,,,,,,,,,,,,,,,,,,,,,no storage data available for this tank
14,2026-06-01,rejected,,,,,,,,,,,,,,,,,,,,,no storage data available for this tank
14,2026-06-02,rejected,,,,,,,,,,,,,,,,,,,,,no storage data available for this tank
14,2026-06-03,rejected,,,,,,,,,,,,,,,,,,,,,no storage data available for this tank
14,2026-06-04,rejected,,,,,,,,,,,,,,,,,,,,,no storage data available for this tank
14,2026-06-05,rejected,,,,,,,,,,,,,,,,,,,,,no storage data available for this tank
14,2026-06-06,rejected,,,,,,,,,,,,,,,,,,,,,no storage data available for this tank
14,2026-06-07,ok,0.4916,49.93,predicted,49.93,49.97,49.94,49.91,49.86,49.79,49.87,normal,drought,False,0.515,0.475,0.01,0.0,0.0,0.29,10.0,
14,2026-06-08,ok,0.4915,49.92,predicted,49.92,49.94,49.89,49.84,49.76,49.66,49.74,normal,drought,False,0.501,0.488,0.011,0.0,0.0,0.29,10.0,
14,2026-06-09,ok,0.4905,49.82,predicted,49.82,49.8,49.71,49.63,49.52,49.4,49.46,normal,normal,True,0.487,0.501,0.011,0.0,0.0,0.29,10.0,
14,2026-06-10,ok,0.4903,49.8,predicted,49.8,49.8,49.73,49.67,49.58,49.49,49.55,normal,normal,True,0.486,0.502,0.011,0.0,0.0,0.29,10.0,
14,2026-06-11,ok,0.4911,49.89,predicted,49.89,49.92,49.89,49.87,49.82,49.74,49.82,normal,drought,False,0.506,0.484,0.011,0.0,0.0,0.29,10.0,
14,2026-06-12,ok,0.4915,49.92,predicted,49.92,49.96,49.95,49.92,49.87,49.79,51.64,normal,drought,False,0.516,0.473,0.011,0.0,0.0,0.29,10.0,
14,2026-06-13,ok,0.4923,50.0,predicted,50.0,50.25,50.53,50.75,50.9,51.64,51.29,normal,normal,True,0.486,0.496,0.018,0.0,0.0,0.29,10.0,
14,2026-06-14,ok,0.4896,49.73,predicted,49.73,49.89,50.02,50.12,51.64,50.22,50.4,normal,normal,True,0.477,0.51,0.013,0.0,0.0,0.29,10.0,
14,2026-06-15,ok,0.4903,49.8,predicted,49.8,49.89,49.91,51.64,49.9,49.85,49.95,normal,normal,True,0.489,0.5,0.01,0.0,0.0,0.29,10.0,
14,2026-06-16,ok,0.4907,49.84,predicted,49.84,49.84,51.64,49.7,49.59,49.47,49.52,normal,drought,False,0.508,0.482,0.011,0.0,0.0,0.29,10.0,
14,2026-06-17,ok,0.4901,49.78,predicted,49.78,51.64,49.58,49.44,49.28,49.11,49.12,normal,drought,False,0.524,0.466,0.01,0.0,0.0,0.29,10.0,
14,2026-06-18,ok,0.5084,51.64,observed,51.64,49.86,49.79,49.7,49.59,49.47,49.51,normal,drought,False,0.54,0.451,0.009,0.0,0.0,0.29,10.0,
14,2026-06-19,ok,0.5131,52.11,predicted,52.11,52.19,52.19,52.16,52.1,52.0,51.51,normal,drought,False,0.55,0.441,0.009,0.0,0.0,0.57,6.0,
14,2026-06-20,ok,0.5141,52.22,predicted,52.22,52.3,52.28,52.25,52.19,51.51,52.13,normal,drought,False,0.546,0.445,0.009,0.0,0.0,0.57,6.0,
14,2026-06-21,ok,0.5108,51.88,predicted,51.88,51.9,51.85,51.8,51.51,51.66,51.72,normal,drought,False,0.529,0.461,0.01,0.0,0.0,0.29,10.0,
14,2026-06-22,ok,0.5111,51.91,predicted,51.91,51.96,51.97,51.51,51.94,51.9,51.99,normal,drought,False,0.533,0.456,0.011,0.0,0.0,0.29,10.0,
14,2026-06-23,ok,0.5115,51.95,predicted,51.95,52.05,51.51,52.18,52.21,52.2,52.34,normal,drought,False,0.506,0.48,0.013,0.0,0.0,0.29,10.0,
14,2026-06-24,ok,0.5095,51.75,predicted,51.75,51.51,51.65,51.58,51.49,51.39,51.44,normal,drought,False,0.504,0.484,0.011,0.0,0.0,0.29,10.0,
14,2026-06-25,ok,0.5071,51.51,observed,51.51,51.91,51.89,51.87,51.83,51.77,51.85,normal,drought,False,0.526,0.463,0.011,0.0,0.0,0.29,10.0,
14,2026-06-26,ok,0.5095,51.75,predicted,51.75,51.76,51.7,51.64,51.57,51.49,51.54,normal,drought,False,0.558,0.432,0.01,0.0,0.0,0.57,6.0,
14,2026-06-27,ok,0.5096,51.77,predicted,51.77,51.77,51.72,51.66,51.59,51.51,51.57,normal,drought,False,0.634,0.357,0.009,0.0,0.0,0.57,6.0,
14,2026-06-28,ok,0.5087,51.67,predicted,51.67,51.66,51.57,51.49,51.4,51.3,51.34,normal,drought,False,0.655,0.338,0.007,0.0,0.0,0.57,6.0,
14,2026-06-29,ok,0.5093,51.73,predicted,51.73,51.74,51.69,51.63,51.56,51.48,51.54,normal,drought,False,0.661,0.333,0.006,0.0,0.0,0.57,6.0,
14,2026-06-30,ok,0.5084,51.64,predicted,51.64,51.58,51.45,51.33,51.2,51.07,51.08,normal,drought,False,0.643,0.351,0.006,0.0,0.0,0.57,6.0,
14,2026-07-01,ok,0.5079,51.58,predicted,51.58,51.52,51.36,51.23,51.1,50.97,50.96,normal,drought,False,0.564,0.428,0.008,0.0,0.0,0.57,6.0,
14,2026-07-02,ok,0.5091,51.71,predicted,51.71,51.69,51.58,51.5,51.41,51.31,72.62,normal,normal,True,0.465,0.525,0.011,0.0,1.0,0.57,6.0,
14,2026-07-03,ok,0.5107,51.88,predicted,51.88,51.81,51.65,51.5,51.35,72.62,51.17,normal,normal,True,0.343,0.641,0.016,0.0,1.0,0.29,10.0,
14,2026-07-04,ok,0.5123,52.03,predicted,52.03,52.02,51.94,51.85,72.62,51.64,51.66,normal,normal,True,0.297,0.688,0.016,0.0,1.0,0.29,10.0,
14,2026-07-05,ok,0.5098,51.78,predicted,51.78,51.64,51.41,72.62,50.99,50.78,50.74,normal,normal,True,0.251,0.731,0.018,0.0,1.0,0.29,10.0,
14,2026-07-06,ok,0.5098,51.78,predicted,51.78,51.72,72.62,51.45,51.33,51.19,51.19,normal,normal,True,0.197,0.781,0.023,0.0,1.0,0.29,10.0,
14,2026-07-07,ok,0.5107,51.87,predicted,51.87,72.62,51.76,51.68,51.6,51.5,51.52,normal,normal,True,0.153,0.82,0.027,0.0,1.0,0.29,10.0,
14,2026-07-08,ok,0.7149,72.62,observed,72.62,51.84,51.7,51.57,51.45,51.31,51.3,overflow,normal,False,0.118,0.85,0.033,0.0,1.0,0.29,10.0,
14,2026-07-09,ok,0.7404,75.2,predicted,75.2,75.74,75.91,75.93,75.91,75.71,75.29,overflow,normal,False,0.104,0.86,0.036,0.0,7.0,0.57,6.0,
14,2026-07-10,ok,0.7191,73.04,predicted,73.04,72.82,72.5,72.21,72.11,72.03,71.63,overflow,normal,False,0.107,0.858,0.035,0.0,7.0,0.29,10.0,
14,2026-07-11,ok,0.7189,73.02,predicted,73.02,72.84,72.57,72.32,72.27,72.21,71.84,overflow,normal,False,0.108,0.86,0.033,0.0,7.0,0.29,10.0,
14,2026-07-12,ok,0.7188,73.01,predicted,73.01,72.83,72.54,72.29,72.23,72.17,71.8,overflow,normal,False,0.107,0.86,0.032,0.0,7.0,0.29,10.0,
14,2026-07-13,ok,0.7189,73.02,predicted,73.02,72.85,72.58,72.35,72.3,72.26,43.45,overflow,normal,False,0.103,0.865,0.031,0.0,6.0,0.29,10.0,
14,2026-07-14,ok,0.7191,73.04,predicted,73.04,72.87,72.61,72.36,72.31,43.45,71.89,overflow,normal,False,0.118,0.854,0.028,0.0,6.0,0.29,10.0,
14,2026-07-15,ok,0.7186,72.99,predicted,72.99,72.79,72.5,72.23,43.45,72.08,71.71,overflow,normal,False,0.143,0.832,0.025,0.0,6.0,0.29,10.0,
14,2026-07-16,ok,0.7184,72.97,predicted,72.97,72.8,72.53,43.45,72.24,72.18,71.82,overflow,normal,False,0.158,0.82,0.022,0.0,6.0,0.29,10.0,
14,2026-07-17,ok,0.7185,72.98,predicted,72.98,72.81,43.45,72.31,72.26,72.21,71.85,overflow,normal,False,0.139,0.839,0.022,0.0,6.0,0.29,10.0,
14,2026-07-18,ok,0.7184,72.97,predicted,72.97,43.45,72.45,72.18,72.09,72.02,71.64,overflow,normal,False,0.117,0.858,0.024,0.0,6.0,0.29,10.0,
14,2026-07-19,ok,0.4278,43.45,observed,43.45,72.85,72.57,72.32,72.26,72.2,71.83,normal,normal,True,0.127,0.85,0.024,0.0,6.0,0.29,10.0,
14,2026-07-20,ok,0.3979,40.42,predicted,40.42,39.09,37.95,37.07,36.3,35.94,35.76,normal,normal,True,0.136,0.84,0.023,0.0,0.0,0.57,6.0,
14,2026-07-21,ok,0.3723,37.81,predicted,37.81,36.49,35.36,34.47,33.67,33.3,33.11,normal,normal,True,0.169,0.809,0.022,0.0,0.0,0.57,6.0,
14,2026-07-22,ok,0.3471,35.25,predicted,35.25,33.9,32.74,31.82,30.97,30.55,30.34,normal,normal,True,0.198,0.78,0.022,0.0,0.0,0.57,6.0,
14,2026-07-23,ok,0.4297,43.64,predicted,43.64,43.59,43.44,43.31,43.15,42.99,42.99,normal,normal,True,0.206,0.77,0.023,0.0,0.0,0.29,10.0,
14,2026-07-24,ok,0.4299,43.67,predicted,43.67,43.62,43.48,43.37,43.21,43.06,43.06,normal,normal,True,0.193,0.783,0.025,0.0,0.0,0.29,10.0,
14,2026-07-25,ok,0.4302,43.7,predicted,43.7,43.65,43.52,43.4,43.24,43.09,43.08,normal,normal,True,0.186,0.788,0.026,0.0,0.0,0.29,10.0,
14,2026-07-26,ok,0.4303,43.71,predicted,43.71,43.64,43.48,43.34,43.16,43.0,42.97,normal,normal,True,0.18,0.792,0.028,0.0,0.0,0.29,10.0,
15,2026-03-25,ok,0.086,54.47,predicted,54.47,47.25,54.14,53.9,53.68,53.46,53.41,overflow,drought,False,0.465,0.177,0.358,0.0,6.0,0.29,10.0,
15,2026-03-26,ok,0.0746,47.25,observed,47.25,54.33,54.11,53.87,53.64,53.42,53.37,normal,drought,False,0.5,0.143,0.357,0.0,6.0,0.29,10.0,
15,2026-03-27,ok,0.074,46.86,predicted,46.86,46.46,46.03,45.62,45.21,44.91,44.87,normal,drought,False,0.564,0.116,0.32,0.0,0.0,0.57,6.0,
15,2026-03-28,ok,0.0731,46.32,predicted,46.32,45.93,45.52,45.12,44.72,44.43,44.4,normal,drought,False,0.582,0.119,0.299,0.0,0.0,0.57,6.0,
15,2026-03-29,ok,0.0751,47.58,predicted,47.58,47.52,47.36,47.16,46.93,46.7,46.7,normal,drought,False,0.568,0.134,0.298,0.0,0.0,0.29,10.0,
15,2026-03-30,ok,0.0751,47.59,predicted,47.59,47.53,47.36,47.17,46.94,46.7,46.71,normal,drought,False,0.549,0.151,0.3,0.0,0.0,0.29,10.0,
15,2026-03-31,ok,0.0752,47.62,predicted,47.62,47.57,47.42,47.24,47.02,46.79,46.81,normal,drought,False,0.549,0.157,0.295,0.0,0.0,0.29,10.0,
15,2026-04-01,ok,0.0751,47.6,predicted,47.6,47.53,47.34,47.13,46.89,46.65,44.97,normal,drought,False,0.539,0.147,0.314,0.0,0.0,0.29,10.0,
15,2026-04-02,ok,0.0752,47.64,predicted,47.64,47.6,47.44,47.27,47.05,44.97,46.85,normal,drought,False,0.542,0.127,0.332,0.0,0.0,0.29,10.0,
15,2026-04-03,ok,0.0752,47.67,predicted,47.67,47.65,47.56,47.42,44.97,47.04,47.1,normal,drought,False,0.569,0.134,0.296,0.0,0.0,0.29,10.0,
15,2026-04-04,ok,0.0749,47.44,predicted,47.44,47.42,47.34,44.97,47.05,46.87,46.96,normal,drought,False,0.572,0.137,0.291,0.0,0.0,0.29,10.0,
15,2026-04-05,ok,0.075,47.51,predicted,47.51,47.69,44.97,47.9,47.92,47.9,48.1,normal,drought,False,0.541,0.148,0.311,0.0,0.0,0.29,10.0,
15,2026-04-06,ok,0.075,47.53,predicted,47.53,44.97,47.67,47.66,47.6,47.51,47.63,normal,drought,False,0.49,0.166,0.344,0.0,0.0,0.29,10.0,
15,2026-04-07,ok,0.071,44.97,observed,44.97,47.68,47.64,47.54,47.39,47.22,47.29,normal,drought,False,0.476,0.183,0.341,0.0,0.0,0.29,10.0,
15,2026-04-08,ok,0.0709,44.89,predicted,44.89,44.67,44.36,44.04,43.67,43.36,43.32,normal,drought,False,0.395,0.21,0.394,0.0,0.0,0.57,6.0,
15,2026-04-09,ok,0.0707,44.81,predicted,44.81,44.64,44.4,44.14,43.84,43.57,43.56,normal,drought,False,0.406,0.266,0.328,0.0,0.0,0.57,6.0,
15,2026-04-10,ok,0.0715,45.3,predicted,45.3,45.27,45.14,44.96,44.75,44.52,44.53,normal,drought,False,0.484,0.311,0.205,0.0,0.0,0.29,10.0,
15,2026-04-11,ok,0.0714,45.22,predicted,45.22,45.1,44.87,44.61,44.31,44.02,43.98,normal,drought,False,0.493,0.366,0.141,0.0,0.0,0.29,10.0,
15,2026-04-12,ok,0.0715,45.29,predicted,45.29,45.22,45.04,44.84,44.59,44.34,44.33,normal,drought,False,0.477,0.407,0.116,0.0,0.0,0.29,10.0,
15,2026-04-13,ok,0.0715,45.28,predicted,45.28,45.22,45.08,44.9,44.67,44.43,30.56,normal,drought,False,0.505,0.386,0.109,0.0,0.0,0.29,10.0,
15,2026-04-14,ok,0.0714,45.21,predicted,45.21,45.2,45.15,45.05,44.89,30.56,44.82,normal,drought,False,0.523,0.347,0.13,0.0,0.0,0.29,10.0,
15,2026-04-15,ok,0.0713,45.16,predicted,45.16,45.25,45.29,45.29,30.56,45.13,45.28,normal,drought,False,0.531,0.332,0.138,0.0,0.0,0.29,10.0,
15,2026-04-16,ok,0.0713,45.2,predicted,45.2,45.3,45.33,30.56,45.24,45.13,45.26,normal,drought,False,0.526,0.34,0.134,0.0,0.0,0.29,10.0,
15,2026-04-17,ok,0.0714,45.24,predicted,45.24,45.26,30.56,45.06,44.88,44.69,44.74,normal,drought,False,0.478,0.4,0.122,0.0,0.0,0.29,10.0,
15,2026-04-18,ok,0.0714,45.25,predicted,45.25,30.56,45.0,44.78,44.52,44.26,44.25,normal,drought,False,0.452,0.429,0.119,0.0,0.0,0.29,10.0,
15,2026-04-19,ok,0.0482,30.56,observed,30.56,45.19,44.97,44.72,44.43,44.14,44.1,normal,normal,True,0.389,0.492,0.119,0.0,0.0,0.29,10.0,
15,2026-04-20,ok,0.0466,29.52,predicted,29.52,28.53,27.61,26.76,25.96,25.42,25.13,normal,normal,True,0.36,0.535,0.106,0.0,0.0,0.57,6.0,
15,2026-04-21,ok,0.0447,28.3,predicted,28.3,27.33,26.48,25.7,24.98,24.52,24.27,normal,drought,False,0.456,0.444,0.1,0.0,0.0,0.57,6.0,
15,2026-04-22,ok,0.0483,30.59,predicted,30.59,30.43,30.26,30.08,29.91,29.77,29.71,normal,drought,False,0.489,0.404,0.107,0.0,0.0,0.29,10.0,
15,2026-04-23,ok,0.0484,30.64,predicted,30.64,30.66,30.66,30.66,30.65,30.64,30.69,normal,drought,False,0.494,0.387,0.119,0.0,0.0,0.29,10.0,
15,2026-04-24,ok,0.0484,30.69,predicted,30.69,30.74,30.77,30.79,30.79,30.79,30.86,normal,drought,False,0.484,0.388,0.128,0.0,0.0,0.29,10.0,
15,2026-04-25,ok,0.0484,30.66,predicted,30.66,30.65,30.62,30.57,30.51,30.45,27.62,normal,drought,False,0.483,0.389,0.129,0.0,0.0,0.29,10.0,
15,2026-04-26,ok,0.0485,30.7,predicted,30.7,30.65,30.56,30.46,30.35,27.62,30.24,normal,normal,True,0.441,0.443,0.116,0.0,0.0,0.29,10.0,
15,2026-04-27,ok,0.0486,30.78,predicted,30.78,30.72,30.63,30.51,27.62,30.28,30.25,normal,normal,True,0.433,0.467,0.1,0.0,0.0,0.29,10.0,
15,2026-04-28,ok,0.0485,30.72,predicted,30.72,30.64,30.53,27.62,30.28,30.16,30.12,normal,drought,False,0.525,0.383,0.091,0.0,0.0,0.29,10.0,
15,2026-04-29,ok,0.0483,30.59,predicted,30.59,30.49,27.62,30.23,30.09,29.97,29.94,normal,drought,False,0.572,0.342,0.086,0.0,0.0,0.29,10.0,
15,2026-04-30,ok,0.0482,30.56,predicted,30.56,27.62,30.57,30.56,30.53,30.51,30.55,normal,drought,False,0.588,0.315,0.097,0.0,0.0,0.29,10.0,
15,2026-05-01,ok,0.0436,27.62,observed,27.62,30.72,30.82,30.9,30.96,30.99,31.09,normal,drought,False,0.582,0.303,0.114,0.0,0.0,0.29,10.0,
15,2026-05-02,ok,0.0434,27.48,predicted,27.48,27.29,27.11,26.95,26.81,26.71,26.68,normal,drought,False,0.502,0.375,0.124,0.0,0.0,0.57,6.0,
15,2026-05-03,ok,0.0431,27.32,predicted,27.32,27.1,26.88,26.66,26.49,26.35,26.28,normal,normal,True,0.433,0.438,0.129,0.0,0.0,0.57,6.0,
15,2026-05-04,ok,0.044,27.86,predicted,27.86,27.77,27.65,27.51,27.41,27.28,27.21,normal,drought,False,0.552,0.336,0.112,0.0,0.0,0.29,10.0,
15,2026-05-05,ok,0.0439,27.82,predicted,27.82,27.63,27.39,27.15,26.95,26.75,26.62,normal,drought,False,0.528,0.357,0.115,0.0,0.0,0.29,10.0,
15,2026-05-06,ok,0.0438,27.76,predicted,27.76,27.63,27.49,27.34,27.21,27.09,27.01,normal,drought,False,0.571,0.322,0.107,0.0,0.0,0.29,10.0,
15,2026-05-07,ok,0.0437,27.68,predicted,27.68,27.53,27.37,27.22,27.1,26.99,31.63,normal,drought,False,0.601,0.299,0.101,0.0,0.0,0.29,10.0,
15,2026-05-08,ok,0.0437,27.67,predicted,27.67,27.66,27.66,27.66,27.67,31.63,27.71,normal,drought,False,0.621,0.281,0.098,0.0,0.0,0.29,10.0,
15,2026-05-09,ok,0.0436,27.6,predicted,27.6,27.67,27.76,27.85,31.63,28.03,28.12,normal,drought,False,0.617,0.273,0.11,0.0,0.0,0.29,10.0,
15,2026-05-10,ok,0.0436,27.59,predicted,27.59,27.76,27.95,31.63,28.31,28.48,28.62,normal,drought,False,0.617,0.275,0.108,0.0,0.0,0.29,10.0,
15,2026-05-11,ok,0.0432,27.38,predicted,27.38,27.71,31.63,28.6,28.98,29.39,29.67,normal,drought,False,0.511,0.342,0.147,0.0,0.0,0.29,10.0,
15,2026-05-12,ok,0.0434,27.52,predicted,27.52,31.63,29.09,29.91,30.65,31.32,31.82,normal,drought,False,0.528,0.337,0.134,0.0,0.0,0.29,10.0,
15,2026-05-13,ok,0.0499,31.63,observed,31.63,28.02,28.65,29.26,29.81,30.3,30.65,normal,drought,False,0.527,0.323,0.15,0.0,0.0,0.29,10.0,
15,2026-05-14,ok,0.0506,32.05,predicted,32.05,33.24,34.45,35.51,36.41,37.14,37.71,normal,drought,False,0.59,0.27,0.14,0.0,0.0,0.57,6.0,
15,2026-05-15,ok,0.0509,32.23,predicted,32.23,32.81,33.33,33.74,34.06,34.25,34.45,normal,drought,False,0.621,0.254,0.125,0.0,0.0,0.57,6.0,
15,2026-05-16,ok,0.0496,31.42,predicted,31.42,31.39,31.32,31.18,31.01,30.83,30.76,normal,drought,False,0.641,0.238,0.121,0.0,0.0,0.29,10.0,
15,2026-05-17,ok,0.0497,31.5,predicted,31.5,31.46,31.34,31.18,31.0,30.8,30.7,normal,drought,False,0.643,0.232,0.124,0.0,0.0,0.29,10.0,
15,2026-05-18,ok,0.05,31.66,predicted,31.66,31.59,31.43,31.22,31.02,30.78,30.64,normal,drought,False,0.641,0.224,0.135,0.0,0.0,0.29,10.0,
15,2026-05-19,ok,0.0501,31.71,predicted,31.71,31.55,31.31,31.01,30.72,30.41,30.23,normal,drought,False,0.629,0.224,0.147,0.0,0.0,0.29,10.0,
15,2026-05-20,ok,0.0501,31.72,predicted,31.72,31.51,31.22,30.89,30.58,30.24,30.04,normal,drought,False,0.593,0.22,0.187,0.0,0.0,0.29,10.0,
15,2026-05-21,ok,0.0501,31.75,predicted,31.75,31.57,31.33,31.04,30.77,30.49,30.33,normal,drought,False,0.57,0.216,0.214,0.0,0.0,0.29,10.0,
15,2026-05-22,ok,0.0501,31.77,predicted,31.77,31.63,31.42,31.19,30.97,30.73,30.61,normal,drought,False,0.45,0.271,0.279,0.0,0.0,0.29,10.0,
15,2026-05-23,ok,0.0502,31.77,predicted,31.77,31.7,31.58,31.43,31.29,31.13,31.08,normal,drought,False,0.44,0.255,0.304,0.0,0.0,0.29,10.0,
15,2026-05-24,ok,0.05,31.66,predicted,31.66,31.56,31.41,31.26,31.1,30.95,30.91,normal,overflow,False,0.314,0.238,0.449,0.0,0.0,0.29,10.0,
15,2026-05-25,ok,0.05,31.7,predicted,31.7,31.72,31.7,31.67,31.63,31.57,31.61,normal,drought,False,0.433,0.27,0.297,0.0,0.0,0.29,10.0,
15,2026-05-26,ok,0.0501,31.74,predicted,31.74,31.77,31.76,31.74,31.71,31.67,31.71,normal,drought,False,0.457,0.28,0.262,0.0,0.0,0.29,10.0,
15,2026-05-27,ok,0.0501,31.74,predicted,31.74,31.75,31.73,31.68,31.63,31.56,31.59,normal,drought,False,0.482,0.273,0.245,0.0,0.0,0.29,10.0,
15,2026-05-28,rejected,,,,,,,,,,,,,,,,,,,,,no storage data available for this tank
15,2026-05-29,rejected,,,,,,,,,,,,,,,,,,,,,no storage data available for this tank
15,2026-05-30,rejected,,,,,,,,,,,,,,,,,,,,,no storage data available for this tank
15,2026-05-31,rejected,,,,,,,,,,,,,,,,,,,,,no storage data available for this tank
15,2026-06-01,rejected,,,,,,,,,,,,,,,,,,,,,no storage data available for this tank
15,2026-06-02,rejected,,,,,,,,,,,,,,,,,,,,,no storage data available for this tank
15,2026-06-03,rejected,,,,,,,,,,,,,,,,,,,,,no storage data available for this tank
15,2026-06-04,rejected,,,,,,,,,,,,,,,,,,,,,no storage data available for this tank
15,2026-06-05,rejected,,,,,,,,,,,,,,,,,,,,,no storage data available for this tank
15,2026-06-06,rejected,,,,,,,,,,,,,,,,,,,,,no storage data available for this tank
15,2026-06-07,ok,0.0381,24.16,predicted,24.16,24.08,24.0,23.93,23.92,23.91,23.88,normal,drought,False,0.6,0.262,0.138,0.0,0.0,0.29,10.0,
15,2026-06-08,ok,0.0381,24.13,predicted,24.13,24.05,23.97,23.9,23.88,23.87,23.84,normal,drought,False,0.612,0.252,0.136,0.0,0.0,0.29,10.0,
15,2026-06-09,ok,0.038,24.05,predicted,24.05,23.91,23.78,23.67,23.61,23.57,23.52,normal,drought,False,0.62,0.244,0.136,0.0,0.0,0.29,10.0,
15,2026-06-10,ok,0.038,24.05,predicted,24.05,23.95,23.86,23.78,23.75,23.74,23.71,normal,drought,False,0.597,0.267,0.137,0.0,0.0,0.29,10.0,
15,2026-06-11,ok,0.0381,24.13,predicted,24.13,24.09,24.06,24.03,24.07,24.09,24.09,normal,drought,False,0.597,0.278,0.125,0.0,0.0,0.29,10.0,
15,2026-06-12,ok,0.0381,24.12,predicted,24.12,24.07,24.02,23.98,24.0,24.01,28.67,normal,drought,False,0.631,0.253,0.116,0.0,0.0,0.29,10.0,
15,2026-06-13,ok,0.0377,23.87,predicted,23.87,23.89,23.98,24.09,24.2,28.67,24.44,normal,drought,False,0.635,0.234,0.131,0.0,0.0,0.29,10.0,
15,2026-06-14,ok,0.0378,23.92,predicted,23.92,24.03,24.14,24.29,28.67,24.63,24.74,normal,drought,False,0.643,0.234,0.123,0.0,0.0,0.29,10.0,
15,2026-06-15,ok,0.0378,23.97,predicted,23.97,24.02,24.07,28.67,24.22,24.3,24.35,normal,drought,False,0.613,0.251,0.135,0.0,0.0,0.29,10.0,
15,2026-06-16,ok,0.038,24.09,predicted,24.09,24.14,28.67,24.24,24.34,24.4,24.43,normal,drought,False,0.593,0.264,0.143,0.0,0.0,0.29,10.0,
15,2026-06-17,ok,0.0381,24.13,predicted,24.13,28.67,23.94,23.83,23.78,23.72,23.65,normal,drought,False,0.567,0.283,0.15,0.0,0.0,0.29,10.0,
15,2026-06-18,ok,0.0453,28.67,observed,28.67,24.02,23.87,23.71,23.61,23.51,23.41,normal,drought,False,0.589,0.26,0.15,0.0,0.0,0.29,10.0,
15,2026-06-19,ok,0.0459,29.11,predicted,29.11,29.28,29.35,29.39,29.42,29.38,27.38,normal,drought,False,0.62,0.231,0.149,0.0,0.0,0.57,6.0,
15,2026-06-20,ok,0.0465,29.47,predicted,29.47,29.67,29.78,29.85,29.92,27.38,29.91,normal,drought,False,0.614,0.232,0.154,0.0,0.0,0.57,6.0,
15,2026-06-21,ok,0.0454,28.77,predicted,28.77,28.71,28.61,28.51,27.38,28.34,28.3,normal,drought,False,0.597,0.234,0.17,0.0,0.0,0.29,10.0,
15,2026-06-22,ok,0.0454,28.76,predicted,28.76,28.7,28.63,27.38,28.47,28.39,28.37,normal,drought,False,0.611,0.226,0.163,0.0,0.0,0.29,10.0,
15,2026-06-23,ok,0.0453,28.69,predicted,28.69,28.66,27.38,28.58,28.54,28.5,28.51,normal,drought,False,0.656,0.206,0.137,0.0,0.0,0.29,10.0,
15,2026-06-24,ok,0.0453,28.69,predicted,28.69,27.38,28.63,28.59,28.56,28.53,28.55,normal,drought,False,0.623,0.223,0.154,0.0,0.0,0.29,10.0,
15,2026-06-25,ok,0.0432,27.38,observed,27.38,28.83,28.86,28.87,28.89,28.9,28.94,normal,drought,False,0.56,0.257,0.184,0.0,0.0,0.29,10.0,
15,2026-06-26,ok,0.0433,27.41,predicted,27.41,27.27,27.14,26.99,26.9,26.81,26.78,normal,drought,False,0.484,0.314,0.202,0.0,0.0,0.57,6.0,
15,2026-06-27,ok,0.0429,27.18,predicted,27.18,26.95,26.74,26.52,26.34,26.19,26.11,normal,drought,False,0.55,0.279,0.171,0.0,0.0,0.57,6.0,
15,2026-06-28,ok,0.0426,27.0,predicted,27.0,26.75,26.49,26.24,26.04,25.87,25.77,normal,drought,False,0.57,0.286,0.144,0.0,0.0,0.57,6.0,
15,2026-06-29,ok,0.0424,26.83,predicted,26.83,26.59,26.34,26.11,25.92,25.76,25.67,normal,drought,False,0.584,0.279,0.137,0.0,0.0,0.57,6.0,
15,2026-06-30,ok,0.042,26.62,predicted,26.62,26.35,26.08,25.82,25.61,25.43,25.32,normal,drought,False,0.577,0.276,0.148,0.0,0.0,0.57,6.0,
15,2026-07-01,ok,0.0418,26.49,predicted,26.49,26.24,25.98,25.71,25.51,25.35,29.41,normal,drought,False,0.503,0.237,0.26,0.0,0.0,0.57,6.0,
15,2026-07-02,ok,0.0417,26.45,predicted,26.45,26.22,26.0,25.75,25.58,29.41,25.32,normal,overflow,False,0.395,0.204,0.401,0.0,0.0,0.57,6.0,
15,2026-07-03,ok,0.0439,27.8,predicted,27.8,27.65,27.45,27.22,29.41,26.86,26.72,normal,overflow,False,0.273,0.164,0.562,0.0,0.0,0.29,10.0,
15,2026-07-04,ok,0.0438,27.78,predicted,27.78,27.61,27.41,29.41,27.02,26.84,26.72,normal,overflow,False,0.348,0.174,0.478,0.0,0.0,0.29,10.0,
15,2026-07-05,ok,0.0435,27.56,predicted,27.56,27.25,29.41,26.54,26.24,25.97,25.77,normal,overflow,False,0.353,0.165,0.482,0.0,0.0,0.29,10.0,
15,2026-07-06,ok,0.0435,27.58,predicted,27.58,29.41,27.16,26.94,26.76,26.61,26.49,normal,overflow,False,0.344,0.15,0.506,0.0,0.0,0.29,10.0,
15,2026-07-07,ok,0.0464,29.41,observed,29.41,27.6,27.5,27.38,27.31,27.24,27.18,normal,overflow,False,0.375,0.129,0.496,0.0,0.0,0.29,10.0,
15,2026-07-08,ok,0.0472,29.92,predicted,29.92,29.97,29.96,29.92,29.89,29.83,29.8,normal,overflow,False,0.407,0.121,0.472,0.0,0.0,0.57,6.0,
15,2026-07-09,ok,0.0475,30.09,predicted,30.09,30.09,30.02,29.91,29.82,29.71,29.63,normal,drought,False,0.435,0.13,0.435,0.0,0.0,0.57,6.0,
15,2026-07-10,ok,0.0469,29.71,predicted,29.71,29.52,29.28,29.03,28.82,28.62,28.49,normal,drought,False,0.451,0.15,0.399,0.0,0.0,0.29,10.0,
15,2026-07-11,ok,0.0468,29.67,predicted,29.67,29.49,29.27,29.04,28.84,28.65,28.55,normal,drought,False,0.466,0.146,0.388,0.0,0.0,0.29,10.0,
15,2026-07-12,ok,0.0468,29.66,predicted,29.66,29.49,29.29,29.08,28.89,28.73,28.64,normal,drought,False,0.468,0.142,0.39,0.0,0.0,0.29,10.0,
15,2026-07-13,ok,0.0469,29.69,predicted,29.69,29.56,29.39,29.22,29.07,28.93,23.72,normal,drought,False,0.467,0.138,0.395,0.0,0.0,0.29,10.0,
15,2026-07-14,ok,0.0468,29.68,predicted,29.68,29.55,29.38,29.2,29.05,23.72,28.84,normal,drought,False,0.424,0.153,0.422,0.0,0.0,0.29,10.0,
15,2026-07-15,ok,0.0468,29.63,predicted,29.63,29.47,29.28,29.08,23.72,28.75,28.67,normal,overflow,False,0.406,0.172,0.422,0.0,0.0,0.29,10.0,
15,2026-07-16,ok,0.0468,29.62,predicted,29.62,29.49,29.33,23.72,29.02,28.89,28.83,normal,overflow,False,0.377,0.175,0.449,0.0,0.0,0.29,10.0,
15,2026-07-17,ok,0.0468,29.63,predicted,29.63,29.53,23.72,29.27,29.16,29.06,29.02,normal,drought,False,0.565,0.143,0.292,0.0,0.0,0.29,10.0,
15,2026-07-18,ok,0.0468,29.67,predicted,29.67,23.72,29.49,29.37,29.28,29.19,29.16,normal,drought,False,0.565,0.125,0.31,0.0,0.0,0.29,10.0,
15,2026-07-19,ok,0.0374,23.72,observed,23.72,29.67,29.59,29.5,29.43,29.35,29.33,normal,drought,False,0.507,0.148,0.345,0.0,0.0,0.29,10.0,
15,2026-07-20,ok,0.0372,23.55,predicted,23.55,23.01,22.52,22.06,21.71,21.45,21.27,normal,drought,False,0.442,0.167,0.39,0.0,0.0,0.57,6.0,
15,2026-07-21,ok,0.0364,23.06,predicted,23.06,22.51,22.02,21.55,21.19,20.93,20.75,normal,drought,False,0.439,0.187,0.374,0.0,0.0,0.57,6.0,
15,2026-07-22,ok,0.0379,24.03,predicted,24.03,23.87,23.72,23.54,23.46,23.37,23.28,normal,drought,False,0.497,0.191,0.312,0.0,0.0,0.29,10.0,
15,2026-07-23,ok,0.0379,24.03,predicted,24.03,23.81,23.59,23.35,23.21,23.07,22.94,normal,drought,False,0.526,0.191,0.283,0.0,0.0,0.29,10.0,
15,2026-07-24,ok,0.038,24.06,predicted,24.06,23.83,23.6,23.36,23.2,23.06,22.92,normal,drought,False,0.457,0.195,0.348,0.0,0.0,0.29,10.0,
15,2026-07-25,ok,0.038,24.09,predicted,24.09,23.86,23.63,23.38,23.23,23.09,22.94,normal,overflow,False,0.362,0.181,0.457,0.0,0.0,0.29,10.0,
15,2026-07-26,ok,0.038,24.1,predicted,24.1,23.86,23.62,23.35,23.18,23.02,22.86,normal,overflow,False,0.307,0.18,0.513,0.0,0.0,0.29,10.0,
16,2026-03-25,ok,0.0972,40.54,predicted,40.54,42.65,40.29,40.09,39.85,39.62,39.56,normal,drought,False,0.354,0.316,0.329,0.0,0.0,0.29,10.0,
16,2026-03-26,ok,0.1023,42.65,observed,42.65,40.42,40.23,40.02,39.78,39.55,39.49,normal,overflow,False,0.331,0.307,0.362,0.0,0.0,0.29,10.0,
16,2026-03-27,ok,0.1034,43.13,predicted,43.13,43.24,43.21,43.16,43.05,42.9,42.9,normal,overflow,False,0.323,0.278,0.399,0.0,0.0,0.57,6.0,
16,2026-03-28,ok,0.104,43.35,predicted,43.35,43.48,43.48,43.44,43.35,43.21,43.22,normal,overflow,False,0.36,0.27,0.37,0.0,0.0,0.57,6.0,
16,2026-03-29,ok,0.1029,42.9,predicted,42.9,42.86,42.71,42.55,42.35,42.15,42.13,normal,overflow,False,0.375,0.247,0.379,0.0,0.0,0.29,10.0,
16,2026-03-30,ok,0.1029,42.91,predicted,42.91,42.86,42.71,42.55,42.35,42.15,42.13,normal,overflow,False,0.364,0.247,0.389,0.0,0.0,0.29,10.0,
16,2026-03-31,ok,0.103,42.93,predicted,42.93,42.89,42.75,42.6,42.41,42.22,42.21,normal,overflow,False,0.354,0.261,0.385,0.0,0.0,0.29,10.0,
16,2026-04-01,ok,0.1029,42.92,predicted,42.92,42.86,42.7,42.54,42.33,42.13,41.98,normal,overflow,False,0.34,0.264,0.396,0.0,0.0,0.29,10.0,
16,2026-04-02,ok,0.103,42.96,predicted,42.96,42.93,42.8,42.66,42.48,41.98,42.29,normal,overflow,False,0.338,0.263,0.399,0.0,0.0,0.29,10.0,
16,2026-04-03,ok,0.103,42.93,predicted,42.93,42.91,42.83,42.71,41.98,42.38,42.42,normal,drought,False,0.374,0.266,0.361,0.0,0.0,0.29,10.0,
16,2026-04-04,ok,0.1024,42.7,predicted,42.7,42.68,42.61,41.98,42.38,42.24,42.31,normal,overflow,False,0.327,0.262,0.412,0.0,0.0,0.29,10.0,
16,2026-04-05,ok,0.1026,42.78,predicted,42.78,43.0,41.98,43.31,43.38,43.42,43.62,normal,overflow,False,0.289,0.249,0.462,0.0,0.0,0.29,10.0,
16,2026-04-06,ok,0.1028,42.86,predicted,42.86,41.98,43.11,43.18,43.19,43.17,43.29,normal,overflow,False,0.238,0.231,0.531,0.0,0.0,0.29,10.0,
16,2026-04-07,ok,0.1007,41.98,observed,41.98,42.99,42.97,42.92,42.81,42.68,42.74,normal,overflow,False,0.243,0.22,0.538,0.0,0.0,0.29,10.0,
16,2026-04-08,ok,0.1008,42.04,predicted,42.04,41.94,41.75,41.54,41.29,41.06,41.02,normal,overflow,False,0.179,0.185,0.635,0.0,0.0,0.57,6.0,
16,2026-04-09,ok,0.1009,42.08,predicted,42.08,42.02,41.86,41.69,41.48,41.27,41.25,normal,overflow,False,0.196,0.206,0.598,0.0,0.0,0.57,6.0,
16,2026-04-10,ok,0.1014,42.26,predicted,42.26,42.23,42.09,41.93,41.73,41.53,41.5,normal,overflow,False,0.311,0.264,0.425,0.0,0.0,0.29,10.0,
16,2026-04-11,ok,0.1012,42.19,predicted,42.19,42.08,41.86,41.62,41.35,41.08,41.0,normal,overflow,False,0.317,0.261,0.422,0.0,0.0,0.29,10.0,
16,2026-04-12,ok,0.1013,42.26,predicted,42.26,42.18,42.0,41.81,41.58,41.35,41.3,normal,overflow,False,0.327,0.253,0.421,0.0,0.0,0.29,10.0,
16,2026-04-13,ok,0.1013,42.23,predicted,42.23,42.16,42.0,41.83,41.61,41.4,39.86,normal,overflow,False,0.313,0.252,0.435,0.0,0.0,0.29,10.0,
16,2026-04-14,ok,0.101,42.13,predicted,42.13,42.11,42.05,41.96,41.82,39.86,41.74,normal,overflow,False,0.318,0.253,0.428,0.0,0.0,0.29,10.0,
16,2026-04-15,ok,0.101,42.09,predicted,42.09,42.2,42.25,42.29,39.86,42.22,42.34,normal,overflow,False,0.3,0.277,0.423,0.0,0.0,0.29,10.0,
16,2026-04-16,ok,0.1011,42.16,predicted,42.16,42.29,42.34,39.86,42.35,42.31,42.42,normal,drought,False,0.481,0.265,0.254,0.0,0.0,0.29,10.0,
16,2026-04-17,ok,0.1012,42.21,predicted,42.21,42.26,39.86,42.14,42.01,41.88,41.91,normal,drought,False,0.466,0.272,0.262,0.0,0.0,0.29,10.0,
16,2026-04-18,ok,0.1013,42.24,predicted,42.24,39.86,42.03,41.85,41.63,41.42,41.37,normal,drought,False,0.424,0.272,0.303,0.0,0.0,0.29,10.0,
16,2026-04-19,ok,0.0956,39.86,observed,39.86,42.18,41.96,41.74,41.47,41.22,41.14,normal,drought,False,0.416,0.266,0.318,0.0,0.0,0.29,10.0,
16,2026-04-20,ok,0.0957,39.91,predicted,39.91,39.65,39.29,38.94,38.56,38.24,38.12,normal,drought,False,0.433,0.265,0.302,0.0,0.0,0.57,6.0,
16,2026-04-21,ok,0.0953,39.72,predicted,39.72,39.51,39.26,39.01,38.72,38.48,38.44,normal,drought,False,0.445,0.272,0.283,0.0,0.0,0.57,6.0,
16,2026-04-22,ok,0.0958,39.93,predicted,39.93,39.88,39.76,39.64,39.47,39.31,39.33,normal,drought,False,0.426,0.28,0.294,0.0,0.0,0.29,10.0,
16,2026-04-23,ok,0.096,40.02,predicted,40.02,40.12,40.17,40.21,40.18,40.14,40.24,normal,drought,False,0.428,0.276,0.295,0.0,0.0,0.29,10.0,
16,2026-04-24,ok,0.096,40.04,predicted,40.04,40.13,40.16,40.16,40.1,40.04,40.13,normal,drought,False,0.421,0.278,0.301,0.0,0.0,0.29,10.0,
16,2026-04-25,ok,0.0959,40.0,predicted,40.0,40.01,39.96,39.89,39.76,39.63,41.23,normal,drought,False,0.427,0.279,0.294,0.0,0.0,0.29,10.0,
16,2026-04-26,ok,0.0959,40.0,predicted,40.0,39.99,39.88,39.77,39.6,41.23,39.45,normal,drought,False,0.391,0.303,0.306,0.0,0.0,0.29,10.0,
16,2026-04-27,ok,0.0962,40.1,predicted,40.1,40.09,39.98,39.87,41.23,39.53,39.53,normal,drought,False,0.393,0.308,0.299,0.0,0.0,0.29,10.0,
16,2026-04-28,ok,0.0961,40.06,predicted,40.06,40.03,39.93,41.23,39.63,39.46,39.47,normal,drought,False,0.401,0.318,0.28,0.0,0.0,0.29,10.0,
16,2026-04-29,ok,0.0958,39.93,predicted,39.93,39.91,41.23,39.72,39.56,39.41,39.43,normal,drought,False,0.405,0.351,0.244,0.0,0.0,0.29,10.0,
16,2026-04-30,ok,0.0958,39.95,predicted,39.95,41.23,40.09,40.11,40.07,40.01,40.11,normal,drought,False,0.406,0.365,0.23,0.0,0.0,0.29,10.0,
16,2026-05-01,ok,0.0989,41.23,observed,41.23,40.15,40.26,40.34,40.35,40.33,40.47,normal,drought,False,0.415,0.376,0.209,0.0,0.0,0.29,10.0,
16,2026-05-02,ok,0.0995,41.48,predicted,41.48,41.63,41.68,41.7,41.65,41.57,41.64,normal,drought,False,0.488,0.35,0.162,0.0,0.0,0.57,6.0,
16,2026-05-03,ok,0.0999,41.67,predicted,41.67,41.78,41.78,41.74,41.65,41.52,41.56,normal,drought,False,0.55,0.291,0.159,0.0,0.0,0.57,6.0,
16,2026-05-04,ok,0.0994,41.46,predicted,41.46,41.42,41.29,41.15,40.95,40.74,40.72,normal,drought,False,0.556,0.271,0.173,0.0,0.0,0.29,10.0,
16,2026-05-05,ok,0.0993,41.4,predicted,41.4,41.3,41.1,40.9,40.64,40.4,40.34,normal,drought,False,0.533,0.286,0.181,0.0,0.0,0.29,10.0,
16,2026-05-06,ok,0.0994,41.43,predicted,41.43,41.43,41.37,41.27,41.12,40.96,40.99,normal,drought,False,0.582,0.247,0.17,0.0,0.0,0.29,10.0,
16,2026-05-07,ok,0.0991,41.3,predicted,41.3,41.28,41.19,41.1,40.94,40.8,55.14,normal,drought,False,0.555,0.27,0.175,0.0,0.0,0.29,10.0,
16,2026-05-08,ok,0.0993,41.39,predicted,41.39,41.51,41.59,41.64,41.63,55.14,41.71,normal,drought,False,0.567,0.274,0.158,0.0,0.0,0.29,10.0,
16,2026-05-09,ok,0.0991,41.33,predicted,41.33,41.46,41.56,41.62,55.14,41.59,41.73,normal,drought,False,0.6,0.255,0.145,0.0,0.0,0.29,10.0,
16,2026-05-10,ok,0.0991,41.33,predicted,41.33,41.54,41.72,55.14,41.92,41.95,42.14,normal,drought,False,0.632,0.235,0.134,0.0,0.0,0.29,10.0,
16,2026-05-11,ok,0.0991,41.31,predicted,41.31,41.69,55.14,42.5,42.75,42.98,43.31,normal,drought,False,0.49,0.313,0.197,0.0,0.0,0.29,10.0,
16,2026-05-12,ok,0.0994,41.44,predicted,41.44,55.14,43.02,43.75,44.33,44.83,45.36,normal,drought,False,0.534,0.286,0.18,0.0,0.0,0.29,10.0,
16,2026-05-13,ok,0.1322,55.14,observed,55.14,41.93,42.52,43.02,43.39,43.7,44.07,normal,drought,False,0.503,0.301,0.195,0.0,0.0,0.29,10.0,
16,2026-05-14,ok,0.1369,57.07,predicted,57.07,58.75,60.2,61.4,62.39,62.98,63.56,normal,drought,False,0.564,0.263,0.173,0.0,0.0,0.57,6.0,
16,2026-05-15,ok,0.1393,58.07,predicted,58.07,59.24,60.14,60.81,61.34,61.54,61.79,normal,drought,False,0.614,0.237,0.148,0.0,0.0,0.57,6.0,
16,2026-05-16,ok,0.1331,55.47,predicted,55.47,55.45,55.36,55.19,55.0,54.8,54.76,normal,drought,False,0.619,0.234,0.147,0.0,0.0,0.29,10.0,
16,2026-05-17,ok,0.1328,55.38,predicted,55.38,55.25,55.01,54.73,54.45,54.17,54.04,normal,drought,False,0.608,0.242,0.15,0.0,0.0,0.29,10.0,
16,2026-05-18,ok,0.1329,55.41,predicted,55.41,55.23,54.93,54.6,54.29,53.98,53.81,normal,drought,False,0.575,0.272,0.153,0.0,0.0,0.29,10.0,
16,2026-05-19,ok,0.1332,55.52,predicted,55.52,55.33,55.03,54.7,54.4,54.1,53.93,normal,drought,False,0.539,0.294,0.167,0.0,0.0,0.29,10.0,
16,2026-05-20,ok,0.1331,55.49,predicted,55.49,55.31,55.01,54.7,54.42,54.14,53.98,normal,drought,False,0.49,0.32,0.19,0.0,0.0,0.29,10.0,
16,2026-05-21,ok,0.1332,55.54,predicted,55.54,55.45,55.24,55.03,54.84,54.64,54.56,normal,drought,False,0.4,0.356,0.243,0.0,0.0,0.29,10.0,
16,2026-05-22,ok,0.1332,55.53,predicted,55.53,55.44,55.23,55.02,54.84,54.65,54.57,normal,normal,True,0.305,0.362,0.333,0.0,0.0,0.29,10.0,
16,2026-05-23,ok,0.1335,55.66,predicted,55.66,55.68,55.62,55.54,55.48,55.38,55.4,normal,overflow,False,0.261,0.35,0.389,0.0,0.0,0.29,10.0,
16,2026-05-24,ok,0.1331,55.47,predicted,55.47,55.4,55.23,55.06,54.91,54.75,54.72,normal,overflow,False,0.217,0.326,0.456,0.0,0.0,0.29,10.0,
16,2026-05-25,ok,0.1332,55.55,predicted,55.55,55.56,55.49,55.41,55.34,55.25,55.27,normal,normal,True,0.339,0.347,0.314,0.0,0.0,0.29,10.0,
16,2026-05-26,ok,0.1332,55.54,predicted,55.54,55.55,55.46,55.37,55.29,55.19,55.2,normal,normal,True,0.327,0.357,0.316,0.0,0.0,0.29,10.0,
16,2026-05-27,ok,0.1333,55.59,predicted,55.59,55.58,55.48,55.37,55.28,55.16,55.17,normal,normal,True,0.34,0.357,0.303,0.0,0.0,0.29,10.0,
16,2026-05-28,rejected,,,,,,,,,,,,,,,,,,,,,no storage data available for this tank
16,2026-05-29,rejected,,,,,,,,,,,,,,,,,,,,,no storage data available for this tank
16,2026-05-30,rejected,,,,,,,,,,,,,,,,,,,,,no storage data available for this tank
16,2026-05-31,rejected,,,,,,,,,,,,,,,,,,,,,no storage data available for this tank
16,2026-06-01,rejected,,,,,,,,,,,,,,,,,,,,,no storage data available for this tank
16,2026-06-02,rejected,,,,,,,,,,,,,,,,,,,,,no storage data available for this tank
16,2026-06-03,rejected,,,,,,,,,,,,,,,,,,,,,no storage data available for this tank
16,2026-06-04,rejected,,,,,,,,,,,,,,,,,,,,,no storage data available for this tank
16,2026-06-05,rejected,,,,,,,,,,,,,,,,,,,,,no storage data available for this tank
16,2026-06-06,rejected,,,,,,,,,,,,,,,,,,,,,no storage data available for this tank
16,2026-06-07,ok,0.0914,38.12,predicted,38.12,38.14,38.09,38.03,37.92,37.81,37.84,normal,drought,False,0.533,0.253,0.215,0.0,0.0,0.29,10.0,
16,2026-06-08,ok,0.0913,38.05,predicted,38.05,38.02,37.92,37.81,37.65,37.5,37.51,normal,drought,False,0.537,0.253,0.21,0.0,0.0,0.29,10.0,
16,2026-06-09,ok,0.0911,37.97,predicted,37.97,37.93,37.82,37.7,37.54,37.39,37.4,normal,drought,False,0.53,0.255,0.215,0.0,0.0,0.29,10.0,
16,2026-06-10,ok,0.0912,38.02,predicted,38.02,38.04,37.98,37.93,37.83,37.73,37.76,normal,drought,False,0.516,0.261,0.222,0.0,0.0,0.29,10.0,
16,2026-06-11,ok,0.0914,38.1,predicted,38.1,38.13,38.1,38.05,37.96,37.87,37.9,normal,drought,False,0.512,0.269,0.219,0.0,0.0,0.29,10.0,
16,2026-06-12,ok,0.0913,38.05,predicted,38.05,38.03,37.96,37.87,37.73,37.6,46.03,normal,drought,False,0.516,0.273,0.211,0.0,0.0,0.29,10.0,
16,2026-06-13,ok,0.0911,37.96,predicted,37.96,38.09,38.24,38.34,38.36,46.03,38.56,normal,drought,False,0.535,0.24,0.225,0.0,0.0,0.29,10.0,
16,2026-06-14,ok,0.0909,37.9,predicted,37.9,38.1,38.27,38.42,46.03,38.55,38.72,normal,drought,False,0.538,0.262,0.2,0.0,0.0,0.29,10.0,
16,2026-06-15,ok,0.0912,38.01,predicted,38.01,38.16,38.24,46.03,38.31,38.29,38.39,normal,drought,False,0.526,0.287,0.187,0.0,0.0,0.29,10.0,
16,2026-06-16,ok,0.0912,38.04,predicted,38.04,38.08,46.03,37.99,37.88,37.76,37.79,normal,drought,False,0.548,0.279,0.173,0.0,0.0,0.29,10.0,
16,2026-06-17,ok,0.0912,38.01,predicted,38.01,46.03,37.83,37.68,37.48,37.29,37.25,normal,drought,False,0.546,0.282,0.172,0.0,0.0,0.29,10.0,
16,2026-06-18,ok,0.1104,46.03,observed,46.03,37.99,37.86,37.7,37.51,37.31,37.27,normal,drought,False,0.519,0.3,0.181,0.0,0.0,0.29,10.0,
16,2026-06-19,ok,0.1128,47.04,predicted,47.04,47.55,47.86,48.08,48.21,48.18,47.44,normal,drought,False,0.534,0.298,0.169,0.0,0.0,0.57,6.0,
16,2026-06-20,ok,0.1144,47.69,predicted,47.69,48.21,48.53,48.77,48.92,47.44,49.02,normal,drought,False,0.567,0.279,0.154,0.0,0.0,0.57,6.0,
16,2026-06-21,ok,0.1109,46.22,predicted,46.22,46.26,46.2,46.12,47.44,45.84,45.89,normal,drought,False,0.539,0.291,0.171,0.0,0.0,0.29,10.0,
16,2026-06-22,ok,0.1109,46.24,predicted,46.24,46.29,46.27,47.44,46.11,45.98,46.05,normal,drought,False,0.569,0.267,0.163,0.0,0.0,0.29,10.0,
16,2026-06-23,ok,0.1109,46.24,predicted,46.24,46.33,47.44,46.36,46.29,46.2,46.32,normal,drought,False,0.614,0.243,0.143,0.0,0.0,0.29,10.0,
16,2026-06-24,ok,0.1106,46.1,predicted,46.1,47.44,46.09,46.02,45.89,45.76,45.82,normal,drought,False,0.586,0.266,0.148,0.0,0.0,0.29,10.0,
16,2026-06-25,ok,0.1138,47.44,observed,47.44,46.34,46.34,46.32,46.24,46.14,46.22,normal,drought,False,0.505,0.303,0.192,0.0,0.0,0.29,10.0,
16,2026-06-26,ok,0.115,47.96,predicted,47.96,48.15,48.2,48.21,48.17,48.06,48.12,normal,drought,False,0.416,0.343,0.241,0.0,0.0,0.57,6.0,
16,2026-06-27,ok,0.1155,48.17,predicted,48.17,48.32,48.35,48.34,48.27,48.14,48.2,normal,drought,False,0.495,0.3,0.204,0.0,0.0,0.57,6.0,
16,2026-06-28,ok,0.1159,48.32,predicted,48.32,48.46,48.48,48.45,48.38,48.25,48.29,normal,drought,False,0.532,0.29,0.178,0.0,0.0,0.57,6.0,
16,2026-06-29,ok,0.1166,48.6,predicted,48.6,48.77,48.81,48.81,48.75,48.64,48.7,normal,drought,False,0.551,0.287,0.162,0.0,0.0,0.57,6.0,
16,2026-06-30,ok,0.1169,48.73,predicted,48.73,48.84,48.81,48.74,48.63,48.46,48.48,normal,drought,False,0.559,0.285,0.156,0.0,0.0,0.57,6.0,
16,2026-07-01,ok,0.1174,48.94,predicted,48.94,49.06,49.01,48.95,48.84,48.69,45.84,normal,overflow,False,0.365,0.262,0.373,0.0,0.0,0.57,6.0,
16,2026-07-02,ok,0.1182,49.3,predicted,49.3,49.44,49.43,49.39,49.31,45.84,49.19,normal,overflow,False,0.265,0.197,0.538,0.0,0.0,0.57,6.0,
16,2026-07-03,ok,0.1148,47.85,predicted,47.85,47.78,47.57,47.36,45.84,46.88,46.81,normal,overflow,False,0.22,0.168,0.612,0.0,0.0,0.29,10.0,
16,2026-07-04,ok,0.115,47.93,predicted,47.93,47.87,47.7,45.84,47.29,47.05,47.03,normal,overflow,False,0.263,0.193,0.545,0.0,0.0,0.29,10.0,
16,2026-07-05,ok,0.1143,47.67,predicted,47.67,47.51,45.84,46.94,46.63,46.33,46.25,normal,overflow,False,0.259,0.202,0.539,0.0,0.0,0.29,10.0,
16,2026-07-06,ok,0.1145,47.72,predicted,47.72,45.84,47.54,47.38,47.2,47.01,47.0,normal,overflow,False,0.238,0.21,0.552,0.0,0.0,0.29,10.0,
16,2026-07-07,ok,0.1099,45.84,observed,45.84,47.84,47.74,47.63,47.48,47.33,47.34,normal,overflow,False,0.233,0.206,0.561,0.0,0.0,0.29,10.0,
16,2026-07-08,ok,0.1105,46.05,predicted,46.05,45.92,45.69,45.46,45.2,44.97,44.93,normal,overflow,False,0.242,0.199,0.559,0.0,0.0,0.57,6.0,
16,2026-07-09,ok,0.1101,45.92,predicted,45.92,45.75,45.47,45.2,44.9,44.63,44.56,normal,overflow,False,0.265,0.2,0.535,0.0,0.0,0.57,6.0,
16,2026-07-10,ok,0.1108,46.2,predicted,46.2,46.1,45.88,45.65,45.39,45.14,45.08,normal,overflow,False,0.284,0.208,0.508,0.0,0.0,0.29,10.0,
16,2026-07-11,ok,0.1107,46.17,predicted,46.17,46.1,45.91,45.72,45.5,45.27,45.24,normal,overflow,False,0.264,0.217,0.519,0.0,0.0,0.29,10.0,
16,2026-07-12,ok,0.1107,46.17,predicted,46.17,46.11,45.95,45.78,45.57,45.36,45.35,normal,overflow,False,0.248,0.212,0.54,0.0,0.0,0.29,10.0,
16,2026-07-13,ok,0.1108,46.19,predicted,46.19,46.16,46.01,45.87,45.68,45.49,46.35,normal,overflow,False,0.215,0.204,0.581,0.0,0.0,0.29,10.0,
16,2026-07-14,ok,0.1108,46.2,predicted,46.2,46.16,46.0,45.84,45.64,46.35,45.44,normal,overflow,False,0.18,0.19,0.629,0.0,0.0,0.29,10.0,
16,2026-07-15,ok,0.1107,46.14,predicted,46.14,46.07,45.89,45.7,46.35,45.26,45.25,normal,overflow,False,0.175,0.206,0.619,0.0,0.0,0.29,10.0,
16,2026-07-16,ok,0.1107,46.13,predicted,46.13,46.09,45.95,46.35,45.6,45.41,45.42,normal,overflow,False,0.188,0.207,0.605,0.0,0.0,0.29,10.0,
16,2026-07-17,ok,0.1107,46.14,predicted,46.14,46.11,46.35,45.84,45.66,45.48,45.49,normal,overflow,False,0.241,0.219,0.539,0.0,0.0,0.29,10.0,
16,2026-07-18,ok,0.1107,46.14,predicted,46.14,46.35,45.99,45.85,45.67,45.49,45.49,normal,overflow,False,0.218,0.192,0.591,0.0,0.0,0.29,10.0,
16,2026-07-19,ok,0.1112,46.35,observed,46.35,46.23,46.13,46.01,45.85,45.67,45.69,normal,overflow,False,0.205,0.168,0.626,0.0,0.0,0.29,10.0,
16,2026-07-20,ok,0.112,46.69,predicted,46.69,46.64,46.47,46.28,46.06,45.84,45.81,normal,overflow,False,0.163,0.161,0.676,0.0,0.0,0.57,6.0,
16,2026-07-21,ok,0.1122,46.77,predicted,46.77,46.75,46.6,46.45,46.26,46.06,46.04,normal,overflow,False,0.212,0.205,0.583,0.0,0.0,0.57,6.0,
16,2026-07-22,ok,0.1121,46.72,predicted,46.72,46.69,46.54,46.38,46.18,45.99,45.97,normal,overflow,False,0.355,0.25,0.396,0.0,0.0,0.29,10.0,
16,2026-07-23,ok,0.112,46.69,predicted,46.69,46.61,46.41,46.2,45.97,45.73,45.69,normal,drought,False,0.407,0.239,0.354,0.0,0.0,0.29,10.0,
16,2026-07-24,ok,0.1121,46.72,predicted,46.72,46.66,46.46,46.27,46.05,45.82,45.78,normal,overflow,False,0.373,0.233,0.393,0.0,0.0,0.29,10.0,
16,2026-07-25,ok,0.1121,46.75,predicted,46.75,46.69,46.49,46.3,46.07,45.85,45.8,normal,overflow,False,0.348,0.221,0.431,0.0,0.0,0.29,10.0,
16,2026-07-26,ok,0.1122,46.76,predicted,46.76,46.67,46.45,46.23,45.98,45.73,45.67,normal,overflow,False,0.34,0.207,0.453,0.0,0.0,0.29,10.0,
17,2026-03-25,ok,0.1794,20.88,observed,20.88,14.15,14.05,14.04,14.17,14.24,14.24,normal,normal,True,0.109,0.871,0.021,6.0,0.0,0.29,10.0,
17,2026-03-26,ok,0.1871,21.77,predicted,21.77,22.13,22.37,22.62,22.9,23.08,23.06,normal,normal,True,0.089,0.89,0.021,0.0,0.0,0.57,6.0,
17,2026-03-27,ok,0.1921,22.35,predicted,22.35,22.74,23.01,23.29,23.6,23.81,23.8,normal,normal,True,0.083,0.896,0.021,0.0,0.0,0.57,6.0,
17,2026-03-28,ok,0.1974,22.96,predicted,22.96,23.39,23.71,24.03,24.36,24.61,24.63,normal,normal,True,0.101,0.877,0.022,0.0,0.0,0.57,6.0,
17,2026-03-29,ok,0.1816,21.12,predicted,21.12,21.0,20.87,20.79,20.8,20.82,20.76,normal,normal,True,0.114,0.861,0.025,0.0,0.0,0.29,10.0,
17,2026-03-30,ok,0.1815,21.12,predicted,21.12,20.98,20.84,20.76,20.76,20.78,20.72,normal,normal,True,0.129,0.844,0.027,0.0,0.0,0.29,10.0,
17,2026-03-31,ok,0.1817,21.14,predicted,21.14,21.02,20.9,20.84,20.87,20.91,20.87,normal,normal,True,0.135,0.839,0.026,0.0,0.0,0.29,10.0,
17,2026-04-01,ok,0.1815,21.12,predicted,21.12,20.99,20.87,20.8,20.83,20.87,12.4,normal,normal,True,0.127,0.847,0.026,1.0,0.0,0.29,10.0,
17,2026-04-02,ok,0.1818,21.15,predicted,21.15,21.08,21.01,21.01,21.09,12.4,21.18,normal,normal,True,0.113,0.861,0.026,1.0,0.0,0.29,10.0,
17,2026-04-03,ok,0.1815,21.12,predicted,21.12,21.1,21.11,21.19,12.4,21.48,21.53,normal,normal,True,0.126,0.849,0.025,1.0,0.0,0.29,10.0,
17,2026-04-04,ok,0.1795,20.89,predicted,20.89,20.8,20.74,12.4,20.89,21.04,21.07,normal,normal,True,0.12,0.852,0.028,1.0,0.0,0.29,10.0,
17,2026-04-05,ok,0.1792,20.85,predicted,20.85,20.94,12.4,21.29,21.54,21.83,21.97,normal,normal,True,0.094,0.879,0.027,1.0,0.0,0.29,10.0,
17,2026-04-06,ok,0.1797,20.91,predicted,20.91,12.4,21.13,21.32,21.57,21.81,21.94,normal,normal,True,0.089,0.883,0.028,1.0,0.0,0.29,10.0,
17,2026-04-07,ok,0.1066,12.4,observed,12.4,21.21,21.39,21.64,21.94,22.21,22.36,drought,normal,False,0.108,0.863,0.029,1.0,0.0,0.29,10.0,
17,2026-04-08,ok,0.0993,11.56,predicted,11.56,11.05,10.64,10.36,10.28,10.23,10.27,drought,normal,False,0.115,0.854,0.031,7.0,0.0,0.57,6.0,
17,2026-04-09,ok,0.1052,12.24,predicted,12.24,12.19,12.15,12.18,12.36,12.49,12.56,drought,normal,False,0.161,0.809,0.03,7.0,0.0,0.29,10.0,
17,2026-04-10,ok,0.1063,12.36,predicted,12.36,12.3,12.25,12.28,12.45,12.57,12.63,drought,normal,False,0.225,0.749,0.026,7.0,0.0,0.29,10.0,
17,2026-04-11,ok,0.1059,12.32,predicted,12.32,12.12,11.93,11.81,11.85,11.85,11.82,drought,normal,False,0.254,0.722,0.024,7.0,0.0,0.29,10.0,
17,2026-04-12,ok,0.1063,12.37,predicted,12.37,12.23,12.1,12.05,12.16,12.22,12.23,drought,normal,False,0.266,0.709,0.026,7.0,0.0,0.29,10.0,
17,2026-04-13,ok,0.1071,12.46,predicted,12.46,12.35,12.25,12.27,12.41,12.54,12.58,drought,normal,False,0.271,0.704,0.025,7.0,0.0,0.29,10.0,
17,2026-04-14,ok,0.1066,12.4,predicted,12.4,12.33,12.27,12.38,12.56,12.58,12.87,drought,normal,False,0.308,0.665,0.027,7.0,0.0,0.29,10.0,
17,2026-04-15,ok,0.1049,12.21,predicted,12.21,12.19,12.18,12.33,12.58,12.82,12.96,drought,normal,False,0.363,0.618,0.019,7.0,0.0,0.29,10.0,
17,2026-04-16,ok,0.1033,12.02,predicted,12.02,12.08,12.19,12.58,12.72,13.04,13.25,drought,normal,False,0.457,0.525,0.018,7.0,0.0,0.29,10.0,
17,2026-04-17,ok,0.1038,12.08,predicted,12.08,12.2,12.58,12.61,12.99,13.3,13.53,drought,normal,False,0.451,0.53,0.019,7.0,0.0,0.29,10.0,
17,2026-04-18,ok,0.1048,12.2,predicted,12.2,12.58,12.23,12.31,12.55,12.72,12.84,drought,normal,False,0.426,0.555,0.02,7.0,0.0,0.29,10.0,
17,2026-04-19,ok,0.1081,12.58,observed,12.58,12.27,12.22,12.22,12.39,12.49,12.54,drought,normal,False,0.422,0.557,0.021,7.0,0.0,0.29,10.0,
17,2026-04-20,ok,0.1084,12.62,predicted,12.62,12.46,12.31,12.23,12.3,12.33,12.32,drought,normal,False,0.453,0.526,0.021,7.0,0.0,0.57,6.0,
17,2026-04-21,ok,0.1099,12.78,predicted,12.78,12.75,12.73,12.85,13.06,13.28,13.35,drought,normal,False,0.438,0.538,0.024,7.0,0.0,0.57,6.0,
17,2026-04-22,ok,0.1076,12.52,predicted,12.52,12.35,12.18,12.16,12.23,12.37,12.39,drought,normal,False,0.414,0.567,0.019,7.0,0.0,0.29,10.0,
17,2026-04-23,ok,0.1061,12.35,predicted,12.35,12.34,12.35,12.5,12.74,13.01,13.15,drought,normal,False,0.418,0.564,0.018,7.0,0.0,0.29,10.0,
17,2026-04-24,ok,0.1064,12.37,predicted,12.37,12.48,12.63,12.9,13.25,13.61,13.83,drought,normal,False,0.419,0.563,0.017,7.0,0.0,0.29,10.0,
17,2026-04-25,ok,0.1065,12.4,predicted,12.4,12.47,12.58,12.8,13.11,13.41,11.3,drought,normal,False,0.455,0.528,0.018,7.0,0.0,0.29,10.0,
17,2026-04-26,ok,0.1058,12.31,predicted,12.31,12.28,12.28,12.36,12.57,11.3,12.87,drought,normal,False,0.449,0.534,0.018,7.0,0.0,0.29,10.0,
17,2026-04-27,ok,0.1066,12.4,predicted,12.4,12.44,12.51,12.66,11.3,13.17,13.33,drought,normal,False,0.445,0.535,0.02,7.0,0.0,0.29,10.0,
17,2026-04-28,ok,0.1084,12.61,predicted,12.61,12.69,12.79,11.3,13.35,13.65,13.83,drought,normal,False,0.419,0.559,0.022,7.0,0.0,0.29,10.0,
17,2026-04-29,ok,0.1074,12.5,predicted,12.5,12.43,11.3,12.45,12.62,12.82,12.9,drought,normal,False,0.37,0.61,0.02,7.0,0.0,0.29,10.0,
17,2026-04-30,ok,0.1065,12.39,predicted,12.39,11.3,12.48,12.69,12.98,13.29,13.45,drought,normal,False,0.331,0.649,0.02,7.0,0.0,0.29,10.0,
17,2026-05-01,ok,0.0971,11.3,observed,11.3,12.49,12.64,12.93,13.29,13.65,13.87,drought,normal,False,0.285,0.695,0.02,7.0,0.0,0.29,10.0,
17,2026-05-02,ok,0.0926,10.78,predicted,10.78,10.74,10.73,10.85,11.08,11.3,11.48,drought,normal,False,0.32,0.662,0.018,7.0,0.0,0.57,6.0,
17,2026-05-03,ok,0.092,10.71,predicted,10.71,10.68,10.69,10.79,11.04,11.23,11.4,drought,normal,False,0.407,0.574,0.019,7.0,0.0,0.57,6.0,
17,2026-05-04,ok,0.0955,11.12,predicted,11.12,11.15,11.2,11.34,11.62,11.82,11.96,drought,normal,False,0.447,0.532,0.02,7.0,0.0,0.29,10.0,
17,2026-05-05,ok,0.0961,11.18,predicted,11.18,11.07,10.97,10.96,11.09,11.18,11.22,drought,normal,False,0.44,0.54,0.02,7.0,0.0,0.29,10.0,
17,2026-05-06,ok,0.0961,11.18,predicted,11.18,11.14,11.14,11.25,11.46,11.67,11.77,drought,normal,False,0.446,0.528,0.025,7.0,0.0,0.29,10.0,
17,2026-05-07,ok,0.0956,11.12,predicted,11.12,11.02,10.92,10.98,11.14,11.33,18.59,drought,normal,False,0.46,0.521,0.02,7.0,0.0,0.29,10.0,
17,2026-05-08,ok,0.0947,11.02,predicted,11.02,11.04,11.07,11.27,11.55,18.59,12.01,drought,normal,False,0.478,0.505,0.016,7.0,0.0,0.29,10.0,
17,2026-05-09,ok,0.0944,10.98,predicted,10.98,11.16,11.35,11.73,18.59,12.62,12.89,drought,normal,False,0.487,0.496,0.017,7.0,0.0,0.29,10.0,
17,2026-05-10,ok,0.0939,10.93,predicted,10.93,11.16,11.42,18.59,12.32,12.81,13.13,drought,normal,False,0.483,0.499,0.018,7.0,0.0,0.29,10.0,
17,2026-05-11,ok,0.093,10.82,predicted,10.82,11.35,18.59,12.86,13.69,14.6,15.14,drought,normal,False,0.236,0.72,0.044,7.0,0.0,0.29,10.0,
17,2026-05-12,ok,0.0921,10.72,predicted,10.72,18.59,11.99,12.87,13.72,14.61,15.18,drought,normal,False,0.191,0.755,0.054,7.0,0.0,0.29,10.0,
17,2026-05-13,ok,0.1598,18.59,observed,18.59,11.28,11.94,12.8,13.65,14.5,15.05,drought,normal,False,0.136,0.791,0.073,7.0,0.0,0.29,10.0,
17,2026-05-14,ok,0.1632,18.99,predicted,18.99,20.52,22.05,23.55,24.89,26.1,26.76,drought,normal,False,0.096,0.758,0.146,1.0,0.0,0.57,6.0,
17,2026-05-15,ok,0.1692,19.69,predicted,19.69,20.54,21.3,22.06,22.75,23.33,23.56,drought,normal,False,0.073,0.746,0.181,1.0,0.0,0.57,6.0,
17,2026-05-16,ok,0.1589,18.48,predicted,18.48,18.47,18.44,18.47,18.55,18.64,18.59,drought,normal,False,0.061,0.727,0.212,7.0,0.0,0.29,10.0,
17,2026-05-17,ok,0.1595,18.55,predicted,18.55,18.54,18.48,18.5,18.59,18.64,18.59,drought,normal,False,0.069,0.768,0.163,7.0,0.0,0.29,10.0,
17,2026-05-18,ok,0.1603,18.65,predicted,18.65,18.59,18.48,18.42,18.46,18.45,18.35,drought,normal,False,0.12,0.807,0.072,7.0,0.0,0.29,10.0,
17,2026-05-19,ok,0.1613,18.77,predicted,18.77,18.68,18.55,18.46,18.49,18.45,18.33,drought,normal,False,0.164,0.788,0.048,7.0,0.0,0.29,10.0,
17,2026-05-20,ok,0.1617,18.82,predicted,18.82,18.65,18.43,18.26,18.21,18.12,17.95,drought,normal,False,0.187,0.776,0.037,7.0,0.0,0.29,10.0,
17,2026-05-21,ok,0.1619,18.83,predicted,18.83,18.64,18.4,18.22,18.16,18.06,17.89,drought,normal,False,0.201,0.766,0.033,7.0,0.0,0.29,10.0,
17,2026-05-22,ok,0.1616,18.8,predicted,18.8,18.6,18.36,18.18,18.13,18.05,17.9,drought,normal,False,0.221,0.748,0.031,7.0,0.0,0.29,10.0,
17,2026-05-23,ok,0.1623,18.88,predicted,18.88,18.81,18.72,18.72,18.83,18.89,18.86,drought,normal,False,0.2,0.771,0.029,7.0,0.0,0.29,10.0,
17,2026-05-24,ok,0.1609,18.72,predicted,18.72,18.58,18.41,18.34,18.37,18.4,18.34,drought,normal,False,0.208,0.764,0.027,7.0,0.0,0.29,10.0,
17,2026-05-25,ok,0.1607,18.69,predicted,18.69,18.65,18.63,18.69,18.84,18.98,19.01,drought,normal,False,0.238,0.735,0.027,7.0,0.0,0.29,10.0,
17,2026-05-26,ok,0.1608,18.71,predicted,18.71,18.7,18.71,18.8,18.99,19.16,19.22,drought,normal,False,0.234,0.74,0.026,7.0,0.0,0.29,10.0,
17,2026-05-27,ok,0.161,18.73,predicted,18.73,18.74,18.77,18.87,19.07,19.25,19.32,drought,normal,False,0.236,0.73,0.034,7.0,0.0,0.29,10.0,
17,2026-05-28,rejected,,,,,,,,,,,,,,,,,,,,,no storage data available for this tank
17,2026-05-29,rejected,,,,,,,,,,,,,,,,,,,,,no storage data available for this tank
17,2026-05-30,rejected,,,,,,,,,,,,,,,,,,,,,no storage data available for this tank
17,2026-05-31,rejected,,,,,,,,,,,,,,,,,,,,,no storage data available for this tank
17,2026-06-01,rejected,,,,,,,,,,,,,,,,,,,,,no storage data available for this tank
17,2026-06-02,rejected,,,,,,,,,,,,,,,,,,,,,no storage data available for this tank
17,2026-06-03,rejected,,,,,,,,,,,,,,,,,,,,,no storage data available for this tank
17,2026-06-04,rejected,,,,,,,,,,,,,,,,,,,,,no storage data available for this tank
17,2026-06-05,rejected,,,,,,,,,,,,,,,,,,,,,no storage data available for this tank
17,2026-06-06,ok,0.0047,0.55,predicted,0.55,0.56,0.58,0.69,0.88,1.02,1.28,drought,normal,False,0.253,0.725,0.022,7.0,0.0,0.29,10.0,
17,2026-06-07,ok,0.0051,0.59,predicted,0.59,0.68,0.76,0.95,1.21,1.4,1.71,drought,normal,False,0.261,0.717,0.022,7.0,0.0,0.29,10.0,
17,2026-06-08,ok,0.0058,0.68,predicted,0.68,0.76,0.81,1.01,1.24,1.46,1.75,drought,normal,False,0.249,0.729,0.022,7.0,0.0,0.29,10.0,
17,2026-06-09,ok,0.0049,0.57,predicted,0.57,0.65,0.72,0.93,1.16,1.4,1.71,drought,normal,False,0.235,0.743,0.022,7.0,0.0,0.29,10.0,
17,2026-06-10,ok,0.0039,0.45,predicted,0.45,0.55,0.67,0.88,1.17,1.39,1.74,drought,normal,False,0.233,0.744,0.023,7.0,0.0,0.29,10.0,
17,2026-06-11,ok,0.0046,0.54,predicted,0.54,0.65,0.76,0.98,1.27,1.48,1.81,drought,normal,False,0.244,0.733,0.024,7.0,0.0,0.29,10.0,
17,2026-06-12,ok,0.006,0.7,predicted,0.7,0.79,0.84,1.06,1.31,1.53,4.24,drought,normal,False,0.239,0.739,0.023,7.0,0.0,0.29,10.0,
17,2026-06-13,ok,0.0051,0.59,predicted,0.59,0.76,0.92,1.31,1.61,4.24,2.47,drought,normal,False,0.223,0.746,0.03,7.0,0.0,0.29,10.0,
17,2026-06-14,ok,0.002,0.24,predicted,0.24,0.46,0.68,1.07,4.24,1.86,2.32,drought,normal,False,0.182,0.794,0.024,7.0,0.0,0.29,10.0,
17,2026-06-15,ok,0.0023,0.26,predicted,0.26,0.53,0.79,4.24,1.61,1.94,2.4,drought,normal,False,0.19,0.789,0.021,7.0,0.0,0.29,10.0,
17,2026-06-16,ok,0.0044,0.51,predicted,0.51,0.74,4.24,1.24,1.61,1.87,2.25,drought,normal,False,0.211,0.767,0.022,7.0,0.0,0.29,10.0,
17,2026-06-17,ok,0.0057,0.67,predicted,0.67,4.24,0.82,0.97,1.21,1.34,1.62,drought,normal,False,0.231,0.747,0.022,7.0,0.0,0.29,10.0,
17,2026-06-18,ok,0.0364,4.24,observed,4.24,0.88,0.84,0.93,1.08,1.16,1.37,drought,normal,False,0.238,0.741,0.021,7.0,0.0,0.29,10.0,
17,2026-06-19,ok,0.0345,4.01,predicted,4.01,4.13,4.16,4.33,4.52,4.71,7.15,drought,normal,False,0.219,0.761,0.02,7.0,0.0,0.57,6.0,
17,2026-06-20,ok,0.0309,3.59,predicted,3.59,3.58,3.53,3.63,3.8,7.15,4.15,drought,normal,False,0.234,0.746,0.019,7.0,0.0,0.29,10.0,
17,2026-06-21,ok,0.0301,3.51,predicted,3.51,3.55,3.57,3.73,7.15,4.17,4.41,drought,normal,False,0.234,0.746,0.02,7.0,0.0,0.29,10.0,
17,2026-06-22,ok,0.0302,3.52,predicted,3.52,3.6,3.65,7.15,4.12,4.36,4.62,drought,normal,False,0.236,0.743,0.021,7.0,0.0,0.29,10.0,
17,2026-06-23,ok,0.031,3.61,predicted,3.61,3.71,7.15,4.0,4.26,4.55,4.81,drought,normal,False,0.205,0.774,0.022,7.0,0.0,0.29,10.0,
17,2026-06-24,ok,0.0287,3.34,predicted,3.34,7.15,3.43,3.59,3.83,4.05,4.31,drought,normal,False,0.21,0.769,0.021,7.0,0.0,0.29,10.0,
17,2026-06-25,ok,0.0614,7.15,observed,7.15,3.45,3.57,3.81,4.15,4.41,4.72,drought,normal,False,0.244,0.733,0.023,7.0,0.0,0.29,10.0,
17,2026-06-26,ok,0.061,7.1,predicted,7.1,7.43,7.72,8.06,8.47,8.8,8.99,drought,normal,False,0.256,0.72,0.024,7.0,0.0,0.57,6.0,
17,2026-06-27,ok,0.0662,7.71,predicted,7.71,8.01,8.24,8.57,8.93,9.26,9.4,drought,normal,False,0.266,0.71,0.024,7.0,0.0,0.57,6.0,
17,2026-06-28,ok,0.0695,8.09,predicted,8.09,8.3,8.45,8.67,8.94,9.18,9.27,drought,normal,False,0.264,0.715,0.021,7.0,0.0,0.57,6.0,
17,2026-06-29,ok,0.0739,8.6,predicted,8.6,8.85,9.03,9.3,9.62,9.9,10.01,drought,normal,False,0.276,0.705,0.019,7.0,0.0,0.57,6.0,
17,2026-06-30,ok,0.0772,8.99,predicted,8.99,9.21,9.36,9.6,9.88,10.14,10.23,drought,normal,False,0.276,0.706,0.018,7.0,0.0,0.57,6.0,
17,2026-07-01,ok,0.0798,9.28,predicted,9.28,9.47,9.63,9.81,10.08,10.29,8.21,drought,normal,False,0.265,0.716,0.019,7.0,0.0,0.57,6.0,
17,2026-07-02,ok,0.0843,9.81,predicted,9.81,10.06,10.29,10.52,10.85,8.21,11.17,drought,normal,False,0.266,0.711,0.022,7.0,0.0,0.57,6.0,
17,2026-07-03,ok,0.057,6.63,predicted,6.63,6.57,6.53,6.52,8.21,6.75,6.86,drought,normal,False,0.248,0.726,0.026,7.0,0.0,0.29,10.0,
17,2026-07-04,ok,0.0599,6.97,predicted,6.97,6.98,6.94,8.21,7.27,7.42,7.55,drought,normal,False,0.235,0.741,0.023,7.0,0.0,0.29,10.0,
17,2026-07-05,ok,0.0585,6.8,predicted,6.8,6.62,8.21,6.34,6.36,6.4,6.43,drought,normal,False,0.22,0.757,0.023,7.0,0.0,0.29,10.0,
17,2026-07-06,ok,0.0561,6.53,predicted,6.53,8.21,6.33,6.34,6.48,6.59,6.72,drought,normal,False,0.19,0.785,0.025,7.0,0.0,0.29,10.0,
17,2026-07-07,ok,0.0706,8.21,observed,8.21,6.48,6.53,6.67,6.95,7.15,7.37,drought,normal,False,0.161,0.814,0.025,7.0,0.0,0.29,10.0,
17,2026-07-08,ok,0.0668,7.77,predicted,7.77,7.86,7.96,8.13,8.43,8.64,8.83,drought,normal,False,0.148,0.825,0.027,7.0,0.0,0.57,6.0,
17,2026-07-09,ok,0.0684,7.96,predicted,7.96,8.0,8.06,8.18,8.43,8.61,8.75,drought,normal,False,0.146,0.824,0.03,7.0,0.0,0.57,6.0,
17,2026-07-10,ok,0.0672,7.82,predicted,7.82,7.77,7.73,7.79,7.98,8.12,8.25,drought,normal,False,0.158,0.811,0.031,7.0,0.0,0.29,10.0,
17,2026-07-11,ok,0.0671,7.8,predicted,7.8,7.72,7.65,7.69,7.86,7.99,8.11,drought,normal,False,0.14,0.829,0.031,7.0,0.0,0.29,10.0,
17,2026-07-12,ok,0.0662,7.71,predicted,7.71,7.63,7.57,7.62,7.8,7.95,8.09,drought,normal,False,0.135,0.833,0.032,7.0,0.0,0.29,10.0,
17,2026-07-13,ok,0.066,7.68,predicted,7.68,7.66,7.67,7.77,8.02,8.22,7.93,drought,normal,False,0.111,0.856,0.033,7.0,0.0,0.29,10.0,
17,2026-07-14,ok,0.0666,7.75,predicted,7.75,7.76,7.79,7.94,8.21,7.93,8.63,drought,normal,False,0.093,0.873,0.034,7.0,0.0,0.29,10.0,
17,2026-07-15,ok,0.0666,7.75,predicted,7.75,7.72,7.7,7.8,7.93,8.22,8.39,drought,normal,False,0.098,0.87,0.032,7.0,0.0,0.29,10.0,
17,2026-07-16,ok,0.0664,7.73,predicted,7.73,7.7,7.7,7.93,8.05,8.25,8.44,drought,normal,False,0.115,0.856,0.029,7.0,0.0,0.29,10.0,
17,2026-07-17,ok,0.0661,7.69,predicted,7.69,7.7,7.93,7.88,8.15,8.39,8.6,drought,normal,False,0.131,0.844,0.026,7.0,0.0,0.29,10.0,
17,2026-07-18,ok,0.0653,7.6,predicted,7.6,7.93,7.68,7.84,8.13,8.36,8.59,drought,normal,False,0.097,0.875,0.029,7.0,0.0,0.29,10.0,
17,2026-07-19,ok,0.0682,7.93,observed,7.93,7.84,7.97,8.22,8.6,8.89,9.16,drought,normal,False,0.084,0.884,0.032,7.0,0.0,0.29,10.0,
17,2026-07-20,ok,0.0636,7.4,predicted,7.4,7.36,7.35,7.44,7.66,7.83,8.01,drought,normal,False,0.072,0.895,0.033,7.0,0.0,0.57,6.0,
17,2026-07-21,ok,0.063,7.34,predicted,7.34,7.27,7.24,7.29,7.5,7.64,7.8,drought,normal,False,0.094,0.874,0.032,7.0,0.0,0.57,6.0,
17,2026-07-22,ok,0.0638,7.42,predicted,7.42,7.4,7.41,7.5,7.74,7.92,8.09,drought,normal,False,0.138,0.832,0.03,7.0,0.0,0.29,10.0,
17,2026-07-23,ok,0.0637,7.41,predicted,7.41,7.33,7.29,7.32,7.5,7.62,7.75,drought,normal,False,0.169,0.801,0.03,7.0,0.0,0.29,10.0,
17,2026-07-24,ok,0.0638,7.42,predicted,7.42,7.33,7.27,7.28,7.46,7.56,7.69,drought,normal,False,0.156,0.812,0.032,7.0,0.0,0.29,10.0,
17,2026-07-25,ok,0.0638,7.43,predicted,7.43,7.32,7.26,7.26,7.43,7.52,7.64,drought,normal,False,0.155,0.813,0.033,7.0,0.0,0.29,10.0,
17,2026-07-26,ok,0.0638,7.43,predicted,7.43,7.31,7.24,7.21,7.37,7.44,7.54,drought,normal,False,0.169,0.797,0.034,7.0,0.0,0.29,10.0,
18,2026-03-25,ok,0.0025,6.35,predicted,6.35,3.72,6.16,6.11,6.23,6.25,6.31,drought,normal,False,0.167,0.572,0.261,7.0,0.0,0.29,10.0,
18,2026-03-26,ok,0.0015,3.72,observed,3.72,6.19,6.07,6.01,6.09,6.11,6.16,drought,normal,False,0.163,0.583,0.254,7.0,0.0,0.29,10.0,
18,2026-03-27,ok,0.0011,2.89,predicted,2.89,2.65,2.49,2.38,2.46,2.44,2.6,drought,normal,False,0.176,0.588,0.235,7.0,0.0,0.57,6.0,
18,2026-03-28,ok,0.001,2.58,predicted,2.58,2.39,2.28,2.22,2.35,2.36,2.56,drought,normal,False,0.202,0.599,0.199,7.0,0.0,0.57,6.0,
18,2026-03-29,ok,0.0012,3.02,predicted,3.02,2.96,2.98,2.99,3.13,3.2,3.36,drought,normal,False,0.227,0.536,0.237,7.0,0.0,0.29,10.0,
18,2026-03-30,ok,0.0012,3.05,predicted,3.05,2.96,2.95,2.93,3.06,3.1,3.24,drought,normal,False,0.234,0.525,0.241,7.0,0.0,0.29,10.0,
18,2026-03-31,ok,0.0012,3.08,predicted,3.08,3.0,2.99,2.98,3.11,3.16,3.3,drought,normal,False,0.222,0.561,0.218,7.0,0.0,0.29,10.0,
18,2026-04-01,ok,0.0012,3.04,predicted,3.04,2.94,2.93,2.91,3.04,3.08,2.0,drought,normal,False,0.196,0.583,0.22,7.0,0.0,0.29,10.0,
18,2026-04-02,ok,0.0012,3.02,predicted,3.02,2.98,3.02,3.07,3.26,2.0,3.56,drought,normal,False,0.183,0.592,0.225,7.0,0.0,0.29,10.0,
18,2026-04-03,ok,0.0012,3.08,predicted,3.08,3.17,3.31,3.55,2.0,4.13,4.42,drought,normal,False,0.239,0.541,0.22,7.0,0.0,0.29,10.0,
18,2026-04-04,ok,0.0011,2.87,predicted,2.87,2.98,3.13,2.0,3.74,4.15,4.48,drought,normal,False,0.215,0.531,0.254,7.0,0.0,0.29,10.0,
18,2026-04-05,ok,0.001,2.54,predicted,2.54,2.77,2.0,3.51,3.95,4.42,4.88,drought,normal,False,0.176,0.546,0.278,7.0,0.0,0.29,10.0,
18,2026-04-06,ok,0.001,2.46,predicted,2.46,2.0,3.05,3.39,3.86,4.2,4.65,drought,normal,False,0.13,0.497,0.372,7.0,0.0,0.29,10.0,
18,2026-04-07,ok,0.0008,2.0,observed,2.0,3.11,3.44,3.83,4.31,4.68,5.09,drought,normal,False,0.15,0.463,0.387,7.0,0.0,0.29,10.0,
18,2026-04-08,ok,0.0005,1.15,predicted,1.15,1.1,1.17,1.21,1.41,1.49,1.76,drought,overflow,False,0.113,0.362,0.525,7.0,0.0,0.57,6.0,
18,2026-04-09,ok,0.0005,1.17,predicted,1.17,1.05,1.05,1.01,1.16,1.15,1.37,drought,overflow,False,0.133,0.358,0.51,7.0,0.0,0.57,6.0,
18,2026-04-10,ok,0.0006,1.56,predicted,1.56,1.47,1.45,1.4,1.5,1.48,1.63,drought,normal,False,0.216,0.448,0.337,7.0,0.0,0.29,10.0,
18,2026-04-11,ok,0.0006,1.6,predicted,1.6,1.41,1.32,1.16,1.17,1.07,1.15,drought,normal,False,0.233,0.443,0.323,7.0,0.0,0.29,10.0,
18,2026-04-12,ok,0.0006,1.6,predicted,1.6,1.45,1.38,1.27,1.32,1.25,1.35,drought,normal,False,0.241,0.409,0.35,7.0,0.0,0.29,10.0,
18,2026-04-13,ok,0.0006,1.58,predicted,1.58,1.47,1.42,1.39,1.46,1.49,2.15,drought,normal,False,0.215,0.432,0.353,7.0,0.0,0.29,10.0,
18,2026-04-14,ok,0.0005,1.38,predicted,1.38,1.37,1.42,1.57,1.74,2.15,2.21,drought,normal,False,0.251,0.45,0.299,7.0,0.0,0.29,10.0,
18,2026-04-15,ok,0.0004,1.06,predicted,1.06,1.15,1.31,1.56,2.15,2.15,2.5,drought,normal,False,0.223,0.51,0.267,7.0,0.0,0.29,10.0,
18,2026-04-16,ok,0.0004,0.9,predicted,0.9,1.09,1.41,2.15,2.12,2.44,2.87,drought,normal,False,0.283,0.492,0.226,7.0,0.0,0.29,10.0,
18,2026-04-17,ok,0.0004,1.1,predicted,1.1,1.24,2.15,1.71,2.06,2.26,2.62,drought,normal,False,0.255,0.481,0.263,7.0,0.0,0.29,10.0,
18,2026-04-18,ok,0.0006,1.41,predicted,1.41,2.15,1.45,1.45,1.62,1.62,1.82,drought,normal,False,0.273,0.417,0.309,7.0,0.0,0.29,10.0,
18,2026-04-19,ok,0.0008,2.15,observed,2.15,1.49,1.47,1.37,1.44,1.37,1.49,drought,normal,False,0.327,0.354,0.319,7.0,0.0,0.29,10.0,
18,2026-04-20,ok,0.0007,1.85,predicted,1.85,1.65,1.55,1.38,1.38,1.27,1.33,drought,drought,True,0.344,0.343,0.314,7.0,0.0,0.57,6.0,
18,2026-04-21,ok,0.0007,1.81,predicted,1.81,1.76,1.75,1.83,1.95,2.11,2.28,drought,normal,False,0.333,0.397,0.27,7.0,0.0,0.57,6.0,
18,2026-04-22,ok,0.0006,1.46,predicted,1.46,1.39,1.39,1.47,1.6,1.78,2.0,drought,normal,False,0.289,0.454,0.257,7.0,0.0,0.29,10.0,
18,2026-04-23,ok,0.0005,1.18,predicted,1.18,1.3,1.51,1.79,2.12,2.43,2.81,drought,normal,False,0.288,0.471,0.241,7.0,0.0,0.29,10.0,
18,2026-04-24,ok,0.0005,1.18,predicted,1.18,1.38,1.68,2.02,2.42,2.76,3.18,drought,normal,False,0.298,0.48,0.223,7.0,0.0,0.29,10.0,
18,2026-04-25,ok,0.0005,1.27,predicted,1.27,1.43,1.67,1.94,2.29,2.57,1.03,drought,normal,False,0.324,0.466,0.21,7.0,0.0,0.29,10.0,
18,2026-04-26,ok,0.0005,1.34,predicted,1.34,1.37,1.51,1.62,1.85,1.03,2.25,drought,normal,False,0.289,0.456,0.255,7.0,0.0,0.29,10.0,
18,2026-04-27,ok,0.0006,1.49,predicted,1.49,1.5,1.62,1.69,1.03,2.0,2.24,drought,normal,False,0.275,0.447,0.278,7.0,0.0,0.29,10.0,
18,2026-04-28,ok,0.0006,1.62,predicted,1.62,1.66,1.74,1.03,2.12,2.31,2.56,drought,normal,False,0.279,0.443,0.278,7.0,0.0,0.29,10.0,
18,2026-04-29,ok,0.0006,1.46,predicted,1.46,1.46,1.03,1.64,1.83,2.02,2.27,drought,normal,False,0.288,0.488,0.224,7.0,0.0,0.29,10.0,
18,2026-04-30,ok,0.0005,1.25,predicted,1.25,1.03,1.59,1.89,2.22,2.57,2.93,drought,normal,False,0.285,0.515,0.2,7.0,0.0,0.29,10.0,
18,2026-05-01,ok,0.0004,1.03,observed,1.03,1.38,1.67,2.04,2.44,2.82,3.24,drought,normal,False,0.288,0.549,0.163,7.0,0.0,0.29,10.0,
18,2026-05-02,ok,0.0,0.11,predicted,0.11,0.22,0.44,0.65,0.98,1.19,1.58,drought,normal,False,0.336,0.523,0.141,7.0,0.0,0.57,6.0,
18,2026-05-03,ok,0.0001,0.28,predicted,0.28,0.29,0.42,0.5,0.73,0.79,1.09,drought,normal,False,0.384,0.456,0.16,7.0,0.0,0.57,6.0,
18,2026-05-04,ok,0.0003,0.65,predicted,0.65,0.63,0.69,0.71,0.85,0.87,1.06,drought,normal,False,0.353,0.457,0.19,7.0,0.0,0.29,10.0,
18,2026-05-05,ok,0.0003,0.74,predicted,0.74,0.63,0.57,0.49,0.54,0.49,0.61,drought,normal,False,0.329,0.455,0.215,7.0,0.0,0.29,10.0,
18,2026-05-06,ok,0.0002,0.59,predicted,0.59,0.57,0.66,0.74,0.88,1.02,1.24,drought,drought,True,0.416,0.403,0.181,7.0,0.0,0.29,10.0,
18,2026-05-07,ok,0.0002,0.49,predicted,0.49,0.44,0.45,0.52,0.65,0.78,1.57,drought,normal,False,0.352,0.461,0.187,7.0,0.0,0.29,10.0,
18,2026-05-08,ok,0.0001,0.31,predicted,0.31,0.37,0.47,0.65,0.88,1.57,1.4,drought,normal,False,0.343,0.496,0.161,7.0,0.0,0.29,10.0,
18,2026-05-09,ok,0.0,0.11,predicted,0.11,0.33,0.6,1.0,1.57,1.81,2.24,drought,normal,False,0.395,0.469,0.137,7.0,0.0,0.29,10.0,
18,2026-05-10,ok,-0.0,-0.02,predicted,-0.02,0.28,0.63,1.57,1.54,2.01,2.5,drought,normal,False,0.414,0.465,0.121,7.0,0.0,0.29,10.0,
18,2026-05-11,ok,-0.0001,-0.28,predicted,-0.28,0.38,1.57,2.18,3.06,4.08,4.88,drought,normal,False,0.287,0.496,0.217,7.0,0.0,0.29,10.0,
18,2026-05-12,ok,-0.0001,-0.34,predicted,-0.34,1.57,0.64,1.35,1.95,2.69,3.31,drought,normal,False,0.298,0.484,0.218,7.0,0.0,0.29,10.0,
18,2026-05-13,ok,0.0006,1.57,observed,1.57,0.21,0.97,1.9,2.75,3.62,4.4,drought,normal,False,0.257,0.508,0.235,7.0,0.0,0.29,10.0,
18,2026-05-14,ok,0.0,0.05,predicted,0.05,1.14,2.41,3.72,4.9,6.11,7.09,drought,normal,False,0.301,0.479,0.22,7.0,0.0,0.57,6.0,
18,2026-05-15,ok,0.0003,0.7,predicted,0.7,1.15,1.58,2.09,2.54,3.01,3.46,drought,drought,True,0.448,0.427,0.124,7.0,0.0,0.57,6.0,
18,2026-05-16,ok,0.0003,0.84,predicted,0.84,1.08,1.26,1.53,1.78,2.03,2.31,drought,drought,True,0.484,0.41,0.106,7.0,0.0,0.29,10.0,
18,2026-05-17,ok,0.0004,0.98,predicted,0.98,1.13,1.19,1.33,1.5,1.6,1.8,drought,drought,True,0.466,0.433,0.1,7.0,0.0,0.29,10.0,
18,2026-05-18,ok,0.0005,1.16,predicted,1.16,1.17,1.13,1.08,1.16,1.07,1.17,drought,normal,False,0.412,0.493,0.095,7.0,0.0,0.29,10.0,
18,2026-05-19,ok,0.0006,1.41,predicted,1.41,1.33,1.19,1.05,1.04,0.88,0.89,drought,normal,False,0.382,0.503,0.115,7.0,0.0,0.29,10.0,
18,2026-05-20,ok,0.0006,1.45,predicted,1.45,1.29,1.09,0.88,0.79,0.6,0.56,drought,normal,False,0.317,0.542,0.141,7.0,0.0,0.29,10.0,
18,2026-05-21,ok,0.0006,1.41,predicted,1.41,1.24,1.04,0.84,0.76,0.59,0.56,drought,normal,False,0.264,0.539,0.197,7.0,0.0,0.29,10.0,
18,2026-05-22,ok,0.0005,1.32,predicted,1.32,1.13,0.95,0.74,0.67,0.5,0.49,drought,normal,False,0.224,0.489,0.288,7.0,0.0,0.29,10.0,
18,2026-05-23,ok,0.0005,1.33,predicted,1.33,1.25,1.13,1.08,1.09,1.08,1.14,drought,normal,False,0.209,0.492,0.299,7.0,0.0,0.29,10.0,
18,2026-05-24,ok,0.0004,1.06,predicted,1.06,0.98,0.91,0.87,0.9,0.92,1.03,drought,normal,False,0.195,0.46,0.345,7.0,0.0,0.29,10.0,
18,2026-05-25,ok,0.0004,0.92,predicted,0.92,0.94,1.01,1.12,1.29,1.43,1.65,drought,normal,False,0.235,0.468,0.298,7.0,0.0,0.29,10.0,
18,2026-05-26,ok,0.0003,0.89,predicted,0.89,0.92,1.02,1.13,1.33,1.47,1.72,drought,normal,False,0.221,0.472,0.307,7.0,0.0,0.29,10.0,
18,2026-05-27,ok,0.0004,0.91,predicted,0.91,0.98,1.09,1.24,1.46,1.62,1.89,drought,normal,False,0.231,0.475,0.295,7.0,0.0,0.29,10.0,
18,2026-05-28,rejected,,,,,,,,,,,,,,,,,,,,,no storage data available for this tank
18,2026-05-29,rejected,,,,,,,,,,,,,,,,,,,,,no storage data available for this tank
18,2026-05-30,rejected,,,,,,,,,,,,,,,,,,,,,no storage data available for this tank
18,2026-05-31,rejected,,,,,,,,,,,,,,,,,,,,,no storage data available for this tank
18,2026-06-01,rejected,,,,,,,,,,,,,,,,,,,,,no storage data available for this tank
18,2026-06-02,rejected,,,,,,,,,,,,,,,,,,,,,no storage data available for this tank
18,2026-06-03,rejected,,,,,,,,,,,,,,,,,,,,,no storage data available for this tank
18,2026-06-04,rejected,,,,,,,,,,,,,,,,,,,,,no storage data available for this tank
18,2026-06-05,rejected,,,,,,,,,,,,,,,,,,,,,no storage data available for this tank
18,2026-06-06,rejected,,,,,,,,,,,,,,,,,,,,,no storage data available for this tank
18,2026-06-07,rejected,,,,,,,,,,,,,,,,,,,,,no storage data available for this tank
18,2026-06-08,rejected,,,,,,,,,,,,,,,,,,,,,no storage data available for this tank
18,2026-06-09,rejected,,,,,,,,,,,,,,,,,,,,,no storage data available for this tank
18,2026-06-10,rejected,,,,,,,,,,,,,,,,,,,,,no storage data available for this tank
18,2026-06-11,rejected,,,,,,,,,,,,,,,,,,,,,no storage data available for this tank
18,2026-06-12,rejected,,,,,,,,,,,,,,,,,,,,,no storage data available for this tank
18,2026-06-13,rejected,,,,,,,,,,,,,,,,,,,,,no storage data available for this tank
18,2026-06-14,rejected,,,,,,,,,,,,,,,,,,,,,no storage data available for this tank
18,2026-06-15,rejected,,,,,,,,,,,,,,,,,,,,,no storage data available for this tank
18,2026-06-16,rejected,,,,,,,,,,,,,,,,,,,,,no storage data available for this tank
18,2026-06-17,rejected,,,,,,,,,,,,,,,,,,,,,no storage data available for this tank
18,2026-06-18,rejected,,,,,,,,,,,,,,,,,,,,,no storage data available for this tank
18,2026-06-19,ok,0.0,0.07,predicted,0.07,0.04,0.02,0.04,0.12,0.17,0.44,drought,normal,False,0.34,0.532,0.128,7.0,0.0,0.29,10.0,
18,2026-06-20,ok,-0.0,-0.09,predicted,-0.09,-0.09,-0.05,0.02,0.16,0.44,0.48,drought,normal,False,0.353,0.523,0.124,7.0,0.0,0.29,10.0,
18,2026-06-21,ok,-0.0001,-0.15,predicted,-0.15,-0.11,-0.01,0.1,0.44,0.41,0.68,drought,normal,False,0.307,0.534,0.159,7.0,0.0,0.29,10.0,
18,2026-06-22,ok,-0.0001,-0.17,predicted,-0.17,-0.1,0.02,0.44,0.39,0.55,0.84,drought,normal,False,0.343,0.515,0.141,7.0,0.0,0.29,10.0,
18,2026-06-23,ok,-0.0001,-0.19,predicted,-0.19,-0.08,0.44,0.26,0.46,0.7,1.01,drought,normal,False,0.408,0.493,0.099,7.0,0.0,0.29,10.0,
18,2026-06-24,ok,-0.0001,-0.37,predicted,-0.37,0.44,-0.09,0.1,0.35,0.54,0.88,drought,normal,False,0.365,0.522,0.114,7.0,0.0,0.29,10.0,
18,2026-06-25,ok,0.0002,0.44,observed,0.44,-0.17,0.02,0.19,0.46,0.61,0.94,drought,normal,False,0.292,0.521,0.187,7.0,0.0,0.29,10.0,
18,2026-06-26,ok,-0.0,-0.01,predicted,-0.01,0.04,0.16,0.26,0.47,0.55,0.81,drought,normal,False,0.224,0.524,0.252,7.0,0.0,0.57,6.0,
18,2026-06-27,ok,0.0,0.08,predicted,0.08,0.11,0.18,0.28,0.44,0.55,0.78,drought,normal,False,0.278,0.496,0.226,7.0,0.0,0.57,6.0,
18,2026-06-28,ok,0.0,0.05,predicted,0.05,0.04,0.1,0.15,0.29,0.35,0.57,drought,normal,False,0.33,0.499,0.171,7.0,0.0,0.57,6.0,
18,2026-06-29,ok,0.0,0.1,predicted,0.1,0.12,0.17,0.25,0.41,0.48,0.71,drought,normal,False,0.324,0.528,0.148,7.0,0.0,0.57,6.0,
18,2026-06-30,ok,0.0,0.06,predicted,0.06,0.07,0.12,0.18,0.33,0.39,0.62,drought,normal,False,0.33,0.535,0.135,7.0,0.0,0.57,6.0,
18,2026-07-01,ok,0.0,0.07,predicted,0.07,0.03,0.11,0.1,0.25,0.24,4.4,drought,normal,False,0.245,0.525,0.23,7.0,0.0,0.57,6.0,
18,2026-07-02,ok,0.0001,0.24,predicted,0.24,0.18,0.23,0.17,0.3,4.4,0.39,drought,normal,False,0.225,0.475,0.3,7.0,0.0,0.57,6.0,
18,2026-07-03,ok,0.0001,0.34,predicted,0.34,0.19,0.15,-0.0,4.4,-0.13,-0.04,drought,normal,False,0.214,0.445,0.341,7.0,0.0,0.29,10.0,
18,2026-07-04,ok,0.0001,0.38,predicted,0.38,0.31,0.24,4.4,0.26,0.23,0.35,drought,normal,False,0.244,0.489,0.267,7.0,0.0,0.29,10.0,
18,2026-07-05,ok,0.0001,0.14,predicted,0.14,0.03,4.4,-0.06,-0.04,-0.03,0.12,drought,normal,False,0.239,0.539,0.222,7.0,0.0,0.29,10.0,
18,2026-07-06,ok,-0.0,-0.07,predicted,-0.07,4.4,-0.03,-0.0,0.15,0.2,0.43,drought,normal,False,0.191,0.559,0.25,7.0,0.0,0.29,10.0,
18,2026-07-07,ok,0.0017,4.4,observed,4.4,-0.06,0.06,0.13,0.34,0.39,0.65,drought,normal,False,0.19,0.538,0.272,7.0,0.0,0.29,10.0,
18,2026-07-08,ok,0.0016,4.0,predicted,4.0,4.19,4.45,4.64,4.94,5.14,5.31,drought,normal,False,0.193,0.519,0.288,7.0,0.0,0.57,6.0,
18,2026-07-09,ok,0.0017,4.44,predicted,4.44,4.59,4.81,4.95,5.21,5.38,5.51,drought,normal,False,0.212,0.488,0.3,7.0,0.0,0.57,6.0,
18,2026-07-10,ok,0.0015,3.77,predicted,3.77,3.7,3.72,3.72,3.87,3.95,4.1,drought,normal,False,0.241,0.476,0.283,7.0,0.0,0.29,10.0,
18,2026-07-11,ok,0.0015,3.75,predicted,3.75,3.66,3.65,3.65,3.79,3.87,4.02,drought,normal,False,0.217,0.485,0.298,7.0,0.0,0.29,10.0,
18,2026-07-12,ok,0.0014,3.67,predicted,3.67,3.58,3.59,3.6,3.76,3.85,4.02,drought,normal,False,0.206,0.464,0.33,7.0,0.0,0.29,10.0,
18,2026-07-13,ok,0.0014,3.64,predicted,3.64,3.6,3.66,3.71,3.91,4.03,1.71,drought,normal,False,0.168,0.456,0.375,7.0,0.0,0.29,10.0,
18,2026-07-14,ok,0.0015,3.69,predicted,3.69,3.68,3.76,3.86,4.09,1.71,4.48,drought,normal,False,0.145,0.438,0.418,7.0,0.0,0.29,10.0,
18,2026-07-15,ok,0.0014,3.68,predicted,3.68,3.64,3.7,3.77,1.71,4.12,4.33,drought,normal,False,0.149,0.469,0.382,7.0,0.0,0.29,10.0,
18,2026-07-16,ok,0.0014,3.65,predicted,3.65,3.63,3.7,1.71,4.0,4.16,4.39,drought,normal,False,0.15,0.492,0.358,7.0,0.0,0.29,10.0,
18,2026-07-17,ok,0.0014,3.61,predicted,3.61,3.62,1.71,3.81,4.05,4.23,4.47,drought,normal,False,0.169,0.518,0.313,7.0,0.0,0.29,10.0,
18,2026-07-18,ok,0.0014,3.54,predicted,3.54,1.71,3.65,3.75,4.01,4.16,4.41,drought,normal,False,0.139,0.469,0.391,7.0,0.0,0.29,10.0,
18,2026-07-19,ok,0.0007,1.71,observed,1.71,3.72,3.9,4.08,4.4,4.62,4.9,drought,overflow,False,0.141,0.401,0.457,7.0,0.0,0.29,10.0,
18,2026-07-20,ok,0.0004,0.95,predicted,0.95,0.8,0.78,0.76,0.92,0.95,1.22,drought,overflow,False,0.113,0.384,0.502,7.0,0.0,0.57,6.0,
18,2026-07-21,ok,0.0003,0.77,predicted,0.77,0.6,0.57,0.51,0.65,0.64,0.89,drought,overflow,False,0.153,0.418,0.429,7.0,0.0,0.57,6.0,
18,2026-07-22,ok,0.0004,1.14,predicted,1.14,1.1,1.17,1.19,1.36,1.4,1.61,drought,normal,False,0.239,0.448,0.313,7.0,0.0,0.29,10.0,
18,2026-07-23,ok,0.0005,1.18,predicted,1.18,1.09,1.12,1.08,1.2,1.19,1.37,drought,normal,False,0.282,0.43,0.288,7.0,0.0,0.29,10.0,
18,2026-07-24,ok,0.0005,1.22,predicted,1.22,1.1,1.1,1.03,1.14,1.1,1.25,drought,normal,False,0.257,0.425,0.318,7.0,0.0,0.29,10.0,
18,2026-07-25,ok,0.0005,1.25,predicted,1.25,1.11,1.1,1.0,1.09,1.03,1.17,drought,normal,False,0.251,0.414,0.335,7.0,0.0,0.29,10.0,
18,2026-07-26,ok,0.0005,1.26,predicted,1.26,1.11,1.09,0.98,1.06,0.98,1.11,drought,normal,False,0.259,0.381,0.36,7.0,0.0,0.29,10.0,
19,2026-03-25,ok,0.1147,67.14,predicted,67.14,62.81,66.91,66.8,66.87,66.94,66.83,overflow,drought,False,0.933,0.06,0.008,0.0,6.0,0.29,10.0,
19,2026-03-26,ok,0.1073,62.81,observed,62.81,67.01,66.89,66.76,66.81,66.87,66.76,normal,drought,False,0.948,0.042,0.01,0.0,6.0,0.29,10.0,
19,2026-03-27,ok,0.1073,62.79,predicted,62.79,62.46,62.21,62.0,61.96,61.99,61.94,normal,drought,False,0.942,0.043,0.015,0.0,0.0,0.57,6.0,
19,2026-03-28,ok,0.1067,62.45,predicted,62.45,62.13,61.88,61.67,61.63,61.66,61.62,normal,drought,False,0.889,0.092,0.019,0.0,0.0,0.57,6.0,
19,2026-03-29,ok,0.1079,63.15,predicted,63.15,63.0,62.88,62.75,62.76,62.78,62.74,normal,drought,False,0.758,0.216,0.027,0.0,0.0,0.29,10.0,
19,2026-03-30,ok,0.1079,63.17,predicted,63.17,63.03,62.92,62.8,62.82,62.85,62.82,normal,drought,False,0.716,0.26,0.024,0.0,0.0,0.29,10.0,
19,2026-03-31,ok,0.108,63.23,predicted,63.23,63.11,63.03,62.93,62.98,63.02,63.0,normal,drought,False,0.727,0.254,0.019,0.0,0.0,0.29,10.0,
19,2026-04-01,ok,0.108,63.22,predicted,63.22,63.06,62.92,62.78,62.78,62.78,61.31,normal,drought,False,0.734,0.245,0.02,0.0,0.0,0.29,10.0,
19,2026-04-02,ok,0.1081,63.25,predicted,63.25,63.1,62.97,62.84,62.85,61.31,62.83,normal,drought,False,0.733,0.24,0.028,0.0,0.0,0.29,10.0,
19,2026-04-03,ok,0.1082,63.32,predicted,63.32,63.25,63.23,63.17,61.31,63.31,63.34,normal,drought,False,0.677,0.288,0.035,0.0,0.0,0.29,10.0,
19,2026-04-04,ok,0.1079,63.16,predicted,63.16,63.1,63.1,61.31,63.16,63.23,63.28,normal,drought,False,0.771,0.207,0.023,0.0,0.0,0.29,10.0,
19,2026-04-05,ok,0.1078,63.11,predicted,63.11,63.11,61.31,63.19,63.34,63.46,63.54,normal,drought,False,0.745,0.236,0.02,0.0,0.0,0.29,10.0,
19,2026-04-06,ok,0.1077,63.06,predicted,63.06,61.31,62.81,62.69,62.7,62.72,62.69,normal,drought,False,0.702,0.282,0.016,0.0,0.0,0.29,10.0,
19,2026-04-07,ok,0.1048,61.31,observed,61.31,63.13,63.07,62.99,63.04,63.08,63.08,normal,drought,False,0.756,0.231,0.013,0.0,0.0,0.29,10.0,
19,2026-04-08,ok,0.105,61.47,predicted,61.47,61.19,60.95,60.72,60.63,60.58,60.53,normal,drought,False,0.719,0.262,0.019,0.0,0.0,0.57,6.0,
19,2026-04-09,ok,0.1049,61.4,predicted,61.4,61.17,60.99,60.82,60.78,60.78,60.76,normal,drought,False,0.739,0.249,0.012,0.0,0.0,0.57,6.0,
19,2026-04-10,ok,0.1055,61.75,predicted,61.75,61.65,61.58,61.49,61.53,61.56,61.57,normal,drought,False,0.775,0.218,0.007,0.0,0.0,0.29,10.0,
19,2026-04-11,ok,0.1054,61.68,predicted,61.68,61.49,61.32,61.14,61.08,61.05,61.0,normal,drought,False,0.757,0.237,0.006,0.0,0.0,0.29,10.0,
19,2026-04-12,ok,0.1055,61.73,predicted,61.73,61.59,61.47,61.35,61.34,61.35,61.33,normal,drought,False,0.74,0.253,0.007,0.0,0.0,0.29,10.0,
19,2026-04-13,ok,0.1056,61.79,predicted,61.79,61.72,61.68,61.63,61.7,61.75,54.12,normal,drought,False,0.792,0.202,0.006,0.0,0.0,0.29,10.0,
19,2026-04-14,ok,0.1056,61.8,predicted,61.8,61.79,61.85,61.87,62.0,54.12,62.2,normal,drought,False,0.869,0.126,0.005,0.0,0.0,0.29,10.0,
19,2026-04-15,ok,0.1054,61.71,predicted,61.71,61.68,61.7,61.69,54.12,61.86,61.94,normal,drought,False,0.901,0.095,0.004,0.0,0.0,0.29,10.0,
19,2026-04-16,ok,0.1053,61.64,predicted,61.64,61.5,61.39,54.12,61.24,61.24,61.23,normal,drought,False,0.89,0.105,0.005,0.0,0.0,0.29,10.0,
19,2026-04-17,ok,0.1053,61.64,predicted,61.64,61.45,54.12,61.09,61.03,60.99,60.94,normal,drought,False,0.881,0.114,0.005,0.0,0.0,0.29,10.0,
19,2026-04-18,ok,0.1054,61.66,predicted,61.66,54.12,61.26,61.07,61.0,60.96,60.9,normal,drought,False,0.838,0.158,0.004,0.0,0.0,0.29,10.0,
19,2026-04-19,ok,0.0925,54.12,observed,54.12,61.54,61.38,61.22,61.18,61.16,61.12,normal,drought,False,0.769,0.226,0.005,0.0,0.0,0.29,10.0,
19,2026-04-20,ok,0.0922,53.94,predicted,53.94,53.47,53.11,52.79,52.55,52.45,52.48,normal,drought,False,0.788,0.207,0.005,0.0,0.0,0.57,6.0,
19,2026-04-21,ok,0.0915,53.57,predicted,53.57,53.27,53.14,53.0,52.93,52.95,53.12,normal,drought,False,0.739,0.256,0.005,0.0,0.0,0.57,6.0,
19,2026-04-22,ok,0.0934,54.64,predicted,54.64,54.6,54.61,54.56,54.54,54.51,54.65,normal,drought,False,0.729,0.265,0.006,0.0,0.0,0.29,10.0,
19,2026-04-23,ok,0.0934,54.66,predicted,54.66,54.65,54.69,54.66,54.66,54.66,54.81,normal,drought,False,0.772,0.222,0.006,0.0,0.0,0.29,10.0,
19,2026-04-24,ok,0.0934,54.67,predicted,54.67,54.61,54.59,54.51,54.46,54.42,54.54,normal,drought,False,0.737,0.255,0.008,0.0,0.0,0.29,10.0,
19,2026-04-25,ok,0.0933,54.61,predicted,54.61,54.47,54.37,54.22,54.09,53.99,49.57,normal,drought,False,0.765,0.227,0.008,0.0,0.0,0.29,10.0,
19,2026-04-26,ok,0.0931,54.49,predicted,54.49,54.27,54.07,53.84,53.64,49.57,53.5,normal,drought,False,0.851,0.144,0.005,0.0,0.0,0.29,10.0,
19,2026-04-27,ok,0.0933,54.6,predicted,54.6,54.47,54.38,54.23,49.57,54.03,54.1,normal,drought,False,0.862,0.132,0.005,0.0,0.0,0.29,10.0,
19,2026-04-28,ok,0.0935,54.75,predicted,54.75,54.76,54.83,49.57,54.86,54.88,55.04,normal,drought,False,0.874,0.122,0.004,0.0,0.0,0.29,10.0,
19,2026-04-29,ok,0.0934,54.63,predicted,54.63,54.61,49.57,54.59,54.58,54.56,54.7,normal,drought,False,0.814,0.181,0.004,0.0,0.0,0.29,10.0,
19,2026-04-30,ok,0.0934,54.65,predicted,54.65,49.57,54.79,54.82,54.86,54.9,55.09,normal,drought,False,0.738,0.256,0.006,0.0,0.0,0.29,10.0,
19,2026-05-01,ok,0.0847,49.57,observed,49.57,54.7,54.8,54.82,54.87,54.89,55.08,normal,drought,False,0.694,0.298,0.008,0.0,0.0,0.29,10.0,
19,2026-05-02,ok,0.0845,49.44,predicted,49.44,49.08,48.82,48.53,48.25,48.08,48.15,normal,drought,False,0.63,0.361,0.009,0.0,0.0,0.57,6.0,
19,2026-05-03,ok,0.0839,49.1,predicted,49.1,48.76,48.5,48.22,47.95,47.79,47.86,normal,drought,False,0.719,0.274,0.008,0.0,0.0,0.57,6.0,
19,2026-05-04,ok,0.0855,50.04,predicted,50.04,49.97,49.94,49.83,49.71,49.61,49.72,normal,drought,False,0.883,0.113,0.004,0.0,0.0,0.29,10.0,
19,2026-05-05,ok,0.0854,49.99,predicted,49.99,49.88,49.79,49.64,49.48,49.35,49.43,normal,drought,False,0.889,0.107,0.004,0.0,0.0,0.29,10.0,
19,2026-05-06,ok,0.0857,50.14,predicted,50.14,50.16,50.25,50.24,50.22,50.19,50.37,normal,drought,False,0.89,0.105,0.004,0.0,0.0,0.29,10.0,
19,2026-05-07,ok,0.0853,49.95,predicted,49.95,49.91,49.91,49.84,49.76,49.7,58.48,normal,drought,False,0.904,0.093,0.003,0.0,0.0,0.29,10.0,
19,2026-05-08,ok,0.0856,50.09,predicted,50.09,50.2,50.38,50.47,50.53,58.48,50.82,normal,drought,False,0.897,0.1,0.003,0.0,0.0,0.29,10.0,
19,2026-05-09,ok,0.0856,50.07,predicted,50.07,50.17,50.34,50.41,58.48,50.49,50.74,normal,drought,False,0.861,0.135,0.004,0.0,0.0,0.29,10.0,
19,2026-05-10,ok,0.0856,50.08,predicted,50.08,50.2,50.4,58.48,50.56,50.61,50.87,normal,drought,False,0.869,0.127,0.004,0.0,0.0,0.29,10.0,
19,2026-05-11,ok,0.0857,50.14,predicted,50.14,50.44,58.48,51.23,51.47,51.71,52.11,normal,drought,False,0.583,0.391,0.026,0.0,0.0,0.29,10.0,
19,2026-05-12,ok,0.0858,50.24,predicted,50.24,58.48,51.6,52.19,52.69,53.13,53.68,normal,drought,False,0.89,0.101,0.009,0.0,0.0,0.29,10.0,
19,2026-05-13,ok,0.0999,58.48,observed,58.48,50.51,51.02,51.37,51.65,51.89,52.28,normal,drought,False,0.861,0.128,0.011,0.0,0.0,0.29,10.0,
19,2026-05-14,ok,0.1026,60.06,predicted,60.06,61.14,62.2,63.01,63.73,64.19,64.68,normal,drought,False,0.823,0.162,0.015,0.0,1.0,0.57,6.0,
19,2026-05-15,ok,0.1035,60.57,predicted,60.57,61.18,61.73,62.06,62.37,62.47,62.66,normal,drought,False,0.826,0.164,0.01,0.0,0.0,0.57,6.0,
19,2026-05-16,ok,0.1006,58.88,predicted,58.88,58.73,58.63,58.43,58.28,58.15,58.15,normal,drought,False,0.777,0.215,0.008,0.0,0.0,0.29,10.0,
19,2026-05-17,ok,0.1004,58.74,predicted,58.74,58.48,58.24,57.94,57.71,57.51,57.44,normal,drought,False,0.853,0.142,0.004,0.0,0.0,0.29,10.0,
19,2026-05-18,ok,0.1003,58.72,predicted,58.72,58.43,58.15,57.83,57.59,57.41,57.31,normal,drought,False,0.897,0.101,0.003,0.0,0.0,0.29,10.0,
19,2026-05-19,ok,0.1005,58.84,predicted,58.84,58.62,58.43,58.2,58.05,57.93,57.89,normal,drought,False,0.895,0.103,0.002,0.0,0.0,0.29,10.0,
19,2026-05-20,ok,0.1005,58.84,predicted,58.84,58.65,58.5,58.3,58.19,58.12,58.1,normal,drought,False,0.943,0.055,0.002,0.0,0.0,0.29,10.0,
19,2026-05-21,ok,0.1006,58.88,predicted,58.88,58.77,58.7,58.6,58.57,58.56,58.59,normal,drought,False,0.935,0.063,0.002,0.0,0.0,0.29,10.0,
19,2026-05-22,ok,0.1006,58.85,predicted,58.85,58.71,58.6,58.47,58.42,58.39,58.41,normal,drought,False,0.91,0.088,0.002,0.0,0.0,0.29,10.0,
19,2026-05-23,ok,0.1009,59.04,predicted,59.04,59.08,59.19,59.25,59.38,59.48,59.64,normal,drought,False,0.917,0.081,0.002,0.0,0.0,0.29,10.0,
19,2026-05-24,ok,0.1006,58.85,predicted,58.85,58.73,58.65,58.54,58.51,58.49,58.54,normal,drought,False,0.9,0.097,0.003,0.0,0.0,0.29,10.0,
19,2026-05-25,ok,0.1006,58.89,predicted,58.89,58.82,58.8,58.74,58.76,58.78,58.87,normal,drought,False,0.93,0.067,0.003,0.0,0.0,0.29,10.0,
19,2026-05-26,ok,0.1006,58.89,predicted,58.89,58.81,58.79,58.73,58.74,58.77,58.85,normal,drought,False,0.915,0.082,0.003,0.0,0.0,0.29,10.0,
19,2026-05-27,ok,0.1007,58.94,predicted,58.94,58.88,58.86,58.81,58.83,58.85,58.93,normal,drought,False,0.936,0.061,0.003,0.0,0.0,0.29,10.0,
19,2026-05-28,rejected,,,,,,,,,,,,,,,,,,,,,no storage data available for this tank
19,2026-05-29,rejected,,,,,,,,,,,,,,,,,,,,,no storage data available for this tank
19,2026-05-30,rejected,,,,,,,,,,,,,,,,,,,,,no storage data available for this tank
19,2026-05-31,rejected,,,,,,,,,,,,,,,,,,,,,no storage data available for this tank
19,2026-06-01,rejected,,,,,,,,,,,,,,,,,,,,,no storage data available for this tank
19,2026-06-02,rejected,,,,,,,,,,,,,,,,,,,,,no storage data available for this tank
19,2026-06-03,rejected,,,,,,,,,,,,,,,,,,,,,no storage data available for this tank
19,2026-06-04,rejected,,,,,,,,,,,,,,,,,,,,,no storage data available for this tank
19,2026-06-05,rejected,,,,,,,,,,,,,,,,,,,,,no storage data available for this tank
19,2026-06-06,rejected,,,,,,,,,,,,,,,,,,,,,no storage data available for this tank
19,2026-06-07,ok,0.0754,44.15,predicted,44.15,44.18,44.25,44.24,44.18,44.13,44.31,normal,drought,False,0.87,0.125,0.005,0.0,0.0,0.29,10.0,
19,2026-06-08,ok,0.0755,44.17,predicted,44.17,44.18,44.25,44.23,44.16,44.1,44.28,normal,drought,False,0.885,0.11,0.005,0.0,0.0,0.29,10.0,
19,2026-06-09,ok,0.0753,44.05,predicted,44.05,44.0,43.99,43.91,43.77,43.67,43.81,normal,drought,False,0.887,0.107,0.006,0.0,0.0,0.29,10.0,
19,2026-06-10,ok,0.0752,44.01,predicted,44.01,43.97,43.96,43.88,43.76,43.66,43.81,normal,drought,False,0.857,0.135,0.007,0.0,0.0,0.29,10.0,
19,2026-06-11,ok,0.0754,44.11,predicted,44.11,44.14,44.21,44.21,44.16,44.12,44.3,normal,drought,False,0.851,0.142,0.007,0.0,0.0,0.29,10.0,
19,2026-06-12,ok,0.0755,44.18,predicted,44.18,44.24,44.36,44.39,44.36,44.34,48.81,normal,drought,False,0.875,0.12,0.005,0.0,0.0,0.29,10.0,
19,2026-06-13,ok,0.0758,44.35,predicted,44.35,44.64,45.06,45.34,45.52,48.81,46.09,normal,drought,False,0.887,0.105,0.008,0.0,0.0,0.29,10.0,
19,2026-06-14,ok,0.0751,43.96,predicted,43.96,44.01,44.12,44.14,48.81,44.06,44.28,normal,drought,False,0.897,0.099,0.005,0.0,0.0,0.29,10.0,
19,2026-06-15,ok,0.0752,44.0,predicted,44.0,44.01,44.07,48.81,43.95,43.88,44.06,normal,drought,False,0.892,0.104,0.005,0.0,0.0,0.29,10.0,
19,2026-06-16,ok,0.0753,44.07,predicted,44.07,44.08,48.81,44.1,44.01,43.94,44.1,normal,drought,False,0.879,0.116,0.006,0.0,0.0,0.29,10.0,
19,2026-06-17,ok,0.0752,44.01,predicted,44.01,48.81,43.93,43.83,43.69,43.56,43.68,normal,drought,False,0.892,0.103,0.005,0.0,0.0,0.29,10.0,
19,2026-06-18,ok,0.0834,48.81,observed,48.81,44.12,44.16,44.12,44.03,43.95,44.11,normal,drought,False,0.919,0.078,0.003,0.0,0.0,0.29,10.0,
19,2026-06-19,ok,0.085,49.77,predicted,49.77,50.05,50.31,50.43,50.51,50.5,45.85,normal,drought,False,0.914,0.083,0.003,0.0,0.0,0.57,6.0,
19,2026-06-20,ok,0.0856,50.11,predicted,50.11,50.35,50.56,50.65,50.69,45.85,50.82,normal,drought,False,0.928,0.068,0.003,0.0,0.0,0.57,6.0,
19,2026-06-21,ok,0.0841,49.21,predicted,49.21,49.17,49.18,49.11,45.85,48.94,49.09,normal,drought,False,0.934,0.062,0.003,0.0,0.0,0.29,10.0,
19,2026-06-22,ok,0.0842,49.26,predicted,49.26,49.27,49.35,45.85,49.3,49.27,49.46,normal,drought,False,0.928,0.068,0.004,0.0,0.0,0.29,10.0,
19,2026-06-23,ok,0.0843,49.35,predicted,49.35,49.44,45.85,49.66,49.68,49.7,49.94,normal,drought,False,0.921,0.075,0.004,0.0,0.0,0.29,10.0,
19,2026-06-24,ok,0.0838,49.05,predicted,49.05,45.85,48.83,48.66,48.48,48.33,48.43,normal,drought,False,0.925,0.071,0.004,0.0,0.0,0.29,10.0,
19,2026-06-25,ok,0.0783,45.85,observed,45.85,49.13,49.14,49.07,48.98,48.91,49.06,normal,drought,False,0.93,0.066,0.004,0.0,0.0,0.29,10.0,
19,2026-06-26,ok,0.0781,45.7,predicted,45.7,45.43,45.27,45.07,44.85,44.74,44.87,normal,drought,False,0.924,0.072,0.004,0.0,0.0,0.57,6.0,
19,2026-06-27,ok,0.0774,45.31,predicted,45.31,45.04,44.89,44.69,44.47,44.36,44.49,normal,drought,False,0.921,0.075,0.004,0.0,0.0,0.57,6.0,
19,2026-06-28,ok,0.0765,44.79,predicted,44.79,44.48,44.27,44.02,43.75,43.59,43.7,normal,drought,False,0.908,0.089,0.004,0.0,0.0,0.57,6.0,
19,2026-06-29,ok,0.0759,44.44,predicted,44.44,44.16,43.98,43.76,43.52,43.38,43.5,normal,drought,False,0.908,0.088,0.003,0.0,0.0,0.57,6.0,
19,2026-06-30,ok,0.075,43.91,predicted,43.91,43.55,43.29,43.0,42.68,42.49,42.56,normal,drought,False,0.901,0.096,0.003,0.0,0.0,0.57,6.0,
19,2026-07-01,ok,0.0742,43.44,predicted,43.44,43.09,42.82,42.53,42.22,42.03,48.05,normal,drought,False,0.898,0.098,0.004,0.0,0.0,0.57,6.0,
19,2026-07-02,ok,0.0737,43.16,predicted,43.16,42.88,42.69,42.47,42.23,48.05,42.2,normal,drought,False,0.864,0.131,0.005,0.0,0.0,0.57,6.0,
19,2026-07-03,ok,0.0791,46.29,predicted,46.29,46.24,46.21,46.11,48.05,45.87,45.97,normal,drought,False,0.816,0.177,0.007,0.0,0.0,0.29,10.0,
19,2026-07-04,ok,0.0794,46.47,predicted,46.47,46.5,46.56,48.05,46.48,46.41,46.57,normal,drought,False,0.837,0.156,0.007,0.0,0.0,0.29,10.0,
19,2026-07-05,ok,0.0789,46.2,predicted,46.2,46.03,48.05,45.67,45.42,45.22,45.27,normal,drought,False,0.852,0.142,0.007,0.0,0.0,0.29,10.0,
19,2026-07-06,ok,0.0789,46.19,predicted,46.19,48.05,46.02,45.87,45.71,45.57,45.66,normal,drought,False,0.854,0.138,0.008,0.0,0.0,0.29,10.0,
19,2026-07-07,ok,0.0821,48.05,observed,48.05,46.26,46.25,46.18,46.08,46.0,46.13,normal,drought,False,0.817,0.173,0.01,0.0,0.0,0.29,10.0,
19,2026-07-08,ok,0.0833,48.76,predicted,48.76,48.82,48.87,48.84,48.79,48.71,48.83,normal,drought,False,0.743,0.245,0.012,0.0,0.0,0.57,6.0,
19,2026-07-09,ok,0.0837,48.96,predicted,48.96,49.0,49.02,48.96,48.89,48.79,48.89,normal,drought,False,0.653,0.33,0.017,0.0,0.0,0.57,6.0,
19,2026-07-10,ok,0.083,48.55,predicted,48.55,48.44,48.35,48.2,48.03,47.89,47.97,normal,drought,False,0.588,0.39,0.021,0.0,0.0,0.29,10.0,
19,2026-07-11,ok,0.083,48.55,predicted,48.55,48.47,48.41,48.29,48.15,48.03,48.14,normal,drought,False,0.504,0.468,0.028,0.0,0.0,0.29,10.0,
19,2026-07-12,ok,0.0829,48.53,predicted,48.53,48.44,48.36,48.23,48.09,47.96,48.06,normal,normal,True,0.421,0.542,0.037,0.0,0.0,0.29,10.0,
19,2026-07-13,ok,0.083,48.55,predicted,48.55,48.48,48.44,48.34,48.22,48.12,53.78,normal,normal,True,0.363,0.603,0.034,0.0,0.0,0.29,10.0,
19,2026-07-14,ok,0.083,48.58,predicted,48.58,48.52,48.49,48.38,48.27,53.78,48.28,normal,normal,True,0.24,0.714,0.046,0.0,0.0,0.29,10.0,
19,2026-07-15,ok,0.0829,48.52,predicted,48.52,48.42,48.34,48.19,53.78,47.89,47.99,normal,normal,True,0.235,0.719,0.046,0.0,0.0,0.29,10.0,
19,2026-07-16,ok,0.0829,48.52,predicted,48.52,48.43,48.36,53.78,48.09,47.97,48.08,normal,normal,True,0.333,0.635,0.033,0.0,0.0,0.29,10.0,
19,2026-07-17,ok,0.0829,48.51,predicted,48.51,48.43,53.78,48.26,48.13,48.02,48.14,normal,drought,False,0.635,0.347,0.018,0.0,0.0,0.29,10.0,
19,2026-07-18,ok,0.0828,48.47,predicted,48.47,53.78,48.3,48.17,48.02,47.91,48.01,normal,drought,False,0.591,0.388,0.02,0.0,0.0,0.29,10.0,
19,2026-07-19,ok,0.0919,53.78,observed,53.78,48.57,48.58,48.51,48.43,48.36,48.5,normal,normal,True,0.428,0.544,0.028,0.0,0.0,0.29,10.0,
19,2026-07-20,ok,0.0937,54.84,predicted,54.84,55.03,55.16,55.19,55.22,55.17,55.26,normal,normal,True,0.442,0.532,0.026,0.0,0.0,0.57,6.0,
19,2026-07-21,ok,0.0945,55.32,predicted,55.32,55.51,55.63,55.66,55.7,55.66,55.75,normal,normal,True,0.478,0.503,0.019,0.0,0.0,0.57,6.0,
19,2026-07-22,ok,0.0928,54.34,predicted,54.34,54.24,54.15,54.03,53.94,53.87,53.94,normal,drought,False,0.522,0.462,0.017,0.0,0.0,0.29,10.0,
19,2026-07-23,ok,0.0928,54.3,predicted,54.3,54.16,54.03,53.87,53.74,53.64,53.69,normal,drought,False,0.561,0.425,0.014,0.0,0.0,0.29,10.0,
19,2026-07-24,ok,0.0928,54.32,predicted,54.32,54.2,54.09,53.94,53.84,53.76,53.81,normal,drought,False,0.542,0.442,0.015,0.0,0.0,0.29,10.0,
19,2026-07-25,ok,0.0929,54.34,predicted,54.34,54.22,54.11,53.97,53.86,53.78,53.83,normal,normal,True,0.491,0.492,0.017,0.0,0.0,0.29,10.0,
19,2026-07-26,ok,0.0929,54.34,predicted,54.34,54.2,54.06,53.89,53.76,53.65,53.69,normal,normal,True,0.468,0.512,0.021,0.0,0.0,0.29,10.0,
20,2026-03-25,ok,0.0253,54.15,predicted,54.15,53.87,53.83,53.61,53.4,53.19,53.14,normal,normal,True,0.341,0.49,0.169,0.0,0.0,0.29,10.0,
20,2026-03-26,ok,0.0252,53.87,observed,53.87,54.02,53.81,53.58,53.38,53.17,53.12,normal,normal,True,0.366,0.508,0.126,0.0,0.0,0.29,10.0,
20,2026-03-27,ok,0.0255,54.44,predicted,54.44,54.37,54.2,54.01,53.84,53.65,53.62,normal,normal,True,0.381,0.53,0.089,0.0,0.0,0.57,6.0,
20,2026-03-28,ok,0.0255,54.48,predicted,54.48,54.41,54.24,54.06,53.9,53.71,53.68,normal,normal,True,0.375,0.52,0.105,0.0,0.0,0.57,6.0,
20,2026-03-29,ok,0.0254,54.39,predicted,54.39,54.29,54.08,53.87,53.68,53.48,53.43,normal,normal,True,0.362,0.548,0.09,0.0,0.0,0.29,10.0,
20,2026-03-30,ok,0.0254,54.43,predicted,54.43,54.35,54.17,53.99,53.82,53.63,53.61,normal,normal,True,0.346,0.566,0.088,0.0,0.0,0.29,10.0,
20,2026-03-31,ok,0.0255,54.47,predicted,54.47,54.41,54.25,54.08,53.93,53.76,53.75,normal,normal,True,0.339,0.568,0.093,0.0,0.0,0.29,10.0,
20,2026-04-01,ok,0.0255,54.45,predicted,54.45,54.36,54.16,53.96,53.78,53.58,69.51,normal,normal,True,0.324,0.569,0.107,0.0,0.0,0.29,10.0,
20,2026-04-02,ok,0.0255,54.46,predicted,54.46,54.37,54.18,53.98,53.81,69.51,53.58,normal,normal,True,0.315,0.58,0.105,0.0,0.0,0.29,10.0,
20,2026-04-03,ok,0.0255,54.5,predicted,54.5,54.46,54.34,54.2,69.51,53.91,53.94,normal,normal,True,0.388,0.544,0.068,0.0,0.0,0.29,10.0,
20,2026-04-04,ok,0.0254,54.31,predicted,54.31,54.29,54.23,69.51,54.05,53.93,54.01,normal,normal,True,0.409,0.531,0.059,0.0,0.0,0.29,10.0,
20,2026-04-05,ok,0.0254,54.31,predicted,54.31,54.44,69.51,54.59,54.64,54.63,54.78,normal,normal,True,0.414,0.524,0.061,0.0,0.0,0.29,10.0,
20,2026-04-06,ok,0.0254,54.33,predicted,54.33,69.51,54.36,54.32,54.27,54.2,54.26,normal,normal,True,0.38,0.554,0.066,0.0,0.0,0.29,10.0,
20,2026-04-07,ok,0.0325,69.51,observed,69.51,54.44,54.35,54.22,54.1,53.96,53.98,normal,normal,True,0.412,0.525,0.063,0.0,0.0,0.29,10.0,
20,2026-04-08,ok,0.0335,71.6,predicted,71.6,71.99,72.05,72.0,71.95,71.73,71.39,normal,normal,True,0.379,0.562,0.059,0.0,0.0,0.57,6.0,
20,2026-04-09,ok,0.0341,72.96,predicted,72.96,73.35,73.43,73.38,73.34,73.15,72.78,normal,normal,True,0.338,0.614,0.048,0.0,0.0,0.57,6.0,
20,2026-04-10,ok,0.0328,70.11,predicted,70.11,69.94,69.67,69.44,69.37,69.31,69.02,normal,normal,True,0.331,0.63,0.039,0.0,0.0,0.29,10.0,
20,2026-04-11,ok,0.0327,70.05,predicted,70.05,69.78,69.41,69.07,68.92,68.79,68.44,normal,normal,True,0.302,0.662,0.036,0.0,0.0,0.29,10.0,
20,2026-04-12,ok,0.0328,70.09,predicted,70.09,69.85,69.51,69.2,69.07,68.96,68.64,normal,normal,True,0.319,0.642,0.038,0.0,0.0,0.29,10.0,
20,2026-04-13,ok,0.0328,70.12,predicted,70.12,69.95,69.69,69.46,69.4,69.34,46.48,normal,normal,True,0.364,0.592,0.044,0.0,0.0,0.29,10.0,
20,2026-04-14,ok,0.0327,70.04,predicted,70.04,69.91,69.71,69.52,69.5,46.48,69.23,normal,normal,True,0.4,0.554,0.046,0.0,0.0,0.29,10.0,
20,2026-04-15,ok,0.0327,69.93,predicted,69.93,69.87,69.73,69.61,46.48,69.66,69.47,normal,normal,True,0.397,0.552,0.05,0.0,0.0,0.29,10.0,
20,2026-04-16,ok,0.0327,69.98,predicted,69.98,69.88,69.69,46.48,69.53,69.51,69.29,normal,normal,True,0.388,0.545,0.067,0.0,0.0,0.29,10.0,
20,2026-04-17,ok,0.0327,70.01,predicted,70.01,69.8,46.48,69.2,69.09,68.99,68.69,normal,normal,True,0.338,0.599,0.063,0.0,0.0,0.29,10.0,
20,2026-04-18,ok,0.0327,70.04,predicted,70.04,46.48,69.36,69.01,68.84,68.7,68.34,normal,normal,True,0.303,0.654,0.043,0.0,0.0,0.29,10.0,
20,2026-04-19,ok,0.0217,46.48,observed,46.48,69.85,69.47,69.13,68.96,68.83,68.48,normal,normal,True,0.265,0.705,0.029,0.0,0.0,0.29,10.0,
20,2026-04-20,ok,0.0208,44.41,predicted,44.41,43.33,42.35,41.55,40.83,40.43,40.28,normal,normal,True,0.279,0.691,0.03,0.0,0.0,0.57,6.0,
20,2026-04-21,ok,0.0199,42.6,predicted,42.6,41.56,40.7,39.99,39.32,38.99,38.92,normal,normal,True,0.327,0.644,0.029,0.0,0.0,0.57,6.0,
20,2026-04-22,ok,0.0219,46.74,predicted,46.74,46.8,46.78,46.74,46.65,46.53,46.64,normal,normal,True,0.304,0.666,0.03,0.0,0.0,0.29,10.0,
20,2026-04-23,ok,0.0219,46.84,predicted,46.84,46.99,47.08,47.12,47.11,47.06,47.22,normal,normal,True,0.312,0.656,0.032,0.0,0.0,0.29,10.0,
20,2026-04-24,ok,0.0219,46.81,predicted,46.81,46.87,46.85,46.79,46.67,46.54,46.63,normal,normal,True,0.279,0.687,0.033,0.0,0.0,0.29,10.0,
20,2026-04-25,ok,0.0219,46.77,predicted,46.77,46.75,46.64,46.51,46.32,46.13,46.8,normal,normal,True,0.29,0.674,0.036,0.0,0.0,0.29,10.0,
20,2026-04-26,ok,0.0218,46.72,predicted,46.72,46.66,46.5,46.32,46.09,46.8,45.87,normal,normal,True,0.272,0.687,0.041,0.0,0.0,0.29,10.0,
20,2026-04-27,ok,0.0219,46.87,predicted,46.87,46.85,46.74,46.6,46.8,46.21,46.23,normal,normal,True,0.3,0.652,0.048,0.0,0.0,0.29,10.0,
20,2026-04-28,ok,0.0219,46.81,predicted,46.81,46.76,46.65,46.8,46.28,46.07,46.11,normal,normal,True,0.346,0.612,0.042,0.0,0.0,0.29,10.0,
20,2026-04-29,ok,0.0219,46.74,predicted,46.74,46.77,46.8,46.65,46.52,46.37,46.44,normal,normal,True,0.315,0.653,0.032,0.0,0.0,0.29,10.0,
20,2026-04-30,ok,0.0219,46.76,predicted,46.76,46.8,46.89,46.89,46.83,46.74,46.88,normal,normal,True,0.288,0.681,0.031,0.0,0.0,0.29,10.0,
20,2026-05-01,ok,0.0219,46.8,observed,46.8,46.93,47.05,47.11,47.11,47.07,47.24,normal,normal,True,0.277,0.689,0.034,0.0,0.0,0.29,10.0,
20,2026-05-02,ok,0.022,47.11,predicted,47.11,47.21,47.22,47.19,47.11,46.99,47.09,normal,normal,True,0.26,0.707,0.033,0.0,0.0,0.57,6.0,
20,2026-05-03,ok,0.0221,47.18,predicted,47.18,47.18,47.07,46.93,46.74,46.54,46.56,normal,normal,True,0.293,0.673,0.035,0.0,0.0,0.57,6.0,
20,2026-05-04,ok,0.022,47.15,predicted,47.15,47.08,46.92,46.72,46.48,46.23,46.22,normal,normal,True,0.403,0.553,0.045,0.0,0.0,0.29,10.0,
20,2026-05-05,ok,0.022,47.11,predicted,47.11,47.02,46.83,46.62,46.37,46.11,46.09,normal,normal,True,0.417,0.539,0.044,0.0,0.0,0.29,10.0,
20,2026-05-06,ok,0.022,47.15,predicted,47.15,47.17,47.12,47.03,46.89,46.72,46.79,normal,normal,True,0.455,0.505,0.04,0.0,0.0,0.29,10.0,
20,2026-05-07,ok,0.022,47.08,predicted,47.08,47.13,47.1,47.04,46.94,46.81,46.65,normal,normal,True,0.445,0.518,0.037,0.0,0.0,0.29,10.0,
20,2026-05-08,ok,0.022,47.17,predicted,47.17,47.3,47.37,47.39,47.36,46.65,47.44,normal,normal,True,0.443,0.522,0.035,0.0,0.0,0.29,10.0,
20,2026-05-09,ok,0.022,47.07,predicted,47.07,47.14,47.18,47.17,46.65,46.99,47.13,normal,normal,True,0.39,0.576,0.034,0.0,0.0,0.29,10.0,
20,2026-05-10,ok,0.022,47.07,predicted,47.07,47.25,47.41,46.65,47.53,47.51,47.71,normal,normal,True,0.415,0.547,0.038,0.0,0.0,0.29,10.0,
20,2026-05-11,ok,0.022,47.11,predicted,47.11,47.47,46.65,48.19,48.39,48.56,48.89,normal,normal,True,0.454,0.491,0.055,0.0,0.0,0.29,10.0,
20,2026-05-12,ok,0.022,47.17,predicted,47.17,46.65,48.48,49.04,49.48,49.84,50.31,normal,normal,True,0.447,0.496,0.057,0.0,0.0,0.29,10.0,
20,2026-05-13,ok,0.0218,46.65,observed,46.65,47.66,48.18,48.59,48.89,49.11,49.48,normal,normal,True,0.426,0.513,0.062,0.0,0.0,0.29,10.0,
20,2026-05-14,ok,0.022,47.15,predicted,47.15,47.76,48.43,48.93,49.29,49.58,50.0,normal,normal,True,0.441,0.504,0.055,0.0,0.0,0.57,6.0,
20,2026-05-15,ok,0.022,46.97,predicted,46.97,47.31,47.63,47.83,47.92,47.97,48.2,normal,normal,True,0.385,0.572,0.043,0.0,0.0,0.57,6.0,
20,2026-05-16,ok,0.0219,46.85,predicted,46.85,46.94,46.99,46.92,46.77,46.6,46.67,normal,normal,True,0.368,0.583,0.049,0.0,0.0,0.29,10.0,
20,2026-05-17,ok,0.0219,46.8,predicted,46.8,46.78,46.68,46.5,46.25,46.0,45.98,normal,normal,True,0.405,0.535,0.06,0.0,0.0,0.29,10.0,
20,2026-05-18,ok,0.0219,46.84,predicted,46.84,46.75,46.55,46.29,45.98,45.66,45.58,normal,normal,True,0.429,0.494,0.077,0.0,0.0,0.29,10.0,
20,2026-05-19,ok,0.0219,46.89,predicted,46.89,46.74,46.48,46.16,45.8,45.44,45.33,normal,normal,True,0.442,0.451,0.107,0.0,0.0,0.29,10.0,
20,2026-05-20,ok,0.0219,46.87,predicted,46.87,46.72,46.44,46.13,45.78,45.44,45.33,normal,normal,True,0.399,0.44,0.16,0.0,0.0,0.29,10.0,
20,2026-05-21,ok,0.0219,46.93,predicted,46.93,46.85,46.67,46.45,46.19,45.93,45.89,normal,normal,True,0.348,0.422,0.229,0.0,0.0,0.29,10.0,
20,2026-05-22,ok,0.0219,46.93,predicted,46.93,46.86,46.7,46.51,46.27,46.03,46.01,normal,normal,True,0.282,0.401,0.317,0.0,0.0,0.29,10.0,
20,2026-05-23,ok,0.022,47.03,predicted,47.03,47.05,47.01,46.92,46.78,46.62,46.69,normal,normal,True,0.285,0.379,0.336,0.0,0.0,0.29,10.0,
20,2026-05-24,ok,0.0219,46.85,predicted,46.85,46.82,46.71,46.58,46.39,46.2,46.25,normal,overflow,False,0.25,0.352,0.398,0.0,0.0,0.29,10.0,
20,2026-05-25,ok,0.0219,46.94,predicted,46.94,47.01,47.03,47.0,46.92,46.82,46.93,normal,normal,True,0.3,0.38,0.32,0.0,0.0,0.29,10.0,
20,2026-05-26,ok,0.0219,46.93,predicted,46.93,47.0,46.99,46.95,46.85,46.74,46.84,normal,normal,True,0.333,0.401,0.266,0.0,0.0,0.29,10.0,
20,2026-05-27,ok,0.022,46.96,predicted,46.96,47.01,46.99,46.94,46.82,46.69,46.78,normal,normal,True,0.373,0.408,0.219,0.0,0.0,0.29,10.0,
20,2026-05-28,rejected,,,,,,,,,,,,,,,,,,,,,no storage data available for this tank
20,2026-05-29,rejected,,,,,,,,,,,,,,,,,,,,,no storage data available for this tank
20,2026-05-30,rejected,,,,,,,,,,,,,,,,,,,,,no storage data available for this tank
20,2026-05-31,rejected,,,,,,,,,,,,,,,,,,,,,no storage data available for this tank
20,2026-06-01,rejected,,,,,,,,,,,,,,,,,,,,,no storage data available for this tank
20,2026-06-02,rejected,,,,,,,,,,,,,,,,,,,,,no storage data available for this tank
20,2026-06-03,rejected,,,,,,,,,,,,,,,,,,,,,no storage data available for this tank
20,2026-06-04,rejected,,,,,,,,,,,,,,,,,,,,,no storage data available for this tank
20,2026-06-05,rejected,,,,,,,,,,,,,,,,,,,,,no storage data available for this tank
20,2026-06-06,rejected,,,,,,,,,,,,,,,,,,,,,no storage data available for this tank
20,2026-06-07,ok,0.0249,53.32,predicted,53.32,53.33,53.25,53.15,53.05,52.92,52.96,normal,normal,True,0.457,0.491,0.052,0.0,0.0,0.29,10.0,
20,2026-06-08,ok,0.0249,53.28,predicted,53.28,53.24,53.13,52.98,52.84,52.67,52.7,normal,drought,False,0.478,0.473,0.049,0.0,0.0,0.29,10.0,
20,2026-06-09,ok,0.0249,53.2,predicted,53.2,53.16,53.04,52.9,52.76,52.59,52.63,normal,drought,False,0.485,0.465,0.05,0.0,0.0,0.29,10.0,
20,2026-06-10,ok,0.0249,53.2,predicted,53.2,53.19,53.09,52.97,52.86,52.72,52.75,normal,normal,True,0.458,0.494,0.049,0.0,0.0,0.29,10.0,
20,2026-06-11,ok,0.0249,53.28,predicted,53.28,53.27,53.18,53.08,52.96,52.83,52.86,normal,normal,True,0.448,0.506,0.047,0.0,0.0,0.29,10.0,
20,2026-06-12,ok,0.0249,53.3,predicted,53.3,53.29,53.21,53.09,52.97,52.82,41.63,normal,normal,True,0.477,0.479,0.043,0.0,0.0,0.29,10.0,
20,2026-06-13,ok,0.0249,53.25,predicted,53.25,53.39,53.52,53.58,53.61,41.63,53.79,normal,drought,False,0.486,0.471,0.043,0.0,0.0,0.29,10.0,
20,2026-06-14,ok,0.0248,53.13,predicted,53.13,53.35,53.53,53.66,41.63,53.8,54.01,normal,normal,True,0.473,0.484,0.043,0.0,0.0,0.29,10.0,
20,2026-06-15,ok,0.0249,53.23,predicted,53.23,53.34,53.37,41.63,53.32,53.25,53.35,normal,normal,True,0.463,0.492,0.044,0.0,0.0,0.29,10.0,
20,2026-06-16,ok,0.0249,53.23,predicted,53.23,53.17,41.63,52.83,52.63,52.42,52.41,normal,normal,True,0.469,0.486,0.045,0.0,0.0,0.29,10.0,
20,2026-06-17,ok,0.0249,53.17,predicted,53.17,41.63,52.82,52.58,52.33,52.08,52.03,normal,drought,False,0.483,0.467,0.049,0.0,0.0,0.29,10.0,
20,2026-06-18,ok,0.0195,41.63,observed,41.63,53.18,53.03,52.86,52.68,52.49,52.48,normal,drought,False,0.509,0.436,0.055,0.0,0.0,0.29,10.0,
20,2026-06-19,ok,0.019,40.6,predicted,40.6,39.96,39.37,38.82,38.26,37.89,39.77,normal,drought,False,0.515,0.436,0.048,0.0,0.0,0.57,6.0,
20,2026-06-20,ok,0.0185,39.65,predicted,39.65,39.03,38.47,37.96,37.43,39.77,37.03,normal,drought,False,0.525,0.421,0.054,0.0,0.0,0.57,6.0,
20,2026-06-21,ok,0.0195,41.79,predicted,41.79,41.84,41.82,41.76,39.77,41.51,41.58,normal,drought,False,0.525,0.413,0.061,0.0,0.0,0.29,10.0,
20,2026-06-22,ok,0.0195,41.79,predicted,41.79,41.84,41.83,39.77,41.67,41.54,41.62,normal,drought,False,0.534,0.408,0.058,0.0,0.0,0.29,10.0,
20,2026-06-23,ok,0.0195,41.78,predicted,41.78,41.86,39.77,41.92,41.86,41.77,41.9,normal,drought,False,0.529,0.418,0.052,0.0,0.0,0.29,10.0,
20,2026-06-24,ok,0.0195,41.73,predicted,41.73,39.77,41.85,41.85,41.79,41.71,41.81,normal,drought,False,0.505,0.428,0.067,0.0,0.0,0.29,10.0,
20,2026-06-25,ok,0.0186,39.77,observed,39.77,41.93,41.96,41.96,41.88,41.79,41.88,normal,drought,False,0.47,0.424,0.106,0.0,0.0,0.29,10.0,
20,2026-06-26,ok,0.0185,39.65,predicted,39.65,39.48,39.28,39.06,38.81,38.6,38.6,normal,normal,True,0.434,0.442,0.124,0.0,0.0,0.57,6.0,
20,2026-06-27,ok,0.0184,39.34,predicted,39.34,39.12,38.88,38.63,38.33,38.09,38.08,normal,drought,False,0.514,0.413,0.072,0.0,0.0,0.57,6.0,
20,2026-06-28,ok,0.0183,39.07,predicted,39.07,38.88,38.66,38.43,38.16,37.94,37.93,normal,drought,False,0.516,0.43,0.054,0.0,0.0,0.57,6.0,
20,2026-06-29,ok,0.0182,38.85,predicted,38.85,38.66,38.44,38.21,37.95,37.74,37.73,normal,drought,False,0.515,0.434,0.051,0.0,0.0,0.57,6.0,
20,2026-06-30,ok,0.018,38.52,predicted,38.52,38.29,38.04,37.78,37.48,37.25,37.22,normal,drought,False,0.502,0.446,0.052,0.0,0.0,0.57,6.0,
20,2026-07-01,ok,0.0179,38.32,predicted,38.32,38.15,37.93,37.72,37.47,37.27,26.67,normal,normal,True,0.455,0.479,0.065,0.0,0.0,0.57,6.0,
20,2026-07-02,ok,0.0178,38.17,predicted,38.17,38.0,37.78,37.55,37.29,26.67,37.04,normal,normal,True,0.408,0.517,0.075,0.0,0.0,0.57,6.0,
20,2026-07-03,ok,0.0187,40.1,predicted,40.1,40.04,39.88,39.69,26.67,39.24,39.2,normal,normal,True,0.378,0.553,0.069,0.0,0.0,0.29,10.0,
20,2026-07-04,ok,0.0187,40.06,predicted,40.06,39.96,39.79,26.67,39.34,39.1,39.07,normal,normal,True,0.424,0.514,0.061,0.0,0.0,0.29,10.0,
20,2026-07-05,ok,0.0186,39.89,predicted,39.89,39.77,26.67,39.34,39.07,38.83,38.79,normal,normal,True,0.425,0.505,0.07,0.0,0.0,0.29,10.0,
20,2026-07-06,ok,0.0187,39.98,predicted,39.98,26.67,39.91,39.82,39.68,39.54,39.57,normal,normal,True,0.385,0.52,0.095,0.0,0.0,0.29,10.0,
20,2026-07-07,ok,0.0125,26.67,observed,26.67,40.09,40.03,39.95,39.82,39.69,39.72,normal,normal,True,0.362,0.587,0.051,0.0,0.0,0.29,10.0,
20,2026-07-08,ok,0.0121,25.92,predicted,25.92,25.06,24.31,23.63,23.05,22.69,22.45,normal,normal,True,0.322,0.629,0.049,0.0,0.0,0.57,6.0,
20,2026-07-09,ok,0.0116,24.85,predicted,24.85,23.94,23.15,22.42,21.8,21.41,21.14,normal,normal,True,0.314,0.627,0.058,0.0,0.0,0.57,6.0,
20,2026-07-10,ok,0.0126,27.03,predicted,27.03,26.83,26.61,26.39,26.23,26.1,25.96,normal,normal,True,0.319,0.617,0.064,0.0,0.0,0.29,10.0,
20,2026-07-11,ok,0.0126,27.02,predicted,27.02,26.82,26.6,26.39,26.24,26.12,25.99,normal,normal,True,0.318,0.618,0.064,0.0,0.0,0.29,10.0,
20,2026-07-12,ok,0.0126,27.0,predicted,27.0,26.8,26.59,26.38,26.24,26.12,25.99,normal,normal,True,0.315,0.618,0.066,0.0,0.0,0.29,10.0,
20,2026-07-13,ok,0.0126,27.04,predicted,27.04,26.87,26.7,26.53,26.42,26.33,31.43,normal,normal,True,0.303,0.635,0.061,0.0,0.0,0.29,10.0,
20,2026-07-14,ok,0.0126,27.03,predicted,27.03,26.87,26.7,26.54,26.43,31.43,26.25,normal,normal,True,0.309,0.636,0.056,0.0,0.0,0.29,10.0,
20,2026-07-15,ok,0.0126,26.98,predicted,26.98,26.8,26.61,26.43,31.43,26.2,26.1,normal,normal,True,0.316,0.63,0.054,0.0,0.0,0.29,10.0,
20,2026-07-16,ok,0.0126,26.97,predicted,26.97,26.81,26.65,31.43,26.39,26.32,26.23,normal,normal,True,0.333,0.611,0.056,0.0,0.0,0.29,10.0,
20,2026-07-17,ok,0.0126,26.98,predicted,26.98,26.85,31.43,26.6,26.53,26.48,26.41,normal,normal,True,0.354,0.588,0.059,0.0,0.0,0.29,10.0,
20,2026-07-18,ok,0.0126,27.01,predicted,27.01,31.43,26.78,26.66,26.6,26.56,26.49,normal,normal,True,0.328,0.616,0.056,0.0,0.0,0.29,10.0,
20,2026-07-19,ok,0.0147,31.43,observed,31.43,26.98,26.9,26.82,26.79,26.76,26.72,normal,normal,True,0.337,0.61,0.053,0.0,0.0,0.29,10.0,
20,2026-07-20,ok,0.015,32.12,predicted,32.12,32.32,32.42,32.49,32.54,32.53,32.52,normal,normal,True,0.324,0.627,0.049,0.0,0.0,0.57,6.0,
20,2026-07-21,ok,0.0152,32.52,predicted,32.52,32.72,32.81,32.87,32.92,32.9,32.89,normal,normal,True,0.303,0.653,0.044,0.0,0.0,0.57,6.0,
20,2026-07-22,ok,0.0149,31.77,predicted,31.77,31.65,31.49,31.33,31.17,31.03,30.95,normal,normal,True,0.292,0.667,0.041,0.0,0.0,0.29,10.0,
20,2026-07-23,ok,0.0149,31.77,predicted,31.77,31.63,31.44,31.23,31.05,30.88,30.78,normal,normal,True,0.282,0.677,0.041,0.0,0.0,0.29,10.0,
20,2026-07-24,ok,0.0149,31.81,predicted,31.81,31.65,31.44,31.22,31.03,30.85,30.73,normal,normal,True,0.267,0.686,0.047,0.0,0.0,0.29,10.0,
20,2026-07-25,ok,0.0149,31.85,predicted,31.85,31.7,31.5,31.28,31.09,30.92,30.8,normal,normal,True,0.251,0.695,0.054,0.0,0.0,0.29,10.0,
20,2026-07-26,ok,0.0149,31.84,predicted,31.84,31.66,31.42,31.17,30.95,30.74,30.61,normal,normal,True,0.241,0.691,0.068,0.0,0.0,0.29,10.0,
21,2026-03-25,ok,0.0416,59.06,predicted,59.06,49.86,58.69,58.46,58.3,58.13,58.04,overflow,drought,False,0.426,0.286,0.288,0.0,6.0,0.29,10.0,
21,2026-03-26,ok,0.0351,49.86,observed,49.86,58.9,58.67,58.43,58.26,58.09,58.01,normal,drought,False,0.49,0.248,0.262,0.0,6.0,0.29,10.0,
21,2026-03-27,ok,0.0347,49.34,predicted,49.34,48.86,48.39,47.97,47.57,47.31,47.29,normal,drought,False,0.573,0.194,0.233,0.0,0.0,0.57,6.0,
21,2026-03-28,ok,0.0342,48.63,predicted,48.63,48.16,47.71,47.29,46.9,46.64,46.62,normal,drought,False,0.61,0.18,0.21,0.0,0.0,0.57,6.0,
21,2026-03-29,ok,0.0354,50.24,predicted,50.24,50.17,50.0,49.81,49.59,49.37,49.37,normal,drought,False,0.625,0.168,0.207,0.0,0.0,0.29,10.0,
21,2026-03-30,ok,0.0354,50.25,predicted,50.25,50.18,50.01,49.81,49.59,49.37,49.37,normal,drought,False,0.612,0.176,0.212,0.0,0.0,0.29,10.0,
21,2026-03-31,ok,0.0354,50.29,predicted,50.29,50.23,50.07,49.89,49.68,49.47,49.49,normal,drought,False,0.603,0.185,0.212,0.0,0.0,0.29,10.0,
21,2026-04-01,ok,0.0354,50.26,predicted,50.26,50.17,49.98,49.77,49.54,49.31,49.17,normal,drought,False,0.596,0.181,0.223,0.0,0.0,0.29,10.0,
21,2026-04-02,ok,0.0354,50.3,predicted,50.3,50.25,50.09,49.9,49.7,49.17,49.5,normal,drought,False,0.611,0.165,0.225,0.0,0.0,0.29,10.0,
21,2026-04-03,ok,0.0354,50.35,predicted,50.35,50.33,50.26,50.12,49.17,49.78,49.85,normal,drought,False,0.629,0.156,0.215,0.0,0.0,0.29,10.0,
21,2026-04-04,ok,0.0353,50.14,predicted,50.14,50.11,50.04,49.17,49.77,49.6,49.7,normal,drought,False,0.606,0.153,0.241,0.0,0.0,0.29,10.0,
21,2026-04-05,ok,0.0353,50.18,predicted,50.18,50.33,49.17,50.51,50.52,50.5,50.69,normal,drought,False,0.563,0.16,0.277,0.0,0.0,0.29,10.0,
21,2026-04-06,ok,0.0353,50.17,predicted,50.17,49.17,50.24,50.2,50.11,50.01,50.11,normal,drought,False,0.487,0.175,0.337,0.0,0.0,0.29,10.0,
21,2026-04-07,ok,0.0346,49.17,observed,49.17,50.34,50.28,50.17,50.03,49.86,49.94,normal,drought,False,0.477,0.179,0.344,0.0,0.0,0.29,10.0,
21,2026-04-08,ok,0.0347,49.33,predicted,49.33,49.17,48.92,48.64,48.33,48.05,48.02,normal,overflow,False,0.348,0.178,0.475,0.0,0.0,0.57,6.0,
21,2026-04-09,ok,0.0348,49.37,predicted,49.37,49.28,49.1,48.89,48.66,48.43,48.43,normal,overflow,False,0.334,0.198,0.468,0.0,0.0,0.57,6.0,
21,2026-04-10,ok,0.0349,49.58,predicted,49.58,49.54,49.4,49.24,49.04,48.82,48.84,normal,drought,False,0.434,0.235,0.331,0.0,0.0,0.29,10.0,
21,2026-04-11,ok,0.0348,49.49,predicted,49.49,49.36,49.12,48.86,48.58,48.3,48.26,normal,drought,False,0.49,0.267,0.243,0.0,0.0,0.29,10.0,
21,2026-04-12,ok,0.0349,49.56,predicted,49.56,49.49,49.31,49.11,48.88,48.65,48.64,normal,drought,False,0.522,0.282,0.196,0.0,0.0,0.29,10.0,
21,2026-04-13,ok,0.0349,49.58,predicted,49.58,49.53,49.4,49.23,49.03,48.82,47.61,normal,drought,False,0.554,0.266,0.18,0.0,0.0,0.29,10.0,
21,2026-04-14,ok,0.0349,49.54,predicted,49.54,49.54,49.51,49.41,49.28,47.61,49.24,normal,drought,False,0.534,0.246,0.22,0.0,0.0,0.29,10.0,
21,2026-04-15,ok,0.0348,49.46,predicted,49.46,49.53,49.54,49.51,47.61,49.34,49.48,normal,drought,False,0.475,0.247,0.278,0.0,0.0,0.29,10.0,
21,2026-04-16,ok,0.0348,49.48,predicted,49.48,49.53,49.51,47.61,49.34,49.21,49.32,normal,drought,False,0.54,0.23,0.23,0.0,0.0,0.29,10.0,
21,2026-04-17,ok,0.0348,49.5,predicted,49.5,49.47,47.61,49.19,48.99,48.79,48.82,normal,drought,False,0.448,0.273,0.278,0.0,0.0,0.29,10.0,
21,2026-04-18,ok,0.0349,49.51,predicted,49.51,47.61,49.19,48.96,48.69,48.43,48.4,normal,drought,False,0.445,0.289,0.266,0.0,0.0,0.29,10.0,
21,2026-04-19,ok,0.0335,47.61,observed,47.61,49.45,49.21,48.96,48.68,48.41,48.37,normal,drought,False,0.397,0.343,0.259,0.0,0.0,0.29,10.0,
21,2026-04-20,ok,0.0336,47.8,predicted,47.8,47.58,47.27,46.95,46.6,46.29,46.24,normal,drought,False,0.423,0.366,0.211,0.0,0.0,0.57,6.0,
21,2026-04-21,ok,0.0336,47.77,predicted,47.77,47.67,47.54,47.36,47.15,46.94,47.01,normal,drought,False,0.518,0.327,0.154,0.0,0.0,0.57,6.0,
21,2026-04-22,ok,0.0337,47.84,predicted,47.84,47.82,47.73,47.6,47.43,47.25,47.33,normal,drought,False,0.512,0.304,0.184,0.0,0.0,0.29,10.0,
21,2026-04-23,ok,0.0337,47.93,predicted,47.93,48.03,48.08,48.07,48.01,47.92,48.07,normal,drought,False,0.512,0.283,0.205,0.0,0.0,0.29,10.0,
21,2026-04-24,ok,0.0337,47.94,predicted,47.94,48.0,48.0,47.94,47.83,47.69,47.81,normal,drought,False,0.48,0.296,0.225,0.0,0.0,0.29,10.0,
21,2026-04-25,ok,0.0337,47.88,predicted,47.88,47.86,47.75,47.61,47.41,47.21,34.43,normal,drought,False,0.489,0.296,0.215,0.0,0.0,0.29,10.0,
21,2026-04-26,ok,0.0337,47.83,predicted,47.83,47.75,47.57,47.37,47.13,34.43,46.9,normal,drought,False,0.459,0.323,0.218,0.0,0.0,0.29,10.0,
21,2026-04-27,ok,0.0338,47.95,predicted,47.95,47.91,47.78,47.61,34.43,47.18,47.21,normal,drought,False,0.447,0.34,0.214,0.0,0.0,0.29,10.0,
21,2026-04-28,ok,0.0338,47.99,predicted,47.99,47.98,47.91,34.43,47.61,47.42,47.49,normal,drought,False,0.515,0.309,0.176,0.0,0.0,0.29,10.0,
21,2026-04-29,ok,0.0337,47.85,predicted,47.85,47.84,34.43,47.64,47.47,47.28,47.36,normal,drought,False,0.567,0.298,0.135,0.0,0.0,0.29,10.0,
21,2026-04-30,ok,0.0337,47.89,predicted,47.89,34.43,48.05,48.05,47.99,47.9,48.05,normal,drought,False,0.554,0.298,0.148,0.0,0.0,0.29,10.0,
21,2026-05-01,ok,0.0242,34.43,observed,34.43,48.05,48.14,48.17,48.13,48.06,48.23,normal,drought,False,0.51,0.322,0.168,0.0,0.0,0.29,10.0,
21,2026-05-02,ok,0.0234,33.23,predicted,33.23,32.54,31.93,31.38,30.83,30.49,30.4,normal,drought,False,0.465,0.378,0.157,0.0,0.0,0.57,6.0,
21,2026-05-03,ok,0.0227,32.23,predicted,32.23,31.5,30.85,30.25,29.67,29.3,29.16,normal,normal,True,0.413,0.421,0.166,0.0,0.0,0.57,6.0,
21,2026-05-04,ok,0.0244,34.6,predicted,34.6,34.55,34.45,34.3,34.13,33.95,33.94,normal,drought,False,0.586,0.267,0.146,0.0,0.0,0.29,10.0,
21,2026-05-05,ok,0.0243,34.54,predicted,34.54,34.41,34.22,34.0,33.76,33.52,33.46,normal,drought,False,0.554,0.278,0.168,0.0,0.0,0.29,10.0,
21,2026-05-06,ok,0.0243,34.53,predicted,34.53,34.48,34.4,34.27,34.12,33.96,33.96,normal,drought,False,0.624,0.234,0.142,0.0,0.0,0.29,10.0,
21,2026-05-07,ok,0.0242,34.42,predicted,34.42,34.36,34.25,34.13,33.98,33.84,31.71,normal,drought,False,0.631,0.222,0.147,0.0,0.0,0.29,10.0,
21,2026-05-08,ok,0.0243,34.48,predicted,34.48,34.56,34.63,34.67,34.67,31.71,34.75,normal,drought,False,0.653,0.212,0.136,0.0,0.0,0.29,10.0,
21,2026-05-09,ok,0.0242,34.41,predicted,34.41,34.52,34.64,34.72,31.71,34.75,34.89,normal,drought,False,0.614,0.239,0.146,0.0,0.0,0.29,10.0,
21,2026-05-10,ok,0.0242,34.41,predicted,34.41,34.62,34.83,31.71,35.09,35.17,35.36,normal,drought,False,0.636,0.239,0.125,0.0,0.0,0.29,10.0,
21,2026-05-11,ok,0.0241,34.31,predicted,34.31,34.67,31.71,35.51,35.8,36.09,36.41,normal,drought,False,0.57,0.265,0.165,0.0,0.0,0.29,10.0,
21,2026-05-12,ok,0.0243,34.47,predicted,34.47,31.71,36.11,36.89,37.55,38.12,38.66,normal,drought,False,0.576,0.265,0.159,0.0,0.0,0.29,10.0,
21,2026-05-13,ok,0.0223,31.71,observed,31.71,34.97,35.6,36.16,36.6,36.98,37.37,normal,drought,False,0.558,0.265,0.177,0.0,0.0,0.29,10.0,
21,2026-05-14,ok,0.0223,31.63,predicted,31.63,32.21,32.94,33.55,34.06,34.53,34.96,normal,drought,False,0.61,0.239,0.151,0.0,0.0,0.57,6.0,
21,2026-05-15,ok,0.0219,31.18,predicted,31.18,31.25,31.37,31.42,31.42,31.43,31.51,normal,drought,False,0.633,0.239,0.128,0.0,0.0,0.57,6.0,
21,2026-05-16,ok,0.0222,31.48,predicted,31.48,31.45,31.39,31.27,31.1,30.93,30.87,normal,drought,False,0.639,0.239,0.122,0.0,0.0,0.29,10.0,
21,2026-05-17,ok,0.0222,31.55,predicted,31.55,31.51,31.41,31.26,31.09,30.9,30.81,normal,drought,False,0.637,0.243,0.12,0.0,0.0,0.29,10.0,
21,2026-05-18,ok,0.0223,31.71,predicted,31.71,31.65,31.5,31.31,31.12,30.89,30.77,normal,drought,False,0.627,0.253,0.12,0.0,0.0,0.29,10.0,
21,2026-05-19,ok,0.0224,31.76,predicted,31.76,31.61,31.39,31.11,30.84,30.54,30.37,normal,drought,False,0.63,0.249,0.121,0.0,0.0,0.29,10.0,
21,2026-05-20,ok,0.0224,31.77,predicted,31.77,31.58,31.31,31.0,30.7,30.38,30.2,normal,drought,False,0.614,0.245,0.141,0.0,0.0,0.29,10.0,
21,2026-05-21,ok,0.0224,31.79,predicted,31.79,31.64,31.41,31.15,30.9,30.63,30.49,normal,drought,False,0.596,0.241,0.163,0.0,0.0,0.29,10.0,
21,2026-05-22,ok,0.0224,31.82,predicted,31.82,31.7,31.51,31.29,31.09,30.86,30.75,normal,drought,False,0.505,0.288,0.207,0.0,0.0,0.29,10.0,
21,2026-05-23,ok,0.0224,31.83,predicted,31.83,31.77,31.67,31.54,31.42,31.27,31.24,normal,drought,False,0.498,0.282,0.22,0.0,0.0,0.29,10.0,
21,2026-05-24,ok,0.0223,31.71,predicted,31.71,31.62,31.49,31.35,31.21,31.06,31.04,normal,drought,False,0.406,0.294,0.3,0.0,0.0,0.29,10.0,
21,2026-05-25,ok,0.0224,31.76,predicted,31.76,31.78,31.78,31.76,31.73,31.68,31.74,normal,drought,False,0.437,0.287,0.276,0.0,0.0,0.29,10.0,
21,2026-05-26,ok,0.0224,31.79,predicted,31.79,31.83,31.84,31.83,31.81,31.77,31.83,normal,drought,False,0.411,0.293,0.296,0.0,0.0,0.29,10.0,
21,2026-05-27,ok,0.0224,31.8,predicted,31.8,31.81,31.81,31.78,31.73,31.67,31.72,normal,drought,False,0.427,0.274,0.3,0.0,0.0,0.29,10.0,
21,2026-05-28,rejected,,,,,,,,,,,,,,,,,,,,,no storage data available for this tank
21,2026-05-29,rejected,,,,,,,,,,,,,,,,,,,,,no storage data available for this tank
21,2026-05-30,rejected,,,,,,,,,,,,,,,,,,,,,no storage data available for this tank
21,2026-05-31,rejected,,,,,,,,,,,,,,,,,,,,,no storage data available for this tank
21,2026-06-01,rejected,,,,,,,,,,,,,,,,,,,,,no storage data available for this tank
21,2026-06-02,rejected,,,,,,,,,,,,,,,,,,,,,no storage data available for this tank
21,2026-06-03,rejected,,,,,,,,,,,,,,,,,,,,,no storage data available for this tank
21,2026-06-04,rejected,,,,,,,,,,,,,,,,,,,,,no storage data available for this tank
21,2026-06-05,rejected,,,,,,,,,,,,,,,,,,,,,no storage data available for this tank
21,2026-06-06,rejected,,,,,,,,,,,,,,,,,,,,,no storage data available for this tank
21,2026-06-07,ok,0.0066,9.4,predicted,9.4,9.48,9.62,9.79,10.1,10.33,10.52,drought,drought,True,0.638,0.19,0.172,7.0,0.0,0.29,10.0,
21,2026-06-08,ok,0.0067,9.51,predicted,9.51,9.62,9.78,10.0,10.33,10.61,10.8,drought,drought,True,0.641,0.187,0.172,7.0,0.0,0.29,10.0,
21,2026-06-09,ok,0.0066,9.43,predicted,9.43,9.45,9.52,9.64,9.88,10.09,10.24,drought,drought,True,0.641,0.183,0.176,7.0,0.0,0.29,10.0,
21,2026-06-10,ok,0.0065,9.28,predicted,9.28,9.29,9.36,9.46,9.69,9.88,10.03,drought,drought,True,0.606,0.2,0.195,7.0,0.0,0.29,10.0,
21,2026-06-11,ok,0.0066,9.33,predicted,9.33,9.44,9.62,9.82,10.16,10.42,10.63,drought,drought,True,0.603,0.211,0.187,7.0,0.0,0.29,10.0,
21,2026-06-12,ok,0.0067,9.5,predicted,9.5,9.66,9.85,10.12,10.5,10.81,9.17,drought,drought,True,0.64,0.197,0.162,7.0,0.0,0.29,10.0,
21,2026-06-13,ok,0.0066,9.42,predicted,9.42,9.69,10.04,10.52,11.01,9.17,11.88,drought,drought,True,0.633,0.187,0.18,7.0,0.0,0.29,10.0,
21,2026-06-14,ok,0.0065,9.19,predicted,9.19,9.35,9.53,9.82,9.17,10.53,10.79,drought,drought,True,0.64,0.196,0.164,7.0,0.0,0.29,10.0,
21,2026-06-15,ok,0.0064,9.12,predicted,9.12,9.3,9.51,9.17,10.15,10.45,10.71,drought,drought,True,0.618,0.214,0.168,7.0,0.0,0.29,10.0,
21,2026-06-16,ok,0.0066,9.31,predicted,9.31,9.57,9.17,10.22,10.69,11.03,11.32,drought,drought,True,0.601,0.232,0.167,7.0,0.0,0.29,10.0,
21,2026-06-17,ok,0.0066,9.41,predicted,9.41,9.17,9.57,9.68,9.95,10.1,10.23,drought,drought,True,0.582,0.241,0.177,7.0,0.0,0.29,10.0,
21,2026-06-18,ok,0.0065,9.17,observed,9.17,9.6,9.63,9.71,9.94,10.06,10.16,drought,drought,True,0.591,0.223,0.186,7.0,0.0,0.29,10.0,
21,2026-06-19,ok,0.0061,8.72,predicted,8.72,8.66,8.6,8.62,8.77,8.87,15.2,drought,drought,True,0.609,0.225,0.165,6.0,0.0,0.57,6.0,
21,2026-06-20,ok,0.006,8.52,predicted,8.52,8.45,8.39,8.4,8.54,15.2,8.73,drought,drought,True,0.634,0.206,0.16,6.0,0.0,0.57,6.0,
21,2026-06-21,ok,0.006,8.59,predicted,8.59,8.62,8.68,8.79,15.2,9.21,9.35,drought,drought,True,0.611,0.204,0.185,6.0,0.0,0.29,10.0,
21,2026-06-22,ok,0.0061,8.61,predicted,8.61,8.7,8.82,15.2,9.3,9.54,9.72,drought,drought,True,0.638,0.191,0.171,6.0,0.0,0.29,10.0,
21,2026-06-23,ok,0.0061,8.69,predicted,8.69,8.82,15.2,9.21,9.53,9.83,10.03,drought,drought,True,0.683,0.184,0.133,6.0,0.0,0.29,10.0,
21,2026-06-24,ok,0.006,8.46,predicted,8.46,15.2,8.46,8.52,8.71,8.86,8.99,drought,drought,True,0.651,0.199,0.15,6.0,0.0,0.29,10.0,
21,2026-06-25,ok,0.0107,15.2,observed,15.2,8.54,8.73,8.93,9.29,9.54,9.77,normal,drought,False,0.552,0.224,0.224,6.0,0.0,0.29,10.0,
21,2026-06-26,ok,0.0113,16.04,predicted,16.04,16.72,17.27,17.75,18.23,18.59,18.64,normal,drought,False,0.377,0.289,0.334,0.0,0.0,0.57,6.0,
21,2026-06-27,ok,0.0119,16.98,predicted,16.98,17.61,18.12,18.57,19.0,19.34,19.35,normal,drought,False,0.512,0.233,0.254,0.0,0.0,0.57,6.0,
21,2026-06-28,ok,0.0126,17.83,predicted,17.83,18.38,18.79,19.13,19.47,19.72,19.67,normal,drought,False,0.59,0.217,0.193,0.0,0.0,0.57,6.0,
21,2026-06-29,ok,0.0132,18.71,predicted,18.71,19.3,19.75,20.13,20.51,20.79,20.77,normal,drought,False,0.632,0.21,0.158,0.0,0.0,0.57,6.0,
21,2026-06-30,ok,0.0137,19.53,predicted,19.53,20.11,20.55,20.92,21.29,21.55,21.53,normal,drought,False,0.638,0.216,0.146,0.0,0.0,0.57,6.0,
21,2026-07-01,ok,0.0144,20.39,predicted,20.39,20.98,21.43,21.78,22.14,22.39,9.05,normal,drought,False,0.516,0.191,0.293,1.0,0.0,0.57,6.0,
21,2026-07-02,ok,0.015,21.37,predicted,21.37,22.05,22.59,23.01,23.45,9.05,23.75,normal,overflow,False,0.414,0.166,0.42,1.0,0.0,0.57,6.0,
21,2026-07-03,ok,0.0108,15.29,predicted,15.29,15.18,15.1,14.98,9.05,15.03,14.97,normal,overflow,False,0.333,0.146,0.522,4.0,0.0,0.29,10.0,
21,2026-07-04,ok,0.0109,15.51,predicted,15.51,15.5,15.5,9.05,15.67,15.76,15.75,normal,drought,False,0.427,0.163,0.41,1.0,0.0,0.29,10.0,
21,2026-07-05,ok,0.0108,15.3,predicted,15.3,15.03,9.05,14.5,14.38,14.28,14.13,normal,drought,False,0.43,0.164,0.407,6.0,0.0,0.29,10.0,
21,2026-07-06,ok,0.0106,15.12,predicted,15.12,9.05,14.72,14.55,14.52,14.49,14.41,normal,overflow,False,0.397,0.164,0.439,6.0,0.0,0.29,10.0,
21,2026-07-07,ok,0.0064,9.05,observed,9.05,15.08,15.07,15.08,15.23,15.33,15.36,drought,overflow,False,0.413,0.155,0.431,1.0,0.0,0.29,10.0,
21,2026-07-08,ok,0.0056,7.98,predicted,7.98,7.61,7.39,7.2,7.26,7.23,7.34,drought,drought,True,0.447,0.15,0.403,7.0,0.0,0.57,6.0,
21,2026-07-09,ok,0.0053,7.52,predicted,7.52,7.13,6.88,6.65,6.68,6.62,6.7,drought,drought,True,0.493,0.155,0.352,7.0,0.0,0.57,6.0,
21,2026-07-10,ok,0.006,8.58,predicted,8.58,8.55,8.59,8.62,8.81,8.92,9.01,drought,drought,True,0.521,0.169,0.311,7.0,0.0,0.29,10.0,
21,2026-07-11,ok,0.006,8.57,predicted,8.57,8.5,8.48,8.47,8.62,8.7,8.77,drought,drought,True,0.524,0.177,0.299,7.0,0.0,0.29,10.0,
21,2026-07-12,ok,0.006,8.47,predicted,8.47,8.39,8.39,8.38,8.54,8.64,8.73,drought,drought,True,0.53,0.178,0.293,7.0,0.0,0.29,10.0,
21,2026-07-13,ok,0.0059,8.44,predicted,8.44,8.42,8.48,8.54,8.77,8.92,8.19,drought,drought,True,0.513,0.185,0.302,7.0,0.0,0.29,10.0,
21,2026-07-14,ok,0.006,8.5,predicted,8.5,8.54,8.65,8.78,9.06,8.19,9.42,drought,drought,True,0.455,0.205,0.34,7.0,0.0,0.29,10.0,
21,2026-07-15,ok,0.006,8.51,predicted,8.51,8.49,8.54,8.61,8.19,8.98,9.11,drought,drought,True,0.428,0.225,0.347,7.0,0.0,0.29,10.0,
21,2026-07-16,ok,0.006,8.48,predicted,8.48,8.47,8.52,8.19,8.81,8.98,9.12,drought,drought,True,0.411,0.211,0.378,7.0,0.0,0.29,10.0,
21,2026-07-17,ok,0.0059,8.43,predicted,8.43,8.46,8.19,8.65,8.92,9.11,9.28,drought,drought,True,0.559,0.152,0.288,7.0,0.0,0.29,10.0,
21,2026-07-18,ok,0.0059,8.34,predicted,8.34,8.19,8.49,8.6,8.88,9.07,9.25,drought,drought,True,0.554,0.137,0.31,7.0,0.0,0.29,10.0,
21,2026-07-19,ok,0.0058,8.19,observed,8.19,8.63,8.87,9.12,9.52,9.81,10.06,drought,drought,True,0.508,0.144,0.348,7.0,0.0,0.29,10.0,
21,2026-07-20,ok,0.0053,7.47,predicted,7.47,7.41,7.43,7.45,7.66,7.77,7.91,drought,drought,True,0.425,0.158,0.417,7.0,0.0,0.57,6.0,
21,2026-07-21,ok,0.0052,7.35,predicted,7.35,7.26,7.25,7.24,7.42,7.49,7.62,drought,drought,True,0.454,0.173,0.374,7.0,0.0,0.57,6.0,
21,2026-07-22,ok,0.0053,7.53,predicted,7.53,7.53,7.61,7.67,7.91,8.04,8.18,drought,drought,True,0.563,0.158,0.279,7.0,0.0,0.29,10.0,
21,2026-07-23,ok,0.0053,7.54,predicted,7.54,7.46,7.48,7.46,7.63,7.69,7.78,drought,drought,True,0.616,0.144,0.24,7.0,0.0,0.29,10.0,
21,2026-07-24,ok,0.0053,7.55,predicted,7.55,7.45,7.45,7.4,7.56,7.6,7.68,drought,drought,True,0.579,0.149,0.272,7.0,0.0,0.29,10.0,
21,2026-07-25,ok,0.0053,7.55,predicted,7.55,7.45,7.44,7.39,7.54,7.57,7.64,drought,drought,True,0.525,0.144,0.331,7.0,0.0,0.29,10.0,
21,2026-07-26,ok,0.0053,7.55,predicted,7.55,7.44,7.43,7.35,7.49,7.51,7.58,drought,drought,True,0.5,0.141,0.359,7.0,0.0,0.29,10.0,
22,2026-03-25,ok,0.3364,67.05,observed,67.05,65.86,65.58,65.33,65.22,65.12,64.93,normal,drought,False,0.623,0.313,0.065,0.0,0.0,0.29,10.0,
22,2026-03-26,ok,0.3394,67.64,predicted,67.64,67.5,67.26,67.02,66.93,66.82,66.6,normal,drought,False,0.666,0.285,0.049,0.0,0.0,0.57,6.0,
22,2026-03-27,ok,0.34,67.76,predicted,67.76,67.63,67.39,67.15,67.07,66.97,66.75,normal,drought,False,0.76,0.209,0.031,0.0,0.0,0.57,6.0,
22,2026-03-28,ok,0.3407,67.9,predicted,67.9,67.76,67.52,67.29,67.21,67.12,66.9,normal,drought,False,0.775,0.188,0.037,0.0,0.0,0.57,6.0,
22,2026-03-29,ok,0.3385,67.46,predicted,67.46,67.26,66.97,66.71,66.61,66.52,66.3,normal,drought,False,0.84,0.129,0.031,0.0,0.0,0.29,10.0,
22,2026-03-30,ok,0.3386,67.49,predicted,67.49,67.29,67.01,66.77,66.68,66.6,66.39,normal,drought,False,0.854,0.116,0.03,0.0,0.0,0.29,10.0,
22,2026-03-31,ok,0.3389,67.54,predicted,67.54,67.37,67.11,66.89,66.82,66.75,66.55,normal,drought,False,0.841,0.129,0.03,0.0,0.0,0.29,10.0,
22,2026-04-01,ok,0.3389,67.54,predicted,67.54,67.33,67.02,66.75,66.65,66.55,49.67,normal,drought,False,0.821,0.146,0.033,0.0,0.0,0.29,10.0,
22,2026-04-02,ok,0.339,67.57,predicted,67.57,67.36,67.06,66.78,66.68,49.67,66.35,normal,drought,False,0.83,0.139,0.031,0.0,0.0,0.29,10.0,
22,2026-04-03,ok,0.3391,67.58,predicted,67.58,67.4,67.17,66.93,49.67,66.78,66.59,normal,drought,False,0.882,0.094,0.024,0.0,0.0,0.29,10.0,
22,2026-04-04,ok,0.338,67.37,predicted,67.37,67.23,67.04,49.67,66.83,66.77,66.63,normal,drought,False,0.871,0.098,0.031,0.0,0.0,0.29,10.0,
22,2026-04-05,ok,0.3378,67.33,predicted,67.33,67.31,49.67,67.18,67.27,67.31,67.23,normal,drought,False,0.847,0.117,0.037,0.0,0.0,0.29,10.0,
22,2026-04-06,ok,0.338,67.38,predicted,67.38,49.67,67.08,66.92,66.91,66.89,66.73,normal,drought,False,0.804,0.143,0.053,0.0,0.0,0.29,10.0,
22,2026-04-07,ok,0.2492,49.67,observed,49.67,67.39,67.17,66.96,66.9,66.83,66.65,normal,drought,False,0.779,0.16,0.062,0.0,0.0,0.29,10.0,
22,2026-04-08,ok,0.2421,48.25,predicted,48.25,47.4,46.64,45.99,45.41,45.08,45.01,normal,drought,False,0.628,0.222,0.151,0.0,0.0,0.57,6.0,
22,2026-04-09,ok,0.2509,50.0,predicted,50.0,49.93,49.78,49.59,49.37,49.15,49.17,normal,drought,False,0.617,0.228,0.155,0.0,0.0,0.29,10.0,
22,2026-04-10,ok,0.2513,50.08,predicted,50.08,50.03,49.9,49.73,49.53,49.32,49.35,normal,drought,False,0.736,0.189,0.075,0.0,0.0,0.29,10.0,
22,2026-04-11,ok,0.2508,49.98,predicted,49.98,49.85,49.61,49.35,49.06,48.78,48.76,normal,drought,False,0.748,0.19,0.062,0.0,0.0,0.29,10.0,
22,2026-04-12,ok,0.2512,50.06,predicted,50.06,49.98,49.81,49.6,49.38,49.15,49.16,normal,drought,False,0.752,0.194,0.054,0.0,0.0,0.29,10.0,
22,2026-04-13,ok,0.2513,50.09,predicted,50.09,50.03,49.91,49.74,49.55,49.34,32.79,normal,drought,False,0.763,0.189,0.049,0.0,0.0,0.29,10.0,
22,2026-04-14,ok,0.2511,50.05,predicted,50.05,50.06,50.03,49.94,49.81,32.79,49.78,normal,drought,False,0.745,0.191,0.064,0.0,0.0,0.29,10.0,
22,2026-04-15,ok,0.2507,49.97,predicted,49.97,50.03,50.04,50.0,32.79,49.81,49.96,normal,drought,False,0.714,0.203,0.083,0.0,0.0,0.29,10.0,
22,2026-04-16,ok,0.2507,49.98,predicted,49.98,50.01,49.97,32.79,49.77,49.64,49.74,normal,drought,False,0.781,0.145,0.073,0.0,0.0,0.29,10.0,
22,2026-04-17,ok,0.2509,50.0,predicted,50.0,49.95,32.79,49.64,49.43,49.22,49.26,normal,drought,False,0.648,0.217,0.135,0.0,0.0,0.29,10.0,
22,2026-04-18,ok,0.2509,50.0,predicted,50.0,32.79,49.67,49.42,49.15,48.89,48.87,normal,drought,False,0.662,0.217,0.12,0.0,0.0,0.29,10.0,
22,2026-04-19,ok,0.1645,32.79,observed,32.79,49.93,49.7,49.45,49.17,48.9,48.88,normal,drought,False,0.664,0.24,0.096,0.0,0.0,0.29,10.0,
22,2026-04-20,ok,0.1574,31.36,predicted,31.36,30.32,29.36,28.49,27.66,27.12,26.86,normal,drought,False,0.701,0.223,0.076,0.0,0.0,0.57,6.0,
22,2026-04-21,ok,0.1503,29.97,predicted,29.97,28.92,28.02,27.2,26.43,25.94,25.72,normal,drought,False,0.783,0.178,0.039,0.0,0.0,0.57,6.0,
22,2026-04-22,ok,0.1642,32.72,predicted,32.72,32.62,32.48,32.34,32.18,32.03,32.03,normal,drought,False,0.778,0.176,0.046,0.0,0.0,0.29,10.0,
22,2026-04-23,ok,0.1646,32.8,predicted,32.8,32.86,32.91,32.94,32.94,32.92,33.02,normal,drought,False,0.774,0.173,0.053,0.0,0.0,0.29,10.0,
22,2026-04-24,ok,0.1647,32.83,predicted,32.83,32.91,32.97,33.0,32.99,32.97,33.07,normal,drought,False,0.746,0.197,0.056,0.0,0.0,0.29,10.0,
22,2026-04-25,ok,0.1646,32.8,predicted,32.8,32.81,32.79,32.75,32.68,32.59,21.85,normal,drought,False,0.768,0.179,0.053,0.0,0.0,0.29,10.0,
22,2026-04-26,ok,0.1647,32.82,predicted,32.82,32.8,32.73,32.64,32.53,21.85,32.44,normal,drought,False,0.73,0.203,0.067,0.0,0.0,0.29,10.0,
22,2026-04-27,ok,0.1651,32.91,predicted,32.91,32.88,32.82,32.72,21.85,32.48,32.5,normal,drought,False,0.689,0.223,0.088,0.0,0.0,0.29,10.0,
22,2026-04-28,ok,0.1648,32.85,predicted,32.85,32.8,32.72,21.85,32.49,32.35,32.36,normal,drought,False,0.696,0.218,0.087,0.0,0.0,0.29,10.0,
22,2026-04-29,ok,0.1642,32.73,predicted,32.73,32.67,21.85,32.47,32.35,32.21,32.23,normal,drought,False,0.739,0.215,0.046,0.0,0.0,0.29,10.0,
22,2026-04-30,ok,0.1641,32.72,predicted,32.72,21.85,32.81,32.83,32.81,32.78,32.87,normal,drought,False,0.693,0.255,0.052,0.0,0.0,0.29,10.0,
22,2026-05-01,ok,0.1096,21.85,observed,21.85,32.91,33.04,33.14,33.19,33.21,33.35,normal,drought,False,0.637,0.305,0.058,0.0,0.0,0.29,10.0,
22,2026-05-02,ok,0.1052,20.96,predicted,20.96,20.29,19.75,19.28,18.93,18.72,18.62,normal,drought,False,0.575,0.371,0.054,2.0,0.0,0.57,6.0,
22,2026-05-03,ok,0.1009,20.11,predicted,20.11,19.43,18.88,18.39,18.03,17.81,17.69,normal,drought,False,0.553,0.389,0.058,4.0,0.0,0.57,6.0,
22,2026-05-04,ok,0.1101,21.94,predicted,21.94,21.91,21.88,21.84,21.89,21.89,21.87,normal,drought,False,0.737,0.184,0.079,0.0,0.0,0.29,10.0,
22,2026-05-05,ok,0.11,21.92,predicted,21.92,21.77,21.59,21.43,21.35,21.26,21.16,normal,drought,False,0.68,0.214,0.106,0.0,0.0,0.29,10.0,
22,2026-05-06,ok,0.1097,21.87,predicted,21.87,21.78,21.7,21.64,21.64,21.63,21.59,normal,drought,False,0.762,0.162,0.076,0.0,0.0,0.29,10.0,
22,2026-05-07,ok,0.1093,21.79,predicted,21.79,21.65,21.52,21.42,21.4,21.39,25.03,normal,drought,False,0.77,0.158,0.072,0.0,0.0,0.29,10.0,
22,2026-05-08,ok,0.1091,21.74,predicted,21.74,21.75,21.78,21.84,21.96,25.03,22.12,normal,drought,False,0.786,0.154,0.06,0.0,0.0,0.29,10.0,
22,2026-05-09,ok,0.1088,21.68,predicted,21.68,21.79,21.95,22.14,25.03,22.59,22.71,normal,drought,False,0.75,0.194,0.056,0.0,0.0,0.29,10.0,
22,2026-05-10,ok,0.1087,21.66,predicted,21.66,21.87,22.12,25.03,22.71,22.99,23.17,normal,drought,False,0.77,0.186,0.043,0.0,0.0,0.29,10.0,
22,2026-05-11,ok,0.1074,21.4,predicted,21.4,21.79,25.03,22.88,23.41,23.97,24.3,normal,drought,False,0.682,0.209,0.108,0.0,0.0,0.29,10.0,
22,2026-05-12,ok,0.1078,21.49,predicted,21.49,25.03,23.11,24.0,24.86,25.65,26.18,normal,drought,False,0.666,0.214,0.12,0.0,0.0,0.29,10.0,
22,2026-05-13,ok,0.1256,25.03,observed,25.03,22.04,22.73,23.44,24.13,24.76,25.16,normal,drought,False,0.621,0.236,0.144,0.0,0.0,0.29,10.0,
22,2026-05-14,ok,0.1257,25.05,predicted,25.05,26.25,27.5,28.66,29.7,30.59,31.18,normal,drought,False,0.682,0.206,0.112,0.0,0.0,0.57,6.0,
22,2026-05-15,ok,0.1268,25.27,predicted,25.27,25.83,26.36,26.83,27.25,27.56,27.75,normal,drought,False,0.714,0.207,0.079,0.0,0.0,0.57,6.0,
22,2026-05-16,ok,0.1239,24.7,predicted,24.7,24.67,24.6,24.52,24.44,24.35,24.26,normal,drought,False,0.725,0.211,0.065,0.0,0.0,0.29,10.0,
22,2026-05-17,ok,0.1244,24.8,predicted,24.8,24.77,24.68,24.58,24.51,24.4,24.3,normal,drought,False,0.742,0.205,0.053,0.0,0.0,0.29,10.0,
22,2026-05-18,ok,0.1252,24.96,predicted,24.96,24.89,24.75,24.59,24.49,24.33,24.19,normal,drought,False,0.764,0.196,0.039,0.0,0.0,0.29,10.0,
22,2026-05-19,ok,0.1256,25.04,predicted,25.04,24.89,24.69,24.45,24.29,24.06,23.88,normal,drought,False,0.805,0.166,0.029,0.0,0.0,0.29,10.0,
22,2026-05-20,ok,0.1258,25.07,predicted,25.07,24.86,24.59,24.3,24.09,23.83,23.62,normal,drought,False,0.833,0.142,0.026,0.0,0.0,0.29,10.0,
22,2026-05-21,ok,0.1259,25.08,predicted,25.08,24.88,24.62,24.35,24.16,23.92,23.73,normal,drought,False,0.849,0.128,0.023,0.0,0.0,0.29,10.0,
22,2026-05-22,ok,0.1259,25.09,predicted,25.09,24.9,24.68,24.44,24.28,24.08,23.92,normal,drought,False,0.799,0.169,0.033,0.0,0.0,0.29,10.0,
22,2026-05-23,ok,0.1259,25.1,predicted,25.1,25.01,24.89,24.78,24.73,24.64,24.57,normal,drought,False,0.829,0.151,0.02,0.0,0.0,0.29,10.0,
22,2026-05-24,ok,0.1253,24.98,predicted,24.98,24.85,24.68,24.54,24.45,24.35,24.28,normal,drought,False,0.778,0.192,0.03,0.0,0.0,0.29,10.0,
22,2026-05-25,ok,0.1254,24.99,predicted,24.99,24.96,24.93,24.91,24.94,24.94,24.95,normal,drought,False,0.795,0.175,0.029,0.0,0.0,0.29,10.0,
22,2026-05-26,ok,0.1255,25.02,predicted,25.02,25.02,25.02,25.02,25.08,25.1,25.13,normal,drought,False,0.779,0.187,0.033,0.0,0.0,0.29,10.0,
22,2026-05-27,ok,0.1256,25.03,predicted,25.03,25.02,25.01,25.01,25.05,25.06,25.09,normal,drought,False,0.786,0.176,0.039,0.0,0.0,0.29,10.0,
22,2026-05-28,rejected,,,,,,,,,,,,,,,,,,,,,no storage data available for this tank
22,2026-05-29,rejected,,,,,,,,,,,,,,,,,,,,,no storage data available for this tank
22,2026-05-30,rejected,,,,,,,,,,,,,,,,,,,,,no storage data available for this tank
22,2026-05-31,rejected,,,,,,,,,,,,,,,,,,,,,no storage data available for this tank
22,2026-06-01,rejected,,,,,,,,,,,,,,,,,,,,,no storage data available for this tank
22,2026-06-02,rejected,,,,,,,,,,,,,,,,,,,,,no storage data available for this tank
22,2026-06-03,rejected,,,,,,,,,,,,,,,,,,,,,no storage data available for this tank
22,2026-06-04,rejected,,,,,,,,,,,,,,,,,,,,,no storage data available for this tank
22,2026-06-05,rejected,,,,,,,,,,,,,,,,,,,,,no storage data available for this tank
22,2026-06-06,ok,0.2676,53.33,predicted,53.33,53.22,53.01,52.78,52.56,52.34,52.34,normal,drought,False,0.828,0.13,0.042,0.0,0.0,0.29,10.0,
22,2026-06-07,ok,0.2684,53.5,predicted,53.5,53.48,53.39,53.27,53.14,53.0,53.06,normal,drought,False,0.854,0.112,0.034,0.0,0.0,0.29,10.0,
22,2026-06-08,ok,0.2684,53.49,predicted,53.49,53.43,53.32,53.16,53.0,52.83,52.88,normal,drought,False,0.853,0.113,0.035,0.0,0.0,0.29,10.0,
22,2026-06-09,ok,0.2678,53.38,predicted,53.38,53.29,53.13,52.94,52.75,52.55,52.58,normal,drought,False,0.847,0.114,0.039,0.0,0.0,0.29,10.0,
22,2026-06-10,ok,0.2677,53.36,predicted,53.36,53.29,53.15,52.99,52.82,52.64,52.68,normal,drought,False,0.825,0.127,0.048,0.0,0.0,0.29,10.0,
22,2026-06-11,ok,0.2682,53.45,predicted,53.45,53.42,53.32,53.2,53.06,52.91,52.97,normal,drought,False,0.811,0.137,0.051,0.0,0.0,0.29,10.0,
22,2026-06-12,ok,0.2684,53.49,predicted,53.49,53.46,53.38,53.25,53.12,52.96,11.73,normal,drought,False,0.82,0.135,0.045,1.0,0.0,0.29,10.0,
22,2026-06-13,ok,0.2687,53.55,predicted,53.55,53.72,53.91,54.0,54.06,11.73,54.31,normal,drought,False,0.8,0.139,0.061,1.0,0.0,0.29,10.0,
22,2026-06-14,ok,0.2674,53.29,predicted,53.29,53.41,53.48,53.51,11.73,53.47,53.64,normal,drought,False,0.798,0.151,0.052,1.0,0.0,0.29,10.0,
22,2026-06-15,ok,0.2678,53.38,predicted,53.38,53.41,53.38,11.73,53.2,53.08,53.17,normal,drought,False,0.78,0.17,0.05,1.0,0.0,0.29,10.0,
22,2026-06-16,ok,0.2679,53.4,predicted,53.4,53.32,11.73,52.96,52.75,52.53,52.55,normal,drought,False,0.775,0.18,0.044,1.0,0.0,0.29,10.0,
22,2026-06-17,ok,0.2675,53.32,predicted,53.32,11.73,52.94,52.68,52.42,52.16,52.14,normal,drought,False,0.764,0.185,0.051,1.0,0.0,0.29,10.0,
22,2026-06-18,ok,0.0588,11.73,observed,11.73,53.35,53.21,53.03,52.84,52.65,52.67,drought,drought,True,0.761,0.181,0.059,1.0,0.0,0.29,10.0,
22,2026-06-19,ok,0.049,9.77,predicted,9.77,8.03,6.63,5.47,4.57,4.1,12.65,drought,drought,True,0.794,0.17,0.036,7.0,0.0,0.57,6.0,
22,2026-06-20,ok,0.057,11.37,predicted,11.37,11.32,11.27,11.28,11.43,12.65,11.56,drought,drought,True,0.815,0.15,0.035,7.0,0.0,0.29,10.0,
22,2026-06-21,ok,0.0568,11.31,predicted,11.31,11.33,11.36,11.45,12.65,11.83,11.92,drought,drought,True,0.801,0.155,0.044,7.0,0.0,0.29,10.0,
22,2026-06-22,ok,0.0569,11.34,predicted,11.34,11.41,11.5,12.65,11.92,12.13,12.25,drought,drought,True,0.821,0.141,0.038,7.0,0.0,0.29,10.0,
22,2026-06-23,ok,0.0572,11.4,predicted,11.4,11.51,12.65,11.82,12.11,12.37,12.51,drought,drought,True,0.85,0.127,0.023,7.0,0.0,0.29,10.0,
22,2026-06-24,ok,0.0561,11.18,predicted,11.18,12.65,11.15,11.19,11.37,11.5,11.58,drought,drought,True,0.847,0.13,0.023,7.0,0.0,0.29,10.0,
22,2026-06-25,ok,0.0635,12.65,observed,12.65,11.28,11.44,11.64,11.99,12.23,12.42,drought,drought,True,0.799,0.155,0.047,7.0,0.0,0.29,10.0,
22,2026-06-26,ok,0.0622,12.4,predicted,12.4,12.64,12.89,13.16,13.56,13.82,14.0,drought,drought,True,0.655,0.251,0.094,7.0,0.0,0.57,6.0,
22,2026-06-27,ok,0.0635,12.66,predicted,12.66,12.85,13.04,13.27,13.61,13.84,13.96,drought,drought,True,0.718,0.197,0.085,7.0,0.0,0.57,6.0,
22,2026-06-28,ok,0.064,12.76,predicted,12.76,12.82,12.87,12.95,13.15,13.27,13.31,drought,drought,True,0.771,0.17,0.06,7.0,0.0,0.57,6.0,
22,2026-06-29,ok,0.065,12.95,predicted,12.95,13.06,13.16,13.29,13.54,13.71,13.77,drought,drought,True,0.8,0.156,0.044,7.0,0.0,0.57,6.0,
22,2026-06-30,ok,0.0654,13.04,predicted,13.04,13.11,13.16,13.25,13.46,13.59,13.63,drought,drought,True,0.812,0.154,0.034,7.0,0.0,0.57,6.0,
22,2026-07-01,ok,0.0656,13.07,predicted,13.07,13.09,13.12,13.14,13.31,13.39,13.41,drought,drought,True,0.766,0.182,0.052,7.0,0.0,0.57,6.0,
22,2026-07-02,ok,0.0667,13.29,predicted,13.29,13.41,13.54,13.64,13.92,14.04,1.92,drought,drought,True,0.758,0.145,0.097,7.0,0.0,0.57,6.0,
22,2026-07-03,ok,0.0623,12.43,predicted,12.43,12.37,12.35,12.29,12.44,1.92,12.45,drought,drought,True,0.695,0.129,0.176,7.0,0.0,0.29,10.0,
22,2026-07-04,ok,0.0638,12.72,predicted,12.72,12.77,12.82,12.91,1.92,13.28,13.33,drought,drought,True,0.773,0.128,0.099,7.0,0.0,0.29,10.0,
22,2026-07-05,ok,0.0629,12.54,predicted,12.54,12.31,12.08,1.92,11.84,11.78,11.67,drought,drought,True,0.792,0.124,0.084,7.0,0.0,0.29,10.0,
22,2026-07-06,ok,0.0618,12.31,predicted,12.31,12.14,1.92,11.88,11.92,11.93,11.9,drought,drought,True,0.776,0.137,0.087,7.0,0.0,0.29,10.0,
22,2026-07-07,ok,0.0616,12.27,predicted,12.27,1.92,12.32,12.38,12.6,12.74,12.83,drought,drought,True,0.788,0.128,0.084,7.0,0.0,0.29,10.0,
22,2026-07-08,ok,0.0096,1.92,observed,1.92,12.35,12.43,12.5,12.75,12.89,12.98,drought,drought,True,0.808,0.112,0.08,7.0,0.0,0.29,10.0,
22,2026-07-09,ok,0.0043,0.86,predicted,0.86,0.4,0.11,-0.14,-0.06,-0.21,0.01,drought,drought,True,0.833,0.101,0.066,7.0,0.0,0.57,6.0,
22,2026-07-10,ok,0.0057,1.14,predicted,1.14,1.19,1.3,1.39,1.61,1.69,1.89,drought,drought,True,0.846,0.099,0.055,7.0,0.0,0.29,10.0,
22,2026-07-11,ok,0.0058,1.15,predicted,1.15,1.16,1.23,1.29,1.49,1.56,1.74,drought,drought,True,0.846,0.106,0.048,7.0,0.0,0.29,10.0,
22,2026-07-12,ok,0.0053,1.06,predicted,1.06,1.08,1.17,1.25,1.46,1.54,1.74,drought,drought,True,0.84,0.112,0.048,7.0,0.0,0.29,10.0,
22,2026-07-13,ok,0.0052,1.03,predicted,1.03,1.08,1.21,1.32,1.58,1.68,10.69,drought,drought,True,0.82,0.132,0.048,7.0,0.0,0.29,10.0,
22,2026-07-14,ok,0.0053,1.06,predicted,1.06,1.16,1.33,1.49,1.79,10.69,2.2,drought,drought,True,0.771,0.176,0.053,7.0,0.0,0.29,10.0,
22,2026-07-15,ok,0.0053,1.06,predicted,1.06,1.13,1.27,1.4,10.69,1.8,2.04,drought,drought,True,0.747,0.203,0.05,7.0,0.0,0.29,10.0,
22,2026-07-16,ok,0.0052,1.04,predicted,1.04,1.11,1.24,10.69,1.65,1.8,2.05,drought,drought,True,0.749,0.204,0.047,7.0,0.0,0.29,10.0,
22,2026-07-17,ok,0.005,0.99,predicted,0.99,1.08,10.69,1.39,1.68,1.83,2.09,drought,drought,True,0.861,0.104,0.036,7.0,0.0,0.29,10.0,
22,2026-07-18,ok,0.0045,0.9,predicted,0.9,10.69,1.19,1.35,1.66,1.79,2.08,drought,drought,True,0.854,0.107,0.04,7.0,0.0,0.29,10.0,
22,2026-07-19,ok,0.0536,10.69,observed,10.69,1.18,1.45,1.71,2.11,2.33,2.66,drought,drought,True,0.818,0.132,0.051,7.0,0.0,0.29,10.0,
22,2026-07-20,ok,0.0565,11.27,predicted,11.27,11.75,12.16,12.5,12.89,13.2,13.21,drought,drought,True,0.768,0.17,0.062,7.0,0.0,0.57,6.0,
22,2026-07-21,ok,0.0606,12.07,predicted,12.07,12.52,12.89,13.19,13.54,13.81,13.8,drought,drought,True,0.79,0.163,0.046,7.0,0.0,0.57,6.0,
22,2026-07-22,ok,0.0649,12.93,predicted,12.93,13.44,13.86,14.21,14.61,14.91,14.91,drought,drought,True,0.865,0.102,0.032,7.0,0.0,0.57,6.0,
22,2026-07-23,ok,0.0512,10.21,predicted,10.21,10.14,10.12,10.1,10.26,10.32,10.38,drought,drought,True,0.896,0.069,0.035,7.0,0.0,0.29,10.0,
22,2026-07-24,ok,0.0513,10.22,predicted,10.22,10.13,10.09,10.05,10.2,10.24,10.29,drought,drought,True,0.888,0.073,0.039,7.0,0.0,0.29,10.0,
22,2026-07-25,ok,0.0513,10.22,predicted,10.22,10.13,10.1,10.04,10.19,10.23,10.27,drought,drought,True,0.875,0.073,0.052,7.0,0.0,0.29,10.0,
22,2026-07-26,ok,0.0513,10.23,predicted,10.23,10.12,10.08,10.01,10.15,10.17,10.2,drought,drought,True,0.86,0.073,0.067,7.0,0.0,0.29,10.0,
23,2026-03-25,ok,0.5395,47.24,observed,47.24,69.08,68.81,68.58,68.51,68.46,68.17,normal,normal,True,0.389,0.599,0.013,0.0,5.0,0.29,10.0,
23,2026-03-26,ok,0.5147,45.07,predicted,45.07,44.05,43.17,42.49,41.89,41.62,41.53,normal,normal,True,0.321,0.665,0.014,0.0,0.0,0.57,6.0,
23,2026-03-27,ok,0.492,43.09,predicted,43.09,42.08,41.21,40.53,39.92,39.63,39.54,normal,normal,True,0.275,0.709,0.016,0.0,0.0,0.57,6.0,
23,2026-03-28,ok,0.4698,41.14,predicted,41.14,40.13,39.25,38.55,37.91,37.59,37.49,normal,normal,True,0.275,0.708,0.017,0.0,0.0,0.57,6.0,
23,2026-03-29,ok,0.5424,47.5,predicted,47.5,47.46,47.34,47.21,47.05,46.89,46.9,normal,normal,True,0.313,0.671,0.016,0.0,0.0,0.29,10.0,
23,2026-03-30,ok,0.5424,47.5,predicted,47.5,47.46,47.33,47.2,47.04,46.87,46.88,normal,normal,True,0.335,0.649,0.016,0.0,0.0,0.29,10.0,
23,2026-03-31,ok,0.5427,47.53,predicted,47.53,47.5,47.38,47.26,47.11,46.95,46.96,normal,normal,True,0.324,0.66,0.016,0.0,0.0,0.29,10.0,
23,2026-04-01,ok,0.5425,47.5,predicted,47.5,47.46,47.3,47.16,46.99,46.82,58.15,normal,normal,True,0.294,0.689,0.017,0.0,0.0,0.29,10.0,
23,2026-04-02,ok,0.5429,47.55,predicted,47.55,47.53,47.41,47.3,47.15,58.15,47.02,normal,normal,True,0.267,0.716,0.017,0.0,0.0,0.29,10.0,
23,2026-04-03,ok,0.5434,47.59,predicted,47.59,47.61,47.57,47.51,58.15,47.29,47.37,normal,normal,True,0.331,0.655,0.014,0.0,0.0,0.29,10.0,
23,2026-04-04,ok,0.5409,47.37,predicted,47.37,47.38,47.35,58.15,47.2,47.1,47.2,normal,normal,True,0.328,0.656,0.016,0.0,0.0,0.29,10.0,
23,2026-04-05,ok,0.5414,47.41,predicted,47.41,47.61,58.15,47.9,47.98,48.02,48.21,normal,normal,True,0.313,0.669,0.017,0.0,0.0,0.29,10.0,
23,2026-04-06,ok,0.5415,47.42,predicted,47.42,58.15,47.58,47.61,47.6,47.56,47.66,normal,normal,True,0.309,0.675,0.017,0.0,0.0,0.29,10.0,
23,2026-04-07,ok,0.664,58.15,observed,58.15,47.61,47.6,47.56,47.48,47.38,47.46,normal,normal,True,0.395,0.589,0.016,0.0,0.0,0.29,10.0,
23,2026-04-08,ok,0.6792,59.48,predicted,59.48,59.87,60.02,60.11,60.18,60.08,60.02,normal,normal,True,0.454,0.531,0.015,0.0,0.0,0.57,6.0,
23,2026-04-09,ok,0.669,58.58,predicted,58.58,58.49,58.3,58.14,58.04,57.93,57.85,normal,drought,False,0.554,0.434,0.012,0.0,0.0,0.29,10.0,
23,2026-04-10,ok,0.67,58.67,predicted,58.67,58.61,58.45,58.32,58.25,58.16,58.1,normal,drought,False,0.633,0.358,0.01,0.0,0.0,0.29,10.0,
23,2026-04-11,ok,0.6691,58.59,predicted,58.59,58.45,58.19,57.98,57.83,57.67,57.56,normal,drought,False,0.661,0.33,0.008,0.0,0.0,0.29,10.0,
23,2026-04-12,ok,0.6698,58.66,predicted,58.66,58.56,58.36,58.2,58.1,57.98,57.9,normal,drought,False,0.687,0.304,0.008,0.0,0.0,0.29,10.0,
23,2026-04-13,ok,0.6702,58.69,predicted,58.69,58.63,58.49,58.37,58.32,58.24,48.59,normal,drought,False,0.708,0.284,0.008,0.0,0.0,0.29,10.0,
23,2026-04-14,ok,0.6697,58.65,predicted,58.65,58.65,58.61,58.57,58.58,48.59,58.58,normal,drought,False,0.729,0.261,0.01,0.0,0.0,0.29,10.0,
23,2026-04-15,ok,0.6686,58.55,predicted,58.55,58.59,58.57,58.55,48.59,58.59,58.63,normal,drought,False,0.723,0.27,0.008,0.0,0.0,0.29,10.0,
23,2026-04-16,ok,0.6687,58.56,predicted,58.56,58.55,58.46,48.59,58.38,58.33,58.32,normal,drought,False,0.725,0.268,0.008,0.0,0.0,0.29,10.0,
23,2026-04-17,ok,0.669,58.58,predicted,58.58,58.49,48.59,58.14,58.04,57.93,57.85,normal,drought,False,0.726,0.267,0.007,0.0,0.0,0.29,10.0,
23,2026-04-18,ok,0.6691,58.6,predicted,58.6,48.59,58.19,57.97,57.82,57.67,57.55,normal,drought,False,0.726,0.267,0.007,0.0,0.0,0.29,10.0,
23,2026-04-19,ok,0.5549,48.59,observed,48.59,58.52,58.27,58.05,57.91,57.75,57.64,normal,drought,False,0.75,0.243,0.006,0.0,0.0,0.29,10.0,
23,2026-04-20,ok,0.5469,47.9,predicted,47.9,47.36,46.82,46.37,45.94,45.66,45.58,normal,drought,False,0.772,0.222,0.006,0.0,0.0,0.57,6.0,
23,2026-04-21,ok,0.539,47.2,predicted,47.2,46.75,46.35,46.01,45.68,45.48,45.5,normal,drought,False,0.783,0.208,0.008,0.0,0.0,0.57,6.0,
23,2026-04-22,ok,0.557,48.78,predicted,48.78,48.78,48.72,48.64,48.54,48.42,48.49,normal,drought,False,0.765,0.228,0.007,0.0,0.0,0.29,10.0,
23,2026-04-23,ok,0.5579,48.85,predicted,48.85,48.97,49.02,49.05,49.05,49.02,49.14,normal,drought,False,0.759,0.234,0.007,0.0,0.0,0.29,10.0,
23,2026-04-24,ok,0.558,48.86,predicted,48.86,48.94,48.94,48.93,48.88,48.8,48.9,normal,drought,False,0.749,0.244,0.007,0.0,0.0,0.29,10.0,
23,2026-04-25,ok,0.5574,48.81,predicted,48.81,48.81,48.72,48.63,48.5,48.36,41.78,normal,drought,False,0.741,0.251,0.008,0.0,0.0,0.29,10.0,
23,2026-04-26,ok,0.5567,48.75,predicted,48.75,48.69,48.53,48.39,48.2,41.78,48.02,normal,drought,False,0.712,0.281,0.007,0.0,0.0,0.29,10.0,
23,2026-04-27,ok,0.5581,48.87,predicted,48.87,48.85,48.74,48.63,41.78,48.33,48.34,normal,drought,False,0.725,0.267,0.008,0.0,0.0,0.29,10.0,
23,2026-04-28,ok,0.5586,48.92,predicted,48.92,48.93,48.89,41.78,48.72,48.6,48.66,normal,drought,False,0.747,0.245,0.009,0.0,0.0,0.29,10.0,
23,2026-04-29,ok,0.557,48.78,predicted,48.78,48.8,41.78,48.68,48.59,48.47,48.54,normal,drought,False,0.743,0.249,0.008,0.0,0.0,0.29,10.0,
23,2026-04-30,ok,0.5574,48.81,predicted,48.81,41.78,49.01,49.05,49.06,49.03,49.17,normal,drought,False,0.738,0.254,0.008,0.0,0.0,0.29,10.0,
23,2026-05-01,ok,0.4771,41.78,observed,41.78,48.99,49.1,49.17,49.2,49.19,49.34,normal,drought,False,0.725,0.266,0.009,0.0,0.0,0.29,10.0,
23,2026-05-02,ok,0.4697,41.13,predicted,41.13,40.8,40.47,40.19,39.87,39.66,39.66,normal,drought,False,0.739,0.254,0.008,0.0,0.0,0.57,6.0,
23,2026-05-03,ok,0.4641,40.64,predicted,40.64,40.28,39.92,39.6,39.24,39.01,38.97,normal,drought,False,0.752,0.241,0.007,0.0,0.0,0.57,6.0,
23,2026-05-04,ok,0.4791,41.95,predicted,41.95,41.94,41.84,41.74,41.59,41.43,41.44,normal,drought,False,0.759,0.233,0.008,0.0,0.0,0.29,10.0,
23,2026-05-05,ok,0.4784,41.89,predicted,41.89,41.82,41.65,41.49,41.28,41.08,41.05,normal,drought,False,0.773,0.22,0.007,0.0,0.0,0.29,10.0,
23,2026-05-06,ok,0.479,41.95,predicted,41.95,41.98,41.96,41.92,41.82,41.72,41.78,normal,drought,False,0.796,0.195,0.01,0.0,0.0,0.29,10.0,
23,2026-05-07,ok,0.4773,41.8,predicted,41.8,41.79,41.72,41.66,41.54,41.43,45.48,normal,drought,False,0.792,0.2,0.008,0.0,0.0,0.29,10.0,
23,2026-05-08,ok,0.4785,41.9,predicted,41.9,42.04,42.15,42.24,42.26,45.48,42.41,normal,drought,False,0.792,0.202,0.007,0.0,0.0,0.29,10.0,
23,2026-05-09,ok,0.4779,41.85,predicted,41.85,41.99,42.12,42.22,45.48,42.26,42.42,normal,drought,False,0.786,0.207,0.007,0.0,0.0,0.29,10.0,
23,2026-05-10,ok,0.4779,41.85,predicted,41.85,42.07,42.27,45.48,42.53,42.59,42.8,normal,drought,False,0.761,0.23,0.009,0.0,0.0,0.29,10.0,
23,2026-05-11,ok,0.4778,41.84,predicted,41.84,42.22,45.48,43.08,43.35,43.62,43.96,normal,drought,False,0.519,0.451,0.03,0.0,0.0,0.29,10.0,
23,2026-05-12,ok,0.4793,41.98,predicted,41.98,45.48,43.55,44.29,44.89,45.41,45.94,normal,drought,False,0.514,0.455,0.031,0.0,0.0,0.29,10.0,
23,2026-05-13,ok,0.5193,45.48,observed,45.48,42.43,43.02,43.52,43.89,44.21,44.59,normal,normal,True,0.447,0.516,0.037,0.0,0.0,0.29,10.0,
23,2026-05-14,ok,0.5291,46.33,predicted,46.33,47.39,48.46,49.35,50.07,50.61,51.17,normal,normal,True,0.408,0.531,0.062,0.0,0.0,0.57,6.0,
23,2026-05-15,ok,0.5293,46.35,predicted,46.35,46.88,47.33,47.66,47.85,47.94,48.16,normal,normal,True,0.403,0.527,0.07,0.0,0.0,0.57,6.0,
23,2026-05-16,ok,0.5195,45.49,predicted,45.49,45.5,45.46,45.33,45.13,44.93,44.93,normal,normal,True,0.402,0.523,0.075,0.0,0.0,0.29,10.0,
23,2026-05-17,ok,0.5189,45.44,predicted,45.44,45.37,45.23,45.03,44.77,44.52,44.47,normal,normal,True,0.434,0.515,0.051,0.0,0.0,0.29,10.0,
23,2026-05-18,ok,0.5196,45.5,predicted,45.5,45.41,45.22,44.99,44.72,44.45,44.36,normal,drought,False,0.501,0.477,0.022,0.0,0.0,0.29,10.0,
23,2026-05-19,ok,0.5206,45.59,predicted,45.59,45.47,45.26,45.02,44.73,44.45,44.35,normal,drought,False,0.58,0.406,0.014,0.0,0.0,0.29,10.0,
23,2026-05-20,ok,0.5203,45.56,predicted,45.56,45.44,45.22,44.98,44.7,44.42,44.33,normal,drought,False,0.569,0.416,0.014,0.0,0.0,0.29,10.0,
23,2026-05-21,ok,0.5209,45.61,predicted,45.61,45.57,45.43,45.28,45.08,44.88,44.85,normal,drought,False,0.571,0.415,0.013,0.0,0.0,0.29,10.0,
23,2026-05-22,ok,0.5208,45.61,predicted,45.61,45.57,45.44,45.3,45.13,44.94,44.93,normal,drought,False,0.558,0.429,0.013,0.0,0.0,0.29,10.0,
23,2026-05-23,ok,0.5221,45.72,predicted,45.72,45.78,45.78,45.76,45.69,45.59,45.67,normal,drought,False,0.525,0.461,0.014,0.0,0.0,0.29,10.0,
23,2026-05-24,ok,0.52,45.54,predicted,45.54,45.52,45.42,45.32,45.17,45.02,45.05,normal,drought,False,0.517,0.469,0.015,0.0,0.0,0.29,10.0,
23,2026-05-25,ok,0.521,45.62,predicted,45.62,45.7,45.72,45.73,45.68,45.61,45.72,normal,drought,False,0.576,0.411,0.014,0.0,0.0,0.29,10.0,
23,2026-05-26,ok,0.5209,45.62,predicted,45.62,45.68,45.68,45.67,45.61,45.53,45.62,normal,drought,False,0.578,0.409,0.013,0.0,0.0,0.29,10.0,
23,2026-05-27,ok,0.5213,45.65,predicted,45.65,45.71,45.7,45.68,45.6,45.51,45.59,normal,drought,False,0.593,0.393,0.014,0.0,0.0,0.29,10.0,
23,2026-05-28,rejected,,,,,,,,,,,,,,,,,,,,,no storage data available for this tank
23,2026-05-29,rejected,,,,,,,,,,,,,,,,,,,,,no storage data available for this tank
23,2026-05-30,rejected,,,,,,,,,,,,,,,,,,,,,no storage data available for this tank
23,2026-05-31,rejected,,,,,,,,,,,,,,,,,,,,,no storage data available for this tank
23,2026-06-01,rejected,,,,,,,,,,,,,,,,,,,,,no storage data available for this tank
23,2026-06-02,rejected,,,,,,,,,,,,,,,,,,,,,no storage data available for this tank
23,2026-06-03,rejected,,,,,,,,,,,,,,,,,,,,,no storage data available for this tank
23,2026-06-04,rejected,,,,,,,,,,,,,,,,,,,,,no storage data available for this tank
23,2026-06-05,rejected,,,,,,,,,,,,,,,,,,,,,no storage data available for this tank
23,2026-06-06,ok,0.1435,12.56,predicted,12.56,12.31,12.11,11.99,12.01,12.07,12.07,drought,drought,True,0.628,0.364,0.008,7.0,0.0,0.29,10.0,
23,2026-06-07,ok,0.1441,12.62,predicted,12.62,12.55,12.54,12.62,12.83,13.04,13.16,drought,drought,True,0.63,0.362,0.008,7.0,0.0,0.29,10.0,
23,2026-06-08,ok,0.145,12.7,predicted,12.7,12.65,12.66,12.79,13.02,13.27,13.4,drought,drought,True,0.634,0.358,0.008,7.0,0.0,0.29,10.0,
23,2026-06-09,ok,0.1439,12.6,predicted,12.6,12.48,12.41,12.46,12.6,12.8,12.9,drought,drought,True,0.627,0.365,0.009,7.0,0.0,0.29,10.0,
23,2026-06-10,ok,0.1426,12.49,predicted,12.49,12.36,12.3,12.33,12.48,12.66,12.76,drought,drought,True,0.632,0.359,0.009,7.0,0.0,0.29,10.0,
23,2026-06-11,ok,0.1435,12.56,predicted,12.56,12.52,12.56,12.67,12.93,13.17,13.32,drought,drought,True,0.646,0.345,0.009,7.0,0.0,0.29,10.0,
23,2026-06-12,ok,0.145,12.7,predicted,12.7,12.69,12.74,12.91,13.19,13.47,40.41,drought,drought,True,0.656,0.336,0.009,6.0,0.0,0.29,10.0,
23,2026-06-13,ok,0.1439,12.6,predicted,12.6,12.71,12.91,13.29,13.68,40.41,14.46,drought,drought,True,0.648,0.339,0.013,6.0,0.0,0.29,10.0,
23,2026-06-14,ok,0.1418,12.41,predicted,12.41,12.42,12.48,12.68,40.41,13.29,13.5,drought,drought,True,0.626,0.363,0.011,6.0,0.0,0.29,10.0,
23,2026-06-15,ok,0.1413,12.38,predicted,12.38,12.39,12.46,40.41,12.9,13.18,13.37,drought,drought,True,0.635,0.356,0.009,6.0,0.0,0.29,10.0,
23,2026-06-16,ok,0.1434,12.56,predicted,12.56,12.65,40.41,13.03,13.39,13.7,13.91,drought,drought,True,0.66,0.331,0.009,6.0,0.0,0.29,10.0,
23,2026-06-17,ok,0.1442,12.63,predicted,12.63,40.41,12.49,12.51,12.68,12.81,12.89,drought,drought,True,0.676,0.315,0.009,6.0,0.0,0.29,10.0,
23,2026-06-18,ok,0.4614,40.41,observed,40.41,12.62,12.52,12.5,12.62,12.73,12.77,normal,drought,False,0.685,0.307,0.008,6.0,0.0,0.29,10.0,
23,2026-06-19,ok,0.4822,42.23,predicted,42.23,44.21,45.73,47.06,48.14,48.78,43.39,normal,drought,False,0.69,0.303,0.008,0.0,0.0,0.57,6.0,
23,2026-06-20,ok,0.4617,40.43,predicted,40.43,40.4,40.31,40.22,40.07,43.39,39.95,normal,drought,False,0.694,0.299,0.008,0.0,0.0,0.29,10.0,
23,2026-06-21,ok,0.4622,40.47,predicted,40.47,40.5,40.48,40.44,43.39,40.25,40.3,normal,drought,False,0.686,0.306,0.008,0.0,0.0,0.29,10.0,
23,2026-06-22,ok,0.4623,40.48,predicted,40.48,40.53,40.53,43.39,40.45,40.37,40.44,normal,drought,False,0.695,0.296,0.008,0.0,0.0,0.29,10.0,
23,2026-06-23,ok,0.4622,40.47,predicted,40.47,40.56,43.39,40.65,40.62,40.58,40.7,normal,drought,False,0.68,0.31,0.01,0.0,0.0,0.29,10.0,
23,2026-06-24,ok,0.461,40.37,predicted,40.37,43.39,40.4,40.39,40.32,40.25,40.33,normal,drought,False,0.671,0.32,0.009,0.0,0.0,0.29,10.0,
23,2026-06-25,ok,0.4955,43.39,observed,43.39,40.6,40.65,40.68,40.66,40.63,40.72,normal,drought,False,0.683,0.308,0.009,0.0,0.0,0.29,10.0,
23,2026-06-26,ok,0.503,44.05,predicted,44.05,44.45,44.71,44.93,45.07,45.09,45.22,normal,drought,False,0.683,0.309,0.009,0.0,0.0,0.57,6.0,
23,2026-06-27,ok,0.5079,44.48,predicted,44.48,44.84,45.08,45.26,45.36,45.35,45.47,normal,drought,False,0.72,0.272,0.008,0.0,0.0,0.57,6.0,
23,2026-06-28,ok,0.5123,44.86,predicted,44.86,45.21,45.42,45.58,45.67,45.65,45.75,normal,drought,False,0.721,0.272,0.007,0.0,0.0,0.57,6.0,
23,2026-06-29,ok,0.5179,45.35,predicted,45.35,45.72,45.95,46.12,46.22,46.21,46.33,normal,drought,False,0.719,0.275,0.007,0.0,0.0,0.57,6.0,
23,2026-06-30,ok,0.5222,45.72,predicted,45.72,46.03,46.19,46.31,46.35,46.3,46.38,normal,drought,False,0.709,0.285,0.006,0.0,0.0,0.57,6.0,
23,2026-07-01,ok,0.5272,46.16,predicted,46.16,46.48,46.63,46.75,46.8,46.75,46.82,normal,drought,False,0.655,0.339,0.007,0.0,0.0,0.57,6.0,
23,2026-07-02,ok,0.5337,46.73,predicted,46.73,47.08,47.27,47.41,47.49,47.46,15.18,normal,drought,False,0.594,0.397,0.009,1.0,0.0,0.57,6.0,
23,2026-07-03,ok,0.4987,43.67,predicted,43.67,43.63,43.47,43.32,43.12,15.18,42.89,normal,drought,False,0.504,0.484,0.012,1.0,0.0,0.29,10.0,
23,2026-07-04,ok,0.4994,43.73,predicted,43.73,43.69,43.56,43.42,15.18,43.05,43.05,normal,normal,True,0.493,0.496,0.011,1.0,0.0,0.29,10.0,
23,2026-07-05,ok,0.4966,43.49,predicted,43.49,43.34,43.09,15.18,42.58,42.33,42.27,normal,normal,True,0.454,0.534,0.012,1.0,0.0,0.29,10.0,
23,2026-07-06,ok,0.4972,43.54,predicted,43.54,43.51,15.18,43.28,43.12,42.98,42.98,normal,normal,True,0.388,0.598,0.014,1.0,0.0,0.29,10.0,
23,2026-07-07,ok,0.4984,43.65,predicted,43.65,15.18,43.61,43.54,43.44,43.33,43.36,normal,normal,True,0.329,0.655,0.016,1.0,0.0,0.29,10.0,
23,2026-07-08,ok,0.1733,15.18,observed,15.18,43.65,43.53,43.42,43.26,43.11,43.11,drought,normal,False,0.28,0.702,0.018,1.0,0.0,0.29,10.0,
23,2026-07-09,ok,0.1542,13.5,predicted,13.5,12.02,10.81,9.77,8.98,8.52,8.24,drought,normal,False,0.263,0.717,0.02,7.0,0.0,0.57,6.0,
23,2026-07-10,ok,0.1777,15.56,predicted,15.56,15.34,15.17,15.06,15.09,15.14,15.1,drought,normal,False,0.285,0.697,0.018,7.0,0.0,0.29,10.0,
23,2026-07-11,ok,0.1773,15.53,predicted,15.53,15.28,15.08,14.95,14.95,15.0,14.95,drought,normal,False,0.276,0.706,0.018,7.0,0.0,0.29,10.0,
23,2026-07-12,ok,0.1764,15.45,predicted,15.45,15.2,15.0,14.88,14.89,14.94,14.91,drought,normal,False,0.277,0.704,0.019,7.0,0.0,0.29,10.0,
23,2026-07-13,ok,0.1766,15.46,predicted,15.46,15.27,15.13,15.07,15.14,15.24,39.19,drought,normal,False,0.26,0.721,0.02,6.0,0.0,0.29,10.0,
23,2026-07-14,ok,0.1771,15.51,predicted,15.51,15.35,15.25,15.23,15.33,39.19,15.48,drought,normal,False,0.283,0.698,0.019,6.0,0.0,0.29,10.0,
23,2026-07-15,ok,0.1768,15.48,predicted,15.48,15.28,15.13,15.06,39.19,15.21,15.2,drought,normal,False,0.33,0.654,0.016,6.0,0.0,0.29,10.0,
23,2026-07-16,ok,0.1765,15.46,predicted,15.46,15.27,15.13,39.19,15.14,15.25,15.26,drought,normal,False,0.35,0.636,0.015,6.0,0.0,0.29,10.0,
23,2026-07-17,ok,0.1763,15.44,predicted,15.44,15.29,39.19,15.18,15.29,15.44,15.48,drought,normal,False,0.319,0.666,0.015,6.0,0.0,0.29,10.0,
23,2026-07-18,ok,0.1759,15.4,predicted,15.4,39.19,15.18,15.16,15.29,15.43,15.47,drought,normal,False,0.254,0.728,0.018,6.0,0.0,0.29,10.0,
23,2026-07-19,ok,0.4476,39.19,observed,39.19,15.47,15.48,15.57,15.78,15.99,16.08,normal,normal,True,0.272,0.71,0.018,6.0,0.0,0.29,10.0,
23,2026-07-20,ok,0.4693,41.1,predicted,41.1,43.04,44.51,45.8,46.84,47.48,47.83,normal,normal,True,0.275,0.707,0.018,0.0,0.0,0.57,6.0,
23,2026-07-21,ok,0.4951,43.36,predicted,43.36,45.37,46.9,48.26,49.38,50.05,50.46,normal,normal,True,0.322,0.662,0.016,0.0,0.0,0.57,6.0,
23,2026-07-22,ok,0.5215,45.67,predicted,45.67,47.76,49.37,50.8,51.99,52.71,53.18,normal,normal,True,0.38,0.606,0.014,0.0,0.0,0.57,6.0,
23,2026-07-23,ok,0.4501,39.42,predicted,39.42,39.33,39.16,39.0,38.81,38.63,38.58,normal,normal,True,0.405,0.581,0.014,0.0,0.0,0.29,10.0,
23,2026-07-24,ok,0.4505,39.45,predicted,39.45,39.37,39.2,39.05,38.86,38.69,38.65,normal,normal,True,0.376,0.609,0.016,0.0,0.0,0.29,10.0,
23,2026-07-25,ok,0.4509,39.48,predicted,39.48,39.41,39.24,39.08,38.89,38.72,38.67,normal,normal,True,0.359,0.625,0.017,0.0,0.0,0.29,10.0,
23,2026-07-26,ok,0.451,39.5,predicted,39.5,39.4,39.2,39.03,38.82,38.63,38.56,normal,normal,True,0.355,0.628,0.017,0.0,0.0,0.29,10.0,
24,2026-03-25,ok,0.1591,74.28,predicted,74.28,64.13,73.7,73.37,73.22,73.1,72.67,overflow,normal,False,0.34,0.491,0.169,0.0,7.0,0.29,10.0,
24,2026-03-26,ok,0.1373,64.13,observed,64.13,74.02,73.67,73.33,73.18,73.06,72.63,overflow,normal,False,0.365,0.509,0.126,0.0,7.0,0.29,10.0,
24,2026-03-27,ok,0.1366,63.79,predicted,63.79,63.23,62.68,62.28,62.09,62.02,61.83,overflow,normal,False,0.38,0.531,0.089,0.0,4.0,0.57,6.0,
24,2026-03-28,ok,0.1349,63.0,predicted,63.0,62.45,61.92,61.52,61.33,61.26,61.09,overflow,normal,False,0.374,0.521,0.105,0.0,2.0,0.57,6.0,
24,2026-03-29,ok,0.1387,64.75,predicted,64.75,64.56,64.28,64.04,63.93,63.82,63.63,overflow,normal,False,0.361,0.548,0.09,0.0,7.0,0.29,10.0,
24,2026-03-30,ok,0.1388,64.79,predicted,64.79,64.63,64.38,64.16,64.08,63.98,63.82,overflow,normal,False,0.345,0.566,0.089,0.0,7.0,0.29,10.0,
24,2026-03-31,ok,0.1389,64.84,predicted,64.84,64.71,64.49,64.3,64.25,64.17,64.03,overflow,normal,False,0.338,0.569,0.093,0.0,7.0,0.29,10.0,
24,2026-04-01,ok,0.1389,64.83,predicted,64.83,64.67,64.4,64.17,64.07,63.96,60.93,overflow,normal,False,0.323,0.569,0.108,0.0,6.0,0.29,10.0,
24,2026-04-02,ok,0.1389,64.84,predicted,64.84,64.66,64.38,64.14,64.03,60.93,63.73,overflow,normal,False,0.314,0.581,0.105,0.0,6.0,0.29,10.0,
24,2026-04-03,ok,0.1389,64.84,predicted,64.84,64.69,64.48,64.27,60.93,64.09,63.96,overflow,normal,False,0.387,0.545,0.068,0.0,6.0,0.29,10.0,
24,2026-04-04,ok,0.1384,64.63,predicted,64.63,64.54,64.39,60.93,64.24,64.19,64.11,overflow,normal,False,0.408,0.533,0.06,0.0,6.0,0.29,10.0,
24,2026-04-05,ok,0.1383,64.6,predicted,64.6,64.64,60.93,64.61,64.72,64.77,64.76,overflow,normal,False,0.413,0.525,0.062,0.0,6.0,0.29,10.0,
24,2026-04-06,ok,0.1385,64.67,predicted,64.67,60.93,64.51,64.42,64.44,64.43,64.35,overflow,normal,False,0.378,0.555,0.067,0.0,6.0,0.29,10.0,
24,2026-04-07,ok,0.1305,60.93,observed,60.93,64.69,64.5,64.32,64.26,64.18,64.05,normal,normal,True,0.411,0.526,0.064,0.0,6.0,0.29,10.0,
24,2026-04-08,ok,0.1309,61.13,predicted,61.13,60.82,60.44,60.13,59.93,59.78,59.64,normal,normal,True,0.378,0.563,0.06,0.0,0.0,0.57,6.0,
24,2026-04-09,ok,0.1305,60.93,predicted,60.93,60.66,60.33,60.05,59.9,59.78,59.66,normal,normal,True,0.336,0.615,0.048,0.0,0.0,0.57,6.0,
24,2026-04-10,ok,0.132,61.64,predicted,61.64,61.54,61.34,61.16,61.07,60.97,60.87,normal,normal,True,0.33,0.632,0.038,0.0,0.0,0.29,10.0,
24,2026-04-11,ok,0.1318,61.54,predicted,61.54,61.34,61.02,60.73,60.54,60.36,60.19,normal,normal,True,0.3,0.663,0.036,0.0,0.0,0.29,10.0,
24,2026-04-12,ok,0.1319,61.61,predicted,61.61,61.45,61.19,60.96,60.82,60.68,60.54,normal,normal,True,0.318,0.644,0.038,0.0,0.0,0.29,10.0,
24,2026-04-13,ok,0.132,61.65,predicted,61.65,61.55,61.37,61.21,61.14,61.05,45.33,normal,normal,True,0.363,0.593,0.044,0.0,0.0,0.29,10.0,
24,2026-04-14,ok,0.1319,61.58,predicted,61.58,61.54,61.45,61.35,61.34,45.33,61.27,normal,normal,True,0.399,0.555,0.046,0.0,0.0,0.29,10.0,
24,2026-04-15,ok,0.1317,61.49,predicted,61.49,61.51,61.47,61.43,45.33,61.47,61.49,normal,normal,True,0.396,0.553,0.05,0.0,0.0,0.29,10.0,
24,2026-04-16,ok,0.1318,61.54,predicted,61.54,61.52,61.43,45.33,61.33,61.29,61.27,normal,normal,True,0.387,0.546,0.067,0.0,0.0,0.29,10.0,
24,2026-04-17,ok,0.1318,61.53,predicted,61.53,61.39,45.33,60.91,60.76,60.62,60.49,normal,normal,True,0.337,0.6,0.063,0.0,0.0,0.29,10.0,
24,2026-04-18,ok,0.1318,61.54,predicted,61.54,45.33,60.98,60.67,60.46,60.27,60.09,normal,normal,True,0.303,0.655,0.043,0.0,0.0,0.29,10.0,
24,2026-04-19,ok,0.0971,45.33,observed,45.33,61.42,61.11,60.83,60.64,60.47,60.3,normal,normal,True,0.264,0.707,0.029,0.0,0.0,0.29,10.0,
24,2026-04-20,ok,0.0942,43.99,predicted,43.99,43.14,42.33,41.63,40.97,40.55,40.4,normal,normal,True,0.278,0.693,0.029,0.0,0.0,0.57,6.0,
24,2026-04-21,ok,0.0916,42.79,predicted,42.79,42.01,41.35,40.77,40.2,39.87,39.83,normal,normal,True,0.326,0.645,0.029,0.0,0.0,0.57,6.0,
24,2026-04-22,ok,0.0976,45.57,predicted,45.57,45.62,45.6,45.56,45.47,45.35,45.45,normal,normal,True,0.303,0.667,0.03,0.0,0.0,0.29,10.0,
24,2026-04-23,ok,0.0978,45.66,predicted,45.66,45.82,45.91,45.96,45.95,45.91,46.07,normal,normal,True,0.311,0.658,0.032,0.0,0.0,0.29,10.0,
24,2026-04-24,ok,0.0977,45.64,predicted,45.64,45.7,45.69,45.64,45.53,45.4,45.5,normal,normal,True,0.278,0.689,0.033,0.0,0.0,0.29,10.0,
24,2026-04-25,ok,0.0976,45.59,predicted,45.59,45.58,45.49,45.37,45.18,45.0,44.01,normal,normal,True,0.289,0.676,0.035,0.0,0.0,0.29,10.0,
24,2026-04-26,ok,0.0976,45.55,predicted,45.55,45.51,45.35,45.18,44.96,44.01,44.75,normal,normal,True,0.271,0.688,0.041,0.0,0.0,0.29,10.0,
24,2026-04-27,ok,0.0979,45.7,predicted,45.7,45.69,45.58,45.44,44.01,45.06,45.08,normal,normal,True,0.299,0.653,0.048,0.0,0.0,0.29,10.0,
24,2026-04-28,ok,0.0977,45.63,predicted,45.63,45.58,45.47,44.01,45.11,44.9,44.93,normal,normal,True,0.345,0.613,0.041,0.0,0.0,0.29,10.0,
24,2026-04-29,ok,0.0976,45.57,predicted,45.57,45.6,44.01,45.48,45.35,45.2,45.28,normal,normal,True,0.314,0.654,0.032,0.0,0.0,0.29,10.0,
24,2026-04-30,ok,0.0976,45.58,predicted,45.58,44.01,45.72,45.72,45.65,45.57,45.7,normal,normal,True,0.286,0.683,0.031,0.0,0.0,0.29,10.0,
24,2026-05-01,ok,0.0942,44.01,observed,44.01,45.76,45.88,45.96,45.96,45.92,46.09,normal,normal,True,0.276,0.691,0.033,0.0,0.0,0.29,10.0,
24,2026-05-02,ok,0.0944,44.09,predicted,44.09,44.11,44.06,43.99,43.85,43.72,43.81,normal,normal,True,0.259,0.709,0.033,0.0,0.0,0.57,6.0,
24,2026-05-03,ok,0.0943,44.02,predicted,44.02,43.94,43.77,43.58,43.35,43.13,43.13,normal,normal,True,0.291,0.674,0.035,0.0,0.0,0.57,6.0,
24,2026-05-04,ok,0.0949,44.3,predicted,44.3,44.24,44.09,43.9,43.67,43.43,43.42,normal,normal,True,0.402,0.554,0.044,0.0,0.0,0.29,10.0,
24,2026-05-05,ok,0.0948,44.25,predicted,44.25,44.16,43.98,43.78,43.52,43.27,43.25,normal,normal,True,0.416,0.54,0.044,0.0,0.0,0.29,10.0,
24,2026-05-06,ok,0.0948,44.29,predicted,44.29,44.3,44.26,44.17,44.03,43.86,43.92,normal,normal,True,0.454,0.506,0.04,0.0,0.0,0.29,10.0,
24,2026-05-07,ok,0.0947,44.22,predicted,44.22,44.26,44.23,44.18,44.07,43.94,34.06,normal,normal,True,0.444,0.519,0.037,0.0,0.0,0.29,10.0,
24,2026-05-08,ok,0.0949,44.3,predicted,44.3,44.43,44.51,44.54,44.51,34.06,44.59,normal,normal,True,0.442,0.523,0.034,0.0,0.0,0.29,10.0,
24,2026-05-09,ok,0.0946,44.19,predicted,44.19,44.27,44.33,44.33,34.06,44.17,44.31,normal,normal,True,0.389,0.578,0.034,0.0,0.0,0.29,10.0,
24,2026-05-10,ok,0.0947,44.2,predicted,44.2,44.41,44.59,34.06,44.75,44.76,44.96,normal,normal,True,0.414,0.549,0.037,0.0,0.0,0.29,10.0,
24,2026-05-11,ok,0.0947,44.23,predicted,44.23,44.61,34.06,45.38,45.59,45.79,46.13,normal,normal,True,0.453,0.493,0.055,0.0,0.0,0.29,10.0,
24,2026-05-12,ok,0.0949,44.3,predicted,44.3,34.06,45.67,46.26,46.73,47.12,47.6,normal,normal,True,0.446,0.497,0.057,0.0,0.0,0.29,10.0,
24,2026-05-13,ok,0.0729,34.06,observed,34.06,44.8,45.36,45.8,46.11,46.36,46.74,normal,normal,True,0.424,0.514,0.062,0.0,0.0,0.29,10.0,
24,2026-05-14,ok,0.0715,33.37,predicted,33.37,33.32,33.47,33.58,33.61,33.78,34.01,normal,normal,True,0.44,0.506,0.055,0.0,0.0,0.57,6.0,
24,2026-05-15,ok,0.0694,32.39,predicted,32.39,32.08,31.89,31.7,31.46,31.38,31.41,normal,normal,True,0.382,0.575,0.043,0.0,0.0,0.57,6.0,
24,2026-05-16,ok,0.0728,33.98,predicted,33.98,34.05,34.08,34.06,33.97,33.87,33.86,normal,normal,True,0.365,0.586,0.049,0.0,0.0,0.29,10.0,
24,2026-05-17,ok,0.0729,34.04,predicted,34.04,34.06,34.01,33.91,33.77,33.62,33.56,normal,normal,True,0.403,0.537,0.06,0.0,0.0,0.29,10.0,
24,2026-05-18,ok,0.0732,34.17,predicted,34.17,34.11,33.96,33.77,33.56,33.32,33.19,normal,normal,True,0.427,0.496,0.077,0.0,0.0,0.29,10.0,
24,2026-05-19,ok,0.0733,34.21,predicted,34.21,34.04,33.78,33.47,33.16,32.84,32.65,normal,normal,True,0.44,0.453,0.107,0.0,0.0,0.29,10.0,
24,2026-05-20,ok,0.0733,34.21,predicted,34.21,34.01,33.71,33.38,33.05,32.72,32.52,normal,normal,True,0.397,0.442,0.161,0.0,0.0,0.29,10.0,
24,2026-05-21,ok,0.0733,34.24,predicted,34.24,34.08,33.83,33.56,33.29,33.01,32.85,normal,normal,True,0.347,0.423,0.23,0.0,0.0,0.29,10.0,
24,2026-05-22,ok,0.0734,34.26,predicted,34.26,34.12,33.91,33.68,33.45,33.21,33.09,normal,normal,True,0.281,0.402,0.317,0.0,0.0,0.29,10.0,
24,2026-05-23,ok,0.0734,34.25,predicted,34.25,34.18,34.06,33.91,33.76,33.59,33.55,normal,normal,True,0.284,0.38,0.336,0.0,0.0,0.29,10.0,
24,2026-05-24,ok,0.0731,34.14,predicted,34.14,34.06,33.94,33.81,33.66,33.52,33.49,normal,overflow,False,0.249,0.352,0.399,0.0,0.0,0.29,10.0,
24,2026-05-25,ok,0.0732,34.19,predicted,34.19,34.23,34.24,34.23,34.2,34.16,34.21,normal,normal,True,0.299,0.38,0.321,0.0,0.0,0.29,10.0,
24,2026-05-26,ok,0.0733,34.22,predicted,34.22,34.27,34.29,34.3,34.28,34.25,34.31,normal,normal,True,0.332,0.401,0.267,0.0,0.0,0.29,10.0,
24,2026-05-27,ok,0.0733,34.23,predicted,34.23,34.27,34.28,34.27,34.23,34.18,34.23,normal,normal,True,0.372,0.409,0.219,0.0,0.0,0.29,10.0,
24,2026-05-28,rejected,,,,,,,,,,,,,,,,,,,,,no storage data available for this tank
24,2026-05-29,rejected,,,,,,,,,,,,,,,,,,,,,no storage data available for this tank
24,2026-05-30,rejected,,,,,,,,,,,,,,,,,,,,,no storage data available for this tank
24,2026-05-31,rejected,,,,,,,,,,,,,,,,,,,,,no storage data available for this tank
24,2026-06-01,rejected,,,,,,,,,,,,,,,,,,,,,no storage data available for this tank
24,2026-06-02,rejected,,,,,,,,,,,,,,,,,,,,,no storage data available for this tank
24,2026-06-03,rejected,,,,,,,,,,,,,,,,,,,,,no storage data available for this tank
24,2026-06-04,rejected,,,,,,,,,,,,,,,,,,,,,no storage data available for this tank
24,2026-06-05,rejected,,,,,,,,,,,,,,,,,,,,,no storage data available for this tank
24,2026-06-06,rejected,,,,,,,,,,,,,,,,,,,,,no storage data available for this tank
24,2026-06-07,ok,0.0649,30.29,predicted,30.29,30.24,30.18,30.11,30.05,29.99,29.97,normal,normal,True,0.456,0.492,0.052,0.0,0.0,0.29,10.0,
24,2026-06-08,ok,0.0647,30.23,predicted,30.23,30.16,30.07,29.98,29.9,29.83,29.8,normal,drought,False,0.477,0.475,0.049,0.0,0.0,0.29,10.0,
24,2026-06-09,ok,0.0646,30.17,predicted,30.17,30.09,30.0,29.91,29.83,29.77,29.74,normal,drought,False,0.484,0.466,0.05,0.0,0.0,0.29,10.0,
24,2026-06-10,ok,0.0647,30.21,predicted,30.21,30.17,30.11,30.06,30.01,29.98,29.97,normal,normal,True,0.457,0.495,0.049,0.0,0.0,0.29,10.0,
24,2026-06-11,ok,0.0648,30.28,predicted,30.28,30.26,30.23,30.18,30.15,30.12,30.11,normal,normal,True,0.447,0.507,0.047,0.0,0.0,0.29,10.0,
24,2026-06-12,ok,0.0647,30.22,predicted,30.22,30.17,30.11,30.04,29.98,29.93,29.77,normal,normal,True,0.476,0.481,0.043,0.0,0.0,0.29,10.0,
24,2026-06-13,ok,0.0642,29.99,predicted,29.99,30.02,30.11,30.19,30.23,29.77,30.4,normal,drought,False,0.485,0.472,0.043,0.0,0.0,0.29,10.0,
24,2026-06-14,ok,0.0645,30.1,predicted,30.1,30.31,30.52,30.74,29.77,31.11,31.28,normal,normal,True,0.472,0.485,0.043,0.0,0.0,0.29,10.0,
24,2026-06-15,ok,0.0646,30.18,predicted,30.18,30.3,30.39,29.77,30.55,30.61,30.68,normal,normal,True,0.462,0.494,0.044,0.0,0.0,0.29,10.0,
24,2026-06-16,ok,0.0648,30.24,predicted,30.24,30.27,29.77,30.26,30.24,30.21,30.21,normal,normal,True,0.468,0.487,0.045,0.0,0.0,0.29,10.0,
24,2026-06-17,ok,0.0648,30.25,predicted,30.25,29.77,30.04,29.9,29.78,29.65,29.57,normal,drought,False,0.482,0.468,0.049,0.0,0.0,0.29,10.0,
24,2026-06-18,ok,0.0638,29.77,observed,29.77,30.12,29.95,29.78,29.62,29.46,29.36,normal,drought,False,0.508,0.437,0.055,0.0,0.0,0.29,10.0,
24,2026-06-19,ok,0.064,29.89,predicted,29.89,29.73,29.54,29.34,29.16,29.0,32.23,normal,drought,False,0.514,0.438,0.049,0.0,0.0,0.57,6.0,
24,2026-06-20,ok,0.0639,29.86,predicted,29.86,29.74,29.6,29.46,29.33,32.23,29.15,normal,drought,False,0.524,0.422,0.054,0.0,0.0,0.57,6.0,
24,2026-06-21,ok,0.0641,29.94,predicted,29.94,29.89,29.81,29.73,32.23,29.59,29.55,normal,drought,False,0.524,0.415,0.061,0.0,0.0,0.29,10.0,
24,2026-06-22,ok,0.0641,29.92,predicted,29.92,29.87,29.81,32.23,29.67,29.61,29.58,normal,drought,False,0.533,0.409,0.058,0.0,0.0,0.29,10.0,
24,2026-06-23,ok,0.0639,29.86,predicted,29.86,29.85,32.23,29.82,29.8,29.8,29.82,normal,drought,False,0.528,0.42,0.052,0.0,0.0,0.29,10.0,
24,2026-06-24,ok,0.064,29.89,predicted,29.89,32.23,29.92,29.92,29.93,29.93,29.96,normal,drought,False,0.504,0.429,0.067,0.0,0.0,0.29,10.0,
24,2026-06-25,ok,0.069,32.23,observed,32.23,30.0,30.0,30.0,30.0,29.99,30.01,normal,drought,False,0.468,0.425,0.106,0.0,0.0,0.29,10.0,
24,2026-06-26,ok,0.0703,32.82,predicted,32.82,33.11,33.31,33.47,33.61,33.65,33.71,normal,normal,True,0.433,0.443,0.124,0.0,0.0,0.57,6.0,
24,2026-06-27,ok,0.0709,33.1,predicted,33.1,33.33,33.47,33.57,33.63,33.63,33.65,normal,drought,False,0.513,0.414,0.072,0.0,0.0,0.57,6.0,
24,2026-06-28,ok,0.0717,33.47,predicted,33.47,33.71,33.85,33.95,34.03,34.02,34.05,normal,drought,False,0.515,0.431,0.054,0.0,0.0,0.57,6.0,
24,2026-06-29,ok,0.0725,33.84,predicted,33.84,34.07,34.21,34.31,34.38,34.37,34.4,normal,drought,False,0.514,0.435,0.051,0.0,0.0,0.57,6.0,
24,2026-06-30,ok,0.0731,34.15,predicted,34.15,34.37,34.5,34.58,34.63,34.62,34.64,normal,drought,False,0.501,0.448,0.052,0.0,0.0,0.57,6.0,
24,2026-07-01,ok,0.0741,34.58,predicted,34.58,34.86,35.03,35.16,35.25,35.26,31.91,normal,normal,True,0.454,0.481,0.065,0.0,0.0,0.57,6.0,
24,2026-07-02,ok,0.0751,35.05,predicted,35.05,35.32,35.47,35.58,35.65,31.91,35.66,normal,normal,True,0.407,0.518,0.075,0.0,0.0,0.57,6.0,
24,2026-07-03,ok,0.0699,32.62,predicted,32.62,32.5,32.33,32.12,31.91,31.75,31.64,normal,normal,True,0.377,0.554,0.069,0.0,0.0,0.29,10.0,
24,2026-07-04,ok,0.0697,32.53,predicted,32.53,32.38,32.18,31.91,31.75,31.55,31.45,normal,normal,True,0.423,0.516,0.062,0.0,0.0,0.29,10.0,
24,2026-07-05,ok,0.0693,32.38,predicted,32.38,32.18,31.91,31.69,31.44,31.23,31.12,normal,normal,True,0.424,0.506,0.07,0.0,0.0,0.29,10.0,
24,2026-07-06,ok,0.0695,32.45,predicted,32.45,31.91,32.25,32.12,31.99,31.87,31.83,normal,normal,True,0.384,0.521,0.095,0.0,0.0,0.29,10.0,
24,2026-07-07,ok,0.0683,31.91,observed,31.91,32.51,32.42,32.33,32.24,32.15,32.11,normal,normal,True,0.361,0.588,0.051,0.0,0.0,0.29,10.0,
24,2026-07-08,ok,0.069,32.23,predicted,32.23,32.13,32.0,31.85,31.7,31.57,31.51,normal,normal,True,0.32,0.631,0.049,0.0,0.0,0.57,6.0,
24,2026-07-09,ok,0.0689,32.19,predicted,32.19,32.05,31.86,31.66,31.46,31.29,31.19,normal,normal,True,0.313,0.628,0.059,0.0,0.0,0.57,6.0,
24,2026-07-10,ok,0.069,32.21,predicted,32.21,32.05,31.85,31.64,31.44,31.25,31.15,normal,normal,True,0.318,0.618,0.064,0.0,0.0,0.29,10.0,
24,2026-07-11,ok,0.069,32.2,predicted,32.2,32.06,31.87,31.68,31.5,31.33,31.25,normal,normal,True,0.317,0.619,0.064,0.0,0.0,0.29,10.0,
24,2026-07-12,ok,0.0689,32.19,predicted,32.19,32.06,31.88,31.7,31.53,31.37,31.29,normal,normal,True,0.314,0.619,0.067,0.0,0.0,0.29,10.0,
24,2026-07-13,ok,0.069,32.23,predicted,32.23,32.13,31.98,31.82,31.68,31.55,29.26,normal,normal,True,0.302,0.636,0.062,0.0,0.0,0.29,10.0,
24,2026-07-14,ok,0.069,32.21,predicted,32.21,32.09,31.94,31.78,31.62,29.26,31.42,normal,normal,True,0.307,0.637,0.056,0.0,0.0,0.29,10.0,
24,2026-07-15,ok,0.0689,32.16,predicted,32.16,32.03,31.86,31.68,29.26,31.37,31.3,normal,normal,True,0.315,0.631,0.054,0.0,0.0,0.29,10.0,
24,2026-07-16,ok,0.0689,32.16,predicted,32.16,32.06,31.92,29.26,31.64,31.53,31.48,normal,normal,True,0.332,0.612,0.056,0.0,0.0,0.29,10.0,
24,2026-07-17,ok,0.0689,32.17,predicted,32.17,32.1,29.26,31.87,31.76,31.66,31.63,normal,normal,True,0.352,0.589,0.059,0.0,0.0,0.29,10.0,
24,2026-07-18,ok,0.069,32.21,predicted,32.21,29.26,32.05,31.94,31.84,31.74,31.71,normal,normal,True,0.326,0.618,0.056,0.0,0.0,0.29,10.0,
24,2026-07-19,ok,0.0627,29.26,observed,29.26,32.19,32.11,32.01,31.91,31.82,31.79,normal,normal,True,0.336,0.611,0.053,0.0,0.0,0.29,10.0,
24,2026-07-20,ok,0.0629,29.35,predicted,29.35,29.04,28.71,28.41,28.14,27.94,27.81,normal,normal,True,0.323,0.628,0.049,0.0,0.0,0.57,6.0,
24,2026-07-21,ok,0.0624,29.13,predicted,29.13,28.81,28.48,28.17,27.9,27.7,27.56,normal,normal,True,0.302,0.654,0.044,0.0,0.0,0.57,6.0,
24,2026-07-22,ok,0.0634,29.62,predicted,29.62,29.48,29.31,29.14,29.0,28.87,28.78,normal,normal,True,0.291,0.668,0.041,0.0,0.0,0.29,10.0,
24,2026-07-23,ok,0.0635,29.63,predicted,29.63,29.46,29.26,29.04,28.87,28.72,28.6,normal,normal,True,0.281,0.678,0.041,0.0,0.0,0.29,10.0,
24,2026-07-24,ok,0.0635,29.66,predicted,29.66,29.47,29.25,29.02,28.83,28.67,28.53,normal,normal,True,0.266,0.687,0.047,0.0,0.0,0.29,10.0,
24,2026-07-25,ok,0.0636,29.7,predicted,29.7,29.52,29.31,29.09,28.91,28.75,28.62,normal,normal,True,0.25,0.695,0.055,0.0,0.0,0.29,10.0,
24,2026-07-26,ok,0.0636,29.7,predicted,29.7,29.49,29.24,28.98,28.76,28.58,28.42,normal,normal,True,0.241,0.691,0.069,0.0,0.0,0.29,10.0,
25,2026-03-25,ok,0.1396,68.94,predicted,68.94,70.1,68.75,68.66,68.76,68.85,68.73,normal,overflow,False,0.001,0.045,0.953,0.0,0.0,0.29,10.0,
25,2026-03-26,ok,0.1419,70.1,observed,70.1,68.83,68.73,68.63,68.72,68.79,68.67,normal,overflow,False,0.001,0.035,0.964,0.0,0.0,0.29,10.0,
25,2026-03-27,ok,0.1423,70.31,predicted,70.31,70.25,70.17,70.08,70.18,70.24,70.08,normal,overflow,False,0.001,0.035,0.964,0.0,0.0,0.57,6.0,
25,2026-03-28,ok,0.1425,70.41,predicted,70.41,70.35,70.27,70.17,70.27,70.33,70.16,normal,overflow,False,0.001,0.045,0.953,0.0,0.0,0.57,6.0,
25,2026-03-29,ok,0.142,70.16,predicted,70.16,70.04,69.92,69.8,69.88,69.95,69.78,normal,overflow,False,0.001,0.061,0.937,0.0,0.0,0.29,10.0,
25,2026-03-30,ok,0.1421,70.18,predicted,70.18,70.08,69.97,69.87,69.96,70.04,69.88,normal,overflow,False,0.001,0.075,0.924,0.0,0.0,0.29,10.0,
25,2026-03-31,ok,0.1422,70.24,predicted,70.24,70.17,70.08,70.0,70.12,70.21,70.06,normal,overflow,False,0.001,0.078,0.921,0.0,0.0,0.29,10.0,
25,2026-04-01,ok,0.1422,70.25,predicted,70.25,70.13,70.0,69.87,69.95,70.01,66.88,normal,overflow,False,0.001,0.075,0.924,0.0,0.0,0.29,10.0,
25,2026-04-02,ok,0.1423,70.28,predicted,70.28,70.16,70.02,69.89,69.96,66.88,69.84,normal,overflow,False,0.001,0.066,0.933,0.0,0.0,0.29,10.0,
25,2026-04-03,ok,0.1423,70.3,predicted,70.3,70.23,70.16,70.08,66.88,70.27,70.14,normal,overflow,False,0.001,0.073,0.925,0.0,0.0,0.29,10.0,
25,2026-04-04,ok,0.142,70.13,predicted,70.13,70.09,70.06,66.88,70.16,70.24,70.15,normal,overflow,False,0.001,0.073,0.925,0.0,0.0,0.29,10.0,
25,2026-04-05,ok,0.1419,70.07,predicted,70.07,70.1,66.88,70.16,70.37,70.52,70.45,normal,overflow,False,0.001,0.072,0.926,0.0,0.0,0.29,10.0,
25,2026-04-06,ok,0.1419,70.07,predicted,70.07,66.88,69.91,69.83,69.93,70.02,69.88,normal,overflow,False,0.002,0.082,0.917,0.0,0.0,0.29,10.0,
25,2026-04-07,ok,0.1354,66.88,observed,66.88,70.16,70.09,70.01,70.12,70.2,70.07,normal,overflow,False,0.002,0.085,0.913,0.0,0.0,0.29,10.0,
25,2026-04-08,ok,0.1351,66.72,predicted,66.72,66.4,66.12,65.89,65.86,65.88,65.74,normal,overflow,False,0.002,0.111,0.887,0.0,0.0,0.57,6.0,
25,2026-04-09,ok,0.1346,66.5,predicted,66.5,66.22,65.99,65.81,65.82,65.88,65.77,normal,overflow,False,0.002,0.169,0.829,0.0,0.0,0.57,6.0,
25,2026-04-10,ok,0.1359,67.14,predicted,67.14,67.06,66.98,66.92,67.03,67.12,67.05,normal,overflow,False,0.002,0.333,0.665,0.0,0.0,0.29,10.0,
25,2026-04-11,ok,0.1358,67.09,predicted,67.09,66.93,66.77,66.63,66.66,66.69,66.57,normal,overflow,False,0.002,0.466,0.532,0.0,0.0,0.29,10.0,
25,2026-04-12,ok,0.1359,67.13,predicted,67.13,67.01,66.89,66.78,66.85,66.91,66.81,normal,overflow,False,0.002,0.458,0.54,0.0,0.0,0.29,10.0,
25,2026-04-13,ok,0.136,67.17,predicted,67.17,67.12,67.08,67.04,67.18,67.29,52.34,normal,overflow,False,0.002,0.449,0.55,0.0,0.0,0.29,10.0,
25,2026-04-14,ok,0.136,67.16,predicted,67.16,67.16,67.19,67.21,67.39,52.34,67.53,normal,normal,True,0.002,0.542,0.457,0.0,0.0,0.29,10.0,
25,2026-04-15,ok,0.1358,67.08,predicted,67.08,67.08,67.11,67.12,52.34,67.43,67.42,normal,normal,True,0.002,0.628,0.37,0.0,0.0,0.29,10.0,
25,2026-04-16,ok,0.1357,67.04,predicted,67.04,66.94,66.85,52.34,66.83,66.89,66.81,normal,normal,True,0.002,0.746,0.252,0.0,0.0,0.29,10.0,
25,2026-04-17,ok,0.1358,67.05,predicted,67.05,66.89,52.34,66.58,66.61,66.63,66.52,normal,normal,True,0.002,0.704,0.294,0.0,0.0,0.29,10.0,
25,2026-04-18,ok,0.1358,67.07,predicted,67.07,52.34,66.71,66.55,66.56,66.58,66.45,normal,normal,True,0.002,0.787,0.212,0.0,0.0,0.29,10.0,
25,2026-04-19,ok,0.106,52.34,observed,52.34,66.97,66.81,66.66,66.7,66.74,66.61,normal,normal,True,0.002,0.827,0.171,0.0,0.0,0.29,10.0,
25,2026-04-20,ok,0.1041,51.42,predicted,51.42,50.68,50.13,49.69,49.36,49.25,49.3,normal,normal,True,0.002,0.864,0.134,0.0,0.0,0.57,6.0,
25,2026-04-21,ok,0.1021,50.45,predicted,50.45,49.85,49.51,49.22,49.01,49.01,49.18,normal,normal,True,0.002,0.906,0.092,0.0,0.0,0.57,6.0,
25,2026-04-22,ok,0.107,52.84,predicted,52.84,52.83,52.87,52.84,52.82,52.79,52.95,normal,normal,True,0.002,0.894,0.104,0.0,0.0,0.29,10.0,
25,2026-04-23,ok,0.107,52.86,predicted,52.86,52.89,52.95,52.96,52.97,52.96,53.14,normal,normal,True,0.002,0.876,0.122,0.0,0.0,0.29,10.0,
25,2026-04-24,ok,0.107,52.87,predicted,52.87,52.85,52.87,52.83,52.79,52.75,52.91,normal,normal,True,0.002,0.866,0.132,0.0,0.0,0.29,10.0,
25,2026-04-25,ok,0.1069,52.81,predicted,52.81,52.72,52.67,52.55,52.45,52.35,52.86,normal,normal,True,0.002,0.864,0.135,0.0,0.0,0.29,10.0,
25,2026-04-26,ok,0.1067,52.68,predicted,52.68,52.51,52.35,52.15,51.97,52.86,51.86,normal,normal,True,0.002,0.817,0.181,0.0,0.0,0.29,10.0,
25,2026-04-27,ok,0.1069,52.8,predicted,52.8,52.72,52.66,52.55,52.86,52.37,52.47,normal,normal,True,0.002,0.804,0.194,0.0,0.0,0.29,10.0,
25,2026-04-28,ok,0.1072,52.96,predicted,52.96,53.0,53.11,52.86,53.18,53.2,53.4,normal,normal,True,0.002,0.822,0.177,0.0,0.0,0.29,10.0,
25,2026-04-29,ok,0.107,52.84,predicted,52.84,52.84,52.86,52.88,52.87,52.85,53.02,normal,normal,True,0.002,0.871,0.127,0.0,0.0,0.29,10.0,
25,2026-04-30,ok,0.107,52.86,predicted,52.86,52.86,53.06,53.12,53.17,53.2,53.43,normal,normal,True,0.002,0.865,0.133,0.0,0.0,0.29,10.0,
25,2026-05-01,ok,0.107,52.86,observed,52.86,52.95,53.08,53.14,53.19,53.22,53.44,normal,normal,True,0.002,0.848,0.15,0.0,0.0,0.29,10.0,
25,2026-05-02,ok,0.1079,53.28,predicted,53.28,53.2,53.14,53.03,52.92,52.82,52.92,normal,normal,True,0.002,0.85,0.149,0.0,0.0,0.57,6.0,
25,2026-05-03,ok,0.108,53.36,predicted,53.36,53.28,53.21,53.1,52.99,52.9,52.98,normal,normal,True,0.002,0.838,0.161,0.0,0.0,0.57,6.0,
25,2026-05-04,ok,0.108,53.36,predicted,53.36,53.29,53.26,53.17,53.1,53.04,53.15,normal,normal,True,0.001,0.781,0.217,0.0,0.0,0.29,10.0,
25,2026-05-05,ok,0.108,53.32,predicted,53.32,53.22,53.15,53.02,52.92,52.83,52.91,normal,normal,True,0.002,0.771,0.228,0.0,0.0,0.29,10.0,
25,2026-05-06,ok,0.1082,53.46,predicted,53.46,53.49,53.59,53.61,53.63,53.64,53.82,normal,normal,True,0.002,0.839,0.159,0.0,0.0,0.29,10.0,
25,2026-05-07,ok,0.1079,53.29,predicted,53.29,53.27,53.29,53.26,53.24,53.22,54.98,normal,normal,True,0.002,0.85,0.149,0.0,0.0,0.29,10.0,
25,2026-05-08,ok,0.1082,53.42,predicted,53.42,53.52,53.69,53.78,53.87,54.98,54.18,normal,normal,True,0.002,0.858,0.14,0.0,0.0,0.29,10.0,
25,2026-05-09,ok,0.1081,53.4,predicted,53.4,53.48,53.64,53.71,54.98,53.83,54.07,normal,normal,True,0.002,0.852,0.145,0.0,0.0,0.29,10.0,
25,2026-05-10,ok,0.1081,53.4,predicted,53.4,53.5,53.69,54.98,53.88,53.95,54.2,normal,normal,True,0.003,0.848,0.149,0.0,0.0,0.29,10.0,
25,2026-05-11,ok,0.1082,53.43,predicted,53.43,53.69,54.98,54.4,54.65,54.88,55.25,normal,normal,True,0.002,0.656,0.342,0.0,0.0,0.29,10.0,
25,2026-05-12,ok,0.1084,53.52,predicted,53.52,54.98,54.79,55.35,55.86,56.29,56.81,normal,normal,True,0.003,0.574,0.423,0.0,0.0,0.29,10.0,
25,2026-05-13,ok,0.1113,54.98,observed,54.98,53.81,54.3,54.64,54.93,55.19,55.57,normal,overflow,False,0.003,0.469,0.528,0.0,0.0,0.29,10.0,
25,2026-05-14,ok,0.1135,56.03,predicted,56.03,56.71,57.5,58.09,58.62,59.02,59.51,normal,normal,True,0.005,0.511,0.484,0.0,0.0,0.57,6.0,
25,2026-05-15,ok,0.1133,55.97,predicted,55.97,56.24,56.58,56.74,56.88,56.95,57.18,normal,normal,True,0.008,0.548,0.444,0.0,0.0,0.57,6.0,
25,2026-05-16,ok,0.1122,55.43,predicted,55.43,55.34,55.29,55.13,54.99,54.84,54.9,normal,normal,True,0.01,0.591,0.399,0.0,0.0,0.29,10.0,
25,2026-05-17,ok,0.112,55.3,predicted,55.3,55.09,54.9,54.63,54.39,54.18,54.16,normal,normal,True,0.009,0.608,0.382,0.0,0.0,0.29,10.0,
25,2026-05-18,ok,0.1119,55.27,predicted,55.27,55.02,54.77,54.48,54.22,54.0,53.95,normal,normal,True,0.005,0.566,0.429,0.0,0.0,0.29,10.0,
25,2026-05-19,ok,0.1121,55.39,predicted,55.39,55.21,55.05,54.84,54.66,54.51,54.52,normal,normal,True,0.004,0.544,0.452,0.0,0.0,0.29,10.0,
25,2026-05-20,ok,0.1121,55.39,predicted,55.39,55.23,55.11,54.93,54.8,54.68,54.71,normal,overflow,False,0.002,0.329,0.669,0.0,0.0,0.29,10.0,
25,2026-05-21,ok,0.1122,55.43,predicted,55.43,55.36,55.32,55.23,55.18,55.14,55.22,normal,overflow,False,0.002,0.322,0.676,0.0,0.0,0.29,10.0,
25,2026-05-22,ok,0.1122,55.39,predicted,55.39,55.29,55.22,55.1,55.03,54.97,55.04,normal,overflow,False,0.002,0.335,0.663,0.0,0.0,0.29,10.0,
25,2026-05-23,ok,0.1126,55.6,predicted,55.6,55.68,55.83,55.91,56.02,56.1,56.31,normal,overflow,False,0.002,0.301,0.697,0.0,0.0,0.29,10.0,
25,2026-05-24,ok,0.1122,55.4,predicted,55.4,55.32,55.27,55.18,55.13,55.09,55.2,normal,overflow,False,0.002,0.306,0.692,0.0,0.0,0.29,10.0,
25,2026-05-25,ok,0.1123,55.45,predicted,55.45,55.42,55.45,55.43,55.43,55.44,55.58,normal,overflow,False,0.002,0.408,0.591,0.0,0.0,0.29,10.0,
25,2026-05-26,ok,0.1122,55.44,predicted,55.44,55.4,55.42,55.38,55.38,55.38,55.51,normal,overflow,False,0.001,0.457,0.541,0.0,0.0,0.29,10.0,
25,2026-05-27,ok,0.1124,55.49,predicted,55.49,55.47,55.5,55.47,55.47,55.47,55.62,normal,normal,True,0.002,0.54,0.459,0.0,0.0,0.29,10.0,
25,2026-05-28,rejected,,,,,,,,,,,,,,,,,,,,,no storage data available for this tank
25,2026-05-29,rejected,,,,,,,,,,,,,,,,,,,,,no storage data available for this tank
25,2026-05-30,rejected,,,,,,,,,,,,,,,,,,,,,no storage data available for this tank
25,2026-05-31,rejected,,,,,,,,,,,,,,,,,,,,,no storage data available for this tank
25,2026-06-01,rejected,,,,,,,,,,,,,,,,,,,,,no storage data available for this tank
25,2026-06-02,rejected,,,,,,,,,,,,,,,,,,,,,no storage data available for this tank
25,2026-06-03,rejected,,,,,,,,,,,,,,,,,,,,,no storage data available for this tank
25,2026-06-04,rejected,,,,,,,,,,,,,,,,,,,,,no storage data available for this tank
25,2026-06-05,rejected,,,,,,,,,,,,,,,,,,,,,no storage data available for this tank
25,2026-06-06,rejected,,,,,,,,,,,,,,,,,,,,,no storage data available for this tank
25,2026-06-07,ok,0.0515,25.44,predicted,25.44,25.47,25.53,25.63,25.75,25.85,25.96,normal,normal,True,0.002,0.785,0.213,0.0,0.0,0.29,10.0,
25,2026-06-08,ok,0.0515,25.42,predicted,25.42,25.44,25.49,25.58,25.69,25.78,25.88,normal,normal,True,0.002,0.741,0.257,0.0,0.0,0.29,10.0,
25,2026-06-09,ok,0.0513,25.34,predicted,25.34,25.31,25.31,25.36,25.43,25.49,25.57,normal,normal,True,0.002,0.706,0.292,0.0,0.0,0.29,10.0,
25,2026-06-10,ok,0.0513,25.34,predicted,25.34,25.35,25.39,25.48,25.59,25.68,25.78,normal,normal,True,0.002,0.647,0.352,0.0,0.0,0.29,10.0,
25,2026-06-11,ok,0.0515,25.41,predicted,25.41,25.49,25.6,25.74,25.92,26.06,26.2,normal,normal,True,0.002,0.66,0.339,0.0,0.0,0.29,10.0,
25,2026-06-12,ok,0.0514,25.41,predicted,25.41,25.47,25.57,25.71,25.87,25.99,16.73,normal,normal,True,0.002,0.666,0.332,1.0,0.0,0.29,10.0,
25,2026-06-13,ok,0.0512,25.27,predicted,25.27,25.4,25.65,25.91,26.17,16.73,26.62,normal,normal,True,0.002,0.604,0.394,1.0,0.0,0.29,10.0,
25,2026-06-14,ok,0.0511,25.24,predicted,25.24,25.35,25.5,25.7,16.73,26.09,26.27,normal,normal,True,0.002,0.642,0.355,1.0,0.0,0.29,10.0,
25,2026-06-15,ok,0.0512,25.27,predicted,25.27,25.38,25.52,16.73,25.89,26.05,26.21,normal,normal,True,0.002,0.638,0.36,1.0,0.0,0.29,10.0,
25,2026-06-16,ok,0.0514,25.37,predicted,25.37,25.51,16.73,25.9,26.12,26.3,26.46,normal,normal,True,0.002,0.648,0.35,1.0,0.0,0.29,10.0,
25,2026-06-17,ok,0.0514,25.39,predicted,25.39,16.73,25.52,25.62,25.75,25.83,25.93,normal,normal,True,0.002,0.637,0.362,1.0,0.0,0.29,10.0,
25,2026-06-18,ok,0.0339,16.73,observed,16.73,25.44,25.48,25.54,25.64,25.69,25.76,drought,normal,False,0.002,0.622,0.377,1.0,0.0,0.29,10.0,
25,2026-06-19,ok,0.0323,15.97,predicted,15.97,15.44,14.97,14.7,14.54,14.48,15.84,drought,normal,False,0.002,0.659,0.339,7.0,0.0,0.57,6.0,
25,2026-06-20,ok,0.0307,15.17,predicted,15.17,14.61,14.12,13.84,13.68,15.84,13.6,drought,normal,False,0.002,0.678,0.32,7.0,0.0,0.57,6.0,
25,2026-06-21,ok,0.0336,16.58,predicted,16.58,16.62,16.64,16.8,15.84,17.25,17.35,drought,normal,False,0.002,0.667,0.332,7.0,0.0,0.29,10.0,
25,2026-06-22,ok,0.0336,16.59,predicted,16.59,16.65,16.7,15.84,17.16,17.38,17.5,drought,normal,False,0.002,0.699,0.299,7.0,0.0,0.29,10.0,
25,2026-06-23,ok,0.0336,16.61,predicted,16.61,16.68,15.84,16.94,17.21,17.45,17.58,drought,normal,False,0.002,0.734,0.264,7.0,0.0,0.29,10.0,
25,2026-06-24,ok,0.0334,16.48,predicted,16.48,15.84,16.49,16.63,16.85,17.05,17.16,drought,normal,False,0.002,0.694,0.305,7.0,0.0,0.29,10.0,
25,2026-06-25,ok,0.0321,15.84,observed,15.84,16.62,16.77,17.06,17.43,17.73,17.93,drought,normal,False,0.001,0.568,0.43,7.0,0.0,0.29,10.0,
25,2026-06-26,ok,0.0315,15.54,predicted,15.54,15.63,15.74,16.0,16.37,16.66,16.87,drought,normal,False,0.001,0.517,0.482,7.0,0.0,0.57,6.0,
25,2026-06-27,ok,0.0313,15.48,predicted,15.48,15.49,15.51,15.69,15.96,16.19,16.33,drought,normal,False,0.001,0.653,0.346,7.0,0.0,0.57,6.0,
25,2026-06-28,ok,0.031,15.32,predicted,15.32,15.27,15.2,15.28,15.47,15.63,15.73,drought,normal,False,0.002,0.707,0.291,7.0,0.0,0.57,6.0,
25,2026-06-29,ok,0.0308,15.23,predicted,15.23,15.18,15.12,15.22,15.42,15.59,15.69,drought,normal,False,0.002,0.744,0.254,7.0,0.0,0.57,6.0,
25,2026-06-30,ok,0.0305,15.06,predicted,15.06,14.98,14.89,14.97,15.14,15.29,15.38,drought,normal,False,0.002,0.74,0.258,7.0,0.0,0.57,6.0,
25,2026-07-01,ok,0.03,14.84,predicted,14.84,14.78,14.72,14.8,15.0,15.16,7.92,drought,normal,False,0.002,0.665,0.333,7.0,0.0,0.57,6.0,
25,2026-07-02,ok,0.0299,14.77,predicted,14.77,14.8,14.82,14.98,15.26,7.92,15.63,drought,normal,False,0.002,0.661,0.337,7.0,0.0,0.57,6.0,
25,2026-07-03,ok,0.032,15.81,predicted,15.81,15.89,15.93,16.09,7.92,16.54,16.65,drought,normal,False,0.002,0.657,0.341,7.0,0.0,0.29,10.0,
25,2026-07-04,ok,0.0324,16.0,predicted,16.0,16.05,16.05,7.92,16.42,16.58,16.65,drought,normal,False,0.002,0.662,0.337,7.0,0.0,0.29,10.0,
25,2026-07-05,ok,0.0321,15.85,predicted,15.85,15.68,7.92,15.38,15.4,15.41,15.36,drought,normal,False,0.002,0.631,0.367,7.0,0.0,0.29,10.0,
25,2026-07-06,ok,0.0318,15.7,predicted,15.7,7.92,15.48,15.5,15.62,15.72,15.76,drought,overflow,False,0.002,0.41,0.588,7.0,0.0,0.29,10.0,
25,2026-07-07,ok,0.016,7.92,observed,7.92,15.76,15.8,15.98,16.25,16.48,16.61,drought,overflow,False,0.001,0.181,0.818,7.0,0.0,0.29,10.0,
25,2026-07-08,ok,0.0136,6.73,predicted,6.73,6.38,6.04,5.96,6.07,6.15,6.36,drought,overflow,False,0.001,0.11,0.889,7.0,0.0,0.57,6.0,
25,2026-07-09,ok,0.0124,6.12,predicted,6.12,5.74,5.37,5.25,5.33,5.37,5.55,drought,overflow,False,0.001,0.085,0.914,7.0,0.0,0.57,6.0,
25,2026-07-10,ok,0.0151,7.48,predicted,7.48,7.52,7.47,7.63,7.9,8.11,8.28,drought,overflow,False,0.001,0.089,0.91,7.0,0.0,0.29,10.0,
25,2026-07-11,ok,0.0152,7.48,predicted,7.48,7.5,7.42,7.57,7.81,8.01,8.18,drought,overflow,False,0.002,0.089,0.91,7.0,0.0,0.29,10.0,
25,2026-07-12,ok,0.015,7.39,predicted,7.39,7.41,7.34,7.5,7.76,7.98,8.16,drought,overflow,False,0.002,0.097,0.901,7.0,0.0,0.29,10.0,
25,2026-07-13,ok,0.0149,7.36,predicted,7.36,7.43,7.43,7.65,7.97,8.24,7.67,drought,overflow,False,0.002,0.102,0.896,7.0,0.0,0.29,10.0,
25,2026-07-14,ok,0.0151,7.44,predicted,7.44,7.51,7.51,7.74,8.05,7.67,8.56,drought,overflow,False,0.002,0.129,0.869,7.0,0.0,0.29,10.0,
25,2026-07-15,ok,0.0151,7.45,predicted,7.45,7.48,7.43,7.62,7.67,8.14,8.33,drought,overflow,False,0.002,0.153,0.845,7.0,0.0,0.29,10.0,
25,2026-07-16,ok,0.015,7.43,predicted,7.43,7.47,7.43,7.67,7.92,8.18,8.39,drought,overflow,False,0.002,0.147,0.851,7.0,0.0,0.29,10.0,
25,2026-07-17,ok,0.0149,7.38,predicted,7.38,7.47,7.67,7.73,8.06,8.35,8.6,drought,overflow,False,0.002,0.087,0.911,7.0,0.0,0.29,10.0,
25,2026-07-18,ok,0.0147,7.27,predicted,7.27,7.67,7.46,7.74,8.12,8.44,8.72,drought,overflow,False,0.002,0.074,0.925,7.0,0.0,0.29,10.0,
25,2026-07-19,ok,0.0155,7.67,observed,7.67,7.57,7.67,8.01,8.43,8.78,9.07,drought,overflow,False,0.002,0.1,0.898,7.0,0.0,0.29,10.0,
25,2026-07-20,ok,0.0144,7.09,predicted,7.09,7.17,7.15,7.37,7.69,7.95,8.18,drought,overflow,False,0.002,0.112,0.886,7.0,0.0,0.57,6.0,
25,2026-07-21,ok,0.0142,7.02,predicted,7.02,7.07,7.05,7.25,7.55,7.79,8.02,drought,overflow,False,0.003,0.135,0.862,7.0,0.0,0.57,6.0,
25,2026-07-22,ok,0.0144,7.09,predicted,7.09,7.19,7.2,7.43,7.77,8.03,8.27,drought,overflow,False,0.003,0.161,0.836,7.0,0.0,0.29,10.0,
25,2026-07-23,ok,0.0143,7.08,predicted,7.08,7.13,7.1,7.29,7.59,7.81,8.03,drought,overflow,False,0.003,0.162,0.835,7.0,0.0,0.29,10.0,
25,2026-07-24,ok,0.0143,7.08,predicted,7.08,7.13,7.1,7.29,7.59,7.81,8.03,drought,overflow,False,0.003,0.138,0.859,7.0,0.0,0.29,10.0,
25,2026-07-25,ok,0.0143,7.07,predicted,7.07,7.12,7.09,7.27,7.57,7.78,7.99,drought,overflow,False,0.003,0.122,0.875,7.0,0.0,0.29,10.0,
25,2026-07-26,ok,0.0143,7.07,predicted,7.07,7.1,7.06,7.22,7.5,7.69,7.89,drought,overflow,False,0.003,0.117,0.881,7.0,0.0,0.29,10.0,
26,2026-03-25,ok,0.1503,74.92,predicted,74.92,77.84,74.72,74.57,74.62,74.65,74.34,normal,overflow,False,0.001,0.035,0.964,0.0,1.0,0.29,10.0,
26,2026-03-26,ok,0.1561,77.84,observed,77.84,74.82,74.67,74.5,74.52,74.53,74.22,overflow,overflow,True,0.001,0.028,0.971,0.0,1.0,0.29,10.0,
26,2026-03-27,ok,0.1565,78.05,predicted,78.05,78.1,78.05,77.92,77.93,77.9,77.53,overflow,overflow,True,0.001,0.026,0.973,0.0,7.0,0.57,6.0,
26,2026-03-28,ok,0.157,78.27,predicted,78.27,78.32,78.26,78.13,78.14,78.1,77.72,overflow,overflow,True,0.001,0.034,0.965,0.0,7.0,0.57,6.0,
26,2026-03-29,ok,0.1558,77.69,predicted,77.69,77.62,77.47,77.27,77.26,77.23,76.83,overflow,overflow,True,0.001,0.043,0.956,0.0,7.0,0.29,10.0,
26,2026-03-30,ok,0.1559,77.73,predicted,77.73,77.69,77.57,77.41,77.43,77.43,77.05,overflow,overflow,True,0.001,0.053,0.946,0.0,7.0,0.29,10.0,
26,2026-03-31,ok,0.1561,77.81,predicted,77.81,77.81,77.74,77.62,77.67,77.69,77.33,overflow,overflow,True,0.001,0.053,0.946,0.0,7.0,0.29,10.0,
26,2026-04-01,ok,0.1561,77.83,predicted,77.83,77.78,77.66,77.48,77.49,77.46,77.84,overflow,overflow,True,0.001,0.053,0.946,0.0,7.0,0.29,10.0,
26,2026-04-02,ok,0.1561,77.83,predicted,77.83,77.76,77.6,77.4,77.38,77.84,76.93,overflow,overflow,True,0.001,0.049,0.95,0.0,7.0,0.29,10.0,
26,2026-04-03,ok,0.1562,77.86,predicted,77.86,77.83,77.74,77.58,77.84,77.57,77.2,overflow,overflow,True,0.001,0.051,0.948,0.0,7.0,0.29,10.0,
26,2026-04-04,ok,0.1558,77.67,predicted,77.67,77.67,77.62,77.84,77.54,77.52,77.19,overflow,overflow,True,0.001,0.052,0.947,0.0,7.0,0.29,10.0,
26,2026-04-05,ok,0.1556,77.55,predicted,77.55,77.62,77.84,77.55,77.65,77.69,77.38,overflow,overflow,True,0.001,0.053,0.946,0.0,7.0,0.29,10.0,
26,2026-04-06,ok,0.1556,77.56,predicted,77.56,77.84,77.48,77.36,77.4,77.42,77.07,overflow,overflow,True,0.001,0.059,0.939,0.0,7.0,0.29,10.0,
26,2026-04-07,ok,0.1561,77.84,observed,77.84,77.76,77.71,77.59,77.64,77.66,77.32,overflow,overflow,True,0.001,0.06,0.939,0.0,7.0,0.29,10.0,
26,2026-04-08,ok,0.1557,77.63,predicted,77.63,77.55,77.4,77.2,77.17,77.13,76.74,overflow,overflow,True,0.002,0.071,0.927,0.0,7.0,0.57,6.0,
26,2026-04-09,ok,0.1557,77.64,predicted,77.64,77.56,77.41,77.22,77.2,77.18,76.78,overflow,overflow,True,0.002,0.087,0.912,0.0,7.0,0.57,6.0,
26,2026-04-10,ok,0.156,77.77,predicted,77.77,77.76,77.69,77.57,77.62,77.64,77.29,overflow,overflow,True,0.002,0.097,0.901,0.0,7.0,0.29,10.0,
26,2026-04-11,ok,0.1559,77.72,predicted,77.72,77.62,77.44,77.22,77.18,77.14,76.72,overflow,overflow,True,0.002,0.107,0.891,0.0,7.0,0.29,10.0,
26,2026-04-12,ok,0.156,77.76,predicted,77.76,77.68,77.53,77.33,77.31,77.29,76.88,overflow,overflow,True,0.002,0.113,0.885,0.0,7.0,0.29,10.0,
26,2026-04-13,ok,0.1561,77.81,predicted,77.81,77.81,77.74,77.63,77.69,77.71,68.31,overflow,overflow,True,0.002,0.101,0.898,0.0,6.0,0.29,10.0,
26,2026-04-14,ok,0.1561,77.8,predicted,77.8,77.85,77.84,77.76,77.85,68.31,77.56,overflow,overflow,True,0.002,0.099,0.9,0.0,6.0,0.29,10.0,
26,2026-04-15,ok,0.1558,77.67,predicted,77.67,77.71,77.69,77.6,68.31,77.69,77.37,overflow,overflow,True,0.001,0.104,0.895,0.0,6.0,0.29,10.0,
26,2026-04-16,ok,0.1557,77.65,predicted,77.65,77.64,77.55,68.31,77.43,77.42,77.06,overflow,overflow,True,0.002,0.325,0.673,0.0,6.0,0.29,10.0,
26,2026-04-17,ok,0.1557,77.64,predicted,77.64,77.55,68.31,77.18,77.15,77.1,76.7,overflow,overflow,True,0.002,0.34,0.658,0.0,6.0,0.29,10.0,
26,2026-04-18,ok,0.1558,77.67,predicted,77.67,68.31,77.34,77.1,77.04,76.99,76.56,overflow,overflow,True,0.002,0.451,0.547,0.0,6.0,0.29,10.0,
26,2026-04-19,ok,0.137,68.31,observed,68.31,77.68,77.51,77.31,77.28,77.25,76.84,normal,overflow,False,0.002,0.493,0.504,0.0,6.0,0.29,10.0,
26,2026-04-20,ok,0.1357,67.66,predicted,67.66,67.05,66.5,66.09,65.95,65.94,65.68,normal,normal,True,0.002,0.609,0.389,0.0,0.0,0.57,6.0,
26,2026-04-21,ok,0.1345,67.05,predicted,67.05,66.64,66.35,66.15,66.22,66.35,66.26,normal,normal,True,0.003,0.652,0.345,0.0,0.0,0.57,6.0,
26,2026-04-22,ok,0.1375,68.54,predicted,68.54,68.56,68.59,68.61,68.81,68.95,68.9,normal,normal,True,0.003,0.588,0.409,0.0,0.0,0.29,10.0,
26,2026-04-23,ok,0.1375,68.56,predicted,68.56,68.58,68.58,68.58,68.76,68.88,68.82,normal,overflow,False,0.002,0.491,0.506,0.0,0.0,0.29,10.0,
26,2026-04-24,ok,0.1375,68.54,predicted,68.54,68.45,68.35,68.24,68.32,68.36,68.24,normal,normal,True,0.002,0.502,0.496,0.0,0.0,0.29,10.0,
26,2026-04-25,ok,0.1374,68.5,predicted,68.5,68.36,68.21,68.05,68.09,68.1,74.01,normal,normal,True,0.002,0.592,0.406,0.0,0.0,0.29,10.0,
26,2026-04-26,ok,0.1372,68.41,predicted,68.41,68.21,67.98,67.77,67.75,74.01,67.54,normal,overflow,False,0.002,0.497,0.501,0.0,0.0,0.29,10.0,
26,2026-04-27,ok,0.1375,68.55,predicted,68.55,68.42,68.28,68.16,74.01,68.26,68.11,normal,normal,True,0.002,0.525,0.473,0.0,0.0,0.29,10.0,
26,2026-04-28,ok,0.1375,68.58,predicted,68.58,68.51,68.44,74.01,68.49,68.57,68.46,normal,normal,True,0.002,0.555,0.443,0.0,0.0,0.29,10.0,
26,2026-04-29,ok,0.1374,68.5,predicted,68.5,68.45,74.01,68.35,68.48,68.57,68.48,normal,normal,True,0.002,0.683,0.315,0.0,0.0,0.29,10.0,
26,2026-04-30,ok,0.1374,68.48,predicted,68.48,74.01,68.47,68.46,68.63,68.74,68.69,normal,normal,True,0.003,0.689,0.309,0.0,0.0,0.29,10.0,
26,2026-05-01,ok,0.1484,74.01,observed,74.01,68.48,68.51,68.53,68.72,68.86,68.81,normal,normal,True,0.002,0.672,0.325,0.0,0.0,0.29,10.0,
26,2026-05-02,ok,0.1493,74.42,predicted,74.42,74.57,74.62,74.59,74.69,74.71,74.46,normal,normal,True,0.002,0.694,0.304,0.0,0.0,0.57,6.0,
26,2026-05-03,ok,0.1503,74.94,predicted,74.94,75.04,75.04,74.96,75.01,75.0,74.7,normal,normal,True,0.002,0.694,0.304,0.0,4.0,0.57,6.0,
26,2026-05-04,ok,0.1484,73.98,predicted,73.98,73.88,73.73,73.58,73.62,73.64,73.35,normal,normal,True,0.002,0.548,0.45,0.0,0.0,0.29,10.0,
26,2026-05-05,ok,0.1484,73.98,predicted,73.98,73.88,73.73,73.58,73.61,73.64,73.35,normal,normal,True,0.002,0.503,0.495,0.0,0.0,0.29,10.0,
26,2026-05-06,ok,0.1484,74.01,predicted,74.01,73.96,73.88,73.78,73.87,73.92,73.67,normal,normal,True,0.002,0.616,0.382,0.0,0.0,0.29,10.0,
26,2026-05-07,ok,0.1483,73.92,predicted,73.92,73.91,73.86,73.8,73.93,74.02,76.12,normal,normal,True,0.002,0.648,0.351,0.0,1.0,0.29,10.0,
26,2026-05-08,ok,0.1485,74.02,predicted,74.02,74.08,74.1,74.09,74.27,76.12,74.2,normal,normal,True,0.002,0.657,0.341,0.0,1.0,0.29,10.0,
26,2026-05-09,ok,0.1484,73.98,predicted,73.98,73.97,73.93,73.85,76.12,74.03,73.81,normal,normal,True,0.002,0.648,0.349,0.0,1.0,0.29,10.0,
26,2026-05-10,ok,0.1482,73.89,predicted,73.89,73.92,73.92,76.12,74.04,74.12,73.93,normal,normal,True,0.003,0.645,0.352,0.0,1.0,0.29,10.0,
26,2026-05-11,ok,0.1482,73.91,predicted,73.91,74.03,76.12,74.23,74.47,74.63,74.51,normal,overflow,False,0.002,0.378,0.621,0.0,1.0,0.29,10.0,
26,2026-05-12,ok,0.1481,73.83,predicted,73.83,76.12,74.43,74.66,75.05,75.33,75.3,normal,overflow,False,0.002,0.302,0.696,0.0,4.0,0.29,10.0,
26,2026-05-13,ok,0.1527,76.12,observed,76.12,74.11,74.37,74.56,74.9,75.14,75.08,overflow,overflow,True,0.002,0.243,0.755,0.0,3.0,0.29,10.0,
26,2026-05-14,ok,0.153,76.27,predicted,76.27,76.69,77.08,77.34,77.69,77.91,77.83,overflow,overflow,True,0.004,0.316,0.68,0.0,7.0,0.57,6.0,
26,2026-05-15,ok,0.153,76.28,predicted,76.28,76.59,76.85,76.98,77.22,77.34,77.18,overflow,overflow,True,0.007,0.37,0.623,0.0,7.0,0.57,6.0,
26,2026-05-16,ok,0.1521,75.86,predicted,75.86,75.95,76.01,75.96,76.08,76.11,75.87,overflow,overflow,True,0.008,0.42,0.571,0.0,7.0,0.29,10.0,
26,2026-05-17,ok,0.152,75.78,predicted,75.78,75.78,75.73,75.6,75.63,75.63,75.32,overflow,overflow,True,0.008,0.432,0.56,0.0,7.0,0.29,10.0,
26,2026-05-18,ok,0.1521,75.81,predicted,75.81,75.75,75.62,75.44,75.43,75.4,75.05,overflow,overflow,True,0.005,0.342,0.653,0.0,7.0,0.29,10.0,
26,2026-05-19,ok,0.1523,75.92,predicted,75.92,75.82,75.67,75.46,75.43,75.39,75.03,overflow,overflow,True,0.004,0.299,0.697,0.0,7.0,0.29,10.0,
26,2026-05-20,ok,0.1523,75.91,predicted,75.91,75.81,75.64,75.44,75.4,75.37,75.0,overflow,overflow,True,0.002,0.131,0.867,0.0,7.0,0.29,10.0,
26,2026-05-21,ok,0.1523,75.94,predicted,75.94,75.87,75.75,75.59,75.6,75.6,75.26,overflow,overflow,True,0.002,0.154,0.845,0.0,7.0,0.29,10.0,
26,2026-05-22,ok,0.1523,75.92,predicted,75.92,75.84,75.7,75.52,75.52,75.53,75.18,overflow,overflow,True,0.002,0.186,0.812,0.0,7.0,0.29,10.0,
26,2026-05-23,ok,0.1525,76.05,predicted,76.05,76.1,76.1,76.06,76.19,76.26,76.0,overflow,overflow,True,0.001,0.141,0.858,0.0,7.0,0.29,10.0,
26,2026-05-24,ok,0.1522,75.9,predicted,75.9,75.87,75.77,75.64,75.69,75.7,75.39,overflow,overflow,True,0.001,0.114,0.885,0.0,7.0,0.29,10.0,
26,2026-05-25,ok,0.1523,75.91,predicted,75.91,75.9,75.83,75.72,75.8,75.83,75.54,overflow,overflow,True,0.001,0.15,0.849,0.0,7.0,0.29,10.0,
26,2026-05-26,ok,0.1522,75.91,predicted,75.91,75.9,75.83,75.74,75.82,75.86,75.57,overflow,overflow,True,0.001,0.162,0.837,0.0,7.0,0.29,10.0,
26,2026-05-27,ok,0.1524,75.96,predicted,75.96,75.96,75.9,75.81,75.89,75.94,75.65,overflow,overflow,True,0.001,0.205,0.794,0.0,7.0,0.29,10.0,
26,2026-05-28,rejected,,,,,,,,,,,,,,,,,,,,,no storage data available for this tank
26,2026-05-29,rejected,,,,,,,,,,,,,,,,,,,,,no storage data available for this tank
26,2026-05-30,rejected,,,,,,,,,,,,,,,,,,,,,no storage data available for this tank
26,2026-05-31,rejected,,,,,,,,,,,,,,,,,,,,,no storage data available for this tank
26,2026-06-01,rejected,,,,,,,,,,,,,,,,,,,,,no storage data available for this tank
26,2026-06-02,rejected,,,,,,,,,,,,,,,,,,,,,no storage data available for this tank
26,2026-06-03,rejected,,,,,,,,,,,,,,,,,,,,,no storage data available for this tank
26,2026-06-04,rejected,,,,,,,,,,,,,,,,,,,,,no storage data available for this tank
26,2026-06-05,rejected,,,,,,,,,,,,,,,,,,,,,no storage data available for this tank
26,2026-06-06,rejected,,,,,,,,,,,,,,,,,,,,,no storage data available for this tank
26,2026-06-07,ok,0.1425,71.06,predicted,71.06,71.0,70.91,70.82,70.93,71.01,70.83,normal,overflow,False,0.001,0.092,0.907,0.0,0.0,0.29,10.0,
26,2026-06-08,ok,0.1425,71.06,predicted,71.06,71.0,70.92,70.83,70.94,71.01,70.84,normal,overflow,False,0.001,0.08,0.918,0.0,0.0,0.29,10.0,
26,2026-06-09,ok,0.1424,70.98,predicted,70.98,70.9,70.8,70.69,70.78,70.83,70.66,normal,overflow,False,0.001,0.075,0.924,0.0,0.0,0.29,10.0,
26,2026-06-10,ok,0.1423,70.94,predicted,70.94,70.83,70.7,70.58,70.65,70.7,70.51,normal,overflow,False,0.001,0.08,0.918,0.0,0.0,0.29,10.0,
26,2026-06-11,ok,0.1424,71.0,predicted,71.0,70.92,70.82,70.72,70.82,70.89,70.71,normal,overflow,False,0.001,0.087,0.911,0.0,0.0,0.29,10.0,
26,2026-06-12,ok,0.1425,71.07,predicted,71.07,71.04,71.0,70.95,71.09,71.19,80.88,normal,overflow,False,0.001,0.076,0.923,0.0,1.0,0.29,10.0,
26,2026-06-13,ok,0.1425,71.04,predicted,71.04,71.13,71.24,71.3,71.54,80.88,71.64,normal,overflow,False,0.001,0.079,0.92,0.0,1.0,0.29,10.0,
26,2026-06-14,ok,0.142,70.82,predicted,70.82,70.88,70.94,70.97,80.88,71.34,71.26,normal,overflow,False,0.001,0.065,0.934,0.0,1.0,0.29,10.0,
26,2026-06-15,ok,0.1422,70.91,predicted,70.91,70.89,70.84,80.88,70.91,71.0,70.85,normal,overflow,False,0.001,0.064,0.935,0.0,1.0,0.29,10.0,
26,2026-06-16,ok,0.1423,70.97,predicted,70.97,70.87,80.88,70.61,70.66,70.7,70.5,normal,overflow,False,0.001,0.075,0.924,0.0,1.0,0.29,10.0,
26,2026-06-17,ok,0.1422,70.92,predicted,70.92,80.88,70.62,70.46,70.49,70.52,70.3,normal,overflow,False,0.001,0.091,0.907,0.0,1.0,0.29,10.0,
26,2026-06-18,ok,0.1622,80.88,observed,80.88,70.91,70.83,70.74,70.84,70.91,70.74,overflow,overflow,True,0.001,0.09,0.909,0.0,1.0,0.29,10.0,
26,2026-06-19,ok,0.1639,81.72,predicted,81.72,82.12,82.34,82.35,82.37,82.27,83.19,overflow,overflow,True,0.001,0.087,0.911,0.0,7.0,0.57,6.0,
26,2026-06-20,ok,0.1654,82.47,predicted,82.47,82.86,83.05,83.04,83.01,83.19,82.46,overflow,overflow,True,0.001,0.097,0.902,0.0,7.0,0.57,6.0,
26,2026-06-21,ok,0.1616,80.56,predicted,80.56,80.62,80.59,80.47,83.19,80.43,80.02,overflow,overflow,True,0.001,0.11,0.889,0.0,7.0,0.29,10.0,
26,2026-06-22,ok,0.1616,80.57,predicted,80.57,80.67,80.67,83.19,80.62,80.6,80.21,overflow,overflow,True,0.001,0.11,0.889,0.0,7.0,0.29,10.0,
26,2026-06-23,ok,0.1617,80.61,predicted,80.61,80.76,83.19,80.78,80.86,80.85,80.5,overflow,overflow,True,0.001,0.095,0.904,0.0,7.0,0.29,10.0,
26,2026-06-24,ok,0.1614,80.47,predicted,80.47,83.19,80.5,80.37,80.37,80.32,79.92,overflow,overflow,True,0.001,0.103,0.896,0.0,7.0,0.29,10.0,
26,2026-06-25,ok,0.1669,83.19,observed,83.19,80.61,80.57,80.44,80.44,80.4,79.99,overflow,overflow,True,0.001,0.115,0.884,0.0,7.0,0.29,10.0,
26,2026-06-26,ok,0.1672,83.34,predicted,83.34,83.63,83.77,83.76,83.76,83.7,83.29,overflow,overflow,True,0.001,0.101,0.898,0.0,7.0,0.57,6.0,
26,2026-06-27,ok,0.1679,83.72,predicted,83.72,84.01,84.16,84.14,84.12,84.03,83.61,overflow,overflow,True,0.001,0.146,0.853,0.0,7.0,0.57,6.0,
26,2026-06-28,ok,0.1685,83.99,predicted,83.99,84.28,84.41,84.38,84.35,84.25,83.81,overflow,overflow,True,0.001,0.19,0.809,0.0,7.0,0.57,6.0,
26,2026-06-29,ok,0.1693,84.41,predicted,84.41,84.73,84.89,84.88,84.85,84.75,84.32,overflow,overflow,True,0.001,0.199,0.799,0.0,7.0,0.57,6.0,
26,2026-06-30,ok,0.1699,84.71,predicted,84.71,84.99,85.12,85.06,84.98,84.85,84.38,overflow,overflow,True,0.001,0.138,0.861,0.0,7.0,0.57,6.0,
26,2026-07-01,ok,0.1704,84.98,predicted,84.98,85.23,85.33,85.24,85.14,84.99,80.38,overflow,overflow,True,0.001,0.095,0.904,0.0,7.0,0.57,6.0,
26,2026-07-02,ok,0.1713,85.4,predicted,85.4,85.68,85.81,85.74,85.65,80.38,85.03,overflow,overflow,True,0.001,0.097,0.902,0.0,7.0,0.57,6.0,
26,2026-07-03,ok,0.1666,83.08,predicted,83.08,83.16,83.13,82.98,80.38,82.82,82.34,overflow,overflow,True,0.001,0.085,0.914,0.0,7.0,0.29,10.0,
26,2026-07-04,ok,0.1669,83.22,predicted,83.22,83.37,83.39,80.38,83.25,83.16,82.71,overflow,overflow,True,0.001,0.074,0.925,0.0,7.0,0.29,10.0,
26,2026-07-05,ok,0.1665,83.03,predicted,83.03,83.1,80.38,82.86,82.77,82.63,82.13,overflow,overflow,True,0.001,0.068,0.931,0.0,7.0,0.29,10.0,
26,2026-07-06,ok,0.1664,82.97,predicted,82.97,80.38,83.04,82.89,82.82,82.72,82.24,overflow,overflow,True,0.001,0.056,0.943,0.0,7.0,0.29,10.0,
26,2026-07-07,ok,0.1612,80.38,observed,80.38,83.17,83.16,83.04,82.98,82.9,82.43,overflow,overflow,True,0.001,0.045,0.954,0.0,7.0,0.29,10.0,
26,2026-07-08,ok,0.1605,80.04,predicted,80.04,79.92,79.74,79.49,79.43,79.36,78.89,overflow,overflow,True,0.001,0.045,0.954,0.0,7.0,0.57,6.0,
26,2026-07-09,ok,0.1601,79.8,predicted,79.8,79.65,79.43,79.16,79.07,78.98,78.5,overflow,overflow,True,0.001,0.049,0.95,0.0,7.0,0.57,6.0,
26,2026-07-10,ok,0.161,80.27,predicted,80.27,80.24,80.11,79.9,79.84,79.75,79.29,overflow,overflow,True,0.001,0.057,0.941,0.0,7.0,0.29,10.0,
26,2026-07-11,ok,0.161,80.27,predicted,80.27,80.28,80.2,80.05,80.03,79.98,79.55,overflow,overflow,True,0.001,0.059,0.94,0.0,7.0,0.29,10.0,
26,2026-07-12,ok,0.161,80.27,predicted,80.27,80.28,80.18,80.02,79.99,79.94,79.5,overflow,overflow,True,0.001,0.064,0.935,0.0,7.0,0.29,10.0,
26,2026-07-13,ok,0.161,80.29,predicted,80.29,80.31,80.24,80.09,80.08,80.03,81.21,overflow,overflow,True,0.001,0.065,0.934,0.0,7.0,0.29,10.0,
26,2026-07-14,ok,0.1611,80.32,predicted,80.32,80.33,80.25,80.09,80.07,81.21,79.58,overflow,overflow,True,0.001,0.073,0.926,0.0,7.0,0.29,10.0,
26,2026-07-15,ok,0.161,80.27,predicted,80.27,80.26,80.16,79.97,81.21,79.85,79.4,overflow,overflow,True,0.001,0.078,0.92,0.0,7.0,0.29,10.0,
26,2026-07-16,ok,0.161,80.26,predicted,80.26,80.28,80.2,81.21,80.02,79.96,79.53,overflow,overflow,True,0.001,0.072,0.927,0.0,7.0,0.29,10.0,
26,2026-07-17,ok,0.161,80.29,predicted,80.29,80.31,81.21,80.08,80.06,80.01,79.58,overflow,overflow,True,0.001,0.052,0.947,0.0,7.0,0.29,10.0,
26,2026-07-18,ok,0.161,80.27,predicted,80.27,81.21,80.1,79.9,79.83,79.75,79.29,overflow,overflow,True,0.001,0.046,0.953,0.0,7.0,0.29,10.0,
26,2026-07-19,ok,0.1629,81.21,observed,81.21,80.29,80.17,79.98,79.93,79.85,79.4,overflow,overflow,True,0.001,0.055,0.944,0.0,7.0,0.29,10.0,
26,2026-07-20,ok,0.1627,81.14,predicted,81.14,81.18,81.1,80.93,80.88,80.8,80.35,overflow,overflow,True,0.001,0.056,0.943,0.0,7.0,0.57,6.0,
26,2026-07-21,ok,0.1629,81.22,predicted,81.22,81.26,81.19,81.03,80.99,80.91,80.46,overflow,overflow,True,0.001,0.061,0.938,0.0,7.0,0.57,6.0,
26,2026-07-22,ok,0.1626,81.09,predicted,81.09,81.1,81.01,80.83,80.78,80.71,80.24,overflow,overflow,True,0.001,0.068,0.93,0.0,7.0,0.29,10.0,
26,2026-07-23,ok,0.1626,81.08,predicted,81.08,81.08,80.98,80.79,80.73,80.66,80.19,overflow,overflow,True,0.001,0.072,0.927,0.0,7.0,0.29,10.0,
26,2026-07-24,ok,0.1627,81.1,predicted,81.1,81.11,81.01,80.83,80.77,80.71,80.24,overflow,overflow,True,0.001,0.069,0.93,0.0,7.0,0.29,10.0,
26,2026-07-25,ok,0.1628,81.17,predicted,81.17,81.18,81.08,80.91,80.86,80.8,80.33,overflow,overflow,True,0.001,0.065,0.933,0.0,7.0,0.29,10.0,
26,2026-07-26,ok,0.1628,81.16,predicted,81.16,81.13,80.99,80.77,80.68,80.59,80.09,overflow,overflow,True,0.001,0.068,0.93,0.0,7.0,0.29,10.0,
27,2026-03-25,ok,0.1715,32.15,observed,32.15,49.73,49.62,49.51,49.39,49.26,49.28,normal,normal,True,0.082,0.867,0.051,0.0,0.0,0.29,10.0,
27,2026-03-26,ok,0.1628,30.52,predicted,30.52,29.48,28.56,27.8,27.08,26.68,26.46,normal,normal,True,0.064,0.879,0.057,0.0,0.0,0.57,6.0,
27,2026-03-27,ok,0.1548,29.02,predicted,29.02,27.98,27.07,26.33,25.64,25.26,25.05,normal,normal,True,0.055,0.88,0.065,0.0,0.0,0.57,6.0,
27,2026-03-28,ok,0.1469,27.53,predicted,27.53,26.49,25.58,24.85,24.17,23.82,23.6,normal,normal,True,0.053,0.872,0.075,0.0,0.0,0.57,6.0,
27,2026-03-29,ok,0.1725,32.33,predicted,32.33,32.22,32.08,31.97,31.87,31.78,31.74,normal,normal,True,0.065,0.861,0.074,0.0,0.0,0.29,10.0,
27,2026-03-30,ok,0.1725,32.33,predicted,32.33,32.22,32.07,31.97,31.86,31.78,31.73,normal,normal,True,0.073,0.86,0.067,0.0,0.0,0.29,10.0,
27,2026-03-31,ok,0.1726,32.35,predicted,32.35,32.24,32.1,32.01,31.92,31.84,31.81,normal,normal,True,0.069,0.873,0.057,0.0,0.0,0.29,10.0,
27,2026-04-01,ok,0.1725,32.34,predicted,32.34,32.23,32.08,31.98,31.89,31.81,44.43,normal,normal,True,0.065,0.884,0.05,0.0,0.0,0.29,10.0,
27,2026-04-02,ok,0.1727,32.38,predicted,32.38,32.3,32.19,32.12,32.05,44.43,31.98,normal,normal,True,0.063,0.892,0.045,0.0,0.0,0.29,10.0,
27,2026-04-03,ok,0.1723,32.3,predicted,32.3,32.23,32.16,32.13,44.43,32.06,32.07,normal,normal,True,0.088,0.864,0.048,0.0,0.0,0.29,10.0,
27,2026-04-04,ok,0.1711,32.07,predicted,32.07,31.98,31.91,44.43,31.85,31.85,31.89,normal,normal,True,0.09,0.853,0.057,0.0,0.0,0.29,10.0,
27,2026-04-05,ok,0.1715,32.15,predicted,32.15,32.28,44.43,32.61,32.76,32.92,33.08,normal,normal,True,0.091,0.861,0.048,0.0,0.0,0.29,10.0,
27,2026-04-06,ok,0.1721,32.26,predicted,32.26,44.43,32.46,32.59,32.7,32.81,32.91,normal,normal,True,0.105,0.856,0.039,0.0,0.0,0.29,10.0,
27,2026-04-07,ok,0.237,44.43,observed,44.43,32.33,32.37,32.43,32.47,32.51,32.58,normal,normal,True,0.139,0.823,0.037,0.0,0.0,0.29,10.0,
27,2026-04-08,ok,0.2431,45.57,predicted,45.57,46.33,46.88,47.35,47.71,47.86,48.05,normal,normal,True,0.187,0.782,0.031,0.0,0.0,0.57,6.0,
27,2026-04-09,ok,0.2377,44.56,predicted,44.56,44.56,44.48,44.42,44.3,44.19,44.23,normal,normal,True,0.279,0.698,0.024,0.0,0.0,0.29,10.0,
27,2026-04-10,ok,0.2381,44.63,predicted,44.63,44.63,44.57,44.5,44.4,44.28,44.33,normal,normal,True,0.352,0.629,0.019,0.0,0.0,0.29,10.0,
27,2026-04-11,ok,0.2376,44.54,predicted,44.54,44.47,44.31,44.16,43.98,43.8,43.79,normal,normal,True,0.377,0.606,0.017,0.0,0.0,0.29,10.0,
27,2026-04-12,ok,0.238,44.62,predicted,44.62,44.59,44.49,44.4,44.27,44.13,44.16,normal,normal,True,0.393,0.59,0.018,0.0,0.0,0.29,10.0,
27,2026-04-13,ok,0.2381,44.63,predicted,44.63,44.61,44.55,44.49,44.39,44.28,45.43,normal,normal,True,0.426,0.558,0.016,0.0,0.0,0.29,10.0,
27,2026-04-14,ok,0.2378,44.58,predicted,44.58,44.63,44.68,44.7,44.67,45.43,44.77,normal,normal,True,0.47,0.511,0.019,0.0,0.0,0.29,10.0,
27,2026-04-15,ok,0.2374,44.51,predicted,44.51,44.61,44.69,44.77,45.43,44.78,44.95,normal,drought,False,0.523,0.465,0.012,0.0,0.0,0.29,10.0,
27,2026-04-16,ok,0.2375,44.52,predicted,44.52,44.62,44.67,45.43,44.71,44.68,44.81,normal,normal,True,0.477,0.508,0.014,0.0,0.0,0.29,10.0,
27,2026-04-17,ok,0.2377,44.55,predicted,44.55,44.58,45.43,44.51,44.42,44.33,44.4,normal,drought,False,0.528,0.461,0.012,0.0,0.0,0.29,10.0,
27,2026-04-18,ok,0.2377,44.57,predicted,44.57,45.43,44.41,44.31,44.17,44.02,44.04,normal,drought,False,0.661,0.332,0.007,0.0,0.0,0.29,10.0,
27,2026-04-19,ok,0.2424,45.43,observed,45.43,44.57,44.43,44.31,44.15,43.99,43.99,normal,drought,False,0.704,0.29,0.006,0.0,0.0,0.29,10.0,
27,2026-04-20,ok,0.244,45.73,predicted,45.73,45.72,45.61,45.5,45.36,45.2,45.2,normal,drought,False,0.695,0.298,0.007,0.0,0.0,0.57,6.0,
27,2026-04-21,ok,0.245,45.92,predicted,45.92,46.03,46.1,46.14,46.14,46.09,46.21,normal,drought,False,0.794,0.199,0.007,0.0,0.0,0.57,6.0,
27,2026-04-22,ok,0.2428,45.52,predicted,45.52,45.53,45.5,45.46,45.39,45.31,45.4,normal,drought,False,0.786,0.208,0.005,0.0,0.0,0.29,10.0,
27,2026-04-23,ok,0.2432,45.59,predicted,45.59,45.71,45.79,45.87,45.89,45.89,46.05,normal,drought,False,0.771,0.224,0.006,0.0,0.0,0.29,10.0,
27,2026-04-24,ok,0.2433,45.61,predicted,45.61,45.69,45.74,45.77,45.76,45.72,45.86,normal,drought,False,0.748,0.246,0.006,0.0,0.0,0.29,10.0,
27,2026-04-25,ok,0.243,45.55,predicted,45.55,45.57,45.53,45.49,45.4,45.31,39.41,normal,drought,False,0.705,0.288,0.007,0.0,0.0,0.29,10.0,
27,2026-04-26,ok,0.2427,45.49,predicted,45.49,45.45,45.33,45.24,45.09,39.41,44.99,normal,drought,False,0.61,0.382,0.008,0.0,0.0,0.29,10.0,
27,2026-04-27,ok,0.2433,45.61,predicted,45.61,45.61,45.55,45.49,39.41,45.28,45.34,normal,drought,False,0.611,0.381,0.008,0.0,0.0,0.29,10.0,
27,2026-04-28,ok,0.2436,45.66,predicted,45.66,45.7,45.71,39.41,45.65,45.58,45.68,normal,drought,False,0.734,0.26,0.006,0.0,0.0,0.29,10.0,
27,2026-04-29,ok,0.2429,45.53,predicted,45.53,45.56,39.41,45.54,45.48,45.41,45.51,normal,drought,False,0.74,0.255,0.005,0.0,0.0,0.29,10.0,
27,2026-04-30,ok,0.2431,45.56,predicted,45.56,39.41,45.8,45.89,45.92,45.93,46.1,normal,drought,False,0.702,0.292,0.007,0.0,0.0,0.29,10.0,
27,2026-05-01,ok,0.2102,39.41,observed,39.41,45.76,45.9,46.03,46.09,46.12,46.3,normal,drought,False,0.653,0.339,0.008,0.0,0.0,0.29,10.0,
27,2026-05-02,ok,0.2069,38.79,predicted,38.79,38.49,38.21,37.98,37.71,37.55,37.56,normal,drought,False,0.62,0.372,0.008,0.0,0.0,0.57,6.0,
27,2026-05-03,ok,0.2047,38.37,predicted,38.37,38.04,37.74,37.48,37.19,37.01,37.0,normal,drought,False,0.568,0.423,0.009,0.0,0.0,0.57,6.0,
27,2026-05-04,ok,0.2108,39.52,predicted,39.52,39.52,39.46,39.41,39.31,39.21,39.24,normal,normal,True,0.474,0.512,0.014,0.0,0.0,0.29,10.0,
27,2026-05-05,ok,0.2105,39.46,predicted,39.46,39.39,39.26,39.14,38.98,38.83,38.83,normal,drought,False,0.579,0.412,0.01,0.0,0.0,0.29,10.0,
27,2026-05-06,ok,0.2109,39.53,predicted,39.53,39.55,39.57,39.58,39.53,39.47,39.55,normal,drought,False,0.667,0.32,0.012,0.0,0.0,0.29,10.0,
27,2026-05-07,ok,0.21,39.36,predicted,39.36,39.34,39.29,39.26,39.17,39.1,39.21,normal,drought,False,0.707,0.286,0.008,0.0,0.0,0.29,10.0,
27,2026-05-08,ok,0.2105,39.46,predicted,39.46,39.6,39.72,39.85,39.91,39.21,40.11,normal,drought,False,0.717,0.277,0.007,0.0,0.0,0.29,10.0,
27,2026-05-09,ok,0.2103,39.42,predicted,39.42,39.56,39.72,39.86,39.21,40.0,40.18,normal,drought,False,0.696,0.296,0.008,0.0,0.0,0.29,10.0,
27,2026-05-10,ok,0.2103,39.43,predicted,39.43,39.64,39.87,39.21,40.22,40.33,40.55,normal,drought,False,0.612,0.377,0.011,0.0,0.0,0.29,10.0,
27,2026-05-11,ok,0.2102,39.4,predicted,39.4,39.77,39.21,40.69,41.01,41.32,41.68,normal,normal,True,0.247,0.703,0.05,0.0,0.0,0.29,10.0,
27,2026-05-12,ok,0.211,39.55,predicted,39.55,39.21,41.13,41.9,42.53,43.1,43.64,normal,normal,True,0.247,0.707,0.046,0.0,0.0,0.29,10.0,
27,2026-05-13,ok,0.2092,39.21,observed,39.21,39.96,40.55,41.07,41.47,41.82,42.21,normal,normal,True,0.201,0.744,0.055,0.0,0.0,0.29,10.0,
27,2026-05-14,ok,0.211,39.56,predicted,39.56,40.33,41.21,41.97,42.57,43.1,43.62,normal,normal,True,0.176,0.754,0.07,0.0,0.0,0.57,6.0,
27,2026-05-15,ok,0.2091,39.2,predicted,39.2,39.43,39.68,39.86,39.93,39.99,40.15,normal,normal,True,0.152,0.775,0.073,0.0,0.0,0.57,6.0,
27,2026-05-16,ok,0.2084,39.06,predicted,39.06,39.05,39.03,38.94,38.78,38.64,38.64,normal,normal,True,0.146,0.777,0.078,0.0,0.0,0.29,10.0,
27,2026-05-17,ok,0.2083,39.05,predicted,39.05,39.0,38.9,38.78,38.59,38.41,38.37,normal,normal,True,0.151,0.776,0.073,0.0,0.0,0.29,10.0,
27,2026-05-18,ok,0.2088,39.14,predicted,39.14,39.08,38.94,38.79,38.59,38.39,38.32,normal,normal,True,0.162,0.784,0.054,0.0,0.0,0.29,10.0,
27,2026-05-19,ok,0.2092,39.21,predicted,39.21,39.11,38.95,38.76,38.53,38.31,38.23,normal,normal,True,0.167,0.787,0.046,0.0,0.0,0.29,10.0,
27,2026-05-20,ok,0.2091,39.2,predicted,39.2,39.09,38.91,38.71,38.49,38.26,38.18,normal,normal,True,0.182,0.778,0.039,0.0,0.0,0.29,10.0,
27,2026-05-21,ok,0.2094,39.25,predicted,39.25,39.18,39.07,38.95,38.79,38.63,38.6,normal,normal,True,0.196,0.772,0.032,0.0,0.0,0.29,10.0,
27,2026-05-22,ok,0.2094,39.25,predicted,39.25,39.21,39.1,39.01,38.87,38.74,38.73,normal,normal,True,0.178,0.79,0.032,0.0,0.0,0.29,10.0,
27,2026-05-23,ok,0.2098,39.33,predicted,39.33,39.37,39.39,39.4,39.36,39.31,39.39,normal,normal,True,0.157,0.81,0.033,0.0,0.0,0.29,10.0,
27,2026-05-24,ok,0.209,39.17,predicted,39.17,39.15,39.09,39.04,38.95,38.86,38.91,normal,normal,True,0.146,0.818,0.036,0.0,0.0,0.29,10.0,
27,2026-05-25,ok,0.2094,39.25,predicted,39.25,39.32,39.38,39.43,39.44,39.43,39.55,normal,normal,True,0.181,0.786,0.033,0.0,0.0,0.29,10.0,
27,2026-05-26,ok,0.2094,39.25,predicted,39.25,39.32,39.36,39.41,39.41,39.4,39.51,normal,normal,True,0.213,0.759,0.028,0.0,0.0,0.29,10.0,
27,2026-05-27,ok,0.2095,39.28,predicted,39.28,39.34,39.37,39.41,39.39,39.37,39.47,normal,normal,True,0.274,0.702,0.024,0.0,0.0,0.29,10.0,
27,2026-05-28,rejected,,,,,,,,,,,,,,,,,,,,,no storage data available for this tank
27,2026-05-29,rejected,,,,,,,,,,,,,,,,,,,,,no storage data available for this tank
27,2026-05-30,rejected,,,,,,,,,,,,,,,,,,,,,no storage data available for this tank
27,2026-05-31,rejected,,,,,,,,,,,,,,,,,,,,,no storage data available for this tank
27,2026-06-01,rejected,,,,,,,,,,,,,,,,,,,,,no storage data available for this tank
27,2026-06-02,rejected,,,,,,,,,,,,,,,,,,,,,no storage data available for this tank
27,2026-06-03,rejected,,,,,,,,,,,,,,,,,,,,,no storage data available for this tank
27,2026-06-04,rejected,,,,,,,,,,,,,,,,,,,,,no storage data available for this tank
27,2026-06-05,rejected,,,,,,,,,,,,,,,,,,,,,no storage data available for this tank
27,2026-06-06,ok,0.1645,30.84,predicted,30.84,30.72,30.57,30.48,30.39,30.33,30.29,normal,normal,True,0.408,0.577,0.015,0.0,0.0,0.29,10.0,
27,2026-06-07,ok,0.1649,30.91,predicted,30.91,30.86,30.8,30.78,30.76,30.76,30.77,normal,normal,True,0.398,0.586,0.016,0.0,0.0,0.29,10.0,
27,2026-06-08,ok,0.1647,30.87,predicted,30.87,30.79,30.72,30.69,30.65,30.64,30.65,normal,normal,True,0.396,0.587,0.017,0.0,0.0,0.29,10.0,
27,2026-06-09,ok,0.1642,30.79,predicted,30.79,30.69,30.59,30.54,30.49,30.46,30.47,normal,normal,True,0.388,0.594,0.018,0.0,0.0,0.29,10.0,
27,2026-06-10,ok,0.1644,30.82,predicted,30.82,30.76,30.7,30.69,30.68,30.68,30.7,normal,normal,True,0.397,0.586,0.017,0.0,0.0,0.29,10.0,
27,2026-06-11,ok,0.1648,30.89,predicted,30.89,30.87,30.85,30.87,30.88,30.91,30.94,normal,normal,True,0.418,0.567,0.016,0.0,0.0,0.29,10.0,
27,2026-06-12,ok,0.1646,30.86,predicted,30.86,30.81,30.77,30.77,30.76,30.77,42.93,normal,normal,True,0.433,0.552,0.015,0.0,0.0,0.29,10.0,
27,2026-06-13,ok,0.1639,30.73,predicted,30.73,30.8,30.96,31.13,31.26,42.93,31.58,normal,normal,True,0.408,0.565,0.026,0.0,0.0,0.29,10.0,
27,2026-06-14,ok,0.1638,30.71,predicted,30.71,30.82,30.94,31.11,42.93,31.4,31.53,normal,normal,True,0.406,0.577,0.017,0.0,0.0,0.29,10.0,
27,2026-06-15,ok,0.1641,30.77,predicted,30.77,30.82,30.87,42.93,31.02,31.09,31.16,normal,normal,True,0.408,0.577,0.014,0.0,0.0,0.29,10.0,
27,2026-06-16,ok,0.1646,30.85,predicted,30.85,30.87,42.93,30.94,30.98,31.01,31.06,normal,normal,True,0.411,0.574,0.015,0.0,0.0,0.29,10.0,
27,2026-06-17,ok,0.1646,30.85,predicted,30.85,42.93,30.71,30.65,30.6,30.56,30.53,normal,normal,True,0.411,0.574,0.015,0.0,0.0,0.29,10.0,
27,2026-06-18,ok,0.229,42.93,observed,42.93,30.77,30.65,30.57,30.49,30.42,30.37,normal,normal,True,0.412,0.573,0.014,0.0,0.0,0.29,10.0,
27,2026-06-19,ok,0.235,44.06,predicted,44.06,44.83,45.42,45.91,46.3,46.46,47.25,normal,normal,True,0.435,0.551,0.014,0.0,0.0,0.57,6.0,
27,2026-06-20,ok,0.2291,42.95,predicted,42.95,42.93,42.88,42.82,42.71,47.25,42.65,normal,normal,True,0.409,0.576,0.015,0.0,0.0,0.29,10.0,
27,2026-06-21,ok,0.2293,42.99,predicted,42.99,43.03,43.03,43.03,47.25,42.9,43.0,normal,normal,True,0.372,0.611,0.017,0.0,0.0,0.29,10.0,
27,2026-06-22,ok,0.2295,43.01,predicted,43.01,43.08,43.13,47.25,43.13,43.09,43.21,normal,normal,True,0.374,0.607,0.019,0.0,0.0,0.29,10.0,
27,2026-06-23,ok,0.2296,43.03,predicted,43.03,43.15,47.25,43.34,43.36,43.36,43.53,normal,normal,True,0.359,0.618,0.023,0.0,0.0,0.29,10.0,
27,2026-06-24,ok,0.2287,42.87,predicted,42.87,47.25,42.88,42.87,42.8,42.73,42.83,normal,normal,True,0.361,0.619,0.019,0.0,0.0,0.29,10.0,
27,2026-06-25,ok,0.2521,47.25,observed,47.25,43.09,43.14,43.19,43.18,43.16,43.28,normal,normal,True,0.371,0.609,0.02,0.0,0.0,0.29,10.0,
27,2026-06-26,ok,0.2568,48.14,predicted,48.14,48.69,49.08,49.42,49.67,49.76,49.95,normal,normal,True,0.411,0.573,0.016,0.0,0.0,0.57,6.0,
27,2026-06-27,ok,0.2603,48.8,predicted,48.8,49.33,49.73,50.05,50.29,50.37,50.56,normal,drought,False,0.537,0.451,0.013,0.0,0.0,0.57,6.0,
27,2026-06-28,ok,0.2633,49.36,predicted,49.36,49.86,50.2,50.48,50.69,50.74,50.89,normal,drought,False,0.583,0.407,0.009,0.0,0.0,0.57,6.0,
27,2026-06-29,ok,0.2671,50.06,predicted,50.06,50.57,50.93,51.23,51.45,51.51,51.68,normal,drought,False,0.587,0.404,0.008,0.0,0.0,0.57,6.0,
27,2026-06-30,ok,0.2701,50.62,predicted,50.62,51.06,51.34,51.55,51.71,51.71,51.83,normal,drought,False,0.568,0.424,0.008,0.0,0.0,0.57,6.0,
27,2026-07-01,ok,0.2732,51.22,predicted,51.22,51.63,51.86,52.05,52.19,52.19,52.27,normal,normal,True,0.47,0.519,0.011,0.0,0.0,0.57,6.0,
27,2026-07-02,ok,0.2773,51.97,predicted,51.97,52.43,52.7,52.93,53.11,53.14,42.87,normal,normal,True,0.341,0.643,0.016,0.0,0.0,0.57,6.0,
27,2026-07-03,ok,0.2535,47.52,predicted,47.52,47.48,47.36,47.24,47.1,42.87,46.95,normal,normal,True,0.22,0.754,0.026,0.0,0.0,0.29,10.0,
27,2026-07-04,ok,0.2542,47.66,predicted,47.66,47.66,47.6,47.53,42.87,47.31,47.36,normal,normal,True,0.174,0.797,0.029,0.0,0.0,0.29,10.0,
27,2026-07-05,ok,0.2529,47.4,predicted,47.4,47.27,47.07,42.87,46.65,46.44,46.42,normal,normal,True,0.14,0.822,0.038,0.0,0.0,0.29,10.0,
27,2026-07-06,ok,0.2529,47.42,predicted,47.42,47.38,42.87,47.16,47.03,46.9,46.93,normal,normal,True,0.112,0.843,0.045,0.0,0.0,0.29,10.0,
27,2026-07-07,ok,0.2535,47.51,predicted,47.51,42.87,47.46,47.41,47.34,47.25,47.3,normal,normal,True,0.092,0.858,0.05,0.0,0.0,0.29,10.0,
27,2026-07-08,ok,0.2287,42.87,observed,42.87,47.51,47.41,47.32,47.2,47.08,47.11,normal,normal,True,0.072,0.869,0.059,0.0,0.0,0.29,10.0,
27,2026-07-09,ok,0.2276,42.67,predicted,42.67,42.4,42.09,41.82,41.54,41.32,41.29,normal,normal,True,0.067,0.87,0.063,0.0,0.0,0.57,6.0,
27,2026-07-10,ok,0.2298,43.07,predicted,43.07,43.0,42.86,42.73,42.57,42.41,42.41,normal,normal,True,0.071,0.866,0.064,0.0,0.0,0.29,10.0,
27,2026-07-11,ok,0.2297,43.05,predicted,43.05,43.0,42.88,42.78,42.64,42.5,42.52,normal,normal,True,0.077,0.869,0.054,0.0,0.0,0.29,10.0,
27,2026-07-12,ok,0.2296,43.04,predicted,43.04,43.0,42.9,42.81,42.68,42.55,42.58,normal,normal,True,0.079,0.87,0.051,0.0,0.0,0.29,10.0,
27,2026-07-13,ok,0.2297,43.06,predicted,43.06,43.05,42.96,42.9,42.79,42.68,53.23,normal,normal,True,0.079,0.876,0.045,0.0,0.0,0.29,10.0,
27,2026-07-14,ok,0.2298,43.08,predicted,43.08,43.06,42.98,42.91,42.8,53.23,42.74,normal,normal,True,0.096,0.864,0.04,0.0,0.0,0.29,10.0,
27,2026-07-15,ok,0.2295,43.02,predicted,43.02,42.97,42.86,42.77,53.23,42.5,42.54,normal,normal,True,0.118,0.847,0.035,0.0,0.0,0.29,10.0,
27,2026-07-16,ok,0.2295,43.01,predicted,43.01,42.98,42.9,53.23,42.71,42.6,42.65,normal,normal,True,0.13,0.839,0.031,0.0,0.0,0.29,10.0,
27,2026-07-17,ok,0.2295,43.01,predicted,43.01,43.0,53.23,42.87,42.77,42.67,42.73,normal,normal,True,0.107,0.862,0.03,0.0,0.0,0.29,10.0,
27,2026-07-18,ok,0.2295,43.01,predicted,43.01,53.23,42.94,42.89,42.79,42.7,42.75,normal,normal,True,0.097,0.873,0.03,0.0,0.0,0.29,10.0,
27,2026-07-19,ok,0.284,53.23,observed,53.23,43.14,43.12,43.1,43.03,42.96,43.04,normal,normal,True,0.107,0.863,0.03,0.0,0.0,0.29,10.0,
27,2026-07-20,ok,0.2915,54.65,predicted,54.65,55.27,55.66,55.97,56.23,56.27,56.37,normal,normal,True,0.115,0.856,0.029,0.0,0.0,0.57,6.0,
27,2026-07-21,ok,0.2967,55.61,predicted,55.61,56.23,56.6,56.91,57.17,57.22,57.3,normal,normal,True,0.138,0.833,0.029,0.0,0.0,0.57,6.0,
27,2026-07-22,ok,0.302,56.62,predicted,56.62,57.24,57.63,57.94,58.22,58.27,58.35,normal,normal,True,0.154,0.815,0.032,0.0,0.0,0.57,6.0,
27,2026-07-23,ok,0.286,53.61,predicted,53.61,53.53,53.35,53.21,53.09,52.97,52.95,normal,normal,True,0.154,0.81,0.036,0.0,0.0,0.29,10.0,
27,2026-07-24,ok,0.2861,53.63,predicted,53.63,53.55,53.39,53.26,53.16,53.04,53.02,normal,normal,True,0.147,0.817,0.036,0.0,0.0,0.29,10.0,
27,2026-07-25,ok,0.2862,53.65,predicted,53.65,53.58,53.42,53.29,53.19,53.07,53.05,normal,normal,True,0.146,0.817,0.037,0.0,0.0,0.29,10.0,
27,2026-07-26,ok,0.2863,53.66,predicted,53.66,53.57,53.38,53.23,53.1,52.97,52.93,normal,normal,True,0.142,0.818,0.04,0.0,0.0,0.29,10.0,
28,2026-03-25,ok,0.0945,13.86,observed,13.86,32.43,32.4,32.35,32.3,32.22,32.25,drought,drought,True,0.958,0.041,0.001,1.0,0.0,0.29,10.0,
28,2026-03-26,ok,0.0843,12.36,predicted,12.36,11.26,10.31,9.6,9.09,8.8,8.67,drought,drought,True,0.959,0.04,0.001,7.0,0.0,0.57,6.0,
28,2026-03-27,ok,0.0723,10.6,predicted,10.6,9.52,8.59,7.91,7.44,7.18,7.09,drought,drought,True,0.952,0.046,0.001,7.0,0.0,0.57,6.0,
28,2026-03-28,ok,0.0606,8.88,predicted,8.88,7.84,6.96,6.33,5.93,5.7,5.67,drought,drought,True,0.944,0.054,0.001,7.0,0.0,0.57,6.0,
28,2026-03-29,ok,0.0933,13.68,predicted,13.68,13.67,13.63,13.7,13.89,14.02,14.07,drought,drought,True,0.907,0.091,0.002,7.0,0.0,0.29,10.0,
28,2026-03-30,ok,0.0933,13.68,predicted,13.68,13.65,13.59,13.65,13.83,13.95,14.0,drought,drought,True,0.893,0.104,0.002,7.0,0.0,0.29,10.0,
28,2026-03-31,ok,0.0935,13.7,predicted,13.7,13.7,13.65,13.74,13.94,14.09,14.16,drought,drought,True,0.901,0.097,0.002,7.0,0.0,0.29,10.0,
28,2026-04-01,ok,0.0932,13.66,predicted,13.66,13.65,13.61,13.69,13.9,14.05,22.93,drought,drought,True,0.892,0.106,0.002,6.0,0.0,0.29,10.0,
28,2026-04-02,ok,0.0933,13.68,predicted,13.68,13.74,13.76,13.93,14.21,22.93,14.54,drought,drought,True,0.88,0.117,0.003,6.0,0.0,0.29,10.0,
28,2026-04-03,ok,0.094,13.78,predicted,13.78,13.89,13.97,14.22,22.93,14.83,14.98,drought,drought,True,0.835,0.158,0.007,6.0,0.0,0.29,10.0,
28,2026-04-04,ok,0.0929,13.62,predicted,13.62,13.63,13.61,22.93,14.03,14.29,14.4,drought,drought,True,0.811,0.176,0.013,6.0,0.0,0.29,10.0,
28,2026-04-05,ok,0.0918,13.45,predicted,13.45,13.6,22.93,14.05,14.42,14.79,15.01,drought,drought,True,0.848,0.141,0.01,6.0,0.0,0.29,10.0,
28,2026-04-06,ok,0.091,13.33,predicted,13.33,22.93,13.73,14.06,14.48,14.84,15.1,drought,drought,True,0.875,0.118,0.007,6.0,0.0,0.29,10.0,
28,2026-04-07,ok,0.1564,22.93,observed,22.93,13.9,14.22,14.68,15.22,15.66,15.97,normal,drought,False,0.926,0.068,0.005,6.0,0.0,0.29,10.0,
28,2026-04-08,ok,0.1599,23.45,predicted,23.45,24.15,24.72,25.28,25.83,26.21,26.39,normal,drought,False,0.907,0.088,0.004,0.0,0.0,0.57,6.0,
28,2026-04-09,ok,0.1561,22.88,predicted,22.88,22.87,22.85,22.87,22.95,22.99,23.01,normal,drought,False,0.873,0.124,0.003,0.0,0.0,0.29,10.0,
28,2026-04-10,ok,0.1566,22.96,predicted,22.96,22.94,22.92,22.93,23.01,23.04,23.05,normal,drought,False,0.742,0.255,0.003,0.0,0.0,0.29,10.0,
28,2026-04-11,ok,0.1565,22.94,predicted,22.94,22.82,22.68,22.58,22.55,22.5,22.45,normal,normal,True,0.385,0.612,0.003,0.0,0.0,0.29,10.0,
28,2026-04-12,ok,0.1567,22.97,predicted,22.97,22.88,22.78,22.73,22.74,22.72,22.69,normal,normal,True,0.283,0.715,0.003,0.0,0.0,0.29,10.0,
28,2026-04-13,ok,0.1566,22.96,predicted,22.96,22.88,22.78,22.75,22.78,22.78,20.32,normal,drought,False,0.582,0.416,0.002,0.0,0.0,0.29,10.0,
28,2026-04-14,ok,0.1555,22.8,predicted,22.8,22.72,22.68,22.7,22.76,20.32,22.85,normal,drought,False,0.651,0.347,0.002,0.0,0.0,0.29,10.0,
28,2026-04-15,ok,0.1552,22.76,predicted,22.76,22.8,22.85,22.99,20.32,23.32,23.43,normal,drought,False,0.627,0.371,0.002,0.0,0.0,0.29,10.0,
28,2026-04-16,ok,0.1552,22.75,predicted,22.75,22.84,22.96,20.32,23.35,23.54,23.67,normal,normal,True,0.124,0.873,0.003,0.0,0.0,0.29,10.0,
28,2026-04-17,ok,0.1558,22.85,predicted,22.85,22.96,20.32,23.25,23.46,23.63,23.75,normal,normal,True,0.135,0.862,0.003,0.0,0.0,0.29,10.0,
28,2026-04-18,ok,0.1564,22.93,predicted,22.93,20.32,22.99,23.05,23.18,23.26,23.31,normal,normal,True,0.139,0.858,0.002,0.0,0.0,0.29,10.0,
28,2026-04-19,ok,0.1386,20.32,observed,20.32,22.96,22.92,22.91,22.97,22.98,22.99,normal,normal,True,0.039,0.958,0.003,0.0,0.0,0.29,10.0,
28,2026-04-20,ok,0.1377,20.18,predicted,20.18,19.91,19.64,19.45,19.36,19.28,19.21,normal,normal,True,0.013,0.984,0.004,6.0,0.0,0.57,6.0,
28,2026-04-21,ok,0.1362,19.97,predicted,19.97,19.73,19.53,19.44,19.43,19.44,19.41,drought,normal,False,0.018,0.978,0.004,7.0,0.0,0.57,6.0,
28,2026-04-22,ok,0.1379,20.22,predicted,20.22,20.11,19.99,19.98,20.03,20.09,20.08,normal,normal,True,0.065,0.931,0.004,2.0,0.0,0.29,10.0,
28,2026-04-23,ok,0.1375,20.16,predicted,20.16,20.19,20.23,20.37,20.56,20.74,20.83,normal,normal,True,0.111,0.885,0.004,0.0,0.0,0.29,10.0,
28,2026-04-24,ok,0.1378,20.2,predicted,20.2,20.32,20.45,20.67,20.94,21.19,21.33,normal,normal,True,0.107,0.888,0.005,0.0,0.0,0.29,10.0,
28,2026-04-25,ok,0.1378,20.19,predicted,20.19,20.28,20.38,20.56,20.79,21.0,17.34,normal,normal,True,0.069,0.926,0.005,1.0,0.0,0.29,10.0,
28,2026-04-26,ok,0.1377,20.18,predicted,20.18,20.22,20.26,20.37,20.55,17.34,20.78,normal,normal,True,0.084,0.912,0.004,1.0,0.0,0.29,10.0,
28,2026-04-27,ok,0.1381,20.25,predicted,20.25,20.33,20.42,20.58,17.34,20.98,21.09,normal,normal,True,0.039,0.957,0.004,1.0,0.0,0.29,10.0,
28,2026-04-28,ok,0.1385,20.31,predicted,20.31,20.39,20.49,17.34,20.91,21.1,21.21,normal,normal,True,0.127,0.869,0.004,1.0,0.0,0.29,10.0,
28,2026-04-29,ok,0.1378,20.2,predicted,20.2,20.19,17.34,20.26,20.4,20.53,20.58,normal,normal,True,0.096,0.899,0.005,1.0,0.0,0.29,10.0,
28,2026-04-30,ok,0.1372,20.12,predicted,20.12,17.34,20.26,20.43,20.66,20.87,20.97,normal,normal,True,0.187,0.806,0.007,1.0,0.0,0.29,10.0,
28,2026-05-01,ok,0.1182,17.34,observed,17.34,20.32,20.5,20.77,21.08,21.35,21.51,drought,normal,False,0.194,0.798,0.007,1.0,0.0,0.29,10.0,
28,2026-05-02,ok,0.115,16.85,predicted,16.85,16.74,16.66,16.69,16.83,16.96,17.06,drought,normal,False,0.038,0.955,0.007,7.0,0.0,0.57,6.0,
28,2026-05-03,ok,0.1136,16.65,predicted,16.65,16.56,16.51,16.56,16.72,16.86,16.97,drought,normal,False,0.018,0.976,0.006,7.0,0.0,0.57,6.0,
28,2026-05-04,ok,0.1179,17.28,predicted,17.28,17.37,17.45,17.62,17.88,18.06,18.16,drought,normal,False,0.046,0.951,0.003,7.0,0.0,0.29,10.0,
28,2026-05-05,ok,0.118,17.3,predicted,17.3,17.26,17.19,17.21,17.34,17.42,17.43,drought,normal,False,0.061,0.937,0.003,7.0,0.0,0.29,10.0,
28,2026-05-06,ok,0.1179,17.28,predicted,17.28,17.28,17.29,17.4,17.59,17.74,17.79,drought,normal,False,0.019,0.977,0.004,7.0,0.0,0.29,10.0,
28,2026-05-07,ok,0.1174,17.21,predicted,17.21,17.14,17.05,17.1,17.23,17.35,14.98,drought,normal,False,0.025,0.972,0.004,7.0,0.0,0.29,10.0,
28,2026-05-08,ok,0.1169,17.14,predicted,17.14,17.21,17.28,17.48,17.76,14.98,18.11,drought,normal,False,0.05,0.946,0.004,7.0,0.0,0.29,10.0,
28,2026-05-09,ok,0.1166,17.1,predicted,17.1,17.27,17.46,17.79,14.98,18.51,18.7,drought,normal,False,0.14,0.855,0.005,7.0,0.0,0.29,10.0,
28,2026-05-10,ok,0.1165,17.07,predicted,17.07,17.32,17.59,14.98,18.41,18.81,19.04,drought,normal,False,0.192,0.802,0.006,7.0,0.0,0.29,10.0,
28,2026-05-11,ok,0.115,16.86,predicted,16.86,17.29,14.98,18.5,19.17,19.85,20.23,drought,normal,False,0.405,0.582,0.014,6.0,0.0,0.29,10.0,
28,2026-05-12,ok,0.1152,16.89,predicted,16.89,14.98,18.32,19.22,20.1,20.92,21.43,drought,drought,True,0.664,0.323,0.013,4.0,0.0,0.29,10.0,
28,2026-05-13,ok,0.1022,14.98,observed,14.98,17.41,18.06,18.84,19.61,20.32,20.75,drought,drought,True,0.694,0.291,0.014,5.0,0.0,0.29,10.0,
28,2026-05-14,ok,0.098,14.37,predicted,14.37,15.09,15.95,16.91,17.87,18.77,19.35,drought,drought,True,0.693,0.29,0.017,7.0,0.0,0.57,6.0,
28,2026-05-15,ok,0.0973,14.27,predicted,14.27,14.44,14.63,14.96,15.34,15.68,15.86,drought,drought,True,0.615,0.363,0.022,7.0,0.0,0.57,6.0,
28,2026-05-16,ok,0.0996,14.6,predicted,14.6,14.7,14.73,14.89,15.11,15.28,15.31,drought,normal,False,0.396,0.583,0.022,7.0,0.0,0.29,10.0,
28,2026-05-17,ok,0.0998,14.63,predicted,14.63,14.75,14.78,14.95,15.2,15.36,15.41,drought,normal,False,0.323,0.663,0.014,7.0,0.0,0.29,10.0,
28,2026-05-18,ok,0.1001,14.67,predicted,14.67,14.77,14.78,14.9,15.14,15.25,15.28,drought,normal,False,0.175,0.818,0.008,7.0,0.0,0.29,10.0,
28,2026-05-19,ok,0.101,14.81,predicted,14.81,14.89,14.89,15.0,15.23,15.32,15.34,drought,normal,False,0.226,0.768,0.006,7.0,0.0,0.29,10.0,
28,2026-05-20,ok,0.1015,14.87,predicted,14.87,14.86,14.77,14.78,14.91,14.94,14.89,drought,drought,True,0.538,0.458,0.004,7.0,0.0,0.29,10.0,
28,2026-05-21,ok,0.1017,14.9,predicted,14.9,14.85,14.72,14.69,14.79,14.79,14.73,drought,drought,True,0.501,0.496,0.004,7.0,0.0,0.29,10.0,
28,2026-05-22,ok,0.1013,14.85,predicted,14.85,14.77,14.63,14.59,14.68,14.69,14.63,drought,normal,False,0.272,0.724,0.004,7.0,0.0,0.29,10.0,
28,2026-05-23,ok,0.1022,14.98,predicted,14.98,15.01,14.99,15.11,15.33,15.47,15.51,drought,drought,True,0.522,0.475,0.003,7.0,0.0,0.29,10.0,
28,2026-05-24,ok,0.1011,14.82,predicted,14.82,14.76,14.65,14.68,14.81,14.9,14.91,drought,drought,True,0.521,0.475,0.004,7.0,0.0,0.29,10.0,
28,2026-05-25,ok,0.1007,14.76,predicted,14.76,14.81,14.83,14.98,15.24,15.44,15.54,drought,normal,False,0.412,0.584,0.004,7.0,0.0,0.29,10.0,
28,2026-05-26,ok,0.1007,14.76,predicted,14.76,14.84,14.9,15.1,15.39,15.62,15.76,drought,normal,False,0.357,0.64,0.003,7.0,0.0,0.29,10.0,
28,2026-05-27,ok,0.1009,14.79,predicted,14.79,14.89,14.98,15.2,15.51,15.76,15.91,drought,normal,False,0.306,0.691,0.003,7.0,0.0,0.29,10.0,
28,2026-05-28,rejected,,,,,,,,,,,,,,,,,,,,,no storage data available for this tank
28,2026-05-29,rejected,,,,,,,,,,,,,,,,,,,,,no storage data available for this tank
28,2026-05-30,rejected,,,,,,,,,,,,,,,,,,,,,no storage data available for this tank
28,2026-05-31,rejected,,,,,,,,,,,,,,,,,,,,,no storage data available for this tank
28,2026-06-01,rejected,,,,,,,,,,,,,,,,,,,,,no storage data available for this tank
28,2026-06-02,rejected,,,,,,,,,,,,,,,,,,,,,no storage data available for this tank
28,2026-06-03,rejected,,,,,,,,,,,,,,,,,,,,,no storage data available for this tank
28,2026-06-04,rejected,,,,,,,,,,,,,,,,,,,,,no storage data available for this tank
28,2026-06-05,rejected,,,,,,,,,,,,,,,,,,,,,no storage data available for this tank
28,2026-06-06,ok,0.0121,1.77,predicted,1.77,1.83,1.8,1.96,2.19,2.37,2.61,drought,drought,True,0.747,0.252,0.001,7.0,0.0,0.29,10.0,
28,2026-06-07,ok,0.0123,1.8,predicted,1.8,1.96,2.02,2.28,2.61,2.86,3.16,drought,drought,True,0.79,0.208,0.001,7.0,0.0,0.29,10.0,
28,2026-06-08,ok,0.0133,1.95,predicted,1.95,2.09,2.12,2.38,2.68,2.94,3.21,drought,drought,True,0.902,0.097,0.001,7.0,0.0,0.29,10.0,
28,2026-06-09,ok,0.0127,1.86,predicted,1.86,1.98,2.0,2.24,2.51,2.77,3.04,drought,drought,True,0.923,0.076,0.001,7.0,0.0,0.29,10.0,
28,2026-06-10,ok,0.0114,1.67,predicted,1.67,1.81,1.89,2.15,2.47,2.74,3.05,drought,drought,True,0.917,0.081,0.002,7.0,0.0,0.29,10.0,
28,2026-06-11,ok,0.0117,1.72,predicted,1.72,1.9,2.01,2.31,2.68,2.96,3.3,drought,drought,True,0.899,0.099,0.002,7.0,0.0,0.29,10.0,
28,2026-06-12,ok,0.0133,1.95,predicted,1.95,2.12,2.17,2.47,2.8,3.08,19.34,drought,drought,True,0.93,0.068,0.002,7.0,0.0,0.29,10.0,
28,2026-06-13,ok,0.014,2.06,predicted,2.06,2.23,2.32,2.71,3.03,19.34,3.78,drought,drought,True,0.932,0.063,0.005,7.0,0.0,0.29,10.0,
28,2026-06-14,ok,0.0113,1.66,predicted,1.66,1.85,1.94,2.29,19.34,3.0,3.36,drought,drought,True,0.944,0.053,0.003,7.0,0.0,0.29,10.0,
28,2026-06-15,ok,0.0103,1.51,predicted,1.51,1.8,2.0,19.34,2.87,3.24,3.66,drought,drought,True,0.941,0.056,0.003,7.0,0.0,0.29,10.0,
28,2026-06-16,ok,0.0115,1.68,predicted,1.68,2.0,19.34,2.63,3.11,3.47,3.87,drought,drought,True,0.928,0.069,0.003,7.0,0.0,0.29,10.0,
28,2026-06-17,ok,0.0122,1.79,predicted,1.79,19.34,2.08,2.36,2.72,2.95,3.25,drought,drought,True,0.891,0.106,0.002,7.0,0.0,0.29,10.0,
28,2026-06-18,ok,0.1319,19.34,observed,19.34,2.15,2.14,2.35,2.62,2.79,3.03,drought,drought,True,0.906,0.093,0.002,7.0,0.0,0.29,10.0,
28,2026-06-19,ok,0.1395,20.44,predicted,20.44,21.33,21.96,22.56,23.1,23.47,19.08,normal,drought,False,0.915,0.083,0.002,1.0,0.0,0.57,6.0,
28,2026-06-20,ok,0.1312,19.23,predicted,19.23,19.19,19.14,19.18,19.3,19.08,19.4,drought,drought,True,0.893,0.105,0.002,7.0,0.0,0.29,10.0,
28,2026-06-21,ok,0.1312,19.23,predicted,19.23,19.25,19.27,19.37,19.08,19.69,19.75,drought,drought,True,0.878,0.121,0.002,7.0,0.0,0.29,10.0,
28,2026-06-22,ok,0.1312,19.23,predicted,19.23,19.28,19.33,19.08,19.67,19.83,19.91,drought,drought,True,0.863,0.135,0.002,7.0,0.0,0.29,10.0,
28,2026-06-23,ok,0.1311,19.22,predicted,19.22,19.28,19.08,19.52,19.75,19.94,20.04,drought,drought,True,0.89,0.107,0.003,6.0,0.0,0.29,10.0,
28,2026-06-24,ok,0.1305,19.12,predicted,19.12,19.08,19.15,19.26,19.44,19.59,19.67,drought,drought,True,0.864,0.133,0.003,7.0,0.0,0.29,10.0,
28,2026-06-25,ok,0.1302,19.08,observed,19.08,19.28,19.43,19.65,19.95,20.19,20.34,drought,drought,True,0.771,0.227,0.003,5.0,0.0,0.29,10.0,
28,2026-06-26,ok,0.1294,18.97,predicted,18.97,19.1,19.24,19.47,19.78,20.01,20.16,drought,drought,True,0.663,0.334,0.002,5.0,0.0,0.57,6.0,
28,2026-06-27,ok,0.1293,18.96,predicted,18.96,19.01,19.07,19.21,19.44,19.61,19.7,drought,drought,True,0.709,0.288,0.002,7.0,0.0,0.57,6.0,
28,2026-06-28,ok,0.129,18.91,predicted,18.91,18.9,18.87,18.93,19.08,19.19,19.23,drought,drought,True,0.648,0.35,0.002,7.0,0.0,0.57,6.0,
28,2026-06-29,ok,0.1289,18.9,predicted,18.9,18.9,18.88,18.95,19.11,19.22,19.27,drought,drought,True,0.715,0.284,0.002,7.0,0.0,0.57,6.0,
28,2026-06-30,ok,0.1285,18.83,predicted,18.83,18.8,18.75,18.8,18.93,19.03,19.06,drought,drought,True,0.823,0.175,0.002,7.0,0.0,0.57,6.0,
28,2026-07-01,ok,0.128,18.77,predicted,18.77,18.74,18.71,18.75,18.9,18.99,19.03,drought,drought,True,0.889,0.11,0.001,7.0,0.0,0.57,6.0,
28,2026-07-02,ok,0.1285,18.83,predicted,18.83,18.88,18.92,19.03,19.24,19.37,5.58,drought,drought,True,0.856,0.143,0.001,7.0,0.0,0.57,6.0,
28,2026-07-03,ok,0.1309,19.19,predicted,19.19,19.21,19.21,19.26,19.42,5.58,19.52,drought,drought,True,0.817,0.182,0.001,7.0,0.0,0.29,10.0,
28,2026-07-04,ok,0.1317,19.3,predicted,19.3,19.32,19.31,19.37,5.58,19.62,19.63,drought,drought,True,0.857,0.142,0.001,7.0,0.0,0.29,10.0,
28,2026-07-05,ok,0.1304,19.12,predicted,19.12,18.93,18.69,5.58,18.5,18.45,18.35,drought,drought,True,0.835,0.164,0.001,7.0,0.0,0.29,10.0,
28,2026-07-06,ok,0.1298,19.02,predicted,19.02,18.91,5.58,18.72,18.76,18.8,18.77,drought,drought,True,0.873,0.126,0.001,7.0,0.0,0.29,10.0,
28,2026-07-07,ok,0.13,19.06,predicted,19.06,5.58,19.11,19.21,19.41,19.56,19.62,drought,drought,True,0.918,0.081,0.001,7.0,0.0,0.29,10.0,
28,2026-07-08,ok,0.038,5.58,observed,5.58,19.17,19.21,19.33,19.54,19.69,19.76,drought,drought,True,0.896,0.102,0.001,7.0,0.0,0.29,10.0,
28,2026-07-09,ok,0.0286,4.19,predicted,4.19,3.57,3.03,2.72,2.67,2.56,2.71,drought,drought,True,0.856,0.142,0.002,7.0,0.0,0.57,6.0,
28,2026-07-10,ok,0.0333,4.88,predicted,4.88,4.94,4.92,5.08,5.33,5.5,5.69,drought,drought,True,0.796,0.201,0.003,7.0,0.0,0.29,10.0,
28,2026-07-11,ok,0.0334,4.89,predicted,4.89,4.92,4.87,5.0,5.23,5.39,5.57,drought,drought,True,0.784,0.212,0.005,7.0,0.0,0.29,10.0,
28,2026-07-12,ok,0.0327,4.79,predicted,4.79,4.82,4.79,4.93,5.18,5.36,5.56,drought,drought,True,0.708,0.285,0.007,7.0,0.0,0.29,10.0,
28,2026-07-13,ok,0.0324,4.75,predicted,4.75,4.83,4.86,5.06,5.37,5.59,20.01,drought,drought,True,0.606,0.383,0.01,6.0,0.0,0.29,10.0,
28,2026-07-14,ok,0.0329,4.83,predicted,4.83,4.93,4.96,5.19,5.5,20.01,5.99,drought,drought,True,0.503,0.483,0.014,6.0,0.0,0.29,10.0,
28,2026-07-15,ok,0.033,4.84,predicted,4.84,4.9,4.9,5.08,20.01,5.58,5.79,drought,drought,True,0.566,0.423,0.011,6.0,0.0,0.29,10.0,
28,2026-07-16,ok,0.0328,4.82,predicted,4.82,4.89,4.89,20.01,5.37,5.6,5.83,drought,drought,True,0.769,0.225,0.005,6.0,0.0,0.29,10.0,
28,2026-07-17,ok,0.0325,4.77,predicted,4.77,4.88,20.01,5.15,5.47,5.72,5.98,drought,drought,True,0.866,0.131,0.003,6.0,0.0,0.29,10.0,
28,2026-07-18,ok,0.0317,4.65,predicted,4.65,20.01,4.87,5.12,5.48,5.74,6.03,drought,drought,True,0.776,0.219,0.005,6.0,0.0,0.29,10.0,
28,2026-07-19,ok,0.1365,20.01,observed,20.01,4.98,5.12,5.44,5.85,6.16,6.47,normal,drought,False,0.63,0.36,0.01,6.0,0.0,0.29,10.0,
28,2026-07-20,ok,0.1446,21.19,predicted,21.19,22.16,22.87,23.54,24.12,24.56,24.61,normal,drought,False,0.558,0.432,0.01,0.0,0.0,0.57,6.0,
28,2026-07-21,ok,0.1532,22.46,predicted,22.46,23.41,24.11,24.75,25.31,25.7,25.74,normal,drought,False,0.502,0.488,0.01,0.0,0.0,0.57,6.0,
28,2026-07-22,ok,0.1621,23.76,predicted,23.76,24.79,25.56,26.26,26.88,27.3,27.38,normal,normal,True,0.478,0.513,0.009,0.0,0.0,0.57,6.0,
28,2026-07-23,ok,0.1368,20.05,predicted,20.05,20.0,19.94,19.95,20.05,20.11,20.12,normal,normal,True,0.438,0.554,0.008,2.0,0.0,0.29,10.0,
28,2026-07-24,ok,0.1369,20.08,predicted,20.08,20.02,19.95,19.95,20.04,20.1,20.11,normal,normal,True,0.486,0.507,0.007,2.0,0.0,0.29,10.0,
28,2026-07-25,ok,0.1371,20.1,predicted,20.1,20.04,19.98,19.98,20.07,20.13,20.13,normal,normal,True,0.487,0.507,0.006,2.0,0.0,0.29,10.0,
28,2026-07-26,ok,0.1372,20.11,predicted,20.11,20.04,19.97,19.95,20.03,20.08,20.07,normal,normal,True,0.476,0.518,0.006,2.0,0.0,0.29,10.0,
29,2026-03-25,rejected,,,,,,,,,,,,,,,,,,,,,no storage data available for this tank
29,2026-03-26,rejected,,,,,,,,,,,,,,,,,,,,,no storage data available for this tank
29,2026-03-27,rejected,,,,,,,,,,,,,,,,,,,,,no storage data available for this tank
29,2026-03-28,rejected,,,,,,,,,,,,,,,,,,,,,no storage data available for this tank
29,2026-03-29,rejected,,,,,,,,,,,,,,,,,,,,,no storage data available for this tank
29,2026-03-30,rejected,,,,,,,,,,,,,,,,,,,,,no storage data available for this tank
29,2026-03-31,rejected,,,,,,,,,,,,,,,,,,,,,no storage data available for this tank
29,2026-04-01,rejected,,,,,,,,,,,,,,,,,,,,,no storage data available for this tank
29,2026-04-02,rejected,,,,,,,,,,,,,,,,,,,,,no storage data available for this tank
29,2026-04-03,rejected,,,,,,,,,,,,,,,,,,,,,no storage data available for this tank
29,2026-04-04,rejected,,,,,,,,,,,,,,,,,,,,,no storage data available for this tank
29,2026-04-05,rejected,,,,,,,,,,,,,,,,,,,,,no storage data available for this tank
29,2026-04-06,rejected,,,,,,,,,,,,,,,,,,,,,no storage data available for this tank
29,2026-04-07,rejected,,,,,,,,,,,,,,,,,,,,,no storage data available for this tank
29,2026-04-08,rejected,,,,,,,,,,,,,,,,,,,,,no storage data available for this tank
29,2026-04-09,rejected,,,,,,,,,,,,,,,,,,,,,no storage data available for this tank
29,2026-04-10,rejected,,,,,,,,,,,,,,,,,,,,,no storage data available for this tank
29,2026-04-11,rejected,,,,,,,,,,,,,,,,,,,,,no storage data available for this tank
29,2026-04-12,rejected,,,,,,,,,,,,,,,,,,,,,no storage data available for this tank
29,2026-04-13,rejected,,,,,,,,,,,,,,,,,,,,,no storage data available for this tank
29,2026-04-14,rejected,,,,,,,,,,,,,,,,,,,,,no storage data available for this tank
29,2026-04-15,rejected,,,,,,,,,,,,,,,,,,,,,no storage data available for this tank
29,2026-04-16,rejected,,,,,,,,,,,,,,,,,,,,,no storage data available for this tank
29,2026-04-17,rejected,,,,,,,,,,,,,,,,,,,,,no storage data available for this tank
29,2026-04-18,rejected,,,,,,,,,,,,,,,,,,,,,no storage data available for this tank
29,2026-04-19,rejected,,,,,,,,,,,,,,,,,,,,,no storage data available for this tank
29,2026-04-20,rejected,,,,,,,,,,,,,,,,,,,,,no storage data available for this tank
29,2026-04-21,rejected,,,,,,,,,,,,,,,,,,,,,no storage data available for this tank
29,2026-04-22,rejected,,,,,,,,,,,,,,,,,,,,,no storage data available for this tank
29,2026-04-23,rejected,,,,,,,,,,,,,,,,,,,,,no storage data available for this tank
29,2026-04-24,rejected,,,,,,,,,,,,,,,,,,,,,no storage data available for this tank
29,2026-04-25,rejected,,,,,,,,,,,,,,,,,,,,,no storage data available for this tank
29,2026-04-26,rejected,,,,,,,,,,,,,,,,,,,,,no storage data available for this tank
29,2026-04-27,rejected,,,,,,,,,,,,,,,,,,,,,no storage data available for this tank
29,2026-04-28,rejected,,,,,,,,,,,,,,,,,,,,,no storage data available for this tank
29,2026-04-29,rejected,,,,,,,,,,,,,,,,,,,,,no storage data available for this tank
29,2026-04-30,rejected,,,,,,,,,,,,,,,,,,,,,no storage data available for this tank
29,2026-05-01,rejected,,,,,,,,,,,,,,,,,,,,,no storage data available for this tank
29,2026-05-02,rejected,,,,,,,,,,,,,,,,,,,,,no storage data available for this tank
29,2026-05-03,rejected,,,,,,,,,,,,,,,,,,,,,no storage data available for this tank
29,2026-05-04,rejected,,,,,,,,,,,,,,,,,,,,,no storage data available for this tank
29,2026-05-05,rejected,,,,,,,,,,,,,,,,,,,,,no storage data available for this tank
29,2026-05-06,rejected,,,,,,,,,,,,,,,,,,,,,no storage data available for this tank
29,2026-05-07,rejected,,,,,,,,,,,,,,,,,,,,,no storage data available for this tank
29,2026-05-08,rejected,,,,,,,,,,,,,,,,,,,,,no storage data available for this tank
29,2026-05-09,rejected,,,,,,,,,,,,,,,,,,,,,no storage data available for this tank
29,2026-05-10,rejected,,,,,,,,,,,,,,,,,,,,,no storage data available for this tank
29,2026-05-11,rejected,,,,,,,,,,,,,,,,,,,,,no storage data available for this tank
29,2026-05-12,rejected,,,,,,,,,,,,,,,,,,,,,no storage data available for this tank
29,2026-05-13,rejected,,,,,,,,,,,,,,,,,,,,,no storage data available for this tank
29,2026-05-14,rejected,,,,,,,,,,,,,,,,,,,,,no storage data available for this tank
29,2026-05-15,rejected,,,,,,,,,,,,,,,,,,,,,no storage data available for this tank
29,2026-05-16,rejected,,,,,,,,,,,,,,,,,,,,,no storage data available for this tank
29,2026-05-17,rejected,,,,,,,,,,,,,,,,,,,,,no storage data available for this tank
29,2026-05-18,rejected,,,,,,,,,,,,,,,,,,,,,no storage data available for this tank
29,2026-05-19,rejected,,,,,,,,,,,,,,,,,,,,,no storage data available for this tank
29,2026-05-20,rejected,,,,,,,,,,,,,,,,,,,,,no storage data available for this tank
29,2026-05-21,rejected,,,,,,,,,,,,,,,,,,,,,no storage data available for this tank
29,2026-05-22,rejected,,,,,,,,,,,,,,,,,,,,,no storage data available for this tank
29,2026-05-23,rejected,,,,,,,,,,,,,,,,,,,,,no storage data available for this tank
29,2026-05-24,rejected,,,,,,,,,,,,,,,,,,,,,no storage data available for this tank
29,2026-05-25,rejected,,,,,,,,,,,,,,,,,,,,,no storage data available for this tank
29,2026-05-26,rejected,,,,,,,,,,,,,,,,,,,,,no storage data available for this tank
29,2026-05-27,rejected,,,,,,,,,,,,,,,,,,,,,no storage data available for this tank
29,2026-05-28,rejected,,,,,,,,,,,,,,,,,,,,,no storage data available for this tank
29,2026-05-29,rejected,,,,,,,,,,,,,,,,,,,,,no storage data available for this tank
29,2026-05-30,rejected,,,,,,,,,,,,,,,,,,,,,no storage data available for this tank
29,2026-05-31,rejected,,,,,,,,,,,,,,,,,,,,,no storage data available for this tank
29,2026-06-01,rejected,,,,,,,,,,,,,,,,,,,,,no storage data available for this tank
29,2026-06-02,rejected,,,,,,,,,,,,,,,,,,,,,no storage data available for this tank
29,2026-06-03,rejected,,,,,,,,,,,,,,,,,,,,,no storage data available for this tank
29,2026-06-04,rejected,,,,,,,,,,,,,,,,,,,,,no storage data available for this tank
29,2026-06-05,rejected,,,,,,,,,,,,,,,,,,,,,no storage data available for this tank
29,2026-06-06,rejected,,,,,,,,,,,,,,,,,,,,,no storage data available for this tank
29,2026-06-07,rejected,,,,,,,,,,,,,,,,,,,,,no storage data available for this tank
29,2026-06-08,rejected,,,,,,,,,,,,,,,,,,,,,no storage data available for this tank
29,2026-06-09,rejected,,,,,,,,,,,,,,,,,,,,,no storage data available for this tank
29,2026-06-10,rejected,,,,,,,,,,,,,,,,,,,,,no storage data available for this tank
29,2026-06-11,rejected,,,,,,,,,,,,,,,,,,,,,no storage data available for this tank
29,2026-06-12,rejected,,,,,,,,,,,,,,,,,,,,,no storage data available for this tank
29,2026-06-13,rejected,,,,,,,,,,,,,,,,,,,,,no storage data available for this tank
29,2026-06-14,rejected,,,,,,,,,,,,,,,,,,,,,no storage data available for this tank
29,2026-06-15,rejected,,,,,,,,,,,,,,,,,,,,,no storage data available for this tank
29,2026-06-16,rejected,,,,,,,,,,,,,,,,,,,,,no storage data available for this tank
29,2026-06-17,rejected,,,,,,,,,,,,,,,,,,,,,no storage data available for this tank
29,2026-06-18,rejected,,,,,,,,,,,,,,,,,,,,,no storage data available for this tank
29,2026-06-19,rejected,,,,,,,,,,,,,,,,,,,,,no storage data available for this tank
29,2026-06-20,rejected,,,,,,,,,,,,,,,,,,,,,no storage data available for this tank
29,2026-06-21,rejected,,,,,,,,,,,,,,,,,,,,,no storage data available for this tank
29,2026-06-22,rejected,,,,,,,,,,,,,,,,,,,,,no storage data available for this tank
29,2026-06-23,rejected,,,,,,,,,,,,,,,,,,,,,no storage data available for this tank
29,2026-06-24,rejected,,,,,,,,,,,,,,,,,,,,,no storage data available for this tank
29,2026-06-25,rejected,,,,,,,,,,,,,,,,,,,,,no storage data available for this tank
29,2026-06-26,rejected,,,,,,,,,,,,,,,,,,,,,no storage data available for this tank
29,2026-06-27,rejected,,,,,,,,,,,,,,,,,,,,,no storage data available for this tank
29,2026-06-28,rejected,,,,,,,,,,,,,,,,,,,,,no storage data available for this tank
29,2026-06-29,rejected,,,,,,,,,,,,,,,,,,,,,no storage data available for this tank
29,2026-06-30,rejected,,,,,,,,,,,,,,,,,,,,,no storage data available for this tank
29,2026-07-01,rejected,,,,,,,,,,,,,,,,,,,,,no storage data available for this tank
29,2026-07-02,rejected,,,,,,,,,,,,,,,,,,,,,no storage data available for this tank
29,2026-07-03,rejected,,,,,,,,,,,,,,,,,,,,,no storage data available for this tank
29,2026-07-04,rejected,,,,,,,,,,,,,,,,,,,,,no storage data available for this tank
29,2026-07-05,rejected,,,,,,,,,,,,,,,,,,,,,no storage data available for this tank
29,2026-07-06,rejected,,,,,,,,,,,,,,,,,,,,,no storage data available for this tank
29,2026-07-07,rejected,,,,,,,,,,,,,,,,,,,,,no storage data available for this tank
29,2026-07-08,rejected,,,,,,,,,,,,,,,,,,,,,no storage data available for this tank
29,2026-07-09,rejected,,,,,,,,,,,,,,,,,,,,,no storage data available for this tank
29,2026-07-10,rejected,,,,,,,,,,,,,,,,,,,,,no storage data available for this tank
29,2026-07-11,rejected,,,,,,,,,,,,,,,,,,,,,no storage data available for this tank
29,2026-07-12,rejected,,,,,,,,,,,,,,,,,,,,,no storage data available for this tank
29,2026-07-13,rejected,,,,,,,,,,,,,,,,,,,,,no storage data available for this tank
29,2026-07-14,rejected,,,,,,,,,,,,,,,,,,,,,no storage data available for this tank
29,2026-07-15,rejected,,,,,,,,,,,,,,,,,,,,,no storage data available for this tank
29,2026-07-16,rejected,,,,,,,,,,,,,,,,,,,,,no storage data available for this tank
29,2026-07-17,rejected,,,,,,,,,,,,,,,,,,,,,no storage data available for this tank
29,2026-07-18,rejected,,,,,,,,,,,,,,,,,,,,,no storage data available for this tank
29,2026-07-19,rejected,,,,,,,,,,,,,,,,,,,,,no storage data available for this tank
29,2026-07-20,rejected,,,,,,,,,,,,,,,,,,,,,no storage data available for this tank
29,2026-07-21,rejected,,,,,,,,,,,,,,,,,,,,,no storage data available for this tank
29,2026-07-22,rejected,,,,,,,,,,,,,,,,,,,,,no storage data available for this tank
29,2026-07-23,rejected,,,,,,,,,,,,,,,,,,,,,no storage data available for this tank
29,2026-07-24,rejected,,,,,,,,,,,,,,,,,,,,,no storage data available for this tank
29,2026-07-25,rejected,,,,,,,,,,,,,,,,,,,,,no storage data available for this tank
29,2026-07-26,rejected,,,,,,,,,,,,,,,,,,,,,no storage data available for this tank
30,2026-03-25,ok,0.0632,34.04,predicted,34.04,43.17,33.95,33.85,33.74,33.58,33.63,normal,drought,False,0.732,0.253,0.015,0.0,0.0,0.29,10.0,
30,2026-03-26,ok,0.0802,43.17,observed,43.17,33.96,33.89,33.78,33.65,33.49,33.53,normal,drought,False,0.739,0.249,0.012,0.0,0.0,0.29,10.0,
30,2026-03-27,ok,0.0821,44.2,predicted,44.2,44.85,45.33,45.69,45.95,46.0,46.24,normal,drought,False,0.815,0.174,0.012,0.0,0.0,0.57,6.0,
30,2026-03-28,ok,0.0836,45.01,predicted,45.01,45.66,46.15,46.51,46.77,46.82,47.07,normal,drought,False,0.844,0.141,0.015,0.0,0.0,0.57,6.0,
30,2026-03-29,ok,0.0805,43.32,predicted,43.32,43.3,43.24,43.13,42.96,42.79,42.89,normal,drought,False,0.914,0.073,0.014,0.0,0.0,0.29,10.0,
30,2026-03-30,ok,0.0805,43.32,predicted,43.32,43.28,43.2,43.08,42.9,42.72,42.81,normal,drought,False,0.924,0.062,0.013,0.0,0.0,0.29,10.0,
30,2026-03-31,ok,0.0806,43.38,predicted,43.38,43.36,43.33,43.23,43.08,42.93,43.05,normal,drought,False,0.905,0.087,0.008,0.0,0.0,0.29,10.0,
30,2026-04-01,ok,0.0805,43.31,predicted,43.31,43.26,43.17,43.03,42.84,42.65,31.3,normal,drought,False,0.89,0.102,0.008,0.0,0.0,0.29,10.0,
30,2026-04-02,ok,0.0806,43.36,predicted,43.36,43.35,43.32,43.22,43.07,31.3,43.04,normal,drought,False,0.872,0.122,0.006,0.0,0.0,0.29,10.0,
30,2026-04-03,ok,0.0807,43.43,predicted,43.43,43.46,43.51,43.48,31.3,43.27,43.45,normal,drought,False,0.933,0.065,0.002,0.0,0.0,0.29,10.0,
30,2026-04-04,ok,0.0804,43.26,predicted,43.26,43.29,43.36,31.3,43.26,43.17,43.38,normal,drought,False,0.931,0.067,0.002,0.0,0.0,0.29,10.0,
30,2026-04-05,ok,0.0804,43.29,predicted,43.29,43.49,31.3,43.85,43.92,43.94,44.23,normal,drought,False,0.918,0.08,0.002,0.0,0.0,0.29,10.0,
30,2026-04-06,ok,0.0804,43.26,predicted,43.26,31.3,43.45,43.48,43.44,43.37,43.57,normal,drought,False,0.938,0.057,0.005,0.0,0.0,0.29,10.0,
30,2026-04-07,ok,0.0582,31.3,observed,31.3,43.49,43.56,43.56,43.48,43.38,43.56,normal,drought,False,0.93,0.065,0.004,0.0,0.0,0.29,10.0,
30,2026-04-08,ok,0.0559,30.1,predicted,30.1,29.39,28.78,28.22,27.69,27.34,27.24,normal,drought,False,0.937,0.055,0.008,0.0,0.0,0.57,6.0,
30,2026-04-09,ok,0.0542,29.18,predicted,29.18,28.46,27.85,27.3,26.77,26.43,26.32,normal,drought,False,0.962,0.033,0.005,0.0,0.0,0.57,6.0,
30,2026-04-10,ok,0.0581,31.25,predicted,31.25,31.22,31.16,31.07,30.99,30.86,30.88,normal,drought,False,0.98,0.018,0.002,0.0,0.0,0.29,10.0,
30,2026-04-11,ok,0.058,31.22,predicted,31.22,31.1,30.95,30.78,30.62,30.43,30.4,normal,drought,False,0.985,0.013,0.002,0.0,0.0,0.29,10.0,
30,2026-04-12,ok,0.0581,31.26,predicted,31.26,31.18,31.08,30.95,30.83,30.67,30.67,normal,drought,False,0.982,0.015,0.003,0.0,0.0,0.29,10.0,
30,2026-04-13,ok,0.0579,31.19,predicted,31.19,31.11,31.02,30.9,30.8,30.67,27.15,normal,drought,False,0.966,0.031,0.003,0.0,0.0,0.29,10.0,
30,2026-04-14,ok,0.0578,31.12,predicted,31.12,31.15,31.21,31.25,31.27,27.15,31.39,normal,drought,False,0.94,0.058,0.002,0.0,0.0,0.29,10.0,
30,2026-04-15,ok,0.0578,31.09,predicted,31.09,31.18,31.3,31.4,27.15,31.51,31.68,normal,drought,False,0.922,0.076,0.002,0.0,0.0,0.29,10.0,
30,2026-04-16,ok,0.0578,31.11,predicted,31.11,31.21,31.31,27.15,31.45,31.47,31.62,normal,drought,False,0.942,0.054,0.005,0.0,0.0,0.29,10.0,
30,2026-04-17,ok,0.058,31.2,predicted,31.2,31.29,27.15,31.42,31.46,31.45,31.57,normal,drought,False,0.899,0.093,0.008,0.0,0.0,0.29,10.0,
30,2026-04-18,ok,0.058,31.24,predicted,31.24,27.15,31.21,31.15,31.09,31.0,31.04,normal,drought,False,0.98,0.018,0.002,0.0,0.0,0.29,10.0,
30,2026-04-19,ok,0.0504,27.15,observed,27.15,31.21,31.12,31.01,30.89,30.74,30.75,normal,drought,False,0.99,0.008,0.002,0.0,0.0,0.29,10.0,
30,2026-04-20,ok,0.0497,26.77,predicted,26.77,26.39,26.03,25.69,25.41,25.17,25.07,normal,drought,False,0.99,0.008,0.002,0.0,0.0,0.57,6.0,
30,2026-04-21,ok,0.049,26.35,predicted,26.35,25.98,25.68,25.41,25.18,25.0,24.94,normal,drought,False,0.987,0.012,0.001,0.0,0.0,0.57,6.0,
30,2026-04-22,ok,0.0499,26.87,predicted,26.87,26.79,26.72,26.66,26.64,26.59,26.61,normal,drought,False,0.982,0.017,0.001,0.0,0.0,0.29,10.0,
30,2026-04-23,ok,0.0499,26.87,predicted,26.87,26.91,26.98,27.07,27.16,27.22,27.33,normal,drought,False,0.982,0.017,0.001,0.0,0.0,0.29,10.0,
30,2026-04-24,ok,0.05,26.94,predicted,26.94,27.07,27.22,27.38,27.54,27.66,27.81,normal,drought,False,0.981,0.018,0.001,0.0,0.0,0.29,10.0,
30,2026-04-25,ok,0.05,26.92,predicted,26.92,26.98,27.05,27.13,27.21,27.26,30.0,normal,drought,False,0.981,0.018,0.001,0.0,0.0,0.29,10.0,
30,2026-04-26,ok,0.0501,26.94,predicted,26.94,26.96,26.96,26.97,27.0,30.0,27.06,normal,drought,False,0.979,0.019,0.002,0.0,0.0,0.29,10.0,
30,2026-04-27,ok,0.0502,27.01,predicted,27.01,27.02,27.02,27.02,30.0,27.02,27.07,normal,drought,False,0.97,0.026,0.004,0.0,0.0,0.29,10.0,
30,2026-04-28,ok,0.0502,27.02,predicted,27.02,27.01,27.01,30.0,27.03,27.0,27.04,normal,drought,False,0.958,0.04,0.001,0.0,0.0,0.29,10.0,
30,2026-04-29,ok,0.0499,26.87,predicted,26.87,26.76,30.0,26.53,26.44,26.34,26.33,normal,drought,False,0.977,0.022,0.001,0.0,0.0,0.29,10.0,
30,2026-04-30,ok,0.0497,26.75,predicted,26.75,30.0,26.74,26.76,26.79,26.81,26.88,normal,drought,False,0.976,0.024,0.001,0.0,0.0,0.29,10.0,
30,2026-05-01,ok,0.0557,30.0,observed,30.0,27.14,27.41,27.68,27.94,28.14,28.35,normal,drought,False,0.979,0.02,0.001,0.0,0.0,0.29,10.0,
30,2026-05-02,ok,0.0558,30.02,predicted,30.02,30.32,30.58,30.79,30.99,31.08,31.23,normal,drought,False,0.987,0.012,0.001,0.0,0.0,0.57,6.0,
30,2026-05-03,ok,0.0563,30.3,predicted,30.3,30.53,30.7,30.84,30.95,30.97,31.08,normal,drought,False,0.99,0.009,0.001,0.0,0.0,0.57,6.0,
30,2026-05-04,ok,0.0556,29.9,predicted,29.9,29.9,29.88,29.84,29.8,29.71,29.75,normal,drought,False,0.988,0.01,0.002,0.0,0.0,0.29,10.0,
30,2026-05-05,ok,0.0554,29.85,predicted,29.85,29.76,29.65,29.53,29.42,29.28,29.27,normal,drought,False,0.986,0.012,0.002,0.0,0.0,0.29,10.0,
30,2026-05-06,ok,0.0555,29.89,predicted,29.89,29.91,29.95,29.95,29.96,29.92,29.99,normal,drought,False,0.986,0.012,0.002,0.0,0.0,0.29,10.0,
30,2026-05-07,ok,0.0552,29.73,predicted,29.73,29.66,29.6,29.54,29.48,29.4,22.64,normal,drought,False,0.983,0.016,0.001,0.0,0.0,0.29,10.0,
30,2026-05-08,ok,0.0554,29.81,predicted,29.81,29.95,30.12,30.26,30.39,22.64,30.63,normal,drought,False,0.979,0.021,0.001,0.0,0.0,0.29,10.0,
30,2026-05-09,ok,0.0551,29.67,predicted,29.67,29.76,29.89,30.0,22.64,30.15,30.3,normal,drought,False,0.977,0.022,0.001,0.0,0.0,0.29,10.0,
30,2026-05-10,ok,0.0552,29.73,predicted,29.73,29.98,30.28,22.64,30.78,30.95,31.2,normal,drought,False,0.968,0.032,0.001,0.0,0.0,0.29,10.0,
30,2026-05-11,ok,0.0549,29.54,predicted,29.54,29.93,22.64,30.94,31.35,31.74,32.11,normal,drought,False,0.922,0.07,0.008,0.0,0.0,0.29,10.0,
30,2026-05-12,ok,0.0552,29.73,predicted,29.73,22.64,31.47,32.35,33.13,33.8,34.38,normal,drought,False,0.83,0.123,0.047,0.0,0.0,0.29,10.0,
30,2026-05-13,ok,0.0421,22.64,observed,22.64,30.22,30.88,31.48,32.0,32.43,32.84,normal,drought,False,0.665,0.135,0.2,0.0,0.0,0.29,10.0,
30,2026-05-14,ok,0.0404,21.76,predicted,21.76,21.92,22.31,22.71,23.12,23.54,23.87,normal,drought,False,0.671,0.176,0.153,0.0,0.0,0.57,6.0,
30,2026-05-15,ok,0.0392,21.08,predicted,21.08,20.83,20.69,20.62,20.58,20.6,20.63,normal,drought,False,0.526,0.209,0.265,0.0,0.0,0.57,6.0,
30,2026-05-16,ok,0.041,22.06,predicted,22.06,22.09,22.11,22.14,22.2,22.2,22.18,normal,drought,False,0.44,0.199,0.361,0.0,0.0,0.29,10.0,
30,2026-05-17,ok,0.0411,22.14,predicted,22.14,22.18,22.18,22.21,22.28,22.27,22.25,normal,overflow,False,0.367,0.21,0.424,0.0,0.0,0.29,10.0,
30,2026-05-18,ok,0.0414,22.27,predicted,22.27,22.31,22.28,22.28,22.34,22.3,22.26,normal,overflow,False,0.291,0.224,0.485,0.0,0.0,0.29,10.0,
30,2026-05-19,ok,0.0416,22.38,predicted,22.38,22.36,22.3,22.24,22.27,22.18,22.11,normal,overflow,False,0.297,0.28,0.422,0.0,0.0,0.29,10.0,
30,2026-05-20,ok,0.0417,22.42,predicted,22.42,22.34,22.21,22.08,22.04,21.91,21.8,normal,overflow,False,0.296,0.252,0.452,0.0,0.0,0.29,10.0,
30,2026-05-21,ok,0.0417,22.45,predicted,22.45,22.35,22.21,22.08,22.04,21.91,21.81,normal,overflow,False,0.261,0.2,0.539,0.0,0.0,0.29,10.0,
30,2026-05-22,ok,0.0417,22.45,predicted,22.45,22.36,22.23,22.12,22.1,22.01,21.93,normal,overflow,False,0.223,0.189,0.588,0.0,0.0,0.29,10.0,
30,2026-05-23,ok,0.0418,22.48,predicted,22.48,22.47,22.45,22.45,22.54,22.54,22.54,normal,overflow,False,0.195,0.229,0.575,0.0,0.0,0.29,10.0,
30,2026-05-24,ok,0.0415,22.35,predicted,22.35,22.26,22.15,22.09,22.09,22.05,22.03,normal,overflow,False,0.2,0.263,0.538,0.0,0.0,0.29,10.0,
30,2026-05-25,ok,0.0415,22.35,predicted,22.35,22.37,22.39,22.46,22.58,22.65,22.71,normal,overflow,False,0.247,0.25,0.503,0.0,0.0,0.29,10.0,
30,2026-05-26,ok,0.0415,22.36,predicted,22.36,22.41,22.46,22.56,22.71,22.8,22.89,normal,overflow,False,0.33,0.308,0.362,0.0,0.0,0.29,10.0,
30,2026-05-27,ok,0.0416,22.37,predicted,22.37,22.43,22.5,22.6,22.76,22.86,22.95,normal,drought,False,0.694,0.287,0.018,0.0,0.0,0.29,10.0,
30,2026-05-28,rejected,,,,,,,,,,,,,,,,,,,,,no storage data available for this tank
30,2026-05-29,rejected,,,,,,,,,,,,,,,,,,,,,no storage data available for this tank
30,2026-05-30,rejected,,,,,,,,,,,,,,,,,,,,,no storage data available for this tank
30,2026-05-31,rejected,,,,,,,,,,,,,,,,,,,,,no storage data available for this tank
30,2026-06-01,rejected,,,,,,,,,,,,,,,,,,,,,no storage data available for this tank
30,2026-06-02,rejected,,,,,,,,,,,,,,,,,,,,,no storage data available for this tank
30,2026-06-03,rejected,,,,,,,,,,,,,,,,,,,,,no storage data available for this tank
30,2026-06-04,rejected,,,,,,,,,,,,,,,,,,,,,no storage data available for this tank
30,2026-06-05,rejected,,,,,,,,,,,,,,,,,,,,,no storage data available for this tank
30,2026-06-06,rejected,,,,,,,,,,,,,,,,,,,,,no storage data available for this tank
30,2026-06-07,ok,0.0619,33.31,predicted,33.31,33.35,33.38,33.38,33.35,33.29,33.4,normal,drought,False,0.988,0.011,0.001,0.0,0.0,0.29,10.0,
30,2026-06-08,ok,0.0618,33.28,predicted,33.28,33.28,33.29,33.25,33.19,33.1,33.2,normal,drought,False,0.983,0.016,0.001,0.0,0.0,0.29,10.0,
30,2026-06-09,ok,0.0616,33.18,predicted,33.18,33.13,33.09,33.01,32.91,32.8,32.88,normal,drought,False,0.981,0.018,0.001,0.0,0.0,0.29,10.0,
30,2026-06-10,ok,0.0617,33.21,predicted,33.21,33.24,33.25,33.25,33.21,33.15,33.26,normal,drought,False,0.985,0.014,0.001,0.0,0.0,0.29,10.0,
30,2026-06-11,ok,0.0618,33.28,predicted,33.28,33.34,33.4,33.42,33.42,33.38,33.51,normal,drought,False,0.985,0.014,0.001,0.0,0.0,0.29,10.0,
30,2026-06-12,ok,0.0618,33.28,predicted,33.28,33.33,33.38,33.4,33.38,33.33,37.44,normal,drought,False,0.974,0.025,0.001,0.0,0.0,0.29,10.0,
30,2026-06-13,ok,0.0617,33.21,predicted,33.21,33.35,33.59,33.74,33.84,37.44,34.15,normal,drought,False,0.963,0.036,0.001,0.0,0.0,0.29,10.0,
30,2026-06-14,ok,0.0614,33.07,predicted,33.07,33.2,33.33,33.44,37.44,33.53,33.72,normal,drought,False,0.961,0.039,0.001,0.0,0.0,0.29,10.0,
30,2026-06-15,ok,0.0617,33.19,predicted,33.19,33.35,33.51,37.44,33.71,33.74,33.93,normal,drought,False,0.972,0.027,0.001,0.0,0.0,0.29,10.0,
30,2026-06-16,ok,0.0618,33.26,predicted,33.26,33.36,37.44,33.53,33.55,33.52,33.66,normal,drought,False,0.977,0.022,0.001,0.0,0.0,0.29,10.0,
30,2026-06-17,ok,0.0617,33.22,predicted,33.22,37.44,33.19,33.12,33.02,32.89,32.95,normal,drought,False,0.98,0.019,0.001,0.0,0.0,0.29,10.0,
30,2026-06-18,ok,0.0696,37.44,observed,37.44,33.22,33.18,33.1,33.0,32.86,32.92,normal,drought,False,0.972,0.027,0.001,0.0,0.0,0.29,10.0,
30,2026-06-19,ok,0.0702,37.77,predicted,37.77,38.02,38.2,38.3,38.34,38.26,36.54,normal,drought,False,0.971,0.028,0.001,0.0,0.0,0.57,6.0,
30,2026-06-20,ok,0.0707,38.07,predicted,38.07,38.34,38.55,38.67,38.73,36.54,38.85,normal,drought,False,0.971,0.028,0.001,0.0,0.0,0.57,6.0,
30,2026-06-21,ok,0.0695,37.39,predicted,37.39,37.46,37.52,37.52,36.54,37.39,37.54,normal,drought,False,0.97,0.029,0.001,0.0,0.0,0.29,10.0,
30,2026-06-22,ok,0.0695,37.42,predicted,37.42,37.49,37.57,36.54,37.53,37.46,37.62,normal,drought,False,0.97,0.029,0.001,0.0,0.0,0.29,10.0,
30,2026-06-23,ok,0.0695,37.42,predicted,37.42,37.5,36.54,37.63,37.6,37.54,37.73,normal,drought,False,0.96,0.04,0.001,0.0,0.0,0.29,10.0,
30,2026-06-24,ok,0.0693,37.28,predicted,37.28,36.54,37.28,37.22,37.11,36.99,37.12,normal,drought,False,0.969,0.03,0.001,0.0,0.0,0.29,10.0,
30,2026-06-25,ok,0.0679,36.54,observed,36.54,37.52,37.6,37.63,37.6,37.55,37.71,normal,drought,False,0.96,0.038,0.003,0.0,0.0,0.29,10.0,
30,2026-06-26,ok,0.0676,36.37,predicted,36.37,36.32,36.27,36.19,36.06,35.93,36.03,normal,drought,False,0.804,0.186,0.01,0.0,0.0,0.57,6.0,
30,2026-06-27,ok,0.0673,36.24,predicted,36.24,36.16,36.11,36.01,35.86,35.72,35.82,normal,drought,False,0.968,0.03,0.001,0.0,0.0,0.57,6.0,
30,2026-06-28,ok,0.067,36.07,predicted,36.07,35.98,35.89,35.76,35.59,35.43,35.51,normal,drought,False,0.985,0.014,0.001,0.0,0.0,0.57,6.0,
30,2026-06-29,ok,0.0669,36.0,predicted,36.0,35.93,35.86,35.76,35.62,35.47,35.57,normal,drought,False,0.984,0.015,0.001,0.0,0.0,0.57,6.0,
30,2026-06-30,ok,0.0665,35.79,predicted,35.79,35.66,35.54,35.37,35.18,35.0,35.06,normal,drought,False,0.984,0.015,0.001,0.0,0.0,0.57,6.0,
30,2026-07-01,ok,0.0663,35.7,predicted,35.7,35.61,35.52,35.39,35.24,35.09,36.32,normal,drought,False,0.986,0.012,0.002,0.0,0.0,0.57,6.0,
30,2026-07-02,ok,0.0663,35.69,predicted,35.69,35.63,35.57,35.48,35.35,36.32,35.3,normal,drought,False,0.987,0.011,0.002,0.0,0.0,0.57,6.0,
30,2026-07-03,ok,0.0681,36.64,predicted,36.64,36.62,36.56,36.46,36.32,36.16,36.21,normal,drought,False,0.987,0.01,0.003,0.0,0.0,0.29,10.0,
30,2026-07-04,ok,0.0681,36.67,predicted,36.67,36.63,36.58,36.32,36.32,36.16,36.22,normal,drought,False,0.985,0.013,0.001,0.0,0.0,0.29,10.0,
30,2026-07-05,ok,0.0677,36.45,predicted,36.45,36.3,36.32,35.88,35.62,35.37,35.37,normal,drought,False,0.985,0.013,0.002,0.0,0.0,0.29,10.0,
30,2026-07-06,ok,0.0679,36.53,predicted,36.53,36.32,36.44,36.35,36.22,36.08,36.16,normal,drought,False,0.975,0.022,0.002,0.0,0.0,0.29,10.0,
30,2026-07-07,ok,0.0675,36.32,observed,36.32,36.64,36.63,36.59,36.51,36.41,36.51,normal,drought,False,0.98,0.017,0.003,0.0,0.0,0.29,10.0,
30,2026-07-08,ok,0.0676,36.38,predicted,36.38,36.36,36.31,36.23,36.1,35.97,36.04,normal,drought,False,0.979,0.017,0.005,0.0,0.0,0.57,6.0,
30,2026-07-09,ok,0.0675,36.36,predicted,36.36,36.3,36.2,36.07,35.9,35.72,35.77,normal,drought,False,0.973,0.02,0.007,0.0,0.0,0.57,6.0,
30,2026-07-10,ok,0.0676,36.37,predicted,36.37,36.3,36.19,36.04,35.86,35.67,35.71,normal,drought,False,0.971,0.022,0.007,0.0,0.0,0.29,10.0,
30,2026-07-11,ok,0.0675,36.34,predicted,36.34,36.26,36.16,36.02,35.85,35.68,35.73,normal,drought,False,0.966,0.028,0.006,0.0,0.0,0.29,10.0,
30,2026-07-12,ok,0.0675,36.34,predicted,36.34,36.31,36.24,36.15,36.02,35.87,35.94,normal,drought,False,0.951,0.041,0.008,0.0,0.0,0.29,10.0,
30,2026-07-13,ok,0.0676,36.37,predicted,36.37,36.35,36.31,36.23,36.12,35.99,36.02,normal,drought,False,0.939,0.052,0.008,0.0,0.0,0.29,10.0,
30,2026-07-14,ok,0.0676,36.39,predicted,36.39,36.37,36.33,36.25,36.14,36.02,36.1,normal,drought,False,0.942,0.052,0.006,0.0,0.0,0.29,10.0,
30,2026-07-15,ok,0.0675,36.31,predicted,36.31,36.24,36.14,36.01,36.02,35.68,35.74,normal,drought,False,0.96,0.036,0.004,0.0,0.0,0.29,10.0,
30,2026-07-16,ok,0.0675,36.31,predicted,36.31,36.28,36.22,36.02,36.01,35.87,35.96,normal,drought,False,0.955,0.041,0.004,0.0,0.0,0.29,10.0,
30,2026-07-17,ok,0.0675,36.32,predicted,36.32,36.31,36.02,36.22,36.11,36.0,36.1,normal,drought,False,0.94,0.056,0.004,0.0,0.0,0.29,10.0,
30,2026-07-18,ok,0.0675,36.34,predicted,36.34,36.02,36.34,36.29,36.2,36.09,36.19,normal,drought,False,0.921,0.071,0.008,0.0,0.0,0.29,10.0,
30,2026-07-19,ok,0.0669,36.02,observed,36.02,36.45,36.48,36.45,36.38,36.28,36.4,normal,drought,False,0.904,0.086,0.01,0.0,0.0,0.29,10.0,
30,2026-07-20,ok,0.0668,35.98,predicted,35.98,35.89,35.78,35.62,35.44,35.26,35.3,normal,drought,False,0.912,0.081,0.007,0.0,0.0,0.57,6.0,
30,2026-07-21,ok,0.0668,35.98,predicted,35.98,35.91,35.82,35.69,35.54,35.38,35.43,normal,drought,False,0.959,0.037,0.004,0.0,0.0,0.57,6.0,
30,2026-07-22,ok,0.067,36.08,predicted,36.08,36.07,36.02,35.94,35.83,35.69,35.77,normal,drought,False,0.982,0.016,0.003,0.0,0.0,0.29,10.0,
30,2026-07-23,ok,0.067,36.05,predicted,36.05,35.99,35.88,35.75,35.58,35.41,35.45,normal,drought,False,0.985,0.011,0.003,0.0,0.0,0.29,10.0,
30,2026-07-24,ok,0.067,36.09,predicted,36.09,36.04,35.95,35.82,35.67,35.51,35.55,normal,drought,False,0.983,0.013,0.004,0.0,0.0,0.29,10.0,
30,2026-07-25,ok,0.0671,36.12,predicted,36.12,36.07,35.99,35.87,35.72,35.56,35.6,normal,drought,False,0.981,0.014,0.006,0.0,0.0,0.29,10.0,
30,2026-07-26,ok,0.0671,36.12,predicted,36.12,36.05,35.94,35.8,35.63,35.45,35.48,normal,drought,False,0.974,0.017,0.009,0.0,0.0,0.29,10.0,
31,2026-03-25,ok,40.389,72.77,observed,72.77,79.99,79.78,79.66,79.3,79.21,78.57,normal,drought,False,0.544,0.449,0.007,0.0,6.0,0.29,10.0,
31,2026-03-26,ok,40.6853,73.31,predicted,73.31,72.94,72.37,72.09,71.81,71.73,71.13,normal,drought,False,0.511,0.481,0.008,0.0,0.0,0.57,6.0,
31,2026-03-27,ok,40.393,72.78,predicted,72.78,72.43,71.9,71.66,71.43,71.38,70.82,normal,normal,True,0.477,0.514,0.009,0.0,0.0,0.57,6.0,
31,2026-03-28,ok,40.0972,72.25,predicted,72.25,71.88,71.32,71.07,70.84,70.78,70.22,normal,normal,True,0.451,0.539,0.01,0.0,0.0,0.57,6.0,
31,2026-03-29,ok,41.0294,73.93,predicted,73.93,73.85,73.58,73.53,73.43,73.45,72.95,normal,normal,True,0.409,0.581,0.01,0.0,0.0,0.29,10.0,
31,2026-03-30,ok,41.0244,73.92,predicted,73.92,73.88,73.64,73.63,73.56,73.62,73.15,normal,normal,True,0.4,0.59,0.01,0.0,0.0,0.29,10.0,
31,2026-03-31,ok,41.0269,73.92,predicted,73.92,73.87,73.62,73.6,73.52,73.57,73.09,normal,normal,True,0.401,0.589,0.01,0.0,0.0,0.29,10.0,
31,2026-04-01,ok,41.0326,73.93,predicted,73.93,73.89,73.66,73.65,73.58,73.64,80.19,normal,normal,True,0.382,0.607,0.011,0.0,1.0,0.29,10.0,
31,2026-04-02,ok,41.0519,73.97,predicted,73.97,73.88,73.6,73.54,73.42,80.19,72.94,normal,normal,True,0.357,0.63,0.013,0.0,1.0,0.29,10.0,
31,2026-04-03,ok,40.9563,73.79,predicted,73.79,73.58,73.17,72.98,80.19,72.67,72.11,normal,normal,True,0.279,0.709,0.012,0.0,1.0,0.29,10.0,
31,2026-04-04,ok,40.8041,73.52,predicted,73.52,73.47,73.26,80.19,73.22,73.29,72.86,normal,normal,True,0.155,0.831,0.013,0.0,1.0,0.29,10.0,
31,2026-04-05,ok,40.8016,73.51,predicted,73.51,73.77,80.19,74.22,74.47,74.79,74.54,normal,normal,True,0.199,0.791,0.01,0.0,1.0,0.29,10.0,
31,2026-04-06,ok,40.9749,73.83,predicted,73.83,80.19,74.32,74.7,74.98,75.34,75.09,normal,normal,True,0.262,0.729,0.009,0.0,3.0,0.29,10.0,
31,2026-04-07,ok,44.5064,80.19,observed,80.19,73.9,73.61,73.54,73.39,73.4,72.89,overflow,normal,False,0.257,0.734,0.009,0.0,1.0,0.29,10.0,
31,2026-04-08,ok,45.3326,81.68,predicted,81.68,81.97,82.04,82.13,81.85,81.83,81.25,overflow,normal,False,0.305,0.688,0.008,0.0,7.0,0.57,6.0,
31,2026-04-09,ok,44.9859,81.05,predicted,81.05,81.19,81.13,81.14,80.86,80.85,80.27,overflow,normal,False,0.338,0.654,0.007,0.0,7.0,0.29,10.0,
31,2026-04-10,ok,45.0261,81.13,predicted,81.13,81.24,81.14,81.13,80.82,80.79,80.19,overflow,normal,False,0.37,0.623,0.007,0.0,7.0,0.29,10.0,
31,2026-04-11,ok,45.0355,81.14,predicted,81.14,81.25,81.14,81.12,80.81,80.78,80.17,overflow,normal,False,0.387,0.606,0.007,0.0,7.0,0.29,10.0,
31,2026-04-12,ok,45.0584,81.18,predicted,81.18,81.23,81.07,80.98,80.6,80.52,79.87,overflow,normal,False,0.387,0.605,0.007,0.0,7.0,0.29,10.0,
31,2026-04-13,ok,45.0011,81.08,predicted,81.08,81.09,80.9,80.78,80.38,80.28,77.78,overflow,normal,False,0.327,0.665,0.008,0.0,7.0,0.29,10.0,
31,2026-04-14,ok,44.9102,80.92,predicted,80.92,80.96,80.81,80.74,80.39,77.78,79.69,overflow,normal,False,0.296,0.696,0.008,0.0,7.0,0.29,10.0,
31,2026-04-15,ok,44.8199,80.75,predicted,80.75,81.02,81.12,81.3,77.78,81.29,80.83,overflow,normal,False,0.358,0.635,0.007,0.0,7.0,0.29,10.0,
31,2026-04-16,ok,44.9021,80.9,predicted,80.9,81.23,81.4,77.78,81.57,81.73,81.3,overflow,normal,False,0.4,0.593,0.006,0.0,7.0,0.29,10.0,
31,2026-04-17,ok,45.0043,81.09,predicted,81.09,81.32,77.78,81.5,81.31,81.38,80.87,overflow,normal,False,0.395,0.599,0.006,0.0,7.0,0.29,10.0,
31,2026-04-18,ok,45.0569,81.18,predicted,81.18,77.78,81.22,81.22,80.91,80.89,80.29,overflow,normal,False,0.42,0.573,0.007,0.0,7.0,0.29,10.0,
31,2026-04-19,ok,43.1703,77.78,observed,77.78,81.24,81.04,80.94,80.54,80.44,79.78,overflow,normal,False,0.395,0.597,0.008,0.0,7.0,0.29,10.0,
31,2026-04-20,ok,43.6611,78.67,predicted,78.67,78.53,78.18,77.99,77.62,77.52,76.86,overflow,normal,False,0.394,0.598,0.008,0.0,7.0,0.57,6.0,
31,2026-04-21,ok,43.4667,78.32,predicted,78.32,78.14,77.75,77.52,77.14,77.0,76.35,overflow,normal,False,0.31,0.682,0.008,0.0,7.0,0.57,6.0,
31,2026-04-22,ok,43.5815,78.52,predicted,78.52,78.63,78.56,78.61,78.47,78.53,78.03,overflow,normal,False,0.302,0.69,0.008,0.0,7.0,0.29,10.0,
31,2026-04-23,ok,43.6139,78.58,predicted,78.58,78.8,78.85,79.02,78.98,79.13,78.69,overflow,normal,False,0.321,0.672,0.007,0.0,7.0,0.29,10.0,
31,2026-04-24,ok,43.6668,78.68,predicted,78.68,78.85,78.84,78.95,78.85,78.95,78.48,overflow,normal,False,0.36,0.633,0.007,0.0,7.0,0.29,10.0,
31,2026-04-25,ok,43.6642,78.67,predicted,78.67,78.77,78.68,78.71,78.54,78.58,76.84,overflow,normal,False,0.399,0.594,0.006,0.0,7.0,0.29,10.0,
31,2026-04-26,ok,43.6863,78.71,predicted,78.71,78.86,78.81,78.9,78.77,76.84,78.35,overflow,normal,False,0.424,0.57,0.006,0.0,7.0,0.29,10.0,
31,2026-04-27,ok,43.7558,78.84,predicted,78.84,78.88,78.73,78.7,76.84,78.46,77.9,overflow,normal,False,0.444,0.549,0.006,0.0,7.0,0.29,10.0,
31,2026-04-28,ok,43.6931,78.72,predicted,78.72,78.66,78.38,76.84,77.89,77.79,77.16,overflow,normal,False,0.426,0.567,0.007,0.0,7.0,0.29,10.0,
31,2026-04-29,ok,43.5937,78.55,predicted,78.55,78.6,76.84,78.45,78.24,78.26,77.72,overflow,normal,False,0.421,0.573,0.006,0.0,7.0,0.29,10.0,
31,2026-04-30,ok,43.5763,78.51,predicted,78.51,76.84,78.55,78.61,78.46,78.52,78.03,overflow,normal,False,0.275,0.717,0.008,0.0,7.0,0.29,10.0,
31,2026-05-01,ok,42.6454,76.84,observed,76.84,78.77,78.83,79.01,78.96,79.11,78.68,overflow,normal,False,0.355,0.639,0.006,0.0,7.0,0.29,10.0,
31,2026-05-02,ok,43.1073,77.67,predicted,77.67,77.85,77.87,78.02,78.0,78.16,77.73,overflow,normal,False,0.406,0.589,0.006,0.0,7.0,0.57,6.0,
31,2026-05-03,ok,43.1491,77.74,predicted,77.74,77.79,77.64,77.64,77.47,77.51,76.98,overflow,normal,False,0.434,0.561,0.006,0.0,7.0,0.57,6.0,
31,2026-05-04,ok,43.2407,77.91,predicted,77.91,77.89,77.66,77.57,77.31,77.28,76.69,overflow,normal,False,0.458,0.537,0.005,0.0,7.0,0.29,10.0,
31,2026-05-05,ok,43.2074,77.85,predicted,77.85,77.83,77.61,77.53,77.28,77.26,76.68,overflow,normal,False,0.423,0.571,0.006,0.0,7.0,0.29,10.0,
31,2026-05-06,ok,43.188,77.81,predicted,77.81,77.79,77.57,77.5,77.26,77.22,76.65,overflow,normal,False,0.433,0.561,0.006,0.0,7.0,0.29,10.0,
31,2026-05-07,ok,43.0938,77.64,predicted,77.64,77.74,77.67,77.74,77.63,77.72,82.21,overflow,normal,False,0.285,0.707,0.007,0.0,7.0,0.29,10.0,
31,2026-05-08,ok,43.1429,77.73,predicted,77.73,77.87,77.84,77.94,77.86,82.21,77.51,overflow,normal,False,0.329,0.665,0.006,0.0,7.0,0.29,10.0,
31,2026-05-09,ok,43.1021,77.66,predicted,77.66,77.71,77.6,77.62,82.21,77.5,77.0,overflow,normal,False,0.193,0.799,0.008,0.0,7.0,0.29,10.0,
31,2026-05-10,ok,43.0519,77.57,predicted,77.57,77.71,77.7,82.21,77.74,77.85,77.41,overflow,normal,False,0.247,0.746,0.007,0.0,7.0,0.29,10.0,
31,2026-05-11,ok,43.0457,77.56,predicted,77.56,77.8,82.21,78.2,78.26,78.48,78.14,overflow,normal,False,0.006,0.897,0.097,0.0,7.0,0.29,10.0,
31,2026-05-12,ok,43.0043,77.48,predicted,77.48,82.21,78.37,78.88,79.16,79.56,79.36,overflow,normal,False,0.014,0.936,0.05,0.0,7.0,0.29,10.0,
31,2026-05-13,ok,45.6273,82.21,observed,82.21,78.02,78.37,78.81,79.03,79.37,79.13,overflow,normal,False,0.029,0.921,0.05,0.0,7.0,0.29,10.0,
31,2026-05-14,ok,46.3319,83.48,predicted,83.48,84.17,84.73,85.22,85.21,85.4,85.07,overflow,normal,False,0.093,0.876,0.032,0.0,7.0,0.57,6.0,
31,2026-05-15,ok,46.4473,83.69,predicted,83.69,84.3,84.76,85.15,85.03,85.15,84.74,overflow,normal,False,0.151,0.829,0.02,0.0,7.0,0.57,6.0,
31,2026-05-16,ok,45.8571,82.62,predicted,82.62,83.01,83.24,83.46,83.27,83.34,82.87,overflow,normal,False,0.203,0.783,0.013,0.0,7.0,0.29,10.0,
31,2026-05-17,ok,45.8391,82.59,predicted,82.59,82.96,83.18,83.39,83.19,83.27,82.79,overflow,normal,False,0.227,0.763,0.01,0.0,7.0,0.29,10.0,
31,2026-05-18,ok,45.9382,82.77,predicted,82.77,83.13,83.32,83.52,83.29,83.37,82.85,overflow,normal,False,0.227,0.765,0.008,0.0,7.0,0.29,10.0,
31,2026-05-19,ok,46.0359,82.95,predicted,82.95,83.14,83.14,83.15,82.75,82.68,82.05,overflow,normal,False,0.231,0.762,0.008,0.0,7.0,0.29,10.0,
31,2026-05-20,ok,46.0273,82.93,predicted,82.93,83.06,82.98,82.93,82.48,82.37,81.7,overflow,normal,False,0.21,0.781,0.009,0.0,7.0,0.29,10.0,
31,2026-05-21,ok,46.0241,82.92,predicted,82.92,83.08,83.02,82.99,82.57,82.48,81.83,overflow,normal,False,0.211,0.78,0.009,0.0,7.0,0.29,10.0,
31,2026-05-22,ok,46.0365,82.95,predicted,82.95,83.14,83.13,83.14,82.77,82.72,82.1,overflow,normal,False,0.201,0.788,0.012,0.0,7.0,0.29,10.0,
31,2026-05-23,ok,46.0181,82.91,predicted,82.91,83.04,82.95,82.89,82.45,82.33,81.68,overflow,normal,False,0.203,0.785,0.012,0.0,7.0,0.29,10.0,
31,2026-05-24,ok,45.9349,82.76,predicted,82.76,82.97,82.98,83.03,82.69,82.66,82.08,overflow,normal,False,0.193,0.792,0.015,0.0,7.0,0.29,10.0,
31,2026-05-25,ok,45.9503,82.79,predicted,82.79,83.05,83.12,83.22,82.94,82.95,82.4,overflow,normal,False,0.334,0.659,0.007,0.0,7.0,0.29,10.0,
31,2026-05-26,ok,45.9598,82.81,predicted,82.81,83.09,83.19,83.32,83.07,83.1,82.57,overflow,normal,False,0.485,0.51,0.005,0.0,7.0,0.29,10.0,
31,2026-05-27,ok,45.9767,82.84,predicted,82.84,83.08,83.13,83.21,82.91,82.91,82.35,overflow,drought,False,0.651,0.345,0.005,0.0,7.0,0.29,10.0,
31,2026-05-28,rejected,,,,,,,,,,,,,,,,,,,,,no storage data available for this tank
31,2026-05-29,rejected,,,,,,,,,,,,,,,,,,,,,no storage data available for this tank
31,2026-05-30,rejected,,,,,,,,,,,,,,,,,,,,,no storage data available for this tank
31,2026-05-31,rejected,,,,,,,,,,,,,,,,,,,,,no storage data available for this tank
31,2026-06-01,rejected,,,,,,,,,,,,,,,,,,,,,no storage data available for this tank
31,2026-06-02,rejected,,,,,,,,,,,,,,,,,,,,,no storage data available for this tank
31,2026-06-03,rejected,,,,,,,,,,,,,,,,,,,,,no storage data available for this tank
31,2026-06-04,rejected,,,,,,,,,,,,,,,,,,,,,no storage data available for this tank
31,2026-06-05,rejected,,,,,,,,,,,,,,,,,,,,,no storage data available for this tank
31,2026-06-06,ok,44.4296,80.05,predicted,80.05,80.21,80.17,80.24,80.05,80.11,79.58,overflow,normal,False,0.482,0.51,0.008,0.0,7.0,0.29,10.0,
31,2026-06-07,ok,44.496,80.17,predicted,80.17,80.3,80.24,80.27,80.05,80.07,79.52,overflow,normal,False,0.466,0.526,0.008,0.0,7.0,0.29,10.0,
31,2026-06-08,ok,44.4655,80.12,predicted,80.12,80.15,79.98,79.91,79.6,79.54,78.93,overflow,normal,False,0.446,0.546,0.008,0.0,7.0,0.29,10.0,
31,2026-06-09,ok,44.3871,79.97,predicted,79.97,80.06,79.95,79.93,79.67,79.66,79.09,overflow,normal,False,0.438,0.554,0.008,0.0,7.0,0.29,10.0,
31,2026-06-10,ok,44.4007,80.0,predicted,80.0,80.21,80.24,80.37,80.24,80.34,79.85,overflow,normal,False,0.439,0.553,0.008,0.0,7.0,0.29,10.0,
31,2026-06-11,ok,44.475,80.13,predicted,80.13,80.3,80.28,80.36,80.17,80.23,79.7,overflow,normal,False,0.437,0.555,0.008,0.0,7.0,0.29,10.0,
31,2026-06-12,ok,44.4556,80.1,predicted,80.1,80.13,79.97,79.9,79.58,79.52,76.28,overflow,normal,False,0.424,0.568,0.007,0.0,7.0,0.29,10.0,
31,2026-06-13,ok,44.3514,79.91,predicted,79.91,79.93,79.78,79.72,79.41,76.28,78.76,overflow,normal,False,0.36,0.632,0.009,0.0,7.0,0.29,10.0,
31,2026-06-14,ok,44.1983,79.63,predicted,79.63,80.0,80.22,80.52,76.28,80.79,80.43,overflow,normal,False,0.424,0.57,0.007,0.0,7.0,0.29,10.0,
31,2026-06-15,ok,44.3688,79.94,predicted,79.94,80.33,80.56,76.28,80.92,81.15,80.78,overflow,normal,False,0.465,0.529,0.006,0.0,7.0,0.29,10.0,
31,2026-06-16,ok,44.4726,80.13,predicted,80.13,80.28,76.28,80.29,80.07,80.09,79.55,overflow,normal,False,0.481,0.514,0.006,0.0,7.0,0.29,10.0,
31,2026-06-17,ok,44.4446,80.08,predicted,80.08,76.28,80.03,80.0,79.71,79.68,79.09,overflow,drought,False,0.509,0.485,0.006,0.0,7.0,0.29,10.0,
31,2026-06-18,ok,42.3366,76.28,observed,76.28,80.12,79.97,79.91,79.6,79.56,78.95,overflow,drought,False,0.534,0.46,0.005,0.0,7.0,0.29,10.0,
31,2026-06-19,ok,42.6983,76.93,predicted,76.93,76.82,76.52,76.39,76.13,76.1,77.13,overflow,drought,False,0.53,0.464,0.006,0.0,7.0,0.57,6.0,
31,2026-06-20,ok,42.8011,77.12,predicted,77.12,77.17,77.03,77.05,76.91,77.13,76.45,overflow,drought,False,0.542,0.452,0.005,0.0,7.0,0.29,10.0,
31,2026-06-21,ok,42.829,77.17,predicted,77.17,77.27,77.18,77.25,77.13,77.25,76.77,overflow,drought,False,0.567,0.428,0.005,0.0,7.0,0.29,10.0,
31,2026-06-22,ok,42.837,77.18,predicted,77.18,77.23,77.1,77.13,76.96,77.01,76.5,overflow,drought,False,0.562,0.432,0.005,0.0,7.0,0.29,10.0,
31,2026-06-23,ok,42.777,77.07,predicted,77.07,77.09,77.13,76.92,76.75,76.78,76.27,overflow,drought,False,0.569,0.426,0.005,0.0,7.0,0.29,10.0,
31,2026-06-24,ok,42.7634,77.05,predicted,77.05,77.13,77.29,77.48,77.5,77.68,77.29,overflow,drought,False,0.591,0.404,0.005,0.0,7.0,0.29,10.0,
31,2026-06-25,ok,42.8077,77.13,observed,77.13,77.39,77.34,77.44,77.38,77.49,77.03,overflow,drought,False,0.602,0.393,0.005,0.0,7.0,0.29,10.0,
31,2026-06-26,ok,43.4323,78.25,predicted,78.25,78.35,78.26,78.29,78.11,78.15,77.62,overflow,drought,False,0.594,0.401,0.005,0.0,7.0,0.57,6.0,
31,2026-06-27,ok,43.4695,78.32,predicted,78.32,78.34,78.17,78.11,77.85,77.82,77.25,overflow,drought,False,0.557,0.437,0.006,0.0,7.0,0.57,6.0,
31,2026-06-28,ok,43.513,78.4,predicted,78.4,78.54,78.48,78.55,78.41,78.47,77.96,overflow,drought,False,0.557,0.437,0.006,0.0,7.0,0.57,6.0,
31,2026-06-29,ok,43.6192,78.59,predicted,78.59,78.71,78.63,78.67,78.49,78.53,78.0,overflow,drought,False,0.56,0.434,0.006,0.0,7.0,0.57,6.0,
31,2026-06-30,ok,43.6789,78.7,predicted,78.7,78.79,78.68,78.69,78.49,78.5,77.96,overflow,drought,False,0.535,0.459,0.006,0.0,7.0,0.57,6.0,
31,2026-07-01,ok,43.7881,78.9,predicted,78.9,79.05,79.01,79.08,78.93,79.01,78.48,overflow,drought,False,0.526,0.467,0.007,0.0,7.0,0.57,6.0,
31,2026-07-02,ok,43.9481,79.18,predicted,79.18,79.28,79.16,79.16,78.93,78.95,68.36,overflow,drought,False,0.498,0.494,0.008,0.0,6.0,0.57,6.0,
31,2026-07-03,ok,43.518,78.41,predicted,78.41,78.35,78.08,77.95,77.64,68.36,76.94,overflow,normal,False,0.444,0.545,0.011,0.0,6.0,0.29,10.0,
31,2026-07-04,ok,43.4419,78.27,predicted,78.27,78.09,77.68,77.41,68.36,76.81,76.11,overflow,normal,False,0.378,0.61,0.012,0.0,6.0,0.29,10.0,
31,2026-07-05,ok,43.3354,78.08,predicted,78.08,78.07,77.85,68.36,77.54,77.52,76.94,overflow,normal,False,0.347,0.64,0.012,0.0,6.0,0.29,10.0,
31,2026-07-06,ok,43.3909,78.18,predicted,78.18,78.3,68.36,78.32,78.21,78.3,77.8,overflow,normal,False,0.321,0.664,0.015,0.0,6.0,0.29,10.0,
31,2026-07-07,ok,43.482,78.34,predicted,78.34,68.36,78.28,78.28,78.1,78.14,77.6,overflow,normal,False,0.27,0.711,0.02,0.0,6.0,0.29,10.0,
31,2026-07-08,ok,37.9411,68.36,observed,68.36,78.35,78.09,77.97,77.67,77.62,76.99,normal,normal,True,0.223,0.75,0.026,0.0,6.0,0.29,10.0,
31,2026-07-09,ok,38.3123,69.03,predicted,69.03,68.46,67.66,67.27,66.97,66.82,66.22,normal,normal,True,0.177,0.791,0.032,0.0,0.0,0.57,6.0,
31,2026-07-10,ok,38.639,69.62,predicted,69.62,69.4,68.97,68.85,68.76,68.74,68.26,normal,normal,True,0.135,0.834,0.031,0.0,0.0,0.29,10.0,
31,2026-07-11,ok,38.6141,69.57,predicted,69.57,69.47,69.17,69.18,69.21,69.3,68.9,normal,normal,True,0.119,0.852,0.03,0.0,0.0,0.29,10.0,
31,2026-07-12,ok,38.6357,69.61,predicted,69.61,69.54,69.27,69.3,69.36,69.46,69.08,normal,normal,True,0.119,0.855,0.026,0.0,0.0,0.29,10.0,
31,2026-07-13,ok,38.6611,69.66,predicted,69.66,69.56,69.26,69.26,69.29,69.37,72.26,normal,normal,True,0.127,0.848,0.024,0.0,0.0,0.29,10.0,
31,2026-07-14,ok,38.6284,69.6,predicted,69.6,69.4,69.0,68.9,68.84,72.26,68.38,normal,normal,True,0.13,0.85,0.02,0.0,0.0,0.29,10.0,
31,2026-07-15,ok,38.579,69.51,predicted,69.51,69.37,69.04,69.01,72.26,69.06,68.65,normal,normal,True,0.154,0.829,0.017,0.0,0.0,0.29,10.0,
31,2026-07-16,ok,38.5843,69.52,predicted,69.52,69.44,69.18,72.26,69.28,69.39,69.01,normal,normal,True,0.187,0.797,0.016,0.0,0.0,0.29,10.0,
31,2026-07-17,ok,38.617,69.58,predicted,69.58,69.51,72.26,69.3,69.36,69.48,69.1,normal,normal,True,0.219,0.765,0.016,0.0,0.0,0.29,10.0,
31,2026-07-18,ok,38.6674,69.67,predicted,69.67,72.26,69.29,69.31,69.35,69.44,69.04,normal,normal,True,0.208,0.774,0.018,0.0,0.0,0.29,10.0,
31,2026-07-19,ok,40.1076,72.26,observed,72.26,69.42,68.98,68.85,68.75,68.72,68.24,normal,normal,True,0.191,0.793,0.017,0.0,0.0,0.29,10.0,
31,2026-07-20,ok,40.9643,73.81,predicted,73.81,73.88,73.74,73.79,73.77,73.84,73.38,normal,normal,True,0.197,0.786,0.017,0.0,0.0,0.57,6.0,
31,2026-07-21,ok,41.1952,74.22,predicted,74.22,74.35,74.27,74.38,74.39,74.5,74.06,normal,normal,True,0.206,0.776,0.018,0.0,0.0,0.57,6.0,
31,2026-07-22,ok,41.4177,74.62,predicted,74.62,74.71,74.58,74.63,74.58,74.65,74.17,normal,normal,True,0.21,0.77,0.019,0.0,0.0,0.57,6.0,
31,2026-07-23,ok,40.8324,73.57,predicted,73.57,73.46,73.13,73.04,72.92,72.92,72.4,normal,normal,True,0.208,0.771,0.021,0.0,0.0,0.29,10.0,
31,2026-07-24,ok,40.86,73.62,predicted,73.62,73.52,73.21,73.13,73.02,73.04,72.52,normal,normal,True,0.188,0.785,0.027,0.0,0.0,0.29,10.0,
31,2026-07-25,ok,40.893,73.68,predicted,73.68,73.55,73.2,73.09,72.94,72.94,72.39,normal,normal,True,0.158,0.803,0.039,0.0,0.0,0.29,10.0,
31,2026-07-26,ok,40.8985,73.69,predicted,73.69,73.53,73.14,73.0,72.82,72.79,72.23,normal,normal,True,0.122,0.821,0.057,0.0,0.0,0.29,10.0,
32,2026-03-25,ok,0.0406,55.16,predicted,55.16,50.95,54.81,54.56,54.34,54.11,54.07,normal,drought,False,0.493,0.238,0.27,0.0,0.0,0.29,10.0,
32,2026-03-26,ok,0.0375,50.95,observed,50.95,55.01,54.78,54.53,54.31,54.08,54.04,normal,drought,False,0.515,0.196,0.289,0.0,0.0,0.29,10.0,
32,2026-03-27,ok,0.0376,50.96,predicted,50.96,50.69,50.38,50.06,49.76,49.51,49.5,normal,drought,False,0.562,0.164,0.274,0.0,0.0,0.57,6.0,
32,2026-03-28,ok,0.0373,50.67,predicted,50.67,50.41,50.11,49.8,49.5,49.25,49.25,normal,drought,False,0.546,0.171,0.283,0.0,0.0,0.57,6.0,
32,2026-03-29,ok,0.0378,51.36,predicted,51.36,51.27,51.08,50.87,50.65,50.42,50.42,normal,drought,False,0.563,0.19,0.247,0.0,0.0,0.29,10.0,
32,2026-03-30,ok,0.0378,51.36,predicted,51.36,51.26,51.06,50.85,50.62,50.38,50.38,normal,drought,False,0.571,0.221,0.209,0.0,0.0,0.29,10.0,
32,2026-03-31,ok,0.0379,51.42,predicted,51.42,51.35,51.19,51.0,50.8,50.58,50.6,normal,drought,False,0.572,0.237,0.191,0.0,0.0,0.29,10.0,
32,2026-04-01,ok,0.0379,51.37,predicted,51.37,51.26,51.04,50.81,50.56,50.31,71.66,normal,drought,False,0.574,0.238,0.188,0.0,0.0,0.29,10.0,
32,2026-04-02,ok,0.0379,51.41,predicted,51.41,51.33,51.16,50.95,50.74,71.66,50.53,normal,drought,False,0.567,0.233,0.2,0.0,0.0,0.29,10.0,
32,2026-04-03,ok,0.0379,51.44,predicted,51.44,51.4,51.29,51.13,71.66,50.76,50.83,normal,drought,False,0.606,0.23,0.165,0.0,0.0,0.29,10.0,
32,2026-04-04,ok,0.0378,51.27,predicted,51.27,51.26,51.21,71.66,50.97,50.82,50.93,normal,drought,False,0.646,0.21,0.144,0.0,0.0,0.29,10.0,
32,2026-04-05,ok,0.0378,51.29,predicted,51.29,51.45,71.66,51.65,51.68,51.66,51.86,normal,drought,False,0.644,0.212,0.144,0.0,0.0,0.29,10.0,
32,2026-04-06,ok,0.0378,51.3,predicted,51.3,71.66,51.37,51.32,51.25,51.14,51.25,normal,drought,False,0.596,0.251,0.152,0.0,0.0,0.29,10.0,
32,2026-04-07,ok,0.0528,71.66,observed,71.66,51.44,51.35,51.21,51.04,50.86,50.91,normal,drought,False,0.598,0.259,0.143,0.0,0.0,0.29,10.0,
32,2026-04-08,ok,0.0546,74.12,predicted,74.12,74.68,74.83,74.82,74.76,74.48,74.08,normal,drought,False,0.548,0.305,0.147,0.0,3.0,0.57,6.0,
32,2026-04-09,ok,0.0559,75.9,predicted,75.9,76.45,76.61,76.6,76.53,76.28,75.85,overflow,drought,False,0.532,0.354,0.114,0.0,7.0,0.57,6.0,
32,2026-04-10,ok,0.0531,72.03,predicted,72.03,71.81,71.49,71.19,71.08,70.98,70.63,normal,drought,False,0.55,0.374,0.077,0.0,0.0,0.29,10.0,
32,2026-04-11,ok,0.0531,72.0,predicted,72.0,71.71,71.31,70.95,70.77,70.62,70.23,normal,drought,False,0.519,0.415,0.065,0.0,0.0,0.29,10.0,
32,2026-04-12,ok,0.0531,72.04,predicted,72.04,71.77,71.38,71.02,70.86,70.72,70.33,normal,drought,False,0.512,0.424,0.064,0.0,0.0,0.29,10.0,
32,2026-04-13,ok,0.0531,72.05,predicted,72.05,71.83,71.51,71.21,71.1,70.99,59.11,normal,drought,False,0.61,0.328,0.062,0.0,0.0,0.29,10.0,
32,2026-04-14,ok,0.0531,72.0,predicted,72.0,71.85,71.62,71.39,71.34,59.11,70.99,normal,drought,False,0.676,0.254,0.07,0.0,0.0,0.29,10.0,
32,2026-04-15,ok,0.053,71.88,predicted,71.88,71.76,71.56,71.36,59.11,71.3,71.03,normal,drought,False,0.684,0.238,0.077,0.0,0.0,0.29,10.0,
32,2026-04-16,ok,0.053,71.89,predicted,71.89,71.71,71.43,59.11,71.08,71.01,70.69,normal,drought,False,0.519,0.395,0.087,0.0,0.0,0.29,10.0,
32,2026-04-17,ok,0.053,71.96,predicted,71.96,71.72,59.11,71.05,70.91,70.8,70.44,normal,drought,False,0.486,0.431,0.084,0.0,0.0,0.29,10.0,
32,2026-04-18,ok,0.0531,72.0,predicted,72.0,59.11,71.28,70.89,70.7,70.54,70.14,normal,normal,True,0.436,0.467,0.097,0.0,0.0,0.29,10.0,
32,2026-04-19,ok,0.0436,59.11,observed,59.11,71.73,71.29,70.9,70.69,70.53,70.12,normal,normal,True,0.36,0.545,0.095,0.0,0.0,0.29,10.0,
32,2026-04-20,ok,0.0431,58.44,predicted,58.44,57.73,57.05,56.53,56.18,56.0,55.86,normal,normal,True,0.327,0.592,0.081,0.0,0.0,0.57,6.0,
32,2026-04-21,ok,0.0424,57.51,predicted,57.51,56.9,56.39,55.99,55.75,55.64,55.62,normal,normal,True,0.457,0.476,0.067,0.0,0.0,0.57,6.0,
32,2026-04-22,ok,0.0439,59.62,predicted,59.62,59.57,59.44,59.31,59.25,59.15,59.15,normal,drought,False,0.527,0.408,0.065,0.0,0.0,0.29,10.0,
32,2026-04-23,ok,0.0439,59.64,predicted,59.64,59.63,59.56,59.48,59.46,59.41,59.44,normal,drought,False,0.557,0.377,0.066,0.0,0.0,0.29,10.0,
32,2026-04-24,ok,0.044,59.67,predicted,59.67,59.64,59.53,59.41,59.35,59.25,59.26,normal,drought,False,0.617,0.317,0.066,0.0,0.0,0.29,10.0,
32,2026-04-25,ok,0.0439,59.62,predicted,59.62,59.48,59.26,59.03,58.87,58.69,62.27,normal,drought,False,0.573,0.358,0.069,0.0,0.0,0.29,10.0,
32,2026-04-26,ok,0.0439,59.56,predicted,59.56,59.37,59.07,58.78,58.57,62.27,58.25,normal,drought,False,0.504,0.426,0.07,0.0,0.0,0.29,10.0,
32,2026-04-27,ok,0.044,59.67,predicted,59.67,59.49,59.22,58.96,62.27,58.58,58.47,normal,drought,False,0.476,0.449,0.075,0.0,0.0,0.29,10.0,
32,2026-04-28,ok,0.044,59.75,predicted,59.75,59.66,59.49,62.27,59.19,59.05,59.01,normal,drought,False,0.66,0.279,0.061,0.0,0.0,0.29,10.0,
32,2026-04-29,ok,0.0439,59.58,predicted,59.58,59.43,62.27,58.98,58.82,58.64,58.58,normal,drought,False,0.672,0.278,0.05,0.0,0.0,0.29,10.0,
32,2026-04-30,ok,0.0439,59.58,predicted,59.58,62.27,59.44,59.33,59.28,59.2,59.22,normal,drought,False,0.72,0.226,0.053,0.0,0.0,0.29,10.0,
32,2026-05-01,ok,0.0459,62.27,observed,62.27,59.67,59.67,59.65,59.69,59.68,59.74,normal,drought,False,0.742,0.196,0.063,0.0,0.0,0.29,10.0,
32,2026-05-02,ok,0.0464,63.03,predicted,63.03,63.06,62.96,62.84,62.79,62.68,62.59,normal,drought,False,0.662,0.26,0.079,0.0,0.0,0.57,6.0,
32,2026-05-03,ok,0.0467,63.34,predicted,63.34,63.29,63.09,62.88,62.75,62.58,62.43,normal,drought,False,0.552,0.353,0.094,0.0,0.0,0.57,6.0,
32,2026-05-04,ok,0.0463,62.79,predicted,62.79,62.58,62.27,61.98,61.8,61.63,61.47,normal,drought,False,0.542,0.375,0.083,0.0,0.0,0.29,10.0,
32,2026-05-05,ok,0.0463,62.78,predicted,62.78,62.57,62.27,61.99,61.82,61.66,61.51,normal,drought,False,0.548,0.372,0.08,0.0,0.0,0.29,10.0,
32,2026-05-06,ok,0.0463,62.84,predicted,62.84,62.74,62.56,62.39,62.32,62.23,62.15,normal,drought,False,0.603,0.326,0.07,0.0,0.0,0.29,10.0,
32,2026-05-07,ok,0.0462,62.76,predicted,62.76,62.68,62.55,62.42,62.39,62.34,78.19,normal,drought,False,0.74,0.201,0.059,0.0,1.0,0.29,10.0,
32,2026-05-08,ok,0.0463,62.85,predicted,62.85,62.86,62.82,62.77,62.82,78.19,62.82,normal,drought,False,0.785,0.165,0.049,0.0,1.0,0.29,10.0,
32,2026-05-09,ok,0.0462,62.76,predicted,62.76,62.69,62.57,62.44,78.19,62.33,62.29,normal,drought,False,0.796,0.146,0.058,0.0,1.0,0.29,10.0,
32,2026-05-10,ok,0.0462,62.73,predicted,62.73,62.74,62.71,78.19,62.69,62.67,62.69,normal,drought,False,0.8,0.146,0.054,0.0,1.0,0.29,10.0,
32,2026-05-11,ok,0.0462,62.74,predicted,62.74,62.9,78.19,63.22,63.41,63.56,63.7,normal,drought,False,0.544,0.335,0.121,0.0,1.0,0.29,10.0,
32,2026-05-12,ok,0.0462,62.75,predicted,62.75,78.19,63.69,64.1,64.55,64.9,65.2,normal,drought,False,0.606,0.292,0.102,0.0,1.0,0.29,10.0,
32,2026-05-13,ok,0.0576,78.19,observed,78.19,63.09,63.41,63.65,63.92,64.12,64.3,overflow,drought,False,0.63,0.249,0.121,0.0,1.0,0.29,10.0,
32,2026-05-14,ok,0.0591,80.23,predicted,80.23,80.94,81.38,81.56,81.62,81.5,81.19,overflow,drought,False,0.713,0.189,0.097,0.0,7.0,0.57,6.0,
32,2026-05-15,ok,0.0599,81.3,predicted,81.3,81.9,82.22,82.27,82.23,82.0,81.59,overflow,drought,False,0.737,0.182,0.081,0.0,7.0,0.57,6.0,
32,2026-05-16,ok,0.0575,78.06,predicted,78.06,78.03,77.92,77.71,77.63,77.53,77.11,overflow,drought,False,0.745,0.176,0.079,0.0,7.0,0.29,10.0,
32,2026-05-17,ok,0.0575,77.99,predicted,77.99,77.88,77.65,77.36,77.21,77.06,76.59,overflow,drought,False,0.748,0.171,0.081,0.0,7.0,0.29,10.0,
32,2026-05-18,ok,0.0575,78.04,predicted,78.04,77.85,77.54,77.17,76.95,76.77,76.24,overflow,drought,False,0.74,0.166,0.094,0.0,7.0,0.29,10.0,
32,2026-05-19,ok,0.0576,78.16,predicted,78.16,77.92,77.54,77.13,76.86,76.65,76.08,overflow,drought,False,0.743,0.164,0.093,0.0,7.0,0.29,10.0,
32,2026-05-20,ok,0.0576,78.15,predicted,78.15,77.88,77.47,77.04,76.76,76.54,75.96,overflow,drought,False,0.685,0.176,0.139,0.0,7.0,0.29,10.0,
32,2026-05-21,ok,0.0576,78.17,predicted,78.17,77.93,77.57,77.18,76.95,76.76,76.21,overflow,drought,False,0.673,0.173,0.154,0.0,7.0,0.29,10.0,
32,2026-05-22,ok,0.0576,78.18,predicted,78.18,77.95,77.58,77.2,76.97,76.8,76.25,overflow,drought,False,0.556,0.244,0.2,0.0,7.0,0.29,10.0,
32,2026-05-23,ok,0.0577,78.3,predicted,78.3,78.17,77.91,77.62,77.49,77.36,76.88,overflow,drought,False,0.593,0.207,0.199,0.0,7.0,0.29,10.0,
32,2026-05-24,ok,0.0576,78.12,predicted,78.12,77.92,77.58,77.22,77.02,76.85,76.33,overflow,drought,False,0.382,0.247,0.371,0.0,7.0,0.29,10.0,
32,2026-05-25,ok,0.0576,78.15,predicted,78.15,77.98,77.69,77.38,77.24,77.1,76.61,overflow,drought,False,0.558,0.272,0.17,0.0,7.0,0.29,10.0,
32,2026-05-26,ok,0.0576,78.16,predicted,78.16,78.01,77.74,77.45,77.32,77.2,76.72,overflow,drought,False,0.583,0.27,0.146,0.0,7.0,0.29,10.0,
32,2026-05-27,ok,0.0576,78.21,predicted,78.21,78.05,77.76,77.45,77.3,77.17,76.68,overflow,drought,False,0.616,0.24,0.143,0.0,7.0,0.29,10.0,
32,2026-05-28,rejected,,,,,,,,,,,,,,,,,,,,,no storage data available for this tank
32,2026-05-29,rejected,,,,,,,,,,,,,,,,,,,,,no storage data available for this tank
32,2026-05-30,rejected,,,,,,,,,,,,,,,,,,,,,no storage data available for this tank
32,2026-05-31,rejected,,,,,,,,,,,,,,,,,,,,,no storage data available for this tank
32,2026-06-01,rejected,,,,,,,,,,,,,,,,,,,,,no storage data available for this tank
32,2026-06-02,rejected,,,,,,,,,,,,,,,,,,,,,no storage data available for this tank
32,2026-06-03,rejected,,,,,,,,,,,,,,,,,,,,,no storage data available for this tank
32,2026-06-04,rejected,,,,,,,,,,,,,,,,,,,,,no storage data available for this tank
32,2026-06-05,rejected,,,,,,,,,,,,,,,,,,,,,no storage data available for this tank
32,2026-06-06,rejected,,,,,,,,,,,,,,,,,,,,,no storage data available for this tank
32,2026-06-07,ok,0.0247,33.52,predicted,33.52,33.5,33.43,33.33,33.22,33.1,33.12,normal,drought,False,0.567,0.349,0.084,0.0,0.0,0.29,10.0,
32,2026-06-08,ok,0.0247,33.46,predicted,33.46,33.39,33.28,33.14,32.98,32.82,32.82,normal,drought,False,0.602,0.32,0.079,0.0,0.0,0.29,10.0,
32,2026-06-09,ok,0.0246,33.36,predicted,33.36,33.26,33.12,32.96,32.78,32.61,32.6,normal,drought,False,0.618,0.303,0.078,0.0,0.0,0.29,10.0,
32,2026-06-10,ok,0.0246,33.42,predicted,33.42,33.4,33.35,33.27,33.17,33.07,33.11,normal,drought,False,0.597,0.33,0.074,0.0,0.0,0.29,10.0,
32,2026-06-11,ok,0.0247,33.49,predicted,33.49,33.5,33.46,33.4,33.31,33.21,33.26,normal,drought,False,0.595,0.338,0.066,0.0,0.0,0.29,10.0,
32,2026-06-12,ok,0.0247,33.45,predicted,33.45,33.42,33.35,33.25,33.13,32.99,45.61,normal,drought,False,0.655,0.285,0.059,0.0,0.0,0.29,10.0,
32,2026-06-13,ok,0.0245,33.28,predicted,33.28,33.33,33.41,33.44,33.41,45.61,33.53,normal,drought,False,0.707,0.228,0.065,0.0,0.0,0.29,10.0,
32,2026-06-14,ok,0.0245,33.26,predicted,33.26,33.4,33.52,33.62,45.61,33.71,33.86,normal,drought,False,0.723,0.214,0.063,0.0,0.0,0.29,10.0,
32,2026-06-15,ok,0.0246,33.4,predicted,33.4,33.55,33.67,45.61,33.79,33.8,33.92,normal,drought,False,0.706,0.224,0.07,0.0,0.0,0.29,10.0,
32,2026-06-16,ok,0.0247,33.45,predicted,33.45,33.51,45.61,33.48,33.42,33.32,33.37,normal,drought,False,0.712,0.215,0.074,0.0,0.0,0.29,10.0,
32,2026-06-17,ok,0.0246,33.43,predicted,33.43,45.61,33.22,33.06,32.87,32.67,32.63,normal,drought,False,0.691,0.229,0.08,0.0,0.0,0.29,10.0,
32,2026-06-18,ok,0.0336,45.61,observed,45.61,33.34,33.17,32.97,32.76,32.54,32.49,normal,drought,False,0.717,0.207,0.076,0.0,0.0,0.29,10.0,
32,2026-06-19,ok,0.0346,47.01,predicted,47.01,47.85,48.43,48.88,49.2,49.25,52.47,normal,drought,False,0.754,0.17,0.076,0.0,0.0,0.57,6.0,
32,2026-06-20,ok,0.0354,48.01,predicted,48.01,48.87,49.48,49.95,50.29,52.47,50.61,normal,drought,False,0.743,0.174,0.083,0.0,0.0,0.57,6.0,
32,2026-06-21,ok,0.0338,45.82,predicted,45.82,45.85,45.81,45.71,52.47,45.39,45.49,normal,drought,False,0.711,0.194,0.096,0.0,0.0,0.29,10.0,
32,2026-06-22,ok,0.0338,45.85,predicted,45.85,45.89,45.86,52.47,45.64,45.47,45.58,normal,drought,False,0.727,0.183,0.09,0.0,0.0,0.29,10.0,
32,2026-06-23,ok,0.0338,45.84,predicted,45.84,45.89,52.47,45.82,45.68,45.53,45.66,normal,drought,False,0.788,0.142,0.07,0.0,0.0,0.29,10.0,
32,2026-06-24,ok,0.0337,45.7,predicted,45.7,52.47,45.59,45.45,45.25,45.05,45.13,normal,drought,False,0.732,0.178,0.09,0.0,0.0,0.29,10.0,
32,2026-06-25,ok,0.0387,52.47,observed,52.47,45.91,45.87,45.79,45.65,45.49,45.58,normal,drought,False,0.642,0.243,0.115,0.0,0.0,0.29,10.0,
32,2026-06-26,ok,0.0398,54.01,predicted,54.01,54.75,55.22,55.57,55.82,55.84,56.0,normal,drought,False,0.559,0.311,0.131,0.0,0.0,0.57,6.0,
32,2026-06-27,ok,0.0405,55.03,predicted,55.03,55.77,56.24,56.59,56.86,56.87,57.03,normal,drought,False,0.677,0.224,0.1,0.0,0.0,0.57,6.0,
32,2026-06-28,ok,0.0412,55.96,predicted,55.96,56.65,57.06,57.36,57.58,57.57,57.69,normal,drought,False,0.668,0.249,0.083,0.0,0.0,0.57,6.0,
32,2026-06-29,ok,0.042,57.04,predicted,57.04,57.74,58.17,58.48,58.72,58.72,58.84,normal,drought,False,0.662,0.26,0.079,0.0,0.0,0.57,6.0,
32,2026-06-30,ok,0.0427,57.98,predicted,57.98,58.57,58.88,59.09,59.24,59.17,59.23,normal,drought,False,0.625,0.281,0.094,0.0,0.0,0.57,6.0,
32,2026-07-01,ok,0.0434,58.95,predicted,58.95,59.49,59.75,59.91,60.04,59.96,61.05,normal,drought,False,0.513,0.322,0.165,0.0,0.0,0.57,6.0,
32,2026-07-02,ok,0.0443,60.06,predicted,60.06,60.6,60.86,61.02,61.15,61.05,61.08,normal,drought,False,0.394,0.337,0.268,0.0,0.0,0.57,6.0,
32,2026-07-03,ok,0.0391,53.0,predicted,53.0,52.87,52.63,52.37,61.05,51.86,51.81,normal,overflow,False,0.3,0.329,0.371,0.0,0.0,0.29,10.0,
32,2026-07-04,ok,0.0391,53.1,predicted,53.1,53.0,52.8,61.05,52.35,52.1,52.09,normal,drought,False,0.379,0.329,0.292,0.0,0.0,0.29,10.0,
32,2026-07-05,ok,0.0389,52.85,predicted,52.85,52.65,61.05,52.0,51.68,51.36,51.3,normal,drought,False,0.386,0.331,0.283,0.0,0.0,0.29,10.0,
32,2026-07-06,ok,0.039,52.92,predicted,52.92,61.05,52.63,52.42,52.22,52.01,52.0,normal,drought,False,0.417,0.326,0.257,0.0,0.0,0.29,10.0,
32,2026-07-07,ok,0.045,61.05,observed,61.05,52.92,52.74,52.55,52.36,52.16,52.15,normal,drought,False,0.474,0.266,0.26,0.0,0.0,0.29,10.0,
32,2026-07-08,ok,0.0461,62.56,predicted,62.56,62.78,62.75,62.67,62.62,62.44,62.3,normal,drought,False,0.477,0.233,0.29,0.0,0.0,0.57,6.0,
32,2026-07-09,ok,0.0466,63.28,predicted,63.28,63.45,63.38,63.26,63.17,62.97,62.8,normal,drought,False,0.485,0.254,0.261,0.0,0.0,0.57,6.0,
32,2026-07-10,ok,0.0455,61.72,predicted,61.72,61.5,61.18,60.89,60.69,60.5,60.35,normal,drought,False,0.498,0.289,0.213,0.0,0.0,0.29,10.0,
32,2026-07-11,ok,0.0455,61.68,predicted,61.68,61.49,61.21,60.94,60.78,60.61,60.48,normal,drought,False,0.519,0.296,0.185,0.0,0.0,0.29,10.0,
32,2026-07-12,ok,0.0455,61.69,predicted,61.69,61.52,61.25,61.0,60.86,60.7,60.59,normal,drought,False,0.524,0.297,0.179,0.0,0.0,0.29,10.0,
32,2026-07-13,ok,0.0455,61.69,predicted,61.69,61.53,61.27,61.03,60.89,60.74,44.16,normal,drought,False,0.531,0.301,0.168,0.0,0.0,0.29,10.0,
32,2026-07-14,ok,0.0455,61.73,predicted,61.73,61.57,61.31,61.06,60.92,44.16,60.65,normal,drought,False,0.515,0.319,0.166,0.0,0.0,0.29,10.0,
32,2026-07-15,ok,0.0454,61.65,predicted,61.65,61.45,61.14,60.86,44.16,60.48,60.35,normal,drought,False,0.51,0.334,0.155,0.0,0.0,0.29,10.0,
32,2026-07-16,ok,0.0454,61.65,predicted,61.65,61.48,61.21,44.16,60.81,60.65,60.54,normal,drought,False,0.538,0.32,0.142,0.0,0.0,0.29,10.0,
32,2026-07-17,ok,0.0454,61.65,predicted,61.65,61.48,44.16,60.96,60.8,60.65,60.53,normal,drought,False,0.639,0.261,0.1,0.0,0.0,0.29,10.0,
32,2026-07-18,ok,0.0454,61.64,predicted,61.64,44.16,61.14,60.87,60.69,60.52,60.38,normal,drought,False,0.648,0.244,0.109,0.0,0.0,0.29,10.0,
32,2026-07-19,ok,0.0325,44.16,observed,44.16,61.55,61.29,61.04,60.9,60.74,60.62,normal,drought,False,0.586,0.292,0.122,0.0,0.0,0.29,10.0,
32,2026-07-20,ok,0.0314,42.63,predicted,42.63,41.73,40.89,40.16,39.46,39.03,38.91,normal,drought,False,0.54,0.331,0.129,0.0,0.0,0.57,6.0,
32,2026-07-21,ok,0.0304,41.26,predicted,41.26,40.38,39.57,38.86,38.18,37.76,37.65,normal,drought,False,0.508,0.371,0.121,0.0,0.0,0.57,6.0,
32,2026-07-22,ok,0.0328,44.5,predicted,44.5,44.44,44.28,44.1,43.86,43.63,43.64,normal,drought,False,0.5,0.383,0.117,0.0,0.0,0.29,10.0,
32,2026-07-23,ok,0.0328,44.46,predicted,44.46,44.35,44.14,43.9,43.62,43.35,43.33,normal,drought,False,0.497,0.396,0.108,0.0,0.0,0.29,10.0,
32,2026-07-24,ok,0.0328,44.5,predicted,44.5,44.41,44.21,43.99,43.73,43.47,43.46,normal,drought,False,0.474,0.42,0.106,0.0,0.0,0.29,10.0,
32,2026-07-25,ok,0.0328,44.53,predicted,44.53,44.45,44.25,44.02,43.76,43.5,43.48,normal,normal,True,0.439,0.442,0.119,0.0,0.0,0.29,10.0,
32,2026-07-26,ok,0.0328,44.53,predicted,44.53,44.42,44.19,43.94,43.65,43.37,43.33,normal,normal,True,0.406,0.466,0.129,0.0,0.0,0.29,10.0,
